integration_batch_number,source_branch,source_commit,batch_id,run_id,condition,outer_fold,seed,case_id,role,model_sha256,prediction_file,prediction_sha256,shape_z,shape_y,shape_x,storage_dtype,probability_min,probability_max,probability_mean,probability_std,patch_count,inference_seconds,runtime_prediction_reused,dense_mask_accessed,final_outcome_access
1,main,74d5a3d7843b71672178eabeec8e18f839e59c13,fold0_seed17,cova3d_c50_coh_fold0_seed17,C50_COH,0,17,coronacases_002,heldout_final_outer_cv,a23d0d3de06ca740b3a01c857119af6655edee48f0493e1273dacc06ef184ebf,/kaggle/working/cova3d_factorial_v1_0/batch01_fold0_seed17/predictions/C50_COH/coronacases_002.npz,eea17c47d4f8658da76ebadbc44e058c949fbf73c661980fa88b6e0d2b9e6193,101,185,230,float32,5.039024060612559e-26,1.0,0.153893108317725,0.3117639985406188,24,1.529810414000167,False,False,False
1,main,74d5a3d7843b71672178eabeec8e18f839e59c13,fold0_seed17,cova3d_c50_coh_fold0_seed17,C50_COH,0,17,coronacases_005,heldout_final_outer_cv,a23d0d3de06ca740b3a01c857119af6655edee48f0493e1273dacc06ef184ebf,/kaggle/working/cova3d_factorial_v1_0/batch01_fold0_seed17/predictions/C50_COH/coronacases_005.npz,2c1c3e95c50c0ec57b97f65d36967d5a22023715e877a2b603706cd0fc1a7bf2,98,141,206,float32,8.273414415700796e-25,1.0,0.1638696914195974,0.3219334486567499,24,1.456234203999884,False,False,False
1,main,74d5a3d7843b71672178eabeec8e18f839e59c13,fold0_seed17,cova3d_c50_coh_fold0_seed17,C50_COH,0,17,radiopaedia_29_86490_1,heldout_final_outer_cv,a23d0d3de06ca740b3a01c857119af6655edee48f0493e1273dacc06ef184ebf,/kaggle/working/cova3d_factorial_v1_0/batch01_fold0_seed17/predictions/C50_COH/radiopaedia_29_86490_1.npz,ce3aaa6da4a18838381b1b9c98d15c664c01cf3a3f9fe47aeb744989d7808a0a,83,197,288,float32,1.9129440231948322e-30,1.0,0.1533431014413267,0.3137105370495164,36,2.208436888000506,False,False,False
1,main,74d5a3d7843b71672178eabeec8e18f839e59c13,fold0_seed17,cova3d_c50_coh_fold0_seed17,C50_COH,0,17,radiopaedia_29_86491_1,heldout_final_outer_cv,a23d0d3de06ca740b3a01c857119af6655edee48f0493e1273dacc06ef184ebf,/kaggle/working/cova3d_factorial_v1_0/batch01_fold0_seed17/predictions/C50_COH/radiopaedia_29_86491_1.npz,ee43655771372d19d3f27ccbd002a40c8a5a3f839147fc1a923563640eab88c0,83,210,288,float32,1.180942524486222e-23,1.0,0.1266875634085556,0.286081895158831,36,2.2856759760006757,False,False,False
1,main,74d5a3d7843b71672178eabeec8e18f839e59c13,fold0_seed17,cova3d_c50_dis_fold0_seed17,C50_DIS,0,17,coronacases_002,heldout_final_outer_cv,eccfb84e8fb787dbd870ac8336d577c165141ed34506fc01ae19b628eb2a4aef,/kaggle/working/cova3d_factorial_v1_0/batch01_fold0_seed17/predictions/C50_DIS/coronacases_002.npz,7bdf7893f59b5da8c28c16243b2efe75a58a49731c9528cdee977ee9875e3c49,101,185,230,float32,9.806231013948765e-34,1.0,0.2253240295907356,0.3577564234503689,24,1.5522917689995666,False,False,False
1,main,74d5a3d7843b71672178eabeec8e18f839e59c13,fold0_seed17,cova3d_c50_dis_fold0_seed17,C50_DIS,0,17,coronacases_005,heldout_final_outer_cv,eccfb84e8fb787dbd870ac8336d577c165141ed34506fc01ae19b628eb2a4aef,/kaggle/working/cova3d_factorial_v1_0/batch01_fold0_seed17/predictions/C50_DIS/coronacases_005.npz,b7505efd08ca2853162ac969968e86ce8fb2dd3ca57504192019ec07116ad8ba,98,141,206,float32,4.65271860639153e-32,1.0,0.2408306634673921,0.3676549221705141,24,1.5043332340001143,False,False,False
1,main,74d5a3d7843b71672178eabeec8e18f839e59c13,fold0_seed17,cova3d_c50_dis_fold0_seed17,C50_DIS,0,17,radiopaedia_29_86490_1,heldout_final_outer_cv,eccfb84e8fb787dbd870ac8336d577c165141ed34506fc01ae19b628eb2a4aef,/kaggle/working/cova3d_factorial_v1_0/batch01_fold0_seed17/predictions/C50_DIS/radiopaedia_29_86490_1.npz,248289e0daaa1a1b604887c4b8652bfc83abb083521b02fc8a3a23686e55968a,83,197,288,float32,5.184406195064134e-25,1.0,0.1927056356289132,0.3382887521902653,36,2.2744188670003496,False,False,False
1,main,74d5a3d7843b71672178eabeec8e18f839e59c13,fold0_seed17,cova3d_c50_dis_fold0_seed17,C50_DIS,0,17,radiopaedia_29_86491_1,heldout_final_outer_cv,eccfb84e8fb787dbd870ac8336d577c165141ed34506fc01ae19b628eb2a4aef,/kaggle/working/cova3d_factorial_v1_0/batch01_fold0_seed17/predictions/C50_DIS/radiopaedia_29_86491_1.npz,9623a94c28f49499ee525b7572388395b860b619962cd52e20d30732acfd2993,83,210,288,float32,4.281928170373095e-29,1.0,0.2027185522294219,0.3493239511935189,36,2.238400604999697,False,False,False
1,main,74d5a3d7843b71672178eabeec8e18f839e59c13,fold0_seed17,cova3d_c50_frg_fold0_seed17,C50_FRG,0,17,coronacases_002,heldout_final_outer_cv,aeb6d46d17d86c1ef8b255a341c81e253d70ed9348112b237e576c5a65269afb,/kaggle/working/cova3d_factorial_v1_0/batch01_fold0_seed17/predictions/C50_FRG/coronacases_002.npz,738624f8efe48a7fdd906ceac1042f1c222e465168ee699b4801bf1933237560,101,185,230,float32,1.05165453300774e-24,1.0,0.1616790483961796,0.3123246356273946,24,1.533819233000031,False,False,False
1,main,74d5a3d7843b71672178eabeec8e18f839e59c13,fold0_seed17,cova3d_c50_frg_fold0_seed17,C50_FRG,0,17,coronacases_005,heldout_final_outer_cv,aeb6d46d17d86c1ef8b255a341c81e253d70ed9348112b237e576c5a65269afb,/kaggle/working/cova3d_factorial_v1_0/batch01_fold0_seed17/predictions/C50_FRG/coronacases_005.npz,bea307f194b83ea75fc22a53cf519ae47a18c5d16cfdd4d31e496c52fe06b106,98,141,206,float32,5.916913465666002e-26,1.0,0.1764982473057546,0.3208726126439709,24,1.426216206999925,False,False,False
1,main,74d5a3d7843b71672178eabeec8e18f839e59c13,fold0_seed17,cova3d_c50_frg_fold0_seed17,C50_FRG,0,17,radiopaedia_29_86490_1,heldout_final_outer_cv,aeb6d46d17d86c1ef8b255a341c81e253d70ed9348112b237e576c5a65269afb,/kaggle/working/cova3d_factorial_v1_0/batch01_fold0_seed17/predictions/C50_FRG/radiopaedia_29_86490_1.npz,b491a53603dab3d5fb64f0c410f5dde1fc66c3a2014ad2749e1778a06020c303,83,197,288,float32,6.75601310089553e-26,1.0,0.1616149966716484,0.3138147279113658,36,2.112613076999878,False,False,False
1,main,74d5a3d7843b71672178eabeec8e18f839e59c13,fold0_seed17,cova3d_c50_frg_fold0_seed17,C50_FRG,0,17,radiopaedia_29_86491_1,heldout_final_outer_cv,aeb6d46d17d86c1ef8b255a341c81e253d70ed9348112b237e576c5a65269afb,/kaggle/working/cova3d_factorial_v1_0/batch01_fold0_seed17/predictions/C50_FRG/radiopaedia_29_86491_1.npz,50e0365cccc8add3ef210b23e886cbc4375466c1aeeef51452ec19df877eb005,83,210,288,float32,7.881074483932171e-23,1.0,0.156387755659395,0.3118708398087587,36,2.0994779879993075,False,False,False
1,main,74d5a3d7843b71672178eabeec8e18f839e59c13,fold0_seed17,cova3d_c100_coh_fold0_seed17,C100_COH,0,17,coronacases_002,heldout_final_outer_cv,c06f4aaa9ee64826a908b95523f3261a2aa59d400f4d561cd4fdea97ad28062b,/kaggle/working/cova3d_factorial_v1_0/batch01_fold0_seed17/predictions/C100_COH/coronacases_002.npz,aa840d33fc0916072a0ebe108c907fe6e2af02e91345cedbddcc49ec23862a1a,101,185,230,float32,2.6940288205923173e-18,1.0,0.1588561783047862,0.3242796160777009,24,1.4658994470000837,False,False,False
1,main,74d5a3d7843b71672178eabeec8e18f839e59c13,fold0_seed17,cova3d_c100_coh_fold0_seed17,C100_COH,0,17,coronacases_005,heldout_final_outer_cv,c06f4aaa9ee64826a908b95523f3261a2aa59d400f4d561cd4fdea97ad28062b,/kaggle/working/cova3d_factorial_v1_0/batch01_fold0_seed17/predictions/C100_COH/coronacases_005.npz,7e78d69b9c8198b3fe2b53b60aa4d568465d31d52f3f95110ad51f02e49465cc,98,141,206,float32,7.850791707819977e-17,1.0,0.1670055148873972,0.3345797107511363,24,1.3619038790002378,False,False,False
1,main,74d5a3d7843b71672178eabeec8e18f839e59c13,fold0_seed17,cova3d_c100_coh_fold0_seed17,C100_COH,0,17,radiopaedia_29_86490_1,heldout_final_outer_cv,c06f4aaa9ee64826a908b95523f3261a2aa59d400f4d561cd4fdea97ad28062b,/kaggle/working/cova3d_factorial_v1_0/batch01_fold0_seed17/predictions/C100_COH/radiopaedia_29_86490_1.npz,6724fc6c37b361b12403b071fff442a850b5b1fb6cc1f7c8d8563138ae925fe3,83,197,288,float32,3.344731839908824e-29,1.0,0.1351960274523213,0.3014206531166297,36,2.063449874999605,False,False,False
1,main,74d5a3d7843b71672178eabeec8e18f839e59c13,fold0_seed17,cova3d_c100_coh_fold0_seed17,C100_COH,0,17,radiopaedia_29_86491_1,heldout_final_outer_cv,c06f4aaa9ee64826a908b95523f3261a2aa59d400f4d561cd4fdea97ad28062b,/kaggle/working/cova3d_factorial_v1_0/batch01_fold0_seed17/predictions/C100_COH/radiopaedia_29_86491_1.npz,8669a80d513cd9dd2470dac14ce58962eecc05782a55831a87a5d54c96514ef5,83,210,288,float32,2.3147848731463533e-16,1.0,0.1313406311594872,0.296165736670252,36,2.057335700999829,False,False,False
1,main,74d5a3d7843b71672178eabeec8e18f839e59c13,fold0_seed17,cova3d_c100_dis_fold0_seed17,C100_DIS,0,17,coronacases_002,heldout_final_outer_cv,6657fbefaac1b65a0eeb45f18f8df366c7702a8eff9e449b25775119aa695aa4,/kaggle/working/cova3d_factorial_v1_0/batch01_fold0_seed17/predictions/C100_DIS/coronacases_002.npz,47826411e3b0428d1006141cf46a4f9aab1cf75a991c45300eb64f4c0a6d8605,101,185,230,float32,3.498396822595724e-21,1.0,0.1948339662826717,0.3387952884388806,24,1.3964002370003072,False,False,False
1,main,74d5a3d7843b71672178eabeec8e18f839e59c13,fold0_seed17,cova3d_c100_dis_fold0_seed17,C100_DIS,0,17,coronacases_005,heldout_final_outer_cv,6657fbefaac1b65a0eeb45f18f8df366c7702a8eff9e449b25775119aa695aa4,/kaggle/working/cova3d_factorial_v1_0/batch01_fold0_seed17/predictions/C100_DIS/coronacases_005.npz,9fa80547a586cbc8d7043c04e184d33f334430db98547c71afaff32451fd1443,98,141,206,float32,7.781132279686624e-20,1.0,0.2047447191745307,0.3444981874325862,24,1.358327355000256,False,False,False
1,main,74d5a3d7843b71672178eabeec8e18f839e59c13,fold0_seed17,cova3d_c100_dis_fold0_seed17,C100_DIS,0,17,radiopaedia_29_86490_1,heldout_final_outer_cv,6657fbefaac1b65a0eeb45f18f8df366c7702a8eff9e449b25775119aa695aa4,/kaggle/working/cova3d_factorial_v1_0/batch01_fold0_seed17/predictions/C100_DIS/radiopaedia_29_86490_1.npz,16b4825cf888749eeceb8c25211e9d2249a4554bbc663b958cbb7ad463601ed1,83,197,288,float32,7.831752502000602e-21,1.0,0.1751654474254297,0.3297862088205729,36,2.042510651999692,False,False,False
1,main,74d5a3d7843b71672178eabeec8e18f839e59c13,fold0_seed17,cova3d_c100_dis_fold0_seed17,C100_DIS,0,17,radiopaedia_29_86491_1,heldout_final_outer_cv,6657fbefaac1b65a0eeb45f18f8df366c7702a8eff9e449b25775119aa695aa4,/kaggle/working/cova3d_factorial_v1_0/batch01_fold0_seed17/predictions/C100_DIS/radiopaedia_29_86491_1.npz,cfb98a27ff7a5d8a6452a7783af13efd52f0d4abc71a06c09b0c21a561e1fadb,83,210,288,float32,8.378107719972577e-22,1.0,0.1737685985937021,0.3301726743776057,36,2.0464514430004783,False,False,False
1,main,74d5a3d7843b71672178eabeec8e18f839e59c13,fold0_seed17,cova3d_c100_frg_fold0_seed17,C100_FRG,0,17,coronacases_002,heldout_final_outer_cv,d80f322547f6c3460abaf735c608cf04a47640e096e6492282ebfb8b619fc4a7,/kaggle/working/cova3d_factorial_v1_0/batch01_fold0_seed17/predictions/C100_FRG/coronacases_002.npz,911f14aa741b73267c890a2fc34477cb1e2078ed836c9a734ff4e2dc48df2350,101,185,230,float32,1.4759945995080463e-22,1.0,0.1947993761526201,0.3373655329384594,24,1.445084809999571,False,False,False
1,main,74d5a3d7843b71672178eabeec8e18f839e59c13,fold0_seed17,cova3d_c100_frg_fold0_seed17,C100_FRG,0,17,coronacases_005,heldout_final_outer_cv,d80f322547f6c3460abaf735c608cf04a47640e096e6492282ebfb8b619fc4a7,/kaggle/working/cova3d_factorial_v1_0/batch01_fold0_seed17/predictions/C100_FRG/coronacases_005.npz,e392e52888928e9d96b4dac3cce1ba1a782ed8c1d7b727ae69dce1155c1580ea,98,141,206,float32,3.448852823650989e-21,1.0,0.2140997683692803,0.3531698119570358,24,1.3611478639995769,False,False,False
1,main,74d5a3d7843b71672178eabeec8e18f839e59c13,fold0_seed17,cova3d_c100_frg_fold0_seed17,C100_FRG,0,17,radiopaedia_29_86490_1,heldout_final_outer_cv,d80f322547f6c3460abaf735c608cf04a47640e096e6492282ebfb8b619fc4a7,/kaggle/working/cova3d_factorial_v1_0/batch01_fold0_seed17/predictions/C100_FRG/radiopaedia_29_86490_1.npz,b2271ec04ffc991a3f564cc86a65d245eb866c203952de506252eb17a5b128ea,83,197,288,float32,5.526475744293181e-20,1.0,0.1844834483212293,0.3339710503801203,36,2.059430531999169,False,False,False
1,main,74d5a3d7843b71672178eabeec8e18f839e59c13,fold0_seed17,cova3d_c100_frg_fold0_seed17,C100_FRG,0,17,radiopaedia_29_86491_1,heldout_final_outer_cv,d80f322547f6c3460abaf735c608cf04a47640e096e6492282ebfb8b619fc4a7,/kaggle/working/cova3d_factorial_v1_0/batch01_fold0_seed17/predictions/C100_FRG/radiopaedia_29_86491_1.npz,b97bd33b7829c084f85f68ef0a58c3937bcb8c2eb9bd430c5fdc61bd66665f69,83,210,288,float32,2.0461701856434287e-21,1.0,0.175336269074739,0.3253606756000519,36,2.0762010910002573,False,False,False
2,main,74d5a3d7843b71672178eabeec8e18f839e59c13,fold0_seed29,cova3d_c50_coh_fold0_seed29,C50_COH,0,29,coronacases_002,heldout_final_outer_cv,425c9b3b1b8fee6e2bfa928f825163fda0da4c9250306debade91defd5213725,/kaggle/working/cova3d_factorial_v1_0/batch02_fold0_seed29/predictions/C50_COH/coronacases_002.npz,aa7184f46b2113aeff86477316c7eeb74b7f44e36c746128e1561296a6d169ce,101,185,230,float32,6.009203165784424e-24,1.0,0.5233520248449367,0.4771768647275377,24,1.4100462820006214,False,False,False
2,main,74d5a3d7843b71672178eabeec8e18f839e59c13,fold0_seed29,cova3d_c50_coh_fold0_seed29,C50_COH,0,29,coronacases_005,heldout_final_outer_cv,425c9b3b1b8fee6e2bfa928f825163fda0da4c9250306debade91defd5213725,/kaggle/working/cova3d_factorial_v1_0/batch02_fold0_seed29/predictions/C50_COH/coronacases_005.npz,5bbc49f17534746b67efc59b09d50acc8285d37cf733cf04b484875fad8989c1,98,141,206,float32,3.967077034550843e-21,1.0,0.5573862853745805,0.4740637429477447,24,1.3348105679997389,False,False,False
2,main,74d5a3d7843b71672178eabeec8e18f839e59c13,fold0_seed29,cova3d_c50_coh_fold0_seed29,C50_COH,0,29,radiopaedia_29_86490_1,heldout_final_outer_cv,425c9b3b1b8fee6e2bfa928f825163fda0da4c9250306debade91defd5213725,/kaggle/working/cova3d_factorial_v1_0/batch02_fold0_seed29/predictions/C50_COH/radiopaedia_29_86490_1.npz,ae12b24335b13fa6832ea1c8e8ba1ee3127454d3262a05de8432199f0db22b87,83,197,288,float32,1.4776692934086908e-35,1.0,0.5292648571543827,0.4723042277702626,36,1.9812585210002,False,False,False
2,main,74d5a3d7843b71672178eabeec8e18f839e59c13,fold0_seed29,cova3d_c50_coh_fold0_seed29,C50_COH,0,29,radiopaedia_29_86491_1,heldout_final_outer_cv,425c9b3b1b8fee6e2bfa928f825163fda0da4c9250306debade91defd5213725,/kaggle/working/cova3d_factorial_v1_0/batch02_fold0_seed29/predictions/C50_COH/radiopaedia_29_86491_1.npz,94b7cc05afa89394e8807f0a228460127da7a1ef4606c2a1a61a8282f4c46679,83,210,288,float32,9.273633837181542e-25,1.0,0.5218203311656816,0.475394973739413,36,2.0402554840002267,False,False,False
2,main,74d5a3d7843b71672178eabeec8e18f839e59c13,fold0_seed29,cova3d_c50_dis_fold0_seed29,C50_DIS,0,29,coronacases_002,heldout_final_outer_cv,37afb322671189764194d0c7ed2b6871dc970199420372e0afeecefac4317c4b,/kaggle/working/cova3d_factorial_v1_0/batch02_fold0_seed29/predictions/C50_DIS/coronacases_002.npz,6d8686b41685fc5259ca2eb8dc95b33c9ecc50a239bb4a7718ee478215064af6,101,185,230,float32,2.147367074042254e-18,1.0,0.5065318704745597,0.4330362267988273,24,1.4166913320004824,False,False,False
2,main,74d5a3d7843b71672178eabeec8e18f839e59c13,fold0_seed29,cova3d_c50_dis_fold0_seed29,C50_DIS,0,29,coronacases_005,heldout_final_outer_cv,37afb322671189764194d0c7ed2b6871dc970199420372e0afeecefac4317c4b,/kaggle/working/cova3d_factorial_v1_0/batch02_fold0_seed29/predictions/C50_DIS/coronacases_005.npz,18371f49ee70ca9ee4a5d1373cc108171cdf513c38442f9193361bbe7ed94aec,98,141,206,float32,2.0720018047083226e-16,1.0,0.5342669765412162,0.4277104165140514,24,1.3432081470000412,False,False,False
2,main,74d5a3d7843b71672178eabeec8e18f839e59c13,fold0_seed29,cova3d_c50_dis_fold0_seed29,C50_DIS,0,29,radiopaedia_29_86490_1,heldout_final_outer_cv,37afb322671189764194d0c7ed2b6871dc970199420372e0afeecefac4317c4b,/kaggle/working/cova3d_factorial_v1_0/batch02_fold0_seed29/predictions/C50_DIS/radiopaedia_29_86490_1.npz,4e9bfc74124abe0dd1ac0c9762522149d7785271c0e014b5d85096bb7bd84217,83,197,288,float32,8.453542323153283e-24,1.0,0.5036305058725861,0.4360403747087194,36,2.0209319710011187,False,False,False
2,main,74d5a3d7843b71672178eabeec8e18f839e59c13,fold0_seed29,cova3d_c50_dis_fold0_seed29,C50_DIS,0,29,radiopaedia_29_86491_1,heldout_final_outer_cv,37afb322671189764194d0c7ed2b6871dc970199420372e0afeecefac4317c4b,/kaggle/working/cova3d_factorial_v1_0/batch02_fold0_seed29/predictions/C50_DIS/radiopaedia_29_86491_1.npz,dd054cdac1ca5900a180387e7da8b178ee1842bf397b449aea3e3a949ca528a6,83,210,288,float32,1.0703849475334189e-18,1.0,0.5060857213467402,0.4422540267500259,36,2.04231960099969,False,False,False
2,main,74d5a3d7843b71672178eabeec8e18f839e59c13,fold0_seed29,cova3d_c50_frg_fold0_seed29,C50_FRG,0,29,coronacases_002,heldout_final_outer_cv,9ded7982935912bf03e0abb6752681b1b315d39d72475437ecf845a0d28cb83e,/kaggle/working/cova3d_factorial_v1_0/batch02_fold0_seed29/predictions/C50_FRG/coronacases_002.npz,0ba93c47d3ccddcf22ece775ba26979504a42f504e14fef36a4c2fc2a622fa72,101,185,230,float32,3.020097808742192e-23,1.0,0.4899977179395169,0.4382404678349889,24,1.4513121910003974,False,False,False
2,main,74d5a3d7843b71672178eabeec8e18f839e59c13,fold0_seed29,cova3d_c50_frg_fold0_seed29,C50_FRG,0,29,coronacases_005,heldout_final_outer_cv,9ded7982935912bf03e0abb6752681b1b315d39d72475437ecf845a0d28cb83e,/kaggle/working/cova3d_factorial_v1_0/batch02_fold0_seed29/predictions/C50_FRG/coronacases_005.npz,6dbb4aa2b65f4a63acbaf949c0345b2d93a90b829e585838354b82920f038f30,98,141,206,float32,9.767175482085396e-20,1.0,0.5369833350724048,0.4340022448176483,24,1.3555498699988675,False,False,False
2,main,74d5a3d7843b71672178eabeec8e18f839e59c13,fold0_seed29,cova3d_c50_frg_fold0_seed29,C50_FRG,0,29,radiopaedia_29_86490_1,heldout_final_outer_cv,9ded7982935912bf03e0abb6752681b1b315d39d72475437ecf845a0d28cb83e,/kaggle/working/cova3d_factorial_v1_0/batch02_fold0_seed29/predictions/C50_FRG/radiopaedia_29_86490_1.npz,c909cd8973b1494eb73892cc2bb4e0d2f05f47648953f47c42998e74e314f66d,83,197,288,float32,4.951474482692572e-23,1.0,0.4984121419224632,0.4380086720684378,36,2.0435309360000247,False,False,False
2,main,74d5a3d7843b71672178eabeec8e18f839e59c13,fold0_seed29,cova3d_c50_frg_fold0_seed29,C50_FRG,0,29,radiopaedia_29_86491_1,heldout_final_outer_cv,9ded7982935912bf03e0abb6752681b1b315d39d72475437ecf845a0d28cb83e,/kaggle/working/cova3d_factorial_v1_0/batch02_fold0_seed29/predictions/C50_FRG/radiopaedia_29_86491_1.npz,eedf9a4239278fd262d42400ce9639f8a3a027766bb3ef45c7f9a1ed7c313dbc,83,210,288,float32,1.0695623539766355e-22,1.0,0.4888323926485818,0.4408169728115914,36,2.0683486010002525,False,False,False
2,main,74d5a3d7843b71672178eabeec8e18f839e59c13,fold0_seed29,cova3d_c100_coh_fold0_seed29,C100_COH,0,29,coronacases_002,heldout_final_outer_cv,71b880a9f01e44b2197dd2842507f9fe22f87cc1648bbdbc823bc9ca01f3caa4,/kaggle/working/cova3d_factorial_v1_0/batch02_fold0_seed29/predictions/C100_COH/coronacases_002.npz,e46b0d85f1b2e523049f00afd84e67097d263070ca4c98d4b60e43389aeaa77e,101,185,230,float32,2.5884095933206077e-27,1.0,0.5214114081274994,0.4748684539372196,24,1.408071772000767,False,False,False
2,main,74d5a3d7843b71672178eabeec8e18f839e59c13,fold0_seed29,cova3d_c100_coh_fold0_seed29,C100_COH,0,29,coronacases_005,heldout_final_outer_cv,71b880a9f01e44b2197dd2842507f9fe22f87cc1648bbdbc823bc9ca01f3caa4,/kaggle/working/cova3d_factorial_v1_0/batch02_fold0_seed29/predictions/C100_COH/coronacases_005.npz,da73ddd1d7b2360a0393962c395a01dff672c12041d5310b7a0c1f1a095150d7,98,141,206,float32,2.0942713844982408e-20,1.0,0.548404403013629,0.4709493701536553,24,1.3463890719995106,False,False,False
2,main,74d5a3d7843b71672178eabeec8e18f839e59c13,fold0_seed29,cova3d_c100_coh_fold0_seed29,C100_COH,0,29,radiopaedia_29_86490_1,heldout_final_outer_cv,71b880a9f01e44b2197dd2842507f9fe22f87cc1648bbdbc823bc9ca01f3caa4,/kaggle/working/cova3d_factorial_v1_0/batch02_fold0_seed29/predictions/C100_COH/radiopaedia_29_86490_1.npz,8cdd8e786eec1ccc12ee83731fc4f196e2397d09165715f9eb37d9789caf95d3,83,197,288,float32,8.838896590544807e-28,1.0,0.5181201574897383,0.4784674240640715,36,2.0224014389987133,False,False,False
2,main,74d5a3d7843b71672178eabeec8e18f839e59c13,fold0_seed29,cova3d_c100_coh_fold0_seed29,C100_COH,0,29,radiopaedia_29_86491_1,heldout_final_outer_cv,71b880a9f01e44b2197dd2842507f9fe22f87cc1648bbdbc823bc9ca01f3caa4,/kaggle/working/cova3d_factorial_v1_0/batch02_fold0_seed29/predictions/C100_COH/radiopaedia_29_86491_1.npz,1a67ae3883e39e4859198ac0a53b6c3b1c25a7d9d4be2350f63b744c1af5a142,83,210,288,float32,4.005529914225434e-23,1.0,0.4727865648841025,0.4804552092713459,36,2.024136261001331,False,False,False
2,main,74d5a3d7843b71672178eabeec8e18f839e59c13,fold0_seed29,cova3d_c100_dis_fold0_seed29,C100_DIS,0,29,coronacases_002,heldout_final_outer_cv,618dce9c89ae637ac4659308ac75ffeba3eb377269df2f38cb40d7aa6961338f,/kaggle/working/cova3d_factorial_v1_0/batch02_fold0_seed29/predictions/C100_DIS/coronacases_002.npz,03e15e93cd69bebe3f92fffba1a9426bcaa692a72d172f94e6d958e4f3c14ce4,101,185,230,float32,2.7033907779732986e-15,1.0,0.4919734227232287,0.4155891202377703,24,1.447071615999448,False,False,False
2,main,74d5a3d7843b71672178eabeec8e18f839e59c13,fold0_seed29,cova3d_c100_dis_fold0_seed29,C100_DIS,0,29,coronacases_005,heldout_final_outer_cv,618dce9c89ae637ac4659308ac75ffeba3eb377269df2f38cb40d7aa6961338f,/kaggle/working/cova3d_factorial_v1_0/batch02_fold0_seed29/predictions/C100_DIS/coronacases_005.npz,b5f38520d36112719085f3d162673d68cc904fb0314f6edfc6f77c4e81c82d9f,98,141,206,float32,4.150355189733168e-13,1.0,0.5101908771581107,0.4128287983081883,24,1.3472022549995015,False,False,False
2,main,74d5a3d7843b71672178eabeec8e18f839e59c13,fold0_seed29,cova3d_c100_dis_fold0_seed29,C100_DIS,0,29,radiopaedia_29_86490_1,heldout_final_outer_cv,618dce9c89ae637ac4659308ac75ffeba3eb377269df2f38cb40d7aa6961338f,/kaggle/working/cova3d_factorial_v1_0/batch02_fold0_seed29/predictions/C100_DIS/radiopaedia_29_86490_1.npz,fa7b52942fab1cdd865ee148b5166149e6cd26cc2a679d9dcd3c6b2fef361aa7,83,197,288,float32,1.1606364843239209e-21,1.0,0.500424485988892,0.4185187917318778,36,2.0277194640002563,False,False,False
2,main,74d5a3d7843b71672178eabeec8e18f839e59c13,fold0_seed29,cova3d_c100_dis_fold0_seed29,C100_DIS,0,29,radiopaedia_29_86491_1,heldout_final_outer_cv,618dce9c89ae637ac4659308ac75ffeba3eb377269df2f38cb40d7aa6961338f,/kaggle/working/cova3d_factorial_v1_0/batch02_fold0_seed29/predictions/C100_DIS/radiopaedia_29_86491_1.npz,95823b3f61c7faded43d2d84531aa125e06ebe6a03698993e522d2b98fdc41a3,83,210,288,float32,7.373671172348356e-14,1.0,0.4887614492408669,0.4260119924007948,36,2.0332467680000263,False,False,False
2,main,74d5a3d7843b71672178eabeec8e18f839e59c13,fold0_seed29,cova3d_c100_frg_fold0_seed29,C100_FRG,0,29,coronacases_002,heldout_final_outer_cv,3fe2821ceb3b14bf5def8e0a37b2c996e1e8d37f9335aa543f9436660929e1b4,/kaggle/working/cova3d_factorial_v1_0/batch02_fold0_seed29/predictions/C100_FRG/coronacases_002.npz,4c3695db9fdd384ff2d4dcab70940bb17e4893dd54091a27577a3ec54b213c00,101,185,230,float32,1.1536655445448169e-15,1.0,0.4875235313857379,0.4313834667991473,24,1.445155020999664,False,False,False
2,main,74d5a3d7843b71672178eabeec8e18f839e59c13,fold0_seed29,cova3d_c100_frg_fold0_seed29,C100_FRG,0,29,coronacases_005,heldout_final_outer_cv,3fe2821ceb3b14bf5def8e0a37b2c996e1e8d37f9335aa543f9436660929e1b4,/kaggle/working/cova3d_factorial_v1_0/batch02_fold0_seed29/predictions/C100_FRG/coronacases_005.npz,104387e272dddd0b3f2f4c617caaa1d3b2dd7f433e0691688f9ba76fb75765c0,98,141,206,float32,8.907371910372996e-13,1.0,0.5173778292116752,0.4226850108567173,24,1.341832390999116,False,False,False
2,main,74d5a3d7843b71672178eabeec8e18f839e59c13,fold0_seed29,cova3d_c100_frg_fold0_seed29,C100_FRG,0,29,radiopaedia_29_86490_1,heldout_final_outer_cv,3fe2821ceb3b14bf5def8e0a37b2c996e1e8d37f9335aa543f9436660929e1b4,/kaggle/working/cova3d_factorial_v1_0/batch02_fold0_seed29/predictions/C100_FRG/radiopaedia_29_86490_1.npz,4c588728a1a48ec65a8b670a1edb9339804e708bdf3e7bfd6e5da78c0ee1fa1f,83,197,288,float32,8.7919590081947e-19,1.0,0.4916573526558623,0.4247386438695258,36,2.024329822999789,False,False,False
2,main,74d5a3d7843b71672178eabeec8e18f839e59c13,fold0_seed29,cova3d_c100_frg_fold0_seed29,C100_FRG,0,29,radiopaedia_29_86491_1,heldout_final_outer_cv,3fe2821ceb3b14bf5def8e0a37b2c996e1e8d37f9335aa543f9436660929e1b4,/kaggle/working/cova3d_factorial_v1_0/batch02_fold0_seed29/predictions/C100_FRG/radiopaedia_29_86491_1.npz,cbe6a1c9b5f56c1205d52519b3e850bcbf436aae1685406569c9b79315388df5,83,210,288,float32,4.840780588064118e-15,1.0,0.4693309592488458,0.4308728067189805,36,2.0281705830002466,False,False,False
3,main,74d5a3d7843b71672178eabeec8e18f839e59c13,fold0_seed43,cova3d_c50_coh_fold0_seed43,C50_COH,0,43,coronacases_002,heldout_final_outer_cv,0f73c731315c1b0ba11c11dace1de58c7fedb592e8c746d7e12376d18d3fd276,/kaggle/working/cova3d_factorial_v1_0/batch03_fold0_seed29/predictions/C50_COH/coronacases_002.npz,820c2f51b987f1a80a4465c51947d9d477fede3bcc2e7fbafc38fac8a53ecaa2,101,185,230,float32,3.462339906603438e-20,1.0,0.4377988590321875,0.431974097540378,24,1.6035547720002796,False,False,False
3,main,74d5a3d7843b71672178eabeec8e18f839e59c13,fold0_seed43,cova3d_c50_coh_fold0_seed43,C50_COH,0,43,coronacases_005,heldout_final_outer_cv,0f73c731315c1b0ba11c11dace1de58c7fedb592e8c746d7e12376d18d3fd276,/kaggle/working/cova3d_factorial_v1_0/batch03_fold0_seed29/predictions/C50_COH/coronacases_005.npz,5154d1bb9816f55e19bfeacf0b8a9098bbe39525c160259ca10729fdc49f2f9b,98,141,206,float32,2.5873834744443643e-19,1.0,0.4641824569589058,0.4353753918403555,24,1.5244313690000126,False,False,False
3,main,74d5a3d7843b71672178eabeec8e18f839e59c13,fold0_seed43,cova3d_c50_coh_fold0_seed43,C50_COH,0,43,radiopaedia_29_86490_1,heldout_final_outer_cv,0f73c731315c1b0ba11c11dace1de58c7fedb592e8c746d7e12376d18d3fd276,/kaggle/working/cova3d_factorial_v1_0/batch03_fold0_seed29/predictions/C50_COH/radiopaedia_29_86490_1.npz,afb70ff24082a65e726dafde0db05939c7aa297052c366d7fc84e4c65b7f493f,83,197,288,float32,9.188644866592419e-29,1.0,0.4059027081356424,0.4131400287545348,36,2.2925655400013056,False,False,False
3,main,74d5a3d7843b71672178eabeec8e18f839e59c13,fold0_seed43,cova3d_c50_coh_fold0_seed43,C50_COH,0,43,radiopaedia_29_86491_1,heldout_final_outer_cv,0f73c731315c1b0ba11c11dace1de58c7fedb592e8c746d7e12376d18d3fd276,/kaggle/working/cova3d_factorial_v1_0/batch03_fold0_seed29/predictions/C50_COH/radiopaedia_29_86491_1.npz,34681b45271483465e13cbad729d76549fa228039b5cf60a280e5dc913ab3820,83,210,288,float32,1.1942857312002449e-21,1.0,0.4323129905360182,0.4405548631412386,36,2.29604101500081,False,False,False
3,main,74d5a3d7843b71672178eabeec8e18f839e59c13,fold0_seed43,cova3d_c50_dis_fold0_seed43,C50_DIS,0,43,coronacases_002,heldout_final_outer_cv,a12817100245673686c0ffd29fa7f6c15817325ae1dc822f41d49a472ac0f939,/kaggle/working/cova3d_factorial_v1_0/batch03_fold0_seed29/predictions/C50_DIS/coronacases_002.npz,41144b0e46ae15963d037a5c832021d8d281a479fc10d82a9fa5a70ddbe29cbe,101,185,230,float32,2.155610547577443e-15,1.0,0.3272942542016482,0.3881846618438258,24,1.5851231500000722,False,False,False
3,main,74d5a3d7843b71672178eabeec8e18f839e59c13,fold0_seed43,cova3d_c50_dis_fold0_seed43,C50_DIS,0,43,coronacases_005,heldout_final_outer_cv,a12817100245673686c0ffd29fa7f6c15817325ae1dc822f41d49a472ac0f939,/kaggle/working/cova3d_factorial_v1_0/batch03_fold0_seed29/predictions/C50_DIS/coronacases_005.npz,ad5983b2132307ed672aa34ab385c6d57f1dfa2690c98b9bd580c016cd185bfd,98,141,206,float32,4.872967806178463e-13,1.0,0.3565558610535465,0.3975138657392987,24,1.5313532639993357,False,False,False
3,main,74d5a3d7843b71672178eabeec8e18f839e59c13,fold0_seed43,cova3d_c50_dis_fold0_seed43,C50_DIS,0,43,radiopaedia_29_86490_1,heldout_final_outer_cv,a12817100245673686c0ffd29fa7f6c15817325ae1dc822f41d49a472ac0f939,/kaggle/working/cova3d_factorial_v1_0/batch03_fold0_seed29/predictions/C50_DIS/radiopaedia_29_86490_1.npz,f09c12997149224f877045d6c7be63b20e108a42bac3296a8ef037cd527ece1a,83,197,288,float32,8.576479079010096e-18,1.0,0.2911197890302324,0.368832059219716,36,2.305962050999369,False,False,False
3,main,74d5a3d7843b71672178eabeec8e18f839e59c13,fold0_seed43,cova3d_c50_dis_fold0_seed43,C50_DIS,0,43,radiopaedia_29_86491_1,heldout_final_outer_cv,a12817100245673686c0ffd29fa7f6c15817325ae1dc822f41d49a472ac0f939,/kaggle/working/cova3d_factorial_v1_0/batch03_fold0_seed29/predictions/C50_DIS/radiopaedia_29_86491_1.npz,1ce966915231e106811a8493d8984a255108826598e65937556f27e3efe7c13d,83,210,288,float32,1.2384995915111496e-13,1.0,0.317668198982892,0.3791310551706476,36,2.2952433489990653,False,False,False
3,main,74d5a3d7843b71672178eabeec8e18f839e59c13,fold0_seed43,cova3d_c50_frg_fold0_seed43,C50_FRG,0,43,coronacases_002,heldout_final_outer_cv,71e62cefa96ea6ac6770502d5824ac1c2297f7be1392e7f35105f672298fba89,/kaggle/working/cova3d_factorial_v1_0/batch03_fold0_seed29/predictions/C50_FRG/coronacases_002.npz,9776d33a29c181e95a55b5399efe0184d6a5eef13c7fd8fd73f6d6499950abfd,101,185,230,float32,8.581911174092733e-18,1.0,0.324987560371046,0.3798647003006956,24,1.5341601430009175,False,False,False
3,main,74d5a3d7843b71672178eabeec8e18f839e59c13,fold0_seed43,cova3d_c50_frg_fold0_seed43,C50_FRG,0,43,coronacases_005,heldout_final_outer_cv,71e62cefa96ea6ac6770502d5824ac1c2297f7be1392e7f35105f672298fba89,/kaggle/working/cova3d_factorial_v1_0/batch03_fold0_seed29/predictions/C50_FRG/coronacases_005.npz,296a34bf82a48121878321b4f2b11b2c4b268f2d0cd796c163f9712e5ce1332a,98,141,206,float32,5.09117940914025e-16,1.0,0.3465069736617862,0.385878967561823,24,1.4547845739998593,False,False,False
3,main,74d5a3d7843b71672178eabeec8e18f839e59c13,fold0_seed43,cova3d_c50_frg_fold0_seed43,C50_FRG,0,43,radiopaedia_29_86490_1,heldout_final_outer_cv,71e62cefa96ea6ac6770502d5824ac1c2297f7be1392e7f35105f672298fba89,/kaggle/working/cova3d_factorial_v1_0/batch03_fold0_seed29/predictions/C50_FRG/radiopaedia_29_86490_1.npz,2d261eafd45b22bc6fec65adfda17b9dddb8e532c46715ac59a2748037e4baa7,83,197,288,float32,3.571374266682718e-20,1.0,0.3007521743402928,0.3669804108671058,36,2.185032332999981,False,False,False
3,main,74d5a3d7843b71672178eabeec8e18f839e59c13,fold0_seed43,cova3d_c50_frg_fold0_seed43,C50_FRG,0,43,radiopaedia_29_86491_1,heldout_final_outer_cv,71e62cefa96ea6ac6770502d5824ac1c2297f7be1392e7f35105f672298fba89,/kaggle/working/cova3d_factorial_v1_0/batch03_fold0_seed29/predictions/C50_FRG/radiopaedia_29_86491_1.npz,70b577ac0d34cbd78b4046b6b0d7aa1db66bdd69c15acdec40b536bf62ce94b5,83,210,288,float32,2.144619871570345e-15,1.0,0.3370469255439657,0.3867170460329795,36,2.181734939000308,False,False,False
3,main,74d5a3d7843b71672178eabeec8e18f839e59c13,fold0_seed43,cova3d_c100_coh_fold0_seed43,C100_COH,0,43,coronacases_002,heldout_final_outer_cv,6c4f16e45fb30be88051c57a0c75d21766268a64ab5d726efad4aa4417c1f155,/kaggle/working/cova3d_factorial_v1_0/batch03_fold0_seed29/predictions/C100_COH/coronacases_002.npz,ca1d5f3d1c26d01f89fbc2407e67c837c2a985ecc2e6e1fc204b75c3733d0f77,101,185,230,float32,9.892599488961878e-21,1.0,0.427599340261588,0.4264043236402033,24,1.482092932001251,False,False,False
3,main,74d5a3d7843b71672178eabeec8e18f839e59c13,fold0_seed43,cova3d_c100_coh_fold0_seed43,C100_COH,0,43,coronacases_005,heldout_final_outer_cv,6c4f16e45fb30be88051c57a0c75d21766268a64ab5d726efad4aa4417c1f155,/kaggle/working/cova3d_factorial_v1_0/batch03_fold0_seed29/predictions/C100_COH/coronacases_005.npz,729652a299af8ecf0b31db926c4bac9209a214dc31806132dc8dd6ffc88aeb16,98,141,206,float32,6.7931478853002595e-19,1.0,0.4466176986911053,0.4281864449829515,24,1.4035453369997413,False,False,False
3,main,74d5a3d7843b71672178eabeec8e18f839e59c13,fold0_seed43,cova3d_c100_coh_fold0_seed43,C100_COH,0,43,radiopaedia_29_86490_1,heldout_final_outer_cv,6c4f16e45fb30be88051c57a0c75d21766268a64ab5d726efad4aa4417c1f155,/kaggle/working/cova3d_factorial_v1_0/batch03_fold0_seed29/predictions/C100_COH/radiopaedia_29_86490_1.npz,3c18e7fd0ad2c9767a7b0d75c2b7268421be7bdca12a0958d452beb0128e61b5,83,197,288,float32,8.682520560490717e-23,1.0,0.391080044384512,0.4120589741409485,36,2.101034007000635,False,False,False
3,main,74d5a3d7843b71672178eabeec8e18f839e59c13,fold0_seed43,cova3d_c100_coh_fold0_seed43,C100_COH,0,43,radiopaedia_29_86491_1,heldout_final_outer_cv,6c4f16e45fb30be88051c57a0c75d21766268a64ab5d726efad4aa4417c1f155,/kaggle/working/cova3d_factorial_v1_0/batch03_fold0_seed29/predictions/C100_COH/radiopaedia_29_86491_1.npz,e30e3768a2d39e09972a8a579eb191495dfefc8b0cadef0f8cfb1cec55549591,83,210,288,float32,1.9039803457367948e-17,1.0,0.4150502857747761,0.4401516505788083,36,2.098423334000472,False,False,False
3,main,74d5a3d7843b71672178eabeec8e18f839e59c13,fold0_seed43,cova3d_c100_dis_fold0_seed43,C100_DIS,0,43,coronacases_002,heldout_final_outer_cv,b616149b07e3feed8c59c4928fe7612cc5b5b3fa89f7977598a988cc59e8f0de,/kaggle/working/cova3d_factorial_v1_0/batch03_fold0_seed29/predictions/C100_DIS/coronacases_002.npz,71409aa1b58852add661c79f6b21c639dc7951605819f72773cc917be914449f,101,185,230,float32,3.548181713719512e-12,1.0,0.2606663113744434,0.3706286179732602,24,1.476473986000201,False,False,False
3,main,74d5a3d7843b71672178eabeec8e18f839e59c13,fold0_seed43,cova3d_c100_dis_fold0_seed43,C100_DIS,0,43,coronacases_005,heldout_final_outer_cv,b616149b07e3feed8c59c4928fe7612cc5b5b3fa89f7977598a988cc59e8f0de,/kaggle/working/cova3d_factorial_v1_0/batch03_fold0_seed29/predictions/C100_DIS/coronacases_005.npz,83b63d625804e7572ed02caaf3a475acb69c85a6ac2e9bee70f711b9dcf829fe,98,141,206,float32,1.2372713964481363e-10,1.0,0.2732000286701998,0.3771277258989727,24,1.3929453109994938,False,False,False
3,main,74d5a3d7843b71672178eabeec8e18f839e59c13,fold0_seed43,cova3d_c100_dis_fold0_seed43,C100_DIS,0,43,radiopaedia_29_86490_1,heldout_final_outer_cv,b616149b07e3feed8c59c4928fe7612cc5b5b3fa89f7977598a988cc59e8f0de,/kaggle/working/cova3d_factorial_v1_0/batch03_fold0_seed29/predictions/C100_DIS/radiopaedia_29_86490_1.npz,91e0e97f8f15b93c881f6428fd362bff71459eed89056d25ba3a92bcd0854214,83,197,288,float32,1.6323290511150234e-14,1.0,0.2297842316968448,0.3603054254136559,36,2.0875807520005765,False,False,False
3,main,74d5a3d7843b71672178eabeec8e18f839e59c13,fold0_seed43,cova3d_c100_dis_fold0_seed43,C100_DIS,0,43,radiopaedia_29_86491_1,heldout_final_outer_cv,b616149b07e3feed8c59c4928fe7612cc5b5b3fa89f7977598a988cc59e8f0de,/kaggle/working/cova3d_factorial_v1_0/batch03_fold0_seed29/predictions/C100_DIS/radiopaedia_29_86491_1.npz,8d7cad1741ebe18f52f54669310f68f9803b1a17bc80c3eff61c05a6b965fcf0,83,210,288,float32,5.826322063695599e-12,1.0,0.2426969249563146,0.364898057721401,36,2.109504334999656,False,False,False
3,main,74d5a3d7843b71672178eabeec8e18f839e59c13,fold0_seed43,cova3d_c100_frg_fold0_seed43,C100_FRG,0,43,coronacases_002,heldout_final_outer_cv,c10a9b9dab3e2b0967ad01e03103ed7fc22592f75d08c2abe5661810eb715660,/kaggle/working/cova3d_factorial_v1_0/batch03_fold0_seed29/predictions/C100_FRG/coronacases_002.npz,005fe453cd56eee148e2722677035e868566429a139ff520d85fad92ca6b83f5,101,185,230,float32,1.98517808094878e-12,1.0,0.2675296091581371,0.3759916819682706,24,1.4244983539992973,False,False,False
3,main,74d5a3d7843b71672178eabeec8e18f839e59c13,fold0_seed43,cova3d_c100_frg_fold0_seed43,C100_FRG,0,43,coronacases_005,heldout_final_outer_cv,c10a9b9dab3e2b0967ad01e03103ed7fc22592f75d08c2abe5661810eb715660,/kaggle/working/cova3d_factorial_v1_0/batch03_fold0_seed29/predictions/C100_FRG/coronacases_005.npz,7709e65bf3392ca80a345867e7c51a34fe0d06a8f1e348825e3da3b52bbcf805,98,141,206,float32,2.884298919494932e-12,1.0,0.2899344315377813,0.3858911070887822,24,1.4059775789992273,False,False,False
3,main,74d5a3d7843b71672178eabeec8e18f839e59c13,fold0_seed43,cova3d_c100_frg_fold0_seed43,C100_FRG,0,43,radiopaedia_29_86490_1,heldout_final_outer_cv,c10a9b9dab3e2b0967ad01e03103ed7fc22592f75d08c2abe5661810eb715660,/kaggle/working/cova3d_factorial_v1_0/batch03_fold0_seed29/predictions/C100_FRG/radiopaedia_29_86490_1.npz,0544bf4896d78e60b6d52c52a4a01f1bb79ff0b985a35f049e0b6f6035a311ce,83,197,288,float32,6.964470990191858e-17,1.0,0.2337837669512232,0.3580130529999052,36,2.125740492001569,False,False,False
3,main,74d5a3d7843b71672178eabeec8e18f839e59c13,fold0_seed43,cova3d_c100_frg_fold0_seed43,C100_FRG,0,43,radiopaedia_29_86491_1,heldout_final_outer_cv,c10a9b9dab3e2b0967ad01e03103ed7fc22592f75d08c2abe5661810eb715660,/kaggle/working/cova3d_factorial_v1_0/batch03_fold0_seed29/predictions/C100_FRG/radiopaedia_29_86491_1.npz,a4f9b063506b5468fa491a2270542392ca97af17ee123ab052e818eaf1e0ea3c,83,210,288,float32,5.535926534891433e-13,1.0,0.2374751032529689,0.3561757293110316,36,2.144960954999988,False,False,False
4,cova-batch04,44dff0a9e85c6530980d33eb631d4c2b425d29be,fold1_seed17,cova3d_c50_coh_fold1_seed17,C50_COH,1,17,coronacases_010,heldout_final_outer_cv,fb291b1e58f7761864b627c298c336f695edf62fda18f1c010dfa9b5277a60a3,/kaggle/working/cova3d_factorial_v1_0/batch04_fold0_seed29/predictions/C50_COH/coronacases_010.npz,85b16f13c997431142cbbefb3b631c96186795313ec4cfa1616ed62a2fee2a08,101,145,229,float32,1.9316552256663936e-25,1.0,0.3600675134876662,0.4219968366854396,24,1.293198442001085,False,False,False
4,cova-batch04,44dff0a9e85c6530980d33eb631d4c2b425d29be,fold1_seed17,cova3d_c50_coh_fold1_seed17,C50_COH,1,17,radiopaedia_10_85902_1,heldout_final_outer_cv,fb291b1e58f7761864b627c298c336f695edf62fda18f1c010dfa9b5277a60a3,/kaggle/working/cova3d_factorial_v1_0/batch04_fold0_seed29/predictions/C50_COH/radiopaedia_10_85902_1.npz,f0b24531a320139acf3901b5fab0e1d60f1c352089b2454eb225ec40ee5f4952,77,208,288,float32,4.123950587455876e-25,1.0,0.3655450564436307,0.4332229577692794,36,1.848074027999246,False,False,False
4,cova-batch04,44dff0a9e85c6530980d33eb631d4c2b425d29be,fold1_seed17,cova3d_c50_coh_fold1_seed17,C50_COH,1,17,radiopaedia_10_85902_3,heldout_final_outer_cv,fb291b1e58f7761864b627c298c336f695edf62fda18f1c010dfa9b5277a60a3,/kaggle/working/cova3d_factorial_v1_0/batch04_fold0_seed29/predictions/C50_COH/radiopaedia_10_85902_3.npz,7369060c7fe686dfbdd7d5d80ce65b1b126ac0edf3f9c2d50bee79896c7631b8,140,194,241,float32,8.333058881828057e-32,1.0,0.4033657432290488,0.4371775838562742,45,2.3728613709990896,False,False,False
4,cova-batch04,44dff0a9e85c6530980d33eb631d4c2b425d29be,fold1_seed17,cova3d_c50_coh_fold1_seed17,C50_COH,1,17,radiopaedia_4_85506_1,heldout_final_outer_cv,fb291b1e58f7761864b627c298c336f695edf62fda18f1c010dfa9b5277a60a3,/kaggle/working/cova3d_factorial_v1_0/batch04_fold0_seed29/predictions/C50_COH/radiopaedia_4_85506_1.npz,288671e1bdf4488668f3340a4298b2602332b84cb8f64ec4c261022fa70261cc,77,262,288,float32,4.932654549190622e-25,1.0,0.3684302398061377,0.4314250715255916,48,2.580216886999551,False,False,False
4,cova-batch04,44dff0a9e85c6530980d33eb631d4c2b425d29be,fold1_seed17,cova3d_c50_dis_fold1_seed17,C50_DIS,1,17,coronacases_010,heldout_final_outer_cv,3ead658a773190d68b79f9da6bba0db7e4c8fd6f1abfc41e42666ed7e3268c57,/kaggle/working/cova3d_factorial_v1_0/batch04_fold0_seed29/predictions/C50_DIS/coronacases_010.npz,9607ad5566890fe8de88f7043e1f6905419c1c8f1f255cd1271427971621db1c,101,145,229,float32,1.2817273284393416e-12,1.0,0.2541363044949545,0.3738855512384563,24,1.2972749460004709,False,False,False
4,cova-batch04,44dff0a9e85c6530980d33eb631d4c2b425d29be,fold1_seed17,cova3d_c50_dis_fold1_seed17,C50_DIS,1,17,radiopaedia_10_85902_1,heldout_final_outer_cv,3ead658a773190d68b79f9da6bba0db7e4c8fd6f1abfc41e42666ed7e3268c57,/kaggle/working/cova3d_factorial_v1_0/batch04_fold0_seed29/predictions/C50_DIS/radiopaedia_10_85902_1.npz,ccb762c260aefa00a627ec567468170a1288db8231c5635a4914a925f63850df,77,208,288,float32,2.2048949478551978e-15,1.0,0.2473349081903613,0.3673589396619077,36,1.8063439280012967,False,False,False
4,cova-batch04,44dff0a9e85c6530980d33eb631d4c2b425d29be,fold1_seed17,cova3d_c50_dis_fold1_seed17,C50_DIS,1,17,radiopaedia_10_85902_3,heldout_final_outer_cv,3ead658a773190d68b79f9da6bba0db7e4c8fd6f1abfc41e42666ed7e3268c57,/kaggle/working/cova3d_factorial_v1_0/batch04_fold0_seed29/predictions/C50_DIS/radiopaedia_10_85902_3.npz,bb5a3093f2ad8594bf10dd6fd0f6a0650acee191e9365be962d2331d930b94b5,140,194,241,float32,3.906714145211601e-17,1.0,0.2894545109743598,0.3835070534134569,45,2.311204612000438,False,False,False
4,cova-batch04,44dff0a9e85c6530980d33eb631d4c2b425d29be,fold1_seed17,cova3d_c50_dis_fold1_seed17,C50_DIS,1,17,radiopaedia_4_85506_1,heldout_final_outer_cv,3ead658a773190d68b79f9da6bba0db7e4c8fd6f1abfc41e42666ed7e3268c57,/kaggle/working/cova3d_factorial_v1_0/batch04_fold0_seed29/predictions/C50_DIS/radiopaedia_4_85506_1.npz,0b3f6bb112b606d0ea3785805055a84dd4ab2602e6de3a3fe02dc0a736218dac,77,262,288,float32,4.015317996556138e-17,1.0,0.2495813577860998,0.3673781788077693,48,2.4078425309999147,False,False,False
4,cova-batch04,44dff0a9e85c6530980d33eb631d4c2b425d29be,fold1_seed17,cova3d_c50_frg_fold1_seed17,C50_FRG,1,17,coronacases_010,heldout_final_outer_cv,8ebdd4a516325aa94da953afe90d3e9c25acecd7a516a6d87a0affd2d242b86a,/kaggle/working/cova3d_factorial_v1_0/batch04_fold0_seed29/predictions/C50_FRG/coronacases_010.npz,20ef4fe4a83b4e350697f6dd6ce38362510b8f9b07281a83104d1dff97056d30,101,145,229,float32,4.612921843110014e-16,1.0,0.2278417723200001,0.3587229704758515,24,1.288464846998977,False,False,False
4,cova-batch04,44dff0a9e85c6530980d33eb631d4c2b425d29be,fold1_seed17,cova3d_c50_frg_fold1_seed17,C50_FRG,1,17,radiopaedia_10_85902_1,heldout_final_outer_cv,8ebdd4a516325aa94da953afe90d3e9c25acecd7a516a6d87a0affd2d242b86a,/kaggle/working/cova3d_factorial_v1_0/batch04_fold0_seed29/predictions/C50_FRG/radiopaedia_10_85902_1.npz,a1accc7c0b90a9bb2d1b3232c727958c98cbbcb529c4b0ccae14e9edbcfeb360,77,208,288,float32,4.950510000611768e-16,1.0,0.2178131837586992,0.345006273868455,36,1.818367121999472,False,False,False
4,cova-batch04,44dff0a9e85c6530980d33eb631d4c2b425d29be,fold1_seed17,cova3d_c50_frg_fold1_seed17,C50_FRG,1,17,radiopaedia_10_85902_3,heldout_final_outer_cv,8ebdd4a516325aa94da953afe90d3e9c25acecd7a516a6d87a0affd2d242b86a,/kaggle/working/cova3d_factorial_v1_0/batch04_fold0_seed29/predictions/C50_FRG/radiopaedia_10_85902_3.npz,0d7a04067625fe748934ce057d18234a4b6dfb694cf788e46ee2fc3f3e2f0647,140,194,241,float32,5.023876603579412e-20,1.0,0.2489354808155872,0.3600033201465793,45,2.329475986000034,False,False,False
4,cova-batch04,44dff0a9e85c6530980d33eb631d4c2b425d29be,fold1_seed17,cova3d_c50_frg_fold1_seed17,C50_FRG,1,17,radiopaedia_4_85506_1,heldout_final_outer_cv,8ebdd4a516325aa94da953afe90d3e9c25acecd7a516a6d87a0affd2d242b86a,/kaggle/working/cova3d_factorial_v1_0/batch04_fold0_seed29/predictions/C50_FRG/radiopaedia_4_85506_1.npz,ddebd165533fb554da7b50625e89421f3efafdb99b075dd556b06cbce74c5a88,77,262,288,float32,1.3976476607047842e-20,1.0,0.2181449132917515,0.3419835802007551,48,2.4514098039999226,False,False,False
4,cova-batch04,44dff0a9e85c6530980d33eb631d4c2b425d29be,fold1_seed17,cova3d_c100_coh_fold1_seed17,C100_COH,1,17,coronacases_010,heldout_final_outer_cv,cbfa21c9028f7e91813fbbbdc2d70071b3b3d061597496739f214b47b725382b,/kaggle/working/cova3d_factorial_v1_0/batch04_fold0_seed29/predictions/C100_COH/coronacases_010.npz,557f15c65a81398fcaea792214d7659c229e13b5a5bc0c1c0a558ec982d29545,101,145,229,float32,1.100624158383079e-25,1.0,0.324928102497874,0.404883495622152,24,1.3039908470000228,False,False,False
4,cova-batch04,44dff0a9e85c6530980d33eb631d4c2b425d29be,fold1_seed17,cova3d_c100_coh_fold1_seed17,C100_COH,1,17,radiopaedia_10_85902_1,heldout_final_outer_cv,cbfa21c9028f7e91813fbbbdc2d70071b3b3d061597496739f214b47b725382b,/kaggle/working/cova3d_factorial_v1_0/batch04_fold0_seed29/predictions/C100_COH/radiopaedia_10_85902_1.npz,265e6cdac142320677c6e2196f7f02338eb0ae3a09cd2b72a3035fcd5e28ca96,77,208,288,float32,1.3827528655643875e-25,1.0,0.3545185875486686,0.4213904762124445,36,1.8208323959988773,False,False,False
4,cova-batch04,44dff0a9e85c6530980d33eb631d4c2b425d29be,fold1_seed17,cova3d_c100_coh_fold1_seed17,C100_COH,1,17,radiopaedia_10_85902_3,heldout_final_outer_cv,cbfa21c9028f7e91813fbbbdc2d70071b3b3d061597496739f214b47b725382b,/kaggle/working/cova3d_factorial_v1_0/batch04_fold0_seed29/predictions/C100_COH/radiopaedia_10_85902_3.npz,524898f713383a9b55d687a49dbf239f6fda6d75251d6086debc46dd1cd47b6a,140,194,241,float32,4.460364825053199e-32,1.0,0.3784848974737964,0.4164967762880284,45,2.338823059000788,False,False,False
4,cova-batch04,44dff0a9e85c6530980d33eb631d4c2b425d29be,fold1_seed17,cova3d_c100_coh_fold1_seed17,C100_COH,1,17,radiopaedia_4_85506_1,heldout_final_outer_cv,cbfa21c9028f7e91813fbbbdc2d70071b3b3d061597496739f214b47b725382b,/kaggle/working/cova3d_factorial_v1_0/batch04_fold0_seed29/predictions/C100_COH/radiopaedia_4_85506_1.npz,fe45adfc8dbc523471552561b81e9cedcf1cee8722f0e77e3475c2f4be09b18c,77,262,288,float32,4.5103068045738366e-33,1.0,0.3578201776293426,0.4164429392899659,48,2.4948760229999607,False,False,False
4,cova-batch04,44dff0a9e85c6530980d33eb631d4c2b425d29be,fold1_seed17,cova3d_c100_dis_fold1_seed17,C100_DIS,1,17,coronacases_010,heldout_final_outer_cv,bae9736c7fb2dfef7c1fcf1f9aa8041c9e25b7fc6ebc42f9f5d64c1847fb34a3,/kaggle/working/cova3d_factorial_v1_0/batch04_fold0_seed29/predictions/C100_DIS/coronacases_010.npz,27d36ee1a12bd325163481c619696ed4d8d6f680cc7d85afb165e66f48860d17,101,145,229,float32,8.986852704877518e-15,1.0,0.2518135964651312,0.369204199999951,24,1.312906959999964,False,False,False
4,cova-batch04,44dff0a9e85c6530980d33eb631d4c2b425d29be,fold1_seed17,cova3d_c100_dis_fold1_seed17,C100_DIS,1,17,radiopaedia_10_85902_1,heldout_final_outer_cv,bae9736c7fb2dfef7c1fcf1f9aa8041c9e25b7fc6ebc42f9f5d64c1847fb34a3,/kaggle/working/cova3d_factorial_v1_0/batch04_fold0_seed29/predictions/C100_DIS/radiopaedia_10_85902_1.npz,2abb52814e4ad675834f573ccf8864163201af2bda72ca8edb21af73a46c88a1,77,208,288,float32,7.492960984891173e-18,1.0,0.2306985444101548,0.3563344901702649,36,1.8312229570001364,False,False,False
4,cova-batch04,44dff0a9e85c6530980d33eb631d4c2b425d29be,fold1_seed17,cova3d_c100_dis_fold1_seed17,C100_DIS,1,17,radiopaedia_10_85902_3,heldout_final_outer_cv,bae9736c7fb2dfef7c1fcf1f9aa8041c9e25b7fc6ebc42f9f5d64c1847fb34a3,/kaggle/working/cova3d_factorial_v1_0/batch04_fold0_seed29/predictions/C100_DIS/radiopaedia_10_85902_3.npz,4b346e6566b60072659bbd00e3cfea51f49a8a1f0f6f765bab3b08d75d4be8d6,140,194,241,float32,2.6173351157382386e-18,1.0,0.2581274269916535,0.3679643766662471,45,2.3328301510009624,False,False,False
4,cova-batch04,44dff0a9e85c6530980d33eb631d4c2b425d29be,fold1_seed17,cova3d_c100_dis_fold1_seed17,C100_DIS,1,17,radiopaedia_4_85506_1,heldout_final_outer_cv,bae9736c7fb2dfef7c1fcf1f9aa8041c9e25b7fc6ebc42f9f5d64c1847fb34a3,/kaggle/working/cova3d_factorial_v1_0/batch04_fold0_seed29/predictions/C100_DIS/radiopaedia_4_85506_1.npz,40b8b5dd9d0b1718eadbbc151e1e35afcf6961be648166e06d1f4239e5cc67f5,77,262,288,float32,4.725494138938208e-20,1.0,0.2303461527041604,0.355960600333341,48,2.4364431760004663,False,False,False
4,cova-batch04,44dff0a9e85c6530980d33eb631d4c2b425d29be,fold1_seed17,cova3d_c100_frg_fold1_seed17,C100_FRG,1,17,coronacases_010,heldout_final_outer_cv,bfc0eaccf1eb3e0de011e9c0b454e7592b575b38f34d74b24b3c71380d30c1e8,/kaggle/working/cova3d_factorial_v1_0/batch04_fold0_seed29/predictions/C100_FRG/coronacases_010.npz,66cf5f799c8a76d8fad37e7020303c00b50698ec94ef104c03a64507549c7047,101,145,229,float32,1.653102025926667e-14,1.0,0.2117071721984262,0.3495955722398544,24,1.2908501120000435,False,False,False
4,cova-batch04,44dff0a9e85c6530980d33eb631d4c2b425d29be,fold1_seed17,cova3d_c100_frg_fold1_seed17,C100_FRG,1,17,radiopaedia_10_85902_1,heldout_final_outer_cv,bfc0eaccf1eb3e0de011e9c0b454e7592b575b38f34d74b24b3c71380d30c1e8,/kaggle/working/cova3d_factorial_v1_0/batch04_fold0_seed29/predictions/C100_FRG/radiopaedia_10_85902_1.npz,3621a72121de23cc969b9e47a4eb0f8810c8219256f9680e2ea7af9dfc23858e,77,208,288,float32,2.723585737501736e-15,1.0,0.2172914247196392,0.3513644871571573,36,1.8367701980005224,False,False,False
4,cova-batch04,44dff0a9e85c6530980d33eb631d4c2b425d29be,fold1_seed17,cova3d_c100_frg_fold1_seed17,C100_FRG,1,17,radiopaedia_10_85902_3,heldout_final_outer_cv,bfc0eaccf1eb3e0de011e9c0b454e7592b575b38f34d74b24b3c71380d30c1e8,/kaggle/working/cova3d_factorial_v1_0/batch04_fold0_seed29/predictions/C100_FRG/radiopaedia_10_85902_3.npz,cd04dc2a6bd704837d67e078be8c777b2795508d5f65f955e52977de0b6bde16,140,194,241,float32,5.339844592001369e-17,1.0,0.2394467544628596,0.3576873229552378,45,2.342845387000125,False,False,False
4,cova-batch04,44dff0a9e85c6530980d33eb631d4c2b425d29be,fold1_seed17,cova3d_c100_frg_fold1_seed17,C100_FRG,1,17,radiopaedia_4_85506_1,heldout_final_outer_cv,bfc0eaccf1eb3e0de011e9c0b454e7592b575b38f34d74b24b3c71380d30c1e8,/kaggle/working/cova3d_factorial_v1_0/batch04_fold0_seed29/predictions/C100_FRG/radiopaedia_4_85506_1.npz,2cc6e5e995db1306e870c7eea36cd9244c825109d89e55f0b101a71dc3963557,77,262,288,float32,1.3568250825537673e-18,1.0,0.2165969937880524,0.3494700645148039,48,2.4512320479989285,False,False,False
5,cova-batch05,1d8bc660d74796838c51ba9810668ea4e83ffd68,fold1_seed29,cova3d_c50_coh_fold1_seed29,C50_COH,1,29,coronacases_010,heldout_final_outer_cv,640f948ede7bd214dc51a2d44f3a694558a8e88097421cc8885656f030c18d94,/kaggle/working/cova3d_factorial_v1_0/batch05_fold1_seed29/predictions/C50_COH/coronacases_010.npz,2493e56c5efc33bd1fb1198fd01ebc779bbc0d3948f6e887037e3284d96435ce,101,145,229,float32,2.2904471622363864e-22,1.0,0.5511058434004381,0.4747918537010664,24,1.552178874000674,False,False,False
5,cova-batch05,1d8bc660d74796838c51ba9810668ea4e83ffd68,fold1_seed29,cova3d_c50_coh_fold1_seed29,C50_COH,1,29,radiopaedia_10_85902_1,heldout_final_outer_cv,640f948ede7bd214dc51a2d44f3a694558a8e88097421cc8885656f030c18d94,/kaggle/working/cova3d_factorial_v1_0/batch05_fold1_seed29/predictions/C50_COH/radiopaedia_10_85902_1.npz,112242b8fff96d15f094501d359e0af50c556f2158f20dbe80031cc253ef017c,77,208,288,float32,5.024163854971818e-20,1.0,0.5243507543414084,0.4841207415694664,36,2.260910521999904,False,False,False
5,cova-batch05,1d8bc660d74796838c51ba9810668ea4e83ffd68,fold1_seed29,cova3d_c50_coh_fold1_seed29,C50_COH,1,29,radiopaedia_10_85902_3,heldout_final_outer_cv,640f948ede7bd214dc51a2d44f3a694558a8e88097421cc8885656f030c18d94,/kaggle/working/cova3d_factorial_v1_0/batch05_fold1_seed29/predictions/C50_COH/radiopaedia_10_85902_3.npz,0b398a560c9ee38102440f373740312c68802de68678e5b6396e9ce5dbf9ee1b,140,194,241,float32,1.0222039099470337e-23,1.0,0.602803975161973,0.4708760424610823,45,2.872936911000579,False,False,False
5,cova-batch05,1d8bc660d74796838c51ba9810668ea4e83ffd68,fold1_seed29,cova3d_c50_coh_fold1_seed29,C50_COH,1,29,radiopaedia_4_85506_1,heldout_final_outer_cv,640f948ede7bd214dc51a2d44f3a694558a8e88097421cc8885656f030c18d94,/kaggle/working/cova3d_factorial_v1_0/batch05_fold1_seed29/predictions/C50_COH/radiopaedia_4_85506_1.npz,4d978fb2ec63a39a504a23947c0016888b67cc656d0af6ce9af3e8b42b2932e1,77,262,288,float32,6.668563289030935e-21,1.0,0.5758254592981968,0.480483814657087,48,3.08382424699812,False,False,False
5,cova-batch05,1d8bc660d74796838c51ba9810668ea4e83ffd68,fold1_seed29,cova3d_c50_dis_fold1_seed29,C50_DIS,1,29,coronacases_010,heldout_final_outer_cv,4edab4e82419619e65ac8afbf76c971861a5da8da2fb7b6378c9dce76173b491,/kaggle/working/cova3d_factorial_v1_0/batch05_fold1_seed29/predictions/C50_DIS/coronacases_010.npz,fb6c9edf9bb241f2a58b04bc2696cbe9774828d471319e38d225f78ca2dbf5cb,101,145,229,float32,2.0091786567810743e-10,1.0,0.5860576902905533,0.4446379212874539,24,1.551429309998639,False,False,False
5,cova-batch05,1d8bc660d74796838c51ba9810668ea4e83ffd68,fold1_seed29,cova3d_c50_dis_fold1_seed29,C50_DIS,1,29,radiopaedia_10_85902_1,heldout_final_outer_cv,4edab4e82419619e65ac8afbf76c971861a5da8da2fb7b6378c9dce76173b491,/kaggle/working/cova3d_factorial_v1_0/batch05_fold1_seed29/predictions/C50_DIS/radiopaedia_10_85902_1.npz,9963a66646891ae0a9650ce0d894440b31a279c726854194b5b21ca6f00d95fc,77,208,288,float32,1.4471542020277894e-10,1.0,0.5406922206022269,0.4685638008991822,36,2.27072540899826,False,False,False
5,cova-batch05,1d8bc660d74796838c51ba9810668ea4e83ffd68,fold1_seed29,cova3d_c50_dis_fold1_seed29,C50_DIS,1,29,radiopaedia_10_85902_3,heldout_final_outer_cv,4edab4e82419619e65ac8afbf76c971861a5da8da2fb7b6378c9dce76173b491,/kaggle/working/cova3d_factorial_v1_0/batch05_fold1_seed29/predictions/C50_DIS/radiopaedia_10_85902_3.npz,5ac2e1d716fcc7915317b8615ab6e4b2c574d23be3572cb1ec50cb93bda0445d,140,194,241,float32,6.458493462258019e-12,1.0,0.6320512886964635,0.4479790626226712,45,2.84436491499946,False,False,False
5,cova-batch05,1d8bc660d74796838c51ba9810668ea4e83ffd68,fold1_seed29,cova3d_c50_dis_fold1_seed29,C50_DIS,1,29,radiopaedia_4_85506_1,heldout_final_outer_cv,4edab4e82419619e65ac8afbf76c971861a5da8da2fb7b6378c9dce76173b491,/kaggle/working/cova3d_factorial_v1_0/batch05_fold1_seed29/predictions/C50_DIS/radiopaedia_4_85506_1.npz,9ecbb78994231607f869cce275a7488339cb93f1e8bab087ef5117927c939c7c,77,262,288,float32,1.8982994429844746e-12,1.0,0.5845251229991867,0.4604849312371432,48,2.977334912997321,False,False,False
5,cova-batch05,1d8bc660d74796838c51ba9810668ea4e83ffd68,fold1_seed29,cova3d_c50_frg_fold1_seed29,C50_FRG,1,29,coronacases_010,heldout_final_outer_cv,a8531589a1aa92c7a167c5f6b38ef0f95d0ea595ab8c0bbefc6de839f932a6b8,/kaggle/working/cova3d_factorial_v1_0/batch05_fold1_seed29/predictions/C50_FRG/coronacases_010.npz,f6f4f6436809f6c1e2642f67640542bc1543b5be57333438573199a00ccdf02e,101,145,229,float32,1.4814753590552954e-10,1.0,0.5459794612093298,0.4556591086313689,24,1.4826782620002632,False,False,False
5,cova-batch05,1d8bc660d74796838c51ba9810668ea4e83ffd68,fold1_seed29,cova3d_c50_frg_fold1_seed29,C50_FRG,1,29,radiopaedia_10_85902_1,heldout_final_outer_cv,a8531589a1aa92c7a167c5f6b38ef0f95d0ea595ab8c0bbefc6de839f932a6b8,/kaggle/working/cova3d_factorial_v1_0/batch05_fold1_seed29/predictions/C50_FRG/radiopaedia_10_85902_1.npz,1c4cfa17c2002d8e37ad4bb769bb66344e00dffb889072662f2f76577889a49f,77,208,288,float32,2.729746225067775e-13,1.0,0.5388265344282562,0.4717332595422359,36,2.132974488002219,False,False,False
5,cova-batch05,1d8bc660d74796838c51ba9810668ea4e83ffd68,fold1_seed29,cova3d_c50_frg_fold1_seed29,C50_FRG,1,29,radiopaedia_10_85902_3,heldout_final_outer_cv,a8531589a1aa92c7a167c5f6b38ef0f95d0ea595ab8c0bbefc6de839f932a6b8,/kaggle/working/cova3d_factorial_v1_0/batch05_fold1_seed29/predictions/C50_FRG/radiopaedia_10_85902_3.npz,9099c6d66fa2087fdf0cf55ecbfab8a6eb3b79c3e678c4c5c0340072575d09a1,140,194,241,float32,1.0379743939359365e-12,1.0,0.6159112904573144,0.4544139438731066,45,2.70750837200103,False,False,False
5,cova-batch05,1d8bc660d74796838c51ba9810668ea4e83ffd68,fold1_seed29,cova3d_c50_frg_fold1_seed29,C50_FRG,1,29,radiopaedia_4_85506_1,heldout_final_outer_cv,a8531589a1aa92c7a167c5f6b38ef0f95d0ea595ab8c0bbefc6de839f932a6b8,/kaggle/working/cova3d_factorial_v1_0/batch05_fold1_seed29/predictions/C50_FRG/radiopaedia_4_85506_1.npz,912c62b2e0f1f1cc7394354e1bd806f30dc6bab9de899ee327bdf979d78eb2c9,77,262,288,float32,1.2073869193936912e-13,1.0,0.5806725125343893,0.4631289152254534,48,2.8606070739988354,False,False,False
5,cova-batch05,1d8bc660d74796838c51ba9810668ea4e83ffd68,fold1_seed29,cova3d_c100_coh_fold1_seed29,C100_COH,1,29,coronacases_010,heldout_final_outer_cv,06dc8d86ef5c153d4c3511e83d82ca15d98e0357a4066901b8c30b714e28ad27,/kaggle/working/cova3d_factorial_v1_0/batch05_fold1_seed29/predictions/C100_COH/coronacases_010.npz,bb9043f534aebd38d9ec83e8279723f506e0661a44ead1869dd3f41ce7f3d6a3,101,145,229,float32,1.867711672102232e-15,1.0,0.5479026744642429,0.4695945050606308,24,1.4516715879981348,False,False,False
5,cova-batch05,1d8bc660d74796838c51ba9810668ea4e83ffd68,fold1_seed29,cova3d_c100_coh_fold1_seed29,C100_COH,1,29,radiopaedia_10_85902_1,heldout_final_outer_cv,06dc8d86ef5c153d4c3511e83d82ca15d98e0357a4066901b8c30b714e28ad27,/kaggle/working/cova3d_factorial_v1_0/batch05_fold1_seed29/predictions/C100_COH/radiopaedia_10_85902_1.npz,0857a63412831844d5d7bff3194aca1d0da619505d9db5a586560170275759ce,77,208,288,float32,5.5010730942283564e-14,1.0,0.5047039758732594,0.4832254477024212,36,2.0885102009997354,False,False,False
5,cova-batch05,1d8bc660d74796838c51ba9810668ea4e83ffd68,fold1_seed29,cova3d_c100_coh_fold1_seed29,C100_COH,1,29,radiopaedia_10_85902_3,heldout_final_outer_cv,06dc8d86ef5c153d4c3511e83d82ca15d98e0357a4066901b8c30b714e28ad27,/kaggle/working/cova3d_factorial_v1_0/batch05_fold1_seed29/predictions/C100_COH/radiopaedia_10_85902_3.npz,8c9b0325caf5985af3635f5197b2e2f29ef4a667026df471bc01eb4717c23586,140,194,241,float32,2.238716764989548e-18,1.0,0.5862767088009502,0.4708458269641454,45,2.6700349579987237,False,False,False
5,cova-batch05,1d8bc660d74796838c51ba9810668ea4e83ffd68,fold1_seed29,cova3d_c100_coh_fold1_seed29,C100_COH,1,29,radiopaedia_4_85506_1,heldout_final_outer_cv,06dc8d86ef5c153d4c3511e83d82ca15d98e0357a4066901b8c30b714e28ad27,/kaggle/working/cova3d_factorial_v1_0/batch05_fold1_seed29/predictions/C100_COH/radiopaedia_4_85506_1.npz,362c9680af47d2c3a5cd2f15c480221e1da6d387a6a97d31659e8e472773018d,77,262,288,float32,2.281265725368603e-14,1.0,0.5611068742515634,0.4765553648997043,48,2.875448356000561,False,False,False
5,cova-batch05,1d8bc660d74796838c51ba9810668ea4e83ffd68,fold1_seed29,cova3d_c100_dis_fold1_seed29,C100_DIS,1,29,coronacases_010,heldout_final_outer_cv,3367d7ab1c5aca834a5b7c8e273f5b1b521373c184debe2561637ff46c8e573b,/kaggle/working/cova3d_factorial_v1_0/batch05_fold1_seed29/predictions/C100_DIS/coronacases_010.npz,b577ce42d38f579a6eb4341a9292d7337511467cccc6b3765781e4c0b36bd950,101,145,229,float32,5.972074224036561e-11,1.0,0.5980799791848793,0.4389866153835938,24,1.469548928002041,False,False,False
5,cova-batch05,1d8bc660d74796838c51ba9810668ea4e83ffd68,fold1_seed29,cova3d_c100_dis_fold1_seed29,C100_DIS,1,29,radiopaedia_10_85902_1,heldout_final_outer_cv,3367d7ab1c5aca834a5b7c8e273f5b1b521373c184debe2561637ff46c8e573b,/kaggle/working/cova3d_factorial_v1_0/batch05_fold1_seed29/predictions/C100_DIS/radiopaedia_10_85902_1.npz,9d2a16b1ab3089a8f0fb5560309a90f6fc16f8ca8aa9bc2b73a8b65c34e69023,77,208,288,float32,1.1523374268684884e-11,1.0,0.5671752418658059,0.4614624371023987,36,2.118297723998694,False,False,False
5,cova-batch05,1d8bc660d74796838c51ba9810668ea4e83ffd68,fold1_seed29,cova3d_c100_dis_fold1_seed29,C100_DIS,1,29,radiopaedia_10_85902_3,heldout_final_outer_cv,3367d7ab1c5aca834a5b7c8e273f5b1b521373c184debe2561637ff46c8e573b,/kaggle/working/cova3d_factorial_v1_0/batch05_fold1_seed29/predictions/C100_DIS/radiopaedia_10_85902_3.npz,e1a15b3bb8aa760c98cbdc2f063e60be6ac4a6b7bc6104b381fc51e37bba4248,140,194,241,float32,1.0142305745253209e-10,1.0,0.6413994423488537,0.4422253270421822,45,2.7464450290026434,False,False,False
5,cova-batch05,1d8bc660d74796838c51ba9810668ea4e83ffd68,fold1_seed29,cova3d_c100_dis_fold1_seed29,C100_DIS,1,29,radiopaedia_4_85506_1,heldout_final_outer_cv,3367d7ab1c5aca834a5b7c8e273f5b1b521373c184debe2561637ff46c8e573b,/kaggle/working/cova3d_factorial_v1_0/batch05_fold1_seed29/predictions/C100_DIS/radiopaedia_4_85506_1.npz,7d24b13592b05ad6db5e04274164c3cf771fd083a37ffef08d342c106c8fa82c,77,262,288,float32,5.889842433215442e-12,1.0,0.6040734197221906,0.4494211741846937,48,2.9656360959997983,False,False,False
5,cova-batch05,1d8bc660d74796838c51ba9810668ea4e83ffd68,fold1_seed29,cova3d_c100_frg_fold1_seed29,C100_FRG,1,29,coronacases_010,heldout_final_outer_cv,ee9830520330d775d755bcbebbef725d5018ad130131b49450344f174d0f91a1,/kaggle/working/cova3d_factorial_v1_0/batch05_fold1_seed29/predictions/C100_FRG/coronacases_010.npz,12e6e99adba90bafcacc221bdd1b8518a447afc3141c3f9c5c5b1be2c3d74c99,101,145,229,float32,2.2885875139433407e-10,1.0,0.5961573130948097,0.4464683313631918,24,1.5198403340000368,False,False,False
5,cova-batch05,1d8bc660d74796838c51ba9810668ea4e83ffd68,fold1_seed29,cova3d_c100_frg_fold1_seed29,C100_FRG,1,29,radiopaedia_10_85902_1,heldout_final_outer_cv,ee9830520330d775d755bcbebbef725d5018ad130131b49450344f174d0f91a1,/kaggle/working/cova3d_factorial_v1_0/batch05_fold1_seed29/predictions/C100_FRG/radiopaedia_10_85902_1.npz,a0bab9507cee4e1132c2b9834ef018b1caf23ac7b7347b814029bcf4597d9be6,77,208,288,float32,8.87048767772569e-11,1.0,0.5426843292595361,0.4652420290442893,36,2.207023492999724,False,False,False
5,cova-batch05,1d8bc660d74796838c51ba9810668ea4e83ffd68,fold1_seed29,cova3d_c100_frg_fold1_seed29,C100_FRG,1,29,radiopaedia_10_85902_3,heldout_final_outer_cv,ee9830520330d775d755bcbebbef725d5018ad130131b49450344f174d0f91a1,/kaggle/working/cova3d_factorial_v1_0/batch05_fold1_seed29/predictions/C100_FRG/radiopaedia_10_85902_3.npz,27bf06ffe052859e5a68e56bd1ce612daf827bc6d4adbdea089aa4f2dc989e69,140,194,241,float32,4.211466592130009e-11,1.0,0.6258016529499132,0.4468518347785896,45,2.842432066998299,False,False,False
5,cova-batch05,1d8bc660d74796838c51ba9810668ea4e83ffd68,fold1_seed29,cova3d_c100_frg_fold1_seed29,C100_FRG,1,29,radiopaedia_4_85506_1,heldout_final_outer_cv,ee9830520330d775d755bcbebbef725d5018ad130131b49450344f174d0f91a1,/kaggle/working/cova3d_factorial_v1_0/batch05_fold1_seed29/predictions/C100_FRG/radiopaedia_4_85506_1.npz,e4ded30cc9298aa4d0ba91a78e5c7e46bf7eacfb0812e6a14e709089f9d0f605,77,262,288,float32,1.48480338267587e-12,1.0,0.5966626061787874,0.4527651585127354,48,3.073323109998455,False,False,False
6,cova-batch06,c2d6fd29557854e12da654cedbe8b3a738bb5c8d,fold1_seed43,cova3d_c50_coh_fold1_seed43,C50_COH,1,43,coronacases_010,heldout_final_outer_cv,4e473f363d5290e0de227bab0b40cb2d534cceb5efc926054730060463e151b7,/kaggle/working/cova3d_factorial_v1_0/batch06_fold1_seed43/predictions/C50_COH/coronacases_010.npz,755e4ce0079ea68248ee88bcf715b78e51be17e4a376428bc6b9b79803e49da7,101,145,229,float32,4.945109371479634e-17,1.0,0.5195821611226376,0.4661541359042598,24,1.276443623999512,False,False,False
6,cova-batch06,c2d6fd29557854e12da654cedbe8b3a738bb5c8d,fold1_seed43,cova3d_c50_coh_fold1_seed43,C50_COH,1,43,radiopaedia_10_85902_1,heldout_final_outer_cv,4e473f363d5290e0de227bab0b40cb2d534cceb5efc926054730060463e151b7,/kaggle/working/cova3d_factorial_v1_0/batch06_fold1_seed43/predictions/C50_COH/radiopaedia_10_85902_1.npz,25ddf15ce88b1077c81bffd8b605cc7d77813eb4916d7054809cd617c2a5b311,77,208,288,float32,1.2249586665888758e-16,1.0,0.5043384652040365,0.4756604194429381,36,1.8098112450024928,False,False,False
6,cova-batch06,c2d6fd29557854e12da654cedbe8b3a738bb5c8d,fold1_seed43,cova3d_c50_coh_fold1_seed43,C50_COH,1,43,radiopaedia_10_85902_3,heldout_final_outer_cv,4e473f363d5290e0de227bab0b40cb2d534cceb5efc926054730060463e151b7,/kaggle/working/cova3d_factorial_v1_0/batch06_fold1_seed43/predictions/C50_COH/radiopaedia_10_85902_3.npz,6189141bdb43f1155be6239bf4a4d6d835b3ef00319c40688e66e98b307cedb9,140,194,241,float32,3.557103612338104e-17,1.0,0.5765391256156223,0.460583383205109,45,2.319161786999757,False,False,False
6,cova-batch06,c2d6fd29557854e12da654cedbe8b3a738bb5c8d,fold1_seed43,cova3d_c50_coh_fold1_seed43,C50_COH,1,43,radiopaedia_4_85506_1,heldout_final_outer_cv,4e473f363d5290e0de227bab0b40cb2d534cceb5efc926054730060463e151b7,/kaggle/working/cova3d_factorial_v1_0/batch06_fold1_seed43/predictions/C50_COH/radiopaedia_4_85506_1.npz,187d41738a4d39cd01470c56441bd02b8dfa72230ebb677974ab7272fd648547,77,262,288,float32,1.2552752827164752e-17,1.0,0.5452141341386618,0.4720747348680357,48,2.495651823002845,False,False,False
6,cova-batch06,c2d6fd29557854e12da654cedbe8b3a738bb5c8d,fold1_seed43,cova3d_c50_dis_fold1_seed43,C50_DIS,1,43,coronacases_010,heldout_final_outer_cv,c902f82f3b860ff12475600f970140e90844232ecab06dafba17df813b94c66d,/kaggle/working/cova3d_factorial_v1_0/batch06_fold1_seed43/predictions/C50_DIS/coronacases_010.npz,73e99238c7f11af85e5d5397e6fe940c6f65fcf5332dae406e31f058ae447ff4,101,145,229,float32,1.9977386411795806e-09,1.0,0.4231943684203763,0.4135438668377146,24,1.2730957259991555,False,False,False
6,cova-batch06,c2d6fd29557854e12da654cedbe8b3a738bb5c8d,fold1_seed43,cova3d_c50_dis_fold1_seed43,C50_DIS,1,43,radiopaedia_10_85902_1,heldout_final_outer_cv,c902f82f3b860ff12475600f970140e90844232ecab06dafba17df813b94c66d,/kaggle/working/cova3d_factorial_v1_0/batch06_fold1_seed43/predictions/C50_DIS/radiopaedia_10_85902_1.npz,35406c82f81f9ff4bebd2dac9793f90feac2a2af59d5420662b66e468d555ef6,77,208,288,float32,2.6407886988266677e-10,1.0,0.4560406558255034,0.4264423578755674,36,1.8064295630028937,False,False,False
6,cova-batch06,c2d6fd29557854e12da654cedbe8b3a738bb5c8d,fold1_seed43,cova3d_c50_dis_fold1_seed43,C50_DIS,1,43,radiopaedia_10_85902_3,heldout_final_outer_cv,c902f82f3b860ff12475600f970140e90844232ecab06dafba17df813b94c66d,/kaggle/working/cova3d_factorial_v1_0/batch06_fold1_seed43/predictions/C50_DIS/radiopaedia_10_85902_3.npz,a195e63db40920a8d60975a184365fbc5b7d6bb181835b1efafe567a0fd90a68,140,194,241,float32,1.6681765018823624e-13,1.0,0.4814743226303249,0.4221071290729493,45,2.3303189799989923,False,False,False
6,cova-batch06,c2d6fd29557854e12da654cedbe8b3a738bb5c8d,fold1_seed43,cova3d_c50_dis_fold1_seed43,C50_DIS,1,43,radiopaedia_4_85506_1,heldout_final_outer_cv,c902f82f3b860ff12475600f970140e90844232ecab06dafba17df813b94c66d,/kaggle/working/cova3d_factorial_v1_0/batch06_fold1_seed43/predictions/C50_DIS/radiopaedia_4_85506_1.npz,89e57015565424900ca35120fbabe68a021097d0154a3d53e56ce7453640295f,77,262,288,float32,1.0374944653390727e-10,1.0,0.4413120353315382,0.4218824618997566,48,2.516555325997615,False,False,False
6,cova-batch06,c2d6fd29557854e12da654cedbe8b3a738bb5c8d,fold1_seed43,cova3d_c50_frg_fold1_seed43,C50_FRG,1,43,coronacases_010,heldout_final_outer_cv,f74f81fd18066ef56dd1477d218e53ede2cdb299bbbfea9f5593d88ba75d6abc,/kaggle/working/cova3d_factorial_v1_0/batch06_fold1_seed43/predictions/C50_FRG/coronacases_010.npz,661a33cba882cf870e279cee0fd7d826b460a7494de6ce9d362e8d10b4d846bb,101,145,229,float32,2.646350083512772e-10,1.0,0.4293848035635971,0.4083914156472579,24,1.2939809579984285,False,False,False
6,cova-batch06,c2d6fd29557854e12da654cedbe8b3a738bb5c8d,fold1_seed43,cova3d_c50_frg_fold1_seed43,C50_FRG,1,43,radiopaedia_10_85902_1,heldout_final_outer_cv,f74f81fd18066ef56dd1477d218e53ede2cdb299bbbfea9f5593d88ba75d6abc,/kaggle/working/cova3d_factorial_v1_0/batch06_fold1_seed43/predictions/C50_FRG/radiopaedia_10_85902_1.npz,7cd6332a5d211e184488a65b9e4bfc0e4fb2a3957e3979b5c72e9bbeab3d18c5,77,208,288,float32,6.285225118141112e-11,1.0,0.4139091084941788,0.4135802030103307,36,1.823991704000946,False,False,False
6,cova-batch06,c2d6fd29557854e12da654cedbe8b3a738bb5c8d,fold1_seed43,cova3d_c50_frg_fold1_seed43,C50_FRG,1,43,radiopaedia_10_85902_3,heldout_final_outer_cv,f74f81fd18066ef56dd1477d218e53ede2cdb299bbbfea9f5593d88ba75d6abc,/kaggle/working/cova3d_factorial_v1_0/batch06_fold1_seed43/predictions/C50_FRG/radiopaedia_10_85902_3.npz,5a0bdbc3f66d0bfbbce0a3f767125afeb89db7730fc46a43a8d865db8b459079,140,194,241,float32,1.0160637088640899e-11,1.0,0.4595092723801188,0.4111063647462351,45,2.3262656560000323,False,False,False
6,cova-batch06,c2d6fd29557854e12da654cedbe8b3a738bb5c8d,fold1_seed43,cova3d_c50_frg_fold1_seed43,C50_FRG,1,43,radiopaedia_4_85506_1,heldout_final_outer_cv,f74f81fd18066ef56dd1477d218e53ede2cdb299bbbfea9f5593d88ba75d6abc,/kaggle/working/cova3d_factorial_v1_0/batch06_fold1_seed43/predictions/C50_FRG/radiopaedia_4_85506_1.npz,b2ac18f81231a125a0f0c8200c2ea2cefa44ec5d9d7ba1de9b657533d398b97a,77,262,288,float32,1.0346994962218135e-11,1.0,0.4260871678256259,0.404393032444462,48,2.522215930999664,False,False,False
6,cova-batch06,c2d6fd29557854e12da654cedbe8b3a738bb5c8d,fold1_seed43,cova3d_c100_coh_fold1_seed43,C100_COH,1,43,coronacases_010,heldout_final_outer_cv,06211a461f72ce8396bd8052a9fef2240e9df6dd6bd8261c0c0e5a397955b2d9,/kaggle/working/cova3d_factorial_v1_0/batch06_fold1_seed43/predictions/C100_COH/coronacases_010.npz,06154de0643959c1a707c641a5b70bb508762a0128fe98bd3b03c9aa7cead08f,101,145,229,float32,3.349191150109343e-12,1.0,0.4200969481716624,0.4283423702490508,24,1.3120430800008762,False,False,False
6,cova-batch06,c2d6fd29557854e12da654cedbe8b3a738bb5c8d,fold1_seed43,cova3d_c100_coh_fold1_seed43,C100_COH,1,43,radiopaedia_10_85902_1,heldout_final_outer_cv,06211a461f72ce8396bd8052a9fef2240e9df6dd6bd8261c0c0e5a397955b2d9,/kaggle/working/cova3d_factorial_v1_0/batch06_fold1_seed43/predictions/C100_COH/radiopaedia_10_85902_1.npz,46d3766a8c0df4af76a9ecb8b74c92e22e21f00148f9d2048a2f0065d592b9b7,77,208,288,float32,3.6228867128507147e-12,1.0,0.4626022591915781,0.4616052883177416,36,1.8142177800000356,False,False,False
6,cova-batch06,c2d6fd29557854e12da654cedbe8b3a738bb5c8d,fold1_seed43,cova3d_c100_coh_fold1_seed43,C100_COH,1,43,radiopaedia_10_85902_3,heldout_final_outer_cv,06211a461f72ce8396bd8052a9fef2240e9df6dd6bd8261c0c0e5a397955b2d9,/kaggle/working/cova3d_factorial_v1_0/batch06_fold1_seed43/predictions/C100_COH/radiopaedia_10_85902_3.npz,e029000479ae5c04899620a7a3f559ddab4ed1fa3706644be8cda058be13349e,140,194,241,float32,1.3537569401253242e-14,1.0,0.4865833930563453,0.4471032376598775,45,2.309242699000606,False,False,False
6,cova-batch06,c2d6fd29557854e12da654cedbe8b3a738bb5c8d,fold1_seed43,cova3d_c100_coh_fold1_seed43,C100_COH,1,43,radiopaedia_4_85506_1,heldout_final_outer_cv,06211a461f72ce8396bd8052a9fef2240e9df6dd6bd8261c0c0e5a397955b2d9,/kaggle/working/cova3d_factorial_v1_0/batch06_fold1_seed43/predictions/C100_COH/radiopaedia_4_85506_1.npz,f224fb7590a1728b0446bee8333cb1dbb39f7e2462a8edc727bc9f2c5393380f,77,262,288,float32,1.9965461033576162e-13,1.0,0.4698369903080959,0.4456452215388072,48,2.503774455999519,False,False,False
6,cova-batch06,c2d6fd29557854e12da654cedbe8b3a738bb5c8d,fold1_seed43,cova3d_c100_dis_fold1_seed43,C100_DIS,1,43,coronacases_010,heldout_final_outer_cv,f74ff4a381d1253b884f87bf5dd6f238bbbf972496ebe7fa650d832cc97c1aa1,/kaggle/working/cova3d_factorial_v1_0/batch06_fold1_seed43/predictions/C100_DIS/coronacases_010.npz,4c719264010e7fc4f8a70dabf8dae466e9a19eea37d3fb23b678956c25814a0e,101,145,229,float32,7.278949443190186e-09,1.0,0.3983183547944376,0.404013764999471,24,1.327187673003209,False,False,False
6,cova-batch06,c2d6fd29557854e12da654cedbe8b3a738bb5c8d,fold1_seed43,cova3d_c100_dis_fold1_seed43,C100_DIS,1,43,radiopaedia_10_85902_1,heldout_final_outer_cv,f74ff4a381d1253b884f87bf5dd6f238bbbf972496ebe7fa650d832cc97c1aa1,/kaggle/working/cova3d_factorial_v1_0/batch06_fold1_seed43/predictions/C100_DIS/radiopaedia_10_85902_1.npz,fc9c9ae6e30a35cf2d95dc7590aa3b150278b48bcf734c04c3fb9ca31bf4a3ce,77,208,288,float32,1.0754358514830642e-10,1.0,0.4001735196336284,0.4080714812011128,36,1.8399095310014677,False,False,False
6,cova-batch06,c2d6fd29557854e12da654cedbe8b3a738bb5c8d,fold1_seed43,cova3d_c100_dis_fold1_seed43,C100_DIS,1,43,radiopaedia_10_85902_3,heldout_final_outer_cv,f74ff4a381d1253b884f87bf5dd6f238bbbf972496ebe7fa650d832cc97c1aa1,/kaggle/working/cova3d_factorial_v1_0/batch06_fold1_seed43/predictions/C100_DIS/radiopaedia_10_85902_3.npz,52f1e110c0e66b126017f9dd56316747d45fcd18e055567f1a016ccf857f3d65,140,194,241,float32,5.396273705660093e-12,1.0,0.4376010396259935,0.4090731721281295,45,2.3369195870000112,False,False,False
6,cova-batch06,c2d6fd29557854e12da654cedbe8b3a738bb5c8d,fold1_seed43,cova3d_c100_dis_fold1_seed43,C100_DIS,1,43,radiopaedia_4_85506_1,heldout_final_outer_cv,f74ff4a381d1253b884f87bf5dd6f238bbbf972496ebe7fa650d832cc97c1aa1,/kaggle/working/cova3d_factorial_v1_0/batch06_fold1_seed43/predictions/C100_DIS/radiopaedia_4_85506_1.npz,249242c07d8568eac12b1067782c2af8701ec958caa8135845835e3805c7ae25,77,262,288,float32,5.106519374020735e-11,1.0,0.4019643834225893,0.4003207568658245,48,2.5434946960012894,False,False,False
6,cova-batch06,c2d6fd29557854e12da654cedbe8b3a738bb5c8d,fold1_seed43,cova3d_c100_frg_fold1_seed43,C100_FRG,1,43,coronacases_010,heldout_final_outer_cv,3f4fea818d988f3bb014f2f181485d57e4c1b7eca0b9b1118d72319cbf785b00,/kaggle/working/cova3d_factorial_v1_0/batch06_fold1_seed43/predictions/C100_FRG/coronacases_010.npz,b1550e4d9f78bfae5ec55dce48df78e02b49f5f6acc2e958361ed52606715b4c,101,145,229,float32,1.68226776953162e-09,1.0,0.4122252836364233,0.4140256259600702,24,1.3041128489967375,False,False,False
6,cova-batch06,c2d6fd29557854e12da654cedbe8b3a738bb5c8d,fold1_seed43,cova3d_c100_frg_fold1_seed43,C100_FRG,1,43,radiopaedia_10_85902_1,heldout_final_outer_cv,3f4fea818d988f3bb014f2f181485d57e4c1b7eca0b9b1118d72319cbf785b00,/kaggle/working/cova3d_factorial_v1_0/batch06_fold1_seed43/predictions/C100_FRG/radiopaedia_10_85902_1.npz,5dceec595efb21e57717971c1ebe50703f18a84830a12dbbe7768b7ba1991602,77,208,288,float32,2.281488997724068e-09,1.0,0.3693568700498794,0.4163480744055968,36,1.8398981259997529,False,False,False
6,cova-batch06,c2d6fd29557854e12da654cedbe8b3a738bb5c8d,fold1_seed43,cova3d_c100_frg_fold1_seed43,C100_FRG,1,43,radiopaedia_10_85902_3,heldout_final_outer_cv,3f4fea818d988f3bb014f2f181485d57e4c1b7eca0b9b1118d72319cbf785b00,/kaggle/working/cova3d_factorial_v1_0/batch06_fold1_seed43/predictions/C100_FRG/radiopaedia_10_85902_3.npz,cce86fdda8648bf4b80acaddbe214f09fb48d30cf0a67b558bc5de9d00de24e0,140,194,241,float32,3.679939165890378e-12,1.0,0.4272831463736575,0.4189180927475302,45,2.3421902609989047,False,False,False
6,cova-batch06,c2d6fd29557854e12da654cedbe8b3a738bb5c8d,fold1_seed43,cova3d_c100_frg_fold1_seed43,C100_FRG,1,43,radiopaedia_4_85506_1,heldout_final_outer_cv,3f4fea818d988f3bb014f2f181485d57e4c1b7eca0b9b1118d72319cbf785b00,/kaggle/working/cova3d_factorial_v1_0/batch06_fold1_seed43/predictions/C100_FRG/radiopaedia_4_85506_1.npz,63a1c9e188612e576d5b924e0f1a3b74d3f2a3fa0757459228e8a001a717c84f,77,262,288,float32,4.4228770645915455e-10,1.0,0.3844669935162768,0.4167919375502019,48,2.531596458000422,False,False,False
7,cova-batch07-rerun,0eb3f83ceecb35686f446cf3415250dbf266cee1,fold2_seed17,cova3d_c50_coh_fold2_seed17,C50_COH,2,17,coronacases_006,heldout_final_outer_cv,b05ce4cc2fcdc1f5513ee904491b7587d194cce5a8736532fb69b08aa82d4046,/kaggle/working/cova3d_factorial_v1_0/batch07_fold2_seed17/predictions/C50_COH/coronacases_006.npz,473a62a6045a64c05b1c283c9fcc263df6d27d33c18f2e7ee45f49b616f5a73d,107,182,260,float32,5.096471395853744e-21,1.0,0.5234413251463368,0.4791601751654884,32,2.116153578999729,False,False,False
7,cova-batch07-rerun,0eb3f83ceecb35686f446cf3415250dbf266cee1,fold2_seed17,cova3d_c50_coh_fold2_seed17,C50_COH,2,17,coronacases_007,heldout_final_outer_cv,b05ce4cc2fcdc1f5513ee904491b7587d194cce5a8736532fb69b08aa82d4046,/kaggle/working/cova3d_factorial_v1_0/batch07_fold2_seed17/predictions/C50_COH/coronacases_007.npz,cba46e6a4b73b234bb84f0638048d1d1f438aeceffb57d2d0702dd9530759587,84,157,238,float32,9.934284060397009e-19,1.0,0.5220138074987256,0.4794986761452775,18,1.224166188001618,False,False,False
7,cova-batch07-rerun,0eb3f83ceecb35686f446cf3415250dbf266cee1,fold2_seed17,cova3d_c50_coh_fold2_seed17,C50_COH,2,17,radiopaedia_36_86526_0,heldout_final_outer_cv,b05ce4cc2fcdc1f5513ee904491b7587d194cce5a8736532fb69b08aa82d4046,/kaggle/working/cova3d_factorial_v1_0/batch07_fold2_seed17/predictions/C50_COH/radiopaedia_36_86526_0.npz,318ed5aaf93657e9d3c771cfc0aea0da69bc95fddbbd55ec0665cd524f5d6703,89,198,269,float32,5.342659256015315e-16,1.0,0.4109853212449124,0.4686107022851653,36,2.314870776001044,False,False,False
7,cova-batch07-rerun,0eb3f83ceecb35686f446cf3415250dbf266cee1,fold2_seed17,cova3d_c50_coh_fold2_seed17,C50_COH,2,17,radiopaedia_7_85703_0,heldout_final_outer_cv,b05ce4cc2fcdc1f5513ee904491b7587d194cce5a8736532fb69b08aa82d4046,/kaggle/working/cova3d_factorial_v1_0/batch07_fold2_seed17/predictions/C50_COH/radiopaedia_7_85703_0.npz,038e21751727561d02f2c6485e74f3b08fbd1fb5ac4661123418a0575afd9375,89,248,288,float32,1.6757269862985511e-22,1.0,0.4716987404129494,0.4791628203640914,36,3.176200029998654,False,False,False
7,cova-batch07-rerun,0eb3f83ceecb35686f446cf3415250dbf266cee1,fold2_seed17,cova3d_c50_dis_fold2_seed17,C50_DIS,2,17,coronacases_006,heldout_final_outer_cv,03b3cc134e40e1b86cb8760f12240534a2192169415b56c666114bf693557438,/kaggle/working/cova3d_factorial_v1_0/batch07_fold2_seed17/predictions/C50_DIS/coronacases_006.npz,bbe443dd8ee2b12ad36520a19a6f05e7fd67ab3d97372cf7bf5dfe2e74aa4f68,107,182,260,float32,6.703676676267367e-12,1.0,0.5426885905106883,0.4501253489925936,32,2.0825107609998668,False,False,False
7,cova-batch07-rerun,0eb3f83ceecb35686f446cf3415250dbf266cee1,fold2_seed17,cova3d_c50_dis_fold2_seed17,C50_DIS,2,17,coronacases_007,heldout_final_outer_cv,03b3cc134e40e1b86cb8760f12240534a2192169415b56c666114bf693557438,/kaggle/working/cova3d_factorial_v1_0/batch07_fold2_seed17/predictions/C50_DIS/coronacases_007.npz,42bb08396bd0552588e995020a5cee304dff2ee89a83617c4464dc3645d30512,84,157,238,float32,3.331538170336934e-11,1.0,0.5370401046528528,0.4464774632635704,18,1.1232173530006548,False,False,False
7,cova-batch07-rerun,0eb3f83ceecb35686f446cf3415250dbf266cee1,fold2_seed17,cova3d_c50_dis_fold2_seed17,C50_DIS,2,17,radiopaedia_36_86526_0,heldout_final_outer_cv,03b3cc134e40e1b86cb8760f12240534a2192169415b56c666114bf693557438,/kaggle/working/cova3d_factorial_v1_0/batch07_fold2_seed17/predictions/C50_DIS/radiopaedia_36_86526_0.npz,4d9ab3a79abd3e88ff45516c3375218391b59eaa6beb6efefa9307bf24068dbd,89,198,269,float32,2.7120573148353696e-11,1.0,0.4364590519929896,0.4608026411206777,36,2.17583461400136,False,False,False
7,cova-batch07-rerun,0eb3f83ceecb35686f446cf3415250dbf266cee1,fold2_seed17,cova3d_c50_dis_fold2_seed17,C50_DIS,2,17,radiopaedia_7_85703_0,heldout_final_outer_cv,03b3cc134e40e1b86cb8760f12240534a2192169415b56c666114bf693557438,/kaggle/working/cova3d_factorial_v1_0/batch07_fold2_seed17/predictions/C50_DIS/radiopaedia_7_85703_0.npz,9d3ba0fc87135ae14a27ac2bb9dfafd245c6362cc51e4fc2b534741ea015c664,89,248,288,float32,1.5270380446241738e-12,1.0,0.4946879264015966,0.4640135959479669,36,2.175000447999992,False,False,False
7,cova-batch07-rerun,0eb3f83ceecb35686f446cf3415250dbf266cee1,fold2_seed17,cova3d_c50_frg_fold2_seed17,C50_FRG,2,17,coronacases_006,heldout_final_outer_cv,5f3e610c6f27380eaacfc3008b2cb424b370aa52ad3200a09584051be2359e1e,/kaggle/working/cova3d_factorial_v1_0/batch07_fold2_seed17/predictions/C50_FRG/coronacases_006.npz,1a3314dcd9724c0e309cb45a3c0b145c831d4daffa27483754ca37e6c7aae25b,107,182,260,float32,2.012205235334824e-13,1.0,0.5503254387725992,0.4551279807561102,32,1.950506100998609,False,False,False
7,cova-batch07-rerun,0eb3f83ceecb35686f446cf3415250dbf266cee1,fold2_seed17,cova3d_c50_frg_fold2_seed17,C50_FRG,2,17,coronacases_007,heldout_final_outer_cv,5f3e610c6f27380eaacfc3008b2cb424b370aa52ad3200a09584051be2359e1e,/kaggle/working/cova3d_factorial_v1_0/batch07_fold2_seed17/predictions/C50_FRG/coronacases_007.npz,34eb840dca28661894fec662ac14b9ee2e6fbbd7cdbcb5c3b9d1fc0ba1d2cabb,84,157,238,float32,4.351698851528391e-14,1.0,0.5312346315051809,0.4523974686306216,18,1.0571514670009492,False,False,False
7,cova-batch07-rerun,0eb3f83ceecb35686f446cf3415250dbf266cee1,fold2_seed17,cova3d_c50_frg_fold2_seed17,C50_FRG,2,17,radiopaedia_36_86526_0,heldout_final_outer_cv,5f3e610c6f27380eaacfc3008b2cb424b370aa52ad3200a09584051be2359e1e,/kaggle/working/cova3d_factorial_v1_0/batch07_fold2_seed17/predictions/C50_FRG/radiopaedia_36_86526_0.npz,cb4677a79d905e0f28a888ac1216f623bf288f60433c2cf24b4d3dc67d7098b1,89,198,269,float32,8.037724999465645e-12,1.0,0.4451319809881454,0.462360907135824,36,2.0455431749996933,False,False,False
7,cova-batch07-rerun,0eb3f83ceecb35686f446cf3415250dbf266cee1,fold2_seed17,cova3d_c50_frg_fold2_seed17,C50_FRG,2,17,radiopaedia_7_85703_0,heldout_final_outer_cv,5f3e610c6f27380eaacfc3008b2cb424b370aa52ad3200a09584051be2359e1e,/kaggle/working/cova3d_factorial_v1_0/batch07_fold2_seed17/predictions/C50_FRG/radiopaedia_7_85703_0.npz,16528bfb86a99a85d94b053a4cf5357f1a8f524782216ac3c56c1de6959d5b43,89,248,288,float32,7.665072719642877e-16,1.0,0.4957099425647622,0.4663286382269545,36,2.112567968000804,False,False,False
7,cova-batch07-rerun,0eb3f83ceecb35686f446cf3415250dbf266cee1,fold2_seed17,cova3d_c100_coh_fold2_seed17,C100_COH,2,17,coronacases_006,heldout_final_outer_cv,71c9ea1a46fd6060b2a4fd89a317cd3015e9e82b73e8d0a99d05a9726b030052,/kaggle/working/cova3d_factorial_v1_0/batch07_fold2_seed17/predictions/C100_COH/coronacases_006.npz,e769e24fb960eaa618061de0ba1ab26cdf4e0be5b31ad8b667d007bbafe3568b,107,182,260,float32,2.73751701411668e-19,1.0,0.531471122128997,0.4770310720828251,32,1.8805946279990169,False,False,False
7,cova-batch07-rerun,0eb3f83ceecb35686f446cf3415250dbf266cee1,fold2_seed17,cova3d_c100_coh_fold2_seed17,C100_COH,2,17,coronacases_007,heldout_final_outer_cv,71c9ea1a46fd6060b2a4fd89a317cd3015e9e82b73e8d0a99d05a9726b030052,/kaggle/working/cova3d_factorial_v1_0/batch07_fold2_seed17/predictions/C100_COH/coronacases_007.npz,224f6711a220836458a3ad292d8f9bf15c0272445342ab0a5c7db3a37fe7ae2d,84,157,238,float32,4.425398906365834e-18,1.0,0.5351617973908565,0.4761834504145492,18,1.0740348279996397,False,False,False
7,cova-batch07-rerun,0eb3f83ceecb35686f446cf3415250dbf266cee1,fold2_seed17,cova3d_c100_coh_fold2_seed17,C100_COH,2,17,radiopaedia_36_86526_0,heldout_final_outer_cv,71c9ea1a46fd6060b2a4fd89a317cd3015e9e82b73e8d0a99d05a9726b030052,/kaggle/working/cova3d_factorial_v1_0/batch07_fold2_seed17/predictions/C100_COH/radiopaedia_36_86526_0.npz,6e09ec02ed12b8241ccbdbdd5c12658d3d999bb6b2679e38eee5c94a55f52000,89,198,269,float32,1.9109340845813168e-12,1.0,0.4111832685480302,0.4624359406731227,36,2.0207382749995304,False,False,False
7,cova-batch07-rerun,0eb3f83ceecb35686f446cf3415250dbf266cee1,fold2_seed17,cova3d_c100_coh_fold2_seed17,C100_COH,2,17,radiopaedia_7_85703_0,heldout_final_outer_cv,71c9ea1a46fd6060b2a4fd89a317cd3015e9e82b73e8d0a99d05a9726b030052,/kaggle/working/cova3d_factorial_v1_0/batch07_fold2_seed17/predictions/C100_COH/radiopaedia_7_85703_0.npz,cdafa8d34806a9b072941616e9a87d8fde819924c04dc054d6c249dced489efe,89,248,288,float32,1.6861702901256598e-17,1.0,0.4757605145320337,0.4786321465220974,36,2.0692640409997693,False,False,False
7,cova-batch07-rerun,0eb3f83ceecb35686f446cf3415250dbf266cee1,fold2_seed17,cova3d_c100_dis_fold2_seed17,C100_DIS,2,17,coronacases_006,heldout_final_outer_cv,6e042229e9b5ab961323f225cba3f3088ea586dc7a509d9e3c4779e3bca83d6a,/kaggle/working/cova3d_factorial_v1_0/batch07_fold2_seed17/predictions/C100_DIS/coronacases_006.npz,cd1e809ec624f5ef36f5c0a9c4654289a4e6aa92bec7f9459bf596f4f359fc68,107,182,260,float32,1.917167952170118e-10,1.0,0.517946564983101,0.4337806363961946,32,1.9165672609997275,False,False,False
7,cova-batch07-rerun,0eb3f83ceecb35686f446cf3415250dbf266cee1,fold2_seed17,cova3d_c100_dis_fold2_seed17,C100_DIS,2,17,coronacases_007,heldout_final_outer_cv,6e042229e9b5ab961323f225cba3f3088ea586dc7a509d9e3c4779e3bca83d6a,/kaggle/working/cova3d_factorial_v1_0/batch07_fold2_seed17/predictions/C100_DIS/coronacases_007.npz,cdcddb857c096039a3a03a1e6164dcd4276da28b51269436222cd40d92e7064b,84,157,238,float32,1.8874485308018047e-10,1.0,0.5121451139563217,0.4288825823467203,18,1.0436315169990849,False,False,False
7,cova-batch07-rerun,0eb3f83ceecb35686f446cf3415250dbf266cee1,fold2_seed17,cova3d_c100_dis_fold2_seed17,C100_DIS,2,17,radiopaedia_36_86526_0,heldout_final_outer_cv,6e042229e9b5ab961323f225cba3f3088ea586dc7a509d9e3c4779e3bca83d6a,/kaggle/working/cova3d_factorial_v1_0/batch07_fold2_seed17/predictions/C100_DIS/radiopaedia_36_86526_0.npz,b47857beafd04a5aaf1b833b3a29be728b3cb834d8d9c5ab03a73b3a1a640334,89,198,269,float32,6.608354974346753e-10,1.0,0.4403628159746511,0.4556316129750518,36,2.0796804960009467,False,False,False
7,cova-batch07-rerun,0eb3f83ceecb35686f446cf3415250dbf266cee1,fold2_seed17,cova3d_c100_dis_fold2_seed17,C100_DIS,2,17,radiopaedia_7_85703_0,heldout_final_outer_cv,6e042229e9b5ab961323f225cba3f3088ea586dc7a509d9e3c4779e3bca83d6a,/kaggle/working/cova3d_factorial_v1_0/batch07_fold2_seed17/predictions/C100_DIS/radiopaedia_7_85703_0.npz,6ad6339ffdc8b6e26f16eda4a14998cdda5aacc30afb7e5f0be7d9baa76d8ab3,89,248,288,float32,1.8551469388450315e-11,1.0,0.4802382904637078,0.4518108763617108,36,2.157162229999813,False,False,False
7,cova-batch07-rerun,0eb3f83ceecb35686f446cf3415250dbf266cee1,fold2_seed17,cova3d_c100_frg_fold2_seed17,C100_FRG,2,17,coronacases_006,heldout_final_outer_cv,0422481e58ae8f9c9856be0a930e2c48b48d11ce4c2e542969002e9b4f180dcb,/kaggle/working/cova3d_factorial_v1_0/batch07_fold2_seed17/predictions/C100_FRG/coronacases_006.npz,c3a64646e62eb2802d275827601a009fc0c4a0b0df907d9c048de59dd9580bb1,107,182,260,float32,2.015443367753278e-09,1.0,0.5157458270573272,0.4479778545001883,32,1.9982676609997725,False,False,False
7,cova-batch07-rerun,0eb3f83ceecb35686f446cf3415250dbf266cee1,fold2_seed17,cova3d_c100_frg_fold2_seed17,C100_FRG,2,17,coronacases_007,heldout_final_outer_cv,0422481e58ae8f9c9856be0a930e2c48b48d11ce4c2e542969002e9b4f180dcb,/kaggle/working/cova3d_factorial_v1_0/batch07_fold2_seed17/predictions/C100_FRG/coronacases_007.npz,50aa62c4d341816a22949688bb9cce6e56c80dfde7b5c80accf12d9cf23007c3,84,157,238,float32,4.4656136427567716e-11,1.0,0.5205568512470776,0.4475302201287064,18,1.102658578000046,False,False,False
7,cova-batch07-rerun,0eb3f83ceecb35686f446cf3415250dbf266cee1,fold2_seed17,cova3d_c100_frg_fold2_seed17,C100_FRG,2,17,radiopaedia_36_86526_0,heldout_final_outer_cv,0422481e58ae8f9c9856be0a930e2c48b48d11ce4c2e542969002e9b4f180dcb,/kaggle/working/cova3d_factorial_v1_0/batch07_fold2_seed17/predictions/C100_FRG/radiopaedia_36_86526_0.npz,894423af78cb6e6f40e7b9154cfaf3d0789cdcf786dce3ac0eafc2c30ffbfcc4,89,198,269,float32,2.73058486932598e-09,1.0,0.4213965294522178,0.455336612473195,36,2.2116030329998466,False,False,False
7,cova-batch07-rerun,0eb3f83ceecb35686f446cf3415250dbf266cee1,fold2_seed17,cova3d_c100_frg_fold2_seed17,C100_FRG,2,17,radiopaedia_7_85703_0,heldout_final_outer_cv,0422481e58ae8f9c9856be0a930e2c48b48d11ce4c2e542969002e9b4f180dcb,/kaggle/working/cova3d_factorial_v1_0/batch07_fold2_seed17/predictions/C100_FRG/radiopaedia_7_85703_0.npz,514a9926941b53f7e121f38fe7b834c05b363dfd4d67120262aef9250a22c2e8,89,248,288,float32,1.7449153233428658e-10,1.0,0.478477843916012,0.4553252928343259,36,2.3164186449994304,False,False,False
8,cova-batch08,520d672d11059594eb350643ddd9c5b64c513da8,fold2_seed29,cova3d_c50_coh_fold2_seed29,C50_COH,2,29,coronacases_006,heldout_final_outer_cv,89d8908066527ca97da86c4a9fbd2b9a709c5da290df4e1193039360d48b7195,/kaggle/working/cova3d_factorial_v1_0/batch08_fold2_seed29/predictions/C50_COH/coronacases_006.npz,f6d70920530f0ffa8609fffc7e5a67fa5c65f0be6396b688cc5cac810cefcbfe,107,182,260,float32,8.972310525891471e-34,1.0,0.341623292942643,0.4159373168211165,32,1.9403290620002736,False,False,False
8,cova-batch08,520d672d11059594eb350643ddd9c5b64c513da8,fold2_seed29,cova3d_c50_coh_fold2_seed29,C50_COH,2,29,coronacases_007,heldout_final_outer_cv,89d8908066527ca97da86c4a9fbd2b9a709c5da290df4e1193039360d48b7195,/kaggle/working/cova3d_factorial_v1_0/batch08_fold2_seed29/predictions/C50_COH/coronacases_007.npz,a0ad09fcc1f226a4ab22b69bdb94e768c6df0fa2cfe931a7084a31717cc53234,84,157,238,float32,9.456817040082392e-35,1.0,0.3623136885523064,0.4302380740018921,18,1.0593762389999029,False,False,False
8,cova-batch08,520d672d11059594eb350643ddd9c5b64c513da8,fold2_seed29,cova3d_c50_coh_fold2_seed29,C50_COH,2,29,radiopaedia_36_86526_0,heldout_final_outer_cv,89d8908066527ca97da86c4a9fbd2b9a709c5da290df4e1193039360d48b7195,/kaggle/working/cova3d_factorial_v1_0/batch08_fold2_seed29/predictions/C50_COH/radiopaedia_36_86526_0.npz,4e40dddb3a96b06b2c6685512eb53f79c1509506ef3c2ccb02263c592e6879d8,89,198,269,float32,1.3775873365642663e-26,1.0,0.2814470412411459,0.3966134941138711,36,2.06114546400022,False,False,False
8,cova-batch08,520d672d11059594eb350643ddd9c5b64c513da8,fold2_seed29,cova3d_c50_coh_fold2_seed29,C50_COH,2,29,radiopaedia_7_85703_0,heldout_final_outer_cv,89d8908066527ca97da86c4a9fbd2b9a709c5da290df4e1193039360d48b7195,/kaggle/working/cova3d_factorial_v1_0/batch08_fold2_seed29/predictions/C50_COH/radiopaedia_7_85703_0.npz,b589071f52fda54354e0efeb72f2e6abbf5b0e4cbc747da7cd39a5f909d26def,89,248,288,float32,1.0065050625428848e-32,1.0,0.3052778859266474,0.4011365180474627,36,2.134100948000196,False,False,False
8,cova-batch08,520d672d11059594eb350643ddd9c5b64c513da8,fold2_seed29,cova3d_c50_dis_fold2_seed29,C50_DIS,2,29,coronacases_006,heldout_final_outer_cv,a7e1301a73180844d205c7547942b0a7a5164a7d01401069dfbbd5d845024600,/kaggle/working/cova3d_factorial_v1_0/batch08_fold2_seed29/predictions/C50_DIS/coronacases_006.npz,11213cc3382dcedcc4d0cde4e3b92900a52f933ef270ed861dcb116b6b8a9a78,107,182,260,float32,2.0238956272601992e-16,1.0,0.2131922451405736,0.3548256808181463,32,1.8653257030000527,False,False,False
8,cova-batch08,520d672d11059594eb350643ddd9c5b64c513da8,fold2_seed29,cova3d_c50_dis_fold2_seed29,C50_DIS,2,29,coronacases_007,heldout_final_outer_cv,a7e1301a73180844d205c7547942b0a7a5164a7d01401069dfbbd5d845024600,/kaggle/working/cova3d_factorial_v1_0/batch08_fold2_seed29/predictions/C50_DIS/coronacases_007.npz,3517ebaa5815e10adef50d3a989eb40d2535a6e77853654cfb40bd8c65de75f7,84,157,238,float32,8.557993994452034e-15,1.0,0.2434605417128591,0.37291734307875,18,1.024809524000375,False,False,False
8,cova-batch08,520d672d11059594eb350643ddd9c5b64c513da8,fold2_seed29,cova3d_c50_dis_fold2_seed29,C50_DIS,2,29,radiopaedia_36_86526_0,heldout_final_outer_cv,a7e1301a73180844d205c7547942b0a7a5164a7d01401069dfbbd5d845024600,/kaggle/working/cova3d_factorial_v1_0/batch08_fold2_seed29/predictions/C50_DIS/radiopaedia_36_86526_0.npz,37e8821fc3f49577742c90634f1032af3a74b68fc45abaf3604feeef2e78f8b1,89,198,269,float32,3.445929082173098e-16,1.0,0.1690890257937902,0.3254139020454862,36,2.014013357999829,False,False,False
8,cova-batch08,520d672d11059594eb350643ddd9c5b64c513da8,fold2_seed29,cova3d_c50_dis_fold2_seed29,C50_DIS,2,29,radiopaedia_7_85703_0,heldout_final_outer_cv,a7e1301a73180844d205c7547942b0a7a5164a7d01401069dfbbd5d845024600,/kaggle/working/cova3d_factorial_v1_0/batch08_fold2_seed29/predictions/C50_DIS/radiopaedia_7_85703_0.npz,f2fb4204cc94a971ba423d231926e647763d7b4766e450e5499bc6cd0e397ee6,89,248,288,float32,1.3222597235201415e-16,1.0,0.1897269827731275,0.3480354633423984,36,2.07534538300024,False,False,False
8,cova-batch08,520d672d11059594eb350643ddd9c5b64c513da8,fold2_seed29,cova3d_c50_frg_fold2_seed29,C50_FRG,2,29,coronacases_006,heldout_final_outer_cv,822f5114687d51f9c2e56b0f6a61dc03a1d46f4ea58806997c3ea8361584304d,/kaggle/working/cova3d_factorial_v1_0/batch08_fold2_seed29/predictions/C50_FRG/coronacases_006.npz,697850fe2cf20a05b5820ac4e61a12250211cb8f4e7dca2269806e3899ef45ca,107,182,260,float32,5.287799321668896e-21,1.0,0.1760328580227378,0.326164159040785,32,1.880646476000038,False,False,False
8,cova-batch08,520d672d11059594eb350643ddd9c5b64c513da8,fold2_seed29,cova3d_c50_frg_fold2_seed29,C50_FRG,2,29,coronacases_007,heldout_final_outer_cv,822f5114687d51f9c2e56b0f6a61dc03a1d46f4ea58806997c3ea8361584304d,/kaggle/working/cova3d_factorial_v1_0/batch08_fold2_seed29/predictions/C50_FRG/coronacases_007.npz,dc9833b9d7de3f48a39b607aa7dc33cca1c015340762341ba5a2b617e5d9c03f,84,157,238,float32,1.5509657689950401e-21,1.0,0.2038855430700031,0.3508193272634693,18,1.0376111169998694,False,False,False
8,cova-batch08,520d672d11059594eb350643ddd9c5b64c513da8,fold2_seed29,cova3d_c50_frg_fold2_seed29,C50_FRG,2,29,radiopaedia_36_86526_0,heldout_final_outer_cv,822f5114687d51f9c2e56b0f6a61dc03a1d46f4ea58806997c3ea8361584304d,/kaggle/working/cova3d_factorial_v1_0/batch08_fold2_seed29/predictions/C50_FRG/radiopaedia_36_86526_0.npz,7aee66dcf3ce97a39b5d0553e36ccaa1bf80cd8e30df2314b1060c59fa37038e,89,198,269,float32,8.730188585093964e-21,1.0,0.1642231043807097,0.3156683421864955,36,2.0422131159994024,False,False,False
8,cova-batch08,520d672d11059594eb350643ddd9c5b64c513da8,fold2_seed29,cova3d_c50_frg_fold2_seed29,C50_FRG,2,29,radiopaedia_7_85703_0,heldout_final_outer_cv,822f5114687d51f9c2e56b0f6a61dc03a1d46f4ea58806997c3ea8361584304d,/kaggle/working/cova3d_factorial_v1_0/batch08_fold2_seed29/predictions/C50_FRG/radiopaedia_7_85703_0.npz,ed4c82901b66c3ff9de9934fd0749ea82b5b3aa133217d0016d5fe42fb66cb2e,89,248,288,float32,7.430378685028958e-23,1.0,0.1735589460702092,0.3314622578264072,36,2.103502124999977,False,False,False
8,cova-batch08,520d672d11059594eb350643ddd9c5b64c513da8,fold2_seed29,cova3d_c100_coh_fold2_seed29,C100_COH,2,29,coronacases_006,heldout_final_outer_cv,665e868a64ae626f2e3fbaa5de0e581fe27a2078fcf26fa631d5866b70134da3,/kaggle/working/cova3d_factorial_v1_0/batch08_fold2_seed29/predictions/C100_COH/coronacases_006.npz,d8b28acdf3e444930793d21814ba6cd65f6501b63790561e79c8787a6d5bb4f7,107,182,260,float32,2.695838959398378e-25,1.0,0.2875977970892585,0.4021888801776443,32,1.9640801589994223,False,False,False
8,cova-batch08,520d672d11059594eb350643ddd9c5b64c513da8,fold2_seed29,cova3d_c100_coh_fold2_seed29,C100_COH,2,29,coronacases_007,heldout_final_outer_cv,665e868a64ae626f2e3fbaa5de0e581fe27a2078fcf26fa631d5866b70134da3,/kaggle/working/cova3d_factorial_v1_0/batch08_fold2_seed29/predictions/C100_COH/coronacases_007.npz,16aefd72c5ff9de2af06c830c2dcfbe5711b97f4f7f080dacafaf5f3d09f6ed6,84,157,238,float32,2.3532377529446382e-24,1.0,0.3190751534341832,0.4217112876636616,18,1.0501759070002663,False,False,False
8,cova-batch08,520d672d11059594eb350643ddd9c5b64c513da8,fold2_seed29,cova3d_c100_coh_fold2_seed29,C100_COH,2,29,radiopaedia_36_86526_0,heldout_final_outer_cv,665e868a64ae626f2e3fbaa5de0e581fe27a2078fcf26fa631d5866b70134da3,/kaggle/working/cova3d_factorial_v1_0/batch08_fold2_seed29/predictions/C100_COH/radiopaedia_36_86526_0.npz,d6a6cd266bfbe2c8c956f8f223314062b1043da2609009f9add491303585bd5b,89,198,269,float32,1.778993045210156e-27,1.0,0.2490489733050265,0.3817618271127687,36,2.073342994000086,False,False,False
8,cova-batch08,520d672d11059594eb350643ddd9c5b64c513da8,fold2_seed29,cova3d_c100_coh_fold2_seed29,C100_COH,2,29,radiopaedia_7_85703_0,heldout_final_outer_cv,665e868a64ae626f2e3fbaa5de0e581fe27a2078fcf26fa631d5866b70134da3,/kaggle/working/cova3d_factorial_v1_0/batch08_fold2_seed29/predictions/C100_COH/radiopaedia_7_85703_0.npz,80f7171fe1b22881ac2703b480f3c589a4f95b0705b0a72e4aecae9cdff3afdf,89,248,288,float32,1.1314439755776522e-27,1.0,0.2606689433480398,0.3867551589960291,36,2.1453326600003493,False,False,False
8,cova-batch08,520d672d11059594eb350643ddd9c5b64c513da8,fold2_seed29,cova3d_c100_dis_fold2_seed29,C100_DIS,2,29,coronacases_006,heldout_final_outer_cv,ae198595cfc707e0befc605d0daf11845ee67359860834d814f9cf67e2afc99c,/kaggle/working/cova3d_factorial_v1_0/batch08_fold2_seed29/predictions/C100_DIS/coronacases_006.npz,201ac66d1309f557ccfd985b4e9bce9a3af345104f78eaedfa2af5edb4af46d6,107,182,260,float32,6.937739228593531e-14,1.0,0.2107803924339936,0.3622223921258662,32,1.9358706980001443,False,False,False
8,cova-batch08,520d672d11059594eb350643ddd9c5b64c513da8,fold2_seed29,cova3d_c100_dis_fold2_seed29,C100_DIS,2,29,coronacases_007,heldout_final_outer_cv,ae198595cfc707e0befc605d0daf11845ee67359860834d814f9cf67e2afc99c,/kaggle/working/cova3d_factorial_v1_0/batch08_fold2_seed29/predictions/C100_DIS/coronacases_007.npz,bdc2c4e509494ec28c8129c3e1392500efa2b06eaf4d94ab0cb751990bf79986,84,157,238,float32,4.445523251139739e-15,1.0,0.2417356732582447,0.3786262059663444,18,1.058668463999311,False,False,False
8,cova-batch08,520d672d11059594eb350643ddd9c5b64c513da8,fold2_seed29,cova3d_c100_dis_fold2_seed29,C100_DIS,2,29,radiopaedia_36_86526_0,heldout_final_outer_cv,ae198595cfc707e0befc605d0daf11845ee67359860834d814f9cf67e2afc99c,/kaggle/working/cova3d_factorial_v1_0/batch08_fold2_seed29/predictions/C100_DIS/radiopaedia_36_86526_0.npz,99fd54ba36bfa1b565f94ad381234b93283963379b6ae00ed3f08c850953ae5d,89,198,269,float32,4.649073959448246e-20,1.0,0.2078609789958067,0.3560977219901722,36,2.08558710699981,False,False,False
8,cova-batch08,520d672d11059594eb350643ddd9c5b64c513da8,fold2_seed29,cova3d_c100_dis_fold2_seed29,C100_DIS,2,29,radiopaedia_7_85703_0,heldout_final_outer_cv,ae198595cfc707e0befc605d0daf11845ee67359860834d814f9cf67e2afc99c,/kaggle/working/cova3d_factorial_v1_0/batch08_fold2_seed29/predictions/C100_DIS/radiopaedia_7_85703_0.npz,9df1b68ba0d4c4f98bb8bf25601d333ee3b6d64d2a70f1aacb1a44664364983d,89,248,288,float32,2.1923720686558556e-16,1.0,0.2179998704259801,0.3692795033022391,36,2.16128020799988,False,False,False
8,cova-batch08,520d672d11059594eb350643ddd9c5b64c513da8,fold2_seed29,cova3d_c100_frg_fold2_seed29,C100_FRG,2,29,coronacases_006,heldout_final_outer_cv,3b51b34724f0f3d711d9188fe5bf178f481cfcc6cbf7cc9c6c991a86427237d7,/kaggle/working/cova3d_factorial_v1_0/batch08_fold2_seed29/predictions/C100_FRG/coronacases_006.npz,1aaf90c4fe62a5996e649855f4570e13da66eb210631394ca5e01b1dc1c810d0,107,182,260,float32,1.7668438123696374e-15,1.0,0.2150049830552767,0.3652214894266869,32,1.9480377890004088,False,False,False
8,cova-batch08,520d672d11059594eb350643ddd9c5b64c513da8,fold2_seed29,cova3d_c100_frg_fold2_seed29,C100_FRG,2,29,coronacases_007,heldout_final_outer_cv,3b51b34724f0f3d711d9188fe5bf178f481cfcc6cbf7cc9c6c991a86427237d7,/kaggle/working/cova3d_factorial_v1_0/batch08_fold2_seed29/predictions/C100_FRG/coronacases_007.npz,e2d6f1caff3a7d0b6ecd1a0985ffa746f49004db33230934778fdaee12c329b3,84,157,238,float32,2.3097988765680673e-18,1.0,0.2448543683726517,0.3815195724966886,18,1.0670309670003917,False,False,False
8,cova-batch08,520d672d11059594eb350643ddd9c5b64c513da8,fold2_seed29,cova3d_c100_frg_fold2_seed29,C100_FRG,2,29,radiopaedia_36_86526_0,heldout_final_outer_cv,3b51b34724f0f3d711d9188fe5bf178f481cfcc6cbf7cc9c6c991a86427237d7,/kaggle/working/cova3d_factorial_v1_0/batch08_fold2_seed29/predictions/C100_FRG/radiopaedia_36_86526_0.npz,732b843d31ac5650583387ee73a43a3668b9f2f0d6843042e8c71d2f563c035a,89,198,269,float32,3.15553323297872e-17,1.0,0.1619593354709244,0.3211994047027859,36,2.0867398049995245,False,False,False
8,cova-batch08,520d672d11059594eb350643ddd9c5b64c513da8,fold2_seed29,cova3d_c100_frg_fold2_seed29,C100_FRG,2,29,radiopaedia_7_85703_0,heldout_final_outer_cv,3b51b34724f0f3d711d9188fe5bf178f481cfcc6cbf7cc9c6c991a86427237d7,/kaggle/working/cova3d_factorial_v1_0/batch08_fold2_seed29/predictions/C100_FRG/radiopaedia_7_85703_0.npz,b2ea4bf6b0c9147ea7bfb21b789f9a78276e0333b7cefb801681187bba20f901,89,248,288,float32,2.067381769376643e-17,1.0,0.1817631398298185,0.343323985638907,36,2.1315984809998554,False,False,False
9,cova-batch09,ecf561e92f02a59dad9916a523c95a91777099b4,fold2_seed43,cova3d_c50_coh_fold2_seed43,C50_COH,2,43,coronacases_006,heldout_final_outer_cv,6ac06e8333fe9501d6c072c91a12fd7a0fd57d418504f8b4aeae57ac47bb245a,/kaggle/working/cova3d_factorial_v1_0/batch09_fold2_seed43/predictions/C50_COH/coronacases_006.npz,f52b8a286b3eabf86c34a7155beaef8180a8768511f8de5fa093d61c509c0509,107,182,260,float32,7.620683151540918e-20,1.0,0.5344420049811096,0.4800188029590993,32,1.8357852500002991,False,False,False
9,cova-batch09,ecf561e92f02a59dad9916a523c95a91777099b4,fold2_seed43,cova3d_c50_coh_fold2_seed43,C50_COH,2,43,coronacases_007,heldout_final_outer_cv,6ac06e8333fe9501d6c072c91a12fd7a0fd57d418504f8b4aeae57ac47bb245a,/kaggle/working/cova3d_factorial_v1_0/batch09_fold2_seed43/predictions/C50_COH/coronacases_007.npz,798b71df3c6c032fd014e42bf600b260fe309cdfd636f480f9369dda822b6151,84,157,238,float32,1.529891056996016e-17,1.0,0.533851233120598,0.4802485788513655,18,1.067475290999937,False,False,False
9,cova-batch09,ecf561e92f02a59dad9916a523c95a91777099b4,fold2_seed43,cova3d_c50_coh_fold2_seed43,C50_COH,2,43,radiopaedia_36_86526_0,heldout_final_outer_cv,6ac06e8333fe9501d6c072c91a12fd7a0fd57d418504f8b4aeae57ac47bb245a,/kaggle/working/cova3d_factorial_v1_0/batch09_fold2_seed43/predictions/C50_COH/radiopaedia_36_86526_0.npz,6956d5bc4cbec4066f102ac9731d174a1c8217641e65b0daed2ef09962d7bca5,89,198,269,float32,2.8857912763515133e-15,1.0,0.4204132217916467,0.4698042155548987,36,1.9850467639998897,False,False,False
9,cova-batch09,ecf561e92f02a59dad9916a523c95a91777099b4,fold2_seed43,cova3d_c50_coh_fold2_seed43,C50_COH,2,43,radiopaedia_7_85703_0,heldout_final_outer_cv,6ac06e8333fe9501d6c072c91a12fd7a0fd57d418504f8b4aeae57ac47bb245a,/kaggle/working/cova3d_factorial_v1_0/batch09_fold2_seed43/predictions/C50_COH/radiopaedia_7_85703_0.npz,d01cc9d4473f74f1831ea1ecbeb35ab861bfab94fe76b4ddab71b29d7a0d2f9c,89,248,288,float32,1.0731897101954328e-18,1.0,0.4835285634514324,0.479941890106718,36,2.028713876000438,False,False,False
9,cova-batch09,ecf561e92f02a59dad9916a523c95a91777099b4,fold2_seed43,cova3d_c50_dis_fold2_seed43,C50_DIS,2,43,coronacases_006,heldout_final_outer_cv,cd9a6bb2d1f8c8d9f4c32083d15683e06e96ff011ca810d21903c48df82a4c07,/kaggle/working/cova3d_factorial_v1_0/batch09_fold2_seed43/predictions/C50_DIS/coronacases_006.npz,0447873d4d77c9cc4c69c43271d5e919b07bf869da07d6754bf7b94954f3d37a,107,182,260,float32,7.993476215141515e-13,1.0,0.5309104130903824,0.4483136087952625,32,1.8532010990002163,False,False,False
9,cova-batch09,ecf561e92f02a59dad9916a523c95a91777099b4,fold2_seed43,cova3d_c50_dis_fold2_seed43,C50_DIS,2,43,coronacases_007,heldout_final_outer_cv,cd9a6bb2d1f8c8d9f4c32083d15683e06e96ff011ca810d21903c48df82a4c07,/kaggle/working/cova3d_factorial_v1_0/batch09_fold2_seed43/predictions/C50_DIS/coronacases_007.npz,323d18a485f3eaeb8e948d037186cb4732ca32d436a1c2512b436de7c2153cea,84,157,238,float32,5.3126118955415524e-12,1.0,0.5336260708559037,0.4469189794800898,18,1.026226260999465,False,False,False
9,cova-batch09,ecf561e92f02a59dad9916a523c95a91777099b4,fold2_seed43,cova3d_c50_dis_fold2_seed43,C50_DIS,2,43,radiopaedia_36_86526_0,heldout_final_outer_cv,cd9a6bb2d1f8c8d9f4c32083d15683e06e96ff011ca810d21903c48df82a4c07,/kaggle/working/cova3d_factorial_v1_0/batch09_fold2_seed43/predictions/C50_DIS/radiopaedia_36_86526_0.npz,dd12342067621c83197271cc36b8c7b24e53e71f15d121e297b3a2d46995f7a8,89,198,269,float32,2.433017121106218e-10,1.0,0.4593447926101466,0.4514179282113356,36,2.007300237999516,False,False,False
9,cova-batch09,ecf561e92f02a59dad9916a523c95a91777099b4,fold2_seed43,cova3d_c50_dis_fold2_seed43,C50_DIS,2,43,radiopaedia_7_85703_0,heldout_final_outer_cv,cd9a6bb2d1f8c8d9f4c32083d15683e06e96ff011ca810d21903c48df82a4c07,/kaggle/working/cova3d_factorial_v1_0/batch09_fold2_seed43/predictions/C50_DIS/radiopaedia_7_85703_0.npz,18af64b1f53245bcfc8f54910204b7e46fb9a983a35a0d91ae7e256137c31f9b,89,248,288,float32,3.0542301306601357e-15,1.0,0.4950376832193273,0.456078350453497,36,2.0534225069995955,False,False,False
9,cova-batch09,ecf561e92f02a59dad9916a523c95a91777099b4,fold2_seed43,cova3d_c50_frg_fold2_seed43,C50_FRG,2,43,coronacases_006,heldout_final_outer_cv,9eaab2741e7dc6dd3ee49c4fbec61a666b9cc66deba6bdc2e128a9b3cad19a33,/kaggle/working/cova3d_factorial_v1_0/batch09_fold2_seed43/predictions/C50_FRG/coronacases_006.npz,155009220a2df877308b1fab1740486c82e1fef23d69f63ec0d31de32a98c984,107,182,260,float32,5.119340607658495e-16,1.0,0.528875003713853,0.4595687214785611,32,1.878224269000384,False,False,False
9,cova-batch09,ecf561e92f02a59dad9916a523c95a91777099b4,fold2_seed43,cova3d_c50_frg_fold2_seed43,C50_FRG,2,43,coronacases_007,heldout_final_outer_cv,9eaab2741e7dc6dd3ee49c4fbec61a666b9cc66deba6bdc2e128a9b3cad19a33,/kaggle/working/cova3d_factorial_v1_0/batch09_fold2_seed43/predictions/C50_FRG/coronacases_007.npz,712574fd47caf8f50c59816e1287d07930e7690776210b09c3c3794c5e114f65,84,157,238,float32,4.111452609709696e-15,1.0,0.5205998563286222,0.4571937563402522,18,1.098643020000054,False,False,False
9,cova-batch09,ecf561e92f02a59dad9916a523c95a91777099b4,fold2_seed43,cova3d_c50_frg_fold2_seed43,C50_FRG,2,43,radiopaedia_36_86526_0,heldout_final_outer_cv,9eaab2741e7dc6dd3ee49c4fbec61a666b9cc66deba6bdc2e128a9b3cad19a33,/kaggle/working/cova3d_factorial_v1_0/batch09_fold2_seed43/predictions/C50_FRG/radiopaedia_36_86526_0.npz,d989a8b6c3c4475e6a18b97b7f5db4d3a87f8810a09cef0a866c0157888d5fdf,89,198,269,float32,1.2790402146699994e-13,1.0,0.4478947686100591,0.4523663558367143,36,2.0219726309996986,False,False,False
9,cova-batch09,ecf561e92f02a59dad9916a523c95a91777099b4,fold2_seed43,cova3d_c50_frg_fold2_seed43,C50_FRG,2,43,radiopaedia_7_85703_0,heldout_final_outer_cv,9eaab2741e7dc6dd3ee49c4fbec61a666b9cc66deba6bdc2e128a9b3cad19a33,/kaggle/working/cova3d_factorial_v1_0/batch09_fold2_seed43/predictions/C50_FRG/radiopaedia_7_85703_0.npz,560785c5b1e9a3fee5ef76c0fe6700fd508c9592dc57787a92d392ffd97adf15,89,248,288,float32,1.105657781737252e-16,1.0,0.4896885951228112,0.4637245634618059,36,2.073919811999985,False,False,False
9,cova-batch09,ecf561e92f02a59dad9916a523c95a91777099b4,fold2_seed43,cova3d_c100_coh_fold2_seed43,C100_COH,2,43,coronacases_006,heldout_final_outer_cv,1ec77fd18eec29aecb895d64db7ac1578d045fdb2351f41da63a4727bcaa6c05,/kaggle/working/cova3d_factorial_v1_0/batch09_fold2_seed43/predictions/C100_COH/coronacases_006.npz,86ec290504c0462c632aff5db1040d01a0e66bab0a3701cc91db408cf18e0b26,107,182,260,float32,2.395561169272718e-18,1.0,0.5269188568929096,0.4789081558301066,32,1.8848925659995075,False,False,False
9,cova-batch09,ecf561e92f02a59dad9916a523c95a91777099b4,fold2_seed43,cova3d_c100_coh_fold2_seed43,C100_COH,2,43,coronacases_007,heldout_final_outer_cv,1ec77fd18eec29aecb895d64db7ac1578d045fdb2351f41da63a4727bcaa6c05,/kaggle/working/cova3d_factorial_v1_0/batch09_fold2_seed43/predictions/C100_COH/coronacases_007.npz,e9a1a9cc57e49894ecd5fd110a0aa6fd55edc768eeaec33c8dbfc8f9c284da90,84,157,238,float32,8.993667455515093e-17,1.0,0.5339021129484163,0.4792628107757832,18,1.1127106189996994,False,False,False
9,cova-batch09,ecf561e92f02a59dad9916a523c95a91777099b4,fold2_seed43,cova3d_c100_coh_fold2_seed43,C100_COH,2,43,radiopaedia_36_86526_0,heldout_final_outer_cv,1ec77fd18eec29aecb895d64db7ac1578d045fdb2351f41da63a4727bcaa6c05,/kaggle/working/cova3d_factorial_v1_0/batch09_fold2_seed43/predictions/C100_COH/radiopaedia_36_86526_0.npz,1c63d0615adb27c3baecd6495f31824100f7c42c0dd21b681fb22c744d84d8c6,89,198,269,float32,5.3596480687834534e-14,1.0,0.4133473931757379,0.4644173899255723,36,2.028837894000389,False,False,False
9,cova-batch09,ecf561e92f02a59dad9916a523c95a91777099b4,fold2_seed43,cova3d_c100_coh_fold2_seed43,C100_COH,2,43,radiopaedia_7_85703_0,heldout_final_outer_cv,1ec77fd18eec29aecb895d64db7ac1578d045fdb2351f41da63a4727bcaa6c05,/kaggle/working/cova3d_factorial_v1_0/batch09_fold2_seed43/predictions/C100_COH/radiopaedia_7_85703_0.npz,649a8610adfbc28b26d20726f3dd140df7b5a1c16fc8ec58c783a65aff5a0ccf,89,248,288,float32,2.4538782709973496e-17,1.0,0.486817228673357,0.4766100027610651,36,2.075008221000644,False,False,False
9,cova-batch09,ecf561e92f02a59dad9916a523c95a91777099b4,fold2_seed43,cova3d_c100_dis_fold2_seed43,C100_DIS,2,43,coronacases_006,heldout_final_outer_cv,708ede2b4e88d5bd63477d66909661648f148639dbba4c334552fe94825b9a9d,/kaggle/working/cova3d_factorial_v1_0/batch09_fold2_seed43/predictions/C100_DIS/coronacases_006.npz,860d3bbeeae6f5e15a3c76d6dfdbcbe18ecbd5f086cc76db39845f6607c96861,107,182,260,float32,9.584765869874444e-09,1.0,0.5413853783665444,0.4363703219767408,32,1.9115687430003163,False,False,False
9,cova-batch09,ecf561e92f02a59dad9916a523c95a91777099b4,fold2_seed43,cova3d_c100_dis_fold2_seed43,C100_DIS,2,43,coronacases_007,heldout_final_outer_cv,708ede2b4e88d5bd63477d66909661648f148639dbba4c334552fe94825b9a9d,/kaggle/working/cova3d_factorial_v1_0/batch09_fold2_seed43/predictions/C100_DIS/coronacases_007.npz,e72c7d6c00e278594e043cf6bb52f7a439d6bf9299d70d1ed45817765ee6ac46,84,157,238,float32,7.339875907064197e-08,1.0,0.5497042420155248,0.4352642700360541,18,1.0345796640003757,False,False,False
9,cova-batch09,ecf561e92f02a59dad9916a523c95a91777099b4,fold2_seed43,cova3d_c100_dis_fold2_seed43,C100_DIS,2,43,radiopaedia_36_86526_0,heldout_final_outer_cv,708ede2b4e88d5bd63477d66909661648f148639dbba4c334552fe94825b9a9d,/kaggle/working/cova3d_factorial_v1_0/batch09_fold2_seed43/predictions/C100_DIS/radiopaedia_36_86526_0.npz,3518289f0e2aa5a455a5220d084b3636a76ed1108d88c39232b9efe368ba9f5e,89,198,269,float32,1.0430973418351641e-07,1.0,0.4689395968174101,0.4487115187485883,36,2.0305627719999397,False,False,False
9,cova-batch09,ecf561e92f02a59dad9916a523c95a91777099b4,fold2_seed43,cova3d_c100_dis_fold2_seed43,C100_DIS,2,43,radiopaedia_7_85703_0,heldout_final_outer_cv,708ede2b4e88d5bd63477d66909661648f148639dbba4c334552fe94825b9a9d,/kaggle/working/cova3d_factorial_v1_0/batch09_fold2_seed43/predictions/C100_DIS/radiopaedia_7_85703_0.npz,de9a3bd02c98df764c4e35ea276718bbdefef764fb96ec9176654858bbecd2ba,89,248,288,float32,6.553337733583575e-11,1.0,0.4964302265896123,0.4464126195518252,36,2.075739266999335,False,False,False
9,cova-batch09,ecf561e92f02a59dad9916a523c95a91777099b4,fold2_seed43,cova3d_c100_frg_fold2_seed43,C100_FRG,2,43,coronacases_006,heldout_final_outer_cv,4863ada9d11a1df933f0b665e949460767abecaab301086bed2065e3871574b1,/kaggle/working/cova3d_factorial_v1_0/batch09_fold2_seed43/predictions/C100_FRG/coronacases_006.npz,55b3e3a30de037f51e15b88ca368b186a943d45bc78a02eb9b5c09810add20c7,107,182,260,float32,5.584882057686757e-13,1.0,0.5051444085869049,0.4473046440010405,32,1.894409628000176,False,False,False
9,cova-batch09,ecf561e92f02a59dad9916a523c95a91777099b4,fold2_seed43,cova3d_c100_frg_fold2_seed43,C100_FRG,2,43,coronacases_007,heldout_final_outer_cv,4863ada9d11a1df933f0b665e949460767abecaab301086bed2065e3871574b1,/kaggle/working/cova3d_factorial_v1_0/batch09_fold2_seed43/predictions/C100_FRG/coronacases_007.npz,d9c5b9b8aacc59e83055173bb4d7cf3b37d307a86e7390f75eb19fcddeb853c2,84,157,238,float32,6.8750309265008794e-12,1.0,0.5060434977399714,0.448460442460707,18,1.04637866900066,False,False,False
9,cova-batch09,ecf561e92f02a59dad9916a523c95a91777099b4,fold2_seed43,cova3d_c100_frg_fold2_seed43,C100_FRG,2,43,radiopaedia_36_86526_0,heldout_final_outer_cv,4863ada9d11a1df933f0b665e949460767abecaab301086bed2065e3871574b1,/kaggle/working/cova3d_factorial_v1_0/batch09_fold2_seed43/predictions/C100_FRG/radiopaedia_36_86526_0.npz,4a4f14bee1258e6041dd7f5e19959f42979b161185501ae406587551272f3111,89,198,269,float32,6.94146183675276e-13,1.0,0.4169496416473509,0.445900518354718,36,2.0141821780007376,False,False,False
9,cova-batch09,ecf561e92f02a59dad9916a523c95a91777099b4,fold2_seed43,cova3d_c100_frg_fold2_seed43,C100_FRG,2,43,radiopaedia_7_85703_0,heldout_final_outer_cv,4863ada9d11a1df933f0b665e949460767abecaab301086bed2065e3871574b1,/kaggle/working/cova3d_factorial_v1_0/batch09_fold2_seed43/predictions/C100_FRG/radiopaedia_7_85703_0.npz,b79c5230332271d943762343a1b8b0437af05c561439a7324edd924b69d38bb8,89,248,288,float32,2.2967383068095082e-14,1.0,0.4578875690739479,0.4497525528058853,36,2.070117512000252,False,False,False
10,cova-batch10,57cb3a82462dc159f2a0dd2e5f7d2300f1e1d39f,fold3_seed17,cova3d_c50_coh_fold3_seed17,C50_COH,3,17,coronacases_001,heldout_final_outer_cv,bf91583342c85bd5077085a596da5ebe3d6ad8c5e9c854fa60359f57c2d2dc31,/kaggle/working/cova3d_factorial_v1_0/batch10_fold3_seed17/predictions/C50_COH/coronacases_001.npz,206f786bc9e1241b5cbeb2cafc116d6174bf7be16676cca7fd4182dcb16cad4f,89,184,194,float32,1.2461599116630321e-21,1.0,0.621626482932284,0.4662429987940916,18,1.047840346999692,False,False,False
10,cova-batch10,57cb3a82462dc159f2a0dd2e5f7d2300f1e1d39f,fold3_seed17,cova3d_c50_coh_fold3_seed17,C50_COH,3,17,coronacases_003,heldout_final_outer_cv,bf91583342c85bd5077085a596da5ebe3d6ad8c5e9c854fa60359f57c2d2dc31,/kaggle/working/cova3d_factorial_v1_0/batch10_fold3_seed17/predictions/C50_COH/coronacases_003.npz,250c96de4a222133f8682551828db5b5f64ad023082f5b6899be19601e34e715,87,144,206,float32,5.758183776101879e-22,1.0,0.638177364026763,0.4566967520983579,18,0.9848236739999264,False,False,False
10,cova-batch10,57cb3a82462dc159f2a0dd2e5f7d2300f1e1d39f,fold3_seed17,cova3d_c50_coh_fold3_seed17,C50_COH,3,17,coronacases_009,heldout_final_outer_cv,bf91583342c85bd5077085a596da5ebe3d6ad8c5e9c854fa60359f57c2d2dc31,/kaggle/working/cova3d_factorial_v1_0/batch10_fold3_seed17/predictions/C50_COH/coronacases_009.npz,6d6046a7eab8a7fd819509cdb8dea5c123243709e85164d412432fb51c3a827c,86,159,231,float32,2.4726972089593603e-19,1.0,0.5717882234942525,0.4766376408497575,18,1.0028018169996358,False,False,False
10,cova-batch10,57cb3a82462dc159f2a0dd2e5f7d2300f1e1d39f,fold3_seed17,cova3d_c50_coh_fold3_seed17,C50_COH,3,17,radiopaedia_40_86625_0,heldout_final_outer_cv,bf91583342c85bd5077085a596da5ebe3d6ad8c5e9c854fa60359f57c2d2dc31,/kaggle/working/cova3d_factorial_v1_0/batch10_fold3_seed17/predictions/C50_COH/radiopaedia_40_86625_0.npz,33ae4d71ad8a30738a50ce1ed859cfdd33ac966567dca956c89eb9528ee3422e,124,213,288,float32,1.7464130885919331e-22,1.0,0.488011281505512,0.4819017781828194,60,3.36368710700026,False,False,False
10,cova-batch10,57cb3a82462dc159f2a0dd2e5f7d2300f1e1d39f,fold3_seed17,cova3d_c50_dis_fold3_seed17,C50_DIS,3,17,coronacases_001,heldout_final_outer_cv,56bbf3aafc02f697eaf93637cf5f195cc525585c04bb1e05cba8e9de20905cb3,/kaggle/working/cova3d_factorial_v1_0/batch10_fold3_seed17/predictions/C50_DIS/coronacases_001.npz,e786004b60d30fbf3bff9e0927c20fb35a2f631d43b255d0bbb5f859ff02342d,89,184,194,float32,9.236413717195193e-12,1.0,0.5747435438577638,0.4452239063912009,18,1.0494562829999268,False,False,False
10,cova-batch10,57cb3a82462dc159f2a0dd2e5f7d2300f1e1d39f,fold3_seed17,cova3d_c50_dis_fold3_seed17,C50_DIS,3,17,coronacases_003,heldout_final_outer_cv,56bbf3aafc02f697eaf93637cf5f195cc525585c04bb1e05cba8e9de20905cb3,/kaggle/working/cova3d_factorial_v1_0/batch10_fold3_seed17/predictions/C50_DIS/coronacases_003.npz,6701ac744ce19d8e0763443c1ecbed49f2cf3802b6086b7085c009dce121c0bb,87,144,206,float32,6.067193622505407e-12,1.0,0.5941524726644363,0.4312777819462809,18,1.0113915299998553,False,False,False
10,cova-batch10,57cb3a82462dc159f2a0dd2e5f7d2300f1e1d39f,fold3_seed17,cova3d_c50_dis_fold3_seed17,C50_DIS,3,17,coronacases_009,heldout_final_outer_cv,56bbf3aafc02f697eaf93637cf5f195cc525585c04bb1e05cba8e9de20905cb3,/kaggle/working/cova3d_factorial_v1_0/batch10_fold3_seed17/predictions/C50_DIS/coronacases_009.npz,f603bac5b2adc2376e6c6bb2035034883eaaa9ca4263991852487c9b98b8d201,86,159,231,float32,1.2126538662116102e-09,1.0,0.5476115956930047,0.4546625031171235,18,1.0151247060002788,False,False,False
10,cova-batch10,57cb3a82462dc159f2a0dd2e5f7d2300f1e1d39f,fold3_seed17,cova3d_c50_dis_fold3_seed17,C50_DIS,3,17,radiopaedia_40_86625_0,heldout_final_outer_cv,56bbf3aafc02f697eaf93637cf5f195cc525585c04bb1e05cba8e9de20905cb3,/kaggle/working/cova3d_factorial_v1_0/batch10_fold3_seed17/predictions/C50_DIS/radiopaedia_40_86625_0.npz,5d35ae3610652252ef013a4b75d72518398d6537bdb2ee295399ee1fbd24fd8c,124,213,288,float32,2.1160798807651204e-11,1.0,0.4645040546112163,0.4543099859456923,60,3.431044868999379,False,False,False
10,cova-batch10,57cb3a82462dc159f2a0dd2e5f7d2300f1e1d39f,fold3_seed17,cova3d_c50_frg_fold3_seed17,C50_FRG,3,17,coronacases_001,heldout_final_outer_cv,f713cf5c4249ffc85b1c12fc811576481be43d11cc518d509c8379db13e29030,/kaggle/working/cova3d_factorial_v1_0/batch10_fold3_seed17/predictions/C50_FRG/coronacases_001.npz,0f0e56cea19b9068775b181ffe26f22a62062baf07d2d8a5326e7c9ffe31bf10,89,184,194,float32,9.964582327673388e-13,1.0,0.5270301161260413,0.4354256615749577,18,1.115916789000039,False,False,False
10,cova-batch10,57cb3a82462dc159f2a0dd2e5f7d2300f1e1d39f,fold3_seed17,cova3d_c50_frg_fold3_seed17,C50_FRG,3,17,coronacases_003,heldout_final_outer_cv,f713cf5c4249ffc85b1c12fc811576481be43d11cc518d509c8379db13e29030,/kaggle/working/cova3d_factorial_v1_0/batch10_fold3_seed17/predictions/C50_FRG/coronacases_003.npz,76bfb2219ac04e06b55ce1b6be60d037e9c56fc20e45371f85d1dc894ea2268c,87,144,206,float32,3.2618949208362835e-11,1.0,0.529762971455445,0.428582438426559,18,1.0236688240001968,False,False,False
10,cova-batch10,57cb3a82462dc159f2a0dd2e5f7d2300f1e1d39f,fold3_seed17,cova3d_c50_frg_fold3_seed17,C50_FRG,3,17,coronacases_009,heldout_final_outer_cv,f713cf5c4249ffc85b1c12fc811576481be43d11cc518d509c8379db13e29030,/kaggle/working/cova3d_factorial_v1_0/batch10_fold3_seed17/predictions/C50_FRG/coronacases_009.npz,74b69cd5a8072cbc2593cc35ed63af5745fba3b207297f1b859d041c450ad244,86,159,231,float32,6.905472027529669e-11,1.0,0.5032290664579329,0.4410702311693158,18,1.0353242609999145,False,False,False
10,cova-batch10,57cb3a82462dc159f2a0dd2e5f7d2300f1e1d39f,fold3_seed17,cova3d_c50_frg_fold3_seed17,C50_FRG,3,17,radiopaedia_40_86625_0,heldout_final_outer_cv,f713cf5c4249ffc85b1c12fc811576481be43d11cc518d509c8379db13e29030,/kaggle/working/cova3d_factorial_v1_0/batch10_fold3_seed17/predictions/C50_FRG/radiopaedia_40_86625_0.npz,e393269c6f4404d657ccbaf840e0f7488229e1044feac31828f331e51fc9b27b,124,213,288,float32,5.602733840327052e-16,1.0,0.4396330094488416,0.4400453304248889,60,3.4820944089997283,False,False,False
10,cova-batch10,57cb3a82462dc159f2a0dd2e5f7d2300f1e1d39f,fold3_seed17,cova3d_c100_coh_fold3_seed17,C100_COH,3,17,coronacases_001,heldout_final_outer_cv,5d5670c30cff2c79a8398d3237e5c76564466e134cb6bd29dc02c2e917fd3654,/kaggle/working/cova3d_factorial_v1_0/batch10_fold3_seed17/predictions/C100_COH/coronacases_001.npz,fe1166a01846d5a6c62c7ec79e770b78704f259d63e121b4720e09ce53311891,89,184,194,float32,4.042879007099666e-23,1.0,0.6050461663745569,0.4685299771434844,18,1.085217840999576,False,False,False
10,cova-batch10,57cb3a82462dc159f2a0dd2e5f7d2300f1e1d39f,fold3_seed17,cova3d_c100_coh_fold3_seed17,C100_COH,3,17,coronacases_003,heldout_final_outer_cv,5d5670c30cff2c79a8398d3237e5c76564466e134cb6bd29dc02c2e917fd3654,/kaggle/working/cova3d_factorial_v1_0/batch10_fold3_seed17/predictions/C100_COH/coronacases_003.npz,2562de32f1884c154ca6d18a8d851ac809a6619605d314e8464759e678811e10,87,144,206,float32,2.9961233003133486e-25,1.0,0.6329672710869163,0.4533758389810035,18,1.0208772349997162,False,False,False
10,cova-batch10,57cb3a82462dc159f2a0dd2e5f7d2300f1e1d39f,fold3_seed17,cova3d_c100_coh_fold3_seed17,C100_COH,3,17,coronacases_009,heldout_final_outer_cv,5d5670c30cff2c79a8398d3237e5c76564466e134cb6bd29dc02c2e917fd3654,/kaggle/working/cova3d_factorial_v1_0/batch10_fold3_seed17/predictions/C100_COH/coronacases_009.npz,da8b00455899d7d325bea199a289d142bf267c787a9902aa5e8f10a79ac318b3,86,159,231,float32,2.774448108151244e-20,1.0,0.5525622945478834,0.4800143016873727,18,1.029996360000041,False,False,False
10,cova-batch10,57cb3a82462dc159f2a0dd2e5f7d2300f1e1d39f,fold3_seed17,cova3d_c100_coh_fold3_seed17,C100_COH,3,17,radiopaedia_40_86625_0,heldout_final_outer_cv,5d5670c30cff2c79a8398d3237e5c76564466e134cb6bd29dc02c2e917fd3654,/kaggle/working/cova3d_factorial_v1_0/batch10_fold3_seed17/predictions/C100_COH/radiopaedia_40_86625_0.npz,1d2694cc21662c3d781cdfbf12fdfe3f452f566789a93d0b71308acdee7cf18b,124,213,288,float32,4.8859322899266466e-24,1.0,0.4821648729011076,0.4811192621391044,60,3.4903120790004323,False,False,False
10,cova-batch10,57cb3a82462dc159f2a0dd2e5f7d2300f1e1d39f,fold3_seed17,cova3d_c100_dis_fold3_seed17,C100_DIS,3,17,coronacases_001,heldout_final_outer_cv,600698a2b07211d2cc5df2bff521dcb7902bacb9539efc3b49cf34549f43bbc9,/kaggle/working/cova3d_factorial_v1_0/batch10_fold3_seed17/predictions/C100_DIS/coronacases_001.npz,4d1066455041cb43131e988a105f89160f6956869c3324fdbcc87d185c151c90,89,184,194,float32,9.343546769624568e-11,1.0,0.5364916340557306,0.4289504313669164,18,1.1062295239999005,False,False,False
10,cova-batch10,57cb3a82462dc159f2a0dd2e5f7d2300f1e1d39f,fold3_seed17,cova3d_c100_dis_fold3_seed17,C100_DIS,3,17,coronacases_003,heldout_final_outer_cv,600698a2b07211d2cc5df2bff521dcb7902bacb9539efc3b49cf34549f43bbc9,/kaggle/working/cova3d_factorial_v1_0/batch10_fold3_seed17/predictions/C100_DIS/coronacases_003.npz,063e8084790e00aa45a119f2756c7d2c2b92576496ffc9f8c694243bd62e6e9d,87,144,206,float32,2.0759459689462245e-12,1.0,0.5466292755804949,0.4258256177712623,18,1.0329381519995875,False,False,False
10,cova-batch10,57cb3a82462dc159f2a0dd2e5f7d2300f1e1d39f,fold3_seed17,cova3d_c100_dis_fold3_seed17,C100_DIS,3,17,coronacases_009,heldout_final_outer_cv,600698a2b07211d2cc5df2bff521dcb7902bacb9539efc3b49cf34549f43bbc9,/kaggle/working/cova3d_factorial_v1_0/batch10_fold3_seed17/predictions/C100_DIS/coronacases_009.npz,d75cdeb93cb64d40b48d3125166eb53a6927b0484c9741ecc0f64ce830580fd1,86,159,231,float32,6.499503713008892e-10,1.0,0.5265214625078409,0.4325907793345182,18,1.041757328999665,False,False,False
10,cova-batch10,57cb3a82462dc159f2a0dd2e5f7d2300f1e1d39f,fold3_seed17,cova3d_c100_dis_fold3_seed17,C100_DIS,3,17,radiopaedia_40_86625_0,heldout_final_outer_cv,600698a2b07211d2cc5df2bff521dcb7902bacb9539efc3b49cf34549f43bbc9,/kaggle/working/cova3d_factorial_v1_0/batch10_fold3_seed17/predictions/C100_DIS/radiopaedia_40_86625_0.npz,d6eded34ad673e433e3e191fdab95f01c641600e149422a526aa04538e3b2c5c,124,213,288,float32,5.954665471645526e-13,1.0,0.4567606605039523,0.436009293044004,60,3.4877772230001938,False,False,False
10,cova-batch10,57cb3a82462dc159f2a0dd2e5f7d2300f1e1d39f,fold3_seed17,cova3d_c100_frg_fold3_seed17,C100_FRG,3,17,coronacases_001,heldout_final_outer_cv,850ef39b69474143e058c2276193dfa6b40f2fe9bff6921dc8bcd3454fd376c7,/kaggle/working/cova3d_factorial_v1_0/batch10_fold3_seed17/predictions/C100_FRG/coronacases_001.npz,7911896c0ebdbd4d9d5fdef1abc426839675067f45356ffa6c07cf9d126f1155,89,184,194,float32,1.2859845133217362e-10,1.0,0.5701624032980224,0.4290462798497844,18,1.0878229950003515,False,False,False
10,cova-batch10,57cb3a82462dc159f2a0dd2e5f7d2300f1e1d39f,fold3_seed17,cova3d_c100_frg_fold3_seed17,C100_FRG,3,17,coronacases_003,heldout_final_outer_cv,850ef39b69474143e058c2276193dfa6b40f2fe9bff6921dc8bcd3454fd376c7,/kaggle/working/cova3d_factorial_v1_0/batch10_fold3_seed17/predictions/C100_FRG/coronacases_003.npz,c6054d223aece6b96a9a793e0b09626f6ad2d4ce529c14e4793e58abe0fec022,87,144,206,float32,2.0642587032077e-12,1.0,0.5687312852726941,0.4163747906335321,18,1.0205764069996803,False,False,False
10,cova-batch10,57cb3a82462dc159f2a0dd2e5f7d2300f1e1d39f,fold3_seed17,cova3d_c100_frg_fold3_seed17,C100_FRG,3,17,coronacases_009,heldout_final_outer_cv,850ef39b69474143e058c2276193dfa6b40f2fe9bff6921dc8bcd3454fd376c7,/kaggle/working/cova3d_factorial_v1_0/batch10_fold3_seed17/predictions/C100_FRG/coronacases_009.npz,a1311e7b2ccbf58825c4901a81ae71d837468f6e2226b13dd641283e5b455fc7,86,159,231,float32,4.4197565052250804e-10,1.0,0.5454782444743631,0.4398194549094092,18,1.0189060009997777,False,False,False
10,cova-batch10,57cb3a82462dc159f2a0dd2e5f7d2300f1e1d39f,fold3_seed17,cova3d_c100_frg_fold3_seed17,C100_FRG,3,17,radiopaedia_40_86625_0,heldout_final_outer_cv,850ef39b69474143e058c2276193dfa6b40f2fe9bff6921dc8bcd3454fd376c7,/kaggle/working/cova3d_factorial_v1_0/batch10_fold3_seed17/predictions/C100_FRG/radiopaedia_40_86625_0.npz,aba12769ca3790f851b86db223b8f5d1279503b2b71a70119d52a84690ba2da5,124,213,288,float32,8.194832833152699e-12,1.0,0.4686823416110385,0.4412712263207925,60,3.4245264130004216,False,False,False
11,cova-batch11,9c80565929ffe5b7b7af0e969acb01a3f11a4c7b,fold3_seed29,cova3d_c50_coh_fold3_seed29,C50_COH,3,29,coronacases_001,heldout_final_outer_cv,e0ea923e9b07cbd5b9cee59cdac75a87e81e94f80a5a87906948bf2a6ae091c0,/kaggle/working/cova3d_factorial_v1_0/batch11_fold3_seed29/predictions/C50_COH/coronacases_001.npz,17b1e8a5e58b47a797d59150df60039766ecb07cafe51845848fa85b10c2bbcf,89,184,194,float32,3.745849488720407e-37,1.0,0.5074770689702972,0.4507561709212043,18,1.1956055769996965,False,False,False
11,cova-batch11,9c80565929ffe5b7b7af0e969acb01a3f11a4c7b,fold3_seed29,cova3d_c50_coh_fold3_seed29,C50_COH,3,29,coronacases_003,heldout_final_outer_cv,e0ea923e9b07cbd5b9cee59cdac75a87e81e94f80a5a87906948bf2a6ae091c0,/kaggle/working/cova3d_factorial_v1_0/batch11_fold3_seed29/predictions/C50_COH/coronacases_003.npz,1f1c2caf360df90cabdd0be3725b0ba5885b1ab8e350f0b2d6b5e4af605f3cb2,87,144,206,float32,2.5201371299333545e-36,1.0,0.5189304235818891,0.4454425568783937,18,1.1123288320004576,False,False,False
11,cova-batch11,9c80565929ffe5b7b7af0e969acb01a3f11a4c7b,fold3_seed29,cova3d_c50_coh_fold3_seed29,C50_COH,3,29,coronacases_009,heldout_final_outer_cv,e0ea923e9b07cbd5b9cee59cdac75a87e81e94f80a5a87906948bf2a6ae091c0,/kaggle/working/cova3d_factorial_v1_0/batch11_fold3_seed29/predictions/C50_COH/coronacases_009.npz,8637a4ed23dad1e598780986979983765812dd5d891b187c4301aa0c97199476,86,159,231,float32,8.513328726060839e-28,1.0,0.481354053532163,0.4545780187622117,18,1.1379476659994907,False,False,False
11,cova-batch11,9c80565929ffe5b7b7af0e969acb01a3f11a4c7b,fold3_seed29,cova3d_c50_coh_fold3_seed29,C50_COH,3,29,radiopaedia_40_86625_0,heldout_final_outer_cv,e0ea923e9b07cbd5b9cee59cdac75a87e81e94f80a5a87906948bf2a6ae091c0,/kaggle/working/cova3d_factorial_v1_0/batch11_fold3_seed29/predictions/C50_COH/radiopaedia_40_86625_0.npz,a03a917d5af00dcf3fa86e330eed999ae91a1c62738630538ff7c4ac6da9669b,124,213,288,float32,3.341519188556531e-36,1.0,0.4187662294654219,0.4510506960192704,60,3.765884616999756,False,False,False
11,cova-batch11,9c80565929ffe5b7b7af0e969acb01a3f11a4c7b,fold3_seed29,cova3d_c50_dis_fold3_seed29,C50_DIS,3,29,coronacases_001,heldout_final_outer_cv,be06fcdc36aaafc610bee516f77551b0bbe971362d34e2bfbad10cd30db3b1c8,/kaggle/working/cova3d_factorial_v1_0/batch11_fold3_seed29/predictions/C50_DIS/coronacases_001.npz,e8d99d46a8c5b48861070d9bb500a196db8d4d4d9c742cfc6b9c77cefdb07677,89,184,194,float32,2.1896368305243266e-18,1.0,0.3354484226569684,0.4041983120305762,18,1.2384209609999743,False,False,False
11,cova-batch11,9c80565929ffe5b7b7af0e969acb01a3f11a4c7b,fold3_seed29,cova3d_c50_dis_fold3_seed29,C50_DIS,3,29,coronacases_003,heldout_final_outer_cv,be06fcdc36aaafc610bee516f77551b0bbe971362d34e2bfbad10cd30db3b1c8,/kaggle/working/cova3d_factorial_v1_0/batch11_fold3_seed29/predictions/C50_DIS/coronacases_003.npz,91569b317a353cdcd21738b280bd41a228066c817dc1730228af40acb3477b6d,87,144,206,float32,2.5091645002395254e-20,1.0,0.3103739065137087,0.3970138491866436,18,1.1477365410000857,False,False,False
11,cova-batch11,9c80565929ffe5b7b7af0e969acb01a3f11a4c7b,fold3_seed29,cova3d_c50_dis_fold3_seed29,C50_DIS,3,29,coronacases_009,heldout_final_outer_cv,be06fcdc36aaafc610bee516f77551b0bbe971362d34e2bfbad10cd30db3b1c8,/kaggle/working/cova3d_factorial_v1_0/batch11_fold3_seed29/predictions/C50_DIS/coronacases_009.npz,7f1b70053921beb74fe042149c0f97371699b68f596543f5063dab098c8a3a6a,86,159,231,float32,1.3381119451280057e-15,1.0,0.3263994767228645,0.4046482486502761,18,1.1552698559999044,False,False,False
11,cova-batch11,9c80565929ffe5b7b7af0e969acb01a3f11a4c7b,fold3_seed29,cova3d_c50_dis_fold3_seed29,C50_DIS,3,29,radiopaedia_40_86625_0,heldout_final_outer_cv,be06fcdc36aaafc610bee516f77551b0bbe971362d34e2bfbad10cd30db3b1c8,/kaggle/working/cova3d_factorial_v1_0/batch11_fold3_seed29/predictions/C50_DIS/radiopaedia_40_86625_0.npz,2b5677b0a31cdb06253fdd3a3935e97f400ab04f5b37b428f64f1fc02bbedac6,124,213,288,float32,5.0619573018555685e-16,1.0,0.2410442471490873,0.3697987720517173,60,3.844405495000501,False,False,False
11,cova-batch11,9c80565929ffe5b7b7af0e969acb01a3f11a4c7b,fold3_seed29,cova3d_c50_frg_fold3_seed29,C50_FRG,3,29,coronacases_001,heldout_final_outer_cv,c26f22205833a6521ad13fa8c0e4974a6040e39eef31c3fe16d53777fd5ebaab,/kaggle/working/cova3d_factorial_v1_0/batch11_fold3_seed29/predictions/C50_FRG/coronacases_001.npz,cbd95df32555f86f74073be72da14fbec0624186262a0685ea65ef34cd95e96a,89,184,194,float32,6.252315099581097e-20,1.0,0.3216493365716986,0.4034631184368755,18,1.2104799819999243,False,False,False
11,cova-batch11,9c80565929ffe5b7b7af0e969acb01a3f11a4c7b,fold3_seed29,cova3d_c50_frg_fold3_seed29,C50_FRG,3,29,coronacases_003,heldout_final_outer_cv,c26f22205833a6521ad13fa8c0e4974a6040e39eef31c3fe16d53777fd5ebaab,/kaggle/working/cova3d_factorial_v1_0/batch11_fold3_seed29/predictions/C50_FRG/coronacases_003.npz,e4fbf60a05cb23c30576c6d3933ba129c46e08e56867998c09dcfe69daed147c,87,144,206,float32,7.588508087534593e-21,1.0,0.3118448012725115,0.4012703607758936,18,1.15937942400069,False,False,False
11,cova-batch11,9c80565929ffe5b7b7af0e969acb01a3f11a4c7b,fold3_seed29,cova3d_c50_frg_fold3_seed29,C50_FRG,3,29,coronacases_009,heldout_final_outer_cv,c26f22205833a6521ad13fa8c0e4974a6040e39eef31c3fe16d53777fd5ebaab,/kaggle/working/cova3d_factorial_v1_0/batch11_fold3_seed29/predictions/C50_FRG/coronacases_009.npz,9bc98a9e7d47e2b496e758f84c23d102264c96a1097b41c91df24ebd34aa680b,86,159,231,float32,9.787993033163945e-19,1.0,0.3080057068945434,0.3987983937849588,18,1.1381300409993855,False,False,False
11,cova-batch11,9c80565929ffe5b7b7af0e969acb01a3f11a4c7b,fold3_seed29,cova3d_c50_frg_fold3_seed29,C50_FRG,3,29,radiopaedia_40_86625_0,heldout_final_outer_cv,c26f22205833a6521ad13fa8c0e4974a6040e39eef31c3fe16d53777fd5ebaab,/kaggle/working/cova3d_factorial_v1_0/batch11_fold3_seed29/predictions/C50_FRG/radiopaedia_40_86625_0.npz,bc25d89ddddb539e41003e0ce605450d93ff9766bd7dee41e7a2f2d1de14fb1d,124,213,288,float32,5.7558623503728804e-27,1.0,0.2655781903847717,0.3763678257568424,60,3.8657146220002687,False,False,False
11,cova-batch11,9c80565929ffe5b7b7af0e969acb01a3f11a4c7b,fold3_seed29,cova3d_c100_coh_fold3_seed29,C100_COH,3,29,coronacases_001,heldout_final_outer_cv,bf60ad489daae0f559d9b63b26211fdf168f86b97c90508883e3ef5e930fa1d7,/kaggle/working/cova3d_factorial_v1_0/batch11_fold3_seed29/predictions/C100_COH/coronacases_001.npz,8859a0d9b0a784b5cae60caa6120dee7d8fd02b27f8b8c04b826911f9b6b072a,89,184,194,float32,1.979259772095341e-32,1.0,0.4569883339628449,0.4457731358320059,18,1.2009800840005482,False,False,False
11,cova-batch11,9c80565929ffe5b7b7af0e969acb01a3f11a4c7b,fold3_seed29,cova3d_c100_coh_fold3_seed29,C100_COH,3,29,coronacases_003,heldout_final_outer_cv,bf60ad489daae0f559d9b63b26211fdf168f86b97c90508883e3ef5e930fa1d7,/kaggle/working/cova3d_factorial_v1_0/batch11_fold3_seed29/predictions/C100_COH/coronacases_003.npz,9b06a6e320aa16c02812f6b07a37adc1e7f4c19fc48cddca08be03aef920045e,87,144,206,float32,1.1056054719473924e-34,1.0,0.4573095395424276,0.4311825830739622,18,1.186522956000772,False,False,False
11,cova-batch11,9c80565929ffe5b7b7af0e969acb01a3f11a4c7b,fold3_seed29,cova3d_c100_coh_fold3_seed29,C100_COH,3,29,coronacases_009,heldout_final_outer_cv,bf60ad489daae0f559d9b63b26211fdf168f86b97c90508883e3ef5e930fa1d7,/kaggle/working/cova3d_factorial_v1_0/batch11_fold3_seed29/predictions/C100_COH/coronacases_009.npz,a312e3278a922ab587982a1a34a35dc4bc48a949c36026cd50ca701f74758a2d,86,159,231,float32,2.956205089616419e-26,1.0,0.4236446813367348,0.445379902603653,18,1.1702511439998489,False,False,False
11,cova-batch11,9c80565929ffe5b7b7af0e969acb01a3f11a4c7b,fold3_seed29,cova3d_c100_coh_fold3_seed29,C100_COH,3,29,radiopaedia_40_86625_0,heldout_final_outer_cv,bf60ad489daae0f559d9b63b26211fdf168f86b97c90508883e3ef5e930fa1d7,/kaggle/working/cova3d_factorial_v1_0/batch11_fold3_seed29/predictions/C100_COH/radiopaedia_40_86625_0.npz,aac8b925c0678b7af2a0ae251003f6bd61ea96c81452cb092c9f648ced021e8b,124,213,288,float32,1.186679555521924e-35,1.0,0.389622415330216,0.4377877847196146,60,3.929830678999679,False,False,False
11,cova-batch11,9c80565929ffe5b7b7af0e969acb01a3f11a4c7b,fold3_seed29,cova3d_c100_dis_fold3_seed29,C100_DIS,3,29,coronacases_001,heldout_final_outer_cv,6d255954f7e92cf6f7f5fbb535a0a9e3297a1f4bd152eee9f4e391fe0aefa939,/kaggle/working/cova3d_factorial_v1_0/batch11_fold3_seed29/predictions/C100_DIS/coronacases_001.npz,98a047d5d6e736dffd7a328a4ecba2d73af5c2b5443b6e28c989ad101c11e4d6,89,184,194,float32,6.4141585019847735e-25,1.0,0.3018638700846223,0.38581986880186,18,1.2368373480003356,False,False,False
11,cova-batch11,9c80565929ffe5b7b7af0e969acb01a3f11a4c7b,fold3_seed29,cova3d_c100_dis_fold3_seed29,C100_DIS,3,29,coronacases_003,heldout_final_outer_cv,6d255954f7e92cf6f7f5fbb535a0a9e3297a1f4bd152eee9f4e391fe0aefa939,/kaggle/working/cova3d_factorial_v1_0/batch11_fold3_seed29/predictions/C100_DIS/coronacases_003.npz,95787c76ef95b66283b324a9784573e3c97bb23ed56627fe36755a4537ba2ab3,87,144,206,float32,2.1252889233135862e-27,1.0,0.3013977587422178,0.3907617118982532,18,1.1685504569995828,False,False,False
11,cova-batch11,9c80565929ffe5b7b7af0e969acb01a3f11a4c7b,fold3_seed29,cova3d_c100_dis_fold3_seed29,C100_DIS,3,29,coronacases_009,heldout_final_outer_cv,6d255954f7e92cf6f7f5fbb535a0a9e3297a1f4bd152eee9f4e391fe0aefa939,/kaggle/working/cova3d_factorial_v1_0/batch11_fold3_seed29/predictions/C100_DIS/coronacases_009.npz,337763543d65e4f3406219ccb820e3bf313c4c000504692dd4cae0297cd5f168,86,159,231,float32,3.9986533781212187e-19,1.0,0.2972917272036164,0.3886426855429132,18,1.186280959999749,False,False,False
11,cova-batch11,9c80565929ffe5b7b7af0e969acb01a3f11a4c7b,fold3_seed29,cova3d_c100_dis_fold3_seed29,C100_DIS,3,29,radiopaedia_40_86625_0,heldout_final_outer_cv,6d255954f7e92cf6f7f5fbb535a0a9e3297a1f4bd152eee9f4e391fe0aefa939,/kaggle/working/cova3d_factorial_v1_0/batch11_fold3_seed29/predictions/C100_DIS/radiopaedia_40_86625_0.npz,8e3a2f8ad70663d03377c43ad3bacbf3cc58792e85ed77a755c8d35b38bff222,124,213,288,float32,8.647170347749185e-19,1.0,0.2369734712982896,0.3555737167558543,60,3.880159924000509,False,False,False
11,cova-batch11,9c80565929ffe5b7b7af0e969acb01a3f11a4c7b,fold3_seed29,cova3d_c100_frg_fold3_seed29,C100_FRG,3,29,coronacases_001,heldout_final_outer_cv,3307ccea3fb223839d44f40f9099c02bf4de2590ac955928a84b2baa61c73bbe,/kaggle/working/cova3d_factorial_v1_0/batch11_fold3_seed29/predictions/C100_FRG/coronacases_001.npz,0cf8b6e51113b0871233a437f33b4757f4c93df2e6eb55a6fa7ec828ab745ed6,89,184,194,float32,5.1275542649721964e-14,1.0,0.3391960021625329,0.4169774696123901,18,1.184507083000426,False,False,False
11,cova-batch11,9c80565929ffe5b7b7af0e969acb01a3f11a4c7b,fold3_seed29,cova3d_c100_frg_fold3_seed29,C100_FRG,3,29,coronacases_003,heldout_final_outer_cv,3307ccea3fb223839d44f40f9099c02bf4de2590ac955928a84b2baa61c73bbe,/kaggle/working/cova3d_factorial_v1_0/batch11_fold3_seed29/predictions/C100_FRG/coronacases_003.npz,aa19251c41ab7be0ea36d7bcd97f68438fff461c32ac7c3d13643192f847518e,87,144,206,float32,1.8687306527377786e-15,1.0,0.2954131479878636,0.395526823077519,18,1.153897276999487,False,False,False
11,cova-batch11,9c80565929ffe5b7b7af0e969acb01a3f11a4c7b,fold3_seed29,cova3d_c100_frg_fold3_seed29,C100_FRG,3,29,coronacases_009,heldout_final_outer_cv,3307ccea3fb223839d44f40f9099c02bf4de2590ac955928a84b2baa61c73bbe,/kaggle/working/cova3d_factorial_v1_0/batch11_fold3_seed29/predictions/C100_FRG/coronacases_009.npz,240bc87e92e7bb38ec9c63ac4e7176856b16894e2f1127409f9d30d10c4407a4,86,159,231,float32,3.5149969957251614e-14,1.0,0.3272935296025194,0.4139074642586567,18,1.1746895599999334,False,False,False
11,cova-batch11,9c80565929ffe5b7b7af0e969acb01a3f11a4c7b,fold3_seed29,cova3d_c100_frg_fold3_seed29,C100_FRG,3,29,radiopaedia_40_86625_0,heldout_final_outer_cv,3307ccea3fb223839d44f40f9099c02bf4de2590ac955928a84b2baa61c73bbe,/kaggle/working/cova3d_factorial_v1_0/batch11_fold3_seed29/predictions/C100_FRG/radiopaedia_40_86625_0.npz,4a9e263e617266464de1b7515fc4c403f2930824ae52d8333411cf8d21547a5c,124,213,288,float32,5.144123732903972e-16,1.0,0.2417222963304046,0.3663203994949244,60,3.848591954000767,False,False,False
12,cova-batch12,5884ec956aed30ece91be3f5c6d0b8dafbce151e,fold3_seed43,cova3d_c50_coh_fold3_seed43,C50_COH,3,43,coronacases_001,heldout_final_outer_cv,c3628a383c599eb53913229034a85a3b389916ef6b5077659379a594c70eadc3,/kaggle/working/cova3d_factorial_v1_0/batch12_fold3_seed43/predictions/C50_COH/coronacases_001.npz,fcdbe97f3da10aafb717f3d955bfd7b3ed41f056c6ef4b395ffda60c49ff9f90,89,184,194,float32,2.6542487333609296e-23,1.0,0.6207092646709987,0.4670049002921004,18,1.059962168000311,False,False,False
12,cova-batch12,5884ec956aed30ece91be3f5c6d0b8dafbce151e,fold3_seed43,cova3d_c50_coh_fold3_seed43,C50_COH,3,43,coronacases_003,heldout_final_outer_cv,c3628a383c599eb53913229034a85a3b389916ef6b5077659379a594c70eadc3,/kaggle/working/cova3d_factorial_v1_0/batch12_fold3_seed43/predictions/C50_COH/coronacases_003.npz,996e6b214f674003d52deb466ec5374dfa74bc2cac73c1c4c8009293d573596f,87,144,206,float32,2.5697517907643534e-23,1.0,0.6509617676274039,0.4540232946386535,18,0.9950652429997716,False,False,False
12,cova-batch12,5884ec956aed30ece91be3f5c6d0b8dafbce151e,fold3_seed43,cova3d_c50_coh_fold3_seed43,C50_COH,3,43,coronacases_009,heldout_final_outer_cv,c3628a383c599eb53913229034a85a3b389916ef6b5077659379a594c70eadc3,/kaggle/working/cova3d_factorial_v1_0/batch12_fold3_seed43/predictions/C50_COH/coronacases_009.npz,fd5e9a8749b7fbea76761a17162f0f63567d4bbb5bcd95f439373dffdb01ddd6,86,159,231,float32,3.0777526609442427e-21,1.0,0.5677323882155765,0.4772400541575681,18,1.0010839090000443,False,False,False
12,cova-batch12,5884ec956aed30ece91be3f5c6d0b8dafbce151e,fold3_seed43,cova3d_c50_coh_fold3_seed43,C50_COH,3,43,radiopaedia_40_86625_0,heldout_final_outer_cv,c3628a383c599eb53913229034a85a3b389916ef6b5077659379a594c70eadc3,/kaggle/working/cova3d_factorial_v1_0/batch12_fold3_seed43/predictions/C50_COH/radiopaedia_40_86625_0.npz,f26c2b608f2734947db9e53f48b506d441008f09af85ae6c876c4a2feb891aa2,124,213,288,float32,6.69065563529335e-21,1.0,0.5079163695526439,0.4805900655961566,60,3.4002742640004726,False,False,False
12,cova-batch12,5884ec956aed30ece91be3f5c6d0b8dafbce151e,fold3_seed43,cova3d_c50_dis_fold3_seed43,C50_DIS,3,43,coronacases_001,heldout_final_outer_cv,7b184912c49fbaaef9d94490f689b61a10bc77f1515f91f042d97c1a7e2b4b4b,/kaggle/working/cova3d_factorial_v1_0/batch12_fold3_seed43/predictions/C50_DIS/coronacases_001.npz,c63715b4bca862669686ace5cc76df99bc2a3537d5b0fcf1592e2c1e61d4e070,89,184,194,float32,1.5605314680113156e-15,1.0,0.6483515024423578,0.4388342574006725,18,1.098141600999952,False,False,False
12,cova-batch12,5884ec956aed30ece91be3f5c6d0b8dafbce151e,fold3_seed43,cova3d_c50_dis_fold3_seed43,C50_DIS,3,43,coronacases_003,heldout_final_outer_cv,7b184912c49fbaaef9d94490f689b61a10bc77f1515f91f042d97c1a7e2b4b4b,/kaggle/working/cova3d_factorial_v1_0/batch12_fold3_seed43/predictions/C50_DIS/coronacases_003.npz,832ce2c0cc74356894c6ecce84362a3cc30cee8a8c64dcaf42c12fd76731621c,87,144,206,float32,1.5190149605998026e-19,1.0,0.6868219585204038,0.4243249181076409,18,1.0221564570001649,False,False,False
12,cova-batch12,5884ec956aed30ece91be3f5c6d0b8dafbce151e,fold3_seed43,cova3d_c50_dis_fold3_seed43,C50_DIS,3,43,coronacases_009,heldout_final_outer_cv,7b184912c49fbaaef9d94490f689b61a10bc77f1515f91f042d97c1a7e2b4b4b,/kaggle/working/cova3d_factorial_v1_0/batch12_fold3_seed43/predictions/C50_DIS/coronacases_009.npz,6dc2ab6324e59376f85ad081a98216091b74cddee4cb5f818affc084d460ad4b,86,159,231,float32,6.342771306219863e-17,1.0,0.6145221696916303,0.4512301980803835,18,1.0452621410004213,False,False,False
12,cova-batch12,5884ec956aed30ece91be3f5c6d0b8dafbce151e,fold3_seed43,cova3d_c50_dis_fold3_seed43,C50_DIS,3,43,radiopaedia_40_86625_0,heldout_final_outer_cv,7b184912c49fbaaef9d94490f689b61a10bc77f1515f91f042d97c1a7e2b4b4b,/kaggle/working/cova3d_factorial_v1_0/batch12_fold3_seed43/predictions/C50_DIS/radiopaedia_40_86625_0.npz,a82b21e43f67d529df36a1452a845498f47f2a5b3530628412a84a321f899aae,124,213,288,float32,2.9605941836372783e-19,1.0,0.5400207610601384,0.4712620710460626,60,3.4937683260004637,False,False,False
12,cova-batch12,5884ec956aed30ece91be3f5c6d0b8dafbce151e,fold3_seed43,cova3d_c50_frg_fold3_seed43,C50_FRG,3,43,coronacases_001,heldout_final_outer_cv,683d851ca7cd602584df40900167b54377ac3973f6c4e9b3cb1ff8b5e1855335,/kaggle/working/cova3d_factorial_v1_0/batch12_fold3_seed43/predictions/C50_FRG/coronacases_001.npz,6b425b773be1aad7dad1df8070991f5a866415a37182f9982a7d96ab8acf42ba,89,184,194,float32,1.9954459092030865e-13,1.0,0.5984503577307261,0.4476359852641041,18,1.1151082999995197,False,False,False
12,cova-batch12,5884ec956aed30ece91be3f5c6d0b8dafbce151e,fold3_seed43,cova3d_c50_frg_fold3_seed43,C50_FRG,3,43,coronacases_003,heldout_final_outer_cv,683d851ca7cd602584df40900167b54377ac3973f6c4e9b3cb1ff8b5e1855335,/kaggle/working/cova3d_factorial_v1_0/batch12_fold3_seed43/predictions/C50_FRG/coronacases_003.npz,b13d9abc62862b61d1d6d9442a6615ea76da73b5e4c09bcf29eefd0e21c8b4cc,87,144,206,float32,9.586770396627364e-14,1.0,0.631394969060202,0.435200410447741,18,1.0371562909995191,False,False,False
12,cova-batch12,5884ec956aed30ece91be3f5c6d0b8dafbce151e,fold3_seed43,cova3d_c50_frg_fold3_seed43,C50_FRG,3,43,coronacases_009,heldout_final_outer_cv,683d851ca7cd602584df40900167b54377ac3973f6c4e9b3cb1ff8b5e1855335,/kaggle/working/cova3d_factorial_v1_0/batch12_fold3_seed43/predictions/C50_FRG/coronacases_009.npz,75f4e53477dba61602946a1924c54925e534d9465eee64c2981dd86cb5d16e63,86,159,231,float32,1.044576100964201e-12,1.0,0.5598637993393418,0.4554205653180407,18,1.0627314109997317,False,False,False
12,cova-batch12,5884ec956aed30ece91be3f5c6d0b8dafbce151e,fold3_seed43,cova3d_c50_frg_fold3_seed43,C50_FRG,3,43,radiopaedia_40_86625_0,heldout_final_outer_cv,683d851ca7cd602584df40900167b54377ac3973f6c4e9b3cb1ff8b5e1855335,/kaggle/working/cova3d_factorial_v1_0/batch12_fold3_seed43/predictions/C50_FRG/radiopaedia_40_86625_0.npz,b33024830dd9904b5ce6c95c52c5eade0a860764b4b518884a1765536eb17716,124,213,288,float32,4.172472439713422e-15,1.0,0.5111623512805933,0.4637760529686604,60,3.51595339800042,False,False,False
12,cova-batch12,5884ec956aed30ece91be3f5c6d0b8dafbce151e,fold3_seed43,cova3d_c100_coh_fold3_seed43,C100_COH,3,43,coronacases_001,heldout_final_outer_cv,119ca309744bd95d4b8daa756e8c21a581cb6aab7688c0954ec8eeedad6ef102,/kaggle/working/cova3d_factorial_v1_0/batch12_fold3_seed43/predictions/C100_COH/coronacases_001.npz,e100f4bac1dc1a5b873480e4e30af810bd3de596b2fc8c32385b31ee84b4797c,89,184,194,float32,3.797919078911179e-23,1.0,0.620359436216504,0.4700061703527465,18,1.1120629249999183,False,False,False
12,cova-batch12,5884ec956aed30ece91be3f5c6d0b8dafbce151e,fold3_seed43,cova3d_c100_coh_fold3_seed43,C100_COH,3,43,coronacases_003,heldout_final_outer_cv,119ca309744bd95d4b8daa756e8c21a581cb6aab7688c0954ec8eeedad6ef102,/kaggle/working/cova3d_factorial_v1_0/batch12_fold3_seed43/predictions/C100_COH/coronacases_003.npz,9d04ef60467e75f136f7ed76d183a5c600578c09f6404021c0361ad01e3fb60f,87,144,206,float32,1.7315246652782834e-25,1.0,0.6636818424823541,0.45198879215132,18,1.0480733829999735,False,False,False
12,cova-batch12,5884ec956aed30ece91be3f5c6d0b8dafbce151e,fold3_seed43,cova3d_c100_coh_fold3_seed43,C100_COH,3,43,coronacases_009,heldout_final_outer_cv,119ca309744bd95d4b8daa756e8c21a581cb6aab7688c0954ec8eeedad6ef102,/kaggle/working/cova3d_factorial_v1_0/batch12_fold3_seed43/predictions/C100_COH/coronacases_009.npz,6a9c21ef7a8c150c077ac0d703a032ea72438053d88fb3f9b1a180223ee3e1ed,86,159,231,float32,1.147906970373393e-21,1.0,0.5664964891157503,0.4789483089577416,18,1.049563847999707,False,False,False
12,cova-batch12,5884ec956aed30ece91be3f5c6d0b8dafbce151e,fold3_seed43,cova3d_c100_coh_fold3_seed43,C100_COH,3,43,radiopaedia_40_86625_0,heldout_final_outer_cv,119ca309744bd95d4b8daa756e8c21a581cb6aab7688c0954ec8eeedad6ef102,/kaggle/working/cova3d_factorial_v1_0/batch12_fold3_seed43/predictions/C100_COH/radiopaedia_40_86625_0.npz,18d661e9f8f1e4c6381ab3da42839600bade692f7ec898804db15d815fa45fa4,124,213,288,float32,1.3806880221449718e-23,1.0,0.5035923847371716,0.4824613667223638,60,3.5588813630001823,False,False,False
12,cova-batch12,5884ec956aed30ece91be3f5c6d0b8dafbce151e,fold3_seed43,cova3d_c100_dis_fold3_seed43,C100_DIS,3,43,coronacases_001,heldout_final_outer_cv,bdb5540ec388ce5071fb7e868ad1ec2edbb566fb5c69b72937207ba2a775a995,/kaggle/working/cova3d_factorial_v1_0/batch12_fold3_seed43/predictions/C100_DIS/coronacases_001.npz,db1aa81b2f05bb6132894f4851201f219edd47891720bd638630f8e8f7dac57a,89,184,194,float32,4.7125452845575566e-11,1.0,0.645589983594983,0.4281803130459224,18,1.1111962529994344,False,False,False
12,cova-batch12,5884ec956aed30ece91be3f5c6d0b8dafbce151e,fold3_seed43,cova3d_c100_dis_fold3_seed43,C100_DIS,3,43,coronacases_003,heldout_final_outer_cv,bdb5540ec388ce5071fb7e868ad1ec2edbb566fb5c69b72937207ba2a775a995,/kaggle/working/cova3d_factorial_v1_0/batch12_fold3_seed43/predictions/C100_DIS/coronacases_003.npz,c9ee8a382b6eafcc38218571cb6264cb49a439dea1100d73af51a6be42330999,87,144,206,float32,2.141981253825365e-13,1.0,0.6702273109179947,0.418671984138607,18,1.0548887589993683,False,False,False
12,cova-batch12,5884ec956aed30ece91be3f5c6d0b8dafbce151e,fold3_seed43,cova3d_c100_dis_fold3_seed43,C100_DIS,3,43,coronacases_009,heldout_final_outer_cv,bdb5540ec388ce5071fb7e868ad1ec2edbb566fb5c69b72937207ba2a775a995,/kaggle/working/cova3d_factorial_v1_0/batch12_fold3_seed43/predictions/C100_DIS/coronacases_009.npz,fa569d35af606528937975d8f63c0eac7ebe3c879a57218945d7d3f8abb7a95f,86,159,231,float32,1.7469210522591536e-09,1.0,0.6176916726798489,0.4408267463055632,18,1.088245745999302,False,False,False
12,cova-batch12,5884ec956aed30ece91be3f5c6d0b8dafbce151e,fold3_seed43,cova3d_c100_dis_fold3_seed43,C100_DIS,3,43,radiopaedia_40_86625_0,heldout_final_outer_cv,bdb5540ec388ce5071fb7e868ad1ec2edbb566fb5c69b72937207ba2a775a995,/kaggle/working/cova3d_factorial_v1_0/batch12_fold3_seed43/predictions/C100_DIS/radiopaedia_40_86625_0.npz,873f831bc6690f42787b5521baed044e01329eb09dc11103128c50bd928dc634,124,213,288,float32,1.7246143749205525e-12,1.0,0.5518692545978139,0.4578080039349851,60,3.5360913030008305,False,False,False
12,cova-batch12,5884ec956aed30ece91be3f5c6d0b8dafbce151e,fold3_seed43,cova3d_c100_frg_fold3_seed43,C100_FRG,3,43,coronacases_001,heldout_final_outer_cv,80e25e4ffd8c8538ed5fe86f8674b23fb27ad060afa5dad63e7eb431281c0fca,/kaggle/working/cova3d_factorial_v1_0/batch12_fold3_seed43/predictions/C100_FRG/coronacases_001.npz,585308a6bef3fed113303015555cc038d31aa698408ac423b9ccb174545ecbc8,89,184,194,float32,2.957655415069052e-14,1.0,0.654915537969074,0.441106927220494,18,1.098130145000141,False,False,False
12,cova-batch12,5884ec956aed30ece91be3f5c6d0b8dafbce151e,fold3_seed43,cova3d_c100_frg_fold3_seed43,C100_FRG,3,43,coronacases_003,heldout_final_outer_cv,80e25e4ffd8c8538ed5fe86f8674b23fb27ad060afa5dad63e7eb431281c0fca,/kaggle/working/cova3d_factorial_v1_0/batch12_fold3_seed43/predictions/C100_FRG/coronacases_003.npz,ecef28f57ef241d5685c1ccd91b44aca2ae887f2b7626990e43775f8ccd99d80,87,144,206,float32,8.919353157530592e-14,1.0,0.6887327642878254,0.4144625518044467,18,1.043875525000658,False,False,False
12,cova-batch12,5884ec956aed30ece91be3f5c6d0b8dafbce151e,fold3_seed43,cova3d_c100_frg_fold3_seed43,C100_FRG,3,43,coronacases_009,heldout_final_outer_cv,80e25e4ffd8c8538ed5fe86f8674b23fb27ad060afa5dad63e7eb431281c0fca,/kaggle/working/cova3d_factorial_v1_0/batch12_fold3_seed43/predictions/C100_FRG/coronacases_009.npz,cbdf6913808a2d7d5cae9af7b9baf1251fe01f9a8d8c4a957fb8d964292e8fc4,86,159,231,float32,6.973407094823525e-12,1.0,0.6032982588144468,0.4549990400173327,18,1.0337122049995742,False,False,False
12,cova-batch12,5884ec956aed30ece91be3f5c6d0b8dafbce151e,fold3_seed43,cova3d_c100_frg_fold3_seed43,C100_FRG,3,43,radiopaedia_40_86625_0,heldout_final_outer_cv,80e25e4ffd8c8538ed5fe86f8674b23fb27ad060afa5dad63e7eb431281c0fca,/kaggle/working/cova3d_factorial_v1_0/batch12_fold3_seed43/predictions/C100_FRG/radiopaedia_40_86625_0.npz,26268eb03c69968e5a759dcca540534a07f33ca80f65b68ca6049c315a3436c6,124,213,288,float32,1.0748915863292852e-15,1.0,0.5435367215806922,0.463832675740404,60,3.473385592999876,False,False,False
