batch_id,run_id,condition,outer_fold,seed,initialization_seed,shared_initialization_sha256,paired_plan_sha256,epoch,epoch_1based,logical_microbatches,successful_optimizer_steps_total,mean_loss,mean_partial_bce,mean_partial_dice_fp32,labelled_voxels_seen,foreground_voxels_seen,zero_label_microbatches,foreground_centered,background_centered,uniform_crop,amp_overflow_events,amp_retry_attempts,amp_scale_min,amp_scale_max,amp_scale_end,mean_preclip_grad_norm,max_preclip_grad_norm,learning_rate_end,epoch_seconds,peak_allocated_gb,peak_reserved_gb
fold3_seed17,cova3d_c50_coh_fold3_seed17,C50_COH,3,17,2340698924,bc413cd04e5f9082a77ea40f4ba44a611e2c47b51b3bea9bb2a54f0f40b3fb46,0bad52d6c9c8744126a280f3ec7e34c4aeff771d46bfe2f6e93279343346107f,0,1,120,60,1.9757400962912166,1.5106551567170148,0.4650849322477976,4448,2293,2,56,29,35,1,1,2048.0,4096.0,2048.0,91.90600207646688,285.31256103515625,0.00017999999999999998,25.149636558999987,1.3346080780029297,1.361328125
fold3_seed17,cova3d_c50_coh_fold3_seed17,C50_COH,3,17,2340698924,bc413cd04e5f9082a77ea40f4ba44a611e2c47b51b3bea9bb2a54f0f40b3fb46,0bad52d6c9c8744126a280f3ec7e34c4aeff771d46bfe2f6e93279343346107f,1,2,120,120,0.7227158453082666,0.4188198839830875,0.303895957271258,5071,2666,3,56,33,31,0,0,2048.0,2048.0,2048.0,19.31121118242542,110.0501937866211,0.0002999445918673937,23.594976979000023,1.3346080780029297,1.361328125
fold3_seed17,cova3d_c50_coh_fold3_seed17,C50_COH,3,17,2340698924,bc413cd04e5f9082a77ea40f4ba44a611e2c47b51b3bea9bb2a54f0f40b3fb46,0bad52d6c9c8744126a280f3ec7e34c4aeff771d46bfe2f6e93279343346107f,2,3,120,180,0.6689061181305836,0.4125960125424475,0.2563100983699163,4585,2523,3,58,31,31,0,0,2048.0,2048.0,2048.0,13.118817937870821,80.52630615234375,0.0002991142965839822,24.27680307899999,1.3346080780029297,1.361328125
fold3_seed17,cova3d_c50_coh_fold3_seed17,C50_COH,3,17,2340698924,bc413cd04e5f9082a77ea40f4ba44a611e2c47b51b3bea9bb2a54f0f40b3fb46,0bad52d6c9c8744126a280f3ec7e34c4aeff771d46bfe2f6e93279343346107f,3,4,120,240,0.5394407807355492,0.2953892666313853,0.2440515120824178,4739,2545,1,52,33,35,0,0,2048.0,2048.0,2048.0,7.4356587618589405,30.006860733032227,0.0002972930965702204,24.96366152600001,1.3346080780029297,1.361328125
fold3_seed17,cova3d_c50_coh_fold3_seed17,C50_COH,3,17,2340698924,bc413cd04e5f9082a77ea40f4ba44a611e2c47b51b3bea9bb2a54f0f40b3fb46,0bad52d6c9c8744126a280f3ec7e34c4aeff771d46bfe2f6e93279343346107f,4,5,120,300,0.4606806683669068,0.23338547321275957,0.22729519506295523,4699,2432,5,55,32,33,0,0,2048.0,2048.0,2048.0,6.322979089121024,32.18168640136719,0.0002944932171711482,24.89649739099991,1.3346080780029297,1.361328125
fold3_seed17,cova3d_c50_coh_fold3_seed17,C50_COH,3,17,2340698924,bc413cd04e5f9082a77ea40f4ba44a611e2c47b51b3bea9bb2a54f0f40b3fb46,0bad52d6c9c8744126a280f3ec7e34c4aeff771d46bfe2f6e93279343346107f,5,6,120,360,0.41779469404200426,0.17943137479270868,0.23836332162221271,5254,2872,1,56,34,30,0,0,2048.0,2048.0,2048.0,5.501717836161455,24.374086380004883,0.000290733453407337,24.407209572999932,1.3346080780029297,1.361328125
fold3_seed17,cova3d_c50_coh_fold3_seed17,C50_COH,3,17,2340698924,bc413cd04e5f9082a77ea40f4ba44a611e2c47b51b3bea9bb2a54f0f40b3fb46,0bad52d6c9c8744126a280f3ec7e34c4aeff771d46bfe2f6e93279343346107f,6,7,120,420,0.48982974517433225,0.17163561074036504,0.3181941365202268,4838,2583,3,53,45,22,0,0,2048.0,2048.0,2048.0,5.991310020287831,29.510272979736328,0.0002860390438077423,24.571155275000024,1.3346080780029297,1.361328125
fold3_seed17,cova3d_c50_coh_fold3_seed17,C50_COH,3,17,2340698924,bc413cd04e5f9082a77ea40f4ba44a611e2c47b51b3bea9bb2a54f0f40b3fb46,0bad52d6c9c8744126a280f3ec7e34c4aeff771d46bfe2f6e93279343346107f,7,8,120,480,0.4000828669938225,0.15173373449439775,0.24834913263718286,5138,2817,2,60,32,28,0,0,2048.0,2048.0,2048.0,5.137713398970663,19.108402252197266,0.00028044150098859483,24.674087412000063,1.3346080780029297,1.361328125
fold3_seed17,cova3d_c50_coh_fold3_seed17,C50_COH,3,17,2340698924,bc413cd04e5f9082a77ea40f4ba44a611e2c47b51b3bea9bb2a54f0f40b3fb46,0bad52d6c9c8744126a280f3ec7e34c4aeff771d46bfe2f6e93279343346107f,8,9,120,540,0.3135286586623503,0.10328026718495191,0.21024839331706366,4762,2639,5,66,22,32,0,0,2048.0,2048.0,2048.0,4.147970420867205,36.13581848144531,0.0002739784001156218,24.499077084999954,1.3346080780029297,1.361328125
fold3_seed17,cova3d_c50_coh_fold3_seed17,C50_COH,3,17,2340698924,bc413cd04e5f9082a77ea40f4ba44a611e2c47b51b3bea9bb2a54f0f40b3fb46,0bad52d6c9c8744126a280f3ec7e34c4aeff771d46bfe2f6e93279343346107f,9,10,120,600,0.2355789295428868,0.07474983038033353,0.16082909951607385,4478,2396,3,63,31,26,0,0,2048.0,2048.0,2048.0,3.695303581034144,22.135820388793945,0.0002666931266696063,24.428340191000075,1.3346080780029297,1.361328125
fold3_seed17,cova3d_c50_coh_fold3_seed17,C50_COH,3,17,2340698924,bc413cd04e5f9082a77ea40f4ba44a611e2c47b51b3bea9bb2a54f0f40b3fb46,0bad52d6c9c8744126a280f3ec7e34c4aeff771d46bfe2f6e93279343346107f,10,11,120,660,0.31701224648309984,0.12281615940194991,0.19419608463843663,4785,2493,1,55,28,37,0,0,2048.0,2048.0,2048.0,5.305584345015814,46.38945770263672,0.0002586345852084849,24.586628950999966,1.3346080780029297,1.361328125
fold3_seed17,cova3d_c50_coh_fold3_seed17,C50_COH,3,17,2340698924,bc413cd04e5f9082a77ea40f4ba44a611e2c47b51b3bea9bb2a54f0f40b3fb46,0bad52d6c9c8744126a280f3ec7e34c4aeff771d46bfe2f6e93279343346107f,11,12,120,720,0.3290827594191624,0.08223232466514835,0.2468504324555397,4773,2399,2,57,33,30,0,0,2048.0,2048.0,2048.0,3.9004718720912934,17.548036575317383,0.0002498568710810032,24.606482810999978,1.3346080780029297,1.361328125
fold3_seed17,cova3d_c50_coh_fold3_seed17,C50_COH,3,17,2340698924,bc413cd04e5f9082a77ea40f4ba44a611e2c47b51b3bea9bb2a54f0f40b3fb46,0bad52d6c9c8744126a280f3ec7e34c4aeff771d46bfe2f6e93279343346107f,12,13,120,780,0.242604303964793,0.06850733944198482,0.17409696380297343,4467,2497,5,61,20,39,0,0,2048.0,2048.0,2048.0,3.327717141744991,19.004201889038086,0.0002404189072956492,24.45492794300003,1.3346080780029297,1.361328125
fold3_seed17,cova3d_c50_coh_fold3_seed17,C50_COH,3,17,2340698924,bc413cd04e5f9082a77ea40f4ba44a611e2c47b51b3bea9bb2a54f0f40b3fb46,0bad52d6c9c8744126a280f3ec7e34c4aeff771d46bfe2f6e93279343346107f,13,14,120,840,0.29941278872835253,0.0822406031468707,0.21717218657334644,4614,2451,3,54,35,31,0,0,2048.0,2048.0,2048.0,4.166415598340973,20.560489654541016,0.00023038404898248976,24.45581122300007,1.3346080780029297,1.361328125
fold3_seed17,cova3d_c50_coh_fold3_seed17,C50_COH,3,17,2340698924,bc413cd04e5f9082a77ea40f4ba44a611e2c47b51b3bea9bb2a54f0f40b3fb46,0bad52d6c9c8744126a280f3ec7e34c4aeff771d46bfe2f6e93279343346107f,14,15,120,900,0.18561985319518495,0.05345399335987958,0.1321658596396446,5217,2899,3,69,20,31,0,0,2048.0,2048.0,2048.0,2.931206889502755,13.60302734375,0.00021981965810307605,24.48538461999999,1.3346080780029297,1.361328125
fold3_seed17,cova3d_c50_coh_fold3_seed17,C50_COH,3,17,2340698924,bc413cd04e5f9082a77ea40f4ba44a611e2c47b51b3bea9bb2a54f0f40b3fb46,0bad52d6c9c8744126a280f3ec7e34c4aeff771d46bfe2f6e93279343346107f,15,16,120,960,0.19716808485077897,0.051515577259221096,0.14565250724554063,4660,2374,2,63,29,28,0,0,2048.0,2048.0,2048.0,2.8977489669496816,33.27044677734375,0.00020879665126330557,24.43509002799999,1.3346080780029297,1.361328125
fold3_seed17,cova3d_c50_coh_fold3_seed17,C50_COH,3,17,2340698924,bc413cd04e5f9082a77ea40f4ba44a611e2c47b51b3bea9bb2a54f0f40b3fb46,0bad52d6c9c8744126a280f3ec7e34c4aeff771d46bfe2f6e93279343346107f,16,17,120,1020,0.14882512557196886,0.03212123724981201,0.1167038897673289,4656,2485,3,58,30,32,0,0,2048.0,2048.0,2048.0,1.9993918203700862,25.832435607910156,0.00019738902366467966,24.392216941000015,1.3346080780029297,1.361328125
fold3_seed17,cova3d_c50_coh_fold3_seed17,C50_COH,3,17,2340698924,bc413cd04e5f9082a77ea40f4ba44a611e2c47b51b3bea9bb2a54f0f40b3fb46,0bad52d6c9c8744126a280f3ec7e34c4aeff771d46bfe2f6e93279343346107f,17,18,120,1080,0.16881027208885413,0.036836499893509296,0.1319737712542216,4822,2661,1,63,22,35,0,0,2048.0,2048.0,2048.0,2.609139436778302,17.398496627807617,0.00018567335238957547,24.318181389000074,1.3346080780029297,1.361328125
fold3_seed17,cova3d_c50_coh_fold3_seed17,C50_COH,3,17,2340698924,bc413cd04e5f9082a77ea40f4ba44a611e2c47b51b3bea9bb2a54f0f40b3fb46,0bad52d6c9c8744126a280f3ec7e34c4aeff771d46bfe2f6e93279343346107f,18,19,120,1140,0.17878843903780575,0.04159620045686204,0.13719223886728288,4956,2832,3,62,30,28,0,0,2048.0,2048.0,2048.0,2.9234561008090774,34.61595916748047,0.0001737282823548769,24.353839918999938,1.3346080780029297,1.361328125
fold3_seed17,cova3d_c50_coh_fold3_seed17,C50_COH,3,17,2340698924,bc413cd04e5f9082a77ea40f4ba44a611e2c47b51b3bea9bb2a54f0f40b3fb46,0bad52d6c9c8744126a280f3ec7e34c4aeff771d46bfe2f6e93279343346107f,19,20,120,1200,0.23459617654340775,0.03632416461603934,0.19827201118071874,5154,2698,2,55,32,33,0,0,2048.0,2048.0,2048.0,2.2446280739580593,13.718973159790039,0.00016163399838465363,24.39204255499999,1.3346080780029297,1.361328125
fold3_seed17,cova3d_c50_coh_fold3_seed17,C50_COH,3,17,2340698924,bc413cd04e5f9082a77ea40f4ba44a611e2c47b51b3bea9bb2a54f0f40b3fb46,0bad52d6c9c8744126a280f3ec7e34c4aeff771d46bfe2f6e93279343346107f,20,21,120,1260,0.16809830424321054,0.017473350296366937,0.15062495321035385,4561,2403,2,62,33,25,0,0,2048.0,2048.0,2048.0,1.444450777384433,7.363740921020508,0.00014947168694575625,24.294185623999965,1.3346080780029297,1.361328125
fold3_seed17,cova3d_c50_coh_fold3_seed17,C50_COH,3,17,2340698924,bc413cd04e5f9082a77ea40f4ba44a611e2c47b51b3bea9bb2a54f0f40b3fb46,0bad52d6c9c8744126a280f3ec7e34c4aeff771d46bfe2f6e93279343346107f,21,22,120,1320,0.16769153910804396,0.03119423117995955,0.1364973063270251,4633,2505,4,63,21,36,0,0,2048.0,2048.0,2048.0,2.5374471679950754,17.249813079833984,0.0001373229911595876,24.376475071000073,1.3346080780029297,1.361328125
fold3_seed17,cova3d_c50_coh_fold3_seed17,C50_COH,3,17,2340698924,bc413cd04e5f9082a77ea40f4ba44a611e2c47b51b3bea9bb2a54f0f40b3fb46,0bad52d6c9c8744126a280f3ec7e34c4aeff771d46bfe2f6e93279343346107f,22,23,120,1380,0.20087976955791392,0.03107194369775723,0.1698078249891599,4673,2467,5,61,24,35,0,0,2048.0,2048.0,2048.0,3.5521610998548567,45.894126892089844,0.00012526946274844474,24.357375817000047,1.3346080780029297,1.361328125
fold3_seed17,cova3d_c50_coh_fold3_seed17,C50_COH,3,17,2340698924,bc413cd04e5f9082a77ea40f4ba44a611e2c47b51b3bea9bb2a54f0f40b3fb46,0bad52d6c9c8744126a280f3ec7e34c4aeff771d46bfe2f6e93279343346107f,23,24,120,1440,0.1057870738319527,0.01471489479606306,0.09107217838366827,5349,2871,1,65,27,28,0,0,2048.0,2048.0,2048.0,1.553903738129884,9.880823135375977,0.00011339201459540494,24.34514327699992,1.3346080780029297,1.361328125
fold3_seed17,cova3d_c50_coh_fold3_seed17,C50_COH,3,17,2340698924,bc413cd04e5f9082a77ea40f4ba44a611e2c47b51b3bea9bb2a54f0f40b3fb46,0bad52d6c9c8744126a280f3ec7e34c4aeff771d46bfe2f6e93279343346107f,24,25,120,1500,0.1828255350289701,0.013959553529167227,0.1688659812013308,4199,2230,5,49,27,44,0,0,2048.0,2048.0,2048.0,2.5911773092323225,22.70815658569336,0.00010177037759260854,24.340152866999915,1.3346080780029297,1.361328125
fold3_seed17,cova3d_c50_coh_fold3_seed17,C50_COH,3,17,2340698924,bc413cd04e5f9082a77ea40f4ba44a611e2c47b51b3bea9bb2a54f0f40b3fb46,0bad52d6c9c8744126a280f3ec7e34c4aeff771d46bfe2f6e93279343346107f,25,26,120,1560,0.1650817397886363,0.01771824618111627,0.14736349483331043,4772,2659,0,59,33,28,0,0,2048.0,2048.0,2048.0,2.8898596296591372,21.151988983154297,9.048256542400759e-05,24.372635958000046,1.3346080780029297,1.361328125
fold3_seed17,cova3d_c50_coh_fold3_seed17,C50_COH,3,17,2340698924,bc413cd04e5f9082a77ea40f4ba44a611e2c47b51b3bea9bb2a54f0f40b3fb46,0bad52d6c9c8744126a280f3ec7e34c4aeff771d46bfe2f6e93279343346107f,26,27,120,1620,0.10090233135349853,0.021236513298702405,0.0796658198038737,4735,2562,2,66,28,26,0,0,2048.0,2048.0,2048.0,4.34229724163306,74.36785125732422,7.960435087538242e-05,24.30563595800004,1.3346080780029297,1.361328125
fold3_seed17,cova3d_c50_coh_fold3_seed17,C50_COH,3,17,2340698924,bc413cd04e5f9082a77ea40f4ba44a611e2c47b51b3bea9bb2a54f0f40b3fb46,0bad52d6c9c8744126a280f3ec7e34c4aeff771d46bfe2f6e93279343346107f,27,28,120,1680,0.13105425566268755,0.025916343948587547,0.10513791193564732,4412,2451,3,65,27,28,0,0,2048.0,2048.0,2048.0,5.7840359707692794,50.30801010131836,6.920875718705205e-05,24.28931264499988,1.3346080780029297,1.361328125
fold3_seed17,cova3d_c50_coh_fold3_seed17,C50_COH,3,17,2340698924,bc413cd04e5f9082a77ea40f4ba44a611e2c47b51b3bea9bb2a54f0f40b3fb46,0bad52d6c9c8744126a280f3ec7e34c4aeff771d46bfe2f6e93279343346107f,28,29,120,1740,0.12363787259358139,0.0279354795553356,0.09570239384969076,4375,2466,4,60,31,29,0,0,2048.0,2048.0,2048.0,3.750854084304929,38.24647521972656,5.936556786372413e-05,24.227143347000037,1.3346080780029297,1.361328125
fold3_seed17,cova3d_c50_coh_fold3_seed17,C50_COH,3,17,2340698924,bc413cd04e5f9082a77ea40f4ba44a611e2c47b51b3bea9bb2a54f0f40b3fb46,0bad52d6c9c8744126a280f3ec7e34c4aeff771d46bfe2f6e93279343346107f,29,30,120,1800,0.14913760958537653,0.033512694632202404,0.11562491556008657,4876,2670,2,69,25,26,0,0,2048.0,2048.0,2048.0,6.342287767983904,30.441020965576172,5.014085823202989e-05,24.283399792999944,1.3346080780029297,1.361328125
fold3_seed17,cova3d_c50_coh_fold3_seed17,C50_COH,3,17,2340698924,bc413cd04e5f9082a77ea40f4ba44a611e2c47b51b3bea9bb2a54f0f40b3fb46,0bad52d6c9c8744126a280f3ec7e34c4aeff771d46bfe2f6e93279343346107f,30,31,120,1860,0.12093054732148384,0.01707039000051298,0.1038601577281952,4773,2610,0,73,24,23,0,0,2048.0,2048.0,2048.0,5.187447072501527,47.21869659423828,4.159655189030408e-05,24.262693614,1.3346080780029297,1.361328125
fold3_seed17,cova3d_c50_coh_fold3_seed17,C50_COH,3,17,2340698924,bc413cd04e5f9082a77ea40f4ba44a611e2c47b51b3bea9bb2a54f0f40b3fb46,0bad52d6c9c8744126a280f3ec7e34c4aeff771d46bfe2f6e93279343346107f,31,32,120,1920,0.06551992796445419,0.005465966478706712,0.060053961475690205,4815,2607,6,66,27,27,0,0,2048.0,2048.0,2048.0,2.690531484691799,34.2800178527832,3.379000502807257e-05,24.269336320999855,1.3346080780029297,1.361328125
fold3_seed17,cova3d_c50_coh_fold3_seed17,C50_COH,3,17,2340698924,bc413cd04e5f9082a77ea40f4ba44a611e2c47b51b3bea9bb2a54f0f40b3fb46,0bad52d6c9c8744126a280f3ec7e34c4aeff771d46bfe2f6e93279343346107f,32,33,120,1980,0.09236971463494337,0.015440371731133934,0.07692934324343999,4779,2475,2,58,31,31,0,0,2048.0,2048.0,2048.0,2.6074966088429696,28.67616081237793,2.6773621405624713e-05,24.153367997000032,1.3346080780029297,1.361328125
fold3_seed17,cova3d_c50_coh_fold3_seed17,C50_COH,3,17,2340698924,bc413cd04e5f9082a77ea40f4ba44a611e2c47b51b3bea9bb2a54f0f40b3fb46,0bad52d6c9c8744126a280f3ec7e34c4aeff771d46bfe2f6e93279343346107f,33,34,120,2040,0.04996156135328362,0.008571541092870573,0.041390019655227664,4933,2624,5,59,37,24,0,0,2048.0,2048.0,2048.0,2.008199081913335,33.29850387573242,2.059450057823627e-05,24.221595578999995,1.3346080780029297,1.361328125
fold3_seed17,cova3d_c50_coh_fold3_seed17,C50_COH,3,17,2340698924,bc413cd04e5f9082a77ea40f4ba44a611e2c47b51b3bea9bb2a54f0f40b3fb46,0bad52d6c9c8744126a280f3ec7e34c4aeff771d46bfe2f6e93279343346107f,34,35,120,2100,0.05051520697740051,0.009663588498305642,0.04085161785284678,4705,2367,1,68,29,23,0,0,2048.0,2048.0,2048.0,4.0830735056495735,61.382232666015625,1.5294121726440254e-05,24.2333886859999,1.3346080780029297,1.361328125
fold3_seed17,cova3d_c50_coh_fold3_seed17,C50_COH,3,17,2340698924,bc413cd04e5f9082a77ea40f4ba44a611e2c47b51b3bea9bb2a54f0f40b3fb46,0bad52d6c9c8744126a280f3ec7e34c4aeff771d46bfe2f6e93279343346107f,35,36,120,2160,0.03993445431183372,0.010693760157761236,0.02924069414536158,4743,2678,4,63,32,25,0,0,2048.0,2048.0,2048.0,3.7561085663037335,69.34268188476562,1.0908065214729997e-05,24.18093776800015,1.3346080780029297,1.361328125
fold3_seed17,cova3d_c50_coh_fold3_seed17,C50_COH,3,17,2340698924,bc413cd04e5f9082a77ea40f4ba44a611e2c47b51b3bea9bb2a54f0f40b3fb46,0bad52d6c9c8744126a280f3ec7e34c4aeff771d46bfe2f6e93279343346107f,36,37,120,2220,0.1399331134798242,0.039406997554377494,0.10052611529827118,4619,2515,3,60,31,29,0,0,2048.0,2048.0,2048.0,7.207664371572052,125.1513900756836,7.465773747813819e-06,24.307009422999954,1.3346080780029297,1.361328125
fold3_seed17,cova3d_c50_coh_fold3_seed17,C50_COH,3,17,2340698924,bc413cd04e5f9082a77ea40f4ba44a611e2c47b51b3bea9bb2a54f0f40b3fb46,0bad52d6c9c8744126a280f3ec7e34c4aeff771d46bfe2f6e93279343346107f,37,38,120,2280,0.05741080083161991,0.010366232986500544,0.04704456776380539,5049,2801,2,57,28,35,0,0,2048.0,2048.0,2048.0,3.013009503603583,34.08708190917969,4.990354727730315e-06,24.232817047000026,1.3346080780029297,1.361328125
fold3_seed17,cova3d_c50_coh_fold3_seed17,C50_COH,3,17,2340698924,bc413cd04e5f9082a77ea40f4ba44a611e2c47b51b3bea9bb2a54f0f40b3fb46,0bad52d6c9c8744126a280f3ec7e34c4aeff771d46bfe2f6e93279343346107f,38,39,120,2340,0.07204131867341851,0.005348968252054766,0.066692349811395,4491,2423,4,56,25,39,0,0,2048.0,2048.0,2048.0,4.409427390258452,45.13462448120117,3.498425138561358e-06,24.255243388000054,1.3346080780029297,1.361328125
fold3_seed17,cova3d_c50_coh_fold3_seed17,C50_COH,3,17,2340698924,bc413cd04e5f9082a77ea40f4ba44a611e2c47b51b3bea9bb2a54f0f40b3fb46,0bad52d6c9c8744126a280f3ec7e34c4aeff771d46bfe2f6e93279343346107f,39,40,120,2400,0.07011811975293389,0.01659212867687668,0.05352599124113719,4605,2484,5,59,24,37,0,0,2048.0,2048.0,2048.0,4.604513023246705,42.03007507324219,3e-06,24.249553319999904,1.3346080780029297,1.361328125
fold3_seed17,cova3d_c50_dis_fold3_seed17,C50_DIS,3,17,2340698924,bc413cd04e5f9082a77ea40f4ba44a611e2c47b51b3bea9bb2a54f0f40b3fb46,0bad52d6c9c8744126a280f3ec7e34c4aeff771d46bfe2f6e93279343346107f,0,1,120,60,2.058625866100192,1.5858372667183478,0.47278860012690227,4388,2263,2,56,29,35,1,1,2048.0,4096.0,2048.0,93.63995768229167,233.1620635986328,0.00017999999999999998,25.164590540000063,1.3361949920654297,1.361328125
fold3_seed17,cova3d_c50_dis_fold3_seed17,C50_DIS,3,17,2340698924,bc413cd04e5f9082a77ea40f4ba44a611e2c47b51b3bea9bb2a54f0f40b3fb46,0bad52d6c9c8744126a280f3ec7e34c4aeff771d46bfe2f6e93279343346107f,1,2,120,120,1.0626020586399438,0.6881510593821683,0.3744509994983673,5156,2757,3,56,33,31,0,0,2048.0,2048.0,2048.0,30.087980616092683,108.258544921875,0.0002999445918673937,24.791825951999954,1.3361949920654297,1.361328125
fold3_seed17,cova3d_c50_dis_fold3_seed17,C50_DIS,3,17,2340698924,bc413cd04e5f9082a77ea40f4ba44a611e2c47b51b3bea9bb2a54f0f40b3fb46,0bad52d6c9c8744126a280f3ec7e34c4aeff771d46bfe2f6e93279343346107f,2,3,120,180,0.8779403001380464,0.5695893020213892,0.30835099667310717,4492,2448,2,58,31,31,0,0,2048.0,2048.0,2048.0,12.327948919932048,86.22635650634766,0.0002991142965839822,24.646479122000073,1.3361949920654297,1.361328125
fold3_seed17,cova3d_c50_dis_fold3_seed17,C50_DIS,3,17,2340698924,bc413cd04e5f9082a77ea40f4ba44a611e2c47b51b3bea9bb2a54f0f40b3fb46,0bad52d6c9c8744126a280f3ec7e34c4aeff771d46bfe2f6e93279343346107f,3,4,120,240,0.7459628135741999,0.43406696380116044,0.3118958483139674,4791,2610,0,52,33,35,0,0,2048.0,2048.0,2048.0,7.610654922326406,18.70777130126953,0.0002972930965702204,24.6468003519999,1.3361949920654297,1.361328125
fold3_seed17,cova3d_c50_dis_fold3_seed17,C50_DIS,3,17,2340698924,bc413cd04e5f9082a77ea40f4ba44a611e2c47b51b3bea9bb2a54f0f40b3fb46,0bad52d6c9c8744126a280f3ec7e34c4aeff771d46bfe2f6e93279343346107f,4,5,120,300,0.7097478889316942,0.40546114156022667,0.3042867466807365,4769,2502,3,55,32,33,0,0,2048.0,2048.0,2048.0,7.486570892731349,20.058425903320312,0.0002944932171711482,24.692652337000027,1.3361949920654297,1.361328125
fold3_seed17,cova3d_c50_dis_fold3_seed17,C50_DIS,3,17,2340698924,bc413cd04e5f9082a77ea40f4ba44a611e2c47b51b3bea9bb2a54f0f40b3fb46,0bad52d6c9c8744126a280f3ec7e34c4aeff771d46bfe2f6e93279343346107f,5,6,120,360,0.6206518453119012,0.3299754176705998,0.29067642738421756,5207,2830,1,56,34,30,0,0,2048.0,2048.0,2048.0,7.2017269968986515,33.918182373046875,0.000290733453407337,24.673502977,1.3361949920654297,1.361328125
fold3_seed17,cova3d_c50_dis_fold3_seed17,C50_DIS,3,17,2340698924,bc413cd04e5f9082a77ea40f4ba44a611e2c47b51b3bea9bb2a54f0f40b3fb46,0bad52d6c9c8744126a280f3ec7e34c4aeff771d46bfe2f6e93279343346107f,6,7,120,420,0.7028664366652568,0.3563397305396696,0.3465267062187195,4854,2620,1,53,45,22,0,0,2048.0,2048.0,2048.0,8.51883706053098,78.52259063720703,0.0002860390438077423,24.69574392300001,1.3361949920654297,1.361328125
fold3_seed17,cova3d_c50_dis_fold3_seed17,C50_DIS,3,17,2340698924,bc413cd04e5f9082a77ea40f4ba44a611e2c47b51b3bea9bb2a54f0f40b3fb46,0bad52d6c9c8744126a280f3ec7e34c4aeff771d46bfe2f6e93279343346107f,7,8,120,480,0.5424348704839456,0.25932444686210754,0.2831104228893916,5165,2862,2,60,32,28,0,0,2048.0,2048.0,2048.0,5.87202104429404,16.159339904785156,0.00028044150098859483,24.5918965190001,1.3361949920654297,1.361328125
fold3_seed17,cova3d_c50_dis_fold3_seed17,C50_DIS,3,17,2340698924,bc413cd04e5f9082a77ea40f4ba44a611e2c47b51b3bea9bb2a54f0f40b3fb46,0bad52d6c9c8744126a280f3ec7e34c4aeff771d46bfe2f6e93279343346107f,8,9,120,540,0.5160124730749279,0.25287887398772,0.2631335988640785,4739,2638,3,66,22,32,0,0,2048.0,2048.0,2048.0,6.3149415224790575,23.48324203491211,0.0002739784001156218,24.576234514000134,1.3361949920654297,1.361328125
fold3_seed17,cova3d_c50_dis_fold3_seed17,C50_DIS,3,17,2340698924,bc413cd04e5f9082a77ea40f4ba44a611e2c47b51b3bea9bb2a54f0f40b3fb46,0bad52d6c9c8744126a280f3ec7e34c4aeff771d46bfe2f6e93279343346107f,9,10,120,600,0.47334295299563867,0.2542459503839685,0.21909700433413187,4529,2449,1,63,31,26,0,0,2048.0,2048.0,2048.0,6.583141664663951,29.854591369628906,0.0002666931266696063,24.600569594000035,1.3361949920654297,1.361328125
fold3_seed17,cova3d_c50_dis_fold3_seed17,C50_DIS,3,17,2340698924,bc413cd04e5f9082a77ea40f4ba44a611e2c47b51b3bea9bb2a54f0f40b3fb46,0bad52d6c9c8744126a280f3ec7e34c4aeff771d46bfe2f6e93279343346107f,10,11,120,660,0.42247139590287286,0.19041312624719164,0.23205827126900355,4803,2504,0,55,28,37,0,0,2048.0,2048.0,2048.0,5.918048775071899,17.514291763305664,0.0002586345852084849,24.62376275099996,1.3361949920654297,1.361328125
fold3_seed17,cova3d_c50_dis_fold3_seed17,C50_DIS,3,17,2340698924,bc413cd04e5f9082a77ea40f4ba44a611e2c47b51b3bea9bb2a54f0f40b3fb46,0bad52d6c9c8744126a280f3ec7e34c4aeff771d46bfe2f6e93279343346107f,11,12,120,720,0.4985794304933127,0.21073775084175092,0.2878416806459427,4678,2321,1,57,33,30,0,0,2048.0,2048.0,2048.0,6.594512058297793,26.48761558532715,0.0002498568710810032,24.54436439599999,1.3361949920654297,1.361328125
fold3_seed17,cova3d_c50_dis_fold3_seed17,C50_DIS,3,17,2340698924,bc413cd04e5f9082a77ea40f4ba44a611e2c47b51b3bea9bb2a54f0f40b3fb46,0bad52d6c9c8744126a280f3ec7e34c4aeff771d46bfe2f6e93279343346107f,12,13,120,780,0.35108787335642166,0.14995476794198717,0.20113310863574346,4433,2488,5,61,20,39,0,0,2048.0,2048.0,2048.0,5.450431430588166,21.043437957763672,0.0002404189072956492,24.44598067899983,1.3361949920654297,1.361328125
fold3_seed17,cova3d_c50_dis_fold3_seed17,C50_DIS,3,17,2340698924,bc413cd04e5f9082a77ea40f4ba44a611e2c47b51b3bea9bb2a54f0f40b3fb46,0bad52d6c9c8744126a280f3ec7e34c4aeff771d46bfe2f6e93279343346107f,13,14,120,840,0.408483174482141,0.1737134575604614,0.23476971834897994,4658,2470,2,54,35,31,0,0,2048.0,2048.0,2048.0,5.925525319079558,27.572668075561523,0.00023038404898248976,24.54736709000008,1.3361949920654297,1.361328125
fold3_seed17,cova3d_c50_dis_fold3_seed17,C50_DIS,3,17,2340698924,bc413cd04e5f9082a77ea40f4ba44a611e2c47b51b3bea9bb2a54f0f40b3fb46,0bad52d6c9c8744126a280f3ec7e34c4aeff771d46bfe2f6e93279343346107f,14,15,120,900,0.2602895371629226,0.1165687636785151,0.14372077236572903,5288,2959,3,69,20,31,0,0,2048.0,2048.0,2048.0,4.553786278267702,17.387592315673828,0.00021981965810307605,24.54426301700005,1.3361949920654297,1.361328125
fold3_seed17,cova3d_c50_dis_fold3_seed17,C50_DIS,3,17,2340698924,bc413cd04e5f9082a77ea40f4ba44a611e2c47b51b3bea9bb2a54f0f40b3fb46,0bad52d6c9c8744126a280f3ec7e34c4aeff771d46bfe2f6e93279343346107f,15,16,120,960,0.2902027879774389,0.13340415640032668,0.15679863194624583,4612,2399,0,63,29,28,0,0,2048.0,2048.0,2048.0,6.855818116664887,62.08515548706055,0.00020879665126330557,24.509983669999883,1.3361949920654297,1.361328125
fold3_seed17,cova3d_c50_dis_fold3_seed17,C50_DIS,3,17,2340698924,bc413cd04e5f9082a77ea40f4ba44a611e2c47b51b3bea9bb2a54f0f40b3fb46,0bad52d6c9c8744126a280f3ec7e34c4aeff771d46bfe2f6e93279343346107f,16,17,120,1020,0.22179346717424173,0.0909289908605994,0.13086447815100352,4676,2516,2,58,30,32,0,0,2048.0,2048.0,2048.0,4.5336443688720465,15.99703311920166,0.00019738902366467966,24.44165603500005,1.3361949920654297,1.361328125
fold3_seed17,cova3d_c50_dis_fold3_seed17,C50_DIS,3,17,2340698924,bc413cd04e5f9082a77ea40f4ba44a611e2c47b51b3bea9bb2a54f0f40b3fb46,0bad52d6c9c8744126a280f3ec7e34c4aeff771d46bfe2f6e93279343346107f,17,18,120,1080,0.20828731937397107,0.08597300476792642,0.12231431404749553,4764,2642,1,63,22,35,0,0,2048.0,2048.0,2048.0,4.738776133706172,37.2127571105957,0.00018567335238957547,24.43794350899998,1.3361949920654297,1.361328125
fold3_seed17,cova3d_c50_dis_fold3_seed17,C50_DIS,3,17,2340698924,bc413cd04e5f9082a77ea40f4ba44a611e2c47b51b3bea9bb2a54f0f40b3fb46,0bad52d6c9c8744126a280f3ec7e34c4aeff771d46bfe2f6e93279343346107f,18,19,120,1140,0.21345743899662276,0.08025945434456123,0.13319798409938813,4870,2745,2,62,30,28,0,0,2048.0,2048.0,2048.0,5.315712028741837,45.050655364990234,0.0001737282823548769,24.48624312800007,1.3361949920654297,1.361328125
fold3_seed17,cova3d_c50_dis_fold3_seed17,C50_DIS,3,17,2340698924,bc413cd04e5f9082a77ea40f4ba44a611e2c47b51b3bea9bb2a54f0f40b3fb46,0bad52d6c9c8744126a280f3ec7e34c4aeff771d46bfe2f6e93279343346107f,19,20,120,1200,0.29085545288284914,0.09307114286598311,0.19778431206941605,5064,2618,1,55,32,33,0,0,2048.0,2048.0,2048.0,6.617758039633433,97.07373809814453,0.00016163399838465363,24.450929180000003,1.3361949920654297,1.361328125
fold3_seed17,cova3d_c50_dis_fold3_seed17,C50_DIS,3,17,2340698924,bc413cd04e5f9082a77ea40f4ba44a611e2c47b51b3bea9bb2a54f0f40b3fb46,0bad52d6c9c8744126a280f3ec7e34c4aeff771d46bfe2f6e93279343346107f,20,21,120,1260,0.20575841623468374,0.05093730162403573,0.1548211152354876,4692,2536,2,62,33,25,0,0,2048.0,2048.0,2048.0,3.4838034093379973,17.259002685546875,0.00014947168694575625,24.4335798850002,1.3361949920654297,1.361328125
fold3_seed17,cova3d_c50_dis_fold3_seed17,C50_DIS,3,17,2340698924,bc413cd04e5f9082a77ea40f4ba44a611e2c47b51b3bea9bb2a54f0f40b3fb46,0bad52d6c9c8744126a280f3ec7e34c4aeff771d46bfe2f6e93279343346107f,21,22,120,1320,0.19215644473088295,0.05197638975547824,0.1401800553003947,4764,2668,2,63,21,36,0,0,2048.0,2048.0,2048.0,3.6050634658584992,14.475032806396484,0.0001373229911595876,24.41130673900011,1.3361949920654297,1.361328125
fold3_seed17,cova3d_c50_dis_fold3_seed17,C50_DIS,3,17,2340698924,bc413cd04e5f9082a77ea40f4ba44a611e2c47b51b3bea9bb2a54f0f40b3fb46,0bad52d6c9c8744126a280f3ec7e34c4aeff771d46bfe2f6e93279343346107f,22,23,120,1380,0.23378200843487387,0.05946771149637007,0.17431429773569107,4620,2433,2,61,24,35,0,0,2048.0,2048.0,2048.0,4.503157954399163,61.17555236816406,0.00012526946274844474,24.399483594999992,1.3361949920654297,1.361328125
fold3_seed17,cova3d_c50_dis_fold3_seed17,C50_DIS,3,17,2340698924,bc413cd04e5f9082a77ea40f4ba44a611e2c47b51b3bea9bb2a54f0f40b3fb46,0bad52d6c9c8744126a280f3ec7e34c4aeff771d46bfe2f6e93279343346107f,23,24,120,1440,0.1439836575485311,0.05722624281121916,0.0867574135462443,5116,2675,0,65,27,28,0,0,2048.0,2048.0,2048.0,4.034758407312135,16.22945213317871,0.00011339201459540494,24.431559429000117,1.3361949920654297,1.361328125
fold3_seed17,cova3d_c50_dis_fold3_seed17,C50_DIS,3,17,2340698924,bc413cd04e5f9082a77ea40f4ba44a611e2c47b51b3bea9bb2a54f0f40b3fb46,0bad52d6c9c8744126a280f3ec7e34c4aeff771d46bfe2f6e93279343346107f,24,25,120,1500,0.22678225975437954,0.05248181323597618,0.17430044561624528,4279,2331,3,49,27,44,0,0,2048.0,2048.0,2048.0,4.662400132914384,21.687673568725586,0.00010177037759260854,24.417862127000035,1.3361949920654297,1.361328125
fold3_seed17,cova3d_c50_dis_fold3_seed17,C50_DIS,3,17,2340698924,bc413cd04e5f9082a77ea40f4ba44a611e2c47b51b3bea9bb2a54f0f40b3fb46,0bad52d6c9c8744126a280f3ec7e34c4aeff771d46bfe2f6e93279343346107f,25,26,120,1560,0.17951916958053082,0.04149230134476029,0.13802687029043834,4739,2645,0,59,33,28,0,0,2048.0,2048.0,2048.0,3.398827685415745,20.90159034729004,9.048256542400759e-05,24.412367107000136,1.3361949920654297,1.361328125
fold3_seed17,cova3d_c50_dis_fold3_seed17,C50_DIS,3,17,2340698924,bc413cd04e5f9082a77ea40f4ba44a611e2c47b51b3bea9bb2a54f0f40b3fb46,0bad52d6c9c8744126a280f3ec7e34c4aeff771d46bfe2f6e93279343346107f,26,27,120,1620,0.1329884626871945,0.0370613650412073,0.0959270974000295,4773,2598,1,66,28,26,0,0,2048.0,2048.0,2048.0,3.1669326558709145,26.36037826538086,7.960435087538242e-05,24.427356749000182,1.3361949920654297,1.361328125
fold3_seed17,cova3d_c50_dis_fold3_seed17,C50_DIS,3,17,2340698924,bc413cd04e5f9082a77ea40f4ba44a611e2c47b51b3bea9bb2a54f0f40b3fb46,0bad52d6c9c8744126a280f3ec7e34c4aeff771d46bfe2f6e93279343346107f,27,28,120,1680,0.16464450843914977,0.036284010379742014,0.12836049695809681,4529,2492,3,65,27,28,0,0,2048.0,2048.0,2048.0,4.109476905393057,42.645015716552734,6.920875718705205e-05,24.369891417000417,1.3361949920654297,1.361328125
fold3_seed17,cova3d_c50_dis_fold3_seed17,C50_DIS,3,17,2340698924,bc413cd04e5f9082a77ea40f4ba44a611e2c47b51b3bea9bb2a54f0f40b3fb46,0bad52d6c9c8744126a280f3ec7e34c4aeff771d46bfe2f6e93279343346107f,28,29,120,1740,0.16830124260140547,0.03283677403549253,0.1354644681016604,4352,2466,3,60,31,29,0,0,2048.0,2048.0,2048.0,3.0187858565710486,19.778993606567383,5.936556786372413e-05,24.32994778000011,1.3361949920654297,1.361328125
fold3_seed17,cova3d_c50_dis_fold3_seed17,C50_DIS,3,17,2340698924,bc413cd04e5f9082a77ea40f4ba44a611e2c47b51b3bea9bb2a54f0f40b3fb46,0bad52d6c9c8744126a280f3ec7e34c4aeff771d46bfe2f6e93279343346107f,29,30,120,1800,0.1826671874195325,0.03376970625316137,0.14889748146136603,4749,2549,1,69,25,26,0,0,2048.0,2048.0,2048.0,3.309393765567802,23.50927734375,5.014085823202989e-05,24.383322059999955,1.3361949920654297,1.361328125
fold3_seed17,cova3d_c50_dis_fold3_seed17,C50_DIS,3,17,2340698924,bc413cd04e5f9082a77ea40f4ba44a611e2c47b51b3bea9bb2a54f0f40b3fb46,0bad52d6c9c8744126a280f3ec7e34c4aeff771d46bfe2f6e93279343346107f,30,31,120,1860,0.1476218118802892,0.025073453559387494,0.12254835814237594,4826,2643,0,73,24,23,0,0,2048.0,2048.0,2048.0,2.275219412924101,13.96023941040039,4.159655189030408e-05,24.348077615999955,1.3361949920654297,1.361328125
fold3_seed17,cova3d_c50_dis_fold3_seed17,C50_DIS,3,17,2340698924,bc413cd04e5f9082a77ea40f4ba44a611e2c47b51b3bea9bb2a54f0f40b3fb46,0bad52d6c9c8744126a280f3ec7e34c4aeff771d46bfe2f6e93279343346107f,31,32,120,1920,0.14056783321019797,0.02484562857378907,0.1157222052415212,4809,2626,4,66,27,27,0,0,2048.0,2048.0,2048.0,2.0569810807704925,30.102922439575195,3.379000502807257e-05,24.369383620999997,1.3361949920654297,1.361328125
fold3_seed17,cova3d_c50_dis_fold3_seed17,C50_DIS,3,17,2340698924,bc413cd04e5f9082a77ea40f4ba44a611e2c47b51b3bea9bb2a54f0f40b3fb46,0bad52d6c9c8744126a280f3ec7e34c4aeff771d46bfe2f6e93279343346107f,32,33,120,1980,0.16387732442904393,0.033120547612850465,0.130756776034832,4809,2570,0,58,31,31,0,0,2048.0,2048.0,2048.0,3.3893764717264276,33.140586853027344,2.6773621405624713e-05,24.319502410999576,1.3361949920654297,1.361328125
fold3_seed17,cova3d_c50_dis_fold3_seed17,C50_DIS,3,17,2340698924,bc413cd04e5f9082a77ea40f4ba44a611e2c47b51b3bea9bb2a54f0f40b3fb46,0bad52d6c9c8744126a280f3ec7e34c4aeff771d46bfe2f6e93279343346107f,33,34,120,2040,0.13368454032596616,0.021826893800294674,0.11185764670372009,4869,2550,2,59,37,24,0,0,2048.0,2048.0,2048.0,2.029082642775029,8.67061710357666,2.059450057823627e-05,24.374825958999736,1.3361949920654297,1.361328125
fold3_seed17,cova3d_c50_dis_fold3_seed17,C50_DIS,3,17,2340698924,bc413cd04e5f9082a77ea40f4ba44a611e2c47b51b3bea9bb2a54f0f40b3fb46,0bad52d6c9c8744126a280f3ec7e34c4aeff771d46bfe2f6e93279343346107f,34,35,120,2100,0.14959519227011603,0.021968397968085494,0.12762679358323414,4983,2574,1,68,29,23,0,0,2048.0,2048.0,2048.0,1.6872214313596487,11.475934028625488,1.5294121726440254e-05,24.331844073999946,1.3361949920654297,1.361328125
fold3_seed17,cova3d_c50_dis_fold3_seed17,C50_DIS,3,17,2340698924,bc413cd04e5f9082a77ea40f4ba44a611e2c47b51b3bea9bb2a54f0f40b3fb46,0bad52d6c9c8744126a280f3ec7e34c4aeff771d46bfe2f6e93279343346107f,35,36,120,2160,0.13048429094224007,0.02017322811417023,0.11031106362740199,4739,2675,3,63,32,25,0,0,2048.0,2048.0,2048.0,2.3045246546932807,23.31622314453125,1.0908065214729997e-05,24.316324699999768,1.3361949920654297,1.361328125
fold3_seed17,cova3d_c50_dis_fold3_seed17,C50_DIS,3,17,2340698924,bc413cd04e5f9082a77ea40f4ba44a611e2c47b51b3bea9bb2a54f0f40b3fb46,0bad52d6c9c8744126a280f3ec7e34c4aeff771d46bfe2f6e93279343346107f,36,37,120,2220,0.21785543416724767,0.02377235777483034,0.19408307522535323,4538,2450,2,60,31,29,0,0,2048.0,2048.0,2048.0,2.813971398115245,34.113861083984375,7.465773747813819e-06,24.28997514799994,1.3361949920654297,1.361328125
fold3_seed17,cova3d_c50_dis_fold3_seed17,C50_DIS,3,17,2340698924,bc413cd04e5f9082a77ea40f4ba44a611e2c47b51b3bea9bb2a54f0f40b3fb46,0bad52d6c9c8744126a280f3ec7e34c4aeff771d46bfe2f6e93279343346107f,37,38,120,2280,0.14725667679391874,0.026172479362775676,0.12108419785896937,4920,2727,1,57,28,35,0,0,2048.0,2048.0,2048.0,2.812138662766665,16.526044845581055,4.990354727730315e-06,24.333728263000012,1.3361949920654297,1.361328125
fold3_seed17,cova3d_c50_dis_fold3_seed17,C50_DIS,3,17,2340698924,bc413cd04e5f9082a77ea40f4ba44a611e2c47b51b3bea9bb2a54f0f40b3fb46,0bad52d6c9c8744126a280f3ec7e34c4aeff771d46bfe2f6e93279343346107f,38,39,120,2340,0.21237496729757838,0.03338285954389235,0.1789921094973882,4624,2518,3,56,25,39,0,0,2048.0,2048.0,2048.0,3.823807230157157,60.58919906616211,3.498425138561358e-06,24.41239615800032,1.3361949920654297,1.361328125
fold3_seed17,cova3d_c50_dis_fold3_seed17,C50_DIS,3,17,2340698924,bc413cd04e5f9082a77ea40f4ba44a611e2c47b51b3bea9bb2a54f0f40b3fb46,0bad52d6c9c8744126a280f3ec7e34c4aeff771d46bfe2f6e93279343346107f,39,40,120,2400,0.1791937236619032,0.029311098952022607,0.1498826245466868,4661,2550,2,59,24,37,0,0,2048.0,2048.0,2048.0,3.4611958934071785,52.296852111816406,3e-06,24.31654917600008,1.3361949920654297,1.361328125
fold3_seed17,cova3d_c50_frg_fold3_seed17,C50_FRG,3,17,2340698924,bc413cd04e5f9082a77ea40f4ba44a611e2c47b51b3bea9bb2a54f0f40b3fb46,0bad52d6c9c8744126a280f3ec7e34c4aeff771d46bfe2f6e93279343346107f,0,1,120,60,2.0981503133662045,1.6163738714841505,0.4817764421304067,4415,2315,2,56,29,35,2,2,1024.0,4096.0,1024.0,98.33255213101705,280.3312683105469,0.00017999999999999998,25.542626699000266,1.3300151824951172,1.373046875
fold3_seed17,cova3d_c50_frg_fold3_seed17,C50_FRG,3,17,2340698924,bc413cd04e5f9082a77ea40f4ba44a611e2c47b51b3bea9bb2a54f0f40b3fb46,0bad52d6c9c8744126a280f3ec7e34c4aeff771d46bfe2f6e93279343346107f,1,2,120,120,0.9971724502819901,0.6399198319374894,0.3572526206572851,5096,2702,3,56,33,31,0,0,1024.0,1024.0,1024.0,27.3931927844882,83.85440826416016,0.0002999445918673937,24.753548783000042,1.3300151824951172,1.373046875
fold3_seed17,cova3d_c50_frg_fold3_seed17,C50_FRG,3,17,2340698924,bc413cd04e5f9082a77ea40f4ba44a611e2c47b51b3bea9bb2a54f0f40b3fb46,0bad52d6c9c8744126a280f3ec7e34c4aeff771d46bfe2f6e93279343346107f,2,3,120,180,0.7867733248431856,0.4894862024850833,0.29728712638219196,4483,2435,2,58,31,31,0,0,1024.0,1024.0,1024.0,11.771701610088348,90.29280090332031,0.0002991142965839822,24.5746926920001,1.3300151824951172,1.373046875
fold3_seed17,cova3d_c50_frg_fold3_seed17,C50_FRG,3,17,2340698924,bc413cd04e5f9082a77ea40f4ba44a611e2c47b51b3bea9bb2a54f0f40b3fb46,0bad52d6c9c8744126a280f3ec7e34c4aeff771d46bfe2f6e93279343346107f,3,4,120,240,0.7108811344291704,0.39878086901735516,0.31210026293993,4749,2600,1,52,33,35,0,0,1024.0,1024.0,1024.0,7.800168202320735,19.2264404296875,0.0002972930965702204,24.673133676999896,1.3300151824951172,1.373046875
fold3_seed17,cova3d_c50_frg_fold3_seed17,C50_FRG,3,17,2340698924,bc413cd04e5f9082a77ea40f4ba44a611e2c47b51b3bea9bb2a54f0f40b3fb46,0bad52d6c9c8744126a280f3ec7e34c4aeff771d46bfe2f6e93279343346107f,4,5,120,300,0.678110524142782,0.37454401414530974,0.30356651296218234,4746,2479,3,55,32,33,0,0,1024.0,1024.0,1024.0,8.024521924058597,50.56369400024414,0.0002944932171711482,24.521641772000294,1.3300151824951172,1.373046875
fold3_seed17,cova3d_c50_frg_fold3_seed17,C50_FRG,3,17,2340698924,bc413cd04e5f9082a77ea40f4ba44a611e2c47b51b3bea9bb2a54f0f40b3fb46,0bad52d6c9c8744126a280f3ec7e34c4aeff771d46bfe2f6e93279343346107f,5,6,120,360,0.6058809681368681,0.30094262409644823,0.304938343167305,5194,2823,1,56,34,30,0,0,1024.0,1024.0,1024.0,6.640026108423869,19.838682174682617,0.000290733453407337,24.51689939300013,1.3300151824951172,1.373046875
fold3_seed17,cova3d_c50_frg_fold3_seed17,C50_FRG,3,17,2340698924,bc413cd04e5f9082a77ea40f4ba44a611e2c47b51b3bea9bb2a54f0f40b3fb46,0bad52d6c9c8744126a280f3ec7e34c4aeff771d46bfe2f6e93279343346107f,6,7,120,420,0.6076242700393777,0.27524191498717604,0.33238235612710315,4778,2569,3,53,45,22,0,0,1024.0,1024.0,1024.0,6.6323141346375145,20.408016204833984,0.0002860390438077423,24.595918426000026,1.3300151824951172,1.373046875
fold3_seed17,cova3d_c50_frg_fold3_seed17,C50_FRG,3,17,2340698924,bc413cd04e5f9082a77ea40f4ba44a611e2c47b51b3bea9bb2a54f0f40b3fb46,0bad52d6c9c8744126a280f3ec7e34c4aeff771d46bfe2f6e93279343346107f,7,8,120,480,0.5285465425869915,0.23582196336744043,0.29272457857926687,5081,2776,2,60,32,28,0,0,1024.0,1024.0,1024.0,6.05216016570727,24.254369735717773,0.00028044150098859483,24.577064067000265,1.3300151824951172,1.373046875
fold3_seed17,cova3d_c50_frg_fold3_seed17,C50_FRG,3,17,2340698924,bc413cd04e5f9082a77ea40f4ba44a611e2c47b51b3bea9bb2a54f0f40b3fb46,0bad52d6c9c8744126a280f3ec7e34c4aeff771d46bfe2f6e93279343346107f,8,9,120,540,0.4299985276622465,0.19607468410007034,0.23392384250958762,4688,2609,5,66,22,32,0,0,1024.0,1024.0,1024.0,5.446800548831622,23.388690948486328,0.0002739784001156218,24.58559270800015,1.3300151824951172,1.373046875
fold3_seed17,cova3d_c50_frg_fold3_seed17,C50_FRG,3,17,2340698924,bc413cd04e5f9082a77ea40f4ba44a611e2c47b51b3bea9bb2a54f0f40b3fb46,0bad52d6c9c8744126a280f3ec7e34c4aeff771d46bfe2f6e93279343346107f,9,10,120,600,0.3786850520095565,0.18195533756261284,0.19672971566518146,4522,2448,3,63,31,26,0,0,1024.0,1024.0,1024.0,5.57725772211949,36.82469177246094,0.0002666931266696063,24.548315280000224,1.3300151824951172,1.373046875
fold3_seed17,cova3d_c50_frg_fold3_seed17,C50_FRG,3,17,2340698924,bc413cd04e5f9082a77ea40f4ba44a611e2c47b51b3bea9bb2a54f0f40b3fb46,0bad52d6c9c8744126a280f3ec7e34c4aeff771d46bfe2f6e93279343346107f,10,11,120,660,0.372373412646751,0.1636844994251684,0.20868891229232153,4694,2400,1,55,28,37,0,0,1024.0,1024.0,1024.0,5.669655440996091,22.14533233642578,0.0002586345852084849,24.458989672999905,1.3300151824951172,1.373046875
fold3_seed17,cova3d_c50_frg_fold3_seed17,C50_FRG,3,17,2340698924,bc413cd04e5f9082a77ea40f4ba44a611e2c47b51b3bea9bb2a54f0f40b3fb46,0bad52d6c9c8744126a280f3ec7e34c4aeff771d46bfe2f6e93279343346107f,11,12,120,720,0.47720653871856483,0.19653114891376997,0.28067539085944493,4781,2398,1,57,33,30,0,0,1024.0,1024.0,1024.0,6.6821547746658325,26.60161590576172,0.0002498568710810032,24.434844458999578,1.3300151824951172,1.373046875
fold3_seed17,cova3d_c50_frg_fold3_seed17,C50_FRG,3,17,2340698924,bc413cd04e5f9082a77ea40f4ba44a611e2c47b51b3bea9bb2a54f0f40b3fb46,0bad52d6c9c8744126a280f3ec7e34c4aeff771d46bfe2f6e93279343346107f,12,13,120,780,0.3377923780407665,0.1424245227061533,0.19536785731712977,4443,2482,5,61,20,39,0,0,1024.0,1024.0,1024.0,4.6351450145244595,14.87277603149414,0.0002404189072956492,24.417099011999653,1.3300151824951172,1.373046875
fold3_seed17,cova3d_c50_frg_fold3_seed17,C50_FRG,3,17,2340698924,bc413cd04e5f9082a77ea40f4ba44a611e2c47b51b3bea9bb2a54f0f40b3fb46,0bad52d6c9c8744126a280f3ec7e34c4aeff771d46bfe2f6e93279343346107f,13,14,120,840,0.39427835628616775,0.15383910267833018,0.2404392550388972,4644,2479,2,54,35,31,0,0,1024.0,1024.0,1024.0,5.433448435862859,20.937471389770508,0.00023038404898248976,24.464103599000282,1.3300151824951172,1.373046875
fold3_seed17,cova3d_c50_frg_fold3_seed17,C50_FRG,3,17,2340698924,bc413cd04e5f9082a77ea40f4ba44a611e2c47b51b3bea9bb2a54f0f40b3fb46,0bad52d6c9c8744126a280f3ec7e34c4aeff771d46bfe2f6e93279343346107f,14,15,120,900,0.25450902822779253,0.10533854972603507,0.1491704781850179,5238,2913,3,69,20,31,0,0,1024.0,1024.0,1024.0,4.6292532149896335,52.48857879638672,0.00021981965810307605,24.351512980999814,1.3300151824951172,1.373046875
fold3_seed17,cova3d_c50_frg_fold3_seed17,C50_FRG,3,17,2340698924,bc413cd04e5f9082a77ea40f4ba44a611e2c47b51b3bea9bb2a54f0f40b3fb46,0bad52d6c9c8744126a280f3ec7e34c4aeff771d46bfe2f6e93279343346107f,15,16,120,960,0.27060213311058307,0.11019080496887265,0.16041132907072703,4592,2349,2,63,29,28,0,0,1024.0,1024.0,1024.0,4.088254529982805,22.84817886352539,0.00020879665126330557,24.423595893999845,1.3300151824951172,1.373046875
fold3_seed17,cova3d_c50_frg_fold3_seed17,C50_FRG,3,17,2340698924,bc413cd04e5f9082a77ea40f4ba44a611e2c47b51b3bea9bb2a54f0f40b3fb46,0bad52d6c9c8744126a280f3ec7e34c4aeff771d46bfe2f6e93279343346107f,16,17,120,1020,0.2077669000531273,0.0698749416457872,0.13789196014404298,4631,2479,2,58,30,32,0,0,1024.0,1024.0,1024.0,2.9592319349758327,14.347307205200195,0.00019738902366467966,24.33174482000004,1.3300151824951172,1.373046875
fold3_seed17,cova3d_c50_frg_fold3_seed17,C50_FRG,3,17,2340698924,bc413cd04e5f9082a77ea40f4ba44a611e2c47b51b3bea9bb2a54f0f40b3fb46,0bad52d6c9c8744126a280f3ec7e34c4aeff771d46bfe2f6e93279343346107f,17,18,120,1080,0.24050766480628832,0.08772195435647064,0.15278570900360744,4675,2589,1,63,22,35,0,0,1024.0,1024.0,1024.0,4.499286071335276,22.463600158691406,0.00018567335238957547,24.43313178199969,1.3300151824951172,1.373046875
fold3_seed17,cova3d_c50_frg_fold3_seed17,C50_FRG,3,17,2340698924,bc413cd04e5f9082a77ea40f4ba44a611e2c47b51b3bea9bb2a54f0f40b3fb46,0bad52d6c9c8744126a280f3ec7e34c4aeff771d46bfe2f6e93279343346107f,18,19,120,1140,0.23785781058106253,0.08678839160313104,0.15106941709915797,4818,2726,2,62,30,28,0,0,1024.0,1024.0,1024.0,4.956083826472362,22.934059143066406,0.0001737282823548769,24.41783533600028,1.3300151824951172,1.373046875
fold3_seed17,cova3d_c50_frg_fold3_seed17,C50_FRG,3,17,2340698924,bc413cd04e5f9082a77ea40f4ba44a611e2c47b51b3bea9bb2a54f0f40b3fb46,0bad52d6c9c8744126a280f3ec7e34c4aeff771d46bfe2f6e93279343346107f,19,20,120,1200,0.28234654723269537,0.07573622877270055,0.20661031504472097,5161,2696,1,55,32,33,0,0,1024.0,1024.0,1024.0,3.364244827379783,15.701173782348633,0.00016163399838465363,24.382625071999882,1.3300151824951172,1.373046875
fold3_seed17,cova3d_c50_frg_fold3_seed17,C50_FRG,3,17,2340698924,bc413cd04e5f9082a77ea40f4ba44a611e2c47b51b3bea9bb2a54f0f40b3fb46,0bad52d6c9c8744126a280f3ec7e34c4aeff771d46bfe2f6e93279343346107f,20,21,120,1260,0.22933995036586718,0.05860370541461369,0.17073624581098557,4677,2521,2,62,33,25,0,0,1024.0,1024.0,1024.0,3.1468754953394336,17.554933547973633,0.00014947168694575625,24.37723606399959,1.3300151824951172,1.373046875
fold3_seed17,cova3d_c50_frg_fold3_seed17,C50_FRG,3,17,2340698924,bc413cd04e5f9082a77ea40f4ba44a611e2c47b51b3bea9bb2a54f0f40b3fb46,0bad52d6c9c8744126a280f3ec7e34c4aeff771d46bfe2f6e93279343346107f,21,22,120,1320,0.22138868843411122,0.05945704494192038,0.1619316428899765,4732,2637,4,63,21,36,0,0,1024.0,1024.0,1024.0,3.4514169447124003,14.156848907470703,0.0001373229911595876,24.356127485000343,1.3300151824951172,1.373046875
fold3_seed17,cova3d_c50_frg_fold3_seed17,C50_FRG,3,17,2340698924,bc413cd04e5f9082a77ea40f4ba44a611e2c47b51b3bea9bb2a54f0f40b3fb46,0bad52d6c9c8744126a280f3ec7e34c4aeff771d46bfe2f6e93279343346107f,22,23,120,1380,0.2540934223195691,0.06584912875853727,0.18824429164330164,4591,2430,4,61,24,35,0,0,1024.0,1024.0,1024.0,4.648110263173779,47.76358413696289,0.00012526946274844474,24.392278240999985,1.3300151824951172,1.373046875
fold3_seed17,cova3d_c50_frg_fold3_seed17,C50_FRG,3,17,2340698924,bc413cd04e5f9082a77ea40f4ba44a611e2c47b51b3bea9bb2a54f0f40b3fb46,0bad52d6c9c8744126a280f3ec7e34c4aeff771d46bfe2f6e93279343346107f,23,24,120,1440,0.13050575333224212,0.04254491308493016,0.08796084026495615,5065,2619,1,65,27,28,0,0,1024.0,1024.0,1024.0,2.4816932224358124,15.477396965026855,0.00011339201459540494,24.37764668600039,1.3300151824951172,1.373046875
fold3_seed17,cova3d_c50_frg_fold3_seed17,C50_FRG,3,17,2340698924,bc413cd04e5f9082a77ea40f4ba44a611e2c47b51b3bea9bb2a54f0f40b3fb46,0bad52d6c9c8744126a280f3ec7e34c4aeff771d46bfe2f6e93279343346107f,24,25,120,1500,0.2223581107617586,0.04853068112171546,0.17382742961247763,4270,2326,3,49,27,44,0,0,1024.0,1024.0,1024.0,3.2938362177771827,26.58757781982422,0.00010177037759260854,24.378824469999927,1.3300151824951172,1.373046875
fold3_seed17,cova3d_c50_frg_fold3_seed17,C50_FRG,3,17,2340698924,bc413cd04e5f9082a77ea40f4ba44a611e2c47b51b3bea9bb2a54f0f40b3fb46,0bad52d6c9c8744126a280f3ec7e34c4aeff771d46bfe2f6e93279343346107f,25,26,120,1560,0.20788284111689942,0.05137390672470398,0.15650893300771712,4644,2615,0,59,33,28,0,0,1024.0,1024.0,1024.0,3.212029864282037,35.65229415893555,9.048256542400759e-05,24.372539796000183,1.3300151824951172,1.373046875
fold3_seed17,cova3d_c50_frg_fold3_seed17,C50_FRG,3,17,2340698924,bc413cd04e5f9082a77ea40f4ba44a611e2c47b51b3bea9bb2a54f0f40b3fb46,0bad52d6c9c8744126a280f3ec7e34c4aeff771d46bfe2f6e93279343346107f,26,27,120,1620,0.12219937013548285,0.02427512406166746,0.09792424589395524,4773,2616,2,66,28,26,0,0,1024.0,1024.0,1024.0,1.8838811439462007,9.025147438049316,7.960435087538242e-05,24.32899557699966,1.3300151824951172,1.373046875
fold3_seed17,cova3d_c50_frg_fold3_seed17,C50_FRG,3,17,2340698924,bc413cd04e5f9082a77ea40f4ba44a611e2c47b51b3bea9bb2a54f0f40b3fb46,0bad52d6c9c8744126a280f3ec7e34c4aeff771d46bfe2f6e93279343346107f,27,28,120,1680,0.17944309709436912,0.030915671450989397,0.14852742751439413,4480,2478,3,65,27,28,0,0,1024.0,1024.0,1024.0,3.07229247518247,41.2175178527832,6.920875718705205e-05,24.325742749000256,1.3300151824951172,1.373046875
fold3_seed17,cova3d_c50_frg_fold3_seed17,C50_FRG,3,17,2340698924,bc413cd04e5f9082a77ea40f4ba44a611e2c47b51b3bea9bb2a54f0f40b3fb46,0bad52d6c9c8744126a280f3ec7e34c4aeff771d46bfe2f6e93279343346107f,28,29,120,1740,0.17977436802430588,0.02956838297838947,0.15020598471164703,4309,2405,3,60,31,29,0,0,1024.0,1024.0,1024.0,2.319393352807189,28.12644386291504,5.936556786372413e-05,24.34758233799994,1.3300151824951172,1.373046875
fold3_seed17,cova3d_c50_frg_fold3_seed17,C50_FRG,3,17,2340698924,bc413cd04e5f9082a77ea40f4ba44a611e2c47b51b3bea9bb2a54f0f40b3fb46,0bad52d6c9c8744126a280f3ec7e34c4aeff771d46bfe2f6e93279343346107f,29,30,120,1800,0.19593325186330687,0.018962418107314485,0.1769708330432574,4649,2457,1,69,25,26,0,0,1024.0,1024.0,1024.0,1.4228980167536065,7.379762649536133,5.014085823202989e-05,24.357401354000103,1.3300151824951172,1.373046875
fold3_seed17,cova3d_c50_frg_fold3_seed17,C50_FRG,3,17,2340698924,bc413cd04e5f9082a77ea40f4ba44a611e2c47b51b3bea9bb2a54f0f40b3fb46,0bad52d6c9c8744126a280f3ec7e34c4aeff771d46bfe2f6e93279343346107f,30,31,120,1860,0.16246874285342486,0.01882883438610269,0.1436399092276891,4694,2561,0,73,24,23,0,0,1024.0,1024.0,1024.0,1.6552641924548273,14.677582740783691,4.159655189030408e-05,24.319183646000056,1.3300151824951172,1.373046875
fold3_seed17,cova3d_c50_frg_fold3_seed17,C50_FRG,3,17,2340698924,bc413cd04e5f9082a77ea40f4ba44a611e2c47b51b3bea9bb2a54f0f40b3fb46,0bad52d6c9c8744126a280f3ec7e34c4aeff771d46bfe2f6e93279343346107f,31,32,120,1920,0.1536468159471487,0.03230436147730877,0.12134245336055756,4735,2588,4,66,27,27,0,0,1024.0,1024.0,1024.0,2.416591281896884,60.64984130859375,3.379000502807257e-05,24.322764028000165,1.3300151824951172,1.373046875
fold3_seed17,cova3d_c50_frg_fold3_seed17,C50_FRG,3,17,2340698924,bc413cd04e5f9082a77ea40f4ba44a611e2c47b51b3bea9bb2a54f0f40b3fb46,0bad52d6c9c8744126a280f3ec7e34c4aeff771d46bfe2f6e93279343346107f,32,33,120,1980,0.1527650133238429,0.022135634266476245,0.13062937756379445,4772,2529,0,58,31,31,0,0,1024.0,1024.0,1024.0,2.3922375867085064,31.076187133789062,2.6773621405624713e-05,24.374505367999973,1.3300151824951172,1.373046875
fold3_seed17,cova3d_c50_frg_fold3_seed17,C50_FRG,3,17,2340698924,bc413cd04e5f9082a77ea40f4ba44a611e2c47b51b3bea9bb2a54f0f40b3fb46,0bad52d6c9c8744126a280f3ec7e34c4aeff771d46bfe2f6e93279343346107f,33,34,120,2040,0.13432094711709747,0.01578192918029752,0.11853901892900467,4851,2542,3,59,37,24,0,0,1024.0,1024.0,1024.0,1.4734287416562437,14.211502075195312,2.059450057823627e-05,24.270102985999984,1.3300151824951172,1.373046875
fold3_seed17,cova3d_c50_frg_fold3_seed17,C50_FRG,3,17,2340698924,bc413cd04e5f9082a77ea40f4ba44a611e2c47b51b3bea9bb2a54f0f40b3fb46,0bad52d6c9c8744126a280f3ec7e34c4aeff771d46bfe2f6e93279343346107f,34,35,120,2100,0.16466081870902183,0.02087728353375032,0.14378353555997211,4870,2516,1,68,29,23,0,0,1024.0,1024.0,1024.0,1.3368817715129504,6.711008071899414,1.5294121726440254e-05,24.347192089000146,1.3300151824951172,1.373046875
fold3_seed17,cova3d_c50_frg_fold3_seed17,C50_FRG,3,17,2340698924,bc413cd04e5f9082a77ea40f4ba44a611e2c47b51b3bea9bb2a54f0f40b3fb46,0bad52d6c9c8744126a280f3ec7e34c4aeff771d46bfe2f6e93279343346107f,35,36,120,2160,0.14803203719532737,0.019934459356859707,0.12809757788976034,4679,2628,3,63,32,25,0,0,1024.0,1024.0,1024.0,2.842493235381941,62.325294494628906,1.0908065214729997e-05,24.291701511000156,1.3300151824951172,1.373046875
fold3_seed17,cova3d_c50_frg_fold3_seed17,C50_FRG,3,17,2340698924,bc413cd04e5f9082a77ea40f4ba44a611e2c47b51b3bea9bb2a54f0f40b3fb46,0bad52d6c9c8744126a280f3ec7e34c4aeff771d46bfe2f6e93279343346107f,36,37,120,2220,0.22949563529306732,0.020976590595015894,0.20851904501517612,4512,2456,2,60,31,29,0,0,1024.0,1024.0,1024.0,2.138568733300781,39.049930572509766,7.465773747813819e-06,24.284218341999804,1.3300151824951172,1.373046875
fold3_seed17,cova3d_c50_frg_fold3_seed17,C50_FRG,3,17,2340698924,bc413cd04e5f9082a77ea40f4ba44a611e2c47b51b3bea9bb2a54f0f40b3fb46,0bad52d6c9c8744126a280f3ec7e34c4aeff771d46bfe2f6e93279343346107f,37,38,120,2280,0.15737537399590168,0.02200959368456002,0.1353657806913058,4961,2770,2,57,28,35,0,0,1024.0,1024.0,1024.0,2.192819663117795,24.868310928344727,4.990354727730315e-06,24.30250112099975,1.3300151824951172,1.373046875
fold3_seed17,cova3d_c50_frg_fold3_seed17,C50_FRG,3,17,2340698924,bc413cd04e5f9082a77ea40f4ba44a611e2c47b51b3bea9bb2a54f0f40b3fb46,0bad52d6c9c8744126a280f3ec7e34c4aeff771d46bfe2f6e93279343346107f,38,39,120,2340,0.2115832199042728,0.013865421543987585,0.1977177952726682,4561,2486,3,56,25,39,0,0,1024.0,1024.0,1024.0,1.5279032662025809,11.250691413879395,3.498425138561358e-06,24.31214275399998,1.3300151824951172,1.373046875
fold3_seed17,cova3d_c50_frg_fold3_seed17,C50_FRG,3,17,2340698924,bc413cd04e5f9082a77ea40f4ba44a611e2c47b51b3bea9bb2a54f0f40b3fb46,0bad52d6c9c8744126a280f3ec7e34c4aeff771d46bfe2f6e93279343346107f,39,40,120,2400,0.19035975133560384,0.02136163296676689,0.16899811923503877,4667,2542,2,59,24,37,0,0,1024.0,1024.0,1024.0,2.1314873281400653,56.71949005126953,3e-06,24.23827812100035,1.3300151824951172,1.373046875
fold3_seed17,cova3d_c100_coh_fold3_seed17,C100_COH,3,17,2340698924,bc413cd04e5f9082a77ea40f4ba44a611e2c47b51b3bea9bb2a54f0f40b3fb46,0bad52d6c9c8744126a280f3ec7e34c4aeff771d46bfe2f6e93279343346107f,0,1,120,60,1.8705213821240856,1.4334680339379702,0.437053349117438,4550,2434,2,56,29,35,1,1,2048.0,4096.0,2048.0,91.69687581062317,292.7672119140625,0.00017999999999999998,25.09206899200035,1.3335704803466797,1.37890625
fold3_seed17,cova3d_c100_coh_fold3_seed17,C100_COH,3,17,2340698924,bc413cd04e5f9082a77ea40f4ba44a611e2c47b51b3bea9bb2a54f0f40b3fb46,0bad52d6c9c8744126a280f3ec7e34c4aeff771d46bfe2f6e93279343346107f,1,2,120,120,0.6998829291235477,0.41173276334391934,0.28815016547838845,4969,2616,2,56,33,31,0,0,2048.0,2048.0,2048.0,18.744174482052525,57.94636154174805,0.0002999445918673937,24.7461725510002,1.3335704803466797,1.37890625
fold3_seed17,cova3d_c100_coh_fold3_seed17,C100_COH,3,17,2340698924,bc413cd04e5f9082a77ea40f4ba44a611e2c47b51b3bea9bb2a54f0f40b3fb46,0bad52d6c9c8744126a280f3ec7e34c4aeff771d46bfe2f6e93279343346107f,2,3,120,180,0.5684631302614132,0.3331926945180688,0.23527043561140695,4684,2618,3,58,31,31,0,0,2048.0,2048.0,2048.0,10.17292026678721,55.280235290527344,0.0002991142965839822,24.63116176299991,1.3335704803466797,1.37890625
fold3_seed17,cova3d_c100_coh_fold3_seed17,C100_COH,3,17,2340698924,bc413cd04e5f9082a77ea40f4ba44a611e2c47b51b3bea9bb2a54f0f40b3fb46,0bad52d6c9c8744126a280f3ec7e34c4aeff771d46bfe2f6e93279343346107f,3,4,120,240,0.49248903234985925,0.2658265460370065,0.22666248927513757,4549,2319,1,52,33,35,0,0,2048.0,2048.0,2048.0,7.16764564315478,25.059120178222656,0.0002972930965702204,24.530444621000242,1.3335704803466797,1.37890625
fold3_seed17,cova3d_c100_coh_fold3_seed17,C100_COH,3,17,2340698924,bc413cd04e5f9082a77ea40f4ba44a611e2c47b51b3bea9bb2a54f0f40b3fb46,0bad52d6c9c8744126a280f3ec7e34c4aeff771d46bfe2f6e93279343346107f,4,5,120,300,0.4101639214104253,0.2091411145866284,0.2010228087504705,4701,2406,4,55,32,33,0,0,2048.0,2048.0,2048.0,6.5600296060244245,42.90815734863281,0.0002944932171711482,24.674202091000097,1.3335704803466797,1.37890625
fold3_seed17,cova3d_c100_coh_fold3_seed17,C100_COH,3,17,2340698924,bc413cd04e5f9082a77ea40f4ba44a611e2c47b51b3bea9bb2a54f0f40b3fb46,0bad52d6c9c8744126a280f3ec7e34c4aeff771d46bfe2f6e93279343346107f,5,6,120,360,0.38384210404882046,0.16986497014897092,0.21397713671127955,5087,2697,0,56,34,30,0,0,2048.0,2048.0,2048.0,6.418127962946892,25.276287078857422,0.000290733453407337,24.585541934000048,1.3335704803466797,1.37890625
fold3_seed17,cova3d_c100_coh_fold3_seed17,C100_COH,3,17,2340698924,bc413cd04e5f9082a77ea40f4ba44a611e2c47b51b3bea9bb2a54f0f40b3fb46,0bad52d6c9c8744126a280f3ec7e34c4aeff771d46bfe2f6e93279343346107f,6,7,120,420,0.42227646798526924,0.15543378491819718,0.26684268613656364,4745,2553,3,53,45,22,0,0,2048.0,2048.0,2048.0,5.5582525019844375,22.652759552001953,0.0002860390438077423,24.428676926999742,1.3335704803466797,1.37890625
fold3_seed17,cova3d_c100_coh_fold3_seed17,C100_COH,3,17,2340698924,bc413cd04e5f9082a77ea40f4ba44a611e2c47b51b3bea9bb2a54f0f40b3fb46,0bad52d6c9c8744126a280f3ec7e34c4aeff771d46bfe2f6e93279343346107f,7,8,120,480,0.36107147551665925,0.13544828010596652,0.22562319735685984,4779,2434,1,60,32,28,0,0,2048.0,2048.0,2048.0,5.378726446007689,19.90760040283203,0.00028044150098859483,24.528492983999968,1.3335704803466797,1.37890625
fold3_seed17,cova3d_c100_coh_fold3_seed17,C100_COH,3,17,2340698924,bc413cd04e5f9082a77ea40f4ba44a611e2c47b51b3bea9bb2a54f0f40b3fb46,0bad52d6c9c8744126a280f3ec7e34c4aeff771d46bfe2f6e93279343346107f,8,9,120,540,0.30027159036555606,0.12165201931989221,0.17861957202355067,4574,2498,5,66,22,32,0,0,2048.0,2048.0,2048.0,5.243936176598072,21.791955947875977,0.0002739784001156218,24.454099480999957,1.3335704803466797,1.37890625
fold3_seed17,cova3d_c100_coh_fold3_seed17,C100_COH,3,17,2340698924,bc413cd04e5f9082a77ea40f4ba44a611e2c47b51b3bea9bb2a54f0f40b3fb46,0bad52d6c9c8744126a280f3ec7e34c4aeff771d46bfe2f6e93279343346107f,9,10,120,600,0.25401751694050273,0.09692485619665282,0.15709266165892283,4803,2602,3,63,31,26,0,0,2048.0,2048.0,2048.0,4.069588995973269,16.91855239868164,0.0002666931266696063,24.406719815000088,1.3335704803466797,1.37890625
fold3_seed17,cova3d_c100_coh_fold3_seed17,C100_COH,3,17,2340698924,bc413cd04e5f9082a77ea40f4ba44a611e2c47b51b3bea9bb2a54f0f40b3fb46,0bad52d6c9c8744126a280f3ec7e34c4aeff771d46bfe2f6e93279343346107f,10,11,120,660,0.24438344864781622,0.07987495847021364,0.16450848778088886,4952,2563,1,55,28,37,0,0,2048.0,2048.0,2048.0,3.5945415406798324,17.785968780517578,0.0002586345852084849,24.400657522000074,1.3335704803466797,1.37890625
fold3_seed17,cova3d_c100_coh_fold3_seed17,C100_COH,3,17,2340698924,bc413cd04e5f9082a77ea40f4ba44a611e2c47b51b3bea9bb2a54f0f40b3fb46,0bad52d6c9c8744126a280f3ec7e34c4aeff771d46bfe2f6e93279343346107f,11,12,120,720,0.24435572366787472,0.07533130345100811,0.16902442226807277,4878,2566,2,57,33,30,0,0,2048.0,2048.0,2048.0,4.413147436703245,34.253936767578125,0.0002498568710810032,24.370677736999824,1.3335704803466797,1.37890625
fold3_seed17,cova3d_c100_coh_fold3_seed17,C100_COH,3,17,2340698924,bc413cd04e5f9082a77ea40f4ba44a611e2c47b51b3bea9bb2a54f0f40b3fb46,0bad52d6c9c8744126a280f3ec7e34c4aeff771d46bfe2f6e93279343346107f,12,13,120,780,0.31503089978534055,0.13868664709339196,0.17634425312280655,4491,2502,3,61,20,39,0,0,2048.0,2048.0,2048.0,4.808565983424584,49.430362701416016,0.0002404189072956492,24.46583977399996,1.3335704803466797,1.37890625
fold3_seed17,cova3d_c100_coh_fold3_seed17,C100_COH,3,17,2340698924,bc413cd04e5f9082a77ea40f4ba44a611e2c47b51b3bea9bb2a54f0f40b3fb46,0bad52d6c9c8744126a280f3ec7e34c4aeff771d46bfe2f6e93279343346107f,13,14,120,840,0.2731464467335567,0.08883090348101035,0.18431554287672042,4515,2417,2,54,35,31,0,0,2048.0,2048.0,2048.0,4.4760827165227965,28.87860107421875,0.00023038404898248976,24.389990619999935,1.3335704803466797,1.37890625
fold3_seed17,cova3d_c100_coh_fold3_seed17,C100_COH,3,17,2340698924,bc413cd04e5f9082a77ea40f4ba44a611e2c47b51b3bea9bb2a54f0f40b3fb46,0bad52d6c9c8744126a280f3ec7e34c4aeff771d46bfe2f6e93279343346107f,14,15,120,900,0.17698874621899296,0.057994429257256924,0.11899431596199671,5075,2740,2,69,20,31,0,0,2048.0,2048.0,2048.0,2.6518871970908853,18.079988479614258,0.00021981965810307605,24.43179262900003,1.3335704803466797,1.37890625
fold3_seed17,cova3d_c100_coh_fold3_seed17,C100_COH,3,17,2340698924,bc413cd04e5f9082a77ea40f4ba44a611e2c47b51b3bea9bb2a54f0f40b3fb46,0bad52d6c9c8744126a280f3ec7e34c4aeff771d46bfe2f6e93279343346107f,15,16,120,960,0.1730899372963434,0.04656576917958487,0.12652416825294494,4604,2317,2,63,29,28,0,0,2048.0,2048.0,2048.0,2.7948201365148027,39.4762077331543,0.00020879665126330557,24.35677660700003,1.3335704803466797,1.37890625
fold3_seed17,cova3d_c100_coh_fold3_seed17,C100_COH,3,17,2340698924,bc413cd04e5f9082a77ea40f4ba44a611e2c47b51b3bea9bb2a54f0f40b3fb46,0bad52d6c9c8744126a280f3ec7e34c4aeff771d46bfe2f6e93279343346107f,16,17,120,1020,0.12612513392924438,0.04413021470147775,0.08199491947889329,4674,2531,3,58,30,32,0,0,2048.0,2048.0,2048.0,2.29371822620742,14.802617073059082,0.00019738902366467966,24.33250504600028,1.3335704803466797,1.37890625
fold3_seed17,cova3d_c100_coh_fold3_seed17,C100_COH,3,17,2340698924,bc413cd04e5f9082a77ea40f4ba44a611e2c47b51b3bea9bb2a54f0f40b3fb46,0bad52d6c9c8744126a280f3ec7e34c4aeff771d46bfe2f6e93279343346107f,17,18,120,1080,0.13898377250769603,0.026263536905778467,0.11272023568550746,4695,2543,1,63,22,35,0,0,2048.0,2048.0,2048.0,1.5410494500926386,6.561842441558838,0.00018567335238957547,24.4220110680003,1.3335704803466797,1.37890625
fold3_seed17,cova3d_c100_coh_fold3_seed17,C100_COH,3,17,2340698924,bc413cd04e5f9082a77ea40f4ba44a611e2c47b51b3bea9bb2a54f0f40b3fb46,0bad52d6c9c8744126a280f3ec7e34c4aeff771d46bfe2f6e93279343346107f,18,19,120,1140,0.16096154914327257,0.05646312728661048,0.10449842115243275,4405,2356,3,62,30,28,0,0,2048.0,2048.0,2048.0,3.6887170409162837,24.796411514282227,0.0001737282823548769,24.367151506000027,1.3335704803466797,1.37890625
fold3_seed17,cova3d_c100_coh_fold3_seed17,C100_COH,3,17,2340698924,bc413cd04e5f9082a77ea40f4ba44a611e2c47b51b3bea9bb2a54f0f40b3fb46,0bad52d6c9c8744126a280f3ec7e34c4aeff771d46bfe2f6e93279343346107f,19,20,120,1200,0.24659119133147273,0.06366088668635873,0.1829303060968717,4927,2510,1,55,32,33,0,0,2048.0,2048.0,2048.0,2.856262925181848,18.660154342651367,0.00016163399838465363,24.441980446999878,1.3335704803466797,1.37890625
fold3_seed17,cova3d_c100_coh_fold3_seed17,C100_COH,3,17,2340698924,bc413cd04e5f9082a77ea40f4ba44a611e2c47b51b3bea9bb2a54f0f40b3fb46,0bad52d6c9c8744126a280f3ec7e34c4aeff771d46bfe2f6e93279343346107f,20,21,120,1260,0.16737558059422467,0.053344364108656055,0.11403121799230576,4752,2618,1,62,33,25,0,0,2048.0,2048.0,2048.0,3.7474487237321834,40.61867904663086,0.00014947168694575625,24.40415509400009,1.3335704803466797,1.37890625
fold3_seed17,cova3d_c100_coh_fold3_seed17,C100_COH,3,17,2340698924,bc413cd04e5f9082a77ea40f4ba44a611e2c47b51b3bea9bb2a54f0f40b3fb46,0bad52d6c9c8744126a280f3ec7e34c4aeff771d46bfe2f6e93279343346107f,21,22,120,1320,0.1619724939191394,0.038195046180624456,0.12377744664748509,4855,2678,4,63,21,36,0,0,2048.0,2048.0,2048.0,2.8035123341406387,19.97764015197754,0.0001373229911595876,24.33253279399969,1.3335704803466797,1.37890625
fold3_seed17,cova3d_c100_coh_fold3_seed17,C100_COH,3,17,2340698924,bc413cd04e5f9082a77ea40f4ba44a611e2c47b51b3bea9bb2a54f0f40b3fb46,0bad52d6c9c8744126a280f3ec7e34c4aeff771d46bfe2f6e93279343346107f,22,23,120,1380,0.1986786155714036,0.043480750563662754,0.1551978647708893,4836,2573,3,61,24,35,0,0,2048.0,2048.0,2048.0,2.918138163998568,80.2711181640625,0.00012526946274844474,24.308719654000015,1.3335704803466797,1.37890625
fold3_seed17,cova3d_c100_coh_fold3_seed17,C100_COH,3,17,2340698924,bc413cd04e5f9082a77ea40f4ba44a611e2c47b51b3bea9bb2a54f0f40b3fb46,0bad52d6c9c8744126a280f3ec7e34c4aeff771d46bfe2f6e93279343346107f,23,24,120,1440,0.07911349576998325,0.024686140992241517,0.05442735453446706,5039,2526,1,65,27,28,0,0,2048.0,2048.0,2048.0,1.6268039430491625,15.781164169311523,0.00011339201459540494,24.322768073000134,1.3335704803466797,1.37890625
fold3_seed17,cova3d_c100_coh_fold3_seed17,C100_COH,3,17,2340698924,bc413cd04e5f9082a77ea40f4ba44a611e2c47b51b3bea9bb2a54f0f40b3fb46,0bad52d6c9c8744126a280f3ec7e34c4aeff771d46bfe2f6e93279343346107f,24,25,120,1500,0.15773829891372262,0.022964976791045557,0.134773321946462,4257,2214,4,49,27,44,0,0,2048.0,2048.0,2048.0,2.8796045654647364,28.583141326904297,0.00010177037759260854,24.328149030000077,1.3335704803466797,1.37890625
fold3_seed17,cova3d_c100_coh_fold3_seed17,C100_COH,3,17,2340698924,bc413cd04e5f9082a77ea40f4ba44a611e2c47b51b3bea9bb2a54f0f40b3fb46,0bad52d6c9c8744126a280f3ec7e34c4aeff771d46bfe2f6e93279343346107f,25,26,120,1560,0.14824835677422354,0.025118226303130545,0.12313012977441153,4662,2520,0,59,33,28,0,0,2048.0,2048.0,2048.0,2.6210569235341,23.79315185546875,9.048256542400759e-05,24.329463141999895,1.3335704803466797,1.37890625
fold3_seed17,cova3d_c100_coh_fold3_seed17,C100_COH,3,17,2340698924,bc413cd04e5f9082a77ea40f4ba44a611e2c47b51b3bea9bb2a54f0f40b3fb46,0bad52d6c9c8744126a280f3ec7e34c4aeff771d46bfe2f6e93279343346107f,26,27,120,1620,0.08979922792429056,0.019009010599325804,0.0707902173201243,4475,2342,2,66,28,26,0,0,2048.0,2048.0,2048.0,3.2085498800928085,29.128936767578125,7.960435087538242e-05,24.325900662000095,1.3335704803466797,1.37890625
fold3_seed17,cova3d_c100_coh_fold3_seed17,C100_COH,3,17,2340698924,bc413cd04e5f9082a77ea40f4ba44a611e2c47b51b3bea9bb2a54f0f40b3fb46,0bad52d6c9c8744126a280f3ec7e34c4aeff771d46bfe2f6e93279343346107f,27,28,120,1680,0.11916431930800388,0.017741084474684143,0.10142323523759841,4434,2416,2,65,27,28,0,0,2048.0,2048.0,2048.0,2.9364299409401915,31.894304275512695,6.920875718705205e-05,24.272959247000017,1.3335704803466797,1.37890625
fold3_seed17,cova3d_c100_coh_fold3_seed17,C100_COH,3,17,2340698924,bc413cd04e5f9082a77ea40f4ba44a611e2c47b51b3bea9bb2a54f0f40b3fb46,0bad52d6c9c8744126a280f3ec7e34c4aeff771d46bfe2f6e93279343346107f,28,29,120,1740,0.12648111206081708,0.019404458927283593,0.1070766528447469,4410,2450,4,60,31,29,0,0,2048.0,2048.0,2048.0,2.9470379572807968,29.273712158203125,5.936556786372413e-05,24.257925261999844,1.3335704803466797,1.37890625
fold3_seed17,cova3d_c100_coh_fold3_seed17,C100_COH,3,17,2340698924,bc413cd04e5f9082a77ea40f4ba44a611e2c47b51b3bea9bb2a54f0f40b3fb46,0bad52d6c9c8744126a280f3ec7e34c4aeff771d46bfe2f6e93279343346107f,29,30,120,1800,0.13136970656076535,0.04173448273140941,0.08963522265354792,4472,2314,1,69,25,26,0,0,2048.0,2048.0,2048.0,3.9895904752846034,123.68647003173828,5.014085823202989e-05,24.2771119490003,1.3335704803466797,1.37890625
fold3_seed17,cova3d_c100_coh_fold3_seed17,C100_COH,3,17,2340698924,bc413cd04e5f9082a77ea40f4ba44a611e2c47b51b3bea9bb2a54f0f40b3fb46,0bad52d6c9c8744126a280f3ec7e34c4aeff771d46bfe2f6e93279343346107f,30,31,120,1860,0.0817016456425086,0.019911265493563163,0.06179038137197494,4698,2542,0,73,24,23,0,0,2048.0,2048.0,2048.0,3.5791667554779756,54.11386489868164,4.159655189030408e-05,24.332043047000298,1.3335704803466797,1.37890625
fold3_seed17,cova3d_c100_coh_fold3_seed17,C100_COH,3,17,2340698924,bc413cd04e5f9082a77ea40f4ba44a611e2c47b51b3bea9bb2a54f0f40b3fb46,0bad52d6c9c8744126a280f3ec7e34c4aeff771d46bfe2f6e93279343346107f,31,32,120,1920,0.07690558133692334,0.01614143627097382,0.06076414386431376,4909,2646,5,66,27,27,0,0,2048.0,2048.0,2048.0,2.520258126609648,23.918243408203125,3.379000502807257e-05,24.360823621000236,1.3335704803466797,1.37890625
fold3_seed17,cova3d_c100_coh_fold3_seed17,C100_COH,3,17,2340698924,bc413cd04e5f9082a77ea40f4ba44a611e2c47b51b3bea9bb2a54f0f40b3fb46,0bad52d6c9c8744126a280f3ec7e34c4aeff771d46bfe2f6e93279343346107f,32,33,120,1980,0.07152831997197993,0.016187409768375845,0.055340910951296486,4984,2637,2,58,31,31,0,0,2048.0,2048.0,2048.0,2.300815729183766,28.4522762298584,2.6773621405624713e-05,24.276619450999533,1.3335704803466797,1.37890625
fold3_seed17,cova3d_c100_coh_fold3_seed17,C100_COH,3,17,2340698924,bc413cd04e5f9082a77ea40f4ba44a611e2c47b51b3bea9bb2a54f0f40b3fb46,0bad52d6c9c8744126a280f3ec7e34c4aeff771d46bfe2f6e93279343346107f,33,34,120,2040,0.0726219619198671,0.017677773539964657,0.05494418839613597,5002,2680,4,59,37,24,0,0,2048.0,2048.0,2048.0,1.585620290246637,17.62944793701172,2.059450057823627e-05,24.25207748199955,1.3335704803466797,1.37890625
fold3_seed17,cova3d_c100_coh_fold3_seed17,C100_COH,3,17,2340698924,bc413cd04e5f9082a77ea40f4ba44a611e2c47b51b3bea9bb2a54f0f40b3fb46,0bad52d6c9c8744126a280f3ec7e34c4aeff771d46bfe2f6e93279343346107f,34,35,120,2100,0.0670879631874359,0.03660439210576952,0.030483570198218027,5055,2604,0,68,29,23,1,1,1024.0,2048.0,1024.0,5.040181519960364,168.17413330078125,1.5294121726440254e-05,24.714647226000125,1.3335704803466797,1.37890625
fold3_seed17,cova3d_c100_coh_fold3_seed17,C100_COH,3,17,2340698924,bc413cd04e5f9082a77ea40f4ba44a611e2c47b51b3bea9bb2a54f0f40b3fb46,0bad52d6c9c8744126a280f3ec7e34c4aeff771d46bfe2f6e93279343346107f,35,36,120,2160,0.07677687309877831,0.012546595677545425,0.06423027714093527,4732,2663,2,63,32,25,0,0,1024.0,1024.0,1024.0,1.9795466730138287,23.813932418823242,1.0908065214729997e-05,24.23358413599999,1.3335704803466797,1.37890625
fold3_seed17,cova3d_c100_coh_fold3_seed17,C100_COH,3,17,2340698924,bc413cd04e5f9082a77ea40f4ba44a611e2c47b51b3bea9bb2a54f0f40b3fb46,0bad52d6c9c8744126a280f3ec7e34c4aeff771d46bfe2f6e93279343346107f,36,37,120,2220,0.10565997611038448,0.027051911440086264,0.07860806485017141,4712,2588,3,60,31,29,0,0,1024.0,1024.0,1024.0,2.4988664104564426,22.99829864501953,7.465773747813819e-06,24.306172841999796,1.3335704803466797,1.37890625
fold3_seed17,cova3d_c100_coh_fold3_seed17,C100_COH,3,17,2340698924,bc413cd04e5f9082a77ea40f4ba44a611e2c47b51b3bea9bb2a54f0f40b3fb46,0bad52d6c9c8744126a280f3ec7e34c4aeff771d46bfe2f6e93279343346107f,37,38,120,2280,0.09160528609581678,0.017458622687507037,0.07414666314919789,4816,2542,1,57,28,35,0,0,1024.0,1024.0,1024.0,3.2799946374453914,44.681541442871094,4.990354727730315e-06,24.24229570300031,1.3335704803466797,1.37890625
fold3_seed17,cova3d_c100_coh_fold3_seed17,C100_COH,3,17,2340698924,bc413cd04e5f9082a77ea40f4ba44a611e2c47b51b3bea9bb2a54f0f40b3fb46,0bad52d6c9c8744126a280f3ec7e34c4aeff771d46bfe2f6e93279343346107f,38,39,120,2340,0.0885562891440042,0.015232502621696049,0.07332378675540288,4660,2620,4,56,25,39,0,0,1024.0,1024.0,1024.0,2.997977672734608,38.248783111572266,3.498425138561358e-06,24.292747753000185,1.3335704803466797,1.37890625
fold3_seed17,cova3d_c100_coh_fold3_seed17,C100_COH,3,17,2340698924,bc413cd04e5f9082a77ea40f4ba44a611e2c47b51b3bea9bb2a54f0f40b3fb46,0bad52d6c9c8744126a280f3ec7e34c4aeff771d46bfe2f6e93279343346107f,39,40,120,2400,0.08882343578668972,0.012826102288082357,0.07599733322858811,4881,2654,3,59,24,37,0,0,1024.0,1024.0,1024.0,2.8045098878016383,31.273303985595703,3e-06,24.271232733000033,1.3335704803466797,1.37890625
fold3_seed17,cova3d_c100_dis_fold3_seed17,C100_DIS,3,17,2340698924,bc413cd04e5f9082a77ea40f4ba44a611e2c47b51b3bea9bb2a54f0f40b3fb46,0bad52d6c9c8744126a280f3ec7e34c4aeff771d46bfe2f6e93279343346107f,0,1,120,60,2.097060885839164,1.626508716447279,0.470552167793115,4595,2479,2,56,29,35,1,1,2048.0,4096.0,2048.0,95.53871862888336,297.171142578125,0.00017999999999999998,25.171888308000234,1.3383617401123047,1.404296875
fold3_seed17,cova3d_c100_dis_fold3_seed17,C100_DIS,3,17,2340698924,bc413cd04e5f9082a77ea40f4ba44a611e2c47b51b3bea9bb2a54f0f40b3fb46,0bad52d6c9c8744126a280f3ec7e34c4aeff771d46bfe2f6e93279343346107f,1,2,120,120,1.113751618816847,0.75802982946722,0.35572179009517035,5257,2870,1,56,33,31,0,0,2048.0,2048.0,2048.0,35.28835102717082,107.87882232666016,0.0002999445918673937,24.78081482200014,1.3383617401123047,1.404296875
fold3_seed17,cova3d_c100_dis_fold3_seed17,C100_DIS,3,17,2340698924,bc413cd04e5f9082a77ea40f4ba44a611e2c47b51b3bea9bb2a54f0f40b3fb46,0bad52d6c9c8744126a280f3ec7e34c4aeff771d46bfe2f6e93279343346107f,2,3,120,180,0.8701501992841562,0.5578256119508296,0.31232458502054217,4647,2586,2,58,31,31,0,0,2048.0,2048.0,2048.0,13.59329415957133,61.654930114746094,0.0002991142965839822,24.70935919400017,1.3383617401123047,1.404296875
fold3_seed17,cova3d_c100_dis_fold3_seed17,C100_DIS,3,17,2340698924,bc413cd04e5f9082a77ea40f4ba44a611e2c47b51b3bea9bb2a54f0f40b3fb46,0bad52d6c9c8744126a280f3ec7e34c4aeff771d46bfe2f6e93279343346107f,3,4,120,240,0.8027719745213593,0.474819790676338,0.32795218427975975,4587,2322,1,52,33,35,0,0,2048.0,2048.0,2048.0,9.57438249985377,29.02128028869629,0.0002972930965702204,24.73612470900025,1.3383617401123047,1.404296875
fold3_seed17,cova3d_c100_dis_fold3_seed17,C100_DIS,3,17,2340698924,bc413cd04e5f9082a77ea40f4ba44a611e2c47b51b3bea9bb2a54f0f40b3fb46,0bad52d6c9c8744126a280f3ec7e34c4aeff771d46bfe2f6e93279343346107f,4,5,120,300,0.7535811458403866,0.44038841855557015,0.3131927251815796,4600,2330,3,55,32,33,0,0,2048.0,2048.0,2048.0,8.772267949581146,28.039569854736328,0.0002944932171711482,24.684780651999972,1.3383617401123047,1.404296875
fold3_seed17,cova3d_c100_dis_fold3_seed17,C100_DIS,3,17,2340698924,bc413cd04e5f9082a77ea40f4ba44a611e2c47b51b3bea9bb2a54f0f40b3fb46,0bad52d6c9c8744126a280f3ec7e34c4aeff771d46bfe2f6e93279343346107f,5,6,120,360,0.6609645482734777,0.3603964384451198,0.3005681082606316,4963,2557,0,56,34,30,0,0,2048.0,2048.0,2048.0,7.400691139698028,25.284072875976562,0.000290733453407337,24.70405152100011,1.3383617401123047,1.404296875
fold3_seed17,cova3d_c100_dis_fold3_seed17,C100_DIS,3,17,2340698924,bc413cd04e5f9082a77ea40f4ba44a611e2c47b51b3bea9bb2a54f0f40b3fb46,0bad52d6c9c8744126a280f3ec7e34c4aeff771d46bfe2f6e93279343346107f,6,7,120,420,0.6950628373616685,0.37263010422466325,0.32243273506561915,4628,2464,2,53,45,22,0,0,2048.0,2048.0,2048.0,9.253150129318238,25.077587127685547,0.0002860390438077423,24.671108941000057,1.3383617401123047,1.404296875
fold3_seed17,cova3d_c100_dis_fold3_seed17,C100_DIS,3,17,2340698924,bc413cd04e5f9082a77ea40f4ba44a611e2c47b51b3bea9bb2a54f0f40b3fb46,0bad52d6c9c8744126a280f3ec7e34c4aeff771d46bfe2f6e93279343346107f,7,8,120,480,0.5798212507235196,0.2857165143553478,0.29410473853349683,4754,2454,1,60,32,28,0,0,2048.0,2048.0,2048.0,7.178700039784114,19.608686447143555,0.00028044150098859483,24.605819874999725,1.3383617401123047,1.404296875
fold3_seed17,cova3d_c100_dis_fold3_seed17,C100_DIS,3,17,2340698924,bc413cd04e5f9082a77ea40f4ba44a611e2c47b51b3bea9bb2a54f0f40b3fb46,0bad52d6c9c8744126a280f3ec7e34c4aeff771d46bfe2f6e93279343346107f,8,9,120,540,0.5225920149270677,0.28554831668249486,0.23704369912544887,4561,2476,3,66,22,32,0,0,2048.0,2048.0,2048.0,8.789584201574325,32.630252838134766,0.0002739784001156218,24.581848567000634,1.3383617401123047,1.404296875
fold3_seed17,cova3d_c100_dis_fold3_seed17,C100_DIS,3,17,2340698924,bc413cd04e5f9082a77ea40f4ba44a611e2c47b51b3bea9bb2a54f0f40b3fb46,0bad52d6c9c8744126a280f3ec7e34c4aeff771d46bfe2f6e93279343346107f,9,10,120,600,0.4723170181799408,0.26371195465665853,0.20860506296157838,4616,2470,3,63,31,26,0,0,2048.0,2048.0,2048.0,7.086219144364198,25.995906829833984,0.0002666931266696063,24.631099286999415,1.3383617401123047,1.404296875
fold3_seed17,cova3d_c100_dis_fold3_seed17,C100_DIS,3,17,2340698924,bc413cd04e5f9082a77ea40f4ba44a611e2c47b51b3bea9bb2a54f0f40b3fb46,0bad52d6c9c8744126a280f3ec7e34c4aeff771d46bfe2f6e93279343346107f,10,11,120,660,0.5052256641860974,0.28059427886376703,0.22463138500849406,4836,2484,1,55,28,37,0,0,2048.0,2048.0,2048.0,8.119852310915787,32.10250473022461,0.0002586345852084849,24.702777511000022,1.3383617401123047,1.404296875
fold3_seed17,cova3d_c100_dis_fold3_seed17,C100_DIS,3,17,2340698924,bc413cd04e5f9082a77ea40f4ba44a611e2c47b51b3bea9bb2a54f0f40b3fb46,0bad52d6c9c8744126a280f3ec7e34c4aeff771d46bfe2f6e93279343346107f,11,12,120,720,0.47805008256497483,0.2449820061873955,0.23306807726621628,4751,2445,1,57,33,30,0,0,2048.0,2048.0,2048.0,8.210984874765078,25.35837173461914,0.0002498568710810032,24.65675495799951,1.3383617401123047,1.404296875
fold3_seed17,cova3d_c100_dis_fold3_seed17,C100_DIS,3,17,2340698924,bc413cd04e5f9082a77ea40f4ba44a611e2c47b51b3bea9bb2a54f0f40b3fb46,0bad52d6c9c8744126a280f3ec7e34c4aeff771d46bfe2f6e93279343346107f,12,13,120,780,0.41578047316506855,0.21647599169057988,0.1993044823408127,4493,2486,3,61,20,39,0,0,2048.0,2048.0,2048.0,6.896584796532989,27.10590934753418,0.0002404189072956492,24.52119356700041,1.3383617401123047,1.404296875
fold3_seed17,cova3d_c100_dis_fold3_seed17,C100_DIS,3,17,2340698924,bc413cd04e5f9082a77ea40f4ba44a611e2c47b51b3bea9bb2a54f0f40b3fb46,0bad52d6c9c8744126a280f3ec7e34c4aeff771d46bfe2f6e93279343346107f,13,14,120,840,0.40645491157629293,0.20503270491838824,0.20142220854759216,4653,2511,1,54,35,31,0,0,2048.0,2048.0,2048.0,7.348214869697888,28.557449340820312,0.00023038404898248976,24.82575741599976,1.3383617401123047,1.404296875
fold3_seed17,cova3d_c100_dis_fold3_seed17,C100_DIS,3,17,2340698924,bc413cd04e5f9082a77ea40f4ba44a611e2c47b51b3bea9bb2a54f0f40b3fb46,0bad52d6c9c8744126a280f3ec7e34c4aeff771d46bfe2f6e93279343346107f,14,15,120,900,0.3114145143269525,0.15884819052313712,0.15256632417440413,5095,2729,1,69,20,31,0,0,2048.0,2048.0,2048.0,6.970365453263124,47.9371337890625,0.00021981965810307605,24.66357710000011,1.3383617401123047,1.404296875
fold3_seed17,cova3d_c100_dis_fold3_seed17,C100_DIS,3,17,2340698924,bc413cd04e5f9082a77ea40f4ba44a611e2c47b51b3bea9bb2a54f0f40b3fb46,0bad52d6c9c8744126a280f3ec7e34c4aeff771d46bfe2f6e93279343346107f,15,16,120,960,0.27543302411584897,0.1381980947818647,0.13723493019739788,4693,2440,1,63,29,28,0,0,2048.0,2048.0,2048.0,5.413480851054191,25.27193832397461,0.00020879665126330557,24.62629646000005,1.3383617401123047,1.404296875
fold3_seed17,cova3d_c100_dis_fold3_seed17,C100_DIS,3,17,2340698924,bc413cd04e5f9082a77ea40f4ba44a611e2c47b51b3bea9bb2a54f0f40b3fb46,0bad52d6c9c8744126a280f3ec7e34c4aeff771d46bfe2f6e93279343346107f,16,17,120,1020,0.26425723374039384,0.13914133070334553,0.12511590321858723,4791,2613,2,58,30,32,0,0,2048.0,2048.0,2048.0,5.644781464043384,18.770639419555664,0.00019738902366467966,24.62002978000055,1.3383617401123047,1.404296875
fold3_seed17,cova3d_c100_dis_fold3_seed17,C100_DIS,3,17,2340698924,bc413cd04e5f9082a77ea40f4ba44a611e2c47b51b3bea9bb2a54f0f40b3fb46,0bad52d6c9c8744126a280f3ec7e34c4aeff771d46bfe2f6e93279343346107f,17,18,120,1080,0.27242852227406994,0.13549359957624485,0.13693492313226063,4852,2644,1,63,22,35,0,0,2048.0,2048.0,2048.0,5.494231291363636,25.50848388671875,0.00018567335238957547,24.688838707000286,1.3383617401123047,1.404296875
fold3_seed17,cova3d_c100_dis_fold3_seed17,C100_DIS,3,17,2340698924,bc413cd04e5f9082a77ea40f4ba44a611e2c47b51b3bea9bb2a54f0f40b3fb46,0bad52d6c9c8744126a280f3ec7e34c4aeff771d46bfe2f6e93279343346107f,18,19,120,1140,0.27071870631940176,0.13378208458148796,0.1369366223613421,4778,2577,2,62,30,28,0,0,2048.0,2048.0,2048.0,5.672628672917684,41.15664291381836,0.0001737282823548769,24.56379696699969,1.3383617401123047,1.404296875
fold3_seed17,cova3d_c100_dis_fold3_seed17,C100_DIS,3,17,2340698924,bc413cd04e5f9082a77ea40f4ba44a611e2c47b51b3bea9bb2a54f0f40b3fb46,0bad52d6c9c8744126a280f3ec7e34c4aeff771d46bfe2f6e93279343346107f,19,20,120,1200,0.2762018260705929,0.09981511757355103,0.1763867085178693,5017,2556,0,55,32,33,0,0,2048.0,2048.0,2048.0,4.2255827392141025,21.169511795043945,0.00016163399838465363,24.47598889100027,1.3383617401123047,1.404296875
fold3_seed17,cova3d_c100_dis_fold3_seed17,C100_DIS,3,17,2340698924,bc413cd04e5f9082a77ea40f4ba44a611e2c47b51b3bea9bb2a54f0f40b3fb46,0bad52d6c9c8744126a280f3ec7e34c4aeff771d46bfe2f6e93279343346107f,20,21,120,1260,0.2503502277428462,0.09925123156217476,0.15109899491071702,4729,2567,1,62,33,25,0,0,2048.0,2048.0,2048.0,5.1074497170746325,30.046308517456055,0.00014947168694575625,24.615071223000086,1.3383617401123047,1.404296875
fold3_seed17,cova3d_c100_dis_fold3_seed17,C100_DIS,3,17,2340698924,bc413cd04e5f9082a77ea40f4ba44a611e2c47b51b3bea9bb2a54f0f40b3fb46,0bad52d6c9c8744126a280f3ec7e34c4aeff771d46bfe2f6e93279343346107f,21,22,120,1320,0.19923052725362897,0.07154438985329913,0.127686137954394,4769,2658,3,63,21,36,0,0,2048.0,2048.0,2048.0,3.144667482127746,12.424002647399902,0.0001373229911595876,24.54718248499921,1.3383617401123047,1.404296875
fold3_seed17,cova3d_c100_dis_fold3_seed17,C100_DIS,3,17,2340698924,bc413cd04e5f9082a77ea40f4ba44a611e2c47b51b3bea9bb2a54f0f40b3fb46,0bad52d6c9c8744126a280f3ec7e34c4aeff771d46bfe2f6e93279343346107f,22,23,120,1380,0.2588061272539827,0.11091128236917029,0.14789484590291976,4888,2635,3,61,24,35,0,0,2048.0,2048.0,2048.0,5.524979665898718,58.39179229736328,0.00012526946274844474,24.419256637000217,1.3383617401123047,1.404296875
fold3_seed17,cova3d_c100_dis_fold3_seed17,C100_DIS,3,17,2340698924,bc413cd04e5f9082a77ea40f4ba44a611e2c47b51b3bea9bb2a54f0f40b3fb46,0bad52d6c9c8744126a280f3ec7e34c4aeff771d46bfe2f6e93279343346107f,23,24,120,1440,0.15239464622752052,0.07941344311995142,0.07298120309909185,4945,2438,1,65,27,28,0,0,2048.0,2048.0,2048.0,4.169055234640837,20.148788452148438,0.00011339201459540494,24.461126428999705,1.3383617401123047,1.404296875
fold3_seed17,cova3d_c100_dis_fold3_seed17,C100_DIS,3,17,2340698924,bc413cd04e5f9082a77ea40f4ba44a611e2c47b51b3bea9bb2a54f0f40b3fb46,0bad52d6c9c8744126a280f3ec7e34c4aeff771d46bfe2f6e93279343346107f,24,25,120,1500,0.22703278161557894,0.076959829207442,0.15007295260826747,4257,2267,2,49,27,44,0,0,2048.0,2048.0,2048.0,5.431182907521725,39.65055465698242,0.00010177037759260854,24.59411930299939,1.3383617401123047,1.404296875
fold3_seed17,cova3d_c100_dis_fold3_seed17,C100_DIS,3,17,2340698924,bc413cd04e5f9082a77ea40f4ba44a611e2c47b51b3bea9bb2a54f0f40b3fb46,0bad52d6c9c8744126a280f3ec7e34c4aeff771d46bfe2f6e93279343346107f,25,26,120,1560,0.1939713528156016,0.07502004511414112,0.11895130574703217,4838,2631,0,59,33,28,0,0,2048.0,2048.0,2048.0,4.306905426333348,29.81136131286621,9.048256542400759e-05,24.57717939200029,1.3383617401123047,1.404296875
fold3_seed17,cova3d_c100_dis_fold3_seed17,C100_DIS,3,17,2340698924,bc413cd04e5f9082a77ea40f4ba44a611e2c47b51b3bea9bb2a54f0f40b3fb46,0bad52d6c9c8744126a280f3ec7e34c4aeff771d46bfe2f6e93279343346107f,26,27,120,1620,0.15416510405278044,0.05484815971341243,0.09931694517532984,4468,2326,1,66,28,26,0,0,2048.0,2048.0,2048.0,3.5147587824612856,11.97615909576416,7.960435087538242e-05,24.524709841999538,1.3383617401123047,1.404296875
fold3_seed17,cova3d_c100_dis_fold3_seed17,C100_DIS,3,17,2340698924,bc413cd04e5f9082a77ea40f4ba44a611e2c47b51b3bea9bb2a54f0f40b3fb46,0bad52d6c9c8744126a280f3ec7e34c4aeff771d46bfe2f6e93279343346107f,27,28,120,1680,0.1574560257062835,0.051899270653671434,0.10555675526460012,4336,2329,1,65,27,28,0,0,2048.0,2048.0,2048.0,3.9695864748209715,15.419974327087402,6.920875718705205e-05,24.46969735699986,1.3383617401123047,1.404296875
fold3_seed17,cova3d_c100_dis_fold3_seed17,C100_DIS,3,17,2340698924,bc413cd04e5f9082a77ea40f4ba44a611e2c47b51b3bea9bb2a54f0f40b3fb46,0bad52d6c9c8744126a280f3ec7e34c4aeff771d46bfe2f6e93279343346107f,28,29,120,1740,0.16681357290715307,0.05011656062461738,0.11669701238473257,4589,2610,3,60,31,29,0,0,2048.0,2048.0,2048.0,2.981833215802908,26.05304527282715,5.936556786372413e-05,24.50764175799941,1.3383617401123047,1.404296875
fold3_seed17,cova3d_c100_dis_fold3_seed17,C100_DIS,3,17,2340698924,bc413cd04e5f9082a77ea40f4ba44a611e2c47b51b3bea9bb2a54f0f40b3fb46,0bad52d6c9c8744126a280f3ec7e34c4aeff771d46bfe2f6e93279343346107f,29,30,120,1800,0.2023347384063572,0.06323828815824749,0.1390964498122533,4535,2361,0,69,25,26,0,0,2048.0,2048.0,2048.0,5.010343060580393,34.98403549194336,5.014085823202989e-05,24.509141277999333,1.3383617401123047,1.404296875
fold3_seed17,cova3d_c100_dis_fold3_seed17,C100_DIS,3,17,2340698924,bc413cd04e5f9082a77ea40f4ba44a611e2c47b51b3bea9bb2a54f0f40b3fb46,0bad52d6c9c8744126a280f3ec7e34c4aeff771d46bfe2f6e93279343346107f,30,31,120,1860,0.15720388098366994,0.05278979877103622,0.10441408157348633,4840,2673,0,73,24,23,0,0,2048.0,2048.0,2048.0,3.021079819897811,25.93726921081543,4.159655189030408e-05,24.429973338999844,1.3383617401123047,1.404296875
fold3_seed17,cova3d_c100_dis_fold3_seed17,C100_DIS,3,17,2340698924,bc413cd04e5f9082a77ea40f4ba44a611e2c47b51b3bea9bb2a54f0f40b3fb46,0bad52d6c9c8744126a280f3ec7e34c4aeff771d46bfe2f6e93279343346107f,31,32,120,1920,0.14492440735223092,0.03312421224367488,0.11180019627014796,4902,2641,2,66,27,27,0,0,2048.0,2048.0,2048.0,2.3533739384807024,22.81744956970215,3.379000502807257e-05,24.423836752999705,1.3383617401123047,1.404296875
fold3_seed17,cova3d_c100_dis_fold3_seed17,C100_DIS,3,17,2340698924,bc413cd04e5f9082a77ea40f4ba44a611e2c47b51b3bea9bb2a54f0f40b3fb46,0bad52d6c9c8744126a280f3ec7e34c4aeff771d46bfe2f6e93279343346107f,32,33,120,1980,0.12990160194271236,0.03951812412156528,0.09038347800572713,4802,2482,0,58,31,31,0,0,2048.0,2048.0,2048.0,2.7481584067145985,13.01669692993164,2.6773621405624713e-05,24.516637495000396,1.3383617401123047,1.404296875
fold3_seed17,cova3d_c100_dis_fold3_seed17,C100_DIS,3,17,2340698924,bc413cd04e5f9082a77ea40f4ba44a611e2c47b51b3bea9bb2a54f0f40b3fb46,0bad52d6c9c8744126a280f3ec7e34c4aeff771d46bfe2f6e93279343346107f,33,34,120,2040,0.16725727259151252,0.043155321619032204,0.12410195022821427,4947,2633,1,59,37,24,0,0,2048.0,2048.0,2048.0,3.4065826995298267,32.0899543762207,2.059450057823627e-05,24.497643702999994,1.3383617401123047,1.404296875
fold3_seed17,cova3d_c100_dis_fold3_seed17,C100_DIS,3,17,2340698924,bc413cd04e5f9082a77ea40f4ba44a611e2c47b51b3bea9bb2a54f0f40b3fb46,0bad52d6c9c8744126a280f3ec7e34c4aeff771d46bfe2f6e93279343346107f,34,35,120,2100,0.14050155082841004,0.041876076921590163,0.09862547367811203,4939,2550,0,68,29,23,0,0,2048.0,2048.0,2048.0,2.711984229957064,15.21475887298584,1.5294121726440254e-05,24.385056215000077,1.3383617401123047,1.404296875
fold3_seed17,cova3d_c100_dis_fold3_seed17,C100_DIS,3,17,2340698924,bc413cd04e5f9082a77ea40f4ba44a611e2c47b51b3bea9bb2a54f0f40b3fb46,0bad52d6c9c8744126a280f3ec7e34c4aeff771d46bfe2f6e93279343346107f,35,36,120,2160,0.13548873263060504,0.03371631178318677,0.10177242110172907,4602,2527,2,63,32,25,0,0,2048.0,2048.0,2048.0,2.5638920325785874,19.835206985473633,1.0908065214729997e-05,24.405586576999667,1.3383617401123047,1.404296875
fold3_seed17,cova3d_c100_dis_fold3_seed17,C100_DIS,3,17,2340698924,bc413cd04e5f9082a77ea40f4ba44a611e2c47b51b3bea9bb2a54f0f40b3fb46,0bad52d6c9c8744126a280f3ec7e34c4aeff771d46bfe2f6e93279343346107f,36,37,120,2220,0.15954426849404513,0.03807465914246914,0.12146961092948913,4658,2497,1,60,31,29,0,0,2048.0,2048.0,2048.0,2.8387727073781814,15.471004486083984,7.465773747813819e-06,24.44787885400001,1.3383617401123047,1.404296875
fold3_seed17,cova3d_c100_dis_fold3_seed17,C100_DIS,3,17,2340698924,bc413cd04e5f9082a77ea40f4ba44a611e2c47b51b3bea9bb2a54f0f40b3fb46,0bad52d6c9c8744126a280f3ec7e34c4aeff771d46bfe2f6e93279343346107f,37,38,120,2280,0.14531643128375554,0.0410510123688854,0.10426541964213053,4811,2541,0,57,28,35,0,0,2048.0,2048.0,2048.0,2.8431524712592364,19.021602630615234,4.990354727730315e-06,24.44357605999994,1.3383617401123047,1.404296875
fold3_seed17,cova3d_c100_dis_fold3_seed17,C100_DIS,3,17,2340698924,bc413cd04e5f9082a77ea40f4ba44a611e2c47b51b3bea9bb2a54f0f40b3fb46,0bad52d6c9c8744126a280f3ec7e34c4aeff771d46bfe2f6e93279343346107f,38,39,120,2340,0.18657157842746225,0.034037291989125154,0.15253428767124813,4631,2539,3,56,25,39,0,0,2048.0,2048.0,2048.0,2.6430158926794927,19.591360092163086,3.498425138561358e-06,24.434590349000246,1.3383617401123047,1.404296875
fold3_seed17,cova3d_c100_dis_fold3_seed17,C100_DIS,3,17,2340698924,bc413cd04e5f9082a77ea40f4ba44a611e2c47b51b3bea9bb2a54f0f40b3fb46,0bad52d6c9c8744126a280f3ec7e34c4aeff771d46bfe2f6e93279343346107f,39,40,120,2400,0.17320143013832034,0.054505518478101554,0.11869591176509857,4776,2561,1,59,24,37,0,0,2048.0,2048.0,2048.0,3.6619146801531315,52.652469635009766,3e-06,24.41395771899988,1.3383617401123047,1.404296875
fold3_seed17,cova3d_c100_frg_fold3_seed17,C100_FRG,3,17,2340698924,bc413cd04e5f9082a77ea40f4ba44a611e2c47b51b3bea9bb2a54f0f40b3fb46,0bad52d6c9c8744126a280f3ec7e34c4aeff771d46bfe2f6e93279343346107f,0,1,120,60,2.0664447785471567,1.6072719845717074,0.45917278826236724,4712,2568,2,56,29,35,1,1,2048.0,4096.0,2048.0,94.89687283833821,304.5174255371094,0.00017999999999999998,25.23676328000056,1.335988998413086,1.396484375
fold3_seed17,cova3d_c100_frg_fold3_seed17,C100_FRG,3,17,2340698924,bc413cd04e5f9082a77ea40f4ba44a611e2c47b51b3bea9bb2a54f0f40b3fb46,0bad52d6c9c8744126a280f3ec7e34c4aeff771d46bfe2f6e93279343346107f,1,2,120,120,1.1372068149665817,0.7929490721791201,0.34425774166981377,5107,2792,1,56,33,31,0,0,2048.0,2048.0,2048.0,35.9589900970459,119.65104675292969,0.0002999445918673937,24.888574687000073,1.335988998413086,1.396484375
fold3_seed17,cova3d_c100_frg_fold3_seed17,C100_FRG,3,17,2340698924,bc413cd04e5f9082a77ea40f4ba44a611e2c47b51b3bea9bb2a54f0f40b3fb46,0bad52d6c9c8744126a280f3ec7e34c4aeff771d46bfe2f6e93279343346107f,2,3,120,180,0.80906385740988,0.5234682736183458,0.28559558739264806,4743,2659,2,58,31,31,0,0,2048.0,2048.0,2048.0,13.120233929157257,91.65840911865234,0.0002991142965839822,24.840612634000536,1.335988998413086,1.396484375
fold3_seed17,cova3d_c100_frg_fold3_seed17,C100_FRG,3,17,2340698924,bc413cd04e5f9082a77ea40f4ba44a611e2c47b51b3bea9bb2a54f0f40b3fb46,0bad52d6c9c8744126a280f3ec7e34c4aeff771d46bfe2f6e93279343346107f,3,4,120,240,0.726113096140034,0.42230812503282017,0.3038049747546514,4646,2396,1,52,33,35,0,0,2048.0,2048.0,2048.0,7.844360816478729,29.536094665527344,0.0002972930965702204,24.747229385000537,1.335988998413086,1.396484375
fold3_seed17,cova3d_c100_frg_fold3_seed17,C100_FRG,3,17,2340698924,bc413cd04e5f9082a77ea40f4ba44a611e2c47b51b3bea9bb2a54f0f40b3fb46,0bad52d6c9c8744126a280f3ec7e34c4aeff771d46bfe2f6e93279343346107f,4,5,120,300,0.7334763834970848,0.4211059079292075,0.31237047612667085,4566,2256,3,55,32,33,0,0,2048.0,2048.0,2048.0,9.566260488828023,61.07802963256836,0.0002944932171711482,24.70645350399991,1.335988998413086,1.396484375
fold3_seed17,cova3d_c100_frg_fold3_seed17,C100_FRG,3,17,2340698924,bc413cd04e5f9082a77ea40f4ba44a611e2c47b51b3bea9bb2a54f0f40b3fb46,0bad52d6c9c8744126a280f3ec7e34c4aeff771d46bfe2f6e93279343346107f,5,6,120,360,0.5932714501939093,0.3221756663755514,0.27109578202168144,5087,2677,0,56,34,30,0,0,2048.0,2048.0,2048.0,6.33825794061025,17.720911026000977,0.000290733453407337,24.659344001000136,1.335988998413086,1.396484375
fold3_seed17,cova3d_c100_frg_fold3_seed17,C100_FRG,3,17,2340698924,bc413cd04e5f9082a77ea40f4ba44a611e2c47b51b3bea9bb2a54f0f40b3fb46,0bad52d6c9c8744126a280f3ec7e34c4aeff771d46bfe2f6e93279343346107f,6,7,120,420,0.6665734591040139,0.3470684215812071,0.3195050393541654,4643,2441,3,53,45,22,0,0,2048.0,2048.0,2048.0,8.138222297032675,28.454774856567383,0.0002860390438077423,24.65330591499969,1.335988998413086,1.396484375
fold3_seed17,cova3d_c100_frg_fold3_seed17,C100_FRG,3,17,2340698924,bc413cd04e5f9082a77ea40f4ba44a611e2c47b51b3bea9bb2a54f0f40b3fb46,0bad52d6c9c8744126a280f3ec7e34c4aeff771d46bfe2f6e93279343346107f,7,8,120,480,0.5596275384324447,0.2788780777579329,0.2807494615515073,4849,2537,1,60,32,28,0,0,2048.0,2048.0,2048.0,6.881748022635778,25.070587158203125,0.00028044150098859483,24.731929278999814,1.335988998413086,1.396484375
fold3_seed17,cova3d_c100_frg_fold3_seed17,C100_FRG,3,17,2340698924,bc413cd04e5f9082a77ea40f4ba44a611e2c47b51b3bea9bb2a54f0f40b3fb46,0bad52d6c9c8744126a280f3ec7e34c4aeff771d46bfe2f6e93279343346107f,8,9,120,540,0.5164621751096092,0.2910421926351395,0.2254199837644895,4738,2618,4,66,22,32,0,0,2048.0,2048.0,2048.0,7.833227487405141,39.68519592285156,0.0002739784001156218,24.666197389000445,1.335988998413086,1.396484375
fold3_seed17,cova3d_c100_frg_fold3_seed17,C100_FRG,3,17,2340698924,bc413cd04e5f9082a77ea40f4ba44a611e2c47b51b3bea9bb2a54f0f40b3fb46,0bad52d6c9c8744126a280f3ec7e34c4aeff771d46bfe2f6e93279343346107f,9,10,120,600,0.430845126073109,0.2333742769706684,0.19747084726889927,4884,2691,3,63,31,26,0,0,2048.0,2048.0,2048.0,6.026118510961533,20.523502349853516,0.0002666931266696063,24.64647436999985,1.335988998413086,1.396484375
fold3_seed17,cova3d_c100_frg_fold3_seed17,C100_FRG,3,17,2340698924,bc413cd04e5f9082a77ea40f4ba44a611e2c47b51b3bea9bb2a54f0f40b3fb46,0bad52d6c9c8744126a280f3ec7e34c4aeff771d46bfe2f6e93279343346107f,10,11,120,660,0.4142800686521999,0.2118251207896416,0.20245494991540908,4856,2518,1,55,28,37,0,0,2048.0,2048.0,2048.0,5.616812471052011,15.66624641418457,0.0002586345852084849,24.581145226000444,1.335988998413086,1.396484375
fold3_seed17,cova3d_c100_frg_fold3_seed17,C100_FRG,3,17,2340698924,bc413cd04e5f9082a77ea40f4ba44a611e2c47b51b3bea9bb2a54f0f40b3fb46,0bad52d6c9c8744126a280f3ec7e34c4aeff771d46bfe2f6e93279343346107f,11,12,120,720,0.4281576502767772,0.20687475685530973,0.22128289093573889,4847,2568,1,57,33,30,0,0,2048.0,2048.0,2048.0,7.43908271988233,29.644908905029297,0.0002498568710810032,24.60954065000078,1.335988998413086,1.396484375
fold3_seed17,cova3d_c100_frg_fold3_seed17,C100_FRG,3,17,2340698924,bc413cd04e5f9082a77ea40f4ba44a611e2c47b51b3bea9bb2a54f0f40b3fb46,0bad52d6c9c8744126a280f3ec7e34c4aeff771d46bfe2f6e93279343346107f,12,13,120,780,0.37206700804489024,0.18421114195915228,0.18785586754480998,4484,2495,3,61,20,39,0,0,2048.0,2048.0,2048.0,6.60779888878266,28.174989700317383,0.0002404189072956492,24.686312703999647,1.335988998413086,1.396484375
fold3_seed17,cova3d_c100_frg_fold3_seed17,C100_FRG,3,17,2340698924,bc413cd04e5f9082a77ea40f4ba44a611e2c47b51b3bea9bb2a54f0f40b3fb46,0bad52d6c9c8744126a280f3ec7e34c4aeff771d46bfe2f6e93279343346107f,13,14,120,840,0.41148395535674354,0.2092622958721525,0.20222165882587434,4790,2615,1,54,35,31,0,0,2048.0,2048.0,2048.0,6.896061274409294,23.722362518310547,0.00023038404898248976,24.728550930999518,1.335988998413086,1.396484375
fold3_seed17,cova3d_c100_frg_fold3_seed17,C100_FRG,3,17,2340698924,bc413cd04e5f9082a77ea40f4ba44a611e2c47b51b3bea9bb2a54f0f40b3fb46,0bad52d6c9c8744126a280f3ec7e34c4aeff771d46bfe2f6e93279343346107f,14,15,120,900,0.29821870313966475,0.1451679996563512,0.15305070479710897,5020,2644,1,69,20,31,0,0,2048.0,2048.0,2048.0,4.704498132683026,14.564884185791016,0.00021981965810307605,24.556178859000283,1.335988998413086,1.396484375
fold3_seed17,cova3d_c100_frg_fold3_seed17,C100_FRG,3,17,2340698924,bc413cd04e5f9082a77ea40f4ba44a611e2c47b51b3bea9bb2a54f0f40b3fb46,0bad52d6c9c8744126a280f3ec7e34c4aeff771d46bfe2f6e93279343346107f,15,16,120,960,0.2588290760382885,0.12393047658353377,0.13489859998226167,4704,2422,2,63,29,28,0,0,2048.0,2048.0,2048.0,4.847359091043472,31.319503784179688,0.00020879665126330557,24.572741850000057,1.335988998413086,1.396484375
fold3_seed17,cova3d_c100_frg_fold3_seed17,C100_FRG,3,17,2340698924,bc413cd04e5f9082a77ea40f4ba44a611e2c47b51b3bea9bb2a54f0f40b3fb46,0bad52d6c9c8744126a280f3ec7e34c4aeff771d46bfe2f6e93279343346107f,16,17,120,1020,0.2236708812895813,0.11294423497056413,0.11072664310534795,4782,2593,2,58,30,32,0,0,2048.0,2048.0,2048.0,3.9869901185234387,27.820775985717773,0.00019738902366467966,24.58455819699975,1.335988998413086,1.396484375
fold3_seed17,cova3d_c100_frg_fold3_seed17,C100_FRG,3,17,2340698924,bc413cd04e5f9082a77ea40f4ba44a611e2c47b51b3bea9bb2a54f0f40b3fb46,0bad52d6c9c8744126a280f3ec7e34c4aeff771d46bfe2f6e93279343346107f,17,18,120,1080,0.2872260828602496,0.13236712772783352,0.1548589547475179,4814,2674,1,63,22,35,0,0,2048.0,2048.0,2048.0,5.5450881951799,42.59375762939453,0.00018567335238957547,24.615576107999914,1.335988998413086,1.396484375
fold3_seed17,cova3d_c100_frg_fold3_seed17,C100_FRG,3,17,2340698924,bc413cd04e5f9082a77ea40f4ba44a611e2c47b51b3bea9bb2a54f0f40b3fb46,0bad52d6c9c8744126a280f3ec7e34c4aeff771d46bfe2f6e93279343346107f,18,19,120,1140,0.2537764250286178,0.12442548795830248,0.12935093641281128,4728,2577,2,62,30,28,0,0,2048.0,2048.0,2048.0,6.333643824607134,76.40089416503906,0.0001737282823548769,24.587493314999847,1.335988998413086,1.396484375
fold3_seed17,cova3d_c100_frg_fold3_seed17,C100_FRG,3,17,2340698924,bc413cd04e5f9082a77ea40f4ba44a611e2c47b51b3bea9bb2a54f0f40b3fb46,0bad52d6c9c8744126a280f3ec7e34c4aeff771d46bfe2f6e93279343346107f,19,20,120,1200,0.25115007973772663,0.0921208441108926,0.15902923395236332,5023,2544,0,55,32,33,0,0,2048.0,2048.0,2048.0,4.462049068013827,45.535736083984375,0.00016163399838465363,24.527067494999756,1.335988998413086,1.396484375
fold3_seed17,cova3d_c100_frg_fold3_seed17,C100_FRG,3,17,2340698924,bc413cd04e5f9082a77ea40f4ba44a611e2c47b51b3bea9bb2a54f0f40b3fb46,0bad52d6c9c8744126a280f3ec7e34c4aeff771d46bfe2f6e93279343346107f,20,21,120,1260,0.22961149238465547,0.08856433696970498,0.14104715635379156,4831,2641,1,62,33,25,0,0,2048.0,2048.0,2048.0,6.003365373114745,82.394775390625,0.00014947168694575625,24.511956282999563,1.335988998413086,1.396484375
fold3_seed17,cova3d_c100_frg_fold3_seed17,C100_FRG,3,17,2340698924,bc413cd04e5f9082a77ea40f4ba44a611e2c47b51b3bea9bb2a54f0f40b3fb46,0bad52d6c9c8744126a280f3ec7e34c4aeff771d46bfe2f6e93279343346107f,21,22,120,1320,0.19614124713647715,0.06368637032135306,0.13245487560828526,4825,2681,4,63,21,36,0,0,2048.0,2048.0,2048.0,3.3195520394792157,14.170442581176758,0.0001373229911595876,24.494939553999757,1.335988998413086,1.396484375
fold3_seed17,cova3d_c100_frg_fold3_seed17,C100_FRG,3,17,2340698924,bc413cd04e5f9082a77ea40f4ba44a611e2c47b51b3bea9bb2a54f0f40b3fb46,0bad52d6c9c8744126a280f3ec7e34c4aeff771d46bfe2f6e93279343346107f,22,23,120,1380,0.22134472841605207,0.06464555124861064,0.15669917911291123,4722,2502,3,61,24,35,0,0,2048.0,2048.0,2048.0,4.142665145546198,24.54793357849121,0.00012526946274844474,24.548263775000123,1.335988998413086,1.396484375
fold3_seed17,cova3d_c100_frg_fold3_seed17,C100_FRG,3,17,2340698924,bc413cd04e5f9082a77ea40f4ba44a611e2c47b51b3bea9bb2a54f0f40b3fb46,0bad52d6c9c8744126a280f3ec7e34c4aeff771d46bfe2f6e93279343346107f,23,24,120,1440,0.12225494565234311,0.06069468453933498,0.06156026075283686,5002,2482,1,65,27,28,0,0,2048.0,2048.0,2048.0,3.3525264731297892,11.67185115814209,0.00011339201459540494,24.529329711999708,1.335988998413086,1.396484375
fold3_seed17,cova3d_c100_frg_fold3_seed17,C100_FRG,3,17,2340698924,bc413cd04e5f9082a77ea40f4ba44a611e2c47b51b3bea9bb2a54f0f40b3fb46,0bad52d6c9c8744126a280f3ec7e34c4aeff771d46bfe2f6e93279343346107f,24,25,120,1500,0.21657505808204405,0.07342804150527625,0.1431470160682996,4270,2273,2,49,27,44,0,0,2048.0,2048.0,2048.0,5.867599535733461,62.14313507080078,0.00010177037759260854,24.53862223499982,1.335988998413086,1.396484375
fold3_seed17,cova3d_c100_frg_fold3_seed17,C100_FRG,3,17,2340698924,bc413cd04e5f9082a77ea40f4ba44a611e2c47b51b3bea9bb2a54f0f40b3fb46,0bad52d6c9c8744126a280f3ec7e34c4aeff771d46bfe2f6e93279343346107f,25,26,120,1560,0.16214222741636955,0.05115401884434752,0.11098820865154266,4878,2683,0,59,33,28,0,0,2048.0,2048.0,2048.0,3.328783237468451,27.957983016967773,9.048256542400759e-05,24.483275052000863,1.335988998413086,1.396484375
fold3_seed17,cova3d_c100_frg_fold3_seed17,C100_FRG,3,17,2340698924,bc413cd04e5f9082a77ea40f4ba44a611e2c47b51b3bea9bb2a54f0f40b3fb46,0bad52d6c9c8744126a280f3ec7e34c4aeff771d46bfe2f6e93279343346107f,26,27,120,1620,0.15028721666066003,0.05028946548993192,0.09999775240818659,4560,2396,1,66,28,26,0,0,2048.0,2048.0,2048.0,3.7906174254914125,27.812936782836914,7.960435087538242e-05,24.51995591100058,1.335988998413086,1.396484375
fold3_seed17,cova3d_c100_frg_fold3_seed17,C100_FRG,3,17,2340698924,bc413cd04e5f9082a77ea40f4ba44a611e2c47b51b3bea9bb2a54f0f40b3fb46,0bad52d6c9c8744126a280f3ec7e34c4aeff771d46bfe2f6e93279343346107f,27,28,120,1680,0.15322567792530997,0.03962362644161234,0.11360205213228862,4475,2468,1,65,27,28,0,0,2048.0,2048.0,2048.0,3.1263195083166164,14.195588111877441,6.920875718705205e-05,24.496067541999764,1.335988998413086,1.396484375
fold3_seed17,cova3d_c100_frg_fold3_seed17,C100_FRG,3,17,2340698924,bc413cd04e5f9082a77ea40f4ba44a611e2c47b51b3bea9bb2a54f0f40b3fb46,0bad52d6c9c8744126a280f3ec7e34c4aeff771d46bfe2f6e93279343346107f,28,29,120,1740,0.1663268918032605,0.04553405406155334,0.12079283744096755,4520,2511,3,60,31,29,0,0,2048.0,2048.0,2048.0,3.1370722092377643,22.032060623168945,5.936556786372413e-05,24.43993855700046,1.335988998413086,1.396484375
fold3_seed17,cova3d_c100_frg_fold3_seed17,C100_FRG,3,17,2340698924,bc413cd04e5f9082a77ea40f4ba44a611e2c47b51b3bea9bb2a54f0f40b3fb46,0bad52d6c9c8744126a280f3ec7e34c4aeff771d46bfe2f6e93279343346107f,29,30,120,1800,0.1661200539606056,0.042585827413385326,0.1235342264175415,4546,2345,0,69,25,26,0,0,2048.0,2048.0,2048.0,3.730808023860057,30.84984588623047,5.014085823202989e-05,24.495557254999767,1.335988998413086,1.396484375
fold3_seed17,cova3d_c100_frg_fold3_seed17,C100_FRG,3,17,2340698924,bc413cd04e5f9082a77ea40f4ba44a611e2c47b51b3bea9bb2a54f0f40b3fb46,0bad52d6c9c8744126a280f3ec7e34c4aeff771d46bfe2f6e93279343346107f,30,31,120,1860,0.12770529949506454,0.041115065691722824,0.08659023344516754,4884,2711,0,73,24,23,0,0,2048.0,2048.0,2048.0,2.422056502227982,14.816576957702637,4.159655189030408e-05,24.45253309399959,1.335988998413086,1.396484375
fold3_seed17,cova3d_c100_frg_fold3_seed17,C100_FRG,3,17,2340698924,bc413cd04e5f9082a77ea40f4ba44a611e2c47b51b3bea9bb2a54f0f40b3fb46,0bad52d6c9c8744126a280f3ec7e34c4aeff771d46bfe2f6e93279343346107f,31,32,120,1920,0.1298090743045267,0.024796143699752575,0.10501293043295543,4845,2595,3,66,27,27,0,0,2048.0,2048.0,2048.0,1.9501262490948041,19.920801162719727,3.379000502807257e-05,24.415812610000103,1.335988998413086,1.396484375
fold3_seed17,cova3d_c100_frg_fold3_seed17,C100_FRG,3,17,2340698924,bc413cd04e5f9082a77ea40f4ba44a611e2c47b51b3bea9bb2a54f0f40b3fb46,0bad52d6c9c8744126a280f3ec7e34c4aeff771d46bfe2f6e93279343346107f,32,33,120,1980,0.13011702300704078,0.03542668264542213,0.09469034026066463,4884,2536,0,58,31,31,0,0,2048.0,2048.0,2048.0,3.173294669602304,26.888717651367188,2.6773621405624713e-05,24.46614210000007,1.335988998413086,1.396484375
fold3_seed17,cova3d_c100_frg_fold3_seed17,C100_FRG,3,17,2340698924,bc413cd04e5f9082a77ea40f4ba44a611e2c47b51b3bea9bb2a54f0f40b3fb46,0bad52d6c9c8744126a280f3ec7e34c4aeff771d46bfe2f6e93279343346107f,33,34,120,2040,0.13555116592599947,0.02807380783815948,0.10747736046711603,4786,2499,2,59,37,24,0,0,2048.0,2048.0,2048.0,2.3768605197469395,10.094769477844238,2.059450057823627e-05,24.43020000300021,1.335988998413086,1.396484375
fold3_seed17,cova3d_c100_frg_fold3_seed17,C100_FRG,3,17,2340698924,bc413cd04e5f9082a77ea40f4ba44a611e2c47b51b3bea9bb2a54f0f40b3fb46,0bad52d6c9c8744126a280f3ec7e34c4aeff771d46bfe2f6e93279343346107f,34,35,120,2100,0.13396820171967133,0.032360882961175896,0.10160731822252274,4977,2637,0,68,29,23,0,0,2048.0,2048.0,2048.0,2.439005171569685,19.61302375793457,1.5294121726440254e-05,24.51993044000028,1.335988998413086,1.396484375
fold3_seed17,cova3d_c100_frg_fold3_seed17,C100_FRG,3,17,2340698924,bc413cd04e5f9082a77ea40f4ba44a611e2c47b51b3bea9bb2a54f0f40b3fb46,0bad52d6c9c8744126a280f3ec7e34c4aeff771d46bfe2f6e93279343346107f,35,36,120,2160,0.13442668388812537,0.027960213664353764,0.1064664696653684,4654,2566,2,63,32,25,0,0,2048.0,2048.0,2048.0,3.011352492465327,16.735872268676758,1.0908065214729997e-05,24.454861042999255,1.335988998413086,1.396484375
fold3_seed17,cova3d_c100_frg_fold3_seed17,C100_FRG,3,17,2340698924,bc413cd04e5f9082a77ea40f4ba44a611e2c47b51b3bea9bb2a54f0f40b3fb46,0bad52d6c9c8744126a280f3ec7e34c4aeff771d46bfe2f6e93279343346107f,36,37,120,2220,0.15560088539788933,0.03804460637419289,0.11755627890427907,4877,2693,1,60,31,29,0,0,2048.0,2048.0,2048.0,3.1412326641536006,28.232603073120117,7.465773747813819e-06,24.43086764399959,1.335988998413086,1.396484375
fold3_seed17,cova3d_c100_frg_fold3_seed17,C100_FRG,3,17,2340698924,bc413cd04e5f9082a77ea40f4ba44a611e2c47b51b3bea9bb2a54f0f40b3fb46,0bad52d6c9c8744126a280f3ec7e34c4aeff771d46bfe2f6e93279343346107f,37,38,120,2280,0.14452690771919077,0.028033568298745874,0.11649333933989207,4827,2563,1,57,28,35,0,0,2048.0,2048.0,2048.0,2.2837469342475134,9.900927543640137,4.990354727730315e-06,24.444399126999997,1.335988998413086,1.396484375
fold3_seed17,cova3d_c100_frg_fold3_seed17,C100_FRG,3,17,2340698924,bc413cd04e5f9082a77ea40f4ba44a611e2c47b51b3bea9bb2a54f0f40b3fb46,0bad52d6c9c8744126a280f3ec7e34c4aeff771d46bfe2f6e93279343346107f,38,39,120,2340,0.1715116385036653,0.026502046942621083,0.1450095906853676,4695,2582,3,56,25,39,0,0,2048.0,2048.0,2048.0,2.60107894660905,24.109569549560547,3.498425138561358e-06,24.358581800000138,1.335988998413086,1.396484375
fold3_seed17,cova3d_c100_frg_fold3_seed17,C100_FRG,3,17,2340698924,bc413cd04e5f9082a77ea40f4ba44a611e2c47b51b3bea9bb2a54f0f40b3fb46,0bad52d6c9c8744126a280f3ec7e34c4aeff771d46bfe2f6e93279343346107f,39,40,120,2400,0.16317044382060614,0.0549694620960451,0.10820098221302032,4896,2648,1,59,24,37,1,1,1024.0,2048.0,1024.0,5.72672843048155,153.1066436767578,3e-06,24.782531357999687,1.335988998413086,1.396484375
