batch_id,run_id,condition,outer_fold,seed,initialization_seed,shared_initialization_sha256,paired_plan_sha256,epoch,epoch_1based,logical_microbatches,successful_optimizer_steps_total,mean_loss,mean_partial_bce,mean_partial_dice_fp32,labelled_voxels_seen,foreground_voxels_seen,zero_label_microbatches,foreground_centered,background_centered,uniform_crop,amp_overflow_events,amp_retry_attempts,amp_scale_min,amp_scale_max,amp_scale_end,mean_preclip_grad_norm,max_preclip_grad_norm,learning_rate_end,epoch_seconds,peak_allocated_gb,peak_reserved_gb
fold2_seed17,cova3d_c50_coh_fold2_seed17,C50_COH,2,17,2061093944,d4a0237326656e46138c04693715227e0d321ed7687c89cece8f75c3bd905c05,847205ab97e42cae3711cbb424571cb4de6c30ac640f0c41b61e045bffa7af27,0,1,120,60,2.0052882761267634,1.5084253175067714,0.4968629628419876,8286,4036,1,62,26,32,3,3,512.0,4096.0,512.0,99.83866051038106,365.1277770996094,0.00017999999999999998,26.152527893000297,1.3336772918701172,1.361328125
fold2_seed17,cova3d_c50_coh_fold2_seed17,C50_COH,2,17,2061093944,d4a0237326656e46138c04693715227e0d321ed7687c89cece8f75c3bd905c05,847205ab97e42cae3711cbb424571cb4de6c30ac640f0c41b61e045bffa7af27,1,2,120,120,0.8910706459617359,0.5884099077477003,0.30266074389219283,8331,4199,1,58,38,24,0,0,512.0,512.0,512.0,27.198043461640676,129.6993865966797,0.0002999445918673937,23.643561740000223,1.3336772918701172,1.361328125
fold2_seed17,cova3d_c50_coh_fold2_seed17,C50_COH,2,17,2061093944,d4a0237326656e46138c04693715227e0d321ed7687c89cece8f75c3bd905c05,847205ab97e42cae3711cbb424571cb4de6c30ac640f0c41b61e045bffa7af27,2,3,120,180,0.6993882665803539,0.3935564164727111,0.30583184758822124,9045,4655,1,56,33,31,0,0,512.0,512.0,512.0,11.792763209342956,45.5355110168457,0.0002991142965839822,24.323586200000136,1.3336772918701172,1.361328125
fold2_seed17,cova3d_c50_coh_fold2_seed17,C50_COH,2,17,2061093944,d4a0237326656e46138c04693715227e0d321ed7687c89cece8f75c3bd905c05,847205ab97e42cae3711cbb424571cb4de6c30ac640f0c41b61e045bffa7af27,3,4,120,240,0.5432989793936334,0.28153388197048723,0.2617650955915451,8721,4482,1,56,34,30,0,0,512.0,512.0,512.0,8.547779707113902,31.575286865234375,0.0002972930965702204,25.464924095999777,1.3336772918701172,1.361328125
fold2_seed17,cova3d_c50_coh_fold2_seed17,C50_COH,2,17,2061093944,d4a0237326656e46138c04693715227e0d321ed7687c89cece8f75c3bd905c05,847205ab97e42cae3711cbb424571cb4de6c30ac640f0c41b61e045bffa7af27,4,5,120,300,0.4063426821868537,0.20896151692601658,0.19738116413354873,8736,4437,1,61,36,23,0,0,512.0,512.0,512.0,7.766714862982432,58.134037017822266,0.0002944932171711482,26.48493979399973,1.3336772918701172,1.361328125
fold2_seed17,cova3d_c50_coh_fold2_seed17,C50_COH,2,17,2061093944,d4a0237326656e46138c04693715227e0d321ed7687c89cece8f75c3bd905c05,847205ab97e42cae3711cbb424571cb4de6c30ac640f0c41b61e045bffa7af27,5,6,120,360,0.42079564563282473,0.18693149958259406,0.23386414498090743,8598,4446,2,59,32,29,0,0,512.0,512.0,512.0,7.472758671641349,29.45410919189453,0.000290733453407337,25.190292497999963,1.3336772918701172,1.361328125
fold2_seed17,cova3d_c50_coh_fold2_seed17,C50_COH,2,17,2061093944,d4a0237326656e46138c04693715227e0d321ed7687c89cece8f75c3bd905c05,847205ab97e42cae3711cbb424571cb4de6c30ac640f0c41b61e045bffa7af27,6,7,120,420,0.3835717078603314,0.18190529707690076,0.20166641225417456,8126,3877,2,58,33,29,0,0,512.0,512.0,512.0,6.914077626665433,28.799163818359375,0.0002860390438077423,25.25073542400014,1.3336772918701172,1.361328125
fold2_seed17,cova3d_c50_coh_fold2_seed17,C50_COH,2,17,2061093944,d4a0237326656e46138c04693715227e0d321ed7687c89cece8f75c3bd905c05,847205ab97e42cae3711cbb424571cb4de6c30ac640f0c41b61e045bffa7af27,7,8,120,480,0.3211132835819853,0.14830189260040547,0.17281138847271602,8461,4253,2,62,31,27,0,0,512.0,512.0,512.0,5.457217287303259,19.90947151184082,0.00028044150098859483,25.799422666999817,1.3336772918701172,1.361328125
fold2_seed17,cova3d_c50_coh_fold2_seed17,C50_COH,2,17,2061093944,d4a0237326656e46138c04693715227e0d321ed7687c89cece8f75c3bd905c05,847205ab97e42cae3711cbb424571cb4de6c30ac640f0c41b61e045bffa7af27,8,9,120,540,0.3287177277538774,0.13915650519767317,0.1895612229903539,8575,4423,1,59,31,30,0,0,512.0,512.0,512.0,5.999089479694764,35.46460723876953,0.0002739784001156218,25.481439136999597,1.3336772918701172,1.361328125
fold2_seed17,cova3d_c50_coh_fold2_seed17,C50_COH,2,17,2061093944,d4a0237326656e46138c04693715227e0d321ed7687c89cece8f75c3bd905c05,847205ab97e42cae3711cbb424571cb4de6c30ac640f0c41b61e045bffa7af27,9,10,120,600,0.31092710928803624,0.12341603178414667,0.18751107851664225,8531,4374,2,53,30,37,0,0,512.0,512.0,512.0,6.326971434801817,27.600624084472656,0.0002666931266696063,25.34108153699981,1.3336772918701172,1.361328125
fold2_seed17,cova3d_c50_coh_fold2_seed17,C50_COH,2,17,2061093944,d4a0237326656e46138c04693715227e0d321ed7687c89cece8f75c3bd905c05,847205ab97e42cae3711cbb424571cb4de6c30ac640f0c41b61e045bffa7af27,10,11,120,660,0.28800184201274986,0.10290574538478267,0.18509609500567117,8179,4043,1,59,30,31,0,0,512.0,512.0,512.0,4.740003526707491,22.871965408325195,0.0002586345852084849,25.525159825000173,1.3336772918701172,1.361328125
fold2_seed17,cova3d_c50_coh_fold2_seed17,C50_COH,2,17,2061093944,d4a0237326656e46138c04693715227e0d321ed7687c89cece8f75c3bd905c05,847205ab97e42cae3711cbb424571cb4de6c30ac640f0c41b61e045bffa7af27,11,12,120,720,0.1400135781088996,0.051519483914605264,0.08849409421284994,8774,4515,3,72,22,26,0,0,512.0,512.0,512.0,2.9407077650229136,13.089483261108398,0.0002498568710810032,25.339723408000282,1.3336772918701172,1.361328125
fold2_seed17,cova3d_c50_coh_fold2_seed17,C50_COH,2,17,2061093944,d4a0237326656e46138c04693715227e0d321ed7687c89cece8f75c3bd905c05,847205ab97e42cae3711cbb424571cb4de6c30ac640f0c41b61e045bffa7af27,12,13,120,780,0.22752983300482962,0.07354165820204343,0.15398817360401154,8717,4445,3,56,28,36,0,0,512.0,512.0,512.0,4.47219110392034,27.600460052490234,0.0002404189072956492,25.371433691999755,1.3336772918701172,1.361328125
fold2_seed17,cova3d_c50_coh_fold2_seed17,C50_COH,2,17,2061093944,d4a0237326656e46138c04693715227e0d321ed7687c89cece8f75c3bd905c05,847205ab97e42cae3711cbb424571cb4de6c30ac640f0c41b61e045bffa7af27,13,14,120,840,0.2058427201141138,0.060251995362229145,0.14559072256088257,8752,4614,0,51,35,34,0,0,512.0,512.0,512.0,4.119239206860462,42.02382278442383,0.00023038404898248976,25.382352290999734,1.3336772918701172,1.361328125
fold2_seed17,cova3d_c50_coh_fold2_seed17,C50_COH,2,17,2061093944,d4a0237326656e46138c04693715227e0d321ed7687c89cece8f75c3bd905c05,847205ab97e42cae3711cbb424571cb4de6c30ac640f0c41b61e045bffa7af27,14,15,120,900,0.1793775552515106,0.04711585045745427,0.1322617049018542,8582,4562,2,68,32,20,0,0,512.0,512.0,512.0,3.456198348865534,20.713109970092773,0.00021981965810307605,25.351477827000053,1.3336772918701172,1.361328125
fold2_seed17,cova3d_c50_coh_fold2_seed17,C50_COH,2,17,2061093944,d4a0237326656e46138c04693715227e0d321ed7687c89cece8f75c3bd905c05,847205ab97e42cae3711cbb424571cb4de6c30ac640f0c41b61e045bffa7af27,15,16,120,960,0.14130997964812356,0.04303299282046535,0.09827698866526285,8519,4499,1,64,31,25,0,0,512.0,512.0,512.0,3.0927170721503594,12.184295654296875,0.00020879665126330557,25.300228435999998,1.3336772918701172,1.361328125
fold2_seed17,cova3d_c50_coh_fold2_seed17,C50_COH,2,17,2061093944,d4a0237326656e46138c04693715227e0d321ed7687c89cece8f75c3bd905c05,847205ab97e42cae3711cbb424571cb4de6c30ac640f0c41b61e045bffa7af27,16,17,120,1020,0.20835186386952576,0.03867605338758698,0.16967581162850062,8297,4089,1,58,32,30,0,0,512.0,512.0,512.0,2.9327853254818668,15.233535766601562,0.00019738902366467966,25.331055729000127,1.3336772918701172,1.361328125
fold2_seed17,cova3d_c50_coh_fold2_seed17,C50_COH,2,17,2061093944,d4a0237326656e46138c04693715227e0d321ed7687c89cece8f75c3bd905c05,847205ab97e42cae3711cbb424571cb4de6c30ac640f0c41b61e045bffa7af27,17,18,120,1080,0.1831777801232105,0.04179208130135471,0.14138569831848144,8483,4518,1,59,26,35,0,0,512.0,512.0,512.0,4.174583583883941,35.77531814575195,0.00018567335238957547,25.269481579000058,1.3336772918701172,1.361328125
fold2_seed17,cova3d_c50_coh_fold2_seed17,C50_COH,2,17,2061093944,d4a0237326656e46138c04693715227e0d321ed7687c89cece8f75c3bd905c05,847205ab97e42cae3711cbb424571cb4de6c30ac640f0c41b61e045bffa7af27,18,19,120,1140,0.15802228033707574,0.03228367398459665,0.12573860585689545,8179,4066,1,62,29,29,0,0,512.0,512.0,512.0,4.362723444759225,56.5696907043457,0.0001737282823548769,25.29779792599993,1.3336772918701172,1.361328125
fold2_seed17,cova3d_c50_coh_fold2_seed17,C50_COH,2,17,2061093944,d4a0237326656e46138c04693715227e0d321ed7687c89cece8f75c3bd905c05,847205ab97e42cae3711cbb424571cb4de6c30ac640f0c41b61e045bffa7af27,19,20,120,1200,0.13750232562694353,0.045390057659157046,0.0921122670173645,8438,4493,1,63,28,29,0,0,512.0,512.0,512.0,3.499629342703459,52.095680236816406,0.00016163399838465363,25.290492993000043,1.3336772918701172,1.361328125
fold2_seed17,cova3d_c50_coh_fold2_seed17,C50_COH,2,17,2061093944,d4a0237326656e46138c04693715227e0d321ed7687c89cece8f75c3bd905c05,847205ab97e42cae3711cbb424571cb4de6c30ac640f0c41b61e045bffa7af27,20,21,120,1260,0.1670084110930438,0.038043706997539437,0.12896470328172047,8579,4255,2,57,32,31,0,0,512.0,512.0,512.0,4.748030762715886,31.74138641357422,0.00014947168694575625,25.258439316000022,1.3336772918701172,1.361328125
fold2_seed17,cova3d_c50_coh_fold2_seed17,C50_COH,2,17,2061093944,d4a0237326656e46138c04693715227e0d321ed7687c89cece8f75c3bd905c05,847205ab97e42cae3711cbb424571cb4de6c30ac640f0c41b61e045bffa7af27,21,22,120,1320,0.14705001033537154,0.03014041823062062,0.11690959284702937,8197,4204,2,56,34,30,0,0,512.0,512.0,512.0,3.138022926193662,26.825206756591797,0.0001373229911595876,25.182096538000224,1.3336772918701172,1.361328125
fold2_seed17,cova3d_c50_coh_fold2_seed17,C50_COH,2,17,2061093944,d4a0237326656e46138c04693715227e0d321ed7687c89cece8f75c3bd905c05,847205ab97e42cae3711cbb424571cb4de6c30ac640f0c41b61e045bffa7af27,22,23,120,1380,0.14679402321072488,0.03236748168377475,0.11442654182513555,8835,4735,0,61,28,31,0,0,512.0,512.0,512.0,2.8044447813105458,20.440185546875,0.00012526946274844474,25.176871093000045,1.3336772918701172,1.361328125
fold2_seed17,cova3d_c50_coh_fold2_seed17,C50_COH,2,17,2061093944,d4a0237326656e46138c04693715227e0d321ed7687c89cece8f75c3bd905c05,847205ab97e42cae3711cbb424571cb4de6c30ac640f0c41b61e045bffa7af27,23,24,120,1440,0.09812826394554298,0.023216440365586226,0.07491182337204615,8450,4434,0,65,29,26,0,0,512.0,512.0,512.0,2.5625010770119845,21.900287628173828,0.00011339201459540494,25.10554313900002,1.3336772918701172,1.361328125
fold2_seed17,cova3d_c50_coh_fold2_seed17,C50_COH,2,17,2061093944,d4a0237326656e46138c04693715227e0d321ed7687c89cece8f75c3bd905c05,847205ab97e42cae3711cbb424571cb4de6c30ac640f0c41b61e045bffa7af27,24,25,120,1500,0.13371316571337796,0.018766166973684696,0.11494700014591216,8275,4136,1,54,36,30,0,0,512.0,512.0,512.0,3.204207679443061,59.007511138916016,0.00010177037759260854,25.13088860200014,1.3336772918701172,1.361328125
fold2_seed17,cova3d_c50_coh_fold2_seed17,C50_COH,2,17,2061093944,d4a0237326656e46138c04693715227e0d321ed7687c89cece8f75c3bd905c05,847205ab97e42cae3711cbb424571cb4de6c30ac640f0c41b61e045bffa7af27,25,26,120,1560,0.13789635986119678,0.02005770420115431,0.11783865590890248,8761,4517,3,61,30,29,0,0,512.0,512.0,512.0,2.6836129834936098,19.57930564880371,9.048256542400759e-05,25.18139616999997,1.3336772918701172,1.361328125
fold2_seed17,cova3d_c50_coh_fold2_seed17,C50_COH,2,17,2061093944,d4a0237326656e46138c04693715227e0d321ed7687c89cece8f75c3bd905c05,847205ab97e42cae3711cbb424571cb4de6c30ac640f0c41b61e045bffa7af27,26,27,120,1620,0.1381184033799074,0.015696867492873117,0.12242153535286586,8771,4502,1,65,27,28,0,0,512.0,512.0,512.0,3.5371901085367425,36.988243103027344,7.960435087538242e-05,25.12471172300002,1.3336772918701172,1.361328125
fold2_seed17,cova3d_c50_coh_fold2_seed17,C50_COH,2,17,2061093944,d4a0237326656e46138c04693715227e0d321ed7687c89cece8f75c3bd905c05,847205ab97e42cae3711cbb424571cb4de6c30ac640f0c41b61e045bffa7af27,27,28,120,1680,0.08144569514224624,0.01294233221898266,0.06850336243708928,8399,4312,1,65,28,27,0,0,512.0,512.0,512.0,2.6592739214111742,14.587276458740234,6.920875718705205e-05,25.119978553999772,1.3336772918701172,1.361328125
fold2_seed17,cova3d_c50_coh_fold2_seed17,C50_COH,2,17,2061093944,d4a0237326656e46138c04693715227e0d321ed7687c89cece8f75c3bd905c05,847205ab97e42cae3711cbb424571cb4de6c30ac640f0c41b61e045bffa7af27,28,29,120,1740,0.09189570961186654,0.017859639962331118,0.07403606822093328,8618,4661,3,60,25,35,0,0,512.0,512.0,512.0,2.9344950449391036,29.405683517456055,5.936556786372413e-05,25.173341104999963,1.3336772918701172,1.361328125
fold2_seed17,cova3d_c50_coh_fold2_seed17,C50_COH,2,17,2061093944,d4a0237326656e46138c04693715227e0d321ed7687c89cece8f75c3bd905c05,847205ab97e42cae3711cbb424571cb4de6c30ac640f0c41b61e045bffa7af27,29,30,120,1800,0.08457479498893074,0.017507673101170622,0.06706712196270624,9107,4744,2,53,29,38,0,0,512.0,512.0,512.0,3.982054647289139,34.84544372558594,5.014085823202989e-05,25.293600384,1.3336772918701172,1.361328125
fold2_seed17,cova3d_c50_coh_fold2_seed17,C50_COH,2,17,2061093944,d4a0237326656e46138c04693715227e0d321ed7687c89cece8f75c3bd905c05,847205ab97e42cae3711cbb424571cb4de6c30ac640f0c41b61e045bffa7af27,30,31,120,1860,0.06263152931424615,0.013789163528166544,0.04884236603975296,8152,4173,1,64,28,28,0,0,512.0,512.0,512.0,1.6093103517516283,7.999710559844971,4.159655189030408e-05,25.12933279200024,1.3336772918701172,1.361328125
fold2_seed17,cova3d_c50_coh_fold2_seed17,C50_COH,2,17,2061093944,d4a0237326656e46138c04693715227e0d321ed7687c89cece8f75c3bd905c05,847205ab97e42cae3711cbb424571cb4de6c30ac640f0c41b61e045bffa7af27,31,32,120,1920,0.06778127420101704,0.017642969171641716,0.05013830562432607,8413,4280,3,64,21,35,0,0,512.0,512.0,512.0,2.499722470048194,21.87415885925293,3.379000502807257e-05,25.16789441999981,1.3336772918701172,1.361328125
fold2_seed17,cova3d_c50_coh_fold2_seed17,C50_COH,2,17,2061093944,d4a0237326656e46138c04693715227e0d321ed7687c89cece8f75c3bd905c05,847205ab97e42cae3711cbb424571cb4de6c30ac640f0c41b61e045bffa7af27,32,33,120,1980,0.10203974887908838,0.013448204036619754,0.08859154482682546,8886,4609,0,68,17,35,0,0,512.0,512.0,512.0,3.6459767414130813,34.757652282714844,2.6773621405624713e-05,25.271017179999944,1.3336772918701172,1.361328125
fold2_seed17,cova3d_c50_coh_fold2_seed17,C50_COH,2,17,2061093944,d4a0237326656e46138c04693715227e0d321ed7687c89cece8f75c3bd905c05,847205ab97e42cae3711cbb424571cb4de6c30ac640f0c41b61e045bffa7af27,33,34,120,2040,0.07136159560248095,0.019808726096599748,0.051552869379520416,8534,4376,0,53,37,30,0,0,512.0,512.0,512.0,4.010166193001593,37.623294830322266,2.059450057823627e-05,25.267043113,1.3336772918701172,1.361328125
fold2_seed17,cova3d_c50_coh_fold2_seed17,C50_COH,2,17,2061093944,d4a0237326656e46138c04693715227e0d321ed7687c89cece8f75c3bd905c05,847205ab97e42cae3711cbb424571cb4de6c30ac640f0c41b61e045bffa7af27,34,35,120,2100,0.07288122181286681,0.01527467057914207,0.057606551547845206,8084,4048,4,63,25,32,0,0,512.0,512.0,512.0,3.562002256564483,48.8408203125,1.5294121726440254e-05,25.212161714000104,1.3336772918701172,1.361328125
fold2_seed17,cova3d_c50_coh_fold2_seed17,C50_COH,2,17,2061093944,d4a0237326656e46138c04693715227e0d321ed7687c89cece8f75c3bd905c05,847205ab97e42cae3711cbb424571cb4de6c30ac640f0c41b61e045bffa7af27,35,36,120,2160,0.08025133691093397,0.01242333823632619,0.06782799909512202,8827,4502,2,59,31,30,0,0,512.0,512.0,512.0,3.3421446721690398,37.27878189086914,1.0908065214729997e-05,25.138265462999698,1.3336772918701172,1.361328125
fold2_seed17,cova3d_c50_coh_fold2_seed17,C50_COH,2,17,2061093944,d4a0237326656e46138c04693715227e0d321ed7687c89cece8f75c3bd905c05,847205ab97e42cae3711cbb424571cb4de6c30ac640f0c41b61e045bffa7af27,36,37,120,2220,0.03204983298029939,0.004215911925015992,0.027833921213944752,8737,4420,1,66,30,24,0,0,512.0,512.0,512.0,1.2625876038222485,16.984580993652344,7.465773747813819e-06,25.08344864999981,1.3336772918701172,1.361328125
fold2_seed17,cova3d_c50_coh_fold2_seed17,C50_COH,2,17,2061093944,d4a0237326656e46138c04693715227e0d321ed7687c89cece8f75c3bd905c05,847205ab97e42cae3711cbb424571cb4de6c30ac640f0c41b61e045bffa7af27,37,38,120,2280,0.07415543615118797,0.009650303433752628,0.06450513303279877,8988,4771,1,69,26,25,0,0,512.0,512.0,512.0,2.050986334468083,14.786820411682129,4.990354727730315e-06,25.032858644000044,1.3336772918701172,1.361328125
fold2_seed17,cova3d_c50_coh_fold2_seed17,C50_COH,2,17,2061093944,d4a0237326656e46138c04693715227e0d321ed7687c89cece8f75c3bd905c05,847205ab97e42cae3711cbb424571cb4de6c30ac640f0c41b61e045bffa7af27,38,39,120,2340,0.07679293427785007,0.009696395574245582,0.06709653834501902,8852,4503,1,63,32,25,0,0,512.0,512.0,512.0,2.955117052096473,34.88959884643555,3.498425138561358e-06,25.042994444000215,1.3336772918701172,1.361328125
fold2_seed17,cova3d_c50_coh_fold2_seed17,C50_COH,2,17,2061093944,d4a0237326656e46138c04693715227e0d321ed7687c89cece8f75c3bd905c05,847205ab97e42cae3711cbb424571cb4de6c30ac640f0c41b61e045bffa7af27,39,40,120,2400,0.09362263609760989,0.01264625578066714,0.08097638040781022,8029,3886,1,60,33,27,0,0,512.0,512.0,512.0,1.9586424142048904,19.934410095214844,3e-06,25.004232813999806,1.3336772918701172,1.361328125
fold2_seed17,cova3d_c50_dis_fold2_seed17,C50_DIS,2,17,2061093944,d4a0237326656e46138c04693715227e0d321ed7687c89cece8f75c3bd905c05,847205ab97e42cae3711cbb424571cb4de6c30ac640f0c41b61e045bffa7af27,0,1,120,60,2.0874119216576217,1.5951504869386555,0.4922614256540934,8286,4123,1,62,26,32,3,3,512.0,4096.0,512.0,100.3191346804301,390.26812744140625,0.00017999999999999998,27.19697007400009,1.3335857391357422,1.3671875
fold2_seed17,cova3d_c50_dis_fold2_seed17,C50_DIS,2,17,2061093944,d4a0237326656e46138c04693715227e0d321ed7687c89cece8f75c3bd905c05,847205ab97e42cae3711cbb424571cb4de6c30ac640f0c41b61e045bffa7af27,1,2,120,120,1.1528444532770663,0.7901918084787515,0.36265264401833214,8359,4299,0,58,38,24,0,0,512.0,512.0,512.0,35.96821668942769,158.60572814941406,0.0002999445918673937,25.965435435999552,1.3335857391357422,1.3671875
fold2_seed17,cova3d_c50_dis_fold2_seed17,C50_DIS,2,17,2061093944,d4a0237326656e46138c04693715227e0d321ed7687c89cece8f75c3bd905c05,847205ab97e42cae3711cbb424571cb4de6c30ac640f0c41b61e045bffa7af27,2,3,120,180,0.9329870348408197,0.5814323549158871,0.3515546808640162,8856,4422,0,56,33,31,0,0,512.0,512.0,512.0,17.750228035449982,77.11566925048828,0.0002991142965839822,25.664636111999698,1.3335857391357422,1.3671875
fold2_seed17,cova3d_c50_dis_fold2_seed17,C50_DIS,2,17,2061093944,d4a0237326656e46138c04693715227e0d321ed7687c89cece8f75c3bd905c05,847205ab97e42cae3711cbb424571cb4de6c30ac640f0c41b61e045bffa7af27,3,4,120,240,0.8031408841488883,0.4641038209102893,0.3390370617310206,8803,4532,1,56,34,30,0,0,512.0,512.0,512.0,12.379576977094015,41.00178527832031,0.0002972930965702204,25.566216233999967,1.3335857391357422,1.3671875
fold2_seed17,cova3d_c50_dis_fold2_seed17,C50_DIS,2,17,2061093944,d4a0237326656e46138c04693715227e0d321ed7687c89cece8f75c3bd905c05,847205ab97e42cae3711cbb424571cb4de6c30ac640f0c41b61e045bffa7af27,4,5,120,300,0.643584278303509,0.36493646109011024,0.2786478156844775,8830,4474,1,61,36,23,0,0,512.0,512.0,512.0,9.470184127489725,37.16368865966797,0.0002944932171711482,25.58820645300011,1.3335857391357422,1.3671875
fold2_seed17,cova3d_c50_dis_fold2_seed17,C50_DIS,2,17,2061093944,d4a0237326656e46138c04693715227e0d321ed7687c89cece8f75c3bd905c05,847205ab97e42cae3711cbb424571cb4de6c30ac640f0c41b61e045bffa7af27,5,6,120,360,0.6442253772867843,0.34054985036879465,0.30367552985747653,8331,4198,2,59,32,29,0,0,512.0,512.0,512.0,8.888320664564768,30.989580154418945,0.000290733453407337,25.58104822999985,1.3335857391357422,1.3671875
fold2_seed17,cova3d_c50_dis_fold2_seed17,C50_DIS,2,17,2061093944,d4a0237326656e46138c04693715227e0d321ed7687c89cece8f75c3bd905c05,847205ab97e42cae3711cbb424571cb4de6c30ac640f0c41b61e045bffa7af27,6,7,120,420,0.5636801147726752,0.31213600959842247,0.2515441084901492,8056,3869,1,58,33,29,0,0,512.0,512.0,512.0,10.233211795488993,51.77716827392578,0.0002860390438077423,25.620029397000053,1.3335857391357422,1.3671875
fold2_seed17,cova3d_c50_dis_fold2_seed17,C50_DIS,2,17,2061093944,d4a0237326656e46138c04693715227e0d321ed7687c89cece8f75c3bd905c05,847205ab97e42cae3711cbb424571cb4de6c30ac640f0c41b61e045bffa7af27,7,8,120,480,0.49536363090204155,0.27540089594407013,0.21996273348728815,8399,4235,1,62,31,27,0,0,512.0,512.0,512.0,8.164416941006978,78.84004974365234,0.00028044150098859483,25.46799292300011,1.3335857391357422,1.3671875
fold2_seed17,cova3d_c50_dis_fold2_seed17,C50_DIS,2,17,2061093944,d4a0237326656e46138c04693715227e0d321ed7687c89cece8f75c3bd905c05,847205ab97e42cae3711cbb424571cb4de6c30ac640f0c41b61e045bffa7af27,8,9,120,540,0.452448358426894,0.2311951336175601,0.22125322471062342,8665,4500,1,59,31,30,0,0,512.0,512.0,512.0,6.595923932393392,16.226404190063477,0.0002739784001156218,25.49318146199994,1.3335857391357422,1.3671875
fold2_seed17,cova3d_c50_dis_fold2_seed17,C50_DIS,2,17,2061093944,d4a0237326656e46138c04693715227e0d321ed7687c89cece8f75c3bd905c05,847205ab97e42cae3711cbb424571cb4de6c30ac640f0c41b61e045bffa7af27,9,10,120,600,0.44004614176083123,0.2157547249633353,0.22429141650597254,8732,4509,2,53,30,37,0,0,512.0,512.0,512.0,7.278416769951582,48.091033935546875,0.0002666931266696063,25.558411439999873,1.3335857391357422,1.3671875
fold2_seed17,cova3d_c50_dis_fold2_seed17,C50_DIS,2,17,2061093944,d4a0237326656e46138c04693715227e0d321ed7687c89cece8f75c3bd905c05,847205ab97e42cae3711cbb424571cb4de6c30ac640f0c41b61e045bffa7af27,10,11,120,660,0.41832643680997234,0.1899853736854008,0.22834106187025707,8199,4082,1,59,30,31,0,0,512.0,512.0,512.0,7.120841188232104,30.970712661743164,0.0002586345852084849,25.654520364999826,1.3335857391357422,1.3671875
fold2_seed17,cova3d_c50_dis_fold2_seed17,C50_DIS,2,17,2061093944,d4a0237326656e46138c04693715227e0d321ed7687c89cece8f75c3bd905c05,847205ab97e42cae3711cbb424571cb4de6c30ac640f0c41b61e045bffa7af27,11,12,120,720,0.27669028525814005,0.15067115085413435,0.12601913511753082,8764,4544,3,72,22,26,0,0,512.0,512.0,512.0,5.8793788749724625,22.850906372070312,0.0002498568710810032,25.459707448999325,1.3335857391357422,1.3671875
fold2_seed17,cova3d_c50_dis_fold2_seed17,C50_DIS,2,17,2061093944,d4a0237326656e46138c04693715227e0d321ed7687c89cece8f75c3bd905c05,847205ab97e42cae3711cbb424571cb4de6c30ac640f0c41b61e045bffa7af27,12,13,120,780,0.35296562802670145,0.1683321582653813,0.1846334680914879,8818,4530,2,56,28,36,0,0,512.0,512.0,512.0,6.949715748429298,41.6561164855957,0.0002404189072956492,25.446023251000042,1.3335857391357422,1.3671875
fold2_seed17,cova3d_c50_dis_fold2_seed17,C50_DIS,2,17,2061093944,d4a0237326656e46138c04693715227e0d321ed7687c89cece8f75c3bd905c05,847205ab97e42cae3711cbb424571cb4de6c30ac640f0c41b61e045bffa7af27,13,14,120,840,0.3499853807441364,0.17426598746077485,0.17571939378976822,8680,4564,0,51,35,34,0,0,512.0,512.0,512.0,6.467132695267598,29.481178283691406,0.00023038404898248976,25.511253689000114,1.3335857391357422,1.3671875
fold2_seed17,cova3d_c50_dis_fold2_seed17,C50_DIS,2,17,2061093944,d4a0237326656e46138c04693715227e0d321ed7687c89cece8f75c3bd905c05,847205ab97e42cae3711cbb424571cb4de6c30ac640f0c41b61e045bffa7af27,14,15,120,900,0.2698479853030828,0.11421712289629796,0.155630861222744,8597,4571,2,68,32,20,0,0,512.0,512.0,512.0,5.367490337292353,19.70907974243164,0.00021981965810307605,25.46247584499997,1.3335857391357422,1.3671875
fold2_seed17,cova3d_c50_dis_fold2_seed17,C50_DIS,2,17,2061093944,d4a0237326656e46138c04693715227e0d321ed7687c89cece8f75c3bd905c05,847205ab97e42cae3711cbb424571cb4de6c30ac640f0c41b61e045bffa7af27,15,16,120,960,0.23109957874609133,0.10636981922876908,0.12472976048787435,8709,4646,1,64,31,25,0,0,512.0,512.0,512.0,5.247562102849285,23.256242752075195,0.00020879665126330557,25.460018491000483,1.3335857391357422,1.3671875
fold2_seed17,cova3d_c50_dis_fold2_seed17,C50_DIS,2,17,2061093944,d4a0237326656e46138c04693715227e0d321ed7687c89cece8f75c3bd905c05,847205ab97e42cae3711cbb424571cb4de6c30ac640f0c41b61e045bffa7af27,16,17,120,1020,0.29342558499292865,0.11941253943850824,0.1740130474170049,8264,4077,1,58,32,30,0,0,512.0,512.0,512.0,6.356489364554485,35.38206481933594,0.00019738902366467966,25.465589321000152,1.3335857391357422,1.3671875
fold2_seed17,cova3d_c50_dis_fold2_seed17,C50_DIS,2,17,2061093944,d4a0237326656e46138c04693715227e0d321ed7687c89cece8f75c3bd905c05,847205ab97e42cae3711cbb424571cb4de6c30ac640f0c41b61e045bffa7af27,17,18,120,1080,0.26278278423846285,0.10390223495432262,0.1588805501659711,8282,4316,1,59,26,35,0,0,512.0,512.0,512.0,6.614222222814957,44.153377532958984,0.00018567335238957547,25.508569378000175,1.3335857391357422,1.3671875
fold2_seed17,cova3d_c50_dis_fold2_seed17,C50_DIS,2,17,2061093944,d4a0237326656e46138c04693715227e0d321ed7687c89cece8f75c3bd905c05,847205ab97e42cae3711cbb424571cb4de6c30ac640f0c41b61e045bffa7af27,18,19,120,1140,0.20862953065019524,0.08342322636060212,0.12520630409320196,8115,4040,1,62,29,29,0,0,512.0,512.0,512.0,5.079760083680352,18.522705078125,0.0001737282823548769,25.497144356999343,1.3335857391357422,1.3671875
fold2_seed17,cova3d_c50_dis_fold2_seed17,C50_DIS,2,17,2061093944,d4a0237326656e46138c04693715227e0d321ed7687c89cece8f75c3bd905c05,847205ab97e42cae3711cbb424571cb4de6c30ac640f0c41b61e045bffa7af27,19,20,120,1200,0.21585204744994874,0.08062067869286552,0.1352313682436943,8312,4340,1,63,28,29,0,0,512.0,512.0,512.0,5.101628723368049,59.15407943725586,0.00016163399838465363,25.508735270000216,1.3335857391357422,1.3671875
fold2_seed17,cova3d_c50_dis_fold2_seed17,C50_DIS,2,17,2061093944,d4a0237326656e46138c04693715227e0d321ed7687c89cece8f75c3bd905c05,847205ab97e42cae3711cbb424571cb4de6c30ac640f0c41b61e045bffa7af27,20,21,120,1260,0.21265702886653,0.07239851231428286,0.1402585168679555,8603,4324,1,57,32,31,0,0,512.0,512.0,512.0,4.573064287596693,30.048437118530273,0.00014947168694575625,25.46314418899965,1.3335857391357422,1.3671875
fold2_seed17,cova3d_c50_dis_fold2_seed17,C50_DIS,2,17,2061093944,d4a0237326656e46138c04693715227e0d321ed7687c89cece8f75c3bd905c05,847205ab97e42cae3711cbb424571cb4de6c30ac640f0c41b61e045bffa7af27,21,22,120,1320,0.2054026548649488,0.06516016422818978,0.14024249017238616,8181,4167,2,56,34,30,0,0,512.0,512.0,512.0,4.3377524551314615,35.04940414428711,0.0001373229911595876,25.443320102999678,1.3335857391357422,1.3671875
fold2_seed17,cova3d_c50_dis_fold2_seed17,C50_DIS,2,17,2061093944,d4a0237326656e46138c04693715227e0d321ed7687c89cece8f75c3bd905c05,847205ab97e42cae3711cbb424571cb4de6c30ac640f0c41b61e045bffa7af27,22,23,120,1380,0.1522709315385583,0.04483071878481608,0.10744021236896514,8817,4730,0,61,28,31,0,0,512.0,512.0,512.0,3.149205703412493,16.241985321044922,0.00012526946274844474,25.50555748199986,1.3335857391357422,1.3671875
fold2_seed17,cova3d_c50_dis_fold2_seed17,C50_DIS,2,17,2061093944,d4a0237326656e46138c04693715227e0d321ed7687c89cece8f75c3bd905c05,847205ab97e42cae3711cbb424571cb4de6c30ac640f0c41b61e045bffa7af27,23,24,120,1440,0.1600630224093417,0.059883811463881394,0.1001792108019193,8430,4442,0,65,29,26,0,0,512.0,512.0,512.0,4.318870199465891,26.53736114501953,0.00011339201459540494,25.375218807000238,1.3335857391357422,1.3671875
fold2_seed17,cova3d_c50_dis_fold2_seed17,C50_DIS,2,17,2061093944,d4a0237326656e46138c04693715227e0d321ed7687c89cece8f75c3bd905c05,847205ab97e42cae3711cbb424571cb4de6c30ac640f0c41b61e045bffa7af27,24,25,120,1500,0.18129072089285417,0.06007478952676606,0.12121593058109284,8346,4170,1,54,36,30,0,0,512.0,512.0,512.0,4.894861954450607,24.31847381591797,0.00010177037759260854,25.324813394000557,1.3335857391357422,1.3671875
fold2_seed17,cova3d_c50_dis_fold2_seed17,C50_DIS,2,17,2061093944,d4a0237326656e46138c04693715227e0d321ed7687c89cece8f75c3bd905c05,847205ab97e42cae3711cbb424571cb4de6c30ac640f0c41b61e045bffa7af27,25,26,120,1560,0.16750287357936008,0.053044014747902504,0.11445885946353276,8691,4492,2,61,30,29,0,0,512.0,512.0,512.0,4.976787970711787,24.707143783569336,9.048256542400759e-05,25.357569452999996,1.3335857391357422,1.3671875
fold2_seed17,cova3d_c50_dis_fold2_seed17,C50_DIS,2,17,2061093944,d4a0237326656e46138c04693715227e0d321ed7687c89cece8f75c3bd905c05,847205ab97e42cae3711cbb424571cb4de6c30ac640f0c41b61e045bffa7af27,26,27,120,1620,0.17215165120597528,0.042988569477340005,0.12916308244069416,8918,4610,1,65,27,28,0,0,512.0,512.0,512.0,3.0530842749091485,16.81007957458496,7.960435087538242e-05,25.314010934999715,1.3335857391357422,1.3671875
fold2_seed17,cova3d_c50_dis_fold2_seed17,C50_DIS,2,17,2061093944,d4a0237326656e46138c04693715227e0d321ed7687c89cece8f75c3bd905c05,847205ab97e42cae3711cbb424571cb4de6c30ac640f0c41b61e045bffa7af27,27,28,120,1680,0.15742865872844564,0.04062240238043978,0.1168062557776769,8491,4421,0,65,28,27,0,0,512.0,512.0,512.0,3.7381472597519556,18.819250106811523,6.920875718705205e-05,25.350553528999626,1.3335857391357422,1.3671875
fold2_seed17,cova3d_c50_dis_fold2_seed17,C50_DIS,2,17,2061093944,d4a0237326656e46138c04693715227e0d321ed7687c89cece8f75c3bd905c05,847205ab97e42cae3711cbb424571cb4de6c30ac640f0c41b61e045bffa7af27,28,29,120,1740,0.1405681606529978,0.03877645893734482,0.10179170072078705,8763,4766,3,60,25,35,0,0,512.0,512.0,512.0,3.1740534897583226,28.217958450317383,5.936556786372413e-05,25.30363668999962,1.3335857391357422,1.3671875
fold2_seed17,cova3d_c50_dis_fold2_seed17,C50_DIS,2,17,2061093944,d4a0237326656e46138c04693715227e0d321ed7687c89cece8f75c3bd905c05,847205ab97e42cae3711cbb424571cb4de6c30ac640f0c41b61e045bffa7af27,29,30,120,1800,0.1101515313097708,0.0311413268624546,0.07901020397742589,9171,4810,2,53,29,38,0,0,512.0,512.0,512.0,3.186098847531442,25.323772430419922,5.014085823202989e-05,25.23637215100007,1.3335857391357422,1.3671875
fold2_seed17,cova3d_c50_dis_fold2_seed17,C50_DIS,2,17,2061093944,d4a0237326656e46138c04693715227e0d321ed7687c89cece8f75c3bd905c05,847205ab97e42cae3711cbb424571cb4de6c30ac640f0c41b61e045bffa7af27,30,31,120,1860,0.12122519553039017,0.03478816045045833,0.08643703510363897,8110,4107,0,64,28,28,0,0,512.0,512.0,512.0,2.9159916039866705,21.77635955810547,4.159655189030408e-05,25.27470535500015,1.3335857391357422,1.3671875
fold2_seed17,cova3d_c50_dis_fold2_seed17,C50_DIS,2,17,2061093944,d4a0237326656e46138c04693715227e0d321ed7687c89cece8f75c3bd905c05,847205ab97e42cae3711cbb424571cb4de6c30ac640f0c41b61e045bffa7af27,31,32,120,1920,0.11943678773658632,0.038119989142970316,0.08131679743528367,8643,4468,2,64,21,35,0,0,512.0,512.0,512.0,4.177484831648568,65.62666320800781,3.379000502807257e-05,25.20825287000025,1.3335857391357422,1.3671875
fold2_seed17,cova3d_c50_dis_fold2_seed17,C50_DIS,2,17,2061093944,d4a0237326656e46138c04693715227e0d321ed7687c89cece8f75c3bd905c05,847205ab97e42cae3711cbb424571cb4de6c30ac640f0c41b61e045bffa7af27,32,33,120,1980,0.10899071901638963,0.029545018476112926,0.07944570183753967,8937,4708,0,68,17,35,0,0,512.0,512.0,512.0,3.3749344287750622,28.356130599975586,2.6773621405624713e-05,25.251584838999406,1.3335857391357422,1.3671875
fold2_seed17,cova3d_c50_dis_fold2_seed17,C50_DIS,2,17,2061093944,d4a0237326656e46138c04693715227e0d321ed7687c89cece8f75c3bd905c05,847205ab97e42cae3711cbb424571cb4de6c30ac640f0c41b61e045bffa7af27,33,34,120,2040,0.14965580265724213,0.036606768380755356,0.11304903477430343,8503,4412,0,53,37,30,0,0,512.0,512.0,512.0,4.896575591092309,58.0520133972168,2.059450057823627e-05,25.53262897700006,1.3335857391357422,1.3671875
fold2_seed17,cova3d_c50_dis_fold2_seed17,C50_DIS,2,17,2061093944,d4a0237326656e46138c04693715227e0d321ed7687c89cece8f75c3bd905c05,847205ab97e42cae3711cbb424571cb4de6c30ac640f0c41b61e045bffa7af27,34,35,120,2100,0.11097179832815983,0.024210837906111744,0.08676096002260844,8049,4045,3,63,25,32,0,0,512.0,512.0,512.0,3.1044003001414238,41.4024543762207,1.5294121726440254e-05,25.250864177999574,1.3335857391357422,1.3671875
fold2_seed17,cova3d_c50_dis_fold2_seed17,C50_DIS,2,17,2061093944,d4a0237326656e46138c04693715227e0d321ed7687c89cece8f75c3bd905c05,847205ab97e42cae3711cbb424571cb4de6c30ac640f0c41b61e045bffa7af27,35,36,120,2160,0.14404847349974922,0.028016985373628994,0.11603148778279622,8900,4579,2,59,31,30,0,0,512.0,512.0,512.0,3.727082035130995,49.5228271484375,1.0908065214729997e-05,25.251066464999894,1.3335857391357422,1.3671875
fold2_seed17,cova3d_c50_dis_fold2_seed17,C50_DIS,2,17,2061093944,d4a0237326656e46138c04693715227e0d321ed7687c89cece8f75c3bd905c05,847205ab97e42cae3711cbb424571cb4de6c30ac640f0c41b61e045bffa7af27,36,37,120,2220,0.11438927075493668,0.026042069919157713,0.08834720154603322,8874,4539,0,66,30,24,0,0,512.0,512.0,512.0,3.541177129962792,67.5983657836914,7.465773747813819e-06,25.38875035000001,1.3335857391357422,1.3671875
fold2_seed17,cova3d_c50_dis_fold2_seed17,C50_DIS,2,17,2061093944,d4a0237326656e46138c04693715227e0d321ed7687c89cece8f75c3bd905c05,847205ab97e42cae3711cbb424571cb4de6c30ac640f0c41b61e045bffa7af27,37,38,120,2280,0.10283200198528947,0.023343694432948852,0.0794883077343305,8933,4735,0,69,26,25,0,0,512.0,512.0,512.0,1.8215061356235915,7.330845832824707,4.990354727730315e-06,25.306247254000482,1.3335857391357422,1.3671875
fold2_seed17,cova3d_c50_dis_fold2_seed17,C50_DIS,2,17,2061093944,d4a0237326656e46138c04693715227e0d321ed7687c89cece8f75c3bd905c05,847205ab97e42cae3711cbb424571cb4de6c30ac640f0c41b61e045bffa7af27,38,39,120,2340,0.11647712240433464,0.02634124904299919,0.09013587286074956,8929,4577,1,63,32,25,0,0,512.0,512.0,512.0,3.8116214483976365,30.65801239013672,3.498425138561358e-06,25.37899880400073,1.3335857391357422,1.3671875
fold2_seed17,cova3d_c50_dis_fold2_seed17,C50_DIS,2,17,2061093944,d4a0237326656e46138c04693715227e0d321ed7687c89cece8f75c3bd905c05,847205ab97e42cae3711cbb424571cb4de6c30ac640f0c41b61e045bffa7af27,39,40,120,2400,0.12017149845169663,0.03029001897901605,0.08988147974014282,8109,3974,1,60,33,27,0,0,512.0,512.0,512.0,3.92562763071619,32.890682220458984,3e-06,25.256689445999655,1.3335857391357422,1.3671875
fold2_seed17,cova3d_c50_frg_fold2_seed17,C50_FRG,2,17,2061093944,d4a0237326656e46138c04693715227e0d321ed7687c89cece8f75c3bd905c05,847205ab97e42cae3711cbb424571cb4de6c30ac640f0c41b61e045bffa7af27,0,1,120,60,2.0165863916355495,1.5256428539849973,0.49094354460636774,8328,4114,1,62,26,32,3,3,512.0,4096.0,512.0,98.43273779551188,403.6205749511719,0.00017999999999999998,27.071983147000537,1.3343563079833984,1.359375
fold2_seed17,cova3d_c50_frg_fold2_seed17,C50_FRG,2,17,2061093944,d4a0237326656e46138c04693715227e0d321ed7687c89cece8f75c3bd905c05,847205ab97e42cae3711cbb424571cb4de6c30ac640f0c41b61e045bffa7af27,1,2,120,120,1.1622664568324883,0.8010420303869371,0.36122442682584127,8369,4313,0,58,38,24,0,0,512.0,512.0,512.0,34.96408239205678,182.81077575683594,0.0002999445918673937,25.97534742500011,1.3343563079833984,1.359375
fold2_seed17,cova3d_c50_frg_fold2_seed17,C50_FRG,2,17,2061093944,d4a0237326656e46138c04693715227e0d321ed7687c89cece8f75c3bd905c05,847205ab97e42cae3711cbb424571cb4de6c30ac640f0c41b61e045bffa7af27,2,3,120,180,0.8825396100641228,0.5396464719010207,0.3428931385278702,8939,4535,1,56,33,31,0,0,512.0,512.0,512.0,17.202675239245096,72.72665405273438,0.0002991142965839822,25.81373182200059,1.3343563079833984,1.359375
fold2_seed17,cova3d_c50_frg_fold2_seed17,C50_FRG,2,17,2061093944,d4a0237326656e46138c04693715227e0d321ed7687c89cece8f75c3bd905c05,847205ab97e42cae3711cbb424571cb4de6c30ac640f0c41b61e045bffa7af27,3,4,120,240,0.7453259492836272,0.4198724685139799,0.3254534820715586,8753,4495,1,56,34,30,0,0,512.0,512.0,512.0,10.688899485270182,26.551666259765625,0.0002972930965702204,25.72399519299961,1.3343563079833984,1.359375
fold2_seed17,cova3d_c50_frg_fold2_seed17,C50_FRG,2,17,2061093944,d4a0237326656e46138c04693715227e0d321ed7687c89cece8f75c3bd905c05,847205ab97e42cae3711cbb424571cb4de6c30ac640f0c41b61e045bffa7af27,4,5,120,300,0.5721273072141533,0.3147933658600474,0.2573339452346166,8795,4454,1,61,36,23,0,0,512.0,512.0,512.0,9.578328969081243,37.018646240234375,0.0002944932171711482,25.66540083199925,1.3343563079833984,1.359375
fold2_seed17,cova3d_c50_frg_fold2_seed17,C50_FRG,2,17,2061093944,d4a0237326656e46138c04693715227e0d321ed7687c89cece8f75c3bd905c05,847205ab97e42cae3711cbb424571cb4de6c30ac640f0c41b61e045bffa7af27,5,6,120,360,0.605539320736231,0.31139299692586064,0.2941463256875674,8424,4257,2,59,32,29,0,0,512.0,512.0,512.0,9.673180985450745,34.17067337036133,0.000290733453407337,25.63546844800021,1.3343563079833984,1.359375
fold2_seed17,cova3d_c50_frg_fold2_seed17,C50_FRG,2,17,2061093944,d4a0237326656e46138c04693715227e0d321ed7687c89cece8f75c3bd905c05,847205ab97e42cae3711cbb424571cb4de6c30ac640f0c41b61e045bffa7af27,6,7,120,420,0.5116171588432432,0.2708206686666623,0.24079649100701014,8147,3975,1,58,33,29,0,0,512.0,512.0,512.0,9.052070571978886,35.14839172363281,0.0002860390438077423,25.67367829399973,1.3343563079833984,1.359375
fold2_seed17,cova3d_c50_frg_fold2_seed17,C50_FRG,2,17,2061093944,d4a0237326656e46138c04693715227e0d321ed7687c89cece8f75c3bd905c05,847205ab97e42cae3711cbb424571cb4de6c30ac640f0c41b61e045bffa7af27,7,8,120,480,0.46225822731794325,0.24732944970528478,0.21492877701918284,8358,4228,1,62,31,27,0,0,512.0,512.0,512.0,9.003965143114328,83.32490539550781,0.00028044150098859483,25.718353869000566,1.3343563079833984,1.359375
fold2_seed17,cova3d_c50_frg_fold2_seed17,C50_FRG,2,17,2061093944,d4a0237326656e46138c04693715227e0d321ed7687c89cece8f75c3bd905c05,847205ab97e42cae3711cbb424571cb4de6c30ac640f0c41b61e045bffa7af27,8,9,120,540,0.4274151050223736,0.20869714403209702,0.21871796200672786,8758,4618,1,59,31,30,0,0,512.0,512.0,512.0,7.694251490632693,21.286699295043945,0.0002739784001156218,25.709293661999254,1.3343563079833984,1.359375
fold2_seed17,cova3d_c50_frg_fold2_seed17,C50_FRG,2,17,2061093944,d4a0237326656e46138c04693715227e0d321ed7687c89cece8f75c3bd905c05,847205ab97e42cae3711cbb424571cb4de6c30ac640f0c41b61e045bffa7af27,9,10,120,600,0.43540046448179054,0.2038304681297935,0.23156999796628952,8741,4515,2,53,30,37,0,0,512.0,512.0,512.0,8.061571499705314,56.01335144042969,0.0002666931266696063,25.579413487999773,1.3343563079833984,1.359375
fold2_seed17,cova3d_c50_frg_fold2_seed17,C50_FRG,2,17,2061093944,d4a0237326656e46138c04693715227e0d321ed7687c89cece8f75c3bd905c05,847205ab97e42cae3711cbb424571cb4de6c30ac640f0c41b61e045bffa7af27,10,11,120,660,0.3970792915125154,0.16994776834386963,0.22713152567545572,8159,4051,1,59,30,31,0,0,512.0,512.0,512.0,7.026842169215282,42.803466796875,0.0002586345852084849,25.655959310999606,1.3343563079833984,1.359375
fold2_seed17,cova3d_c50_frg_fold2_seed17,C50_FRG,2,17,2061093944,d4a0237326656e46138c04693715227e0d321ed7687c89cece8f75c3bd905c05,847205ab97e42cae3711cbb424571cb4de6c30ac640f0c41b61e045bffa7af27,11,12,120,720,0.26510923335154074,0.14392017025963166,0.12118906279404958,8672,4506,3,72,22,26,0,0,512.0,512.0,512.0,6.567507963130871,31.25167465209961,0.0002498568710810032,25.653852002999884,1.3343563079833984,1.359375
fold2_seed17,cova3d_c50_frg_fold2_seed17,C50_FRG,2,17,2061093944,d4a0237326656e46138c04693715227e0d321ed7687c89cece8f75c3bd905c05,847205ab97e42cae3711cbb424571cb4de6c30ac640f0c41b61e045bffa7af27,12,13,120,780,0.34356248484546087,0.15666157380995477,0.18690090974171955,8764,4494,2,56,28,36,0,0,512.0,512.0,512.0,6.13204738398393,30.915353775024414,0.0002404189072956492,25.55240275200049,1.3343563079833984,1.359375
fold2_seed17,cova3d_c50_frg_fold2_seed17,C50_FRG,2,17,2061093944,d4a0237326656e46138c04693715227e0d321ed7687c89cece8f75c3bd905c05,847205ab97e42cae3711cbb424571cb4de6c30ac640f0c41b61e045bffa7af27,13,14,120,840,0.3017986407049572,0.13245294566628066,0.16934569627046586,8647,4518,0,51,35,34,0,0,512.0,512.0,512.0,7.3898580312728885,58.135677337646484,0.00023038404898248976,25.518153523000365,1.3343563079833984,1.359375
fold2_seed17,cova3d_c50_frg_fold2_seed17,C50_FRG,2,17,2061093944,d4a0237326656e46138c04693715227e0d321ed7687c89cece8f75c3bd905c05,847205ab97e42cae3711cbb424571cb4de6c30ac640f0c41b61e045bffa7af27,14,15,120,900,0.23829815013529393,0.09117998195088148,0.1471181680758794,8576,4560,2,68,32,20,0,0,512.0,512.0,512.0,5.9496976817647615,37.37797546386719,0.00021981965810307605,25.447971241999767,1.3343563079833984,1.359375
fold2_seed17,cova3d_c50_frg_fold2_seed17,C50_FRG,2,17,2061093944,d4a0237326656e46138c04693715227e0d321ed7687c89cece8f75c3bd905c05,847205ab97e42cae3711cbb424571cb4de6c30ac640f0c41b61e045bffa7af27,15,16,120,960,0.21709506209353246,0.09646604977840526,0.12062901258468628,8622,4594,1,64,31,25,0,0,512.0,512.0,512.0,5.347925825975835,22.0998592376709,0.00020879665126330557,25.46277228100007,1.3343563079833984,1.359375
fold2_seed17,cova3d_c50_frg_fold2_seed17,C50_FRG,2,17,2061093944,d4a0237326656e46138c04693715227e0d321ed7687c89cece8f75c3bd905c05,847205ab97e42cae3711cbb424571cb4de6c30ac640f0c41b61e045bffa7af27,16,17,120,1020,0.28041918393228116,0.09404408685938202,0.18637509594360988,8313,4096,1,58,32,30,0,0,512.0,512.0,512.0,6.058279361824194,31.298425674438477,0.00019738902366467966,25.46825506499954,1.3343563079833984,1.359375
fold2_seed17,cova3d_c50_frg_fold2_seed17,C50_FRG,2,17,2061093944,d4a0237326656e46138c04693715227e0d321ed7687c89cece8f75c3bd905c05,847205ab97e42cae3711cbb424571cb4de6c30ac640f0c41b61e045bffa7af27,17,18,120,1080,0.24574145766807,0.08070447796996329,0.16503697882095972,8337,4413,1,59,26,35,0,0,512.0,512.0,512.0,5.24762058481574,38.28333282470703,0.00018567335238957547,25.358397004000835,1.3343563079833984,1.359375
fold2_seed17,cova3d_c50_frg_fold2_seed17,C50_FRG,2,17,2061093944,d4a0237326656e46138c04693715227e0d321ed7687c89cece8f75c3bd905c05,847205ab97e42cae3711cbb424571cb4de6c30ac640f0c41b61e045bffa7af27,18,19,120,1140,0.18571121678989258,0.05982205181416091,0.12588916470607123,8106,4028,1,62,29,29,0,0,512.0,512.0,512.0,5.155278683205446,15.907254219055176,0.0001737282823548769,25.40169928599971,1.3343563079833984,1.359375
fold2_seed17,cova3d_c50_frg_fold2_seed17,C50_FRG,2,17,2061093944,d4a0237326656e46138c04693715227e0d321ed7687c89cece8f75c3bd905c05,847205ab97e42cae3711cbb424571cb4de6c30ac640f0c41b61e045bffa7af27,19,20,120,1200,0.17596054803315156,0.052552045935062824,0.12340850184361139,8326,4396,1,63,28,29,0,0,512.0,512.0,512.0,4.692721602196495,30.154644012451172,0.00016163399838465363,25.39254935400004,1.3343563079833984,1.359375
fold2_seed17,cova3d_c50_frg_fold2_seed17,C50_FRG,2,17,2061093944,d4a0237326656e46138c04693715227e0d321ed7687c89cece8f75c3bd905c05,847205ab97e42cae3711cbb424571cb4de6c30ac640f0c41b61e045bffa7af27,20,21,120,1260,0.206405502384405,0.05089029409521147,0.1555152068535487,8654,4342,2,57,32,31,0,0,512.0,512.0,512.0,3.5911995872234304,18.083017349243164,0.00014947168694575625,25.29880468400006,1.3343563079833984,1.359375
fold2_seed17,cova3d_c50_frg_fold2_seed17,C50_FRG,2,17,2061093944,d4a0237326656e46138c04693715227e0d321ed7687c89cece8f75c3bd905c05,847205ab97e42cae3711cbb424571cb4de6c30ac640f0c41b61e045bffa7af27,21,22,120,1320,0.19257970932184917,0.047230535519546396,0.14534917374451956,8041,4090,2,56,34,30,0,0,512.0,512.0,512.0,4.175651459069923,28.007352828979492,0.0001373229911595876,25.3059543749996,1.3343563079833984,1.359375
fold2_seed17,cova3d_c50_frg_fold2_seed17,C50_FRG,2,17,2061093944,d4a0237326656e46138c04693715227e0d321ed7687c89cece8f75c3bd905c05,847205ab97e42cae3711cbb424571cb4de6c30ac640f0c41b61e045bffa7af27,22,23,120,1380,0.17492999173554422,0.04118562043970432,0.13374437044064205,8744,4706,0,61,28,31,0,0,512.0,512.0,512.0,3.5096497143929204,17.219900131225586,0.00012526946274844474,25.38877670599959,1.3343563079833984,1.359375
fold2_seed17,cova3d_c50_frg_fold2_seed17,C50_FRG,2,17,2061093944,d4a0237326656e46138c04693715227e0d321ed7687c89cece8f75c3bd905c05,847205ab97e42cae3711cbb424571cb4de6c30ac640f0c41b61e045bffa7af27,23,24,120,1440,0.15146800367876,0.0375403015550944,0.11392770359913508,8458,4457,0,65,29,26,0,0,512.0,512.0,512.0,3.5838815812952816,16.12480926513672,0.00011339201459540494,25.316923985999892,1.3343563079833984,1.359375
fold2_seed17,cova3d_c50_frg_fold2_seed17,C50_FRG,2,17,2061093944,d4a0237326656e46138c04693715227e0d321ed7687c89cece8f75c3bd905c05,847205ab97e42cae3711cbb424571cb4de6c30ac640f0c41b61e045bffa7af27,24,25,120,1500,0.1769570515890706,0.032759378765091524,0.14419767260551453,8477,4289,1,54,36,30,0,0,512.0,512.0,512.0,3.3773887446771065,14.604180335998535,0.00010177037759260854,25.222112759000083,1.3343563079833984,1.359375
fold2_seed17,cova3d_c50_frg_fold2_seed17,C50_FRG,2,17,2061093944,d4a0237326656e46138c04693715227e0d321ed7687c89cece8f75c3bd905c05,847205ab97e42cae3711cbb424571cb4de6c30ac640f0c41b61e045bffa7af27,25,26,120,1560,0.15047070636755341,0.02845474966036503,0.1220159575343132,8616,4425,2,61,30,29,0,0,512.0,512.0,512.0,3.714435512665659,24.555530548095703,9.048256542400759e-05,25.212369584000044,1.3343563079833984,1.359375
fold2_seed17,cova3d_c50_frg_fold2_seed17,C50_FRG,2,17,2061093944,d4a0237326656e46138c04693715227e0d321ed7687c89cece8f75c3bd905c05,847205ab97e42cae3711cbb424571cb4de6c30ac640f0c41b61e045bffa7af27,26,27,120,1620,0.17681309896926886,0.033770993204194376,0.14304210593303043,8891,4590,1,65,27,28,0,0,512.0,512.0,512.0,3.6640692965437966,31.45806121826172,7.960435087538242e-05,25.279119279000042,1.3343563079833984,1.359375
fold2_seed17,cova3d_c50_frg_fold2_seed17,C50_FRG,2,17,2061093944,d4a0237326656e46138c04693715227e0d321ed7687c89cece8f75c3bd905c05,847205ab97e42cae3711cbb424571cb4de6c30ac640f0c41b61e045bffa7af27,27,28,120,1680,0.15936718685134232,0.03458217930609401,0.12478500604629517,8449,4378,0,65,28,27,0,0,512.0,512.0,512.0,5.934473191620782,60.524837493896484,6.920875718705205e-05,25.320397213000433,1.3343563079833984,1.359375
fold2_seed17,cova3d_c50_frg_fold2_seed17,C50_FRG,2,17,2061093944,d4a0237326656e46138c04693715227e0d321ed7687c89cece8f75c3bd905c05,847205ab97e42cae3711cbb424571cb4de6c30ac640f0c41b61e045bffa7af27,28,29,120,1740,0.11383489586871946,0.03345809915771848,0.08037679642438889,8826,4822,3,60,25,35,0,0,512.0,512.0,512.0,6.1952500914145885,45.850067138671875,5.936556786372413e-05,25.313206803999492,1.3343563079833984,1.359375
fold2_seed17,cova3d_c50_frg_fold2_seed17,C50_FRG,2,17,2061093944,d4a0237326656e46138c04693715227e0d321ed7687c89cece8f75c3bd905c05,847205ab97e42cae3711cbb424571cb4de6c30ac640f0c41b61e045bffa7af27,29,30,120,1800,0.12127255102472599,0.03745676563110275,0.08381578375895818,9209,4829,2,53,29,38,0,0,512.0,512.0,512.0,4.789491419121623,88.23087310791016,5.014085823202989e-05,25.137312156000007,1.3343563079833984,1.359375
fold2_seed17,cova3d_c50_frg_fold2_seed17,C50_FRG,2,17,2061093944,d4a0237326656e46138c04693715227e0d321ed7687c89cece8f75c3bd905c05,847205ab97e42cae3711cbb424571cb4de6c30ac640f0c41b61e045bffa7af27,30,31,120,1860,0.11097308401326551,0.02928959685547543,0.08168348719676335,8202,4178,1,64,28,28,0,0,512.0,512.0,512.0,3.815893836785108,41.47249221801758,4.159655189030408e-05,25.31128009800068,1.3343563079833984,1.359375
fold2_seed17,cova3d_c50_frg_fold2_seed17,C50_FRG,2,17,2061093944,d4a0237326656e46138c04693715227e0d321ed7687c89cece8f75c3bd905c05,847205ab97e42cae3711cbb424571cb4de6c30ac640f0c41b61e045bffa7af27,31,32,120,1920,0.09749028347812137,0.03148616686608534,0.06600411782662073,8661,4485,2,64,21,35,0,0,512.0,512.0,512.0,4.459066282189451,24.269451141357422,3.379000502807257e-05,25.293739502999415,1.3343563079833984,1.359375
fold2_seed17,cova3d_c50_frg_fold2_seed17,C50_FRG,2,17,2061093944,d4a0237326656e46138c04693715227e0d321ed7687c89cece8f75c3bd905c05,847205ab97e42cae3711cbb424571cb4de6c30ac640f0c41b61e045bffa7af27,32,33,120,1980,0.11392056148610141,0.026570711765908032,0.08734984993934632,8950,4708,0,68,17,35,0,0,512.0,512.0,512.0,5.107164328879056,41.586639404296875,2.6773621405624713e-05,25.255816609999783,1.3343563079833984,1.359375
fold2_seed17,cova3d_c50_frg_fold2_seed17,C50_FRG,2,17,2061093944,d4a0237326656e46138c04693715227e0d321ed7687c89cece8f75c3bd905c05,847205ab97e42cae3711cbb424571cb4de6c30ac640f0c41b61e045bffa7af27,33,34,120,2040,0.11549384090561338,0.030588194741293744,0.08490564674139023,8487,4425,0,53,37,30,0,0,512.0,512.0,512.0,3.9037264032599825,23.202075958251953,2.059450057823627e-05,25.292179078000117,1.3343563079833984,1.359375
fold2_seed17,cova3d_c50_frg_fold2_seed17,C50_FRG,2,17,2061093944,d4a0237326656e46138c04693715227e0d321ed7687c89cece8f75c3bd905c05,847205ab97e42cae3711cbb424571cb4de6c30ac640f0c41b61e045bffa7af27,34,35,120,2100,0.1265470133266079,0.027391238038643094,0.09915577520926794,8032,4011,3,63,25,32,0,0,512.0,512.0,512.0,4.314050058772167,36.25260925292969,1.5294121726440254e-05,25.16007097200054,1.3343563079833984,1.359375
fold2_seed17,cova3d_c50_frg_fold2_seed17,C50_FRG,2,17,2061093944,d4a0237326656e46138c04693715227e0d321ed7687c89cece8f75c3bd905c05,847205ab97e42cae3711cbb424571cb4de6c30ac640f0c41b61e045bffa7af27,35,36,120,2160,0.13637184193706045,0.02454301507752922,0.11182882885138194,8984,4644,2,59,31,30,0,0,512.0,512.0,512.0,3.2063445132031725,30.11632537841797,1.0908065214729997e-05,25.17180300600012,1.3343563079833984,1.359375
fold2_seed17,cova3d_c50_frg_fold2_seed17,C50_FRG,2,17,2061093944,d4a0237326656e46138c04693715227e0d321ed7687c89cece8f75c3bd905c05,847205ab97e42cae3711cbb424571cb4de6c30ac640f0c41b61e045bffa7af27,36,37,120,2220,0.07538191225824538,0.011044647736508987,0.06433726400136948,8773,4487,1,66,30,24,0,0,512.0,512.0,512.0,2.708248817695615,39.30979537963867,7.465773747813819e-06,25.208530852999502,1.3343563079833984,1.359375
fold2_seed17,cova3d_c50_frg_fold2_seed17,C50_FRG,2,17,2061093944,d4a0237326656e46138c04693715227e0d321ed7687c89cece8f75c3bd905c05,847205ab97e42cae3711cbb424571cb4de6c30ac640f0c41b61e045bffa7af27,37,38,120,2280,0.105764205385468,0.014042476735892647,0.09172172943751017,8881,4710,1,69,26,25,0,0,512.0,512.0,512.0,1.9849670454316461,9.610767364501953,4.990354727730315e-06,25.262467907999962,1.3343563079833984,1.359375
fold2_seed17,cova3d_c50_frg_fold2_seed17,C50_FRG,2,17,2061093944,d4a0237326656e46138c04693715227e0d321ed7687c89cece8f75c3bd905c05,847205ab97e42cae3711cbb424571cb4de6c30ac640f0c41b61e045bffa7af27,38,39,120,2340,0.1085419017884201,0.015861701172620386,0.09268020043770472,8989,4650,1,63,32,25,0,0,512.0,512.0,512.0,2.188272797281388,10.924629211425781,3.498425138561358e-06,25.289994229999138,1.3343563079833984,1.359375
fold2_seed17,cova3d_c50_frg_fold2_seed17,C50_FRG,2,17,2061093944,d4a0237326656e46138c04693715227e0d321ed7687c89cece8f75c3bd905c05,847205ab97e42cae3711cbb424571cb4de6c30ac640f0c41b61e045bffa7af27,39,40,120,2400,0.10093692416723,0.019773374717898366,0.08116355041662852,8156,3997,1,60,33,27,0,0,512.0,512.0,512.0,2.799791180740916,13.063240051269531,3e-06,25.24418907800009,1.3343563079833984,1.359375
fold2_seed17,cova3d_c100_coh_fold2_seed17,C100_COH,2,17,2061093944,d4a0237326656e46138c04693715227e0d321ed7687c89cece8f75c3bd905c05,847205ab97e42cae3711cbb424571cb4de6c30ac640f0c41b61e045bffa7af27,0,1,120,60,1.9943776715624457,1.5082571102684597,0.4861205587784449,8391,4131,1,62,26,32,2,2,1024.0,4096.0,1024.0,94.98624348640442,382.9601135253906,0.00017999999999999998,26.816534472000058,1.3345088958740234,1.400390625
fold2_seed17,cova3d_c100_coh_fold2_seed17,C100_COH,2,17,2061093944,d4a0237326656e46138c04693715227e0d321ed7687c89cece8f75c3bd905c05,847205ab97e42cae3711cbb424571cb4de6c30ac640f0c41b61e045bffa7af27,1,2,120,120,0.8757461435821218,0.5876208611417193,0.288125279545784,8115,4075,1,58,38,24,0,0,1024.0,1024.0,1024.0,27.80805612405141,119.3944320678711,0.0002999445918673937,25.892589928000234,1.3345088958740234,1.400390625
fold2_seed17,cova3d_c100_coh_fold2_seed17,C100_COH,2,17,2061093944,d4a0237326656e46138c04693715227e0d321ed7687c89cece8f75c3bd905c05,847205ab97e42cae3711cbb424571cb4de6c30ac640f0c41b61e045bffa7af27,2,3,120,180,0.6339475660963216,0.36955913007259367,0.26438843458890915,8529,4152,1,56,33,31,0,0,1024.0,1024.0,1024.0,11.68069792985916,80.53287506103516,0.0002991142965839822,25.764096032000452,1.3345088958740234,1.400390625
fold2_seed17,cova3d_c100_coh_fold2_seed17,C100_COH,2,17,2061093944,d4a0237326656e46138c04693715227e0d321ed7687c89cece8f75c3bd905c05,847205ab97e42cae3711cbb424571cb4de6c30ac640f0c41b61e045bffa7af27,3,4,120,240,0.5434323058153192,0.297850476304302,0.24558182656764985,8309,3949,1,56,34,30,0,0,1024.0,1024.0,1024.0,9.299610169728597,40.69364929199219,0.0002972930965702204,25.774960404000012,1.3345088958740234,1.400390625
fold2_seed17,cova3d_c100_coh_fold2_seed17,C100_COH,2,17,2061093944,d4a0237326656e46138c04693715227e0d321ed7687c89cece8f75c3bd905c05,847205ab97e42cae3711cbb424571cb4de6c30ac640f0c41b61e045bffa7af27,4,5,120,300,0.38874765920821425,0.19690195652171194,0.19184570064147313,8361,4136,1,61,36,23,0,0,1024.0,1024.0,1024.0,5.889360105991363,15.043996810913086,0.0002944932171711482,25.61282480400041,1.3345088958740234,1.400390625
fold2_seed17,cova3d_c100_coh_fold2_seed17,C100_COH,2,17,2061093944,d4a0237326656e46138c04693715227e0d321ed7687c89cece8f75c3bd905c05,847205ab97e42cae3711cbb424571cb4de6c30ac640f0c41b61e045bffa7af27,5,6,120,360,0.37871454950873157,0.1984270840776541,0.18028746594985326,8168,4154,2,59,32,29,0,0,1024.0,1024.0,1024.0,6.481020838022232,25.314552307128906,0.000290733453407337,25.59167646900005,1.3345088958740234,1.400390625
fold2_seed17,cova3d_c100_coh_fold2_seed17,C100_COH,2,17,2061093944,d4a0237326656e46138c04693715227e0d321ed7687c89cece8f75c3bd905c05,847205ab97e42cae3711cbb424571cb4de6c30ac640f0c41b61e045bffa7af27,6,7,120,420,0.3387058272037393,0.1810282325955389,0.15767759680747986,7821,3702,1,58,33,29,0,0,1024.0,1024.0,1024.0,5.0263205901409185,20.457000732421875,0.0002860390438077423,25.58727811100016,1.3345088958740234,1.400390625
fold2_seed17,cova3d_c100_coh_fold2_seed17,C100_COH,2,17,2061093944,d4a0237326656e46138c04693715227e0d321ed7687c89cece8f75c3bd905c05,847205ab97e42cae3711cbb424571cb4de6c30ac640f0c41b61e045bffa7af27,7,8,120,480,0.3173679139033993,0.1758821354265213,0.14148577799399695,8124,4010,1,62,31,27,0,0,1024.0,1024.0,1024.0,5.3417315644522505,29.614398956298828,0.00028044150098859483,25.659584184999403,1.3345088958740234,1.400390625
fold2_seed17,cova3d_c100_coh_fold2_seed17,C100_COH,2,17,2061093944,d4a0237326656e46138c04693715227e0d321ed7687c89cece8f75c3bd905c05,847205ab97e42cae3711cbb424571cb4de6c30ac640f0c41b61e045bffa7af27,8,9,120,540,0.2885576177505906,0.13017214949126885,0.15838546703259151,8247,4107,1,59,31,30,0,0,1024.0,1024.0,1024.0,4.688220021873713,15.075472831726074,0.0002739784001156218,25.619468564999806,1.3345088958740234,1.400390625
fold2_seed17,cova3d_c100_coh_fold2_seed17,C100_COH,2,17,2061093944,d4a0237326656e46138c04693715227e0d321ed7687c89cece8f75c3bd905c05,847205ab97e42cae3711cbb424571cb4de6c30ac640f0c41b61e045bffa7af27,9,10,120,600,0.2796632419915113,0.13446727561695299,0.14519596497217815,8252,4122,2,53,30,37,0,0,1024.0,1024.0,1024.0,5.153292695184549,27.28143882751465,0.0002666931266696063,25.552207796999937,1.3345088958740234,1.400390625
fold2_seed17,cova3d_c100_coh_fold2_seed17,C100_COH,2,17,2061093944,d4a0237326656e46138c04693715227e0d321ed7687c89cece8f75c3bd905c05,847205ab97e42cae3711cbb424571cb4de6c30ac640f0c41b61e045bffa7af27,10,11,120,660,0.23561320064320246,0.11139260473997108,0.12422059724728267,8347,4193,1,59,30,31,0,0,1024.0,1024.0,1024.0,4.433525561261922,13.90255355834961,0.0002586345852084849,25.501714553000056,1.3345088958740234,1.400390625
fold2_seed17,cova3d_c100_coh_fold2_seed17,C100_COH,2,17,2061093944,d4a0237326656e46138c04693715227e0d321ed7687c89cece8f75c3bd905c05,847205ab97e42cae3711cbb424571cb4de6c30ac640f0c41b61e045bffa7af27,11,12,120,720,0.15403265360209087,0.08211042046813474,0.07192223320404688,8379,4194,3,72,22,26,0,0,1024.0,1024.0,1024.0,3.634562204529842,17.655080795288086,0.0002498568710810032,25.44889648699973,1.3345088958740234,1.400390625
fold2_seed17,cova3d_c100_coh_fold2_seed17,C100_COH,2,17,2061093944,d4a0237326656e46138c04693715227e0d321ed7687c89cece8f75c3bd905c05,847205ab97e42cae3711cbb424571cb4de6c30ac640f0c41b61e045bffa7af27,12,13,120,780,0.19284373153483708,0.07703895848438454,0.11580477257569631,8343,4196,3,56,28,36,0,0,1024.0,1024.0,1024.0,3.6628648241360984,21.199729919433594,0.0002404189072956492,25.505582806999882,1.3345088958740234,1.400390625
fold2_seed17,cova3d_c100_coh_fold2_seed17,C100_COH,2,17,2061093944,d4a0237326656e46138c04693715227e0d321ed7687c89cece8f75c3bd905c05,847205ab97e42cae3711cbb424571cb4de6c30ac640f0c41b61e045bffa7af27,13,14,120,840,0.22095424383417897,0.09310504663693185,0.1278491958975792,8608,4416,0,51,35,34,0,0,1024.0,1024.0,1024.0,6.060759792476892,63.424068450927734,0.00023038404898248976,25.609505145000185,1.3345088958740234,1.400390625
fold2_seed17,cova3d_c100_coh_fold2_seed17,C100_COH,2,17,2061093944,d4a0237326656e46138c04693715227e0d321ed7687c89cece8f75c3bd905c05,847205ab97e42cae3711cbb424571cb4de6c30ac640f0c41b61e045bffa7af27,14,15,120,900,0.17240904995036127,0.06306117979156814,0.1093478704492251,7982,4057,2,68,32,20,0,0,1024.0,1024.0,1024.0,3.816524751856923,34.56616973876953,0.00021981965810307605,25.63818582699969,1.3345088958740234,1.400390625
fold2_seed17,cova3d_c100_coh_fold2_seed17,C100_COH,2,17,2061093944,d4a0237326656e46138c04693715227e0d321ed7687c89cece8f75c3bd905c05,847205ab97e42cae3711cbb424571cb4de6c30ac640f0c41b61e045bffa7af27,15,16,120,960,0.13313604956345843,0.053495318188285526,0.07964073121547699,8045,4097,1,64,31,25,0,0,1024.0,1024.0,1024.0,2.9593453217918673,20.67466926574707,0.00020879665126330557,25.47872207799992,1.3345088958740234,1.400390625
fold2_seed17,cova3d_c100_coh_fold2_seed17,C100_COH,2,17,2061093944,d4a0237326656e46138c04693715227e0d321ed7687c89cece8f75c3bd905c05,847205ab97e42cae3711cbb424571cb4de6c30ac640f0c41b61e045bffa7af27,16,17,120,1020,0.20262964421389143,0.06222713610066724,0.14040250778198243,7948,3928,1,58,32,30,0,0,1024.0,1024.0,1024.0,3.958335082605481,41.15268325805664,0.00019738902366467966,25.332740075999936,1.3345088958740234,1.400390625
fold2_seed17,cova3d_c100_coh_fold2_seed17,C100_COH,2,17,2061093944,d4a0237326656e46138c04693715227e0d321ed7687c89cece8f75c3bd905c05,847205ab97e42cae3711cbb424571cb4de6c30ac640f0c41b61e045bffa7af27,17,18,120,1080,0.1433323731618561,0.0510921750749862,0.09224019845326742,7994,4248,1,59,26,35,0,0,1024.0,1024.0,1024.0,3.1064559375246366,14.945511817932129,0.00018567335238957547,25.340092286000072,1.3345088958740234,1.400390625
fold2_seed17,cova3d_c100_coh_fold2_seed17,C100_COH,2,17,2061093944,d4a0237326656e46138c04693715227e0d321ed7687c89cece8f75c3bd905c05,847205ab97e42cae3711cbb424571cb4de6c30ac640f0c41b61e045bffa7af27,18,19,120,1140,0.15689385240791603,0.049364693526005726,0.10752915839354198,8370,4346,1,62,29,29,0,0,1024.0,1024.0,1024.0,2.984958606834213,16.392412185668945,0.0001737282823548769,25.40577357999973,1.3345088958740234,1.400390625
fold2_seed17,cova3d_c100_coh_fold2_seed17,C100_COH,2,17,2061093944,d4a0237326656e46138c04693715227e0d321ed7687c89cece8f75c3bd905c05,847205ab97e42cae3711cbb424571cb4de6c30ac640f0c41b61e045bffa7af27,19,20,120,1200,0.12220703497589908,0.03144178820269131,0.09076524724562963,7916,4014,1,63,28,29,0,0,1024.0,1024.0,1024.0,2.548799625132233,17.873586654663086,0.00016163399838465363,25.485323789000176,1.3345088958740234,1.400390625
fold2_seed17,cova3d_c100_coh_fold2_seed17,C100_COH,2,17,2061093944,d4a0237326656e46138c04693715227e0d321ed7687c89cece8f75c3bd905c05,847205ab97e42cae3711cbb424571cb4de6c30ac640f0c41b61e045bffa7af27,20,21,120,1260,0.12723258407014298,0.027040298721530843,0.1001922865708669,8438,4082,2,57,32,31,0,0,1024.0,1024.0,1024.0,2.284697378333658,24.300025939941406,0.00014947168694575625,25.3988672509995,1.3345088958740234,1.400390625
fold2_seed17,cova3d_c100_coh_fold2_seed17,C100_COH,2,17,2061093944,d4a0237326656e46138c04693715227e0d321ed7687c89cece8f75c3bd905c05,847205ab97e42cae3711cbb424571cb4de6c30ac640f0c41b61e045bffa7af27,21,22,120,1320,0.13257004066220285,0.026557296888881865,0.10601274271806081,8125,4154,2,56,34,30,0,0,1024.0,1024.0,1024.0,2.5299010964110495,19.21438217163086,0.0001373229911595876,25.24023684199983,1.3345088958740234,1.400390625
fold2_seed17,cova3d_c100_coh_fold2_seed17,C100_COH,2,17,2061093944,d4a0237326656e46138c04693715227e0d321ed7687c89cece8f75c3bd905c05,847205ab97e42cae3711cbb424571cb4de6c30ac640f0c41b61e045bffa7af27,22,23,120,1380,0.1379468415821899,0.029971478710065894,0.10797536224126816,8075,4159,0,61,28,31,0,0,1024.0,1024.0,1024.0,2.9919039346277714,18.9995174407959,0.00012526946274844474,25.245414916999835,1.3345088958740234,1.400390625
fold2_seed17,cova3d_c100_coh_fold2_seed17,C100_COH,2,17,2061093944,d4a0237326656e46138c04693715227e0d321ed7687c89cece8f75c3bd905c05,847205ab97e42cae3711cbb424571cb4de6c30ac640f0c41b61e045bffa7af27,23,24,120,1440,0.09661957197174882,0.02693628987410157,0.06968328108390172,8054,4039,0,65,29,26,0,0,1024.0,1024.0,1024.0,2.0847112480861445,11.125992774963379,0.00011339201459540494,25.315179180000086,1.3345088958740234,1.400390625
fold2_seed17,cova3d_c100_coh_fold2_seed17,C100_COH,2,17,2061093944,d4a0237326656e46138c04693715227e0d321ed7687c89cece8f75c3bd905c05,847205ab97e42cae3711cbb424571cb4de6c30ac640f0c41b61e045bffa7af27,24,25,120,1500,0.0949364069281349,0.0188526040419679,0.07608380317687988,8102,3949,1,54,36,30,0,0,1024.0,1024.0,1024.0,2.4718706532536694,20.409420013427734,0.00010177037759260854,25.324659285000052,1.3345088958740234,1.400390625
fold2_seed17,cova3d_c100_coh_fold2_seed17,C100_COH,2,17,2061093944,d4a0237326656e46138c04693715227e0d321ed7687c89cece8f75c3bd905c05,847205ab97e42cae3711cbb424571cb4de6c30ac640f0c41b61e045bffa7af27,25,26,120,1560,0.09865441048121397,0.02269375525813781,0.07596065551042556,8164,4042,2,61,30,29,0,0,1024.0,1024.0,1024.0,4.010182247004317,40.36908721923828,9.048256542400759e-05,25.356284735000372,1.3345088958740234,1.400390625
fold2_seed17,cova3d_c100_coh_fold2_seed17,C100_COH,2,17,2061093944,d4a0237326656e46138c04693715227e0d321ed7687c89cece8f75c3bd905c05,847205ab97e42cae3711cbb424571cb4de6c30ac640f0c41b61e045bffa7af27,26,27,120,1620,0.09901125897683008,0.023490562290658344,0.07552069673935573,8593,4431,1,65,27,28,0,0,1024.0,1024.0,1024.0,2.7358652576028057,20.287017822265625,7.960435087538242e-05,25.30773871600013,1.3345088958740234,1.400390625
fold2_seed17,cova3d_c100_coh_fold2_seed17,C100_COH,2,17,2061093944,d4a0237326656e46138c04693715227e0d321ed7687c89cece8f75c3bd905c05,847205ab97e42cae3711cbb424571cb4de6c30ac640f0c41b61e045bffa7af27,27,28,120,1680,0.07221571726165951,0.02552414022230107,0.046691576143105824,7814,3736,1,65,28,27,0,0,1024.0,1024.0,1024.0,4.102327247631425,37.4963493347168,6.920875718705205e-05,25.294708796000123,1.3345088958740234,1.400390625
fold2_seed17,cova3d_c100_coh_fold2_seed17,C100_COH,2,17,2061093944,d4a0237326656e46138c04693715227e0d321ed7687c89cece8f75c3bd905c05,847205ab97e42cae3711cbb424571cb4de6c30ac640f0c41b61e045bffa7af27,28,29,120,1740,0.09041476870953351,0.028380138968111947,0.06203462928533554,8185,4277,3,60,25,35,0,0,1024.0,1024.0,1024.0,4.733619266942454,47.84927749633789,5.936556786372413e-05,25.272840476000056,1.3345088958740234,1.400390625
fold2_seed17,cova3d_c100_coh_fold2_seed17,C100_COH,2,17,2061093944,d4a0237326656e46138c04693715227e0d321ed7687c89cece8f75c3bd905c05,847205ab97e42cae3711cbb424571cb4de6c30ac640f0c41b61e045bffa7af27,29,30,120,1800,0.09049470618134861,0.017295310877447977,0.07319939533869425,8674,4320,2,53,29,38,0,0,1024.0,1024.0,1024.0,3.2932768177900775,47.619293212890625,5.014085823202989e-05,25.32819057300003,1.3345088958740234,1.400390625
fold2_seed17,cova3d_c100_coh_fold2_seed17,C100_COH,2,17,2061093944,d4a0237326656e46138c04693715227e0d321ed7687c89cece8f75c3bd905c05,847205ab97e42cae3711cbb424571cb4de6c30ac640f0c41b61e045bffa7af27,30,31,120,1860,0.05450254269227781,0.018783658632191325,0.03571888456741969,7826,3850,1,64,28,28,0,0,1024.0,1024.0,1024.0,1.97756321830675,15.913614273071289,4.159655189030408e-05,25.283372187999703,1.3345088958740234,1.400390625
fold2_seed17,cova3d_c100_coh_fold2_seed17,C100_COH,2,17,2061093944,d4a0237326656e46138c04693715227e0d321ed7687c89cece8f75c3bd905c05,847205ab97e42cae3711cbb424571cb4de6c30ac640f0c41b61e045bffa7af27,31,32,120,1920,0.05816642590150234,0.01686666110920902,0.04129976481199264,8151,4002,3,64,21,35,0,0,1024.0,1024.0,1024.0,2.471635998102526,13.842820167541504,3.379000502807257e-05,25.332389866000085,1.3345088958740234,1.400390625
fold2_seed17,cova3d_c100_coh_fold2_seed17,C100_COH,2,17,2061093944,d4a0237326656e46138c04693715227e0d321ed7687c89cece8f75c3bd905c05,847205ab97e42cae3711cbb424571cb4de6c30ac640f0c41b61e045bffa7af27,32,33,120,1980,0.05209095490646409,0.017598296854780364,0.034492658575375874,8625,4344,0,68,17,35,0,0,1024.0,1024.0,1024.0,2.879477835946697,27.004409790039062,2.6773621405624713e-05,25.346299314000134,1.3345088958740234,1.400390625
fold2_seed17,cova3d_c100_coh_fold2_seed17,C100_COH,2,17,2061093944,d4a0237326656e46138c04693715227e0d321ed7687c89cece8f75c3bd905c05,847205ab97e42cae3711cbb424571cb4de6c30ac640f0c41b61e045bffa7af27,33,34,120,2040,0.06782954051478184,0.019379721651750673,0.04844981878995895,8167,4014,0,53,37,30,0,0,1024.0,1024.0,1024.0,2.9283765041269363,26.173418045043945,2.059450057823627e-05,25.36760702799984,1.3345088958740234,1.400390625
fold2_seed17,cova3d_c100_coh_fold2_seed17,C100_COH,2,17,2061093944,d4a0237326656e46138c04693715227e0d321ed7687c89cece8f75c3bd905c05,847205ab97e42cae3711cbb424571cb4de6c30ac640f0c41b61e045bffa7af27,34,35,120,2100,0.05313143508122347,0.011467024203014526,0.041664410134156546,8178,4109,2,63,25,32,0,0,1024.0,1024.0,1024.0,3.432582869733839,40.245521545410156,1.5294121726440254e-05,25.285661828999764,1.3345088958740234,1.400390625
fold2_seed17,cova3d_c100_coh_fold2_seed17,C100_COH,2,17,2061093944,d4a0237326656e46138c04693715227e0d321ed7687c89cece8f75c3bd905c05,847205ab97e42cae3711cbb424571cb4de6c30ac640f0c41b61e045bffa7af27,35,36,120,2160,0.04471149019539206,0.008394882924538544,0.03631660689910253,8254,4081,2,59,31,30,0,0,1024.0,1024.0,1024.0,1.6109505760182705,23.13748550415039,1.0908065214729997e-05,25.275488302000667,1.3345088958740234,1.400390625
fold2_seed17,cova3d_c100_coh_fold2_seed17,C100_COH,2,17,2061093944,d4a0237326656e46138c04693715227e0d321ed7687c89cece8f75c3bd905c05,847205ab97e42cae3711cbb424571cb4de6c30ac640f0c41b61e045bffa7af27,36,37,120,2220,0.03585027001241654,0.006869010250346979,0.028981259961922964,8298,3994,1,66,30,24,0,0,1024.0,1024.0,1024.0,1.7865337166236714,22.106281280517578,7.465773747813819e-06,25.197938588999932,1.3345088958740234,1.400390625
fold2_seed17,cova3d_c100_coh_fold2_seed17,C100_COH,2,17,2061093944,d4a0237326656e46138c04693715227e0d321ed7687c89cece8f75c3bd905c05,847205ab97e42cae3711cbb424571cb4de6c30ac640f0c41b61e045bffa7af27,37,38,120,2280,0.04802118554681224,0.016427813495011045,0.03159337192773819,8011,4060,1,69,26,25,0,0,1024.0,1024.0,1024.0,2.908552141471106,63.9443244934082,4.990354727730315e-06,25.084719168000447,1.3345088958740234,1.400390625
fold2_seed17,cova3d_c100_coh_fold2_seed17,C100_COH,2,17,2061093944,d4a0237326656e46138c04693715227e0d321ed7687c89cece8f75c3bd905c05,847205ab97e42cae3711cbb424571cb4de6c30ac640f0c41b61e045bffa7af27,38,39,120,2340,0.047042034631755526,0.009800351308834812,0.037241682906945545,8581,4389,1,63,32,25,0,0,1024.0,1024.0,1024.0,1.9877147269318811,27.07875633239746,3.498425138561358e-06,25.091471155000363,1.3345088958740234,1.400390625
fold2_seed17,cova3d_c100_coh_fold2_seed17,C100_COH,2,17,2061093944,d4a0237326656e46138c04693715227e0d321ed7687c89cece8f75c3bd905c05,847205ab97e42cae3711cbb424571cb4de6c30ac640f0c41b61e045bffa7af27,39,40,120,2400,0.04614496940404652,0.009873256982624288,0.03627171168724696,7741,3641,0,60,33,27,0,0,1024.0,1024.0,1024.0,1.7207470614928753,19.711467742919922,3e-06,25.161665876999905,1.3345088958740234,1.400390625
fold2_seed17,cova3d_c100_dis_fold2_seed17,C100_DIS,2,17,2061093944,d4a0237326656e46138c04693715227e0d321ed7687c89cece8f75c3bd905c05,847205ab97e42cae3711cbb424571cb4de6c30ac640f0c41b61e045bffa7af27,0,1,120,60,2.082572670381827,1.6030627850132684,0.4795098925630252,8495,4230,1,62,26,32,2,2,1024.0,4096.0,1024.0,101.30637035369872,375.6298522949219,0.00017999999999999998,26.665973170999678,1.3350658416748047,1.36328125
fold2_seed17,cova3d_c100_dis_fold2_seed17,C100_DIS,2,17,2061093944,d4a0237326656e46138c04693715227e0d321ed7687c89cece8f75c3bd905c05,847205ab97e42cae3711cbb424571cb4de6c30ac640f0c41b61e045bffa7af27,1,2,120,120,1.209185708515967,0.8378738579107449,0.37131184289852776,8275,4151,0,58,38,24,0,0,1024.0,1024.0,1024.0,40.761380974451704,154.71136474609375,0.0002999445918673937,25.799869149000187,1.3350658416748047,1.36328125
fold2_seed17,cova3d_c100_dis_fold2_seed17,C100_DIS,2,17,2061093944,d4a0237326656e46138c04693715227e0d321ed7687c89cece8f75c3bd905c05,847205ab97e42cae3711cbb424571cb4de6c30ac640f0c41b61e045bffa7af27,2,3,120,180,0.9277315420098603,0.5883046336937696,0.3394269074002902,8366,4072,1,56,33,31,0,0,1024.0,1024.0,1024.0,17.261878434816996,49.404972076416016,0.0002991142965839822,25.686077307000232,1.3350658416748047,1.36328125
fold2_seed17,cova3d_c100_dis_fold2_seed17,C100_DIS,2,17,2061093944,d4a0237326656e46138c04693715227e0d321ed7687c89cece8f75c3bd905c05,847205ab97e42cae3711cbb424571cb4de6c30ac640f0c41b61e045bffa7af27,3,4,120,240,0.8586687517274793,0.5156148672976997,0.3430538848042488,8247,3953,1,56,34,30,0,0,1024.0,1024.0,1024.0,14.970809117952983,75.5456771850586,0.0002972930965702204,25.69188426400069,1.3350658416748047,1.36328125
fold2_seed17,cova3d_c100_dis_fold2_seed17,C100_DIS,2,17,2061093944,d4a0237326656e46138c04693715227e0d321ed7687c89cece8f75c3bd905c05,847205ab97e42cae3711cbb424571cb4de6c30ac640f0c41b61e045bffa7af27,4,5,120,300,0.6552955855576632,0.3821796155893632,0.27311597069104515,8424,4161,1,61,36,23,0,0,1024.0,1024.0,1024.0,10.054536644617716,28.333425521850586,0.0002944932171711482,25.72892966499967,1.3350658416748047,1.36328125
fold2_seed17,cova3d_c100_dis_fold2_seed17,C100_DIS,2,17,2061093944,d4a0237326656e46138c04693715227e0d321ed7687c89cece8f75c3bd905c05,847205ab97e42cae3711cbb424571cb4de6c30ac640f0c41b61e045bffa7af27,5,6,120,360,0.6389272978703957,0.37372033011439876,0.2652069653073947,8210,4086,2,59,32,29,0,0,1024.0,1024.0,1024.0,10.302830582857132,30.50461196899414,0.000290733453407337,25.656192790000205,1.3350658416748047,1.36328125
fold2_seed17,cova3d_c100_dis_fold2_seed17,C100_DIS,2,17,2061093944,d4a0237326656e46138c04693715227e0d321ed7687c89cece8f75c3bd905c05,847205ab97e42cae3711cbb424571cb4de6c30ac640f0c41b61e045bffa7af27,6,7,120,420,0.5588855218763152,0.3338151219805392,0.22507040003935497,7969,3760,0,58,33,29,0,0,1024.0,1024.0,1024.0,9.053220510482788,35.706581115722656,0.0002860390438077423,25.713329580999925,1.3350658416748047,1.36328125
fold2_seed17,cova3d_c100_dis_fold2_seed17,C100_DIS,2,17,2061093944,d4a0237326656e46138c04693715227e0d321ed7687c89cece8f75c3bd905c05,847205ab97e42cae3711cbb424571cb4de6c30ac640f0c41b61e045bffa7af27,7,8,120,480,0.5120143512842332,0.3039601503731925,0.2080542022983233,8158,4009,0,62,31,27,0,0,1024.0,1024.0,1024.0,8.371345406770706,36.27180099487305,0.00028044150098859483,25.624707846999627,1.3350658416748047,1.36328125
fold2_seed17,cova3d_c100_dis_fold2_seed17,C100_DIS,2,17,2061093944,d4a0237326656e46138c04693715227e0d321ed7687c89cece8f75c3bd905c05,847205ab97e42cae3711cbb424571cb4de6c30ac640f0c41b61e045bffa7af27,8,9,120,540,0.4781104864964921,0.260688476418242,0.21742200901110967,8424,4237,1,59,31,30,0,0,1024.0,1024.0,1024.0,8.034634995460511,46.98047637939453,0.0002739784001156218,25.576309854999636,1.3350658416748047,1.36328125
fold2_seed17,cova3d_c100_dis_fold2_seed17,C100_DIS,2,17,2061093944,d4a0237326656e46138c04693715227e0d321ed7687c89cece8f75c3bd905c05,847205ab97e42cae3711cbb424571cb4de6c30ac640f0c41b61e045bffa7af27,9,10,120,600,0.46225121738962116,0.2552626326359132,0.20698858151833216,8372,4190,2,53,30,37,0,0,1024.0,1024.0,1024.0,8.102357235799234,66.86333465576172,0.0002666931266696063,25.598076993000177,1.3350658416748047,1.36328125
fold2_seed17,cova3d_c100_dis_fold2_seed17,C100_DIS,2,17,2061093944,d4a0237326656e46138c04693715227e0d321ed7687c89cece8f75c3bd905c05,847205ab97e42cae3711cbb424571cb4de6c30ac640f0c41b61e045bffa7af27,10,11,120,660,0.40314082901459186,0.2199249015692961,0.18321592559417088,8295,4182,1,59,30,31,0,0,1024.0,1024.0,1024.0,7.2782104384154085,16.950037002563477,0.0002586345852084849,25.566174016000332,1.3350658416748047,1.36328125
fold2_seed17,cova3d_c100_dis_fold2_seed17,C100_DIS,2,17,2061093944,d4a0237326656e46138c04693715227e0d321ed7687c89cece8f75c3bd905c05,847205ab97e42cae3711cbb424571cb4de6c30ac640f0c41b61e045bffa7af27,11,12,120,720,0.31797632068046366,0.1907776682889865,0.12719865043958029,8638,4369,3,72,22,26,0,0,1024.0,1024.0,1024.0,6.112620133161545,19.749801635742188,0.0002498568710810032,25.58164498699989,1.3350658416748047,1.36328125
fold2_seed17,cova3d_c100_dis_fold2_seed17,C100_DIS,2,17,2061093944,d4a0237326656e46138c04693715227e0d321ed7687c89cece8f75c3bd905c05,847205ab97e42cae3711cbb424571cb4de6c30ac640f0c41b61e045bffa7af27,12,13,120,780,0.32668704710813473,0.16756323502777376,0.1591238111257553,8346,4155,2,56,28,36,0,0,1024.0,1024.0,1024.0,6.093972759445508,33.72641372680664,0.0002404189072956492,25.611963892999484,1.3350658416748047,1.36328125
fold2_seed17,cova3d_c100_dis_fold2_seed17,C100_DIS,2,17,2061093944,d4a0237326656e46138c04693715227e0d321ed7687c89cece8f75c3bd905c05,847205ab97e42cae3711cbb424571cb4de6c30ac640f0c41b61e045bffa7af27,13,14,120,840,0.35761814201990394,0.1912592463511828,0.16635889559984207,8296,4218,0,51,35,34,0,0,1024.0,1024.0,1024.0,7.464247443278631,30.61245346069336,0.00023038404898248976,25.65420673100016,1.3350658416748047,1.36328125
fold2_seed17,cova3d_c100_dis_fold2_seed17,C100_DIS,2,17,2061093944,d4a0237326656e46138c04693715227e0d321ed7687c89cece8f75c3bd905c05,847205ab97e42cae3711cbb424571cb4de6c30ac640f0c41b61e045bffa7af27,14,15,120,900,0.3059801690379269,0.1536076634297994,0.15237250526746113,8036,4108,2,68,32,20,0,0,1024.0,1024.0,1024.0,6.333738047381242,41.647178649902344,0.00021981965810307605,25.61742442999912,1.3350658416748047,1.36328125
fold2_seed17,cova3d_c100_dis_fold2_seed17,C100_DIS,2,17,2061093944,d4a0237326656e46138c04693715227e0d321ed7687c89cece8f75c3bd905c05,847205ab97e42cae3711cbb424571cb4de6c30ac640f0c41b61e045bffa7af27,15,16,120,960,0.23632144282564696,0.123117659146889,0.11320378283659617,8161,4164,1,64,31,25,0,0,1024.0,1024.0,1024.0,4.530884177827587,16.146812438964844,0.00020879665126330557,25.654868440999962,1.3350658416748047,1.36328125
fold2_seed17,cova3d_c100_dis_fold2_seed17,C100_DIS,2,17,2061093944,d4a0237326656e46138c04693715227e0d321ed7687c89cece8f75c3bd905c05,847205ab97e42cae3711cbb424571cb4de6c30ac640f0c41b61e045bffa7af27,16,17,120,1020,0.28666893051091996,0.13816763931843828,0.14850129087766012,8133,4060,1,58,32,30,0,0,1024.0,1024.0,1024.0,6.497947638233502,43.55973434448242,0.00019738902366467966,25.482668198999818,1.3350658416748047,1.36328125
fold2_seed17,cova3d_c100_dis_fold2_seed17,C100_DIS,2,17,2061093944,d4a0237326656e46138c04693715227e0d321ed7687c89cece8f75c3bd905c05,847205ab97e42cae3711cbb424571cb4de6c30ac640f0c41b61e045bffa7af27,17,18,120,1080,0.2509250084428459,0.13071750489619566,0.12020750393470128,7986,4180,1,59,26,35,0,0,1024.0,1024.0,1024.0,6.962491680185,31.557024002075195,0.00018567335238957547,25.49290280600053,1.3350658416748047,1.36328125
fold2_seed17,cova3d_c100_dis_fold2_seed17,C100_DIS,2,17,2061093944,d4a0237326656e46138c04693715227e0d321ed7687c89cece8f75c3bd905c05,847205ab97e42cae3711cbb424571cb4de6c30ac640f0c41b61e045bffa7af27,18,19,120,1140,0.23475595932708682,0.11379642372884101,0.12095953524112701,8361,4294,1,62,29,29,0,0,1024.0,1024.0,1024.0,5.87407452861468,20.77020835876465,0.0001737282823548769,25.545955466000123,1.3350658416748047,1.36328125
fold2_seed17,cova3d_c100_dis_fold2_seed17,C100_DIS,2,17,2061093944,d4a0237326656e46138c04693715227e0d321ed7687c89cece8f75c3bd905c05,847205ab97e42cae3711cbb424571cb4de6c30ac640f0c41b61e045bffa7af27,19,20,120,1200,0.2241876640362989,0.10482861086641909,0.11935905416806539,8010,4051,1,63,28,29,0,0,1024.0,1024.0,1024.0,6.2029129055639105,36.388275146484375,0.00016163399838465363,25.512960611999915,1.3350658416748047,1.36328125
fold2_seed17,cova3d_c100_dis_fold2_seed17,C100_DIS,2,17,2061093944,d4a0237326656e46138c04693715227e0d321ed7687c89cece8f75c3bd905c05,847205ab97e42cae3711cbb424571cb4de6c30ac640f0c41b61e045bffa7af27,20,21,120,1260,0.22406868256984655,0.09438315237869498,0.12968553006649017,8467,4125,2,57,32,31,0,0,1024.0,1024.0,1024.0,5.5968252290040255,19.417221069335938,0.00014947168694575625,25.51207066799998,1.3350658416748047,1.36328125
fold2_seed17,cova3d_c100_dis_fold2_seed17,C100_DIS,2,17,2061093944,d4a0237326656e46138c04693715227e0d321ed7687c89cece8f75c3bd905c05,847205ab97e42cae3711cbb424571cb4de6c30ac640f0c41b61e045bffa7af27,21,22,120,1320,0.204252997543399,0.08508266571668172,0.11917033245166143,8016,4106,2,56,34,30,0,0,1024.0,1024.0,1024.0,5.3299059577286245,48.84922409057617,0.0001373229911595876,25.479440532999433,1.3350658416748047,1.36328125
fold2_seed17,cova3d_c100_dis_fold2_seed17,C100_DIS,2,17,2061093944,d4a0237326656e46138c04693715227e0d321ed7687c89cece8f75c3bd905c05,847205ab97e42cae3711cbb424571cb4de6c30ac640f0c41b61e045bffa7af27,22,23,120,1380,0.1729369003738763,0.0606220273625541,0.11231487294038137,8193,4153,0,61,28,31,0,0,1024.0,1024.0,1024.0,3.794884074293077,15.51278018951416,0.00012526946274844474,25.57024872800048,1.3350658416748047,1.36328125
fold2_seed17,cova3d_c100_dis_fold2_seed17,C100_DIS,2,17,2061093944,d4a0237326656e46138c04693715227e0d321ed7687c89cece8f75c3bd905c05,847205ab97e42cae3711cbb424571cb4de6c30ac640f0c41b61e045bffa7af27,23,24,120,1440,0.1594766132208523,0.0666986111226079,0.09277800271908442,8184,4172,0,65,29,26,0,0,1024.0,1024.0,1024.0,4.4145569043854875,20.14626693725586,0.00011339201459540494,25.60396804999982,1.3350658416748047,1.36328125
fold2_seed17,cova3d_c100_dis_fold2_seed17,C100_DIS,2,17,2061093944,d4a0237326656e46138c04693715227e0d321ed7687c89cece8f75c3bd905c05,847205ab97e42cae3711cbb424571cb4de6c30ac640f0c41b61e045bffa7af27,24,25,120,1500,0.17486394669950592,0.06340300397306185,0.11146094252665838,8054,3875,1,54,36,30,0,0,1024.0,1024.0,1024.0,4.360145441566904,20.92449188232422,0.00010177037759260854,25.532677623999916,1.3350658416748047,1.36328125
fold2_seed17,cova3d_c100_dis_fold2_seed17,C100_DIS,2,17,2061093944,d4a0237326656e46138c04693715227e0d321ed7687c89cece8f75c3bd905c05,847205ab97e42cae3711cbb424571cb4de6c30ac640f0c41b61e045bffa7af27,25,26,120,1560,0.17112416337697217,0.06529895480048632,0.10582520961761474,8018,3964,1,61,30,29,0,0,1024.0,1024.0,1024.0,5.991189289093017,57.42402267456055,9.048256542400759e-05,25.456114855000123,1.3350658416748047,1.36328125
fold2_seed17,cova3d_c100_dis_fold2_seed17,C100_DIS,2,17,2061093944,d4a0237326656e46138c04693715227e0d321ed7687c89cece8f75c3bd905c05,847205ab97e42cae3711cbb424571cb4de6c30ac640f0c41b61e045bffa7af27,26,27,120,1620,0.18379423443376688,0.06749430997414851,0.11629992425441742,8662,4460,1,65,27,28,0,0,1024.0,1024.0,1024.0,4.968835515032212,37.20487976074219,7.960435087538242e-05,25.442341318000217,1.3350658416748047,1.36328125
fold2_seed17,cova3d_c100_dis_fold2_seed17,C100_DIS,2,17,2061093944,d4a0237326656e46138c04693715227e0d321ed7687c89cece8f75c3bd905c05,847205ab97e42cae3711cbb424571cb4de6c30ac640f0c41b61e045bffa7af27,27,28,120,1680,0.1458921349334429,0.054649113672828493,0.09124302119016647,7731,3720,0,65,28,27,0,0,1024.0,1024.0,1024.0,5.074456031496326,53.53085708618164,6.920875718705205e-05,25.55153093699937,1.3350658416748047,1.36328125
fold2_seed17,cova3d_c100_dis_fold2_seed17,C100_DIS,2,17,2061093944,d4a0237326656e46138c04693715227e0d321ed7687c89cece8f75c3bd905c05,847205ab97e42cae3711cbb424571cb4de6c30ac640f0c41b61e045bffa7af27,28,29,120,1740,0.15741903063974844,0.06316999186492148,0.09424903839826584,8146,4246,3,60,25,35,0,0,1024.0,1024.0,1024.0,3.736548536022504,34.6749267578125,5.936556786372413e-05,25.53746908299945,1.3350658416748047,1.36328125
fold2_seed17,cova3d_c100_dis_fold2_seed17,C100_DIS,2,17,2061093944,d4a0237326656e46138c04693715227e0d321ed7687c89cece8f75c3bd905c05,847205ab97e42cae3711cbb424571cb4de6c30ac640f0c41b61e045bffa7af27,29,30,120,1800,0.15816118241013957,0.05239083157443864,0.10577035049597422,8730,4356,2,53,29,38,0,0,1024.0,1024.0,1024.0,3.60024339320759,19.101642608642578,5.014085823202989e-05,25.51072047999969,1.3350658416748047,1.36328125
fold2_seed17,cova3d_c100_dis_fold2_seed17,C100_DIS,2,17,2061093944,d4a0237326656e46138c04693715227e0d321ed7687c89cece8f75c3bd905c05,847205ab97e42cae3711cbb424571cb4de6c30ac640f0c41b61e045bffa7af27,30,31,120,1860,0.11898084396708088,0.043090258172112365,0.07589058627684911,7925,3935,1,64,28,28,0,0,1024.0,1024.0,1024.0,3.387376282395174,18.492006301879883,4.159655189030408e-05,25.406987345000744,1.3350658416748047,1.36328125
fold2_seed17,cova3d_c100_dis_fold2_seed17,C100_DIS,2,17,2061093944,d4a0237326656e46138c04693715227e0d321ed7687c89cece8f75c3bd905c05,847205ab97e42cae3711cbb424571cb4de6c30ac640f0c41b61e045bffa7af27,31,32,120,1920,0.12385917574215889,0.04786762941687221,0.07599154611428578,8140,3997,2,64,21,35,0,0,1024.0,1024.0,1024.0,3.8424010752389828,20.80404281616211,3.379000502807257e-05,25.400764712999262,1.3350658416748047,1.36328125
fold2_seed17,cova3d_c100_dis_fold2_seed17,C100_DIS,2,17,2061093944,d4a0237326656e46138c04693715227e0d321ed7687c89cece8f75c3bd905c05,847205ab97e42cae3711cbb424571cb4de6c30ac640f0c41b61e045bffa7af27,32,33,120,1980,0.11068019075135123,0.04435373820025206,0.06632645229498545,8664,4401,0,68,17,35,0,0,1024.0,1024.0,1024.0,4.7734922461522125,111.88480377197266,2.6773621405624713e-05,25.499877658000514,1.3350658416748047,1.36328125
fold2_seed17,cova3d_c100_dis_fold2_seed17,C100_DIS,2,17,2061093944,d4a0237326656e46138c04693715227e0d321ed7687c89cece8f75c3bd905c05,847205ab97e42cae3711cbb424571cb4de6c30ac640f0c41b61e045bffa7af27,33,34,120,2040,0.16506931923573626,0.04079061011752299,0.12427871028582255,7944,3847,0,53,37,30,0,0,1024.0,1024.0,1024.0,3.2145445911213755,10.61474323272705,2.059450057823627e-05,25.58231965199957,1.3350658416748047,1.36328125
fold2_seed17,cova3d_c100_dis_fold2_seed17,C100_DIS,2,17,2061093944,d4a0237326656e46138c04693715227e0d321ed7687c89cece8f75c3bd905c05,847205ab97e42cae3711cbb424571cb4de6c30ac640f0c41b61e045bffa7af27,34,35,120,2100,0.12384726005921337,0.04154508650926341,0.08230217297871907,8050,3980,2,63,25,32,0,0,1024.0,1024.0,1024.0,3.2918214219311874,15.942708969116211,1.5294121726440254e-05,25.439548428000307,1.3350658416748047,1.36328125
fold2_seed17,cova3d_c100_dis_fold2_seed17,C100_DIS,2,17,2061093944,d4a0237326656e46138c04693715227e0d321ed7687c89cece8f75c3bd905c05,847205ab97e42cae3711cbb424571cb4de6c30ac640f0c41b61e045bffa7af27,35,36,120,2160,0.13065983113142868,0.040284350708245854,0.09037548005580902,8474,4225,2,59,31,30,0,0,1024.0,1024.0,1024.0,3.3151532194266715,23.63262176513672,1.0908065214729997e-05,25.43125152599987,1.3350658416748047,1.36328125
fold2_seed17,cova3d_c100_dis_fold2_seed17,C100_DIS,2,17,2061093944,d4a0237326656e46138c04693715227e0d321ed7687c89cece8f75c3bd905c05,847205ab97e42cae3711cbb424571cb4de6c30ac640f0c41b61e045bffa7af27,36,37,120,2220,0.09255355331017663,0.024915115312453977,0.06763843794663747,8438,4149,1,66,30,24,0,0,1024.0,1024.0,1024.0,2.2117978658527138,11.108388900756836,7.465773747813819e-06,25.336657338000805,1.3350658416748047,1.36328125
fold2_seed17,cova3d_c100_dis_fold2_seed17,C100_DIS,2,17,2061093944,d4a0237326656e46138c04693715227e0d321ed7687c89cece8f75c3bd905c05,847205ab97e42cae3711cbb424571cb4de6c30ac640f0c41b61e045bffa7af27,37,38,120,2280,0.11986742922035475,0.05178645127272229,0.06808097958564759,8281,4276,1,69,26,25,0,0,1024.0,1024.0,1024.0,4.163472861579309,65.1233139038086,4.990354727730315e-06,25.408106625000073,1.3350658416748047,1.36328125
fold2_seed17,cova3d_c100_dis_fold2_seed17,C100_DIS,2,17,2061093944,d4a0237326656e46138c04693715227e0d321ed7687c89cece8f75c3bd905c05,847205ab97e42cae3711cbb424571cb4de6c30ac640f0c41b61e045bffa7af27,38,39,120,2340,0.12978356637851318,0.02882569955713453,0.10095786700646082,8518,4340,1,63,32,25,0,0,1024.0,1024.0,1024.0,2.3117551769440374,14.608098983764648,3.498425138561358e-06,25.366677126000468,1.3350658416748047,1.36328125
fold2_seed17,cova3d_c100_dis_fold2_seed17,C100_DIS,2,17,2061093944,d4a0237326656e46138c04693715227e0d321ed7687c89cece8f75c3bd905c05,847205ab97e42cae3711cbb424571cb4de6c30ac640f0c41b61e045bffa7af27,39,40,120,2400,0.1307629319245674,0.04257180195872697,0.08819113026062647,7851,3755,0,60,33,27,0,0,1024.0,1024.0,1024.0,4.00429622506102,34.01686477661133,3e-06,25.405014635999578,1.3350658416748047,1.36328125
fold2_seed17,cova3d_c100_frg_fold2_seed17,C100_FRG,2,17,2061093944,d4a0237326656e46138c04693715227e0d321ed7687c89cece8f75c3bd905c05,847205ab97e42cae3711cbb424571cb4de6c30ac640f0c41b61e045bffa7af27,0,1,120,60,2.108157603411625,1.6145347584892684,0.4936228478948275,8456,4221,1,62,26,32,3,3,512.0,4096.0,512.0,102.33961763381959,405.7619934082031,0.00017999999999999998,27.000810356999864,1.3359966278076172,1.3828125
fold2_seed17,cova3d_c100_frg_fold2_seed17,C100_FRG,2,17,2061093944,d4a0237326656e46138c04693715227e0d321ed7687c89cece8f75c3bd905c05,847205ab97e42cae3711cbb424571cb4de6c30ac640f0c41b61e045bffa7af27,1,2,120,120,1.1506989031254002,0.7907070382658276,0.3599918633699417,8306,4200,0,58,38,24,0,0,512.0,512.0,512.0,35.96144299507141,136.808837890625,0.0002999445918673937,25.834434012999736,1.3359966278076172,1.3828125
fold2_seed17,cova3d_c100_frg_fold2_seed17,C100_FRG,2,17,2061093944,d4a0237326656e46138c04693715227e0d321ed7687c89cece8f75c3bd905c05,847205ab97e42cae3711cbb424571cb4de6c30ac640f0c41b61e045bffa7af27,2,3,120,180,0.8456971477717161,0.5191505493285755,0.32654659549395243,8408,4145,1,56,33,31,0,0,512.0,512.0,512.0,14.30315256913503,47.47694396972656,0.0002991142965839822,25.676342080000722,1.3359966278076172,1.3828125
fold2_seed17,cova3d_c100_frg_fold2_seed17,C100_FRG,2,17,2061093944,d4a0237326656e46138c04693715227e0d321ed7687c89cece8f75c3bd905c05,847205ab97e42cae3711cbb424571cb4de6c30ac640f0c41b61e045bffa7af27,3,4,120,240,0.7842494471425501,0.4656325776265779,0.3186168720324834,8176,3911,1,56,34,30,0,0,512.0,512.0,512.0,12.567718863487244,65.58844757080078,0.0002972930965702204,25.596769216999746,1.3359966278076172,1.3828125
fold2_seed17,cova3d_c100_frg_fold2_seed17,C100_FRG,2,17,2061093944,d4a0237326656e46138c04693715227e0d321ed7687c89cece8f75c3bd905c05,847205ab97e42cae3711cbb424571cb4de6c30ac640f0c41b61e045bffa7af27,4,5,120,300,0.6210796358417914,0.35734910800868724,0.26373052845398587,8388,4117,1,61,36,23,0,0,512.0,512.0,512.0,9.494469638665517,35.78286361694336,0.0002944932171711482,25.588818266999624,1.3359966278076172,1.3828125
fold2_seed17,cova3d_c100_frg_fold2_seed17,C100_FRG,2,17,2061093944,d4a0237326656e46138c04693715227e0d321ed7687c89cece8f75c3bd905c05,847205ab97e42cae3711cbb424571cb4de6c30ac640f0c41b61e045bffa7af27,5,6,120,360,0.6194586334614238,0.36468631017681524,0.25477232336997985,8036,4011,2,59,32,29,0,0,512.0,512.0,512.0,10.344583002726237,34.125240325927734,0.000290733453407337,25.466096338999705,1.3359966278076172,1.3828125
fold2_seed17,cova3d_c100_frg_fold2_seed17,C100_FRG,2,17,2061093944,d4a0237326656e46138c04693715227e0d321ed7687c89cece8f75c3bd905c05,847205ab97e42cae3711cbb424571cb4de6c30ac640f0c41b61e045bffa7af27,6,7,120,420,0.5448632145841353,0.32354125768542874,0.22132196029027304,7988,3800,0,58,33,29,0,0,512.0,512.0,512.0,8.870648256937663,30.17159080505371,0.0002860390438077423,25.587890990000233,1.3359966278076172,1.3828125
fold2_seed17,cova3d_c100_frg_fold2_seed17,C100_FRG,2,17,2061093944,d4a0237326656e46138c04693715227e0d321ed7687c89cece8f75c3bd905c05,847205ab97e42cae3711cbb424571cb4de6c30ac640f0c41b61e045bffa7af27,7,8,120,480,0.4902671508719019,0.2899958325564512,0.20027131686607996,8101,3981,0,62,31,27,0,0,512.0,512.0,512.0,8.043386457363765,27.785812377929688,0.00028044150098859483,25.59720775400001,1.3359966278076172,1.3828125
fold2_seed17,cova3d_c100_frg_fold2_seed17,C100_FRG,2,17,2061093944,d4a0237326656e46138c04693715227e0d321ed7687c89cece8f75c3bd905c05,847205ab97e42cae3711cbb424571cb4de6c30ac640f0c41b61e045bffa7af27,8,9,120,540,0.4646022352227495,0.249480489322256,0.21512174556652705,8428,4206,1,59,31,30,0,0,512.0,512.0,512.0,8.0511771996816,48.620853424072266,0.0002739784001156218,25.544329957999253,1.3359966278076172,1.3828125
fold2_seed17,cova3d_c100_frg_fold2_seed17,C100_FRG,2,17,2061093944,d4a0237326656e46138c04693715227e0d321ed7687c89cece8f75c3bd905c05,847205ab97e42cae3711cbb424571cb4de6c30ac640f0c41b61e045bffa7af27,9,10,120,600,0.4144467899342999,0.21810412146539118,0.19634266793727875,8162,4027,2,53,30,37,0,0,512.0,512.0,512.0,6.67098761399587,39.763973236083984,0.0002666931266696063,25.38431809299982,1.3359966278076172,1.3828125
fold2_seed17,cova3d_c100_frg_fold2_seed17,C100_FRG,2,17,2061093944,d4a0237326656e46138c04693715227e0d321ed7687c89cece8f75c3bd905c05,847205ab97e42cae3711cbb424571cb4de6c30ac640f0c41b61e045bffa7af27,10,11,120,660,0.37296416870473575,0.19573360625169395,0.17723056077957153,8210,4067,1,59,30,31,0,0,512.0,512.0,512.0,6.683411557475726,25.94771385192871,0.0002586345852084849,25.477432650000992,1.3359966278076172,1.3828125
fold2_seed17,cova3d_c100_frg_fold2_seed17,C100_FRG,2,17,2061093944,d4a0237326656e46138c04693715227e0d321ed7687c89cece8f75c3bd905c05,847205ab97e42cae3711cbb424571cb4de6c30ac640f0c41b61e045bffa7af27,11,12,120,720,0.2830165646429881,0.16394253170806222,0.11907403270403544,8487,4337,3,72,22,26,0,0,512.0,512.0,512.0,5.498890071610609,22.982702255249023,0.0002498568710810032,25.451560930001506,1.3359966278076172,1.3828125
fold2_seed17,cova3d_c100_frg_fold2_seed17,C100_FRG,2,17,2061093944,d4a0237326656e46138c04693715227e0d321ed7687c89cece8f75c3bd905c05,847205ab97e42cae3711cbb424571cb4de6c30ac640f0c41b61e045bffa7af27,12,13,120,780,0.3306395559012041,0.16697520775154165,0.16366434792677562,8526,4332,2,56,28,36,0,0,512.0,512.0,512.0,6.187258404493332,30.994178771972656,0.0002404189072956492,25.48005455999919,1.3359966278076172,1.3828125
fold2_seed17,cova3d_c100_frg_fold2_seed17,C100_FRG,2,17,2061093944,d4a0237326656e46138c04693715227e0d321ed7687c89cece8f75c3bd905c05,847205ab97e42cae3711cbb424571cb4de6c30ac640f0c41b61e045bffa7af27,13,14,120,840,0.34216004585759946,0.18099451133578745,0.16116553594668706,8278,4169,0,51,35,34,0,0,512.0,512.0,512.0,7.15285861492157,35.73971939086914,0.00023038404898248976,25.530047194000872,1.3359966278076172,1.3828125
fold2_seed17,cova3d_c100_frg_fold2_seed17,C100_FRG,2,17,2061093944,d4a0237326656e46138c04693715227e0d321ed7687c89cece8f75c3bd905c05,847205ab97e42cae3711cbb424571cb4de6c30ac640f0c41b61e045bffa7af27,14,15,120,900,0.262913135651858,0.12339723525656154,0.13951590061187744,8042,4128,2,68,32,20,0,0,512.0,512.0,512.0,6.921943114201228,40.48280334472656,0.00021981965810307605,25.420462816999134,1.3359966278076172,1.3828125
fold2_seed17,cova3d_c100_frg_fold2_seed17,C100_FRG,2,17,2061093944,d4a0237326656e46138c04693715227e0d321ed7687c89cece8f75c3bd905c05,847205ab97e42cae3711cbb424571cb4de6c30ac640f0c41b61e045bffa7af27,15,16,120,960,0.22743488709911616,0.11605282534674188,0.111382062236468,8140,4136,1,64,31,25,0,0,512.0,512.0,512.0,5.790616803864638,32.718345642089844,0.00020879665126330557,25.455902665000394,1.3359966278076172,1.3828125
fold2_seed17,cova3d_c100_frg_fold2_seed17,C100_FRG,2,17,2061093944,d4a0237326656e46138c04693715227e0d321ed7687c89cece8f75c3bd905c05,847205ab97e42cae3711cbb424571cb4de6c30ac640f0c41b61e045bffa7af27,16,17,120,1020,0.26826024855824165,0.12690148768633663,0.1413587619860967,8013,4024,1,58,32,30,0,0,512.0,512.0,512.0,6.490624181429545,54.49324035644531,0.00019738902366467966,25.535551334000047,1.3359966278076172,1.3828125
fold2_seed17,cova3d_c100_frg_fold2_seed17,C100_FRG,2,17,2061093944,d4a0237326656e46138c04693715227e0d321ed7687c89cece8f75c3bd905c05,847205ab97e42cae3711cbb424571cb4de6c30ac640f0c41b61e045bffa7af27,17,18,120,1080,0.22368282124451563,0.11132400974434138,0.11235881298780441,7975,4190,1,59,26,35,0,0,512.0,512.0,512.0,6.40102866590023,67.46856689453125,0.00018567335238957547,25.541007595000337,1.3359966278076172,1.3828125
fold2_seed17,cova3d_c100_frg_fold2_seed17,C100_FRG,2,17,2061093944,d4a0237326656e46138c04693715227e0d321ed7687c89cece8f75c3bd905c05,847205ab97e42cae3711cbb424571cb4de6c30ac640f0c41b61e045bffa7af27,18,19,120,1140,0.21561112516438546,0.09911407317456451,0.11649705171585083,8206,4189,1,62,29,29,0,0,512.0,512.0,512.0,5.207992763568957,21.55276870727539,0.0001737282823548769,25.3955437279983,1.3359966278076172,1.3828125
fold2_seed17,cova3d_c100_frg_fold2_seed17,C100_FRG,2,17,2061093944,d4a0237326656e46138c04693715227e0d321ed7687c89cece8f75c3bd905c05,847205ab97e42cae3711cbb424571cb4de6c30ac640f0c41b61e045bffa7af27,19,20,120,1200,0.19860000159418026,0.07973704197326394,0.11886296023925146,7930,3966,1,63,28,29,0,0,512.0,512.0,512.0,5.451363471895457,32.70037078857422,0.00016163399838465363,25.333963032999236,1.3359966278076172,1.3828125
fold2_seed17,cova3d_c100_frg_fold2_seed17,C100_FRG,2,17,2061093944,d4a0237326656e46138c04693715227e0d321ed7687c89cece8f75c3bd905c05,847205ab97e42cae3711cbb424571cb4de6c30ac640f0c41b61e045bffa7af27,20,21,120,1260,0.19842550341972354,0.07645067800157675,0.12197482387224833,8347,4060,2,57,32,31,0,0,512.0,512.0,512.0,4.91454797697564,23.921363830566406,0.00014947168694575625,25.42186510799911,1.3359966278076172,1.3828125
fold2_seed17,cova3d_c100_frg_fold2_seed17,C100_FRG,2,17,2061093944,d4a0237326656e46138c04693715227e0d321ed7687c89cece8f75c3bd905c05,847205ab97e42cae3711cbb424571cb4de6c30ac640f0c41b61e045bffa7af27,21,22,120,1320,0.19128013729658302,0.07356784779232486,0.11771228909492493,7982,4026,2,56,34,30,0,0,512.0,512.0,512.0,6.07491089887917,47.55620193481445,0.0001373229911595876,25.426457563999065,1.3359966278076172,1.3828125
fold2_seed17,cova3d_c100_frg_fold2_seed17,C100_FRG,2,17,2061093944,d4a0237326656e46138c04693715227e0d321ed7687c89cece8f75c3bd905c05,847205ab97e42cae3711cbb424571cb4de6c30ac640f0c41b61e045bffa7af27,22,23,120,1380,0.15998512307420304,0.05268829545470315,0.1072968269387881,8003,4077,0,61,28,31,0,0,512.0,512.0,512.0,3.9045822280459106,12.70248031616211,0.00012526946274844474,25.346290170999055,1.3359966278076172,1.3828125
fold2_seed17,cova3d_c100_frg_fold2_seed17,C100_FRG,2,17,2061093944,d4a0237326656e46138c04693715227e0d321ed7687c89cece8f75c3bd905c05,847205ab97e42cae3711cbb424571cb4de6c30ac640f0c41b61e045bffa7af27,23,24,120,1440,0.1478062631735871,0.06036700814087933,0.08743925392627716,8206,4172,0,65,29,26,0,0,512.0,512.0,512.0,3.944678071451684,28.977245330810547,0.00011339201459540494,25.413572462000957,1.3359966278076172,1.3828125
fold2_seed17,cova3d_c100_frg_fold2_seed17,C100_FRG,2,17,2061093944,d4a0237326656e46138c04693715227e0d321ed7687c89cece8f75c3bd905c05,847205ab97e42cae3711cbb424571cb4de6c30ac640f0c41b61e045bffa7af27,24,25,120,1500,0.17187295240886064,0.06383829063297526,0.10803466240564982,7973,3852,1,54,36,30,0,0,512.0,512.0,512.0,5.085669474676251,38.092830657958984,0.00010177037759260854,25.291583188000004,1.3359966278076172,1.3828125
fold2_seed17,cova3d_c100_frg_fold2_seed17,C100_FRG,2,17,2061093944,d4a0237326656e46138c04693715227e0d321ed7687c89cece8f75c3bd905c05,847205ab97e42cae3711cbb424571cb4de6c30ac640f0c41b61e045bffa7af27,25,26,120,1560,0.15281416287585897,0.054243443285361084,0.09857071886459987,8049,3959,1,61,30,29,0,0,512.0,512.0,512.0,4.692088303714991,21.722225189208984,9.048256542400759e-05,25.330585634999807,1.3359966278076172,1.3828125
fold2_seed17,cova3d_c100_frg_fold2_seed17,C100_FRG,2,17,2061093944,d4a0237326656e46138c04693715227e0d321ed7687c89cece8f75c3bd905c05,847205ab97e42cae3711cbb424571cb4de6c30ac640f0c41b61e045bffa7af27,26,27,120,1620,0.1670221144897923,0.05700018029816508,0.11002193440993627,8554,4356,1,65,27,28,0,0,512.0,512.0,512.0,5.098761520286401,44.81317138671875,7.960435087538242e-05,25.366693342000872,1.3359966278076172,1.3828125
fold2_seed17,cova3d_c100_frg_fold2_seed17,C100_FRG,2,17,2061093944,d4a0237326656e46138c04693715227e0d321ed7687c89cece8f75c3bd905c05,847205ab97e42cae3711cbb424571cb4de6c30ac640f0c41b61e045bffa7af27,27,28,120,1680,0.12984025956262654,0.043977299424191915,0.08586296041806539,7887,3825,0,65,28,27,0,0,512.0,512.0,512.0,4.372915946568052,33.28099060058594,6.920875718705205e-05,25.33134511500066,1.3359966278076172,1.3828125
fold2_seed17,cova3d_c100_frg_fold2_seed17,C100_FRG,2,17,2061093944,d4a0237326656e46138c04693715227e0d321ed7687c89cece8f75c3bd905c05,847205ab97e42cae3711cbb424571cb4de6c30ac640f0c41b61e045bffa7af27,28,29,120,1740,0.14156757429395603,0.05455215155314429,0.08701542367537816,8197,4279,3,60,25,35,0,0,512.0,512.0,512.0,4.931561935615416,83.18863677978516,5.936556786372413e-05,25.241957389000163,1.3359966278076172,1.3828125
fold2_seed17,cova3d_c100_frg_fold2_seed17,C100_FRG,2,17,2061093944,d4a0237326656e46138c04693715227e0d321ed7687c89cece8f75c3bd905c05,847205ab97e42cae3711cbb424571cb4de6c30ac640f0c41b61e045bffa7af27,29,30,120,1800,0.1415782946200141,0.04299576244827792,0.09858253200848897,8697,4291,2,53,29,38,0,0,512.0,512.0,512.0,4.125776167848381,50.21403884887695,5.014085823202989e-05,25.244145673001185,1.3359966278076172,1.3828125
fold2_seed17,cova3d_c100_frg_fold2_seed17,C100_FRG,2,17,2061093944,d4a0237326656e46138c04693715227e0d321ed7687c89cece8f75c3bd905c05,847205ab97e42cae3711cbb424571cb4de6c30ac640f0c41b61e045bffa7af27,30,31,120,1860,0.1132663065559503,0.03804175168147784,0.07522455503543218,7915,3898,1,64,28,28,0,0,512.0,512.0,512.0,3.9256194958463313,52.546165466308594,4.159655189030408e-05,25.257218445000035,1.3359966278076172,1.3828125
fold2_seed17,cova3d_c100_frg_fold2_seed17,C100_FRG,2,17,2061093944,d4a0237326656e46138c04693715227e0d321ed7687c89cece8f75c3bd905c05,847205ab97e42cae3711cbb424571cb4de6c30ac640f0c41b61e045bffa7af27,31,32,120,1920,0.12007072579751679,0.04025999917637222,0.07981072664260865,8238,4064,2,64,21,35,0,0,512.0,512.0,512.0,5.343758018066485,59.66468811035156,3.379000502807257e-05,25.41033427000002,1.3359966278076172,1.3828125
fold2_seed17,cova3d_c100_frg_fold2_seed17,C100_FRG,2,17,2061093944,d4a0237326656e46138c04693715227e0d321ed7687c89cece8f75c3bd905c05,847205ab97e42cae3711cbb424571cb4de6c30ac640f0c41b61e045bffa7af27,32,33,120,1980,0.10394704779981025,0.0426298885617936,0.06131716072559357,8680,4406,0,68,17,35,0,0,512.0,512.0,512.0,5.076072657294572,93.6448745727539,2.6773621405624713e-05,25.305155644999104,1.3359966278076172,1.3828125
fold2_seed17,cova3d_c100_frg_fold2_seed17,C100_FRG,2,17,2061093944,d4a0237326656e46138c04693715227e0d321ed7687c89cece8f75c3bd905c05,847205ab97e42cae3711cbb424571cb4de6c30ac640f0c41b61e045bffa7af27,33,34,120,2040,0.16603046883307496,0.04282106145577321,0.12320940842231115,8353,4118,0,53,37,30,0,0,512.0,512.0,512.0,4.1252648041894036,45.53748321533203,2.059450057823627e-05,25.32942436600024,1.3359966278076172,1.3828125
fold2_seed17,cova3d_c100_frg_fold2_seed17,C100_FRG,2,17,2061093944,d4a0237326656e46138c04693715227e0d321ed7687c89cece8f75c3bd905c05,847205ab97e42cae3711cbb424571cb4de6c30ac640f0c41b61e045bffa7af27,34,35,120,2100,0.12111159485990951,0.03459765847795389,0.08651393751303355,8022,4001,2,63,25,32,0,0,512.0,512.0,512.0,4.0486221132179105,40.26276397705078,1.5294121726440254e-05,25.24768590399981,1.3359966278076172,1.3828125
fold2_seed17,cova3d_c100_frg_fold2_seed17,C100_FRG,2,17,2061093944,d4a0237326656e46138c04693715227e0d321ed7687c89cece8f75c3bd905c05,847205ab97e42cae3711cbb424571cb4de6c30ac640f0c41b61e045bffa7af27,35,36,120,2160,0.12882405253874413,0.028761747949443365,0.1000623052318891,8440,4207,2,59,31,30,0,0,512.0,512.0,512.0,2.851574785572787,19.685523986816406,1.0908065214729997e-05,25.289966400001504,1.3359966278076172,1.3828125
fold2_seed17,cova3d_c100_frg_fold2_seed17,C100_FRG,2,17,2061093944,d4a0237326656e46138c04693715227e0d321ed7687c89cece8f75c3bd905c05,847205ab97e42cae3711cbb424571cb4de6c30ac640f0c41b61e045bffa7af27,36,37,120,2220,0.10592742384337897,0.031619208333845766,0.07430821508169175,8366,4070,1,66,30,24,0,0,512.0,512.0,512.0,2.7274314149981365,23.662704467773438,7.465773747813819e-06,25.268327005000174,1.3359966278076172,1.3828125
fold2_seed17,cova3d_c100_frg_fold2_seed17,C100_FRG,2,17,2061093944,d4a0237326656e46138c04693715227e0d321ed7687c89cece8f75c3bd905c05,847205ab97e42cae3711cbb424571cb4de6c30ac640f0c41b61e045bffa7af27,37,38,120,2280,0.0888222004772919,0.030508249187035697,0.05831395089626312,8158,4189,1,69,26,25,0,0,512.0,512.0,512.0,3.545843439921737,53.72133255004883,4.990354727730315e-06,25.282016182000007,1.3359966278076172,1.3828125
fold2_seed17,cova3d_c100_frg_fold2_seed17,C100_FRG,2,17,2061093944,d4a0237326656e46138c04693715227e0d321ed7687c89cece8f75c3bd905c05,847205ab97e42cae3711cbb424571cb4de6c30ac640f0c41b61e045bffa7af27,38,39,120,2340,0.12493049843735203,0.024349493409972597,0.10058100571235021,8658,4432,1,63,32,25,0,0,512.0,512.0,512.0,2.7998621829164523,15.314330101013184,3.498425138561358e-06,25.20205225600148,1.3359966278076172,1.3828125
fold2_seed17,cova3d_c100_frg_fold2_seed17,C100_FRG,2,17,2061093944,d4a0237326656e46138c04693715227e0d321ed7687c89cece8f75c3bd905c05,847205ab97e42cae3711cbb424571cb4de6c30ac640f0c41b61e045bffa7af27,39,40,120,2400,0.10205960635181081,0.02625937618896128,0.07580023109912873,7844,3730,0,60,33,27,0,0,512.0,512.0,512.0,3.2735467643321803,11.757454872131348,3e-06,25.24099320300047,1.3359966278076172,1.3828125
