batch_id,run_id,condition,outer_fold,seed,initialization_seed,shared_initialization_sha256,paired_plan_sha256,epoch,epoch_1based,logical_microbatches,successful_optimizer_steps_total,mean_loss,mean_partial_bce,mean_partial_dice_fp32,labelled_voxels_seen,foreground_voxels_seen,zero_label_microbatches,foreground_centered,background_centered,uniform_crop,amp_overflow_events,amp_retry_attempts,amp_scale_min,amp_scale_max,amp_scale_end,mean_preclip_grad_norm,max_preclip_grad_norm,learning_rate_end,epoch_seconds,peak_allocated_gb,peak_reserved_gb
fold2_seed29,cova3d_c50_coh_fold2_seed29,C50_COH,2,29,2393148140,66debcb96516daec0fcb35bc1b8f437440b8d8ccfe3f1f8a21ab8ac53167bc2e,b88eaa2f52c0d52b0218d4deb251d418a76fcd733a95ce69eec3da1ac08896b6,0,1,120,60,3.1747629726926485,2.457631342827032,0.7171316191554069,8880,4702,1,60,31,29,2,2,1024.0,4096.0,1024.0,93.2512393951416,352.2578125,0.00017999999999999998,26.20569328900001,1.3336772918701172,1.361328125
fold2_seed29,cova3d_c50_coh_fold2_seed29,C50_COH,2,29,2393148140,66debcb96516daec0fcb35bc1b8f437440b8d8ccfe3f1f8a21ab8ac53167bc2e,b88eaa2f52c0d52b0218d4deb251d418a76fcd733a95ce69eec3da1ac08896b6,1,2,120,120,1.0551836538579664,0.722534595897984,0.3326490590969721,8644,4549,3,60,33,27,0,0,1024.0,1024.0,1024.0,28.166314697265626,152.20533752441406,0.0002999445918673937,23.719074958999954,1.3336772918701172,1.361328125
fold2_seed29,cova3d_c50_coh_fold2_seed29,C50_COH,2,29,2393148140,66debcb96516daec0fcb35bc1b8f437440b8d8ccfe3f1f8a21ab8ac53167bc2e,b88eaa2f52c0d52b0218d4deb251d418a76fcd733a95ce69eec3da1ac08896b6,2,3,120,180,0.752332661296532,0.41959721433766695,0.33273544708887737,8073,4125,1,59,30,31,0,0,1024.0,1024.0,1024.0,12.789143959681192,54.19929504394531,0.0002991142965839822,24.323202100000003,1.3336772918701172,1.361328125
fold2_seed29,cova3d_c50_coh_fold2_seed29,C50_COH,2,29,2393148140,66debcb96516daec0fcb35bc1b8f437440b8d8ccfe3f1f8a21ab8ac53167bc2e,b88eaa2f52c0d52b0218d4deb251d418a76fcd733a95ce69eec3da1ac08896b6,3,4,120,240,0.6086037654259902,0.35778583624924065,0.25081792920827867,8920,4597,2,58,31,31,0,0,1024.0,1024.0,1024.0,8.805765600378315,37.90101623535156,0.0002972930965702204,25.05579457400006,1.3336772918701172,1.361328125
fold2_seed29,cova3d_c50_coh_fold2_seed29,C50_COH,2,29,2393148140,66debcb96516daec0fcb35bc1b8f437440b8d8ccfe3f1f8a21ab8ac53167bc2e,b88eaa2f52c0d52b0218d4deb251d418a76fcd733a95ce69eec3da1ac08896b6,4,5,120,300,0.47367417745141815,0.25401402476345536,0.21966015050808588,8635,4672,2,62,29,29,0,0,1024.0,1024.0,1024.0,6.711319221556186,26.84274673461914,0.0002944932171711482,25.934235108000053,1.3336772918701172,1.361328125
fold2_seed29,cova3d_c50_coh_fold2_seed29,C50_COH,2,29,2393148140,66debcb96516daec0fcb35bc1b8f437440b8d8ccfe3f1f8a21ab8ac53167bc2e,b88eaa2f52c0d52b0218d4deb251d418a76fcd733a95ce69eec3da1ac08896b6,5,6,120,360,0.4865893869054465,0.215094635815088,0.27149474968512854,8035,4050,3,53,33,34,0,0,1024.0,1024.0,1024.0,6.126593369245529,30.282676696777344,0.000290733453407337,26.655191339999988,1.3336772918701172,1.361328125
fold2_seed29,cova3d_c50_coh_fold2_seed29,C50_COH,2,29,2393148140,66debcb96516daec0fcb35bc1b8f437440b8d8ccfe3f1f8a21ab8ac53167bc2e,b88eaa2f52c0d52b0218d4deb251d418a76fcd733a95ce69eec3da1ac08896b6,6,7,120,420,0.34195245611196395,0.16725867143019665,0.17469378312428793,8366,4115,5,56,35,29,0,0,1024.0,1024.0,1024.0,5.903060374719401,16.27460289001465,0.0002860390438077423,26.411898396000083,1.3336772918701172,1.361328125
fold2_seed29,cova3d_c50_coh_fold2_seed29,C50_COH,2,29,2393148140,66debcb96516daec0fcb35bc1b8f437440b8d8ccfe3f1f8a21ab8ac53167bc2e,b88eaa2f52c0d52b0218d4deb251d418a76fcd733a95ce69eec3da1ac08896b6,7,8,120,480,0.3725647579092765,0.16978011961988765,0.20278463910023373,8845,4564,2,63,26,31,0,0,1024.0,1024.0,1024.0,5.896075864136219,17.900007247924805,0.00028044150098859483,26.043943636000108,1.3336772918701172,1.361328125
fold2_seed29,cova3d_c50_coh_fold2_seed29,C50_COH,2,29,2393148140,66debcb96516daec0fcb35bc1b8f437440b8d8ccfe3f1f8a21ab8ac53167bc2e,b88eaa2f52c0d52b0218d4deb251d418a76fcd733a95ce69eec3da1ac08896b6,8,9,120,540,0.35010308325630224,0.1258238139718742,0.22427926907936732,8606,4363,2,54,24,42,0,0,1024.0,1024.0,1024.0,4.45100380765895,18.05598258972168,0.0002739784001156218,26.32856798199998,1.3336772918701172,1.361328125
fold2_seed29,cova3d_c50_coh_fold2_seed29,C50_COH,2,29,2393148140,66debcb96516daec0fcb35bc1b8f437440b8d8ccfe3f1f8a21ab8ac53167bc2e,b88eaa2f52c0d52b0218d4deb251d418a76fcd733a95ce69eec3da1ac08896b6,9,10,120,600,0.31477529532130577,0.11117742605765671,0.20359786997238796,8435,4281,0,59,29,32,0,0,1024.0,1024.0,1024.0,4.634441438565651,20.001312255859375,0.0002666931266696063,26.371423495000045,1.3336772918701172,1.361328125
fold2_seed29,cova3d_c50_coh_fold2_seed29,C50_COH,2,29,2393148140,66debcb96516daec0fcb35bc1b8f437440b8d8ccfe3f1f8a21ab8ac53167bc2e,b88eaa2f52c0d52b0218d4deb251d418a76fcd733a95ce69eec3da1ac08896b6,10,11,120,660,0.30724212159788444,0.12030720331905513,0.18693491766850154,8432,4251,3,56,38,26,0,0,1024.0,1024.0,1024.0,5.605834618317506,33.26697540283203,0.0002586345852084849,26.066673166999863,1.3336772918701172,1.361328125
fold2_seed29,cova3d_c50_coh_fold2_seed29,C50_COH,2,29,2393148140,66debcb96516daec0fcb35bc1b8f437440b8d8ccfe3f1f8a21ab8ac53167bc2e,b88eaa2f52c0d52b0218d4deb251d418a76fcd733a95ce69eec3da1ac08896b6,11,12,120,720,0.27408590704184427,0.09526957269856477,0.17881633341312408,8438,4119,4,56,30,34,0,0,1024.0,1024.0,1024.0,4.8584025910958495,37.637062072753906,0.0002498568710810032,26.287117008999985,1.3336772918701172,1.361328125
fold2_seed29,cova3d_c50_coh_fold2_seed29,C50_COH,2,29,2393148140,66debcb96516daec0fcb35bc1b8f437440b8d8ccfe3f1f8a21ab8ac53167bc2e,b88eaa2f52c0d52b0218d4deb251d418a76fcd733a95ce69eec3da1ac08896b6,12,13,120,780,0.2490518770699603,0.08807430781986329,0.16097756673892338,8649,4535,0,62,31,27,0,0,1024.0,1024.0,1024.0,4.736298202847441,14.717822074890137,0.0002404189072956492,26.34387331500011,1.3336772918701172,1.361328125
fold2_seed29,cova3d_c50_coh_fold2_seed29,C50_COH,2,29,2393148140,66debcb96516daec0fcb35bc1b8f437440b8d8ccfe3f1f8a21ab8ac53167bc2e,b88eaa2f52c0d52b0218d4deb251d418a76fcd733a95ce69eec3da1ac08896b6,13,14,120,840,0.23737747754908203,0.07293010513940128,0.1644473726550738,8671,4630,0,55,34,31,0,0,1024.0,1024.0,1024.0,3.867766449103753,20.308483123779297,0.00023038404898248976,26.227191112000128,1.3336772918701172,1.361328125
fold2_seed29,cova3d_c50_coh_fold2_seed29,C50_COH,2,29,2393148140,66debcb96516daec0fcb35bc1b8f437440b8d8ccfe3f1f8a21ab8ac53167bc2e,b88eaa2f52c0d52b0218d4deb251d418a76fcd733a95ce69eec3da1ac08896b6,14,15,120,900,0.20177574898597114,0.07073670399349616,0.13103904525438945,8491,4309,5,60,27,33,0,0,1024.0,1024.0,1024.0,4.954605693804721,45.00909423828125,0.00021981965810307605,26.094807908999883,1.3336772918701172,1.361328125
fold2_seed29,cova3d_c50_coh_fold2_seed29,C50_COH,2,29,2393148140,66debcb96516daec0fcb35bc1b8f437440b8d8ccfe3f1f8a21ab8ac53167bc2e,b88eaa2f52c0d52b0218d4deb251d418a76fcd733a95ce69eec3da1ac08896b6,15,16,120,960,0.19334034173102263,0.06830011804912886,0.12504022469123205,8501,4356,3,74,20,26,0,0,1024.0,1024.0,1024.0,4.221984627540223,41.99305725097656,0.00020879665126330557,26.223367938000138,1.3336772918701172,1.361328125
fold2_seed29,cova3d_c50_coh_fold2_seed29,C50_COH,2,29,2393148140,66debcb96516daec0fcb35bc1b8f437440b8d8ccfe3f1f8a21ab8ac53167bc2e,b88eaa2f52c0d52b0218d4deb251d418a76fcd733a95ce69eec3da1ac08896b6,16,17,120,1020,0.1589304194138002,0.041425985233815035,0.11750443428754806,9084,4839,2,68,31,21,0,0,1024.0,1024.0,1024.0,2.354675345378928,13.964776992797852,0.00019738902366467966,26.240224330000046,1.3336772918701172,1.361328125
fold2_seed29,cova3d_c50_coh_fold2_seed29,C50_COH,2,29,2393148140,66debcb96516daec0fcb35bc1b8f437440b8d8ccfe3f1f8a21ab8ac53167bc2e,b88eaa2f52c0d52b0218d4deb251d418a76fcd733a95ce69eec3da1ac08896b6,17,18,120,1080,0.16529319888725644,0.04084922196892045,0.12444397658109665,8464,4306,3,64,31,25,0,0,1024.0,1024.0,1024.0,3.8130723861511795,35.208709716796875,0.00018567335238957547,26.122845826999992,1.3336772918701172,1.361328125
fold2_seed29,cova3d_c50_coh_fold2_seed29,C50_COH,2,29,2393148140,66debcb96516daec0fcb35bc1b8f437440b8d8ccfe3f1f8a21ab8ac53167bc2e,b88eaa2f52c0d52b0218d4deb251d418a76fcd733a95ce69eec3da1ac08896b6,18,19,120,1140,0.25349066557346495,0.06777086596012888,0.18571979999542237,8530,4182,2,51,39,30,0,0,1024.0,1024.0,1024.0,6.0519140109419824,43.7575569152832,0.0001737282823548769,26.19519907599988,1.3336772918701172,1.361328125
fold2_seed29,cova3d_c50_coh_fold2_seed29,C50_COH,2,29,2393148140,66debcb96516daec0fcb35bc1b8f437440b8d8ccfe3f1f8a21ab8ac53167bc2e,b88eaa2f52c0d52b0218d4deb251d418a76fcd733a95ce69eec3da1ac08896b6,19,20,120,1200,0.15721284343249606,0.046645309705630106,0.11056753446658453,8453,4428,0,61,32,27,0,0,1024.0,1024.0,1024.0,3.6559677461162208,29.29910659790039,0.00016163399838465363,26.019958591000204,1.3336772918701172,1.361328125
fold2_seed29,cova3d_c50_coh_fold2_seed29,C50_COH,2,29,2393148140,66debcb96516daec0fcb35bc1b8f437440b8d8ccfe3f1f8a21ab8ac53167bc2e,b88eaa2f52c0d52b0218d4deb251d418a76fcd733a95ce69eec3da1ac08896b6,20,21,120,1260,0.1406811393885474,0.03829871562832139,0.10238242497046789,8537,4428,1,63,23,34,0,0,1024.0,1024.0,1024.0,4.297845444222912,26.898244857788086,0.00014947168694575625,26.120993360000057,1.3336772918701172,1.361328125
fold2_seed29,cova3d_c50_coh_fold2_seed29,C50_COH,2,29,2393148140,66debcb96516daec0fcb35bc1b8f437440b8d8ccfe3f1f8a21ab8ac53167bc2e,b88eaa2f52c0d52b0218d4deb251d418a76fcd733a95ce69eec3da1ac08896b6,21,22,120,1320,0.20673182293098863,0.04183762242650134,0.164894200861454,8554,4562,4,49,32,39,0,0,1024.0,1024.0,1024.0,4.223177537446221,43.55466842651367,0.0001373229911595876,26.133289530999946,1.3336772918701172,1.361328125
fold2_seed29,cova3d_c50_coh_fold2_seed29,C50_COH,2,29,2393148140,66debcb96516daec0fcb35bc1b8f437440b8d8ccfe3f1f8a21ab8ac53167bc2e,b88eaa2f52c0d52b0218d4deb251d418a76fcd733a95ce69eec3da1ac08896b6,22,23,120,1380,0.16269195635799322,0.03941650962672038,0.1232754463950793,8800,4605,0,57,29,34,0,0,1024.0,1024.0,1024.0,3.0387683731435877,30.4263973236084,0.00012526946274844474,26.000510306000024,1.3336772918701172,1.361328125
fold2_seed29,cova3d_c50_coh_fold2_seed29,C50_COH,2,29,2393148140,66debcb96516daec0fcb35bc1b8f437440b8d8ccfe3f1f8a21ab8ac53167bc2e,b88eaa2f52c0d52b0218d4deb251d418a76fcd733a95ce69eec3da1ac08896b6,23,24,120,1440,0.18816324672522783,0.05037093421953541,0.13779231309890747,8221,4219,1,50,31,39,0,0,1024.0,1024.0,1024.0,5.262229215012242,31.343595504760742,0.00011339201459540494,26.046306130999938,1.3336772918701172,1.361328125
fold2_seed29,cova3d_c50_coh_fold2_seed29,C50_COH,2,29,2393148140,66debcb96516daec0fcb35bc1b8f437440b8d8ccfe3f1f8a21ab8ac53167bc2e,b88eaa2f52c0d52b0218d4deb251d418a76fcd733a95ce69eec3da1ac08896b6,24,25,120,1500,0.10978763903037642,0.034771809097041764,0.0750158300002416,8966,4513,1,61,30,29,0,0,1024.0,1024.0,1024.0,4.660466269636527,52.62223815917969,0.00010177037759260854,26.068515597999976,1.3336772918701172,1.361328125
fold2_seed29,cova3d_c50_coh_fold2_seed29,C50_COH,2,29,2393148140,66debcb96516daec0fcb35bc1b8f437440b8d8ccfe3f1f8a21ab8ac53167bc2e,b88eaa2f52c0d52b0218d4deb251d418a76fcd733a95ce69eec3da1ac08896b6,25,26,120,1560,0.13703205524364026,0.04560215817447298,0.0914298951625824,9007,4530,1,56,31,33,0,0,1024.0,1024.0,1024.0,5.214868028578349,93.63743591308594,9.048256542400759e-05,26.222918258999925,1.3336772918701172,1.361328125
fold2_seed29,cova3d_c50_coh_fold2_seed29,C50_COH,2,29,2393148140,66debcb96516daec0fcb35bc1b8f437440b8d8ccfe3f1f8a21ab8ac53167bc2e,b88eaa2f52c0d52b0218d4deb251d418a76fcd733a95ce69eec3da1ac08896b6,26,27,120,1620,0.10439059818911609,0.02566146855917116,0.07872912933429083,8721,4531,0,52,38,30,0,0,1024.0,1024.0,1024.0,2.3133632000070063,14.368306159973145,7.960435087538242e-05,26.032152199999928,1.3336772918701172,1.361328125
fold2_seed29,cova3d_c50_coh_fold2_seed29,C50_COH,2,29,2393148140,66debcb96516daec0fcb35bc1b8f437440b8d8ccfe3f1f8a21ab8ac53167bc2e,b88eaa2f52c0d52b0218d4deb251d418a76fcd733a95ce69eec3da1ac08896b6,27,28,120,1680,0.09513959490416593,0.018796924591056186,0.07634267061948777,8861,4703,1,66,30,24,0,0,1024.0,1024.0,1024.0,3.506708623536785,33.57748794555664,6.920875718705205e-05,26.08026370100015,1.3336772918701172,1.361328125
fold2_seed29,cova3d_c50_coh_fold2_seed29,C50_COH,2,29,2393148140,66debcb96516daec0fcb35bc1b8f437440b8d8ccfe3f1f8a21ab8ac53167bc2e,b88eaa2f52c0d52b0218d4deb251d418a76fcd733a95ce69eec3da1ac08896b6,28,29,120,1740,0.08046308766359522,0.016399352608054956,0.06406373530626297,8811,4524,1,60,27,33,0,0,1024.0,1024.0,1024.0,3.995441976242,35.311885833740234,5.936556786372413e-05,26.006796196000096,1.3336772918701172,1.361328125
fold2_seed29,cova3d_c50_coh_fold2_seed29,C50_COH,2,29,2393148140,66debcb96516daec0fcb35bc1b8f437440b8d8ccfe3f1f8a21ab8ac53167bc2e,b88eaa2f52c0d52b0218d4deb251d418a76fcd733a95ce69eec3da1ac08896b6,29,30,120,1800,0.06223333951345174,0.014573629768214767,0.04765970955292384,8951,4509,3,61,26,33,0,0,1024.0,1024.0,1024.0,1.9561663689130606,29.257755279541016,5.014085823202989e-05,25.902600291,1.3336772918701172,1.361328125
fold2_seed29,cova3d_c50_coh_fold2_seed29,C50_COH,2,29,2393148140,66debcb96516daec0fcb35bc1b8f437440b8d8ccfe3f1f8a21ab8ac53167bc2e,b88eaa2f52c0d52b0218d4deb251d418a76fcd733a95ce69eec3da1ac08896b6,30,31,120,1860,0.07196271388431491,0.014317615899560912,0.057645096878210705,8261,4295,0,63,32,25,0,0,1024.0,1024.0,1024.0,2.4553701118251725,39.38539505004883,4.159655189030408e-05,26.00152953299994,1.3336772918701172,1.361328125
fold2_seed29,cova3d_c50_coh_fold2_seed29,C50_COH,2,29,2393148140,66debcb96516daec0fcb35bc1b8f437440b8d8ccfe3f1f8a21ab8ac53167bc2e,b88eaa2f52c0d52b0218d4deb251d418a76fcd733a95ce69eec3da1ac08896b6,31,32,120,1920,0.09614884031359304,0.018840782034590647,0.0773080587387085,8152,4137,1,56,27,37,0,0,1024.0,1024.0,1024.0,4.261558510884186,72.61021423339844,3.379000502807257e-05,25.964991843000007,1.3336772918701172,1.361328125
fold2_seed29,cova3d_c50_coh_fold2_seed29,C50_COH,2,29,2393148140,66debcb96516daec0fcb35bc1b8f437440b8d8ccfe3f1f8a21ab8ac53167bc2e,b88eaa2f52c0d52b0218d4deb251d418a76fcd733a95ce69eec3da1ac08896b6,32,33,120,1980,0.06688945159426099,0.015118394632388456,0.05177105714877447,9321,4989,0,63,30,27,0,0,1024.0,1024.0,1024.0,5.513852239268211,62.23680877685547,2.6773621405624713e-05,26.065003239999896,1.3336772918701172,1.361328125
fold2_seed29,cova3d_c50_coh_fold2_seed29,C50_COH,2,29,2393148140,66debcb96516daec0fcb35bc1b8f437440b8d8ccfe3f1f8a21ab8ac53167bc2e,b88eaa2f52c0d52b0218d4deb251d418a76fcd733a95ce69eec3da1ac08896b6,33,34,120,2040,0.08547962751181086,0.01095638480823523,0.07452324281136195,8852,4449,2,54,29,37,0,0,1024.0,1024.0,1024.0,2.7843886278530894,40.14780807495117,2.059450057823627e-05,25.91969064,1.3336772918701172,1.361328125
fold2_seed29,cova3d_c50_coh_fold2_seed29,C50_COH,2,29,2393148140,66debcb96516daec0fcb35bc1b8f437440b8d8ccfe3f1f8a21ab8ac53167bc2e,b88eaa2f52c0d52b0218d4deb251d418a76fcd733a95ce69eec3da1ac08896b6,34,35,120,2100,0.05458476492759832,0.014251832211755366,0.0403329332669576,8454,4169,0,61,30,29,0,0,1024.0,1024.0,1024.0,3.3245394193062867,49.43315505981445,1.5294121726440254e-05,25.906593712999893,1.3336772918701172,1.361328125
fold2_seed29,cova3d_c50_coh_fold2_seed29,C50_COH,2,29,2393148140,66debcb96516daec0fcb35bc1b8f437440b8d8ccfe3f1f8a21ab8ac53167bc2e,b88eaa2f52c0d52b0218d4deb251d418a76fcd733a95ce69eec3da1ac08896b6,35,36,120,2160,0.061246752734533054,0.014789996627235695,0.046456756194432576,8599,4394,3,58,31,31,0,0,1024.0,1024.0,1024.0,5.6878792022775695,105.26211547851562,1.0908065214729997e-05,25.87261603700017,1.3336772918701172,1.361328125
fold2_seed29,cova3d_c50_coh_fold2_seed29,C50_COH,2,29,2393148140,66debcb96516daec0fcb35bc1b8f437440b8d8ccfe3f1f8a21ab8ac53167bc2e,b88eaa2f52c0d52b0218d4deb251d418a76fcd733a95ce69eec3da1ac08896b6,36,37,120,2220,0.04049358084598415,0.014882223301461018,0.025611357887585957,8894,4627,0,51,34,35,0,0,1024.0,1024.0,1024.0,3.171673918393208,78.68450927734375,7.465773747813819e-06,25.774800417999813,1.3336772918701172,1.361328125
fold2_seed29,cova3d_c50_coh_fold2_seed29,C50_COH,2,29,2393148140,66debcb96516daec0fcb35bc1b8f437440b8d8ccfe3f1f8a21ab8ac53167bc2e,b88eaa2f52c0d52b0218d4deb251d418a76fcd733a95ce69eec3da1ac08896b6,37,38,120,2280,0.05741689182871613,0.015697072881196813,0.04171981910864512,8803,4622,2,55,33,32,0,0,1024.0,1024.0,1024.0,3.4484576625962897,59.39439010620117,4.990354727730315e-06,25.866784542999994,1.3336772918701172,1.361328125
fold2_seed29,cova3d_c50_coh_fold2_seed29,C50_COH,2,29,2393148140,66debcb96516daec0fcb35bc1b8f437440b8d8ccfe3f1f8a21ab8ac53167bc2e,b88eaa2f52c0d52b0218d4deb251d418a76fcd733a95ce69eec3da1ac08896b6,38,39,120,2340,0.0792235809393677,0.01434465058833784,0.06487893015146255,7900,4030,1,61,35,24,0,0,1024.0,1024.0,1024.0,2.6338314464383683,30.730243682861328,3.498425138561358e-06,25.90054009200003,1.3336772918701172,1.361328125
fold2_seed29,cova3d_c50_coh_fold2_seed29,C50_COH,2,29,2393148140,66debcb96516daec0fcb35bc1b8f437440b8d8ccfe3f1f8a21ab8ac53167bc2e,b88eaa2f52c0d52b0218d4deb251d418a76fcd733a95ce69eec3da1ac08896b6,39,40,120,2400,0.07480821438938387,0.010012193841601147,0.06479602009057998,9103,4861,1,57,36,27,0,0,1024.0,1024.0,1024.0,2.67948220071454,19.936416625976562,3e-06,25.93982004899999,1.3336772918701172,1.361328125
fold2_seed29,cova3d_c50_dis_fold2_seed29,C50_DIS,2,29,2393148140,66debcb96516daec0fcb35bc1b8f437440b8d8ccfe3f1f8a21ab8ac53167bc2e,b88eaa2f52c0d52b0218d4deb251d418a76fcd733a95ce69eec3da1ac08896b6,0,1,120,60,3.184977517463267,2.4769950821685294,0.7079824229081472,8719,4588,1,60,31,29,2,2,1024.0,4096.0,1024.0,93.59695307413737,322.35009765625,0.00017999999999999998,27.548298690000138,1.3335857391357422,1.3671875
fold2_seed29,cova3d_c50_dis_fold2_seed29,C50_DIS,2,29,2393148140,66debcb96516daec0fcb35bc1b8f437440b8d8ccfe3f1f8a21ab8ac53167bc2e,b88eaa2f52c0d52b0218d4deb251d418a76fcd733a95ce69eec3da1ac08896b6,1,2,120,120,1.3152667365104813,0.9296315495613574,0.38563518871863683,8460,4396,3,60,33,27,0,0,1024.0,1024.0,1024.0,34.780292852719626,146.84547424316406,0.0002999445918673937,26.67782059299998,1.3335857391357422,1.3671875
fold2_seed29,cova3d_c50_dis_fold2_seed29,C50_DIS,2,29,2393148140,66debcb96516daec0fcb35bc1b8f437440b8d8ccfe3f1f8a21ab8ac53167bc2e,b88eaa2f52c0d52b0218d4deb251d418a76fcd733a95ce69eec3da1ac08896b6,2,3,120,180,1.040862344050159,0.643195986483867,0.39766635447740556,8003,4116,1,59,30,31,0,0,1024.0,1024.0,1024.0,13.606886863708496,43.25286865234375,0.0002991142965839822,26.7228594180001,1.3335857391357422,1.3671875
fold2_seed29,cova3d_c50_dis_fold2_seed29,C50_DIS,2,29,2393148140,66debcb96516daec0fcb35bc1b8f437440b8d8ccfe3f1f8a21ab8ac53167bc2e,b88eaa2f52c0d52b0218d4deb251d418a76fcd733a95ce69eec3da1ac08896b6,3,4,120,240,0.8480518948907654,0.5071289943996817,0.3409229005376498,8817,4496,1,58,31,31,0,0,1024.0,1024.0,1024.0,9.164503292242687,54.08441925048828,0.0002972930965702204,26.712720464000085,1.3335857391357422,1.3671875
fold2_seed29,cova3d_c50_dis_fold2_seed29,C50_DIS,2,29,2393148140,66debcb96516daec0fcb35bc1b8f437440b8d8ccfe3f1f8a21ab8ac53167bc2e,b88eaa2f52c0d52b0218d4deb251d418a76fcd733a95ce69eec3da1ac08896b6,4,5,120,300,0.700523851509206,0.40723285244312135,0.2932909980416298,8580,4628,1,62,29,29,0,0,1024.0,1024.0,1024.0,7.992873186866443,21.124799728393555,0.0002944932171711482,26.6293454879999,1.3335857391357422,1.3671875
fold2_seed29,cova3d_c50_dis_fold2_seed29,C50_DIS,2,29,2393148140,66debcb96516daec0fcb35bc1b8f437440b8d8ccfe3f1f8a21ab8ac53167bc2e,b88eaa2f52c0d52b0218d4deb251d418a76fcd733a95ce69eec3da1ac08896b6,5,6,120,360,0.7384562654459539,0.3905272779171355,0.34792899191379545,8172,4130,3,53,33,34,0,0,1024.0,1024.0,1024.0,8.320617858568827,33.4894905090332,0.000290733453407337,26.612227904000065,1.3335857391357422,1.3671875
fold2_seed29,cova3d_c50_dis_fold2_seed29,C50_DIS,2,29,2393148140,66debcb96516daec0fcb35bc1b8f437440b8d8ccfe3f1f8a21ab8ac53167bc2e,b88eaa2f52c0d52b0218d4deb251d418a76fcd733a95ce69eec3da1ac08896b6,6,7,120,420,0.5912627014098689,0.3276486181265985,0.26361408481995263,8453,4207,4,56,35,29,0,0,1024.0,1024.0,1024.0,7.335123960177103,69.8309097290039,0.0002860390438077423,26.52377677200002,1.3335857391357422,1.3671875
fold2_seed29,cova3d_c50_dis_fold2_seed29,C50_DIS,2,29,2393148140,66debcb96516daec0fcb35bc1b8f437440b8d8ccfe3f1f8a21ab8ac53167bc2e,b88eaa2f52c0d52b0218d4deb251d418a76fcd733a95ce69eec3da1ac08896b6,7,8,120,480,0.5388330659285808,0.2822525996171559,0.2565804695089658,8812,4561,2,63,26,31,0,0,1024.0,1024.0,1024.0,6.845597110191981,25.258159637451172,0.00028044150098859483,26.603927855999927,1.3335857391357422,1.3671875
fold2_seed29,cova3d_c50_dis_fold2_seed29,C50_DIS,2,29,2393148140,66debcb96516daec0fcb35bc1b8f437440b8d8ccfe3f1f8a21ab8ac53167bc2e,b88eaa2f52c0d52b0218d4deb251d418a76fcd733a95ce69eec3da1ac08896b6,8,9,120,540,0.5492715939103315,0.2636864841605226,0.28558511286973953,8680,4456,1,54,24,42,0,0,1024.0,1024.0,1024.0,6.273194293181102,19.00641441345215,0.0002739784001156218,26.659045550999963,1.3335857391357422,1.3671875
fold2_seed29,cova3d_c50_dis_fold2_seed29,C50_DIS,2,29,2393148140,66debcb96516daec0fcb35bc1b8f437440b8d8ccfe3f1f8a21ab8ac53167bc2e,b88eaa2f52c0d52b0218d4deb251d418a76fcd733a95ce69eec3da1ac08896b6,9,10,120,600,0.5098538472569393,0.26321569151089835,0.2466381584604581,8512,4377,0,59,29,32,0,0,1024.0,1024.0,1024.0,6.875205347935359,21.611177444458008,0.0002666931266696063,26.725762066999778,1.3335857391357422,1.3671875
fold2_seed29,cova3d_c50_dis_fold2_seed29,C50_DIS,2,29,2393148140,66debcb96516daec0fcb35bc1b8f437440b8d8ccfe3f1f8a21ab8ac53167bc2e,b88eaa2f52c0d52b0218d4deb251d418a76fcd733a95ce69eec3da1ac08896b6,10,11,120,660,0.5086002954572905,0.2593221047214077,0.24927819073200225,8459,4310,3,56,38,26,0,0,1024.0,1024.0,1024.0,6.699896877010663,25.773958206176758,0.0002586345852084849,26.594172798999807,1.3335857391357422,1.3671875
fold2_seed29,cova3d_c50_dis_fold2_seed29,C50_DIS,2,29,2393148140,66debcb96516daec0fcb35bc1b8f437440b8d8ccfe3f1f8a21ab8ac53167bc2e,b88eaa2f52c0d52b0218d4deb251d418a76fcd733a95ce69eec3da1ac08896b6,11,12,120,720,0.4294558561426432,0.2047359462963262,0.22471991082032522,8493,4144,3,56,30,34,0,0,1024.0,1024.0,1024.0,6.972921663895249,25.796655654907227,0.0002498568710810032,26.589465821999966,1.3335857391357422,1.3671875
fold2_seed29,cova3d_c50_dis_fold2_seed29,C50_DIS,2,29,2393148140,66debcb96516daec0fcb35bc1b8f437440b8d8ccfe3f1f8a21ab8ac53167bc2e,b88eaa2f52c0d52b0218d4deb251d418a76fcd733a95ce69eec3da1ac08896b6,12,13,120,780,0.3674050309883872,0.18386707697106128,0.18353795409202575,8677,4578,0,62,31,27,0,0,1024.0,1024.0,1024.0,6.089503774419427,17.336814880371094,0.0002404189072956492,26.607782712000244,1.3335857391357422,1.3671875
fold2_seed29,cova3d_c50_dis_fold2_seed29,C50_DIS,2,29,2393148140,66debcb96516daec0fcb35bc1b8f437440b8d8ccfe3f1f8a21ab8ac53167bc2e,b88eaa2f52c0d52b0218d4deb251d418a76fcd733a95ce69eec3da1ac08896b6,13,14,120,840,0.37178228479873116,0.16500178173325064,0.20678050369024276,8615,4530,0,55,34,31,0,0,1024.0,1024.0,1024.0,5.461023573577404,25.325868606567383,0.00023038404898248976,26.566791125000236,1.3335857391357422,1.3671875
fold2_seed29,cova3d_c50_dis_fold2_seed29,C50_DIS,2,29,2393148140,66debcb96516daec0fcb35bc1b8f437440b8d8ccfe3f1f8a21ab8ac53167bc2e,b88eaa2f52c0d52b0218d4deb251d418a76fcd733a95ce69eec3da1ac08896b6,14,15,120,900,0.324474487585879,0.15608542923315932,0.168389060596625,8554,4389,4,60,27,33,0,0,1024.0,1024.0,1024.0,5.642954403658708,37.316707611083984,0.00021981965810307605,26.629974997999852,1.3335857391357422,1.3671875
fold2_seed29,cova3d_c50_dis_fold2_seed29,C50_DIS,2,29,2393148140,66debcb96516daec0fcb35bc1b8f437440b8d8ccfe3f1f8a21ab8ac53167bc2e,b88eaa2f52c0d52b0218d4deb251d418a76fcd733a95ce69eec3da1ac08896b6,15,16,120,960,0.30559240735989684,0.12969075566652463,0.17590165088574092,8653,4525,1,74,20,26,0,0,1024.0,1024.0,1024.0,4.617005502184232,23.74327278137207,0.00020879665126330557,26.566055929999948,1.3335857391357422,1.3671875
fold2_seed29,cova3d_c50_dis_fold2_seed29,C50_DIS,2,29,2393148140,66debcb96516daec0fcb35bc1b8f437440b8d8ccfe3f1f8a21ab8ac53167bc2e,b88eaa2f52c0d52b0218d4deb251d418a76fcd733a95ce69eec3da1ac08896b6,16,17,120,1020,0.24573945909720957,0.10845569212421348,0.13728376626968383,9095,4910,2,68,31,21,0,0,1024.0,1024.0,1024.0,4.037011753519376,17.32179069519043,0.00019738902366467966,26.381648791000316,1.3335857391357422,1.3671875
fold2_seed29,cova3d_c50_dis_fold2_seed29,C50_DIS,2,29,2393148140,66debcb96516daec0fcb35bc1b8f437440b8d8ccfe3f1f8a21ab8ac53167bc2e,b88eaa2f52c0d52b0218d4deb251d418a76fcd733a95ce69eec3da1ac08896b6,17,18,120,1080,0.2782804894532698,0.1260926388092533,0.15218785107135774,8502,4326,0,64,31,25,0,0,1024.0,1024.0,1024.0,5.298374196390311,23.58208656311035,0.00018567335238957547,26.81401681699981,1.3335857391357422,1.3671875
fold2_seed29,cova3d_c50_dis_fold2_seed29,C50_DIS,2,29,2393148140,66debcb96516daec0fcb35bc1b8f437440b8d8ccfe3f1f8a21ab8ac53167bc2e,b88eaa2f52c0d52b0218d4deb251d418a76fcd733a95ce69eec3da1ac08896b6,18,19,120,1140,0.3072317688658586,0.10144106127076308,0.20579070796569188,8572,4268,0,51,39,30,0,0,1024.0,1024.0,1024.0,4.825845633198818,28.33826446533203,0.0001737282823548769,26.5384814250001,1.3335857391357422,1.3671875
fold2_seed29,cova3d_c50_dis_fold2_seed29,C50_DIS,2,29,2393148140,66debcb96516daec0fcb35bc1b8f437440b8d8ccfe3f1f8a21ab8ac53167bc2e,b88eaa2f52c0d52b0218d4deb251d418a76fcd733a95ce69eec3da1ac08896b6,19,20,120,1200,0.26315011774595404,0.10759984059736022,0.1555502767364184,8381,4385,0,61,32,27,0,0,1024.0,1024.0,1024.0,5.304547007444004,23.449142456054688,0.00016163399838465363,26.36866948700026,1.3335857391357422,1.3671875
fold2_seed29,cova3d_c50_dis_fold2_seed29,C50_DIS,2,29,2393148140,66debcb96516daec0fcb35bc1b8f437440b8d8ccfe3f1f8a21ab8ac53167bc2e,b88eaa2f52c0d52b0218d4deb251d418a76fcd733a95ce69eec3da1ac08896b6,20,21,120,1260,0.23667573514803736,0.09181077846451444,0.14486495703458785,8493,4396,1,63,23,34,0,0,1024.0,1024.0,1024.0,4.663525547878817,23.85038185119629,0.00014947168694575625,26.546931677999964,1.3335857391357422,1.3671875
fold2_seed29,cova3d_c50_dis_fold2_seed29,C50_DIS,2,29,2393148140,66debcb96516daec0fcb35bc1b8f437440b8d8ccfe3f1f8a21ab8ac53167bc2e,b88eaa2f52c0d52b0218d4deb251d418a76fcd733a95ce69eec3da1ac08896b6,21,22,120,1320,0.2639403807038131,0.0735593032523866,0.19038107842206956,8743,4676,3,49,32,39,0,0,1024.0,1024.0,1024.0,3.652104413261016,14.481160163879395,0.0001373229911595876,26.579504928000006,1.3335857391357422,1.3671875
fold2_seed29,cova3d_c50_dis_fold2_seed29,C50_DIS,2,29,2393148140,66debcb96516daec0fcb35bc1b8f437440b8d8ccfe3f1f8a21ab8ac53167bc2e,b88eaa2f52c0d52b0218d4deb251d418a76fcd733a95ce69eec3da1ac08896b6,22,23,120,1380,0.2220434025317445,0.07358513070545693,0.14845827172199885,8777,4595,0,57,29,34,0,0,1024.0,1024.0,1024.0,3.924585284292698,12.200783729553223,0.00012526946274844474,26.419997685999988,1.3335857391357422,1.3671875
fold2_seed29,cova3d_c50_dis_fold2_seed29,C50_DIS,2,29,2393148140,66debcb96516daec0fcb35bc1b8f437440b8d8ccfe3f1f8a21ab8ac53167bc2e,b88eaa2f52c0d52b0218d4deb251d418a76fcd733a95ce69eec3da1ac08896b6,23,24,120,1440,0.21839174952492613,0.07551237206656272,0.1428793763120969,8203,4203,1,50,31,39,0,0,1024.0,1024.0,1024.0,4.70351738979419,21.898757934570312,0.00011339201459540494,26.406604530000095,1.3335857391357422,1.3671875
fold2_seed29,cova3d_c50_dis_fold2_seed29,C50_DIS,2,29,2393148140,66debcb96516daec0fcb35bc1b8f437440b8d8ccfe3f1f8a21ab8ac53167bc2e,b88eaa2f52c0d52b0218d4deb251d418a76fcd733a95ce69eec3da1ac08896b6,24,25,120,1500,0.17649725121507345,0.061898509592606385,0.11459874212741852,9096,4648,1,61,30,29,0,0,1024.0,1024.0,1024.0,3.9012960132211445,11.814627647399902,0.00010177037759260854,26.51217940200013,1.3335857391357422,1.3671875
fold2_seed29,cova3d_c50_dis_fold2_seed29,C50_DIS,2,29,2393148140,66debcb96516daec0fcb35bc1b8f437440b8d8ccfe3f1f8a21ab8ac53167bc2e,b88eaa2f52c0d52b0218d4deb251d418a76fcd733a95ce69eec3da1ac08896b6,25,26,120,1560,0.16966258823066102,0.05672132926561062,0.11294125964244207,8987,4495,1,56,31,33,0,0,1024.0,1024.0,1024.0,3.4827360411329815,17.225570678710938,9.048256542400759e-05,26.584803143000045,1.3335857391357422,1.3671875
fold2_seed29,cova3d_c50_dis_fold2_seed29,C50_DIS,2,29,2393148140,66debcb96516daec0fcb35bc1b8f437440b8d8ccfe3f1f8a21ab8ac53167bc2e,b88eaa2f52c0d52b0218d4deb251d418a76fcd733a95ce69eec3da1ac08896b6,26,27,120,1620,0.16730896731272646,0.053786274124570294,0.11352269450823466,8838,4630,0,52,38,30,0,0,1024.0,1024.0,1024.0,2.9932390257095296,14.323962211608887,7.960435087538242e-05,26.30121213600023,1.3335857391357422,1.3671875
fold2_seed29,cova3d_c50_dis_fold2_seed29,C50_DIS,2,29,2393148140,66debcb96516daec0fcb35bc1b8f437440b8d8ccfe3f1f8a21ab8ac53167bc2e,b88eaa2f52c0d52b0218d4deb251d418a76fcd733a95ce69eec3da1ac08896b6,27,28,120,1680,0.17977917022453388,0.034597368389855394,0.14518180241187414,8918,4770,1,66,30,24,0,0,1024.0,1024.0,1024.0,2.2659394912732145,10.169014930725098,6.920875718705205e-05,26.362949561000278,1.3335857391357422,1.3671875
fold2_seed29,cova3d_c50_dis_fold2_seed29,C50_DIS,2,29,2393148140,66debcb96516daec0fcb35bc1b8f437440b8d8ccfe3f1f8a21ab8ac53167bc2e,b88eaa2f52c0d52b0218d4deb251d418a76fcd733a95ce69eec3da1ac08896b6,28,29,120,1740,0.1601001701472948,0.034576563174717495,0.12552360743284224,8936,4606,1,60,27,33,0,0,1024.0,1024.0,1024.0,2.858704211128255,12.769315719604492,5.936556786372413e-05,26.576543697000034,1.3335857391357422,1.3671875
fold2_seed29,cova3d_c50_dis_fold2_seed29,C50_DIS,2,29,2393148140,66debcb96516daec0fcb35bc1b8f437440b8d8ccfe3f1f8a21ab8ac53167bc2e,b88eaa2f52c0d52b0218d4deb251d418a76fcd733a95ce69eec3da1ac08896b6,29,30,120,1800,0.11469171778742199,0.027719417657763756,0.08697230070829391,9001,4584,3,61,26,33,0,0,1024.0,1024.0,1024.0,2.5423758311818045,15.813885688781738,5.014085823202989e-05,26.27533667700027,1.3335857391357422,1.3671875
fold2_seed29,cova3d_c50_dis_fold2_seed29,C50_DIS,2,29,2393148140,66debcb96516daec0fcb35bc1b8f437440b8d8ccfe3f1f8a21ab8ac53167bc2e,b88eaa2f52c0d52b0218d4deb251d418a76fcd733a95ce69eec3da1ac08896b6,30,31,120,1860,0.1390629787328379,0.03430315320117548,0.1047598252693812,8383,4400,0,63,32,25,0,0,1024.0,1024.0,1024.0,2.7400678941068084,12.341340065002441,4.159655189030408e-05,26.42647732100022,1.3335857391357422,1.3671875
fold2_seed29,cova3d_c50_dis_fold2_seed29,C50_DIS,2,29,2393148140,66debcb96516daec0fcb35bc1b8f437440b8d8ccfe3f1f8a21ab8ac53167bc2e,b88eaa2f52c0d52b0218d4deb251d418a76fcd733a95ce69eec3da1ac08896b6,31,32,120,1920,0.18081037145808712,0.04044332235267802,0.14036704699198405,8009,4008,1,56,27,37,0,0,1024.0,1024.0,1024.0,4.087104467799266,51.12377166748047,3.379000502807257e-05,26.448127391999606,1.3335857391357422,1.3671875
fold2_seed29,cova3d_c50_dis_fold2_seed29,C50_DIS,2,29,2393148140,66debcb96516daec0fcb35bc1b8f437440b8d8ccfe3f1f8a21ab8ac53167bc2e,b88eaa2f52c0d52b0218d4deb251d418a76fcd733a95ce69eec3da1ac08896b6,32,33,120,1980,0.14351910466179257,0.026800145910336446,0.11671895831823349,9146,4885,0,63,30,27,0,0,1024.0,1024.0,1024.0,2.705033297650516,21.06563377380371,2.6773621405624713e-05,26.349307411000154,1.3335857391357422,1.3671875
fold2_seed29,cova3d_c50_dis_fold2_seed29,C50_DIS,2,29,2393148140,66debcb96516daec0fcb35bc1b8f437440b8d8ccfe3f1f8a21ab8ac53167bc2e,b88eaa2f52c0d52b0218d4deb251d418a76fcd733a95ce69eec3da1ac08896b6,33,34,120,2040,0.14507050499502253,0.03204869546430563,0.11302180836598079,8829,4489,1,54,29,37,0,0,1024.0,1024.0,1024.0,3.729569230042398,56.34431457519531,2.059450057823627e-05,26.29909174300019,1.3335857391357422,1.3671875
fold2_seed29,cova3d_c50_dis_fold2_seed29,C50_DIS,2,29,2393148140,66debcb96516daec0fcb35bc1b8f437440b8d8ccfe3f1f8a21ab8ac53167bc2e,b88eaa2f52c0d52b0218d4deb251d418a76fcd733a95ce69eec3da1ac08896b6,34,35,120,2100,0.13629164129329846,0.033139566152812945,0.10315207491318384,8460,4203,0,61,30,29,0,0,1024.0,1024.0,1024.0,2.961091575042034,16.206132888793945,1.5294121726440254e-05,26.252845079000053,1.3335857391357422,1.3671875
fold2_seed29,cova3d_c50_dis_fold2_seed29,C50_DIS,2,29,2393148140,66debcb96516daec0fcb35bc1b8f437440b8d8ccfe3f1f8a21ab8ac53167bc2e,b88eaa2f52c0d52b0218d4deb251d418a76fcd733a95ce69eec3da1ac08896b6,35,36,120,2160,0.13989355080503857,0.0295614077341682,0.11033214380343755,8767,4535,3,58,31,31,0,0,1024.0,1024.0,1024.0,3.3366967354901136,24.222225189208984,1.0908065214729997e-05,26.33591294200005,1.3335857391357422,1.3671875
fold2_seed29,cova3d_c50_dis_fold2_seed29,C50_DIS,2,29,2393148140,66debcb96516daec0fcb35bc1b8f437440b8d8ccfe3f1f8a21ab8ac53167bc2e,b88eaa2f52c0d52b0218d4deb251d418a76fcd733a95ce69eec3da1ac08896b6,36,37,120,2220,0.12512970182285846,0.03258983067097242,0.09253987073898315,9005,4730,0,51,34,35,0,0,1024.0,1024.0,1024.0,2.996639390025909,22.672948837280273,7.465773747813819e-06,26.366765106000003,1.3335857391357422,1.3671875
fold2_seed29,cova3d_c50_dis_fold2_seed29,C50_DIS,2,29,2393148140,66debcb96516daec0fcb35bc1b8f437440b8d8ccfe3f1f8a21ab8ac53167bc2e,b88eaa2f52c0d52b0218d4deb251d418a76fcd733a95ce69eec3da1ac08896b6,37,38,120,2280,0.13076070652714597,0.02768553927857577,0.10307516505320867,8651,4488,1,55,33,32,0,0,1024.0,1024.0,1024.0,2.8298766439159713,23.534896850585938,4.990354727730315e-06,26.324448045999816,1.3335857391357422,1.3671875
fold2_seed29,cova3d_c50_dis_fold2_seed29,C50_DIS,2,29,2393148140,66debcb96516daec0fcb35bc1b8f437440b8d8ccfe3f1f8a21ab8ac53167bc2e,b88eaa2f52c0d52b0218d4deb251d418a76fcd733a95ce69eec3da1ac08896b6,38,39,120,2340,0.12563364404969757,0.03643123155850437,0.08920241345961889,8060,4149,1,61,35,24,0,0,1024.0,1024.0,1024.0,3.9959722025319935,21.300634384155273,3.498425138561358e-06,26.32979136999984,1.3335857391357422,1.3671875
fold2_seed29,cova3d_c50_dis_fold2_seed29,C50_DIS,2,29,2393148140,66debcb96516daec0fcb35bc1b8f437440b8d8ccfe3f1f8a21ab8ac53167bc2e,b88eaa2f52c0d52b0218d4deb251d418a76fcd733a95ce69eec3da1ac08896b6,39,40,120,2400,0.13335139901696777,0.022242327128267902,0.11110907196998596,9042,4889,1,57,36,27,0,0,1024.0,1024.0,1024.0,3.016636248957366,30.403940200805664,3e-06,26.36513528200021,1.3335857391357422,1.3671875
fold2_seed29,cova3d_c50_frg_fold2_seed29,C50_FRG,2,29,2393148140,66debcb96516daec0fcb35bc1b8f437440b8d8ccfe3f1f8a21ab8ac53167bc2e,b88eaa2f52c0d52b0218d4deb251d418a76fcd733a95ce69eec3da1ac08896b6,0,1,120,60,3.313307959710558,2.58776109792913,0.7255468646685282,8638,4537,1,60,31,29,2,2,1024.0,4096.0,1024.0,96.96042296091716,359.6806640625,0.00017999999999999998,27.536591042000055,1.3343563079833984,1.359375
fold2_seed29,cova3d_c50_frg_fold2_seed29,C50_FRG,2,29,2393148140,66debcb96516daec0fcb35bc1b8f437440b8d8ccfe3f1f8a21ab8ac53167bc2e,b88eaa2f52c0d52b0218d4deb251d418a76fcd733a95ce69eec3da1ac08896b6,1,2,120,120,1.2932452015927993,0.9104243069615525,0.38282089233398436,8473,4383,3,60,33,27,0,0,1024.0,1024.0,1024.0,34.22829828262329,172.42767333984375,0.0002999445918673937,26.68847837500016,1.3343563079833984,1.359375
fold2_seed29,cova3d_c50_frg_fold2_seed29,C50_FRG,2,29,2393148140,66debcb96516daec0fcb35bc1b8f437440b8d8ccfe3f1f8a21ab8ac53167bc2e,b88eaa2f52c0d52b0218d4deb251d418a76fcd733a95ce69eec3da1ac08896b6,2,3,120,180,0.9267049877070046,0.5448755177028943,0.381829471886158,7992,4111,1,59,30,31,0,0,1024.0,1024.0,1024.0,13.238492254416148,44.048805236816406,0.0002991142965839822,26.487878498999635,1.3343563079833984,1.359375
fold2_seed29,cova3d_c50_frg_fold2_seed29,C50_FRG,2,29,2393148140,66debcb96516daec0fcb35bc1b8f437440b8d8ccfe3f1f8a21ab8ac53167bc2e,b88eaa2f52c0d52b0218d4deb251d418a76fcd733a95ce69eec3da1ac08896b6,3,4,120,240,0.7795395221483583,0.4637229995142358,0.3158165216445923,8767,4486,1,58,31,31,0,0,1024.0,1024.0,1024.0,8.752864297231039,30.288915634155273,0.0002972930965702204,26.615534595999634,1.3343563079833984,1.359375
fold2_seed29,cova3d_c50_frg_fold2_seed29,C50_FRG,2,29,2393148140,66debcb96516daec0fcb35bc1b8f437440b8d8ccfe3f1f8a21ab8ac53167bc2e,b88eaa2f52c0d52b0218d4deb251d418a76fcd733a95ce69eec3da1ac08896b6,4,5,120,300,0.6318990728158194,0.35243498036870735,0.27946409086386365,8455,4533,1,62,29,29,0,0,1024.0,1024.0,1024.0,8.09473412334919,27.80911636352539,0.0002944932171711482,26.624365209999723,1.3343563079833984,1.359375
fold2_seed29,cova3d_c50_frg_fold2_seed29,C50_FRG,2,29,2393148140,66debcb96516daec0fcb35bc1b8f437440b8d8ccfe3f1f8a21ab8ac53167bc2e,b88eaa2f52c0d52b0218d4deb251d418a76fcd733a95ce69eec3da1ac08896b6,5,6,120,360,0.6748299082120259,0.3413957590702921,0.3334341456492742,8113,4081,3,53,33,34,0,0,1024.0,1024.0,1024.0,7.562373918294907,23.73464584350586,0.000290733453407337,26.475594651999927,1.3343563079833984,1.359375
fold2_seed29,cova3d_c50_frg_fold2_seed29,C50_FRG,2,29,2393148140,66debcb96516daec0fcb35bc1b8f437440b8d8ccfe3f1f8a21ab8ac53167bc2e,b88eaa2f52c0d52b0218d4deb251d418a76fcd733a95ce69eec3da1ac08896b6,6,7,120,420,0.5179813713349479,0.2785964477254311,0.23938492188851038,8496,4217,4,56,35,29,0,0,1024.0,1024.0,1024.0,7.144716766476631,43.260398864746094,0.0002860390438077423,26.30698005799968,1.3343563079833984,1.359375
fold2_seed29,cova3d_c50_frg_fold2_seed29,C50_FRG,2,29,2393148140,66debcb96516daec0fcb35bc1b8f437440b8d8ccfe3f1f8a21ab8ac53167bc2e,b88eaa2f52c0d52b0218d4deb251d418a76fcd733a95ce69eec3da1ac08896b6,7,8,120,480,0.512759686941475,0.26066409954461656,0.2520955855647723,8823,4577,2,63,26,31,0,0,1024.0,1024.0,1024.0,6.636555618047714,18.822372436523438,0.00028044150098859483,26.41101997600026,1.3343563079833984,1.359375
fold2_seed29,cova3d_c50_frg_fold2_seed29,C50_FRG,2,29,2393148140,66debcb96516daec0fcb35bc1b8f437440b8d8ccfe3f1f8a21ab8ac53167bc2e,b88eaa2f52c0d52b0218d4deb251d418a76fcd733a95ce69eec3da1ac08896b6,8,9,120,540,0.5008746907697059,0.22586842780874578,0.27500626544157664,8556,4334,2,54,24,42,0,0,1024.0,1024.0,1024.0,5.5871298511823015,18.995412826538086,0.0002739784001156218,26.52691262799999,1.3343563079833984,1.359375
fold2_seed29,cova3d_c50_frg_fold2_seed29,C50_FRG,2,29,2393148140,66debcb96516daec0fcb35bc1b8f437440b8d8ccfe3f1f8a21ab8ac53167bc2e,b88eaa2f52c0d52b0218d4deb251d418a76fcd733a95ce69eec3da1ac08896b6,9,10,120,600,0.4588606831753471,0.2205390060786158,0.23832167734702428,8474,4315,0,59,29,32,0,0,1024.0,1024.0,1024.0,6.1869854380687075,20.422033309936523,0.0002666931266696063,26.477804856000148,1.3343563079833984,1.359375
fold2_seed29,cova3d_c50_frg_fold2_seed29,C50_FRG,2,29,2393148140,66debcb96516daec0fcb35bc1b8f437440b8d8ccfe3f1f8a21ab8ac53167bc2e,b88eaa2f52c0d52b0218d4deb251d418a76fcd733a95ce69eec3da1ac08896b6,10,11,120,660,0.4421662818097199,0.21114107452546402,0.23102520555257797,8444,4299,3,56,38,26,0,0,1024.0,1024.0,1024.0,7.603937179595232,54.214927673339844,0.0002586345852084849,26.36196698799995,1.3343563079833984,1.359375
fold2_seed29,cova3d_c50_frg_fold2_seed29,C50_FRG,2,29,2393148140,66debcb96516daec0fcb35bc1b8f437440b8d8ccfe3f1f8a21ab8ac53167bc2e,b88eaa2f52c0d52b0218d4deb251d418a76fcd733a95ce69eec3da1ac08896b6,11,12,120,720,0.39866569543907343,0.1791012978619013,0.21956439862648647,8463,4141,3,56,30,34,0,0,1024.0,1024.0,1024.0,6.640872108563781,39.26755905151367,0.0002498568710810032,26.36981215300011,1.3343563079833984,1.359375
fold2_seed29,cova3d_c50_frg_fold2_seed29,C50_FRG,2,29,2393148140,66debcb96516daec0fcb35bc1b8f437440b8d8ccfe3f1f8a21ab8ac53167bc2e,b88eaa2f52c0d52b0218d4deb251d418a76fcd733a95ce69eec3da1ac08896b6,12,13,120,780,0.32837128673345434,0.147522706758294,0.18084857761859893,8632,4535,0,62,31,27,0,0,1024.0,1024.0,1024.0,6.094887404640516,37.8157958984375,0.0002404189072956492,26.40550568699973,1.3343563079833984,1.359375
fold2_seed29,cova3d_c50_frg_fold2_seed29,C50_FRG,2,29,2393148140,66debcb96516daec0fcb35bc1b8f437440b8d8ccfe3f1f8a21ab8ac53167bc2e,b88eaa2f52c0d52b0218d4deb251d418a76fcd733a95ce69eec3da1ac08896b6,13,14,120,840,0.3313935746222948,0.13805036576353208,0.1933432087302208,8653,4608,0,55,34,31,0,0,1024.0,1024.0,1024.0,5.064319276312987,19.217870712280273,0.00023038404898248976,26.47237597100002,1.3343563079833984,1.359375
fold2_seed29,cova3d_c50_frg_fold2_seed29,C50_FRG,2,29,2393148140,66debcb96516daec0fcb35bc1b8f437440b8d8ccfe3f1f8a21ab8ac53167bc2e,b88eaa2f52c0d52b0218d4deb251d418a76fcd733a95ce69eec3da1ac08896b6,14,15,120,900,0.2767846633111731,0.12605046106379328,0.15073420256376266,8565,4396,4,60,27,33,0,0,1024.0,1024.0,1024.0,4.577099332213402,20.9189453125,0.00021981965810307605,26.32752066499961,1.3343563079833984,1.359375
fold2_seed29,cova3d_c50_frg_fold2_seed29,C50_FRG,2,29,2393148140,66debcb96516daec0fcb35bc1b8f437440b8d8ccfe3f1f8a21ab8ac53167bc2e,b88eaa2f52c0d52b0218d4deb251d418a76fcd733a95ce69eec3da1ac08896b6,15,16,120,960,0.2655799870639991,0.1012745014416699,0.16430548479159673,8754,4597,1,74,20,26,0,0,1024.0,1024.0,1024.0,4.022620259597898,15.711346626281738,0.00020879665126330557,26.199149773000045,1.3343563079833984,1.359375
fold2_seed29,cova3d_c50_frg_fold2_seed29,C50_FRG,2,29,2393148140,66debcb96516daec0fcb35bc1b8f437440b8d8ccfe3f1f8a21ab8ac53167bc2e,b88eaa2f52c0d52b0218d4deb251d418a76fcd733a95ce69eec3da1ac08896b6,16,17,120,1020,0.22254945567160575,0.0841558549532086,0.13839360177516938,9023,4826,2,68,31,21,0,0,1024.0,1024.0,1024.0,3.4052174304922422,12.18264102935791,0.00019738902366467966,26.203140406999864,1.3343563079833984,1.359375
fold2_seed29,cova3d_c50_frg_fold2_seed29,C50_FRG,2,29,2393148140,66debcb96516daec0fcb35bc1b8f437440b8d8ccfe3f1f8a21ab8ac53167bc2e,b88eaa2f52c0d52b0218d4deb251d418a76fcd733a95ce69eec3da1ac08896b6,17,18,120,1080,0.23683104655829085,0.09321264315398518,0.14361840337514878,8426,4301,0,64,31,25,0,0,1024.0,1024.0,1024.0,4.453486889290313,18.65863609313965,0.00018567335238957547,26.385467007999978,1.3343563079833984,1.359375
fold2_seed29,cova3d_c50_frg_fold2_seed29,C50_FRG,2,29,2393148140,66debcb96516daec0fcb35bc1b8f437440b8d8ccfe3f1f8a21ab8ac53167bc2e,b88eaa2f52c0d52b0218d4deb251d418a76fcd733a95ce69eec3da1ac08896b6,18,19,120,1140,0.29835416025663714,0.08605987529413142,0.21229428599278133,8466,4191,0,51,39,30,0,0,1024.0,1024.0,1024.0,5.107218284408251,34.59523391723633,0.0001737282823548769,26.493932823999785,1.3343563079833984,1.359375
fold2_seed29,cova3d_c50_frg_fold2_seed29,C50_FRG,2,29,2393148140,66debcb96516daec0fcb35bc1b8f437440b8d8ccfe3f1f8a21ab8ac53167bc2e,b88eaa2f52c0d52b0218d4deb251d418a76fcd733a95ce69eec3da1ac08896b6,19,20,120,1200,0.2613915368214142,0.10295345430054112,0.15843808402617773,8261,4252,0,61,32,27,0,0,1024.0,1024.0,1024.0,7.094245706871152,39.06222915649414,0.00016163399838465363,26.254861806999997,1.3343563079833984,1.359375
fold2_seed29,cova3d_c50_frg_fold2_seed29,C50_FRG,2,29,2393148140,66debcb96516daec0fcb35bc1b8f437440b8d8ccfe3f1f8a21ab8ac53167bc2e,b88eaa2f52c0d52b0218d4deb251d418a76fcd733a95ce69eec3da1ac08896b6,20,21,120,1260,0.21430805896715507,0.07150745589942366,0.14280060331026714,8519,4402,1,63,23,34,0,0,1024.0,1024.0,1024.0,4.754522256056467,26.529296875,0.00014947168694575625,26.169507454999803,1.3343563079833984,1.359375
fold2_seed29,cova3d_c50_frg_fold2_seed29,C50_FRG,2,29,2393148140,66debcb96516daec0fcb35bc1b8f437440b8d8ccfe3f1f8a21ab8ac53167bc2e,b88eaa2f52c0d52b0218d4deb251d418a76fcd733a95ce69eec3da1ac08896b6,21,22,120,1320,0.2738456867849436,0.06862458809511433,0.20522109816471737,8699,4640,3,49,32,39,0,0,1024.0,1024.0,1024.0,4.820624031250675,74.64981842041016,0.0001373229911595876,26.19674194700019,1.3343563079833984,1.359375
fold2_seed29,cova3d_c50_frg_fold2_seed29,C50_FRG,2,29,2393148140,66debcb96516daec0fcb35bc1b8f437440b8d8ccfe3f1f8a21ab8ac53167bc2e,b88eaa2f52c0d52b0218d4deb251d418a76fcd733a95ce69eec3da1ac08896b6,22,23,120,1380,0.23315559832756208,0.07056262776799448,0.1625929703315099,8711,4549,0,57,29,34,0,0,1024.0,1024.0,1024.0,4.7326734210674966,39.683502197265625,0.00012526946274844474,26.285329679999904,1.3343563079833984,1.359375
fold2_seed29,cova3d_c50_frg_fold2_seed29,C50_FRG,2,29,2393148140,66debcb96516daec0fcb35bc1b8f437440b8d8ccfe3f1f8a21ab8ac53167bc2e,b88eaa2f52c0d52b0218d4deb251d418a76fcd733a95ce69eec3da1ac08896b6,23,24,120,1440,0.24467305593743732,0.0675696460875315,0.17710341016451517,8268,4240,1,50,31,39,0,0,1024.0,1024.0,1024.0,4.783951889754584,24.951435089111328,0.00011339201459540494,26.305426745000204,1.3343563079833984,1.359375
fold2_seed29,cova3d_c50_frg_fold2_seed29,C50_FRG,2,29,2393148140,66debcb96516daec0fcb35bc1b8f437440b8d8ccfe3f1f8a21ab8ac53167bc2e,b88eaa2f52c0d52b0218d4deb251d418a76fcd733a95ce69eec3da1ac08896b6,24,25,120,1500,0.164098995649789,0.04417137969855756,0.11992761641740798,9005,4598,1,61,30,29,0,0,1024.0,1024.0,1024.0,3.0246794783510267,17.0958251953125,0.00010177037759260854,26.116656754999894,1.3343563079833984,1.359375
fold2_seed29,cova3d_c50_frg_fold2_seed29,C50_FRG,2,29,2393148140,66debcb96516daec0fcb35bc1b8f437440b8d8ccfe3f1f8a21ab8ac53167bc2e,b88eaa2f52c0d52b0218d4deb251d418a76fcd733a95ce69eec3da1ac08896b6,25,26,120,1560,0.17338293000848354,0.043393046924548644,0.12998988429705302,8976,4461,1,56,31,33,0,0,1024.0,1024.0,1024.0,3.1919123260925213,11.263542175292969,9.048256542400759e-05,26.26612533799971,1.3343563079833984,1.359375
fold2_seed29,cova3d_c50_frg_fold2_seed29,C50_FRG,2,29,2393148140,66debcb96516daec0fcb35bc1b8f437440b8d8ccfe3f1f8a21ab8ac53167bc2e,b88eaa2f52c0d52b0218d4deb251d418a76fcd733a95ce69eec3da1ac08896b6,26,27,120,1620,0.15847691661249808,0.04296691252935716,0.11551000326871871,8715,4510,0,52,38,30,0,0,1024.0,1024.0,1024.0,3.0482389371842147,33.67911911010742,7.960435087538242e-05,26.371770683999785,1.3343563079833984,1.359375
fold2_seed29,cova3d_c50_frg_fold2_seed29,C50_FRG,2,29,2393148140,66debcb96516daec0fcb35bc1b8f437440b8d8ccfe3f1f8a21ab8ac53167bc2e,b88eaa2f52c0d52b0218d4deb251d418a76fcd733a95ce69eec3da1ac08896b6,27,28,120,1680,0.17253467866424518,0.02869649815665293,0.1438381796081861,8926,4751,1,66,30,24,0,0,1024.0,1024.0,1024.0,2.509963043841223,21.425607681274414,6.920875718705205e-05,26.247719806999612,1.3343563079833984,1.359375
fold2_seed29,cova3d_c50_frg_fold2_seed29,C50_FRG,2,29,2393148140,66debcb96516daec0fcb35bc1b8f437440b8d8ccfe3f1f8a21ab8ac53167bc2e,b88eaa2f52c0d52b0218d4deb251d418a76fcd733a95ce69eec3da1ac08896b6,28,29,120,1740,0.1603203537876804,0.024910770719740565,0.13540958364804587,8843,4565,1,60,27,33,0,0,1024.0,1024.0,1024.0,2.78925519741994,13.412626266479492,5.936556786372413e-05,26.21918374400002,1.3343563079833984,1.359375
fold2_seed29,cova3d_c50_frg_fold2_seed29,C50_FRG,2,29,2393148140,66debcb96516daec0fcb35bc1b8f437440b8d8ccfe3f1f8a21ab8ac53167bc2e,b88eaa2f52c0d52b0218d4deb251d418a76fcd733a95ce69eec3da1ac08896b6,29,30,120,1800,0.1447259181597322,0.05095055499775754,0.09377536326646804,8971,4561,3,61,26,33,0,0,1024.0,1024.0,1024.0,3.8432226408195374,40.451942443847656,5.014085823202989e-05,26.077392160999807,1.3343563079833984,1.359375
fold2_seed29,cova3d_c50_frg_fold2_seed29,C50_FRG,2,29,2393148140,66debcb96516daec0fcb35bc1b8f437440b8d8ccfe3f1f8a21ab8ac53167bc2e,b88eaa2f52c0d52b0218d4deb251d418a76fcd733a95ce69eec3da1ac08896b6,30,31,120,1860,0.13817823941255558,0.025116644340636186,0.11306159446636836,8404,4417,0,63,32,25,0,0,1024.0,1024.0,1024.0,2.2501650059595706,9.100380897521973,4.159655189030408e-05,26.114623749000202,1.3343563079833984,1.359375
fold2_seed29,cova3d_c50_frg_fold2_seed29,C50_FRG,2,29,2393148140,66debcb96516daec0fcb35bc1b8f437440b8d8ccfe3f1f8a21ab8ac53167bc2e,b88eaa2f52c0d52b0218d4deb251d418a76fcd733a95ce69eec3da1ac08896b6,31,32,120,1920,0.15878019894528278,0.02638289306096908,0.13239730646212897,7833,3935,1,56,27,37,0,0,1024.0,1024.0,1024.0,3.986591350884798,24.407533645629883,3.379000502807257e-05,26.275574672999937,1.3343563079833984,1.359375
fold2_seed29,cova3d_c50_frg_fold2_seed29,C50_FRG,2,29,2393148140,66debcb96516daec0fcb35bc1b8f437440b8d8ccfe3f1f8a21ab8ac53167bc2e,b88eaa2f52c0d52b0218d4deb251d418a76fcd733a95ce69eec3da1ac08896b6,32,33,120,1980,0.11679195422242969,0.017899470561372748,0.09889248311519623,9008,4774,0,63,30,27,0,0,1024.0,1024.0,1024.0,3.1153757490528124,24.13418197631836,2.6773621405624713e-05,26.314929666999888,1.3343563079833984,1.359375
fold2_seed29,cova3d_c50_frg_fold2_seed29,C50_FRG,2,29,2393148140,66debcb96516daec0fcb35bc1b8f437440b8d8ccfe3f1f8a21ab8ac53167bc2e,b88eaa2f52c0d52b0218d4deb251d418a76fcd733a95ce69eec3da1ac08896b6,33,34,120,2040,0.14594960255993403,0.03329834956545786,0.11265125473340352,8689,4464,2,54,29,37,0,0,1024.0,1024.0,1024.0,3.3765146016376093,33.70867919921875,2.059450057823627e-05,26.14135325699999,1.3343563079833984,1.359375
fold2_seed29,cova3d_c50_frg_fold2_seed29,C50_FRG,2,29,2393148140,66debcb96516daec0fcb35bc1b8f437440b8d8ccfe3f1f8a21ab8ac53167bc2e,b88eaa2f52c0d52b0218d4deb251d418a76fcd733a95ce69eec3da1ac08896b6,34,35,120,2100,0.1244637108039998,0.024012565126904188,0.10045114507277807,8439,4237,0,61,30,29,0,0,1024.0,1024.0,1024.0,3.2298590879887343,22.396224975585938,1.5294121726440254e-05,26.03168495,1.3343563079833984,1.359375
fold2_seed29,cova3d_c50_frg_fold2_seed29,C50_FRG,2,29,2393148140,66debcb96516daec0fcb35bc1b8f437440b8d8ccfe3f1f8a21ab8ac53167bc2e,b88eaa2f52c0d52b0218d4deb251d418a76fcd733a95ce69eec3da1ac08896b6,35,36,120,2160,0.13321545496496773,0.02083179260969814,0.11238366266091665,8763,4546,3,58,31,31,0,0,1024.0,1024.0,1024.0,2.2179689907236027,17.907865524291992,1.0908065214729997e-05,26.085081003999676,1.3343563079833984,1.359375
fold2_seed29,cova3d_c50_frg_fold2_seed29,C50_FRG,2,29,2393148140,66debcb96516daec0fcb35bc1b8f437440b8d8ccfe3f1f8a21ab8ac53167bc2e,b88eaa2f52c0d52b0218d4deb251d418a76fcd733a95ce69eec3da1ac08896b6,36,37,120,2220,0.07971333250788035,0.024941128369827936,0.054772203167279564,9014,4720,0,51,34,35,0,0,1024.0,1024.0,1024.0,2.3045470574793097,9.79973030090332,7.465773747813819e-06,26.090452939999977,1.3343563079833984,1.359375
fold2_seed29,cova3d_c50_frg_fold2_seed29,C50_FRG,2,29,2393148140,66debcb96516daec0fcb35bc1b8f437440b8d8ccfe3f1f8a21ab8ac53167bc2e,b88eaa2f52c0d52b0218d4deb251d418a76fcd733a95ce69eec3da1ac08896b6,37,38,120,2280,0.11039876861208218,0.02643396882428893,0.08396479984124501,8697,4513,1,55,33,32,0,0,1024.0,1024.0,1024.0,2.923343879977862,32.57393264770508,4.990354727730315e-06,26.13698335500021,1.3343563079833984,1.359375
fold2_seed29,cova3d_c50_frg_fold2_seed29,C50_FRG,2,29,2393148140,66debcb96516daec0fcb35bc1b8f437440b8d8ccfe3f1f8a21ab8ac53167bc2e,b88eaa2f52c0d52b0218d4deb251d418a76fcd733a95ce69eec3da1ac08896b6,38,39,120,2340,0.1370126304897551,0.032161013432713756,0.10485161791245143,8021,4124,1,61,35,24,0,0,1024.0,1024.0,1024.0,3.5092355963415076,21.986114501953125,3.498425138561358e-06,26.10652584399986,1.3343563079833984,1.359375
fold2_seed29,cova3d_c50_frg_fold2_seed29,C50_FRG,2,29,2393148140,66debcb96516daec0fcb35bc1b8f437440b8d8ccfe3f1f8a21ab8ac53167bc2e,b88eaa2f52c0d52b0218d4deb251d418a76fcd733a95ce69eec3da1ac08896b6,39,40,120,2400,0.11535662743009426,0.017662469692379546,0.09769415855407715,8993,4837,1,57,36,27,0,0,1024.0,1024.0,1024.0,2.5989330069210457,25.544109344482422,3e-06,26.154504118000204,1.3343563079833984,1.359375
fold2_seed29,cova3d_c100_coh_fold2_seed29,C100_COH,2,29,2393148140,66debcb96516daec0fcb35bc1b8f437440b8d8ccfe3f1f8a21ab8ac53167bc2e,b88eaa2f52c0d52b0218d4deb251d418a76fcd733a95ce69eec3da1ac08896b6,0,1,120,60,3.1349152689178785,2.4108684717367095,0.7240468010306358,8465,4306,1,60,31,29,2,2,1024.0,4096.0,1024.0,102.78640886942546,386.8146667480469,0.00017999999999999998,27.43662826100035,1.3345088958740234,1.400390625
fold2_seed29,cova3d_c100_coh_fold2_seed29,C100_COH,2,29,2393148140,66debcb96516daec0fcb35bc1b8f437440b8d8ccfe3f1f8a21ab8ac53167bc2e,b88eaa2f52c0d52b0218d4deb251d418a76fcd733a95ce69eec3da1ac08896b6,1,2,120,120,1.0239590210448113,0.7283929205573259,0.295566101372242,8227,4223,3,60,33,27,0,0,1024.0,1024.0,1024.0,31.47306740283966,146.8843536376953,0.0002999445918673937,26.502177986999868,1.3345088958740234,1.400390625
fold2_seed29,cova3d_c100_coh_fold2_seed29,C100_COH,2,29,2393148140,66debcb96516daec0fcb35bc1b8f437440b8d8ccfe3f1f8a21ab8ac53167bc2e,b88eaa2f52c0d52b0218d4deb251d418a76fcd733a95ce69eec3da1ac08896b6,2,3,120,180,0.7567896740996124,0.44499942623175837,0.31179024825493495,7653,3898,0,59,30,31,0,0,1024.0,1024.0,1024.0,11.938651275634765,70.64781188964844,0.0002991142965839822,26.527961189000052,1.3345088958740234,1.400390625
fold2_seed29,cova3d_c100_coh_fold2_seed29,C100_COH,2,29,2393148140,66debcb96516daec0fcb35bc1b8f437440b8d8ccfe3f1f8a21ab8ac53167bc2e,b88eaa2f52c0d52b0218d4deb251d418a76fcd733a95ce69eec3da1ac08896b6,3,4,120,240,0.5578275086474604,0.3346423279115697,0.2231851801276207,8286,4059,2,58,31,31,0,0,1024.0,1024.0,1024.0,7.026214635868867,29.273643493652344,0.0002972930965702204,26.502481346999957,1.3345088958740234,1.400390625
fold2_seed29,cova3d_c100_coh_fold2_seed29,C100_COH,2,29,2393148140,66debcb96516daec0fcb35bc1b8f437440b8d8ccfe3f1f8a21ab8ac53167bc2e,b88eaa2f52c0d52b0218d4deb251d418a76fcd733a95ce69eec3da1ac08896b6,4,5,120,300,0.4660888466290392,0.26794088084376805,0.19814796795447667,8089,4245,1,62,29,29,0,0,1024.0,1024.0,1024.0,6.104967758307854,29.44710922241211,0.0002944932171711482,26.4436710519999,1.3345088958740234,1.400390625
fold2_seed29,cova3d_c100_coh_fold2_seed29,C100_COH,2,29,2393148140,66debcb96516daec0fcb35bc1b8f437440b8d8ccfe3f1f8a21ab8ac53167bc2e,b88eaa2f52c0d52b0218d4deb251d418a76fcd733a95ce69eec3da1ac08896b6,5,6,120,360,0.5022260048989362,0.25458433442399836,0.24764167219400407,7524,3714,3,53,33,34,0,0,1024.0,1024.0,1024.0,6.560211673378944,24.333642959594727,0.000290733453407337,26.437342917000024,1.3345088958740234,1.400390625
fold2_seed29,cova3d_c100_coh_fold2_seed29,C100_COH,2,29,2393148140,66debcb96516daec0fcb35bc1b8f437440b8d8ccfe3f1f8a21ab8ac53167bc2e,b88eaa2f52c0d52b0218d4deb251d418a76fcd733a95ce69eec3da1ac08896b6,6,7,120,420,0.3328602847455234,0.17840734564391217,0.15445293883482616,8592,4268,4,56,35,29,0,0,1024.0,1024.0,1024.0,5.207527436067661,23.90837860107422,0.0002860390438077423,26.322991283999727,1.3345088958740234,1.400390625
fold2_seed29,cova3d_c100_coh_fold2_seed29,C100_COH,2,29,2393148140,66debcb96516daec0fcb35bc1b8f437440b8d8ccfe3f1f8a21ab8ac53167bc2e,b88eaa2f52c0d52b0218d4deb251d418a76fcd733a95ce69eec3da1ac08896b6,7,8,120,480,0.3272769338194242,0.15228806427063926,0.17498886982599896,8709,4474,2,63,26,31,0,0,1024.0,1024.0,1024.0,4.812033749371767,12.763263702392578,0.00028044150098859483,26.33951472299941,1.3345088958740234,1.400390625
fold2_seed29,cova3d_c100_coh_fold2_seed29,C100_COH,2,29,2393148140,66debcb96516daec0fcb35bc1b8f437440b8d8ccfe3f1f8a21ab8ac53167bc2e,b88eaa2f52c0d52b0218d4deb251d418a76fcd733a95ce69eec3da1ac08896b6,8,9,120,540,0.3289519735808426,0.13240545049193314,0.19654652227958044,8391,4128,2,54,24,42,0,0,1024.0,1024.0,1024.0,4.401202396179239,13.667009353637695,0.0002739784001156218,26.278910324000208,1.3345088958740234,1.400390625
fold2_seed29,cova3d_c100_coh_fold2_seed29,C100_COH,2,29,2393148140,66debcb96516daec0fcb35bc1b8f437440b8d8ccfe3f1f8a21ab8ac53167bc2e,b88eaa2f52c0d52b0218d4deb251d418a76fcd733a95ce69eec3da1ac08896b6,9,10,120,600,0.3100833823723709,0.125136254274427,0.18494712958733242,8239,4143,0,59,29,32,0,0,1024.0,1024.0,1024.0,5.451712323601047,16.829912185668945,0.0002666931266696063,26.17455714799962,1.3345088958740234,1.400390625
fold2_seed29,cova3d_c100_coh_fold2_seed29,C100_COH,2,29,2393148140,66debcb96516daec0fcb35bc1b8f437440b8d8ccfe3f1f8a21ab8ac53167bc2e,b88eaa2f52c0d52b0218d4deb251d418a76fcd733a95ce69eec3da1ac08896b6,10,11,120,660,0.32578171073352374,0.16034026020970488,0.16544144997994106,8216,4055,1,56,38,26,0,0,1024.0,1024.0,1024.0,5.963276832333455,26.9580020904541,0.0002586345852084849,26.238505129999794,1.3345088958740234,1.400390625
fold2_seed29,cova3d_c100_coh_fold2_seed29,C100_COH,2,29,2393148140,66debcb96516daec0fcb35bc1b8f437440b8d8ccfe3f1f8a21ab8ac53167bc2e,b88eaa2f52c0d52b0218d4deb251d418a76fcd733a95ce69eec3da1ac08896b6,11,12,120,720,0.26546477427479354,0.12648155792515656,0.13898321688175203,8075,3887,4,56,30,34,0,0,1024.0,1024.0,1024.0,5.50104463857909,33.45722961425781,0.0002498568710810032,26.32733693999944,1.3345088958740234,1.400390625
fold2_seed29,cova3d_c100_coh_fold2_seed29,C100_COH,2,29,2393148140,66debcb96516daec0fcb35bc1b8f437440b8d8ccfe3f1f8a21ab8ac53167bc2e,b88eaa2f52c0d52b0218d4deb251d418a76fcd733a95ce69eec3da1ac08896b6,12,13,120,780,0.23518092661558967,0.10087883131555676,0.13430209457874298,8126,4001,0,62,31,27,0,0,1024.0,1024.0,1024.0,3.8641772364576656,17.717361450195312,0.0002404189072956492,26.654144094000003,1.3345088958740234,1.400390625
fold2_seed29,cova3d_c100_coh_fold2_seed29,C100_COH,2,29,2393148140,66debcb96516daec0fcb35bc1b8f437440b8d8ccfe3f1f8a21ab8ac53167bc2e,b88eaa2f52c0d52b0218d4deb251d418a76fcd733a95ce69eec3da1ac08896b6,13,14,120,840,0.24239638946625444,0.0977318235246912,0.14466456522544224,7988,4075,0,55,34,31,0,0,1024.0,1024.0,1024.0,4.611694220453501,20.988771438598633,0.00023038404898248976,26.338008931999866,1.3345088958740234,1.400390625
fold2_seed29,cova3d_c100_coh_fold2_seed29,C100_COH,2,29,2393148140,66debcb96516daec0fcb35bc1b8f437440b8d8ccfe3f1f8a21ab8ac53167bc2e,b88eaa2f52c0d52b0218d4deb251d418a76fcd733a95ce69eec3da1ac08896b6,14,15,120,900,0.20521188442077498,0.09227017796321585,0.1129417061805725,7923,3874,5,60,27,33,0,0,1024.0,1024.0,1024.0,4.746182194227973,26.256526947021484,0.00021981965810307605,26.21610247999979,1.3345088958740234,1.400390625
fold2_seed29,cova3d_c100_coh_fold2_seed29,C100_COH,2,29,2393148140,66debcb96516daec0fcb35bc1b8f437440b8d8ccfe3f1f8a21ab8ac53167bc2e,b88eaa2f52c0d52b0218d4deb251d418a76fcd733a95ce69eec3da1ac08896b6,15,16,120,960,0.18034747244272087,0.07108400407986058,0.10926346778869629,8235,4167,2,74,20,26,0,0,1024.0,1024.0,1024.0,2.95101422695443,10.004703521728516,0.00020879665126330557,26.121445746999598,1.3345088958740234,1.400390625
fold2_seed29,cova3d_c100_coh_fold2_seed29,C100_COH,2,29,2393148140,66debcb96516daec0fcb35bc1b8f437440b8d8ccfe3f1f8a21ab8ac53167bc2e,b88eaa2f52c0d52b0218d4deb251d418a76fcd733a95ce69eec3da1ac08896b6,16,17,120,1020,0.17020474527341017,0.06035826276004173,0.10984648068745931,8337,4209,2,68,31,21,0,0,1024.0,1024.0,1024.0,3.0476085147509973,24.38387107849121,0.00019738902366467966,26.13377578499967,1.3345088958740234,1.400390625
fold2_seed29,cova3d_c100_coh_fold2_seed29,C100_COH,2,29,2393148140,66debcb96516daec0fcb35bc1b8f437440b8d8ccfe3f1f8a21ab8ac53167bc2e,b88eaa2f52c0d52b0218d4deb251d418a76fcd733a95ce69eec3da1ac08896b6,17,18,120,1080,0.155485870145939,0.06546385829564845,0.09002201159795126,8084,4077,3,64,31,25,0,0,1024.0,1024.0,1024.0,3.58185242532442,34.54506301879883,0.00018567335238957547,26.148713563000456,1.3345088958740234,1.400390625
fold2_seed29,cova3d_c100_coh_fold2_seed29,C100_COH,2,29,2393148140,66debcb96516daec0fcb35bc1b8f437440b8d8ccfe3f1f8a21ab8ac53167bc2e,b88eaa2f52c0d52b0218d4deb251d418a76fcd733a95ce69eec3da1ac08896b6,18,19,120,1140,0.21734236458129697,0.06369790864755487,0.15364445596933365,7923,3723,2,51,39,30,0,0,1024.0,1024.0,1024.0,3.9607399796446163,22.895967483520508,0.0001737282823548769,26.21403030900001,1.3345088958740234,1.400390625
fold2_seed29,cova3d_c100_coh_fold2_seed29,C100_COH,2,29,2393148140,66debcb96516daec0fcb35bc1b8f437440b8d8ccfe3f1f8a21ab8ac53167bc2e,b88eaa2f52c0d52b0218d4deb251d418a76fcd733a95ce69eec3da1ac08896b6,19,20,120,1200,0.1766099092056341,0.06664001689301055,0.10996989409128825,8175,4216,0,61,32,27,0,0,1024.0,1024.0,1024.0,4.162189280831566,33.388912200927734,0.00016163399838465363,26.244976678000057,1.3345088958740234,1.400390625
fold2_seed29,cova3d_c100_coh_fold2_seed29,C100_COH,2,29,2393148140,66debcb96516daec0fcb35bc1b8f437440b8d8ccfe3f1f8a21ab8ac53167bc2e,b88eaa2f52c0d52b0218d4deb251d418a76fcd733a95ce69eec3da1ac08896b6,20,21,120,1260,0.12393699991747932,0.04549231261344933,0.0784446880221367,8390,4239,0,63,23,34,0,0,1024.0,1024.0,1024.0,3.0638922400772572,26.07610511779785,0.00014947168694575625,26.176452727999276,1.3345088958740234,1.400390625
fold2_seed29,cova3d_c100_coh_fold2_seed29,C100_COH,2,29,2393148140,66debcb96516daec0fcb35bc1b8f437440b8d8ccfe3f1f8a21ab8ac53167bc2e,b88eaa2f52c0d52b0218d4deb251d418a76fcd733a95ce69eec3da1ac08896b6,21,22,120,1320,0.15518295811156121,0.038243181072922044,0.11693977614243825,7858,3890,3,49,32,39,0,0,1024.0,1024.0,1024.0,2.9287628282482427,13.18314266204834,0.0001373229911595876,26.06182057800015,1.3345088958740234,1.400390625
fold2_seed29,cova3d_c100_coh_fold2_seed29,C100_COH,2,29,2393148140,66debcb96516daec0fcb35bc1b8f437440b8d8ccfe3f1f8a21ab8ac53167bc2e,b88eaa2f52c0d52b0218d4deb251d418a76fcd733a95ce69eec3da1ac08896b6,22,23,120,1380,0.12701966475563087,0.03845402663668409,0.08856563766797383,8261,4101,0,57,29,34,0,0,1024.0,1024.0,1024.0,3.1985816777373355,13.529778480529785,0.00012526946274844474,26.149355336000554,1.3345088958740234,1.400390625
fold2_seed29,cova3d_c100_coh_fold2_seed29,C100_COH,2,29,2393148140,66debcb96516daec0fcb35bc1b8f437440b8d8ccfe3f1f8a21ab8ac53167bc2e,b88eaa2f52c0d52b0218d4deb251d418a76fcd733a95ce69eec3da1ac08896b6,23,24,120,1440,0.12233567925007188,0.036515869173816405,0.08581980963548025,7992,4011,1,50,31,39,0,0,1024.0,1024.0,1024.0,3.17080712824439,32.80156707763672,0.00011339201459540494,26.137916237000354,1.3345088958740234,1.400390625
fold2_seed29,cova3d_c100_coh_fold2_seed29,C100_COH,2,29,2393148140,66debcb96516daec0fcb35bc1b8f437440b8d8ccfe3f1f8a21ab8ac53167bc2e,b88eaa2f52c0d52b0218d4deb251d418a76fcd733a95ce69eec3da1ac08896b6,24,25,120,1500,0.12357137370910844,0.04107741283050027,0.08249396085739136,8408,4176,1,61,30,29,0,0,1024.0,1024.0,1024.0,3.4376525601993007,20.787460327148438,0.00010177037759260854,26.158279242999924,1.3345088958740234,1.400390625
fold2_seed29,cova3d_c100_coh_fold2_seed29,C100_COH,2,29,2393148140,66debcb96516daec0fcb35bc1b8f437440b8d8ccfe3f1f8a21ab8ac53167bc2e,b88eaa2f52c0d52b0218d4deb251d418a76fcd733a95ce69eec3da1ac08896b6,25,26,120,1560,0.11300453626010618,0.029579014585622686,0.08342552135388057,8510,3996,1,56,31,33,0,0,1024.0,1024.0,1024.0,4.622272122601862,35.303707122802734,9.048256542400759e-05,26.101466336000158,1.3345088958740234,1.400390625
fold2_seed29,cova3d_c100_coh_fold2_seed29,C100_COH,2,29,2393148140,66debcb96516daec0fcb35bc1b8f437440b8d8ccfe3f1f8a21ab8ac53167bc2e,b88eaa2f52c0d52b0218d4deb251d418a76fcd733a95ce69eec3da1ac08896b6,26,27,120,1620,0.13192685560304504,0.04744970827458553,0.0844771479566892,8458,4335,0,52,38,30,0,0,1024.0,1024.0,1024.0,4.551051669963636,45.58095932006836,7.960435087538242e-05,26.138163775000066,1.3345088958740234,1.400390625
fold2_seed29,cova3d_c100_coh_fold2_seed29,C100_COH,2,29,2393148140,66debcb96516daec0fcb35bc1b8f437440b8d8ccfe3f1f8a21ab8ac53167bc2e,b88eaa2f52c0d52b0218d4deb251d418a76fcd733a95ce69eec3da1ac08896b6,27,28,120,1680,0.0981166632684545,0.029307023820605498,0.06880963991085688,8319,4199,1,66,30,24,0,0,1024.0,1024.0,1024.0,4.422058456738402,32.48484420776367,6.920875718705205e-05,26.071207033000064,1.3345088958740234,1.400390625
fold2_seed29,cova3d_c100_coh_fold2_seed29,C100_COH,2,29,2393148140,66debcb96516daec0fcb35bc1b8f437440b8d8ccfe3f1f8a21ab8ac53167bc2e,b88eaa2f52c0d52b0218d4deb251d418a76fcd733a95ce69eec3da1ac08896b6,28,29,120,1740,0.09069356731031916,0.031912856251428444,0.05878071089585622,8386,4129,1,60,27,33,0,0,1024.0,1024.0,1024.0,5.143462993530557,42.469017028808594,5.936556786372413e-05,26.035282724999888,1.3345088958740234,1.400390625
fold2_seed29,cova3d_c100_coh_fold2_seed29,C100_COH,2,29,2393148140,66debcb96516daec0fcb35bc1b8f437440b8d8ccfe3f1f8a21ab8ac53167bc2e,b88eaa2f52c0d52b0218d4deb251d418a76fcd733a95ce69eec3da1ac08896b6,29,30,120,1800,0.06825272318841247,0.028565347136937126,0.03968737622102102,8676,4280,3,61,26,33,0,0,1024.0,1024.0,1024.0,3.1703190254978835,19.98150634765625,5.014085823202989e-05,25.990149491999546,1.3345088958740234,1.400390625
fold2_seed29,cova3d_c100_coh_fold2_seed29,C100_COH,2,29,2393148140,66debcb96516daec0fcb35bc1b8f437440b8d8ccfe3f1f8a21ab8ac53167bc2e,b88eaa2f52c0d52b0218d4deb251d418a76fcd733a95ce69eec3da1ac08896b6,30,31,120,1860,0.058993322939237355,0.03593792001111416,0.023055402437845866,8314,4316,0,63,32,25,0,0,1024.0,1024.0,1024.0,3.9024981322038608,85.24512481689453,4.159655189030408e-05,26.054804625000543,1.3345088958740234,1.400390625
fold2_seed29,cova3d_c100_coh_fold2_seed29,C100_COH,2,29,2393148140,66debcb96516daec0fcb35bc1b8f437440b8d8ccfe3f1f8a21ab8ac53167bc2e,b88eaa2f52c0d52b0218d4deb251d418a76fcd733a95ce69eec3da1ac08896b6,31,32,120,1920,0.08965909286520031,0.025043069301500864,0.06461602449417114,8090,4078,1,56,27,37,0,0,1024.0,1024.0,1024.0,3.6793609840979724,46.74076461791992,3.379000502807257e-05,25.974704902000667,1.3345088958740234,1.400390625
fold2_seed29,cova3d_c100_coh_fold2_seed29,C100_COH,2,29,2393148140,66debcb96516daec0fcb35bc1b8f437440b8d8ccfe3f1f8a21ab8ac53167bc2e,b88eaa2f52c0d52b0218d4deb251d418a76fcd733a95ce69eec3da1ac08896b6,32,33,120,1980,0.0622521374305888,0.01714204244296911,0.045110095540682474,8444,4326,0,63,30,27,0,0,1024.0,1024.0,1024.0,3.173954539905147,49.95079803466797,2.6773621405624713e-05,25.881254844999603,1.3345088958740234,1.400390625
fold2_seed29,cova3d_c100_coh_fold2_seed29,C100_COH,2,29,2393148140,66debcb96516daec0fcb35bc1b8f437440b8d8ccfe3f1f8a21ab8ac53167bc2e,b88eaa2f52c0d52b0218d4deb251d418a76fcd733a95ce69eec3da1ac08896b6,33,34,120,2040,0.07029642874979772,0.017651887028575192,0.052644540866216026,8259,3986,2,54,29,37,0,0,1024.0,1024.0,1024.0,3.4094677548273467,64.76045989990234,2.059450057823627e-05,26.08665979899979,1.3345088958740234,1.400390625
fold2_seed29,cova3d_c100_coh_fold2_seed29,C100_COH,2,29,2393148140,66debcb96516daec0fcb35bc1b8f437440b8d8ccfe3f1f8a21ab8ac53167bc2e,b88eaa2f52c0d52b0218d4deb251d418a76fcd733a95ce69eec3da1ac08896b6,34,35,120,2100,0.08264390769937673,0.01602518719719589,0.06661872019370398,8344,4106,0,61,30,29,0,0,1024.0,1024.0,1024.0,3.4641622060890467,45.17088317871094,1.5294121726440254e-05,26.106175909999365,1.3345088958740234,1.400390625
fold2_seed29,cova3d_c100_coh_fold2_seed29,C100_COH,2,29,2393148140,66debcb96516daec0fcb35bc1b8f437440b8d8ccfe3f1f8a21ab8ac53167bc2e,b88eaa2f52c0d52b0218d4deb251d418a76fcd733a95ce69eec3da1ac08896b6,35,36,120,2160,0.04117861238911799,0.024369121355744264,0.016809490819772083,7950,3826,2,58,31,31,0,0,1024.0,1024.0,1024.0,4.070715661214975,59.16585159301758,1.0908065214729997e-05,25.950729004000095,1.3345088958740234,1.400390625
fold2_seed29,cova3d_c100_coh_fold2_seed29,C100_COH,2,29,2393148140,66debcb96516daec0fcb35bc1b8f437440b8d8ccfe3f1f8a21ab8ac53167bc2e,b88eaa2f52c0d52b0218d4deb251d418a76fcd733a95ce69eec3da1ac08896b6,36,37,120,2220,0.04918814888589227,0.01916263646310604,0.030025512476762137,8708,4488,0,51,34,35,0,0,1024.0,1024.0,1024.0,3.4358230635814833,68.78273010253906,7.465773747813819e-06,25.786003252000228,1.3345088958740234,1.400390625
fold2_seed29,cova3d_c100_coh_fold2_seed29,C100_COH,2,29,2393148140,66debcb96516daec0fcb35bc1b8f437440b8d8ccfe3f1f8a21ab8ac53167bc2e,b88eaa2f52c0d52b0218d4deb251d418a76fcd733a95ce69eec3da1ac08896b6,37,38,120,2280,0.041762869343175746,0.015290811281961188,0.026472057898839316,8514,4392,2,55,33,32,0,0,1024.0,1024.0,1024.0,2.566981820443895,28.907867431640625,4.990354727730315e-06,25.931921829000203,1.3345088958740234,1.400390625
fold2_seed29,cova3d_c100_coh_fold2_seed29,C100_COH,2,29,2393148140,66debcb96516daec0fcb35bc1b8f437440b8d8ccfe3f1f8a21ab8ac53167bc2e,b88eaa2f52c0d52b0218d4deb251d418a76fcd733a95ce69eec3da1ac08896b6,38,39,120,2340,0.06084432364698964,0.020444712890542237,0.04039961149295171,7840,3938,1,61,35,24,0,0,1024.0,1024.0,1024.0,2.4616407583254234,35.241153717041016,3.498425138561358e-06,26.061526024999694,1.3345088958740234,1.400390625
fold2_seed29,cova3d_c100_coh_fold2_seed29,C100_COH,2,29,2393148140,66debcb96516daec0fcb35bc1b8f437440b8d8ccfe3f1f8a21ab8ac53167bc2e,b88eaa2f52c0d52b0218d4deb251d418a76fcd733a95ce69eec3da1ac08896b6,39,40,120,2400,0.08045080322016712,0.01029502771805269,0.07015577405691147,8472,4340,0,57,36,27,0,0,1024.0,1024.0,1024.0,2.703850097945542,37.698883056640625,3e-06,26.06376235300013,1.3345088958740234,1.400390625
fold2_seed29,cova3d_c100_dis_fold2_seed29,C100_DIS,2,29,2393148140,66debcb96516daec0fcb35bc1b8f437440b8d8ccfe3f1f8a21ab8ac53167bc2e,b88eaa2f52c0d52b0218d4deb251d418a76fcd733a95ce69eec3da1ac08896b6,0,1,120,60,3.2734454277902842,2.5595757501044623,0.713869662086169,8422,4315,1,60,31,29,2,2,1024.0,4096.0,1024.0,97.66481717427571,348.5447082519531,0.00017999999999999998,27.55541779899977,1.3350658416748047,1.36328125
fold2_seed29,cova3d_c100_dis_fold2_seed29,C100_DIS,2,29,2393148140,66debcb96516daec0fcb35bc1b8f437440b8d8ccfe3f1f8a21ab8ac53167bc2e,b88eaa2f52c0d52b0218d4deb251d418a76fcd733a95ce69eec3da1ac08896b6,1,2,120,120,1.2618172756153703,0.9020114461648822,0.35980582336584727,8281,4280,3,60,33,27,0,0,1024.0,1024.0,1024.0,35.48211778799693,155.22189331054688,0.0002999445918673937,26.698298679999425,1.3350658416748047,1.36328125
fold2_seed29,cova3d_c100_dis_fold2_seed29,C100_DIS,2,29,2393148140,66debcb96516daec0fcb35bc1b8f437440b8d8ccfe3f1f8a21ab8ac53167bc2e,b88eaa2f52c0d52b0218d4deb251d418a76fcd733a95ce69eec3da1ac08896b6,2,3,120,180,1.002287295173543,0.6211548315904414,0.3811324656009674,7648,3896,0,59,30,31,0,0,1024.0,1024.0,1024.0,13.928466526667277,52.839683532714844,0.0002991142965839822,26.430565839999872,1.3350658416748047,1.36328125
fold2_seed29,cova3d_c100_dis_fold2_seed29,C100_DIS,2,29,2393148140,66debcb96516daec0fcb35bc1b8f437440b8d8ccfe3f1f8a21ab8ac53167bc2e,b88eaa2f52c0d52b0218d4deb251d418a76fcd733a95ce69eec3da1ac08896b6,3,4,120,240,0.8216610472959777,0.49321335228160024,0.32844769209623337,8442,4132,1,58,31,31,0,0,1024.0,1024.0,1024.0,8.908526488145192,41.959434509277344,0.0002972930965702204,26.45433283300008,1.3350658416748047,1.36328125
fold2_seed29,cova3d_c100_dis_fold2_seed29,C100_DIS,2,29,2393148140,66debcb96516daec0fcb35bc1b8f437440b8d8ccfe3f1f8a21ab8ac53167bc2e,b88eaa2f52c0d52b0218d4deb251d418a76fcd733a95ce69eec3da1ac08896b6,4,5,120,300,0.7429470346891321,0.44500226530168824,0.29794477025667826,7850,4048,1,62,29,29,0,0,1024.0,1024.0,1024.0,9.041883258024852,31.880586624145508,0.0002944932171711482,26.619731732999753,1.3350658416748047,1.36328125
fold2_seed29,cova3d_c100_dis_fold2_seed29,C100_DIS,2,29,2393148140,66debcb96516daec0fcb35bc1b8f437440b8d8ccfe3f1f8a21ab8ac53167bc2e,b88eaa2f52c0d52b0218d4deb251d418a76fcd733a95ce69eec3da1ac08896b6,5,6,120,360,0.763338075679106,0.43145761847651254,0.33188045819600426,7480,3649,2,53,33,34,0,0,1024.0,1024.0,1024.0,8.131808571020763,33.948089599609375,0.000290733453407337,26.55189945500024,1.3350658416748047,1.36328125
fold2_seed29,cova3d_c100_dis_fold2_seed29,C100_DIS,2,29,2393148140,66debcb96516daec0fcb35bc1b8f437440b8d8ccfe3f1f8a21ab8ac53167bc2e,b88eaa2f52c0d52b0218d4deb251d418a76fcd733a95ce69eec3da1ac08896b6,6,7,120,420,0.6154546765144915,0.35675652269273994,0.25869815548261005,8277,4013,3,56,35,29,0,0,1024.0,1024.0,1024.0,7.072398968537649,22.25641441345215,0.0002860390438077423,26.443355330000486,1.3350658416748047,1.36328125
fold2_seed29,cova3d_c100_dis_fold2_seed29,C100_DIS,2,29,2393148140,66debcb96516daec0fcb35bc1b8f437440b8d8ccfe3f1f8a21ab8ac53167bc2e,b88eaa2f52c0d52b0218d4deb251d418a76fcd733a95ce69eec3da1ac08896b6,7,8,120,480,0.5527274617770066,0.3106187106304181,0.24210875034332274,8474,4286,2,63,26,31,0,0,1024.0,1024.0,1024.0,6.592021977901458,20.40574073791504,0.00028044150098859483,26.458673653000005,1.3350658416748047,1.36328125
fold2_seed29,cova3d_c100_dis_fold2_seed29,C100_DIS,2,29,2393148140,66debcb96516daec0fcb35bc1b8f437440b8d8ccfe3f1f8a21ab8ac53167bc2e,b88eaa2f52c0d52b0218d4deb251d418a76fcd733a95ce69eec3da1ac08896b6,8,9,120,540,0.5405321292637382,0.28159874503617177,0.25893338322639464,8284,4069,2,54,24,42,0,0,1024.0,1024.0,1024.0,6.2389529267946875,21.629552841186523,0.0002739784001156218,26.48999987099978,1.3350658416748047,1.36328125
fold2_seed29,cova3d_c100_dis_fold2_seed29,C100_DIS,2,29,2393148140,66debcb96516daec0fcb35bc1b8f437440b8d8ccfe3f1f8a21ab8ac53167bc2e,b88eaa2f52c0d52b0218d4deb251d418a76fcd733a95ce69eec3da1ac08896b6,9,10,120,600,0.4962342351160866,0.2654092012468027,0.2308250327905019,8278,4222,0,59,29,32,0,0,1024.0,1024.0,1024.0,6.644827969868978,19.36224937438965,0.0002666931266696063,26.560216425999897,1.3350658416748047,1.36328125
fold2_seed29,cova3d_c100_dis_fold2_seed29,C100_DIS,2,29,2393148140,66debcb96516daec0fcb35bc1b8f437440b8d8ccfe3f1f8a21ab8ac53167bc2e,b88eaa2f52c0d52b0218d4deb251d418a76fcd733a95ce69eec3da1ac08896b6,10,11,120,660,0.46711430439027024,0.263325952552259,0.20378835399945577,8133,4054,1,56,38,26,0,0,1024.0,1024.0,1024.0,7.744643032550812,67.29957580566406,0.0002586345852084849,26.412303266999515,1.3350658416748047,1.36328125
fold2_seed29,cova3d_c100_dis_fold2_seed29,C100_DIS,2,29,2393148140,66debcb96516daec0fcb35bc1b8f437440b8d8ccfe3f1f8a21ab8ac53167bc2e,b88eaa2f52c0d52b0218d4deb251d418a76fcd733a95ce69eec3da1ac08896b6,11,12,120,720,0.4258605773662566,0.23811275647652413,0.18774782021840414,8136,3919,3,56,30,34,0,0,1024.0,1024.0,1024.0,6.781071398407221,37.53964614868164,0.0002498568710810032,26.356138873999953,1.3350658416748047,1.36328125
fold2_seed29,cova3d_c100_dis_fold2_seed29,C100_DIS,2,29,2393148140,66debcb96516daec0fcb35bc1b8f437440b8d8ccfe3f1f8a21ab8ac53167bc2e,b88eaa2f52c0d52b0218d4deb251d418a76fcd733a95ce69eec3da1ac08896b6,12,13,120,780,0.37366329164118117,0.200581769188769,0.17308152318000794,7953,3859,0,62,31,27,0,0,1024.0,1024.0,1024.0,6.162371517717839,24.38055419921875,0.0002404189072956492,26.465337306999572,1.3350658416748047,1.36328125
fold2_seed29,cova3d_c100_dis_fold2_seed29,C100_DIS,2,29,2393148140,66debcb96516daec0fcb35bc1b8f437440b8d8ccfe3f1f8a21ab8ac53167bc2e,b88eaa2f52c0d52b0218d4deb251d418a76fcd733a95ce69eec3da1ac08896b6,13,14,120,840,0.39769721761573845,0.209402359888918,0.1882948562502861,8135,4190,0,55,34,31,0,0,1024.0,1024.0,1024.0,6.085635608434677,34.07924270629883,0.00023038404898248976,26.41008074199999,1.3350658416748047,1.36328125
fold2_seed29,cova3d_c100_dis_fold2_seed29,C100_DIS,2,29,2393148140,66debcb96516daec0fcb35bc1b8f437440b8d8ccfe3f1f8a21ab8ac53167bc2e,b88eaa2f52c0d52b0218d4deb251d418a76fcd733a95ce69eec3da1ac08896b6,14,15,120,900,0.33892584137259596,0.19100345038835562,0.1479223921895027,8123,4030,4,60,27,33,0,0,1024.0,1024.0,1024.0,5.880533656477928,20.12205696105957,0.00021981965810307605,26.230402801999844,1.3350658416748047,1.36328125
fold2_seed29,cova3d_c100_dis_fold2_seed29,C100_DIS,2,29,2393148140,66debcb96516daec0fcb35bc1b8f437440b8d8ccfe3f1f8a21ab8ac53167bc2e,b88eaa2f52c0d52b0218d4deb251d418a76fcd733a95ce69eec3da1ac08896b6,15,16,120,960,0.3258910134551115,0.18053148685333628,0.14535952657461165,8212,4151,1,74,20,26,0,0,1024.0,1024.0,1024.0,5.225647791226705,20.1716365814209,0.00020879665126330557,26.382231775000037,1.3350658416748047,1.36328125
fold2_seed29,cova3d_c100_dis_fold2_seed29,C100_DIS,2,29,2393148140,66debcb96516daec0fcb35bc1b8f437440b8d8ccfe3f1f8a21ab8ac53167bc2e,b88eaa2f52c0d52b0218d4deb251d418a76fcd733a95ce69eec3da1ac08896b6,16,17,120,1020,0.24640559051864935,0.12285156677244231,0.12355402310689291,8424,4253,2,68,31,21,0,0,1024.0,1024.0,1024.0,4.285362136860688,17.463024139404297,0.00019738902366467966,26.426831761000358,1.3350658416748047,1.36328125
fold2_seed29,cova3d_c100_dis_fold2_seed29,C100_DIS,2,29,2393148140,66debcb96516daec0fcb35bc1b8f437440b8d8ccfe3f1f8a21ab8ac53167bc2e,b88eaa2f52c0d52b0218d4deb251d418a76fcd733a95ce69eec3da1ac08896b6,17,18,120,1080,0.26729470353699675,0.13358332208445062,0.13371138175328573,8199,4103,0,64,31,25,0,0,1024.0,1024.0,1024.0,4.649456499516964,18.009620666503906,0.00018567335238957547,26.284290018999855,1.3350658416748047,1.36328125
fold2_seed29,cova3d_c100_dis_fold2_seed29,C100_DIS,2,29,2393148140,66debcb96516daec0fcb35bc1b8f437440b8d8ccfe3f1f8a21ab8ac53167bc2e,b88eaa2f52c0d52b0218d4deb251d418a76fcd733a95ce69eec3da1ac08896b6,18,19,120,1140,0.31541222486084736,0.13995888683457453,0.1754533385237058,8115,3859,0,51,39,30,0,0,1024.0,1024.0,1024.0,6.162371504058441,33.92127227783203,0.0001737282823548769,26.302222525000616,1.3350658416748047,1.36328125
fold2_seed29,cova3d_c100_dis_fold2_seed29,C100_DIS,2,29,2393148140,66debcb96516daec0fcb35bc1b8f437440b8d8ccfe3f1f8a21ab8ac53167bc2e,b88eaa2f52c0d52b0218d4deb251d418a76fcd733a95ce69eec3da1ac08896b6,19,20,120,1200,0.26135534678275385,0.13384536535231745,0.12750998189051946,8211,4243,0,61,32,27,0,0,1024.0,1024.0,1024.0,5.970877707501253,26.191513061523438,0.00016163399838465363,26.280464417000076,1.3350658416748047,1.36328125
fold2_seed29,cova3d_c100_dis_fold2_seed29,C100_DIS,2,29,2393148140,66debcb96516daec0fcb35bc1b8f437440b8d8ccfe3f1f8a21ab8ac53167bc2e,b88eaa2f52c0d52b0218d4deb251d418a76fcd733a95ce69eec3da1ac08896b6,20,21,120,1260,0.22936571150015272,0.12426720513085457,0.10509850730498632,8279,4184,0,63,23,34,0,0,1024.0,1024.0,1024.0,5.239134140312672,30.75258445739746,0.00014947168694575625,26.43556044900015,1.3350658416748047,1.36328125
fold2_seed29,cova3d_c100_dis_fold2_seed29,C100_DIS,2,29,2393148140,66debcb96516daec0fcb35bc1b8f437440b8d8ccfe3f1f8a21ab8ac53167bc2e,b88eaa2f52c0d52b0218d4deb251d418a76fcd733a95ce69eec3da1ac08896b6,21,22,120,1320,0.2522506227471846,0.10778354169512265,0.1444670816262563,7807,3873,2,49,32,39,0,0,1024.0,1024.0,1024.0,4.8584318831563,32.105674743652344,0.0001373229911595876,26.346944574999725,1.3350658416748047,1.36328125
fold2_seed29,cova3d_c100_dis_fold2_seed29,C100_DIS,2,29,2393148140,66debcb96516daec0fcb35bc1b8f437440b8d8ccfe3f1f8a21ab8ac53167bc2e,b88eaa2f52c0d52b0218d4deb251d418a76fcd733a95ce69eec3da1ac08896b6,22,23,120,1380,0.2444696180949298,0.1133345045656218,0.1311351145307223,8188,4074,0,57,29,34,0,0,1024.0,1024.0,1024.0,5.528274752696356,33.05502700805664,0.00012526946274844474,26.364639429999443,1.3350658416748047,1.36328125
fold2_seed29,cova3d_c100_dis_fold2_seed29,C100_DIS,2,29,2393148140,66debcb96516daec0fcb35bc1b8f437440b8d8ccfe3f1f8a21ab8ac53167bc2e,b88eaa2f52c0d52b0218d4deb251d418a76fcd733a95ce69eec3da1ac08896b6,23,24,120,1440,0.19029608325557396,0.09013175240191534,0.10016432950894037,8096,4147,1,50,31,39,0,0,1024.0,1024.0,1024.0,4.211613903691371,19.641855239868164,0.00011339201459540494,26.267592864999642,1.3350658416748047,1.36328125
fold2_seed29,cova3d_c100_dis_fold2_seed29,C100_DIS,2,29,2393148140,66debcb96516daec0fcb35bc1b8f437440b8d8ccfe3f1f8a21ab8ac53167bc2e,b88eaa2f52c0d52b0218d4deb251d418a76fcd733a95ce69eec3da1ac08896b6,24,25,120,1500,0.18617692050853898,0.08207749855719157,0.10409942269325256,8686,4329,1,61,30,29,0,0,1024.0,1024.0,1024.0,3.5625190515692036,16.684972763061523,0.00010177037759260854,26.217300668999997,1.3350658416748047,1.36328125
fold2_seed29,cova3d_c100_dis_fold2_seed29,C100_DIS,2,29,2393148140,66debcb96516daec0fcb35bc1b8f437440b8d8ccfe3f1f8a21ab8ac53167bc2e,b88eaa2f52c0d52b0218d4deb251d418a76fcd733a95ce69eec3da1ac08896b6,25,26,120,1560,0.17487800398482706,0.0804826164194992,0.09439538766940435,8589,4098,1,56,31,33,0,0,1024.0,1024.0,1024.0,4.654613717311682,39.54917907714844,9.048256542400759e-05,26.314582499999233,1.3350658416748047,1.36328125
fold2_seed29,cova3d_c100_dis_fold2_seed29,C100_DIS,2,29,2393148140,66debcb96516daec0fcb35bc1b8f437440b8d8ccfe3f1f8a21ab8ac53167bc2e,b88eaa2f52c0d52b0218d4deb251d418a76fcd733a95ce69eec3da1ac08896b6,26,27,120,1620,0.15179416674821672,0.07264860448196941,0.07914556115865708,8530,4371,0,52,38,30,0,0,1024.0,1024.0,1024.0,3.6345819709201654,11.467036247253418,7.960435087538242e-05,26.16595916999995,1.3350658416748047,1.36328125
fold2_seed29,cova3d_c100_dis_fold2_seed29,C100_DIS,2,29,2393148140,66debcb96516daec0fcb35bc1b8f437440b8d8ccfe3f1f8a21ab8ac53167bc2e,b88eaa2f52c0d52b0218d4deb251d418a76fcd733a95ce69eec3da1ac08896b6,27,28,120,1680,0.18423201405445677,0.0603875697017429,0.12384444524844487,8287,4217,1,66,30,24,0,0,1024.0,1024.0,1024.0,3.045987456664443,12.932733535766602,6.920875718705205e-05,26.181386970999483,1.3350658416748047,1.36328125
fold2_seed29,cova3d_c100_dis_fold2_seed29,C100_DIS,2,29,2393148140,66debcb96516daec0fcb35bc1b8f437440b8d8ccfe3f1f8a21ab8ac53167bc2e,b88eaa2f52c0d52b0218d4deb251d418a76fcd733a95ce69eec3da1ac08896b6,28,29,120,1740,0.20566061807858205,0.068799773848923,0.13686084399620693,8550,4264,1,60,27,33,0,0,1024.0,1024.0,1024.0,4.020583719791223,12.848991394042969,5.936556786372413e-05,26.388390989999607,1.3350658416748047,1.36328125
fold2_seed29,cova3d_c100_dis_fold2_seed29,C100_DIS,2,29,2393148140,66debcb96516daec0fcb35bc1b8f437440b8d8ccfe3f1f8a21ab8ac53167bc2e,b88eaa2f52c0d52b0218d4deb251d418a76fcd733a95ce69eec3da1ac08896b6,29,30,120,1800,0.13635838522265356,0.06006819789123862,0.07629018624623617,8646,4232,3,61,26,33,0,0,1024.0,1024.0,1024.0,4.54807605377088,30.354618072509766,5.014085823202989e-05,26.377517566999813,1.3350658416748047,1.36328125
fold2_seed29,cova3d_c100_dis_fold2_seed29,C100_DIS,2,29,2393148140,66debcb96516daec0fcb35bc1b8f437440b8d8ccfe3f1f8a21ab8ac53167bc2e,b88eaa2f52c0d52b0218d4deb251d418a76fcd733a95ce69eec3da1ac08896b6,30,31,120,1860,0.13314654163771897,0.051443561860951566,0.0817029799024264,8274,4263,0,63,32,25,0,0,1024.0,1024.0,1024.0,4.268360830005259,45.53508758544922,4.159655189030408e-05,26.131295430000137,1.3350658416748047,1.36328125
fold2_seed29,cova3d_c100_dis_fold2_seed29,C100_DIS,2,29,2393148140,66debcb96516daec0fcb35bc1b8f437440b8d8ccfe3f1f8a21ab8ac53167bc2e,b88eaa2f52c0d52b0218d4deb251d418a76fcd733a95ce69eec3da1ac08896b6,31,32,120,1920,0.18729380942434848,0.0535003532659213,0.1337934563557307,8143,4100,1,56,27,37,0,0,1024.0,1024.0,1024.0,4.173689060068379,26.178205490112305,3.379000502807257e-05,26.25774767400071,1.3350658416748047,1.36328125
fold2_seed29,cova3d_c100_dis_fold2_seed29,C100_DIS,2,29,2393148140,66debcb96516daec0fcb35bc1b8f437440b8d8ccfe3f1f8a21ab8ac53167bc2e,b88eaa2f52c0d52b0218d4deb251d418a76fcd733a95ce69eec3da1ac08896b6,32,33,120,1980,0.140001560765423,0.04660342487599678,0.09339813590049743,8440,4286,0,63,30,27,0,0,1024.0,1024.0,1024.0,4.732475997383395,39.465877532958984,2.6773621405624713e-05,26.31886418799968,1.3350658416748047,1.36328125
fold2_seed29,cova3d_c100_dis_fold2_seed29,C100_DIS,2,29,2393148140,66debcb96516daec0fcb35bc1b8f437440b8d8ccfe3f1f8a21ab8ac53167bc2e,b88eaa2f52c0d52b0218d4deb251d418a76fcd733a95ce69eec3da1ac08896b6,33,34,120,2040,0.130813283353109,0.05492542823908479,0.07588785588741302,8244,3931,2,54,29,37,0,0,1024.0,1024.0,1024.0,4.200317857414484,29.806406021118164,2.059450057823627e-05,26.20473169700017,1.3350658416748047,1.36328125
fold2_seed29,cova3d_c100_dis_fold2_seed29,C100_DIS,2,29,2393148140,66debcb96516daec0fcb35bc1b8f437440b8d8ccfe3f1f8a21ab8ac53167bc2e,b88eaa2f52c0d52b0218d4deb251d418a76fcd733a95ce69eec3da1ac08896b6,34,35,120,2100,0.1401576767601379,0.042967809803599266,0.0971898669997851,8271,4037,0,61,30,29,0,0,1024.0,1024.0,1024.0,3.2423619905486705,13.236452102661133,1.5294121726440254e-05,26.20892482599993,1.3350658416748047,1.36328125
fold2_seed29,cova3d_c100_dis_fold2_seed29,C100_DIS,2,29,2393148140,66debcb96516daec0fcb35bc1b8f437440b8d8ccfe3f1f8a21ab8ac53167bc2e,b88eaa2f52c0d52b0218d4deb251d418a76fcd733a95ce69eec3da1ac08896b6,35,36,120,2160,0.10767765066450466,0.04733451239065592,0.06034313788016637,8145,3958,1,58,31,31,0,0,1024.0,1024.0,1024.0,3.322273403250923,12.967329025268555,1.0908065214729997e-05,26.23763986999984,1.3350658416748047,1.36328125
fold2_seed29,cova3d_c100_dis_fold2_seed29,C100_DIS,2,29,2393148140,66debcb96516daec0fcb35bc1b8f437440b8d8ccfe3f1f8a21ab8ac53167bc2e,b88eaa2f52c0d52b0218d4deb251d418a76fcd733a95ce69eec3da1ac08896b6,36,37,120,2220,0.10403354865784423,0.04479248583831274,0.05924106240272522,8613,4411,0,51,34,35,0,0,1024.0,1024.0,1024.0,4.027048905659467,58.90229034423828,7.465773747813819e-06,26.305724069999997,1.3350658416748047,1.36328125
fold2_seed29,cova3d_c100_dis_fold2_seed29,C100_DIS,2,29,2393148140,66debcb96516daec0fcb35bc1b8f437440b8d8ccfe3f1f8a21ab8ac53167bc2e,b88eaa2f52c0d52b0218d4deb251d418a76fcd733a95ce69eec3da1ac08896b6,37,38,120,2280,0.13054034239838377,0.053867439056144426,0.07667290270328522,8736,4528,1,55,33,32,0,0,1024.0,1024.0,1024.0,4.301641718670726,52.283443450927734,4.990354727730315e-06,26.32353125699956,1.3350658416748047,1.36328125
fold2_seed29,cova3d_c100_dis_fold2_seed29,C100_DIS,2,29,2393148140,66debcb96516daec0fcb35bc1b8f437440b8d8ccfe3f1f8a21ab8ac53167bc2e,b88eaa2f52c0d52b0218d4deb251d418a76fcd733a95ce69eec3da1ac08896b6,38,39,120,2340,0.10518251133012389,0.048702517467819464,0.056479992965857186,8022,4093,1,61,35,24,0,0,1024.0,1024.0,1024.0,3.8507229310149946,25.806734085083008,3.498425138561358e-06,26.23764017800022,1.3350658416748047,1.36328125
fold2_seed29,cova3d_c100_dis_fold2_seed29,C100_DIS,2,29,2393148140,66debcb96516daec0fcb35bc1b8f437440b8d8ccfe3f1f8a21ab8ac53167bc2e,b88eaa2f52c0d52b0218d4deb251d418a76fcd733a95ce69eec3da1ac08896b6,39,40,120,2400,0.13314497015646035,0.04507723010676609,0.08806774069865544,8351,4248,0,57,36,27,0,0,1024.0,1024.0,1024.0,5.478191523052131,61.147010803222656,3e-06,26.19847577999917,1.3350658416748047,1.36328125
fold2_seed29,cova3d_c100_frg_fold2_seed29,C100_FRG,2,29,2393148140,66debcb96516daec0fcb35bc1b8f437440b8d8ccfe3f1f8a21ab8ac53167bc2e,b88eaa2f52c0d52b0218d4deb251d418a76fcd733a95ce69eec3da1ac08896b6,0,1,120,60,3.1814252083500225,2.44686255287379,0.7345626453558604,8499,4347,1,60,31,29,3,3,512.0,4096.0,512.0,103.54806315104166,432.71466064453125,0.00017999999999999998,27.944229661999998,1.3346691131591797,1.525390625
fold2_seed29,cova3d_c100_frg_fold2_seed29,C100_FRG,2,29,2393148140,66debcb96516daec0fcb35bc1b8f437440b8d8ccfe3f1f8a21ab8ac53167bc2e,b88eaa2f52c0d52b0218d4deb251d418a76fcd733a95ce69eec3da1ac08896b6,1,2,120,120,1.3071605660875016,0.9488223006293992,0.3583382651209831,8328,4303,3,60,33,27,0,0,512.0,512.0,512.0,36.05366441408793,168.92547607421875,0.0002999445918673937,26.73628126299991,1.3346691131591797,1.525390625
fold2_seed29,cova3d_c100_frg_fold2_seed29,C100_FRG,2,29,2393148140,66debcb96516daec0fcb35bc1b8f437440b8d8ccfe3f1f8a21ab8ac53167bc2e,b88eaa2f52c0d52b0218d4deb251d418a76fcd733a95ce69eec3da1ac08896b6,2,3,120,180,0.9630304340234337,0.5957074696392132,0.3673229699333509,7690,3949,0,59,30,31,0,0,512.0,512.0,512.0,14.637077736854554,90.31590270996094,0.0002991142965839822,26.7794011040005,1.3346691131591797,1.525390625
fold2_seed29,cova3d_c100_frg_fold2_seed29,C100_FRG,2,29,2393148140,66debcb96516daec0fcb35bc1b8f437440b8d8ccfe3f1f8a21ab8ac53167bc2e,b88eaa2f52c0d52b0218d4deb251d418a76fcd733a95ce69eec3da1ac08896b6,3,4,120,240,0.7522687407210469,0.4539525813248474,0.298316157857577,8401,4132,1,58,31,31,0,0,512.0,512.0,512.0,9.463835126161575,55.35494613647461,0.0002972930965702204,26.78612537400022,1.3346691131591797,1.525390625
fold2_seed29,cova3d_c100_frg_fold2_seed29,C100_FRG,2,29,2393148140,66debcb96516daec0fcb35bc1b8f437440b8d8ccfe3f1f8a21ab8ac53167bc2e,b88eaa2f52c0d52b0218d4deb251d418a76fcd733a95ce69eec3da1ac08896b6,4,5,120,300,0.7010598872953172,0.4190714930193887,0.281988392273585,7737,3984,1,62,29,29,0,0,512.0,512.0,512.0,9.444063353538514,22.765766143798828,0.0002944932171711482,26.66332044899991,1.3346691131591797,1.525390625
fold2_seed29,cova3d_c100_frg_fold2_seed29,C100_FRG,2,29,2393148140,66debcb96516daec0fcb35bc1b8f437440b8d8ccfe3f1f8a21ab8ac53167bc2e,b88eaa2f52c0d52b0218d4deb251d418a76fcd733a95ce69eec3da1ac08896b6,5,6,120,360,0.7009656269103288,0.38886358227270346,0.3121020446221034,7594,3738,3,53,33,34,0,0,512.0,512.0,512.0,7.7075900117556255,28.926137924194336,0.000290733453407337,26.438136611000118,1.3346691131591797,1.525390625
fold2_seed29,cova3d_c100_frg_fold2_seed29,C100_FRG,2,29,2393148140,66debcb96516daec0fcb35bc1b8f437440b8d8ccfe3f1f8a21ab8ac53167bc2e,b88eaa2f52c0d52b0218d4deb251d418a76fcd733a95ce69eec3da1ac08896b6,6,7,120,420,0.5903307354708279,0.34541800362931097,0.24491272817055385,8302,4091,3,56,35,29,0,0,512.0,512.0,512.0,8.341322710116705,57.86576843261719,0.0002860390438077423,26.517607767999834,1.3346691131591797,1.525390625
fold2_seed29,cova3d_c100_frg_fold2_seed29,C100_FRG,2,29,2393148140,66debcb96516daec0fcb35bc1b8f437440b8d8ccfe3f1f8a21ab8ac53167bc2e,b88eaa2f52c0d52b0218d4deb251d418a76fcd733a95ce69eec3da1ac08896b6,7,8,120,480,0.5045648190503319,0.28193643953612385,0.22262838035821914,8467,4295,2,63,26,31,0,0,512.0,512.0,512.0,7.577393166224161,24.094011306762695,0.00028044150098859483,26.717816667999614,1.3346691131591797,1.525390625
fold2_seed29,cova3d_c100_frg_fold2_seed29,C100_FRG,2,29,2393148140,66debcb96516daec0fcb35bc1b8f437440b8d8ccfe3f1f8a21ab8ac53167bc2e,b88eaa2f52c0d52b0218d4deb251d418a76fcd733a95ce69eec3da1ac08896b6,8,9,120,540,0.49400711978475254,0.2542103128740564,0.2397968093554179,8332,4135,2,54,24,42,0,0,512.0,512.0,512.0,6.579787451028824,50.926979064941406,0.0002739784001156218,26.612361096999848,1.3346691131591797,1.525390625
fold2_seed29,cova3d_c100_frg_fold2_seed29,C100_FRG,2,29,2393148140,66debcb96516daec0fcb35bc1b8f437440b8d8ccfe3f1f8a21ab8ac53167bc2e,b88eaa2f52c0d52b0218d4deb251d418a76fcd733a95ce69eec3da1ac08896b6,9,10,120,600,0.46405214599799366,0.2441519946437135,0.2199001540740331,8330,4258,0,59,29,32,0,0,512.0,512.0,512.0,7.217090038458506,17.911540985107422,0.0002666931266696063,26.564412556000207,1.3346691131591797,1.525390625
fold2_seed29,cova3d_c100_frg_fold2_seed29,C100_FRG,2,29,2393148140,66debcb96516daec0fcb35bc1b8f437440b8d8ccfe3f1f8a21ab8ac53167bc2e,b88eaa2f52c0d52b0218d4deb251d418a76fcd733a95ce69eec3da1ac08896b6,10,11,120,660,0.4334704804360323,0.24319443130176902,0.19027604758739472,8026,3935,1,56,38,26,0,0,512.0,512.0,512.0,8.194868886470795,27.31453514099121,0.0002586345852084849,26.49665295700015,1.3346691131591797,1.525390625
fold2_seed29,cova3d_c100_frg_fold2_seed29,C100_FRG,2,29,2393148140,66debcb96516daec0fcb35bc1b8f437440b8d8ccfe3f1f8a21ab8ac53167bc2e,b88eaa2f52c0d52b0218d4deb251d418a76fcd733a95ce69eec3da1ac08896b6,11,12,120,720,0.38287370692705736,0.21389432410845377,0.168979383011659,8179,3969,3,56,30,34,0,0,512.0,512.0,512.0,7.691376061240832,69.63337707519531,0.0002498568710810032,26.51060779599993,1.3346691131591797,1.525390625
fold2_seed29,cova3d_c100_frg_fold2_seed29,C100_FRG,2,29,2393148140,66debcb96516daec0fcb35bc1b8f437440b8d8ccfe3f1f8a21ab8ac53167bc2e,b88eaa2f52c0d52b0218d4deb251d418a76fcd733a95ce69eec3da1ac08896b6,12,13,120,780,0.3617897950656091,0.1925802236201586,0.1692095711827278,8005,3916,0,62,31,27,0,0,512.0,512.0,512.0,6.919324809561173,44.26359558105469,0.0002404189072956492,26.4808322100007,1.3346691131591797,1.525390625
fold2_seed29,cova3d_c100_frg_fold2_seed29,C100_FRG,2,29,2393148140,66debcb96516daec0fcb35bc1b8f437440b8d8ccfe3f1f8a21ab8ac53167bc2e,b88eaa2f52c0d52b0218d4deb251d418a76fcd733a95ce69eec3da1ac08896b6,13,14,120,840,0.34061443932617597,0.171036377529587,0.16957806249459584,7960,4058,0,55,34,31,0,0,512.0,512.0,512.0,5.644169024626414,22.359905242919922,0.00023038404898248976,26.41985089300033,1.3346691131591797,1.525390625
fold2_seed29,cova3d_c100_frg_fold2_seed29,C100_FRG,2,29,2393148140,66debcb96516daec0fcb35bc1b8f437440b8d8ccfe3f1f8a21ab8ac53167bc2e,b88eaa2f52c0d52b0218d4deb251d418a76fcd733a95ce69eec3da1ac08896b6,14,15,120,900,0.30144560542733717,0.16730165188055252,0.13414395600557327,7915,3904,4,60,27,33,0,0,512.0,512.0,512.0,6.14723682589829,27.049928665161133,0.00021981965810307605,26.425945082999533,1.3346691131591797,1.525390625
fold2_seed29,cova3d_c100_frg_fold2_seed29,C100_FRG,2,29,2393148140,66debcb96516daec0fcb35bc1b8f437440b8d8ccfe3f1f8a21ab8ac53167bc2e,b88eaa2f52c0d52b0218d4deb251d418a76fcd733a95ce69eec3da1ac08896b6,15,16,120,960,0.2728823095757131,0.1380106229385395,0.13487168699502944,8359,4209,1,74,20,26,0,0,512.0,512.0,512.0,5.1301797690490885,22.699003219604492,0.00020879665126330557,26.40333670600012,1.3346691131591797,1.525390625
fold2_seed29,cova3d_c100_frg_fold2_seed29,C100_FRG,2,29,2393148140,66debcb96516daec0fcb35bc1b8f437440b8d8ccfe3f1f8a21ab8ac53167bc2e,b88eaa2f52c0d52b0218d4deb251d418a76fcd733a95ce69eec3da1ac08896b6,16,17,120,1020,0.21368921886478348,0.10145456511788022,0.11223465551932653,8350,4182,2,68,31,21,0,0,512.0,512.0,512.0,4.182142895708481,22.365188598632812,0.00019738902366467966,26.530826883999907,1.3346691131591797,1.525390625
fold2_seed29,cova3d_c100_frg_fold2_seed29,C100_FRG,2,29,2393148140,66debcb96516daec0fcb35bc1b8f437440b8d8ccfe3f1f8a21ab8ac53167bc2e,b88eaa2f52c0d52b0218d4deb251d418a76fcd733a95ce69eec3da1ac08896b6,17,18,120,1080,0.23939177266026188,0.11954335731376584,0.11984841525554657,8075,4058,0,64,31,25,0,0,512.0,512.0,512.0,5.896396846572558,52.46375274658203,0.00018567335238957547,26.451702641999873,1.3346691131591797,1.525390625
fold2_seed29,cova3d_c100_frg_fold2_seed29,C100_FRG,2,29,2393148140,66debcb96516daec0fcb35bc1b8f437440b8d8ccfe3f1f8a21ab8ac53167bc2e,b88eaa2f52c0d52b0218d4deb251d418a76fcd733a95ce69eec3da1ac08896b6,18,19,120,1140,0.28283291488031637,0.11714961646235149,0.16568329979976018,8041,3780,0,51,39,30,0,0,512.0,512.0,512.0,6.009632055150965,20.735942840576172,0.0001737282823548769,26.41248147599981,1.3346691131591797,1.525390625
fold2_seed29,cova3d_c100_frg_fold2_seed29,C100_FRG,2,29,2393148140,66debcb96516daec0fcb35bc1b8f437440b8d8ccfe3f1f8a21ab8ac53167bc2e,b88eaa2f52c0d52b0218d4deb251d418a76fcd733a95ce69eec3da1ac08896b6,19,20,120,1200,0.23020418256555786,0.1188214961935349,0.11138268609841664,8110,4160,0,61,32,27,0,0,512.0,512.0,512.0,5.838704522823294,27.19692039489746,0.00016163399838465363,26.30463908999991,1.3346691131591797,1.525390625
fold2_seed29,cova3d_c100_frg_fold2_seed29,C100_FRG,2,29,2393148140,66debcb96516daec0fcb35bc1b8f437440b8d8ccfe3f1f8a21ab8ac53167bc2e,b88eaa2f52c0d52b0218d4deb251d418a76fcd733a95ce69eec3da1ac08896b6,20,21,120,1260,0.21755119953498556,0.11930362478306052,0.09824757725000381,8375,4214,0,63,23,34,0,0,512.0,512.0,512.0,5.171431891868512,33.31003952026367,0.00014947168694575625,26.343381077999766,1.3346691131591797,1.525390625
fold2_seed29,cova3d_c100_frg_fold2_seed29,C100_FRG,2,29,2393148140,66debcb96516daec0fcb35bc1b8f437440b8d8ccfe3f1f8a21ab8ac53167bc2e,b88eaa2f52c0d52b0218d4deb251d418a76fcd733a95ce69eec3da1ac08896b6,21,22,120,1320,0.21218719923632914,0.08365681898919017,0.1285303791364034,8027,4039,2,49,32,39,0,0,512.0,512.0,512.0,4.301885125041008,16.864120483398438,0.0001373229911595876,26.418450436999592,1.3346691131591797,1.525390625
fold2_seed29,cova3d_c100_frg_fold2_seed29,C100_FRG,2,29,2393148140,66debcb96516daec0fcb35bc1b8f437440b8d8ccfe3f1f8a21ab8ac53167bc2e,b88eaa2f52c0d52b0218d4deb251d418a76fcd733a95ce69eec3da1ac08896b6,22,23,120,1380,0.21513517137642946,0.09361263382206744,0.12152253687381745,8082,4002,0,57,29,34,0,0,512.0,512.0,512.0,4.85309732593596,43.58620834350586,0.00012526946274844474,26.428366043000096,1.3346691131591797,1.525390625
fold2_seed29,cova3d_c100_frg_fold2_seed29,C100_FRG,2,29,2393148140,66debcb96516daec0fcb35bc1b8f437440b8d8ccfe3f1f8a21ab8ac53167bc2e,b88eaa2f52c0d52b0218d4deb251d418a76fcd733a95ce69eec3da1ac08896b6,23,24,120,1440,0.17057789854916336,0.07261289416989408,0.0979650045434634,8189,4284,1,50,31,39,0,0,512.0,512.0,512.0,4.6451226639250915,18.808595657348633,0.00011339201459540494,26.49136077300045,1.3346691131591797,1.525390625
fold2_seed29,cova3d_c100_frg_fold2_seed29,C100_FRG,2,29,2393148140,66debcb96516daec0fcb35bc1b8f437440b8d8ccfe3f1f8a21ab8ac53167bc2e,b88eaa2f52c0d52b0218d4deb251d418a76fcd733a95ce69eec3da1ac08896b6,24,25,120,1500,0.1602515201753249,0.06596744664009672,0.09428407400846481,8723,4352,1,61,30,29,0,0,512.0,512.0,512.0,3.426999493998786,16.890195846557617,0.00010177037759260854,26.365139898999587,1.3346691131591797,1.525390625
fold2_seed29,cova3d_c100_frg_fold2_seed29,C100_FRG,2,29,2393148140,66debcb96516daec0fcb35bc1b8f437440b8d8ccfe3f1f8a21ab8ac53167bc2e,b88eaa2f52c0d52b0218d4deb251d418a76fcd733a95ce69eec3da1ac08896b6,25,26,120,1560,0.14958224240970897,0.05738526520381886,0.09219697813193004,8631,4129,1,56,31,33,0,0,512.0,512.0,512.0,3.7391265244067955,37.39519500732422,9.048256542400759e-05,26.383059030000368,1.3346691131591797,1.525390625
fold2_seed29,cova3d_c100_frg_fold2_seed29,C100_FRG,2,29,2393148140,66debcb96516daec0fcb35bc1b8f437440b8d8ccfe3f1f8a21ab8ac53167bc2e,b88eaa2f52c0d52b0218d4deb251d418a76fcd733a95ce69eec3da1ac08896b6,26,27,120,1620,0.13199174914701264,0.052658048009107006,0.07933370073636373,8545,4364,0,52,38,30,0,0,512.0,512.0,512.0,3.5311996517392497,29.489858627319336,7.960435087538242e-05,26.436650400999497,1.3346691131591797,1.525390625
fold2_seed29,cova3d_c100_frg_fold2_seed29,C100_FRG,2,29,2393148140,66debcb96516daec0fcb35bc1b8f437440b8d8ccfe3f1f8a21ab8ac53167bc2e,b88eaa2f52c0d52b0218d4deb251d418a76fcd733a95ce69eec3da1ac08896b6,27,28,120,1680,0.15567131826558883,0.04229835256316316,0.11337296615044276,8516,4340,1,66,30,24,0,0,512.0,512.0,512.0,2.318904841427381,7.678959846496582,6.920875718705205e-05,26.265329458999986,1.3346691131591797,1.525390625
fold2_seed29,cova3d_c100_frg_fold2_seed29,C100_FRG,2,29,2393148140,66debcb96516daec0fcb35bc1b8f437440b8d8ccfe3f1f8a21ab8ac53167bc2e,b88eaa2f52c0d52b0218d4deb251d418a76fcd733a95ce69eec3da1ac08896b6,28,29,120,1740,0.1847442860887289,0.055058420786447945,0.12968586534261703,8546,4249,1,60,27,33,0,0,512.0,512.0,512.0,4.2081488916184755,65.90235137939453,5.936556786372413e-05,26.13875917399946,1.3346691131591797,1.525390625
fold2_seed29,cova3d_c100_frg_fold2_seed29,C100_FRG,2,29,2393148140,66debcb96516daec0fcb35bc1b8f437440b8d8ccfe3f1f8a21ab8ac53167bc2e,b88eaa2f52c0d52b0218d4deb251d418a76fcd733a95ce69eec3da1ac08896b6,29,30,120,1800,0.10945352063749093,0.04303017041135983,0.06642335007588068,8556,4192,3,61,26,33,0,0,512.0,512.0,512.0,3.2324800844614705,30.613065719604492,5.014085823202989e-05,26.295046295999782,1.3346691131591797,1.525390625
fold2_seed29,cova3d_c100_frg_fold2_seed29,C100_FRG,2,29,2393148140,66debcb96516daec0fcb35bc1b8f437440b8d8ccfe3f1f8a21ab8ac53167bc2e,b88eaa2f52c0d52b0218d4deb251d418a76fcd733a95ce69eec3da1ac08896b6,30,31,120,1860,0.11926671199553311,0.03964380679315885,0.07962290545304616,8210,4218,0,63,32,25,0,0,512.0,512.0,512.0,2.6288466388980547,10.8487548828125,4.159655189030408e-05,26.292238834000273,1.3346691131591797,1.525390625
fold2_seed29,cova3d_c100_frg_fold2_seed29,C100_FRG,2,29,2393148140,66debcb96516daec0fcb35bc1b8f437440b8d8ccfe3f1f8a21ab8ac53167bc2e,b88eaa2f52c0d52b0218d4deb251d418a76fcd733a95ce69eec3da1ac08896b6,31,32,120,1920,0.16879002324488587,0.0403316016815874,0.1284584219257037,8163,4146,1,56,27,37,0,0,512.0,512.0,512.0,2.8472546650717656,24.501728057861328,3.379000502807257e-05,26.165521816000364,1.3346691131591797,1.525390625
fold2_seed29,cova3d_c100_frg_fold2_seed29,C100_FRG,2,29,2393148140,66debcb96516daec0fcb35bc1b8f437440b8d8ccfe3f1f8a21ab8ac53167bc2e,b88eaa2f52c0d52b0218d4deb251d418a76fcd733a95ce69eec3da1ac08896b6,32,33,120,1980,0.1275375943223177,0.026246016248296655,0.10129157801469167,8498,4352,0,63,30,27,0,0,512.0,512.0,512.0,2.6966916656742494,24.447399139404297,2.6773621405624713e-05,26.195919853000305,1.3346691131591797,1.525390625
fold2_seed29,cova3d_c100_frg_fold2_seed29,C100_FRG,2,29,2393148140,66debcb96516daec0fcb35bc1b8f437440b8d8ccfe3f1f8a21ab8ac53167bc2e,b88eaa2f52c0d52b0218d4deb251d418a76fcd733a95ce69eec3da1ac08896b6,33,34,120,2040,0.12018908408056934,0.03274306517420579,0.08744601905345917,8220,3930,2,54,29,37,0,0,512.0,512.0,512.0,2.83301498699002,9.957834243774414,2.059450057823627e-05,26.257448296999428,1.3346691131591797,1.525390625
fold2_seed29,cova3d_c100_frg_fold2_seed29,C100_FRG,2,29,2393148140,66debcb96516daec0fcb35bc1b8f437440b8d8ccfe3f1f8a21ab8ac53167bc2e,b88eaa2f52c0d52b0218d4deb251d418a76fcd733a95ce69eec3da1ac08896b6,34,35,120,2100,0.12651543299013307,0.034102739692434623,0.09241269330183664,8313,4081,0,61,30,29,0,0,512.0,512.0,512.0,2.950890447323521,24.970930099487305,1.5294121726440254e-05,26.10470356099995,1.3346691131591797,1.525390625
fold2_seed29,cova3d_c100_frg_fold2_seed29,C100_FRG,2,29,2393148140,66debcb96516daec0fcb35bc1b8f437440b8d8ccfe3f1f8a21ab8ac53167bc2e,b88eaa2f52c0d52b0218d4deb251d418a76fcd733a95ce69eec3da1ac08896b6,35,36,120,2160,0.09941320643893051,0.042353010950046156,0.057060194512208305,8086,3952,1,58,31,31,0,0,512.0,512.0,512.0,3.4345026324115073,24.029754638671875,1.0908065214729997e-05,26.105420566000248,1.3346691131591797,1.525390625
fold2_seed29,cova3d_c100_frg_fold2_seed29,C100_FRG,2,29,2393148140,66debcb96516daec0fcb35bc1b8f437440b8d8ccfe3f1f8a21ab8ac53167bc2e,b88eaa2f52c0d52b0218d4deb251d418a76fcd733a95ce69eec3da1ac08896b6,36,37,120,2220,0.12242550203685217,0.03542936233088175,0.08699613958597183,8643,4448,0,51,34,35,0,0,512.0,512.0,512.0,3.1177560770263275,18.942228317260742,7.465773747813819e-06,26.30010344999937,1.3346691131591797,1.525390625
fold2_seed29,cova3d_c100_frg_fold2_seed29,C100_FRG,2,29,2393148140,66debcb96516daec0fcb35bc1b8f437440b8d8ccfe3f1f8a21ab8ac53167bc2e,b88eaa2f52c0d52b0218d4deb251d418a76fcd733a95ce69eec3da1ac08896b6,37,38,120,2280,0.11333623525621685,0.030915671660051203,0.08242056369781495,8722,4532,1,55,33,32,0,0,512.0,512.0,512.0,3.1312341714898744,21.63101577758789,4.990354727730315e-06,26.317560063999736,1.3346691131591797,1.525390625
fold2_seed29,cova3d_c100_frg_fold2_seed29,C100_FRG,2,29,2393148140,66debcb96516daec0fcb35bc1b8f437440b8d8ccfe3f1f8a21ab8ac53167bc2e,b88eaa2f52c0d52b0218d4deb251d418a76fcd733a95ce69eec3da1ac08896b6,38,39,120,2340,0.11392493572407905,0.041364560449369495,0.07256037443876266,8029,4107,1,61,35,24,0,0,512.0,512.0,512.0,3.458666546146075,15.066286087036133,3.498425138561358e-06,26.229153921000034,1.3346691131591797,1.525390625
fold2_seed29,cova3d_c100_frg_fold2_seed29,C100_FRG,2,29,2393148140,66debcb96516daec0fcb35bc1b8f437440b8d8ccfe3f1f8a21ab8ac53167bc2e,b88eaa2f52c0d52b0218d4deb251d418a76fcd733a95ce69eec3da1ac08896b6,39,40,120,2400,0.13573343026220072,0.030645047136109344,0.10508838246266047,8465,4303,0,57,36,27,0,0,512.0,512.0,512.0,4.228116472220669,42.1786003112793,3e-06,26.19340792299954,1.3346691131591797,1.525390625
