case_id,role,condition_id,coverage_fraction,geometry,component_native_id,component_volume_ml,pool_source,pool_size,quota,selected_point_components,mean_nearest_neighbor_mm
coronacases_001,final_outer_cv,C100_COH,1.0,coherent,1,197.84095155793204,largest_1mm_eroded_component,214588,5,1,0.9155855069558785
coronacases_001,final_outer_cv,C100_COH,1.0,coherent,2,33.67581041980142,largest_1mm_eroded_component,31913,5,1,0.8776949057977363
coronacases_001,final_outer_cv,C100_COH,1.0,coherent,3,0.4677743380330604,largest_1mm_eroded_component,249,5,1,0.9058855652426446
coronacases_001,final_outer_cv,C100_COH,1.0,coherent,4,0.14453701456077708,largest_1mm_eroded_component,52,5,1,0.9058855652426446
coronacases_001,final_outer_cv,C100_COH,1.0,coherent,6,0.6254510811902718,largest_1mm_eroded_component,437,5,1,0.8105469942092896
coronacases_001,final_outer_cv,C100_COH,1.0,coherent,7,1.8132825463079307,largest_1mm_eroded_component,1433,5,1,0.9242187976837158
coronacases_001,final_outer_cv,C100_COH,1.0,coherent,8,2.5760437913309406,largest_1mm_eroded_component,1209,4,1,0.8579102456569672
coronacases_001,final_outer_cv,C100_COH,1.0,coherent,9,0.10051892376272226,largest_1mm_eroded_component,29,5,1,0.8105469942092896
coronacases_001,final_outer_cv,C100_COH,1.0,coherent,10,0.4060176136298193,largest_1mm_eroded_component,219,5,1,0.8484375953674317
coronacases_001,final_outer_cv,C100_COH,1.0,coherent,11,31.682513591722337,largest_1mm_eroded_component,33975,4,1,0.8105469942092896
coronacases_001,final_outer_cv,C100_COH,1.0,coherent,12,0.3692263735598033,largest_1mm_eroded_component,202,5,1,1.0198204727072482
coronacases_001,final_outer_cv,C100_COH,1.0,coherent,14,0.771959055040514,largest_1mm_eroded_component,533,5,1,1.0012241362759997
coronacases_001,final_outer_cv,C100_COH,1.0,coherent,15,0.16161866173614164,largest_1mm_eroded_component,30,5,1,1.0119907289746302
coronacases_001,final_outer_cv,C100_COH,1.0,coherent,16,0.6576434162515358,largest_1mm_eroded_component,382,5,1,0.8863281965255737
coronacases_001,final_outer_cv,C100_COH,1.0,coherent,17,0.13731016383273822,largest_1mm_eroded_component,67,5,1,0.9155855069558785
coronacases_001,final_outer_cv,C100_COH,1.0,coherent,21,0.45989050087519984,largest_1mm_eroded_component,287,5,1,0.9437761664007868
coronacases_001,final_outer_cv,C100_COH,1.0,coherent,23,1.1470983064687128,largest_1mm_eroded_component,917,5,1,1.0012241362759997
coronacases_001,final_outer_cv,C100_COH,1.0,coherent,24,0.19118305107811878,largest_1mm_eroded_component,65,5,1,0.8105469942092896
coronacases_001,final_outer_cv,C100_COH,1.0,coherent,25,56.20650304410728,largest_1mm_eroded_component,63849,5,1,0.8105469942092896
coronacases_001,final_outer_cv,C100_COH,1.0,coherent,26,51.29618646761979,largest_1mm_eroded_component,30989,5,1,0.8105469942092896
coronacases_001,final_outer_cv,C100_COH,1.0,coherent,27,0.10905974735040454,full_component_fallback,166,5,1,0.8105469942092896
coronacases_001,final_outer_cv,C100_COH,1.0,coherent,28,2.795477258891393,largest_1mm_eroded_component,1929,5,1,0.9526725611188013
coronacases_001,final_outer_cv,C100_COH,1.0,coherent,29,0.8534253723384065,largest_1mm_eroded_component,116,4,1,0.9052734971046448
coronacases_001,final_outer_cv,C100_COH,1.0,coherent,30,0.33834801135818277,largest_1mm_eroded_component,195,5,1,0.8484375953674317
coronacases_001,final_outer_cv,C100_COH,1.0,coherent,31,0.17410140390275422,largest_1mm_eroded_component,74,5,1,0.8484375953674317
coronacases_001,final_outer_cv,C100_COH,1.0,coherent,32,7.16378003077597,largest_1mm_eroded_component,6671,5,1,0.8105469942092896
coronacases_001,final_outer_cv,C100_COH,1.0,coherent,33,0.3869650071649896,largest_1mm_eroded_component,211,4,1,0.8105469942092896
coronacases_001,final_outer_cv,C100_COH,1.0,coherent,35,5.336700769441784,largest_1mm_eroded_component,4298,5,1,0.8105469942092896
coronacases_001,final_outer_cv,C100_COH,1.0,coherent,37,6.659871439102715,largest_1mm_eroded_component,5170,5,1,0.8776949057977363
coronacases_001,final_outer_cv,C100_COH,1.0,coherent,38,0.2647655312181508,largest_1mm_eroded_component,138,4,1,0.8105469942092896
coronacases_001,final_outer_cv,C100_COH,1.0,coherent,39,12.372368446402518,largest_1mm_eroded_component,12736,5,1,0.8105469942092896
coronacases_001,final_outer_cv,C100_COH,1.0,coherent,40,0.3547726721037256,largest_1mm_eroded_component,112,5,1,1.0119907289746302
coronacases_001,final_outer_cv,C100_COH,1.0,coherent,42,0.21680552184116564,largest_1mm_eroded_component,52,5,1,0.8105469942092896
coronacases_001,final_outer_cv,C100_COH,1.0,coherent,43,5.407655303862528,largest_1mm_eroded_component,4248,5,1,0.8776949057977363
coronacases_001,final_outer_cv,C100_COH,1.0,coherent,44,0.21614853541134393,largest_1mm_eroded_component,24,4,1,0.8105469942092896
coronacases_001,final_outer_cv,C100_COH,1.0,coherent,45,0.18592715963954506,largest_1mm_eroded_component,41,4,1,0.8105469942092896
coronacases_001,final_outer_cv,C100_COH,1.0,coherent,46,0.10643180163111768,largest_1mm_eroded_component,30,4,1,0.8105469942092896
coronacases_001,final_outer_cv,C100_COH,1.0,coherent,48,2.476838840427862,largest_1mm_eroded_component,1644,4,1,0.894481883694848
coronacases_001,final_outer_cv,C100_COH,1.0,coherent,50,0.1261413945257691,largest_1mm_eroded_component,51,4,1,0.8579102456569672
coronacases_001,final_outer_cv,C100_COH,1.0,coherent,51,0.6103403933043724,largest_1mm_eroded_component,369,5,1,0.8105469942092896
coronacases_001,final_outer_cv,C100_COH,1.0,coherent,53,0.17541537676239766,largest_1mm_eroded_component,59,4,1,0.8105469942092896
coronacases_001,final_outer_cv,C100_COH,1.0,coherent,55,0.2154915489815222,largest_1mm_eroded_component,90,4,1,1.0488934217926773
coronacases_001,final_outer_cv,C100_COH,1.0,coherent,56,0.5157343474100455,largest_1mm_eroded_component,355,5,1,1.0683720478644465
coronacases_001,final_outer_cv,C100_DIS,1.0,dispersed,1,197.84095155793204,largest_1mm_eroded_component,214588,5,5,73.22212512513246
coronacases_001,final_outer_cv,C100_DIS,1.0,dispersed,2,33.67581041980142,largest_1mm_eroded_component,31913,5,5,29.440100156960064
coronacases_001,final_outer_cv,C100_DIS,1.0,dispersed,3,0.4677743380330604,largest_1mm_eroded_component,249,5,5,4.614686685949442
coronacases_001,final_outer_cv,C100_DIS,1.0,dispersed,4,0.14453701456077708,largest_1mm_eroded_component,52,5,5,2.318119431783524
coronacases_001,final_outer_cv,C100_DIS,1.0,dispersed,6,0.6254510811902718,largest_1mm_eroded_component,437,5,5,5.471831903936315
coronacases_001,final_outer_cv,C100_DIS,1.0,dispersed,7,1.8132825463079307,largest_1mm_eroded_component,1433,5,5,8.903168377746159
coronacases_001,final_outer_cv,C100_DIS,1.0,dispersed,8,2.5760437913309406,largest_1mm_eroded_component,1209,4,4,8.67571867353658
coronacases_001,final_outer_cv,C100_DIS,1.0,dispersed,9,0.10051892376272226,largest_1mm_eroded_component,29,5,5,2.112732767727926
coronacases_001,final_outer_cv,C100_DIS,1.0,dispersed,10,0.4060176136298193,largest_1mm_eroded_component,219,5,5,4.592576941144282
coronacases_001,final_outer_cv,C100_DIS,1.0,dispersed,11,31.682513591722337,largest_1mm_eroded_component,33975,4,4,34.284897991897836
coronacases_001,final_outer_cv,C100_DIS,1.0,dispersed,12,0.3692263735598033,largest_1mm_eroded_component,202,5,5,4.105571756397008
coronacases_001,final_outer_cv,C100_DIS,1.0,dispersed,14,0.771959055040514,largest_1mm_eroded_component,533,5,5,5.769580834728562
coronacases_001,final_outer_cv,C100_DIS,1.0,dispersed,15,0.16161866173614164,largest_1mm_eroded_component,30,5,5,2.334738881884867
coronacases_001,final_outer_cv,C100_DIS,1.0,dispersed,16,0.6576434162515358,largest_1mm_eroded_component,382,5,5,5.474233985608828
coronacases_001,final_outer_cv,C100_DIS,1.0,dispersed,17,0.13731016383273822,largest_1mm_eroded_component,67,5,5,2.4662600962083356
coronacases_001,final_outer_cv,C100_DIS,1.0,dispersed,21,0.45989050087519984,largest_1mm_eroded_component,287,5,5,4.582921669915689
coronacases_001,final_outer_cv,C100_DIS,1.0,dispersed,23,1.1470983064687128,largest_1mm_eroded_component,917,5,5,7.193332689978567
coronacases_001,final_outer_cv,C100_DIS,1.0,dispersed,24,0.19118305107811878,largest_1mm_eroded_component,65,5,5,2.6760730434236963
coronacases_001,final_outer_cv,C100_DIS,1.0,dispersed,25,56.20650304410728,largest_1mm_eroded_component,63849,5,5,32.77177846324973
coronacases_001,final_outer_cv,C100_DIS,1.0,dispersed,26,51.29618646761979,largest_1mm_eroded_component,30989,5,5,32.424392947873024
coronacases_001,final_outer_cv,C100_DIS,1.0,dispersed,27,0.10905974735040454,full_component_fallback,166,5,5,4.198559241939078
coronacases_001,final_outer_cv,C100_DIS,1.0,dispersed,28,2.795477258891393,largest_1mm_eroded_component,1929,5,5,11.70727900615071
coronacases_001,final_outer_cv,C100_DIS,1.0,dispersed,29,0.8534253723384065,largest_1mm_eroded_component,116,4,4,4.092864955601796
coronacases_001,final_outer_cv,C100_DIS,1.0,dispersed,30,0.33834801135818277,largest_1mm_eroded_component,195,5,5,3.75218764167132
coronacases_001,final_outer_cv,C100_DIS,1.0,dispersed,31,0.17410140390275422,largest_1mm_eroded_component,74,5,5,2.7700984304971223
coronacases_001,final_outer_cv,C100_DIS,1.0,dispersed,32,7.16378003077597,largest_1mm_eroded_component,6671,5,5,18.2244882514045
coronacases_001,final_outer_cv,C100_DIS,1.0,dispersed,33,0.3869650071649896,largest_1mm_eroded_component,211,4,4,5.06843421369189
coronacases_001,final_outer_cv,C100_DIS,1.0,dispersed,35,5.336700769441784,largest_1mm_eroded_component,4298,5,5,17.095407541669168
coronacases_001,final_outer_cv,C100_DIS,1.0,dispersed,37,6.659871439102715,largest_1mm_eroded_component,5170,5,5,21.063749766405884
coronacases_001,final_outer_cv,C100_DIS,1.0,dispersed,38,0.2647655312181508,largest_1mm_eroded_component,138,4,4,4.739272067840968
coronacases_001,final_outer_cv,C100_DIS,1.0,dispersed,39,12.372368446402518,largest_1mm_eroded_component,12736,5,5,20.105971588116528
coronacases_001,final_outer_cv,C100_DIS,1.0,dispersed,40,0.3547726721037256,largest_1mm_eroded_component,112,5,5,4.130577530860344
coronacases_001,final_outer_cv,C100_DIS,1.0,dispersed,42,0.21680552184116564,largest_1mm_eroded_component,52,5,5,2.6350334716026933
coronacases_001,final_outer_cv,C100_DIS,1.0,dispersed,43,5.407655303862528,largest_1mm_eroded_component,4248,5,5,15.050954950766322
coronacases_001,final_outer_cv,C100_DIS,1.0,dispersed,44,0.21614853541134393,largest_1mm_eroded_component,24,4,4,2.1115556897484615
coronacases_001,final_outer_cv,C100_DIS,1.0,dispersed,45,0.18592715963954506,largest_1mm_eroded_component,41,4,4,2.5647383987259884
coronacases_001,final_outer_cv,C100_DIS,1.0,dispersed,46,0.10643180163111768,largest_1mm_eroded_component,30,4,4,2.120156028156978
coronacases_001,final_outer_cv,C100_DIS,1.0,dispersed,48,2.476838840427862,largest_1mm_eroded_component,1644,4,4,12.990992183895742
coronacases_001,final_outer_cv,C100_DIS,1.0,dispersed,50,0.1261413945257691,largest_1mm_eroded_component,51,4,4,2.474914874603453
coronacases_001,final_outer_cv,C100_DIS,1.0,dispersed,51,0.6103403933043724,largest_1mm_eroded_component,369,5,5,6.335899003008423
coronacases_001,final_outer_cv,C100_DIS,1.0,dispersed,53,0.17541537676239766,largest_1mm_eroded_component,59,4,4,3.284884791828933
coronacases_001,final_outer_cv,C100_DIS,1.0,dispersed,55,0.2154915489815222,largest_1mm_eroded_component,90,4,4,3.0655860100555894
coronacases_001,final_outer_cv,C100_DIS,1.0,dispersed,56,0.5157343474100455,largest_1mm_eroded_component,355,5,5,5.439540885571004
coronacases_001,final_outer_cv,C100_FRG,1.0,fragmented,1,197.84095155793204,largest_1mm_eroded_component,214588,5,3,19.472191992060807
coronacases_001,final_outer_cv,C100_FRG,1.0,fragmented,2,33.67581041980142,largest_1mm_eroded_component,31913,5,3,10.915291223780901
coronacases_001,final_outer_cv,C100_FRG,1.0,fragmented,3,0.4677743380330604,largest_1mm_eroded_component,249,5,3,1.6737074562892977
coronacases_001,final_outer_cv,C100_FRG,1.0,fragmented,4,0.14453701456077708,largest_1mm_eroded_component,52,5,3,1.1742846403679879
coronacases_001,final_outer_cv,C100_FRG,1.0,fragmented,6,0.6254510811902718,largest_1mm_eroded_component,437,5,3,1.8653774583729106
coronacases_001,final_outer_cv,C100_FRG,1.0,fragmented,7,1.8132825463079307,largest_1mm_eroded_component,1433,5,3,2.99400779910909
coronacases_001,final_outer_cv,C100_FRG,1.0,fragmented,8,2.5760437913309406,largest_1mm_eroded_component,1209,4,3,5.178199845994659
coronacases_001,final_outer_cv,C100_FRG,1.0,fragmented,9,0.10051892376272226,largest_1mm_eroded_component,29,5,3,1.1610725258283647
coronacases_001,final_outer_cv,C100_FRG,1.0,fragmented,10,0.4060176136298193,largest_1mm_eroded_component,219,5,3,1.6414433652113274
coronacases_001,final_outer_cv,C100_FRG,1.0,fragmented,11,31.682513591722337,largest_1mm_eroded_component,33975,4,3,16.842036012387005
coronacases_001,final_outer_cv,C100_FRG,1.0,fragmented,12,0.3692263735598033,largest_1mm_eroded_component,202,5,3,1.5523106117927004
coronacases_001,final_outer_cv,C100_FRG,1.0,fragmented,14,0.771959055040514,largest_1mm_eroded_component,533,5,3,1.9422586261299664
coronacases_001,final_outer_cv,C100_FRG,1.0,fragmented,15,0.16161866173614164,largest_1mm_eroded_component,30,5,3,1.5214234249163359
coronacases_001,final_outer_cv,C100_FRG,1.0,fragmented,16,0.6576434162515358,largest_1mm_eroded_component,382,5,3,2.2575079318376092
coronacases_001,final_outer_cv,C100_FRG,1.0,fragmented,17,0.13731016383273822,largest_1mm_eroded_component,67,5,3,1.0109252309694514
coronacases_001,final_outer_cv,C100_FRG,1.0,fragmented,21,0.45989050087519984,largest_1mm_eroded_component,287,5,3,2.2575079318376092
coronacases_001,final_outer_cv,C100_FRG,1.0,fragmented,23,1.1470983064687128,largest_1mm_eroded_component,917,5,3,2.594105208924297
coronacases_001,final_outer_cv,C100_FRG,1.0,fragmented,24,0.19118305107811878,largest_1mm_eroded_component,65,5,2,1.4004942048439866
coronacases_001,final_outer_cv,C100_FRG,1.0,fragmented,25,56.20650304410728,largest_1mm_eroded_component,63849,5,3,10.443986708855062
coronacases_001,final_outer_cv,C100_FRG,1.0,fragmented,26,51.29618646761979,largest_1mm_eroded_component,30989,5,3,7.0714087429241985
coronacases_001,final_outer_cv,C100_FRG,1.0,fragmented,27,0.10905974735040454,full_component_fallback,166,5,3,1.9554053522522203
coronacases_001,final_outer_cv,C100_FRG,1.0,fragmented,28,2.795477258891393,largest_1mm_eroded_component,1929,5,3,3.0800785779953004
coronacases_001,final_outer_cv,C100_FRG,1.0,fragmented,29,0.8534253723384065,largest_1mm_eroded_component,116,4,3,2.482093646373177
coronacases_001,final_outer_cv,C100_FRG,1.0,fragmented,30,0.33834801135818277,largest_1mm_eroded_component,195,5,3,1.6345105724518547
coronacases_001,final_outer_cv,C100_FRG,1.0,fragmented,31,0.17410140390275422,largest_1mm_eroded_component,74,5,3,1.3461128581356951
coronacases_001,final_outer_cv,C100_FRG,1.0,fragmented,32,7.16378003077597,largest_1mm_eroded_component,6671,5,3,6.342703197316717
coronacases_001,final_outer_cv,C100_FRG,1.0,fragmented,33,0.3869650071649896,largest_1mm_eroded_component,211,4,3,2.908212054330442
coronacases_001,final_outer_cv,C100_FRG,1.0,fragmented,35,5.336700769441784,largest_1mm_eroded_component,4298,5,3,4.800743843148846
coronacases_001,final_outer_cv,C100_FRG,1.0,fragmented,37,6.659871439102715,largest_1mm_eroded_component,5170,5,3,5.321724399528372
coronacases_001,final_outer_cv,C100_FRG,1.0,fragmented,38,0.2647655312181508,largest_1mm_eroded_component,138,4,3,2.975434503434154
coronacases_001,final_outer_cv,C100_FRG,1.0,fragmented,39,12.372368446402518,largest_1mm_eroded_component,12736,5,3,5.222815383559895
coronacases_001,final_outer_cv,C100_FRG,1.0,fragmented,40,0.3547726721037256,largest_1mm_eroded_component,112,5,3,1.4750365833988606
coronacases_001,final_outer_cv,C100_FRG,1.0,fragmented,42,0.21680552184116564,largest_1mm_eroded_component,52,5,3,1.316831769697793
coronacases_001,final_outer_cv,C100_FRG,1.0,fragmented,43,5.407655303862528,largest_1mm_eroded_component,4248,5,3,6.187701690155235
coronacases_001,final_outer_cv,C100_FRG,1.0,fragmented,44,0.21614853541134393,largest_1mm_eroded_component,24,4,3,1.694981029121664
coronacases_001,final_outer_cv,C100_FRG,1.0,fragmented,45,0.18592715963954506,largest_1mm_eroded_component,41,4,3,1.823725343679109
coronacases_001,final_outer_cv,C100_FRG,1.0,fragmented,46,0.10643180163111768,largest_1mm_eroded_component,30,4,3,1.499176704683336
coronacases_001,final_outer_cv,C100_FRG,1.0,fragmented,48,2.476838840427862,largest_1mm_eroded_component,1644,4,3,7.498239115232622
coronacases_001,final_outer_cv,C100_FRG,1.0,fragmented,50,0.1261413945257691,largest_1mm_eroded_component,51,4,3,1.7339018195565736
coronacases_001,final_outer_cv,C100_FRG,1.0,fragmented,51,0.6103403933043724,largest_1mm_eroded_component,369,5,3,2.015245818029432
coronacases_001,final_outer_cv,C100_FRG,1.0,fragmented,53,0.17541537676239766,largest_1mm_eroded_component,59,4,3,2.2811196930441255
coronacases_001,final_outer_cv,C100_FRG,1.0,fragmented,55,0.2154915489815222,largest_1mm_eroded_component,90,4,3,1.9496846784033854
coronacases_001,final_outer_cv,C100_FRG,1.0,fragmented,56,0.5157343474100455,largest_1mm_eroded_component,355,5,3,1.8991208155260684
coronacases_001,final_outer_cv,C50_COH,0.5,coherent,1,197.84095155793204,largest_1mm_eroded_component,214588,10,1,0.8294922947883606
coronacases_001,final_outer_cv,C50_COH,0.5,coherent,3,0.4677743380330604,largest_1mm_eroded_component,249,9,1,0.9272564528166105
coronacases_001,final_outer_cv,C50_COH,0.5,coherent,4,0.14453701456077708,largest_1mm_eroded_component,52,9,1,0.8635128670055979
coronacases_001,final_outer_cv,C50_COH,0.5,coherent,6,0.6254510811902718,largest_1mm_eroded_component,437,9,1,0.8478513895362044
coronacases_001,final_outer_cv,C50_COH,0.5,coherent,7,1.8132825463079307,largest_1mm_eroded_component,1433,9,1,0.8315973281860352
coronacases_001,final_outer_cv,C50_COH,0.5,coherent,10,0.4060176136298193,largest_1mm_eroded_component,219,10,1,0.8630662505825841
coronacases_001,final_outer_cv,C50_COH,0.5,coherent,14,0.771959055040514,largest_1mm_eroded_component,533,9,1,0.8105469942092896
coronacases_001,final_outer_cv,C50_COH,0.5,coherent,15,0.16161866173614164,largest_1mm_eroded_component,30,9,1,0.8851557848631193
coronacases_001,final_outer_cv,C50_COH,0.5,coherent,16,0.6576434162515358,largest_1mm_eroded_component,382,9,1,0.8526476621627808
coronacases_001,final_outer_cv,C50_COH,0.5,coherent,17,0.13731016383273822,largest_1mm_eroded_component,67,9,1,0.8635128670055979
coronacases_001,final_outer_cv,C50_COH,0.5,coherent,21,0.45989050087519984,largest_1mm_eroded_component,287,9,1,0.8105469942092896
coronacases_001,final_outer_cv,C50_COH,0.5,coherent,23,1.1470983064687128,largest_1mm_eroded_component,917,9,1,0.9164787398019063
coronacases_001,final_outer_cv,C50_COH,0.5,coherent,24,0.19118305107811878,largest_1mm_eroded_component,65,10,1,0.8105469942092896
coronacases_001,final_outer_cv,C50_COH,0.5,coherent,25,56.20650304410728,largest_1mm_eroded_component,63849,9,1,0.8105469942092896
coronacases_001,final_outer_cv,C50_COH,0.5,coherent,26,51.29618646761979,largest_1mm_eroded_component,30989,9,1,0.8105469942092896
coronacases_001,final_outer_cv,C50_COH,0.5,coherent,27,0.10905974735040454,full_component_fallback,166,9,1,0.8105469942092896
coronacases_001,final_outer_cv,C50_COH,0.5,coherent,28,2.795477258891393,largest_1mm_eroded_component,1929,9,1,0.8105469942092896
coronacases_001,final_outer_cv,C50_COH,0.5,coherent,30,0.33834801135818277,largest_1mm_eroded_component,195,10,1,0.8105469942092896
coronacases_001,final_outer_cv,C50_COH,0.5,coherent,31,0.17410140390275422,largest_1mm_eroded_component,74,9,1,0.8105469942092896
coronacases_001,final_outer_cv,C50_COH,0.5,coherent,32,7.16378003077597,largest_1mm_eroded_component,6671,10,1,0.8105469942092896
coronacases_001,final_outer_cv,C50_COH,0.5,coherent,37,6.659871439102715,largest_1mm_eroded_component,5170,9,1,0.8105469942092896
coronacases_001,final_outer_cv,C50_COH,0.5,coherent,51,0.6103403933043724,largest_1mm_eroded_component,369,9,1,0.8315973281860352
coronacases_001,final_outer_cv,C50_DIS,0.5,dispersed,1,197.84095155793204,largest_1mm_eroded_component,214588,10,10,48.05588188747349
coronacases_001,final_outer_cv,C50_DIS,0.5,dispersed,3,0.4677743380330604,largest_1mm_eroded_component,249,9,9,3.985893319884983
coronacases_001,final_outer_cv,C50_DIS,0.5,dispersed,4,0.14453701456077708,largest_1mm_eroded_component,52,9,6,1.6932409700250233
coronacases_001,final_outer_cv,C50_DIS,0.5,dispersed,6,0.6254510811902718,largest_1mm_eroded_component,437,9,9,4.3648243111552
coronacases_001,final_outer_cv,C50_DIS,0.5,dispersed,7,1.8132825463079307,largest_1mm_eroded_component,1433,9,9,6.808018699443043
coronacases_001,final_outer_cv,C50_DIS,0.5,dispersed,10,0.4060176136298193,largest_1mm_eroded_component,219,10,10,3.1842089180184985
coronacases_001,final_outer_cv,C50_DIS,0.5,dispersed,14,0.771959055040514,largest_1mm_eroded_component,533,9,9,4.544439170943402
coronacases_001,final_outer_cv,C50_DIS,0.5,dispersed,15,0.16161866173614164,largest_1mm_eroded_component,30,9,9,1.895853341820607
coronacases_001,final_outer_cv,C50_DIS,0.5,dispersed,16,0.6576434162515358,largest_1mm_eroded_component,382,9,9,4.646945026136121
coronacases_001,final_outer_cv,C50_DIS,0.5,dispersed,17,0.13731016383273822,largest_1mm_eroded_component,67,9,8,1.8247028877225704
coronacases_001,final_outer_cv,C50_DIS,0.5,dispersed,21,0.45989050087519984,largest_1mm_eroded_component,287,9,9,3.7678841523182465
coronacases_001,final_outer_cv,C50_DIS,0.5,dispersed,23,1.1470983064687128,largest_1mm_eroded_component,917,9,9,5.7962730297461444
coronacases_001,final_outer_cv,C50_DIS,0.5,dispersed,24,0.19118305107811878,largest_1mm_eroded_component,65,10,8,1.8404199699861459
coronacases_001,final_outer_cv,C50_DIS,0.5,dispersed,25,56.20650304410728,largest_1mm_eroded_component,63849,9,9,29.25139105216396
coronacases_001,final_outer_cv,C50_DIS,0.5,dispersed,26,51.29618646761979,largest_1mm_eroded_component,30989,9,9,25.07125694581076
coronacases_001,final_outer_cv,C50_DIS,0.5,dispersed,27,0.10905974735040454,full_component_fallback,166,9,9,3.1311423549259114
coronacases_001,final_outer_cv,C50_DIS,0.5,dispersed,28,2.795477258891393,largest_1mm_eroded_component,1929,9,9,8.318070505554921
coronacases_001,final_outer_cv,C50_DIS,0.5,dispersed,30,0.33834801135818277,largest_1mm_eroded_component,195,10,10,3.0321522542924573
coronacases_001,final_outer_cv,C50_DIS,0.5,dispersed,31,0.17410140390275422,largest_1mm_eroded_component,74,9,9,2.1049530383913444
coronacases_001,final_outer_cv,C50_DIS,0.5,dispersed,32,7.16378003077597,largest_1mm_eroded_component,6671,10,10,12.706283613308488
coronacases_001,final_outer_cv,C50_DIS,0.5,dispersed,37,6.659871439102715,largest_1mm_eroded_component,5170,9,9,13.098157835964372
coronacases_001,final_outer_cv,C50_DIS,0.5,dispersed,51,0.6103403933043724,largest_1mm_eroded_component,369,9,9,4.467414371133801
coronacases_001,final_outer_cv,C50_FRG,0.5,fragmented,1,197.84095155793204,largest_1mm_eroded_component,214588,10,3,0.8105469942092896
coronacases_001,final_outer_cv,C50_FRG,0.5,fragmented,3,0.4677743380330604,largest_1mm_eroded_component,249,9,3,0.8105469942092896
coronacases_001,final_outer_cv,C50_FRG,0.5,fragmented,4,0.14453701456077708,largest_1mm_eroded_component,52,9,2,0.8315973281860352
coronacases_001,final_outer_cv,C50_FRG,0.5,fragmented,6,0.6254510811902718,largest_1mm_eroded_component,437,9,3,0.8105469942092896
coronacases_001,final_outer_cv,C50_FRG,0.5,fragmented,7,1.8132825463079307,largest_1mm_eroded_component,1433,9,3,0.8105469942092896
coronacases_001,final_outer_cv,C50_FRG,0.5,fragmented,10,0.4060176136298193,largest_1mm_eroded_component,219,10,3,0.8105469942092896
coronacases_001,final_outer_cv,C50_FRG,0.5,fragmented,14,0.771959055040514,largest_1mm_eroded_component,533,9,3,0.8105469942092896
coronacases_001,final_outer_cv,C50_FRG,0.5,fragmented,15,0.16161866173614164,largest_1mm_eroded_component,30,9,3,0.8105469942092896
coronacases_001,final_outer_cv,C50_FRG,0.5,fragmented,16,0.6576434162515358,largest_1mm_eroded_component,382,9,3,0.8105469942092896
coronacases_001,final_outer_cv,C50_FRG,0.5,fragmented,17,0.13731016383273822,largest_1mm_eroded_component,67,9,2,0.8105469942092896
coronacases_001,final_outer_cv,C50_FRG,0.5,fragmented,21,0.45989050087519984,largest_1mm_eroded_component,287,9,3,0.8105469942092896
coronacases_001,final_outer_cv,C50_FRG,0.5,fragmented,23,1.1470983064687128,largest_1mm_eroded_component,917,9,3,0.8105469942092896
coronacases_001,final_outer_cv,C50_FRG,0.5,fragmented,24,0.19118305107811878,largest_1mm_eroded_component,65,10,2,0.8294922947883606
coronacases_001,final_outer_cv,C50_FRG,0.5,fragmented,25,56.20650304410728,largest_1mm_eroded_component,63849,9,3,0.8105469942092896
coronacases_001,final_outer_cv,C50_FRG,0.5,fragmented,26,51.29618646761979,largest_1mm_eroded_component,30989,9,3,0.8105469942092896
coronacases_001,final_outer_cv,C50_FRG,0.5,fragmented,27,0.10905974735040454,full_component_fallback,166,9,3,0.8105469942092896
coronacases_001,final_outer_cv,C50_FRG,0.5,fragmented,28,2.795477258891393,largest_1mm_eroded_component,1929,9,3,0.8105469942092896
coronacases_001,final_outer_cv,C50_FRG,0.5,fragmented,30,0.33834801135818277,largest_1mm_eroded_component,195,10,3,0.8105469942092896
coronacases_001,final_outer_cv,C50_FRG,0.5,fragmented,31,0.17410140390275422,largest_1mm_eroded_component,74,9,3,0.8105469942092896
coronacases_001,final_outer_cv,C50_FRG,0.5,fragmented,32,7.16378003077597,largest_1mm_eroded_component,6671,10,3,0.8105469942092896
coronacases_001,final_outer_cv,C50_FRG,0.5,fragmented,37,6.659871439102715,largest_1mm_eroded_component,5170,9,3,0.8105469942092896
coronacases_001,final_outer_cv,C50_FRG,0.5,fragmented,51,0.6103403933043724,largest_1mm_eroded_component,369,9,3,0.8105469942092896
coronacases_002,final_outer_cv,C100_COH,1.0,coherent,1,15.839381217956543,largest_1mm_eroded_component,19732,10,1,0.68359375
coronacases_002,final_outer_cv,C100_COH,1.0,coherent,2,28.66677761077881,largest_1mm_eroded_component,34480,11,1,0.68359375
coronacases_002,final_outer_cv,C100_COH,1.0,coherent,3,24.04120445251465,largest_1mm_eroded_component,29155,10,1,0.7119091302403483
coronacases_002,final_outer_cv,C100_COH,1.0,coherent,4,0.46543121337890625,largest_1mm_eroded_component,408,10,1,0.68359375
coronacases_002,final_outer_cv,C100_COH,1.0,coherent,5,0.8572626113891602,largest_1mm_eroded_component,790,10,1,0.68359375
coronacases_002,final_outer_cv,C100_COH,1.0,coherent,6,0.4359912872314453,largest_1mm_eroded_component,356,11,1,0.7578125
coronacases_002,final_outer_cv,C100_COH,1.0,coherent,7,3.1500720977783203,largest_1mm_eroded_component,3367,10,1,0.7119091302403483
coronacases_002,final_outer_cv,C100_COH,1.0,coherent,8,22.782297134399414,largest_1mm_eroded_component,26671,10,1,0.68359375
coronacases_002,final_outer_cv,C100_COH,1.0,coherent,9,3.8299942016601562,largest_1mm_eroded_component,4252,10,1,0.68359375
coronacases_002,final_outer_cv,C100_COH,1.0,coherent,10,4.347295761108398,largest_1mm_eroded_component,4857,10,1,0.68359375
coronacases_002,final_outer_cv,C100_COH,1.0,coherent,11,0.10934829711914062,largest_1mm_eroded_component,78,10,1,0.7119091302403483
coronacases_002,final_outer_cv,C100_COH,1.0,coherent,12,0.33996105194091797,largest_1mm_eroded_component,249,11,1,0.68359375
coronacases_002,final_outer_cv,C100_COH,1.0,coherent,13,1.0072660446166992,largest_1mm_eroded_component,833,10,1,0.875329499244993
coronacases_002,final_outer_cv,C100_COH,1.0,coherent,14,0.1682281494140625,largest_1mm_eroded_component,146,10,1,0.68359375
coronacases_002,final_outer_cv,C100_COH,1.0,coherent,15,0.7114648818969727,largest_1mm_eroded_component,655,11,1,0.7713055559242402
coronacases_002,final_outer_cv,C100_COH,1.0,coherent,16,21.999335289001465,largest_1mm_eroded_component,26094,11,1,0.7578125
coronacases_002,final_outer_cv,C100_COH,1.0,coherent,17,0.25374412536621094,largest_1mm_eroded_component,165,10,1,0.875329499244993
coronacases_002,final_outer_cv,C100_COH,1.0,coherent,18,0.39603710174560547,largest_1mm_eroded_component,323,11,1,0.7713055559242402
coronacases_002,final_outer_cv,C100_COH,1.0,coherent,19,2.599825859069824,largest_1mm_eroded_component,2721,11,1,0.7865587690558119
coronacases_002,final_outer_cv,C100_COH,1.0,coherent,20,5.25853157043457,largest_1mm_eroded_component,5850,10,1,0.8650228772377091
coronacases_002,final_outer_cv,C100_COH,1.0,coherent,21,1.8701362609863281,largest_1mm_eroded_component,1845,11,1,0.68359375
coronacases_002,final_outer_cv,C100_COH,1.0,coherent,22,28.2216739654541,largest_1mm_eroded_component,32196,10,1,0.68359375
coronacases_002,final_outer_cv,C100_COH,1.0,coherent,23,1.8259763717651367,largest_1mm_eroded_component,1807,11,1,1.0063364765863574
coronacases_002,final_outer_cv,C100_COH,1.0,coherent,24,4.905252456665039,largest_1mm_eroded_component,5474,10,1,0.68359375
coronacases_002,final_outer_cv,C100_COH,1.0,coherent,25,16.984033584594727,largest_1mm_eroded_component,20383,10,1,0.7800767365166642
coronacases_002,final_outer_cv,C100_COH,1.0,coherent,26,0.7780551910400391,largest_1mm_eroded_component,678,10,1,0.8218651354806965
coronacases_002,final_outer_cv,C100_COH,1.0,coherent,27,0.1002359390258789,largest_1mm_eroded_component,55,11,1,0.68359375
coronacases_002,final_outer_cv,C100_DIS,1.0,dispersed,1,15.839381217956543,largest_1mm_eroded_component,19732,10,10,16.059219391352176
coronacases_002,final_outer_cv,C100_DIS,1.0,dispersed,2,28.66677761077881,largest_1mm_eroded_component,34480,11,11,19.94307005280721
coronacases_002,final_outer_cv,C100_DIS,1.0,dispersed,3,24.04120445251465,largest_1mm_eroded_component,29155,10,10,19.62225765794458
coronacases_002,final_outer_cv,C100_DIS,1.0,dispersed,4,0.46543121337890625,largest_1mm_eroded_component,408,10,10,4.227716782590865
coronacases_002,final_outer_cv,C100_DIS,1.0,dispersed,5,0.8572626113891602,largest_1mm_eroded_component,790,10,10,5.299711400214499
coronacases_002,final_outer_cv,C100_DIS,1.0,dispersed,6,0.4359912872314453,largest_1mm_eroded_component,356,11,11,3.661419808491749
coronacases_002,final_outer_cv,C100_DIS,1.0,dispersed,7,3.1500720977783203,largest_1mm_eroded_component,3367,10,10,8.831659386877941
coronacases_002,final_outer_cv,C100_DIS,1.0,dispersed,8,22.782297134399414,largest_1mm_eroded_component,26671,10,10,19.40346594467065
coronacases_002,final_outer_cv,C100_DIS,1.0,dispersed,9,3.8299942016601562,largest_1mm_eroded_component,4252,10,10,9.999791857111527
coronacases_002,final_outer_cv,C100_DIS,1.0,dispersed,10,4.347295761108398,largest_1mm_eroded_component,4857,10,10,10.057103900608762
coronacases_002,final_outer_cv,C100_DIS,1.0,dispersed,11,0.10934829711914062,largest_1mm_eroded_component,78,10,9,2.1007029379141327
coronacases_002,final_outer_cv,C100_DIS,1.0,dispersed,12,0.33996105194091797,largest_1mm_eroded_component,249,11,11,3.115231581608806
coronacases_002,final_outer_cv,C100_DIS,1.0,dispersed,13,1.0072660446166992,largest_1mm_eroded_component,833,10,10,5.681672807255526
coronacases_002,final_outer_cv,C100_DIS,1.0,dispersed,14,0.1682281494140625,largest_1mm_eroded_component,146,10,10,2.6919925293743967
coronacases_002,final_outer_cv,C100_DIS,1.0,dispersed,15,0.7114648818969727,largest_1mm_eroded_component,655,11,11,4.463560914220659
coronacases_002,final_outer_cv,C100_DIS,1.0,dispersed,16,21.999335289001465,largest_1mm_eroded_component,26094,11,11,17.86730941947539
coronacases_002,final_outer_cv,C100_DIS,1.0,dispersed,17,0.25374412536621094,largest_1mm_eroded_component,165,10,10,2.818548981148363
coronacases_002,final_outer_cv,C100_DIS,1.0,dispersed,18,0.39603710174560547,largest_1mm_eroded_component,323,11,11,3.4483440464395017
coronacases_002,final_outer_cv,C100_DIS,1.0,dispersed,19,2.599825859069824,largest_1mm_eroded_component,2721,11,11,7.675303857373127
coronacases_002,final_outer_cv,C100_DIS,1.0,dispersed,20,5.25853157043457,largest_1mm_eroded_component,5850,10,10,10.375283497150807
coronacases_002,final_outer_cv,C100_DIS,1.0,dispersed,21,1.8701362609863281,largest_1mm_eroded_component,1845,11,11,7.035011817613843
coronacases_002,final_outer_cv,C100_DIS,1.0,dispersed,22,28.2216739654541,largest_1mm_eroded_component,32196,10,10,23.13424668158172
coronacases_002,final_outer_cv,C100_DIS,1.0,dispersed,23,1.8259763717651367,largest_1mm_eroded_component,1807,11,11,6.616090630524773
coronacases_002,final_outer_cv,C100_DIS,1.0,dispersed,24,4.905252456665039,largest_1mm_eroded_component,5474,10,10,11.275796119217784
coronacases_002,final_outer_cv,C100_DIS,1.0,dispersed,25,16.984033584594727,largest_1mm_eroded_component,20383,10,10,17.002042337132856
coronacases_002,final_outer_cv,C100_DIS,1.0,dispersed,26,0.7780551910400391,largest_1mm_eroded_component,678,10,10,4.840168356601209
coronacases_002,final_outer_cv,C100_DIS,1.0,dispersed,27,0.1002359390258789,largest_1mm_eroded_component,55,11,6,1.7044551762241846
coronacases_002,final_outer_cv,C100_FRG,1.0,fragmented,1,15.839381217956543,largest_1mm_eroded_component,19732,10,3,0.68359375
coronacases_002,final_outer_cv,C100_FRG,1.0,fragmented,2,28.66677761077881,largest_1mm_eroded_component,34480,11,3,0.68359375
coronacases_002,final_outer_cv,C100_FRG,1.0,fragmented,3,24.04120445251465,largest_1mm_eroded_component,29155,10,3,0.68359375
coronacases_002,final_outer_cv,C100_FRG,1.0,fragmented,4,0.46543121337890625,largest_1mm_eroded_component,408,10,3,0.68359375
coronacases_002,final_outer_cv,C100_FRG,1.0,fragmented,5,0.8572626113891602,largest_1mm_eroded_component,790,10,3,0.68359375
coronacases_002,final_outer_cv,C100_FRG,1.0,fragmented,6,0.4359912872314453,largest_1mm_eroded_component,356,11,3,0.68359375
coronacases_002,final_outer_cv,C100_FRG,1.0,fragmented,7,3.1500720977783203,largest_1mm_eroded_component,3367,10,3,0.68359375
coronacases_002,final_outer_cv,C100_FRG,1.0,fragmented,8,22.782297134399414,largest_1mm_eroded_component,26671,10,3,0.68359375
coronacases_002,final_outer_cv,C100_FRG,1.0,fragmented,9,3.8299942016601562,largest_1mm_eroded_component,4252,10,3,0.68359375
coronacases_002,final_outer_cv,C100_FRG,1.0,fragmented,10,4.347295761108398,largest_1mm_eroded_component,4857,10,3,0.68359375
coronacases_002,final_outer_cv,C100_FRG,1.0,fragmented,11,0.10934829711914062,largest_1mm_eroded_component,78,10,3,0.68359375
coronacases_002,final_outer_cv,C100_FRG,1.0,fragmented,12,0.33996105194091797,largest_1mm_eroded_component,249,11,3,0.68359375
coronacases_002,final_outer_cv,C100_FRG,1.0,fragmented,13,1.0072660446166992,largest_1mm_eroded_component,833,10,3,0.68359375
coronacases_002,final_outer_cv,C100_FRG,1.0,fragmented,14,0.1682281494140625,largest_1mm_eroded_component,146,10,3,0.68359375
coronacases_002,final_outer_cv,C100_FRG,1.0,fragmented,15,0.7114648818969727,largest_1mm_eroded_component,655,11,3,0.68359375
coronacases_002,final_outer_cv,C100_FRG,1.0,fragmented,16,21.999335289001465,largest_1mm_eroded_component,26094,11,3,0.68359375
coronacases_002,final_outer_cv,C100_FRG,1.0,fragmented,17,0.25374412536621094,largest_1mm_eroded_component,165,10,3,0.68359375
coronacases_002,final_outer_cv,C100_FRG,1.0,fragmented,18,0.39603710174560547,largest_1mm_eroded_component,323,11,3,0.68359375
coronacases_002,final_outer_cv,C100_FRG,1.0,fragmented,19,2.599825859069824,largest_1mm_eroded_component,2721,11,3,0.68359375
coronacases_002,final_outer_cv,C100_FRG,1.0,fragmented,20,5.25853157043457,largest_1mm_eroded_component,5850,10,3,0.68359375
coronacases_002,final_outer_cv,C100_FRG,1.0,fragmented,21,1.8701362609863281,largest_1mm_eroded_component,1845,11,3,0.68359375
coronacases_002,final_outer_cv,C100_FRG,1.0,fragmented,22,28.2216739654541,largest_1mm_eroded_component,32196,10,3,0.68359375
coronacases_002,final_outer_cv,C100_FRG,1.0,fragmented,23,1.8259763717651367,largest_1mm_eroded_component,1807,11,3,0.68359375
coronacases_002,final_outer_cv,C100_FRG,1.0,fragmented,24,4.905252456665039,largest_1mm_eroded_component,5474,10,3,0.68359375
coronacases_002,final_outer_cv,C100_FRG,1.0,fragmented,25,16.984033584594727,largest_1mm_eroded_component,20383,10,3,0.68359375
coronacases_002,final_outer_cv,C100_FRG,1.0,fragmented,26,0.7780551910400391,largest_1mm_eroded_component,678,10,3,0.68359375
coronacases_002,final_outer_cv,C100_FRG,1.0,fragmented,27,0.1002359390258789,largest_1mm_eroded_component,55,11,2,0.68359375
coronacases_002,final_outer_cv,C50_COH,0.5,coherent,1,15.839381217956543,largest_1mm_eroded_component,19732,20,1,0.68359375
coronacases_002,final_outer_cv,C50_COH,0.5,coherent,2,28.66677761077881,largest_1mm_eroded_component,34480,20,1,0.7119091302403483
coronacases_002,final_outer_cv,C50_COH,0.5,coherent,6,0.4359912872314453,largest_1mm_eroded_component,356,20,1,0.7119091302403483
coronacases_002,final_outer_cv,C50_COH,0.5,coherent,12,0.33996105194091797,largest_1mm_eroded_component,249,20,1,0.7244140625
coronacases_002,final_outer_cv,C50_COH,0.5,coherent,14,0.1682281494140625,largest_1mm_eroded_component,146,20,1,0.68359375
coronacases_002,final_outer_cv,C50_COH,0.5,coherent,15,0.7114648818969727,largest_1mm_eroded_component,655,20,1,0.765234375
coronacases_002,final_outer_cv,C50_COH,0.5,coherent,16,21.999335289001465,largest_1mm_eroded_component,26094,20,1,0.68359375
coronacases_002,final_outer_cv,C50_COH,0.5,coherent,18,0.39603710174560547,largest_1mm_eroded_component,323,20,1,0.68359375
coronacases_002,final_outer_cv,C50_COH,0.5,coherent,19,2.599825859069824,largest_1mm_eroded_component,2721,20,1,0.7119091302403483
coronacases_002,final_outer_cv,C50_COH,0.5,coherent,20,5.25853157043457,largest_1mm_eroded_component,5850,20,1,0.7543822006008707
coronacases_002,final_outer_cv,C50_COH,0.5,coherent,21,1.8701362609863281,largest_1mm_eroded_component,1845,20,1,0.8506405339567124
coronacases_002,final_outer_cv,C50_COH,0.5,coherent,23,1.8259763717651367,largest_1mm_eroded_component,1807,20,1,0.7459929333785063
coronacases_002,final_outer_cv,C50_COH,0.5,coherent,26,0.7780551910400391,largest_1mm_eroded_component,678,20,1,0.68359375
coronacases_002,final_outer_cv,C50_COH,0.5,coherent,27,0.1002359390258789,largest_1mm_eroded_component,55,20,1,0.68359375
coronacases_002,final_outer_cv,C50_DIS,0.5,dispersed,1,15.839381217956543,largest_1mm_eroded_component,19732,20,20,11.876119287871798
coronacases_002,final_outer_cv,C50_DIS,0.5,dispersed,2,28.66677761077881,largest_1mm_eroded_component,34480,20,20,15.40868913855065
coronacases_002,final_outer_cv,C50_DIS,0.5,dispersed,6,0.4359912872314453,largest_1mm_eroded_component,356,20,20,2.814928059691172
coronacases_002,final_outer_cv,C50_DIS,0.5,dispersed,12,0.33996105194091797,largest_1mm_eroded_component,249,20,20,2.2916802535167484
coronacases_002,final_outer_cv,C50_DIS,0.5,dispersed,14,0.1682281494140625,largest_1mm_eroded_component,146,20,16,1.848701562916228
coronacases_002,final_outer_cv,C50_DIS,0.5,dispersed,15,0.7114648818969727,largest_1mm_eroded_component,655,20,20,3.3368649380176096
coronacases_002,final_outer_cv,C50_DIS,0.5,dispersed,16,21.999335289001465,largest_1mm_eroded_component,26094,20,20,13.657128081088084
coronacases_002,final_outer_cv,C50_DIS,0.5,dispersed,18,0.39603710174560547,largest_1mm_eroded_component,323,20,20,2.7084356109274457
coronacases_002,final_outer_cv,C50_DIS,0.5,dispersed,19,2.599825859069824,largest_1mm_eroded_component,2721,20,20,5.702894440520222
coronacases_002,final_outer_cv,C50_DIS,0.5,dispersed,20,5.25853157043457,largest_1mm_eroded_component,5850,20,20,7.887162779644621
coronacases_002,final_outer_cv,C50_DIS,0.5,dispersed,21,1.8701362609863281,largest_1mm_eroded_component,1845,20,20,5.223133549251022
coronacases_002,final_outer_cv,C50_DIS,0.5,dispersed,23,1.8259763717651367,largest_1mm_eroded_component,1807,20,20,5.045594529806222
coronacases_002,final_outer_cv,C50_DIS,0.5,dispersed,26,0.7780551910400391,largest_1mm_eroded_component,678,20,20,3.425738169965855
coronacases_002,final_outer_cv,C50_DIS,0.5,dispersed,27,0.1002359390258789,largest_1mm_eroded_component,55,20,4,1.226585500758873
coronacases_002,final_outer_cv,C50_FRG,0.5,fragmented,1,15.839381217956543,largest_1mm_eroded_component,19732,20,3,0.68359375
coronacases_002,final_outer_cv,C50_FRG,0.5,fragmented,2,28.66677761077881,largest_1mm_eroded_component,34480,20,3,0.68359375
coronacases_002,final_outer_cv,C50_FRG,0.5,fragmented,6,0.4359912872314453,largest_1mm_eroded_component,356,20,3,0.765234375
coronacases_002,final_outer_cv,C50_FRG,0.5,fragmented,12,0.33996105194091797,largest_1mm_eroded_component,249,20,3,0.7244140625
coronacases_002,final_outer_cv,C50_FRG,0.5,fragmented,14,0.1682281494140625,largest_1mm_eroded_component,146,20,3,0.68359375
coronacases_002,final_outer_cv,C50_FRG,0.5,fragmented,15,0.7114648818969727,largest_1mm_eroded_component,655,20,3,0.68359375
coronacases_002,final_outer_cv,C50_FRG,0.5,fragmented,16,21.999335289001465,largest_1mm_eroded_component,26094,20,3,0.68359375
coronacases_002,final_outer_cv,C50_FRG,0.5,fragmented,18,0.39603710174560547,largest_1mm_eroded_component,323,20,3,0.68359375
coronacases_002,final_outer_cv,C50_FRG,0.5,fragmented,19,2.599825859069824,largest_1mm_eroded_component,2721,20,3,0.68359375
coronacases_002,final_outer_cv,C50_FRG,0.5,fragmented,20,5.25853157043457,largest_1mm_eroded_component,5850,20,3,0.68359375
coronacases_002,final_outer_cv,C50_FRG,0.5,fragmented,21,1.8701362609863281,largest_1mm_eroded_component,1845,20,3,0.68359375
coronacases_002,final_outer_cv,C50_FRG,0.5,fragmented,23,1.8259763717651367,largest_1mm_eroded_component,1807,20,3,0.7244140625
coronacases_002,final_outer_cv,C50_FRG,0.5,fragmented,26,0.7780551910400391,largest_1mm_eroded_component,678,20,3,0.68359375
coronacases_002,final_outer_cv,C50_FRG,0.5,fragmented,27,0.1002359390258789,largest_1mm_eroded_component,55,20,2,0.68359375
coronacases_003,final_outer_cv,C100_COH,1.0,coherent,1,498.86712965011594,largest_1mm_eroded_component,568195,10,1,0.736328125
coronacases_003,final_outer_cv,C100_COH,1.0,coherent,2,0.46274986839294435,largest_1mm_eroded_component,358,10,1,0.8126953125
coronacases_003,final_outer_cv,C100_COH,1.0,coherent,3,6.543559650421143,largest_1mm_eroded_component,6331,10,1,0.7668278345731752
coronacases_003,final_outer_cv,C100_COH,1.0,coherent,4,0.16184046363830568,largest_1mm_eroded_component,114,10,1,0.8431950220731752
coronacases_003,final_outer_cv,C100_COH,1.0,coherent,5,0.2740715389251709,largest_1mm_eroded_component,216,10,1,0.736328125
coronacases_003,final_outer_cv,C100_COH,1.0,coherent,6,1.5069868297576905,largest_1mm_eroded_component,1415,10,1,0.736328125
coronacases_003,final_outer_cv,C100_COH,1.0,coherent,8,0.22364888191223145,largest_1mm_eroded_component,184,10,1,0.7668278345731752
coronacases_003,final_outer_cv,C100_COH,1.0,coherent,9,0.2643123149871826,largest_1mm_eroded_component,215,10,1,0.8297934605348006
coronacases_003,final_outer_cv,C100_COH,1.0,coherent,10,0.4269660472869873,largest_1mm_eroded_component,354,10,1,0.7668278345731752
coronacases_003,final_outer_cv,C100_COH,1.0,coherent,12,0.22527541923522948,largest_1mm_eroded_component,172,11,1,0.8057528409090909
coronacases_003,final_outer_cv,C100_COH,1.0,coherent,13,0.1455750904083252,largest_1mm_eroded_component,107,10,1,0.9061606480348006
coronacases_003,final_outer_cv,C100_COH,1.0,coherent,14,2.841560703277588,largest_1mm_eroded_component,2631,11,1,0.8212966118498187
coronacases_003,final_outer_cv,C100_COH,1.0,coherent,15,0.6083249588012696,largest_1mm_eroded_component,555,10,1,0.736328125
coronacases_003,final_outer_cv,C100_COH,1.0,coherent,16,0.12280356788635254,largest_1mm_eroded_component,99,11,1,0.736328125
coronacases_003,final_outer_cv,C100_COH,1.0,coherent,18,1.7314489803314208,largest_1mm_eroded_component,1684,10,1,0.8278272537195255
coronacases_003,final_outer_cv,C100_COH,1.0,coherent,20,0.49040100288391114,largest_1mm_eroded_component,411,11,1,0.9734623837811789
coronacases_003,final_outer_cv,C100_COH,1.0,coherent,21,1.6802130546569825,largest_1mm_eroded_component,1562,10,1,0.736328125
coronacases_003,final_outer_cv,C100_COH,1.0,coherent,22,0.7034773921966553,largest_1mm_eroded_component,600,10,1,0.8452975637274159
coronacases_003,final_outer_cv,C100_COH,1.0,coherent,23,2.9041823902130126,largest_1mm_eroded_component,2751,10,1,0.736328125
coronacases_003,final_outer_cv,C100_COH,1.0,coherent,25,0.11467088127136231,largest_1mm_eroded_component,87,10,1,0.736328125
coronacases_003,final_outer_cv,C100_COH,1.0,coherent,26,0.9986939163208007,largest_1mm_eroded_component,943,11,1,0.7640551337028865
coronacases_003,final_outer_cv,C100_COH,1.0,coherent,27,0.33506668853759763,largest_1mm_eroded_component,291,10,1,0.736328125
coronacases_003,final_outer_cv,C100_COH,1.0,coherent,28,0.12686991119384766,largest_1mm_eroded_component,90,10,1,0.8297934605348006
coronacases_003,final_outer_cv,C100_COH,1.0,coherent,29,494.5746976547241,largest_1mm_eroded_component,566783,10,1,1.0569288162195254
coronacases_003,final_outer_cv,C100_COH,1.0,coherent,30,7.795993389129639,largest_1mm_eroded_component,8216,10,1,0.8297934605348006
coronacases_003,final_outer_cv,C100_COH,1.0,coherent,31,0.3887424201965332,largest_1mm_eroded_component,331,10,1,0.8126953125
coronacases_003,final_outer_cv,C100_COH,1.0,coherent,32,2.3853169841766357,largest_1mm_eroded_component,2328,10,1,0.8273432866244963
coronacases_003,final_outer_cv,C100_COH,1.0,coherent,33,0.16021392631530762,largest_1mm_eroded_component,125,10,1,0.736328125
coronacases_003,final_outer_cv,C100_COH,1.0,coherent,34,0.7042906608581543,largest_1mm_eroded_component,662,11,1,0.736328125
coronacases_003,final_outer_cv,C100_COH,1.0,coherent,35,0.8205880794525147,largest_1mm_eroded_component,689,11,1,0.736328125
coronacases_003,final_outer_cv,C100_COH,1.0,coherent,36,2.6170985527038573,largest_1mm_eroded_component,2446,10,1,0.8757972733005911
coronacases_003,final_outer_cv,C100_COH,1.0,coherent,37,0.4830815849304199,largest_1mm_eroded_component,437,10,1,0.736328125
coronacases_003,final_outer_cv,C100_COH,1.0,coherent,38,0.2391009864807129,largest_1mm_eroded_component,196,11,1,0.736328125
coronacases_003,final_outer_cv,C100_COH,1.0,coherent,39,0.14476182174682617,largest_1mm_eroded_component,120,11,1,0.736328125
coronacases_003,final_outer_cv,C100_COH,1.0,coherent,40,0.8563719005584717,largest_1mm_eroded_component,754,10,1,0.8278272537195255
coronacases_003,final_outer_cv,C100_COH,1.0,coherent,41,2.4764030742645264,largest_1mm_eroded_component,2529,10,1,0.736328125
coronacases_003,final_outer_cv,C100_COH,1.0,coherent,42,0.5261848239898682,largest_1mm_eroded_component,496,10,1,0.7668278345731752
coronacases_003,final_outer_cv,C100_COH,1.0,coherent,43,0.13662913513183594,largest_1mm_eroded_component,105,11,1,0.736328125
coronacases_003,final_outer_cv,C100_COH,1.0,coherent,44,0.11141780662536621,largest_1mm_eroded_component,79,10,1,0.736328125
coronacases_003,final_outer_cv,C100_DIS,1.0,dispersed,1,498.86712965011594,largest_1mm_eroded_component,568195,10,10,66.5194423284078
coronacases_003,final_outer_cv,C100_DIS,1.0,dispersed,2,0.46274986839294435,largest_1mm_eroded_component,358,10,10,4.460205827738051
coronacases_003,final_outer_cv,C100_DIS,1.0,dispersed,3,6.543559650421143,largest_1mm_eroded_component,6331,10,10,14.5161558419919
coronacases_003,final_outer_cv,C100_DIS,1.0,dispersed,4,0.16184046363830568,largest_1mm_eroded_component,114,10,10,2.4165433441046056
coronacases_003,final_outer_cv,C100_DIS,1.0,dispersed,5,0.2740715389251709,largest_1mm_eroded_component,216,10,10,3.5210748317849054
coronacases_003,final_outer_cv,C100_DIS,1.0,dispersed,6,1.5069868297576905,largest_1mm_eroded_component,1415,10,10,6.992724426897759
coronacases_003,final_outer_cv,C100_DIS,1.0,dispersed,8,0.22364888191223145,largest_1mm_eroded_component,184,10,10,2.998037047133752
coronacases_003,final_outer_cv,C100_DIS,1.0,dispersed,9,0.2643123149871826,largest_1mm_eroded_component,215,10,10,3.426550166119026
coronacases_003,final_outer_cv,C100_DIS,1.0,dispersed,10,0.4269660472869873,largest_1mm_eroded_component,354,10,10,4.655990787800791
coronacases_003,final_outer_cv,C100_DIS,1.0,dispersed,12,0.22527541923522948,largest_1mm_eroded_component,172,11,11,3.013016265250096
coronacases_003,final_outer_cv,C100_DIS,1.0,dispersed,13,0.1455750904083252,largest_1mm_eroded_component,107,10,10,2.4256130947930563
coronacases_003,final_outer_cv,C100_DIS,1.0,dispersed,14,2.841560703277588,largest_1mm_eroded_component,2631,11,11,8.742935286569825
coronacases_003,final_outer_cv,C100_DIS,1.0,dispersed,15,0.6083249588012696,largest_1mm_eroded_component,555,10,10,4.858172454682863
coronacases_003,final_outer_cv,C100_DIS,1.0,dispersed,16,0.12280356788635254,largest_1mm_eroded_component,99,11,10,2.329834547649827
coronacases_003,final_outer_cv,C100_DIS,1.0,dispersed,18,1.7314489803314208,largest_1mm_eroded_component,1684,10,10,7.774068460432828
coronacases_003,final_outer_cv,C100_DIS,1.0,dispersed,20,0.49040100288391114,largest_1mm_eroded_component,411,11,11,4.808594367527622
coronacases_003,final_outer_cv,C100_DIS,1.0,dispersed,21,1.6802130546569825,largest_1mm_eroded_component,1562,10,10,7.676918018617458
coronacases_003,final_outer_cv,C100_DIS,1.0,dispersed,22,0.7034773921966553,largest_1mm_eroded_component,600,10,10,5.460651141758644
coronacases_003,final_outer_cv,C100_DIS,1.0,dispersed,23,2.9041823902130126,largest_1mm_eroded_component,2751,10,10,9.732832899188244
coronacases_003,final_outer_cv,C100_DIS,1.0,dispersed,25,0.11467088127136231,largest_1mm_eroded_component,87,10,9,2.1486037421489415
coronacases_003,final_outer_cv,C100_DIS,1.0,dispersed,26,0.9986939163208007,largest_1mm_eroded_component,943,11,11,6.308899734374376
coronacases_003,final_outer_cv,C100_DIS,1.0,dispersed,27,0.33506668853759763,largest_1mm_eroded_component,291,10,10,4.145614526206535
coronacases_003,final_outer_cv,C100_DIS,1.0,dispersed,28,0.12686991119384766,largest_1mm_eroded_component,90,10,10,2.420439421684448
coronacases_003,final_outer_cv,C100_DIS,1.0,dispersed,29,494.5746976547241,largest_1mm_eroded_component,566783,10,10,64.68567559862106
coronacases_003,final_outer_cv,C100_DIS,1.0,dispersed,30,7.795993389129639,largest_1mm_eroded_component,8216,10,10,13.289252197410274
coronacases_003,final_outer_cv,C100_DIS,1.0,dispersed,31,0.3887424201965332,largest_1mm_eroded_component,331,10,10,3.8552770741011173
coronacases_003,final_outer_cv,C100_DIS,1.0,dispersed,32,2.3853169841766357,largest_1mm_eroded_component,2328,10,10,9.891796019653402
coronacases_003,final_outer_cv,C100_DIS,1.0,dispersed,33,0.16021392631530762,largest_1mm_eroded_component,125,10,10,2.6726729016137556
coronacases_003,final_outer_cv,C100_DIS,1.0,dispersed,34,0.7042906608581543,largest_1mm_eroded_component,662,11,11,4.9738066407143915
coronacases_003,final_outer_cv,C100_DIS,1.0,dispersed,35,0.8205880794525147,largest_1mm_eroded_component,689,11,11,5.171330157867174
coronacases_003,final_outer_cv,C100_DIS,1.0,dispersed,36,2.6170985527038573,largest_1mm_eroded_component,2446,10,10,10.332524993032672
coronacases_003,final_outer_cv,C100_DIS,1.0,dispersed,37,0.4830815849304199,largest_1mm_eroded_component,437,10,10,4.479362865596246
coronacases_003,final_outer_cv,C100_DIS,1.0,dispersed,38,0.2391009864807129,largest_1mm_eroded_component,196,11,11,3.2020578468564094
coronacases_003,final_outer_cv,C100_DIS,1.0,dispersed,39,0.14476182174682617,largest_1mm_eroded_component,120,11,11,2.7098128857499644
coronacases_003,final_outer_cv,C100_DIS,1.0,dispersed,40,0.8563719005584717,largest_1mm_eroded_component,754,10,10,5.817688508701241
coronacases_003,final_outer_cv,C100_DIS,1.0,dispersed,41,2.4764030742645264,largest_1mm_eroded_component,2529,10,10,8.997194995172647
coronacases_003,final_outer_cv,C100_DIS,1.0,dispersed,42,0.5261848239898682,largest_1mm_eroded_component,496,10,10,4.6494833550399335
coronacases_003,final_outer_cv,C100_DIS,1.0,dispersed,43,0.13662913513183594,largest_1mm_eroded_component,105,11,11,2.208737244482097
coronacases_003,final_outer_cv,C100_DIS,1.0,dispersed,44,0.11141780662536621,largest_1mm_eroded_component,79,10,10,2.28153723607951
coronacases_003,final_outer_cv,C100_FRG,1.0,fragmented,1,498.86712965011594,largest_1mm_eroded_component,568195,10,3,0.736328125
coronacases_003,final_outer_cv,C100_FRG,1.0,fragmented,2,0.46274986839294435,largest_1mm_eroded_component,358,10,3,0.736328125
coronacases_003,final_outer_cv,C100_FRG,1.0,fragmented,3,6.543559650421143,largest_1mm_eroded_component,6331,10,3,0.736328125
coronacases_003,final_outer_cv,C100_FRG,1.0,fragmented,4,0.16184046363830568,largest_1mm_eroded_component,114,10,3,0.736328125
coronacases_003,final_outer_cv,C100_FRG,1.0,fragmented,5,0.2740715389251709,largest_1mm_eroded_component,216,10,3,0.736328125
coronacases_003,final_outer_cv,C100_FRG,1.0,fragmented,6,1.5069868297576905,largest_1mm_eroded_component,1415,10,3,0.736328125
coronacases_003,final_outer_cv,C100_FRG,1.0,fragmented,8,0.22364888191223145,largest_1mm_eroded_component,184,10,3,0.736328125
coronacases_003,final_outer_cv,C100_FRG,1.0,fragmented,9,0.2643123149871826,largest_1mm_eroded_component,215,10,3,0.736328125
coronacases_003,final_outer_cv,C100_FRG,1.0,fragmented,10,0.4269660472869873,largest_1mm_eroded_component,354,10,3,0.736328125
coronacases_003,final_outer_cv,C100_FRG,1.0,fragmented,12,0.22527541923522948,largest_1mm_eroded_component,172,11,3,0.736328125
coronacases_003,final_outer_cv,C100_FRG,1.0,fragmented,13,0.1455750904083252,largest_1mm_eroded_component,107,10,3,0.736328125
coronacases_003,final_outer_cv,C100_FRG,1.0,fragmented,14,2.841560703277588,largest_1mm_eroded_component,2631,11,3,0.736328125
coronacases_003,final_outer_cv,C100_FRG,1.0,fragmented,15,0.6083249588012696,largest_1mm_eroded_component,555,10,3,0.736328125
coronacases_003,final_outer_cv,C100_FRG,1.0,fragmented,16,0.12280356788635254,largest_1mm_eroded_component,99,11,3,0.736328125
coronacases_003,final_outer_cv,C100_FRG,1.0,fragmented,18,1.7314489803314208,largest_1mm_eroded_component,1684,10,3,0.736328125
coronacases_003,final_outer_cv,C100_FRG,1.0,fragmented,20,0.49040100288391114,largest_1mm_eroded_component,411,11,3,0.736328125
coronacases_003,final_outer_cv,C100_FRG,1.0,fragmented,21,1.6802130546569825,largest_1mm_eroded_component,1562,10,3,0.736328125
coronacases_003,final_outer_cv,C100_FRG,1.0,fragmented,22,0.7034773921966553,largest_1mm_eroded_component,600,10,3,0.736328125
coronacases_003,final_outer_cv,C100_FRG,1.0,fragmented,23,2.9041823902130126,largest_1mm_eroded_component,2751,10,3,0.736328125
coronacases_003,final_outer_cv,C100_FRG,1.0,fragmented,25,0.11467088127136231,largest_1mm_eroded_component,87,10,3,0.736328125
coronacases_003,final_outer_cv,C100_FRG,1.0,fragmented,26,0.9986939163208007,largest_1mm_eroded_component,943,11,3,0.736328125
coronacases_003,final_outer_cv,C100_FRG,1.0,fragmented,27,0.33506668853759763,largest_1mm_eroded_component,291,10,3,0.736328125
coronacases_003,final_outer_cv,C100_FRG,1.0,fragmented,28,0.12686991119384766,largest_1mm_eroded_component,90,10,3,0.736328125
coronacases_003,final_outer_cv,C100_FRG,1.0,fragmented,29,494.5746976547241,largest_1mm_eroded_component,566783,10,3,0.736328125
coronacases_003,final_outer_cv,C100_FRG,1.0,fragmented,30,7.795993389129639,largest_1mm_eroded_component,8216,10,3,0.736328125
coronacases_003,final_outer_cv,C100_FRG,1.0,fragmented,31,0.3887424201965332,largest_1mm_eroded_component,331,10,3,0.736328125
coronacases_003,final_outer_cv,C100_FRG,1.0,fragmented,32,2.3853169841766357,largest_1mm_eroded_component,2328,10,3,0.736328125
coronacases_003,final_outer_cv,C100_FRG,1.0,fragmented,33,0.16021392631530762,largest_1mm_eroded_component,125,10,3,0.736328125
coronacases_003,final_outer_cv,C100_FRG,1.0,fragmented,34,0.7042906608581543,largest_1mm_eroded_component,662,11,3,0.736328125
coronacases_003,final_outer_cv,C100_FRG,1.0,fragmented,35,0.8205880794525147,largest_1mm_eroded_component,689,11,3,0.736328125
coronacases_003,final_outer_cv,C100_FRG,1.0,fragmented,36,2.6170985527038573,largest_1mm_eroded_component,2446,10,3,0.736328125
coronacases_003,final_outer_cv,C100_FRG,1.0,fragmented,37,0.4830815849304199,largest_1mm_eroded_component,437,10,3,0.736328125
coronacases_003,final_outer_cv,C100_FRG,1.0,fragmented,38,0.2391009864807129,largest_1mm_eroded_component,196,11,3,0.736328125
coronacases_003,final_outer_cv,C100_FRG,1.0,fragmented,39,0.14476182174682617,largest_1mm_eroded_component,120,11,3,0.736328125
coronacases_003,final_outer_cv,C100_FRG,1.0,fragmented,40,0.8563719005584717,largest_1mm_eroded_component,754,10,3,0.736328125
coronacases_003,final_outer_cv,C100_FRG,1.0,fragmented,41,2.4764030742645264,largest_1mm_eroded_component,2529,10,3,0.736328125
coronacases_003,final_outer_cv,C100_FRG,1.0,fragmented,42,0.5261848239898682,largest_1mm_eroded_component,496,10,3,0.736328125
coronacases_003,final_outer_cv,C100_FRG,1.0,fragmented,43,0.13662913513183594,largest_1mm_eroded_component,105,11,3,0.736328125
coronacases_003,final_outer_cv,C100_FRG,1.0,fragmented,44,0.11141780662536621,largest_1mm_eroded_component,79,10,3,0.736328125
coronacases_003,final_outer_cv,C50_COH,0.5,coherent,2,0.46274986839294435,largest_1mm_eroded_component,358,20,1,0.8297934605348006
coronacases_003,final_outer_cv,C50_COH,0.5,coherent,4,0.16184046363830568,largest_1mm_eroded_component,114,20,1,0.736328125
coronacases_003,final_outer_cv,C50_COH,0.5,coherent,5,0.2740715389251709,largest_1mm_eroded_component,216,20,1,0.7515779797865876
coronacases_003,final_outer_cv,C50_COH,0.5,coherent,6,1.5069868297576905,largest_1mm_eroded_component,1415,20,1,0.7515779797865876
coronacases_003,final_outer_cv,C50_COH,0.5,coherent,12,0.22527541923522948,largest_1mm_eroded_component,172,20,1,0.77451171875
coronacases_003,final_outer_cv,C50_COH,0.5,coherent,14,2.841560703277588,largest_1mm_eroded_component,2631,20,1,0.7515779797865876
coronacases_003,final_outer_cv,C50_COH,0.5,coherent,16,0.12280356788635254,largest_1mm_eroded_component,99,20,1,0.736328125
coronacases_003,final_outer_cv,C50_COH,0.5,coherent,20,0.49040100288391114,largest_1mm_eroded_component,411,20,1,0.7897615735365876
coronacases_003,final_outer_cv,C50_COH,0.5,coherent,26,0.9986939163208007,largest_1mm_eroded_component,943,20,1,0.77451171875
coronacases_003,final_outer_cv,C50_COH,0.5,coherent,27,0.33506668853759763,largest_1mm_eroded_component,291,20,1,0.736328125
coronacases_003,final_outer_cv,C50_COH,0.5,coherent,29,494.5746976547241,largest_1mm_eroded_component,566783,20,1,0.9117604118292881
coronacases_003,final_outer_cv,C50_COH,0.5,coherent,30,7.795993389129639,largest_1mm_eroded_component,8216,20,1,0.7668278345731752
coronacases_003,final_outer_cv,C50_COH,0.5,coherent,34,0.7042906608581543,largest_1mm_eroded_component,662,20,1,0.7897615735365876
coronacases_003,final_outer_cv,C50_COH,0.5,coherent,35,0.8205880794525147,largest_1mm_eroded_component,689,20,1,0.736328125
coronacases_003,final_outer_cv,C50_COH,0.5,coherent,37,0.4830815849304199,largest_1mm_eroded_component,437,20,1,0.7668278345731752
coronacases_003,final_outer_cv,C50_COH,0.5,coherent,38,0.2391009864807129,largest_1mm_eroded_component,196,20,1,0.7515779797865876
coronacases_003,final_outer_cv,C50_COH,0.5,coherent,39,0.14476182174682617,largest_1mm_eroded_component,120,20,1,0.736328125
coronacases_003,final_outer_cv,C50_COH,0.5,coherent,40,0.8563719005584717,largest_1mm_eroded_component,754,20,1,0.7515779797865876
coronacases_003,final_outer_cv,C50_COH,0.5,coherent,42,0.5261848239898682,largest_1mm_eroded_component,496,20,1,0.7515779797865876
coronacases_003,final_outer_cv,C50_COH,0.5,coherent,43,0.13662913513183594,largest_1mm_eroded_component,105,20,1,0.736328125
coronacases_003,final_outer_cv,C50_DIS,0.5,dispersed,2,0.46274986839294435,largest_1mm_eroded_component,358,20,20,3.106296340722035
coronacases_003,final_outer_cv,C50_DIS,0.5,dispersed,4,0.16184046363830568,largest_1mm_eroded_component,114,20,10,1.8182096050732348
coronacases_003,final_outer_cv,C50_DIS,0.5,dispersed,5,0.2740715389251709,largest_1mm_eroded_component,216,20,20,2.308886565563679
coronacases_003,final_outer_cv,C50_DIS,0.5,dispersed,6,1.5069868297576905,largest_1mm_eroded_component,1415,20,20,5.224241772735722
coronacases_003,final_outer_cv,C50_DIS,0.5,dispersed,12,0.22527541923522948,largest_1mm_eroded_component,172,20,15,2.102760517482294
coronacases_003,final_outer_cv,C50_DIS,0.5,dispersed,14,2.841560703277588,largest_1mm_eroded_component,2631,20,20,6.709465051759634
coronacases_003,final_outer_cv,C50_DIS,0.5,dispersed,16,0.12280356788635254,largest_1mm_eroded_component,99,20,12,1.654611495866272
coronacases_003,final_outer_cv,C50_DIS,0.5,dispersed,20,0.49040100288391114,largest_1mm_eroded_component,411,20,20,3.352606115662627
coronacases_003,final_outer_cv,C50_DIS,0.5,dispersed,26,0.9986939163208007,largest_1mm_eroded_component,943,20,20,4.479964619379342
coronacases_003,final_outer_cv,C50_DIS,0.5,dispersed,27,0.33506668853759763,largest_1mm_eroded_component,291,20,20,2.5974524258161837
coronacases_003,final_outer_cv,C50_DIS,0.5,dispersed,29,494.5746976547241,largest_1mm_eroded_component,566783,20,20,42.8458570259934
coronacases_003,final_outer_cv,C50_DIS,0.5,dispersed,30,7.795993389129639,largest_1mm_eroded_component,8216,20,20,9.636786752465884
coronacases_003,final_outer_cv,C50_DIS,0.5,dispersed,34,0.7042906608581543,largest_1mm_eroded_component,662,20,20,3.659991257667754
coronacases_003,final_outer_cv,C50_DIS,0.5,dispersed,35,0.8205880794525147,largest_1mm_eroded_component,689,20,20,3.9057620660527563
coronacases_003,final_outer_cv,C50_DIS,0.5,dispersed,37,0.4830815849304199,largest_1mm_eroded_component,437,20,20,3.231630695835271
coronacases_003,final_outer_cv,C50_DIS,0.5,dispersed,38,0.2391009864807129,largest_1mm_eroded_component,196,20,20,2.280381181239419
coronacases_003,final_outer_cv,C50_DIS,0.5,dispersed,39,0.14476182174682617,largest_1mm_eroded_component,120,20,13,1.8091331635204646
coronacases_003,final_outer_cv,C50_DIS,0.5,dispersed,40,0.8563719005584717,largest_1mm_eroded_component,754,20,20,4.119999806569275
coronacases_003,final_outer_cv,C50_DIS,0.5,dispersed,42,0.5261848239898682,largest_1mm_eroded_component,496,20,20,3.245231001522881
coronacases_003,final_outer_cv,C50_DIS,0.5,dispersed,43,0.13662913513183594,largest_1mm_eroded_component,105,20,11,1.7993051196039347
coronacases_003,final_outer_cv,C50_FRG,0.5,fragmented,2,0.46274986839294435,largest_1mm_eroded_component,358,20,3,0.736328125
coronacases_003,final_outer_cv,C50_FRG,0.5,fragmented,4,0.16184046363830568,largest_1mm_eroded_component,114,20,3,0.736328125
coronacases_003,final_outer_cv,C50_FRG,0.5,fragmented,5,0.2740715389251709,largest_1mm_eroded_component,216,20,3,0.77451171875
coronacases_003,final_outer_cv,C50_FRG,0.5,fragmented,6,1.5069868297576905,largest_1mm_eroded_component,1415,20,3,0.77451171875
coronacases_003,final_outer_cv,C50_FRG,0.5,fragmented,12,0.22527541923522948,largest_1mm_eroded_component,172,20,3,0.736328125
coronacases_003,final_outer_cv,C50_FRG,0.5,fragmented,14,2.841560703277588,largest_1mm_eroded_component,2631,20,3,0.736328125
coronacases_003,final_outer_cv,C50_FRG,0.5,fragmented,16,0.12280356788635254,largest_1mm_eroded_component,99,20,3,0.736328125
coronacases_003,final_outer_cv,C50_FRG,0.5,fragmented,20,0.49040100288391114,largest_1mm_eroded_component,411,20,3,0.736328125
coronacases_003,final_outer_cv,C50_FRG,0.5,fragmented,26,0.9986939163208007,largest_1mm_eroded_component,943,20,3,0.736328125
coronacases_003,final_outer_cv,C50_FRG,0.5,fragmented,27,0.33506668853759763,largest_1mm_eroded_component,291,20,3,0.736328125
coronacases_003,final_outer_cv,C50_FRG,0.5,fragmented,29,494.5746976547241,largest_1mm_eroded_component,566783,20,3,0.736328125
coronacases_003,final_outer_cv,C50_FRG,0.5,fragmented,30,7.795993389129639,largest_1mm_eroded_component,8216,20,3,0.736328125
coronacases_003,final_outer_cv,C50_FRG,0.5,fragmented,34,0.7042906608581543,largest_1mm_eroded_component,662,20,3,0.736328125
coronacases_003,final_outer_cv,C50_FRG,0.5,fragmented,35,0.8205880794525147,largest_1mm_eroded_component,689,20,3,0.736328125
coronacases_003,final_outer_cv,C50_FRG,0.5,fragmented,37,0.4830815849304199,largest_1mm_eroded_component,437,20,3,0.736328125
coronacases_003,final_outer_cv,C50_FRG,0.5,fragmented,38,0.2391009864807129,largest_1mm_eroded_component,196,20,3,0.736328125
coronacases_003,final_outer_cv,C50_FRG,0.5,fragmented,39,0.14476182174682617,largest_1mm_eroded_component,120,20,3,0.736328125
coronacases_003,final_outer_cv,C50_FRG,0.5,fragmented,40,0.8563719005584717,largest_1mm_eroded_component,754,20,3,0.77451171875
coronacases_003,final_outer_cv,C50_FRG,0.5,fragmented,42,0.5261848239898682,largest_1mm_eroded_component,496,20,3,0.736328125
coronacases_003,final_outer_cv,C50_FRG,0.5,fragmented,43,0.13662913513183594,largest_1mm_eroded_component,105,20,3,0.736328125
coronacases_004,permanent_development,C100_COH,1.0,coherent,1,0.22523895716297387,full_component_fallback,482,10,1,0.6835939884185791
coronacases_004,permanent_development,C100_COH,1.0,coherent,2,2.743989951163864,largest_1mm_eroded_component,1753,10,1,0.7119093785345483
coronacases_004,permanent_development,C100_COH,1.0,coherent,3,58.72101111431389,largest_1mm_eroded_component,81508,10,1,0.7751905808508325
coronacases_004,permanent_development,C100_COH,1.0,coherent,4,0.2261735586449779,largest_1mm_eroded_component,137,10,1,0.6835939884185791
coronacases_004,permanent_development,C100_COH,1.0,coherent,5,0.4430011024699154,largest_1mm_eroded_component,355,10,1,0.7152345895767211
coronacases_004,permanent_development,C100_COH,1.0,coherent,6,0.572443407727475,largest_1mm_eroded_component,291,10,1,0.6835939884185791
coronacases_004,permanent_development,C100_COH,1.0,coherent,9,0.2920629631262628,largest_1mm_eroded_component,79,10,1,0.7363667793943753
coronacases_004,permanent_development,C100_COH,1.0,coherent,12,0.1299096059985617,full_component_fallback,278,10,1,0.6835939884185791
coronacases_004,permanent_development,C100_DIS,1.0,dispersed,1,0.22523895716297387,full_component_fallback,482,10,10,4.944905056317343
coronacases_004,permanent_development,C100_DIS,1.0,dispersed,2,2.743989951163864,largest_1mm_eroded_component,1753,10,10,7.316398781407807
coronacases_004,permanent_development,C100_DIS,1.0,dispersed,3,58.72101111431389,largest_1mm_eroded_component,81508,10,10,34.13513231864874
coronacases_004,permanent_development,C100_DIS,1.0,dispersed,4,0.2261735586449779,largest_1mm_eroded_component,137,10,10,2.245709274292467
coronacases_004,permanent_development,C100_DIS,1.0,dispersed,5,0.4430011024699154,largest_1mm_eroded_component,355,10,10,3.337687621201637
coronacases_004,permanent_development,C100_DIS,1.0,dispersed,6,0.572443407727475,largest_1mm_eroded_component,291,10,10,3.5742177875864867
coronacases_004,permanent_development,C100_DIS,1.0,dispersed,9,0.2920629631262628,largest_1mm_eroded_component,79,10,10,2.0377792831555164
coronacases_004,permanent_development,C100_DIS,1.0,dispersed,12,0.1299096059985617,full_component_fallback,278,10,10,3.5067575427853597
coronacases_004,permanent_development,C100_FRG,1.0,fragmented,1,0.22523895716297387,full_component_fallback,482,10,3,0.6835939884185791
coronacases_004,permanent_development,C100_FRG,1.0,fragmented,2,2.743989951163864,largest_1mm_eroded_component,1753,10,3,0.6835939884185791
coronacases_004,permanent_development,C100_FRG,1.0,fragmented,3,58.72101111431389,largest_1mm_eroded_component,81508,10,3,0.6835939884185791
coronacases_004,permanent_development,C100_FRG,1.0,fragmented,4,0.2261735586449779,largest_1mm_eroded_component,137,10,3,0.6835939884185791
coronacases_004,permanent_development,C100_FRG,1.0,fragmented,5,0.4430011024699154,largest_1mm_eroded_component,355,10,3,0.6835939884185791
coronacases_004,permanent_development,C100_FRG,1.0,fragmented,6,0.572443407727475,largest_1mm_eroded_component,291,10,3,0.6835939884185791
coronacases_004,permanent_development,C100_FRG,1.0,fragmented,9,0.2920629631262628,largest_1mm_eroded_component,79,10,3,0.6835939884185791
coronacases_004,permanent_development,C100_FRG,1.0,fragmented,12,0.1299096059985617,full_component_fallback,278,10,3,0.6835939884185791
coronacases_004,permanent_development,C50_COH,0.5,coherent,2,2.743989951163864,largest_1mm_eroded_component,1753,20,1,0.6835939884185791
coronacases_004,permanent_development,C50_COH,0.5,coherent,4,0.2261735586449779,largest_1mm_eroded_component,137,20,1,0.6835939884185791
coronacases_004,permanent_development,C50_COH,0.5,coherent,5,0.4430011024699154,largest_1mm_eroded_component,355,20,1,0.6835939884185791
coronacases_004,permanent_development,C50_COH,0.5,coherent,9,0.2920629631262628,largest_1mm_eroded_component,79,20,1,0.6835939884185791
coronacases_004,permanent_development,C50_DIS,0.5,dispersed,2,2.743989951163864,largest_1mm_eroded_component,1753,20,20,5.392869205809299
coronacases_004,permanent_development,C50_DIS,0.5,dispersed,4,0.2261735586449779,largest_1mm_eroded_component,137,20,17,1.573522424024699
coronacases_004,permanent_development,C50_DIS,0.5,dispersed,5,0.4430011024699154,largest_1mm_eroded_component,355,20,20,2.4454981700292313
coronacases_004,permanent_development,C50_DIS,0.5,dispersed,9,0.2920629631262628,largest_1mm_eroded_component,79,20,12,1.4494414493911063
coronacases_004,permanent_development,C50_FRG,0.5,fragmented,2,2.743989951163864,largest_1mm_eroded_component,1753,20,3,0.6835939884185791
coronacases_004,permanent_development,C50_FRG,0.5,fragmented,4,0.2261735586449779,largest_1mm_eroded_component,137,20,3,0.7277296791136193
coronacases_004,permanent_development,C50_FRG,0.5,fragmented,5,0.4430011024699154,largest_1mm_eroded_component,355,20,3,0.6994142889976501
coronacases_004,permanent_development,C50_FRG,0.5,fragmented,9,0.2920629631262628,largest_1mm_eroded_component,79,20,3,0.6835939884185791
coronacases_005,final_outer_cv,C100_COH,1.0,coherent,1,2.561742662173076,largest_1mm_eroded_component,3288,13,1,0.7895316509752744
coronacases_005,final_outer_cv,C100_COH,1.0,coherent,2,79.63599037934132,largest_1mm_eroded_component,131688,14,1,0.7038192670728429
coronacases_005,final_outer_cv,C100_COH,1.0,coherent,3,0.20935073196890516,largest_1mm_eroded_component,117,13,1,0.6835939884185791
coronacases_005,final_outer_cv,C100_DIS,1.0,dispersed,1,2.561742662173076,largest_1mm_eroded_component,3288,13,13,7.104081976171006
coronacases_005,final_outer_cv,C100_DIS,1.0,dispersed,2,79.63599037934132,largest_1mm_eroded_component,131688,14,14,24.404289069470828
coronacases_005,final_outer_cv,C100_DIS,1.0,dispersed,3,0.20935073196890516,largest_1mm_eroded_component,117,13,13,1.9761220531477433
coronacases_005,final_outer_cv,C100_FRG,1.0,fragmented,1,2.561742662173076,largest_1mm_eroded_component,3288,13,3,0.6835939884185791
coronacases_005,final_outer_cv,C100_FRG,1.0,fragmented,2,79.63599037934132,largest_1mm_eroded_component,131688,14,3,0.706194417817252
coronacases_005,final_outer_cv,C100_FRG,1.0,fragmented,3,0.20935073196890516,largest_1mm_eroded_component,117,13,3,0.6835939884185791
coronacases_005,final_outer_cv,C50_COH,0.5,coherent,2,79.63599037934132,largest_1mm_eroded_component,131688,20,1,0.7099803839064773
coronacases_005,final_outer_cv,C50_COH,0.5,coherent,3,0.20935073196890516,largest_1mm_eroded_component,117,20,1,0.7119093785345483
coronacases_005,final_outer_cv,C50_DIS,0.5,dispersed,2,79.63599037934132,largest_1mm_eroded_component,131688,20,20,20.795771628950597
coronacases_005,final_outer_cv,C50_DIS,0.5,dispersed,3,0.20935073196890516,largest_1mm_eroded_component,117,20,15,1.5529249146121304
coronacases_005,final_outer_cv,C50_FRG,0.5,fragmented,2,79.63599037934132,largest_1mm_eroded_component,131688,20,3,0.6994142889976501
coronacases_005,final_outer_cv,C50_FRG,0.5,fragmented,3,0.20935073196890516,largest_1mm_eroded_component,117,20,3,0.6994142889976501
coronacases_006,final_outer_cv,C100_COH,1.0,coherent,1,2.5231326713562012,largest_1mm_eroded_component,2179,10,1,0.759765625
coronacases_006,final_outer_cv,C100_COH,1.0,coherent,2,127.01210888671875,largest_1mm_eroded_component,132721,10,1,1.074470851099871
coronacases_006,final_outer_cv,C100_DIS,1.0,dispersed,1,2.5231326713562012,largest_1mm_eroded_component,2179,10,10,12.011519510955468
coronacases_006,final_outer_cv,C100_DIS,1.0,dispersed,2,127.01210888671875,largest_1mm_eroded_component,132721,10,10,37.93559359062084
coronacases_006,final_outer_cv,C100_FRG,1.0,fragmented,1,2.5231326713562012,largest_1mm_eroded_component,2179,10,3,0.759765625
coronacases_006,final_outer_cv,C100_FRG,1.0,fragmented,2,127.01210888671875,largest_1mm_eroded_component,132721,10,3,0.759765625
coronacases_006,final_outer_cv,C50_COH,0.5,coherent,1,2.5231326713562012,largest_1mm_eroded_component,2179,20,1,0.759765625
coronacases_006,final_outer_cv,C50_DIS,0.5,dispersed,1,2.5231326713562012,largest_1mm_eroded_component,2179,20,20,7.545252237282192
coronacases_006,final_outer_cv,C50_FRG,0.5,fragmented,1,2.5231326713562012,largest_1mm_eroded_component,2179,20,3,0.759765625
coronacases_007,final_outer_cv,C100_COH,1.0,coherent,1,0.20430164337158202,largest_1mm_eroded_component,160,11,1,0.7389914772727273
coronacases_007,final_outer_cv,C100_COH,1.0,coherent,2,12.808493328094482,largest_1mm_eroded_component,17328,11,1,0.7658359286694211
coronacases_007,final_outer_cv,C100_COH,1.0,coherent,3,51.80622119903564,largest_1mm_eroded_component,81652,11,1,0.844138485487603
coronacases_007,final_outer_cv,C100_COH,1.0,coherent,4,1.6430527687072753,largest_1mm_eroded_component,2009,11,1,0.8554766873028622
coronacases_007,final_outer_cv,C100_COH,1.0,coherent,5,0.17025136947631836,full_component_fallback,335,11,1,0.712890625
coronacases_007,final_outer_cv,C100_COH,1.0,coherent,6,0.39843902587890623,largest_1mm_eroded_component,340,11,1,0.8776996360140902
coronacases_007,final_outer_cv,C100_COH,1.0,coherent,7,0.7003175735473632,largest_1mm_eroded_component,535,11,1,0.7926803800661149
coronacases_007,final_outer_cv,C100_COH,1.0,coherent,8,0.469080638885498,largest_1mm_eroded_component,423,11,1,0.7389914772727273
coronacases_007,final_outer_cv,C100_COH,1.0,coherent,9,23.485032939910887,largest_1mm_eroded_component,34838,12,1,0.9528300700303026
coronacases_007,final_outer_cv,C100_DIS,1.0,dispersed,1,0.20430164337158202,largest_1mm_eroded_component,160,11,11,2.3692974571267653
coronacases_007,final_outer_cv,C100_DIS,1.0,dispersed,2,12.808493328094482,largest_1mm_eroded_component,17328,11,11,15.591165085909127
coronacases_007,final_outer_cv,C100_DIS,1.0,dispersed,3,51.80622119903564,largest_1mm_eroded_component,81652,11,11,25.626245227339872
coronacases_007,final_outer_cv,C100_DIS,1.0,dispersed,4,1.6430527687072753,largest_1mm_eroded_component,2009,11,11,6.488014740355641
coronacases_007,final_outer_cv,C100_DIS,1.0,dispersed,5,0.17025136947631836,full_component_fallback,335,11,11,4.458330355530185
coronacases_007,final_outer_cv,C100_DIS,1.0,dispersed,6,0.39843902587890623,largest_1mm_eroded_component,340,11,11,3.250621529829959
coronacases_007,final_outer_cv,C100_DIS,1.0,dispersed,7,0.7003175735473632,largest_1mm_eroded_component,535,11,11,3.842932738448401
coronacases_007,final_outer_cv,C100_DIS,1.0,dispersed,8,0.469080638885498,largest_1mm_eroded_component,423,11,11,3.389085904012482
coronacases_007,final_outer_cv,C100_DIS,1.0,dispersed,9,23.485032939910887,largest_1mm_eroded_component,34838,12,12,18.150313897120437
coronacases_007,final_outer_cv,C100_FRG,1.0,fragmented,1,0.20430164337158202,largest_1mm_eroded_component,160,11,3,0.712890625
coronacases_007,final_outer_cv,C100_FRG,1.0,fragmented,2,12.808493328094482,largest_1mm_eroded_component,17328,11,3,0.7389914772727273
coronacases_007,final_outer_cv,C100_FRG,1.0,fragmented,3,51.80622119903564,largest_1mm_eroded_component,81652,11,3,0.712890625
coronacases_007,final_outer_cv,C100_FRG,1.0,fragmented,4,1.6430527687072753,largest_1mm_eroded_component,2009,11,3,0.712890625
coronacases_007,final_outer_cv,C100_FRG,1.0,fragmented,5,0.17025136947631836,full_component_fallback,335,11,3,0.712890625
coronacases_007,final_outer_cv,C100_FRG,1.0,fragmented,6,0.39843902587890623,largest_1mm_eroded_component,340,11,3,0.712890625
coronacases_007,final_outer_cv,C100_FRG,1.0,fragmented,7,0.7003175735473632,largest_1mm_eroded_component,535,11,3,0.712890625
coronacases_007,final_outer_cv,C100_FRG,1.0,fragmented,8,0.469080638885498,largest_1mm_eroded_component,423,11,3,0.7650923295454546
coronacases_007,final_outer_cv,C100_FRG,1.0,fragmented,9,23.485032939910887,largest_1mm_eroded_component,34838,12,3,0.73681640625
coronacases_007,final_outer_cv,C50_COH,0.5,coherent,2,12.808493328094482,largest_1mm_eroded_component,17328,20,1,0.7563660107681816
coronacases_007,final_outer_cv,C50_COH,0.5,coherent,4,1.6430527687072753,largest_1mm_eroded_component,2009,20,1,0.7673616940048122
coronacases_007,final_outer_cv,C50_COH,0.5,coherent,5,0.17025136947631836,full_component_fallback,335,20,1,0.712890625
coronacases_007,final_outer_cv,C50_COH,0.5,coherent,8,0.469080638885498,largest_1mm_eroded_component,423,20,1,0.7707214795181816
coronacases_007,final_outer_cv,C50_COH,0.5,coherent,9,23.485032939910887,largest_1mm_eroded_component,34838,20,1,0.9352766262847558
coronacases_007,final_outer_cv,C50_DIS,0.5,dispersed,2,12.808493328094482,largest_1mm_eroded_component,17328,20,20,11.823033959588845
coronacases_007,final_outer_cv,C50_DIS,0.5,dispersed,4,1.6430527687072753,largest_1mm_eroded_component,2009,20,20,4.713175932307933
coronacases_007,final_outer_cv,C50_DIS,0.5,dispersed,5,0.17025136947631836,full_component_fallback,335,20,20,2.984879357647968
coronacases_007,final_outer_cv,C50_DIS,0.5,dispersed,8,0.469080638885498,largest_1mm_eroded_component,423,20,20,2.500350610649865
coronacases_007,final_outer_cv,C50_DIS,0.5,dispersed,9,23.485032939910887,largest_1mm_eroded_component,34838,20,20,14.048120855406996
coronacases_007,final_outer_cv,C50_FRG,0.5,fragmented,2,12.808493328094482,largest_1mm_eroded_component,17328,20,3,0.7703125
coronacases_007,final_outer_cv,C50_FRG,0.5,fragmented,4,1.6430527687072753,largest_1mm_eroded_component,2009,20,3,0.75595703125
coronacases_007,final_outer_cv,C50_FRG,0.5,fragmented,5,0.17025136947631836,full_component_fallback,335,20,3,0.712890625
coronacases_007,final_outer_cv,C50_FRG,0.5,fragmented,8,0.469080638885498,largest_1mm_eroded_component,423,20,3,0.7416015625
coronacases_007,final_outer_cv,C50_FRG,0.5,fragmented,9,23.485032939910887,largest_1mm_eroded_component,34838,20,3,0.75595703125
coronacases_008,permanent_development,C100_COH,1.0,coherent,1,0.2887820254313532,largest_1mm_eroded_component,212,6,1,0.7705075144767761
coronacases_008,permanent_development,C100_COH,1.0,coherent,2,2.1259607654028163,largest_1mm_eroded_component,2366,6,1,0.7705075144767761
coronacases_008,permanent_development,C100_COH,1.0,coherent,3,3.0190848113277835,largest_1mm_eroded_component,2713,6,1,0.8096629276682701
coronacases_008,permanent_development,C100_COH,1.0,coherent,4,0.1638181671537858,largest_1mm_eroded_component,120,6,1,0.7246090173721313
coronacases_008,permanent_development,C100_COH,1.0,coherent,5,151.33543283995854,largest_1mm_eroded_component,224380,6,1,0.8947168379644088
coronacases_008,permanent_development,C100_COH,1.0,coherent,6,0.3460133722895668,largest_1mm_eroded_component,147,6,1,0.7705075144767761
coronacases_008,permanent_development,C100_COH,1.0,coherent,7,2.346485221186759,largest_1mm_eroded_component,1491,7,1,0.7246090173721313
coronacases_008,permanent_development,C100_COH,1.0,coherent,8,0.16749357475018484,largest_1mm_eroded_component,109,6,1,0.7246090173721313
coronacases_008,permanent_development,C100_COH,1.0,coherent,11,0.4625762989182221,largest_1mm_eroded_component,390,6,1,0.8205313282123393
coronacases_008,permanent_development,C100_COH,1.0,coherent,12,0.35493936216653593,largest_1mm_eroded_component,228,6,1,0.8555614247729149
coronacases_008,permanent_development,C100_COH,1.0,coherent,13,0.7791864104365966,largest_1mm_eroded_component,718,6,1,0.7246090173721313
coronacases_008,permanent_development,C100_COH,1.0,coherent,16,2.7744076770532184,largest_1mm_eroded_component,2874,6,1,0.9097105551393962
coronacases_008,permanent_development,C100_COH,1.0,coherent,17,2.8342643150517173,largest_1mm_eroded_component,2882,6,1,0.7705075144767761
coronacases_008,permanent_development,C100_COH,1.0,coherent,18,0.8406182231192663,largest_1mm_eroded_component,769,6,1,0.994764465435535
coronacases_008,permanent_development,C100_COH,1.0,coherent,19,0.4988053166541555,largest_1mm_eroded_component,400,6,1,0.8623045086860657
coronacases_008,permanent_development,C100_COH,1.0,coherent,20,0.3391876153248258,largest_1mm_eroded_component,241,6,1,0.8555614247729149
coronacases_008,permanent_development,C100_COH,1.0,coherent,21,0.3853927393938423,largest_1mm_eroded_component,266,6,1,0.7246090173721313
coronacases_008,permanent_development,C100_COH,1.0,coherent,22,0.8773722990832566,largest_1mm_eroded_component,928,7,1,0.7246090173721313
coronacases_008,permanent_development,C100_COH,1.0,coherent,23,0.5303088103375758,largest_1mm_eroded_component,460,6,1,1.127627142046694
coronacases_008,permanent_development,C100_COH,1.0,coherent,24,0.7560838484020883,largest_1mm_eroded_component,733,6,1,0.7246090173721313
coronacases_008,permanent_development,C100_COH,1.0,coherent,25,1.9789444615468548,largest_1mm_eroded_component,1999,6,1,0.8555614247729149
coronacases_008,permanent_development,C100_COH,1.0,coherent,26,95.28704216955735,largest_1mm_eroded_component,141452,6,1,0.8555614247729149
coronacases_008,permanent_development,C100_COH,1.0,coherent,27,1.070068668780178,largest_1mm_eroded_component,887,6,1,0.7246090173721313
coronacases_008,permanent_development,C100_COH,1.0,coherent,28,2.1285860565431016,largest_1mm_eroded_component,1756,7,1,0.7246090173721313
coronacases_008,permanent_development,C100_COH,1.0,coherent,31,1.002336157360824,largest_1mm_eroded_component,933,6,1,0.7705075144767761
coronacases_008,permanent_development,C100_COH,1.0,coherent,33,0.10921211143585721,largest_1mm_eroded_component,46,6,1,0.8424779768083027
coronacases_008,permanent_development,C100_COH,1.0,coherent,34,0.6547476103870863,largest_1mm_eroded_component,622,6,1,0.7246090173721313
coronacases_008,permanent_development,C100_COH,1.0,coherent,35,10.479112115561723,largest_1mm_eroded_component,14187,6,1,0.8096629276682701
coronacases_008,permanent_development,C100_COH,1.0,coherent,36,1.6801863297824187,largest_1mm_eroded_component,1766,7,1,0.8532416812635792
coronacases_008,permanent_development,C100_COH,1.0,coherent,37,2.4961268161830055,largest_1mm_eroded_component,2835,6,1,0.7246090173721313
coronacases_008,permanent_development,C100_COH,1.0,coherent,38,0.9787085370982588,largest_1mm_eroded_component,956,6,1,0.7246090173721313
coronacases_008,permanent_development,C100_COH,1.0,coherent,39,0.24677736718679272,largest_1mm_eroded_component,161,6,1,0.7705075144767761
coronacases_008,permanent_development,C100_COH,1.0,coherent,40,0.2635792304846169,largest_1mm_eroded_component,175,6,1,0.8096629276682701
coronacases_008,permanent_development,C100_DIS,1.0,dispersed,1,0.2887820254313532,largest_1mm_eroded_component,212,6,6,3.5752673098860974
coronacases_008,permanent_development,C100_DIS,1.0,dispersed,2,2.1259607654028163,largest_1mm_eroded_component,2366,6,6,8.34322022989794
coronacases_008,permanent_development,C100_DIS,1.0,dispersed,3,3.0190848113277835,largest_1mm_eroded_component,2713,6,6,13.376315758024335
coronacases_008,permanent_development,C100_DIS,1.0,dispersed,4,0.1638181671537858,largest_1mm_eroded_component,120,6,6,2.701764146129069
coronacases_008,permanent_development,C100_DIS,1.0,dispersed,5,151.33543283995854,largest_1mm_eroded_component,224380,6,6,50.72058343759668
coronacases_008,permanent_development,C100_DIS,1.0,dispersed,6,0.3460133722895668,largest_1mm_eroded_component,147,6,6,3.0183356402658617
coronacases_008,permanent_development,C100_DIS,1.0,dispersed,7,2.346485221186759,largest_1mm_eroded_component,1491,7,7,7.583116121560778
coronacases_008,permanent_development,C100_DIS,1.0,dispersed,8,0.16749357475018484,largest_1mm_eroded_component,109,6,6,3.020333733900135
coronacases_008,permanent_development,C100_DIS,1.0,dispersed,11,0.4625762989182221,largest_1mm_eroded_component,390,6,6,4.423795434120414
coronacases_008,permanent_development,C100_DIS,1.0,dispersed,12,0.35493936216653593,largest_1mm_eroded_component,228,6,6,3.982497783655806
coronacases_008,permanent_development,C100_DIS,1.0,dispersed,13,0.7791864104365966,largest_1mm_eroded_component,718,6,6,5.531912317380648
coronacases_008,permanent_development,C100_DIS,1.0,dispersed,16,2.7744076770532184,largest_1mm_eroded_component,2874,6,6,10.49345335322994
coronacases_008,permanent_development,C100_DIS,1.0,dispersed,17,2.8342643150517173,largest_1mm_eroded_component,2882,6,6,10.053429052961443
coronacases_008,permanent_development,C100_DIS,1.0,dispersed,18,0.8406182231192663,largest_1mm_eroded_component,769,6,6,5.664498015514383
coronacases_008,permanent_development,C100_DIS,1.0,dispersed,19,0.4988053166541555,largest_1mm_eroded_component,400,6,6,5.114191222540141
coronacases_008,permanent_development,C100_DIS,1.0,dispersed,20,0.3391876153248258,largest_1mm_eroded_component,241,6,6,3.8650418577440866
coronacases_008,permanent_development,C100_DIS,1.0,dispersed,21,0.3853927393938423,largest_1mm_eroded_component,266,6,6,4.107527658266023
coronacases_008,permanent_development,C100_DIS,1.0,dispersed,22,0.8773722990832566,largest_1mm_eroded_component,928,7,7,5.716914379684702
coronacases_008,permanent_development,C100_DIS,1.0,dispersed,23,0.5303088103375758,largest_1mm_eroded_component,460,6,6,4.651800531054609
coronacases_008,permanent_development,C100_DIS,1.0,dispersed,24,0.7560838484020883,largest_1mm_eroded_component,733,6,6,5.770025279295528
coronacases_008,permanent_development,C100_DIS,1.0,dispersed,25,1.9789444615468548,largest_1mm_eroded_component,1999,6,6,10.412691635439414
coronacases_008,permanent_development,C100_DIS,1.0,dispersed,26,95.28704216955735,largest_1mm_eroded_component,141452,6,6,42.02618969885745
coronacases_008,permanent_development,C100_DIS,1.0,dispersed,27,1.070068668780178,largest_1mm_eroded_component,887,6,6,5.889024741029023
coronacases_008,permanent_development,C100_DIS,1.0,dispersed,28,2.1285860565431016,largest_1mm_eroded_component,1756,7,7,9.276080574481389
coronacases_008,permanent_development,C100_DIS,1.0,dispersed,31,1.002336157360824,largest_1mm_eroded_component,933,6,6,6.752303683293724
coronacases_008,permanent_development,C100_DIS,1.0,dispersed,33,0.10921211143585721,largest_1mm_eroded_component,46,6,6,2.101662267876622
coronacases_008,permanent_development,C100_DIS,1.0,dispersed,34,0.6547476103870863,largest_1mm_eroded_component,622,6,6,5.762883141143203
coronacases_008,permanent_development,C100_DIS,1.0,dispersed,35,10.479112115561723,largest_1mm_eroded_component,14187,6,6,16.81249253689132
coronacases_008,permanent_development,C100_DIS,1.0,dispersed,36,1.6801863297824187,largest_1mm_eroded_component,1766,7,7,8.031389554887761
coronacases_008,permanent_development,C100_DIS,1.0,dispersed,37,2.4961268161830055,largest_1mm_eroded_component,2835,6,6,10.366354462747418
coronacases_008,permanent_development,C100_DIS,1.0,dispersed,38,0.9787085370982588,largest_1mm_eroded_component,956,6,6,6.162707589671573
coronacases_008,permanent_development,C100_DIS,1.0,dispersed,39,0.24677736718679272,largest_1mm_eroded_component,161,6,6,3.381711368508679
coronacases_008,permanent_development,C100_DIS,1.0,dispersed,40,0.2635792304846169,largest_1mm_eroded_component,175,6,6,3.6921194531356996
coronacases_008,permanent_development,C100_FRG,1.0,fragmented,1,0.2887820254313532,largest_1mm_eroded_component,212,6,3,0.7246090173721313
coronacases_008,permanent_development,C100_FRG,1.0,fragmented,2,2.1259607654028163,largest_1mm_eroded_component,2366,6,3,0.7246090173721313
coronacases_008,permanent_development,C100_FRG,1.0,fragmented,3,3.0190848113277835,largest_1mm_eroded_component,2713,6,3,0.7246090173721313
coronacases_008,permanent_development,C100_FRG,1.0,fragmented,4,0.1638181671537858,largest_1mm_eroded_component,120,6,3,0.7246090173721313
coronacases_008,permanent_development,C100_FRG,1.0,fragmented,5,151.33543283995854,largest_1mm_eroded_component,224380,6,3,0.7246090173721313
coronacases_008,permanent_development,C100_FRG,1.0,fragmented,6,0.3460133722895668,largest_1mm_eroded_component,147,6,3,0.7246090173721313
coronacases_008,permanent_development,C100_FRG,1.0,fragmented,7,2.346485221186759,largest_1mm_eroded_component,1491,7,3,0.7246090173721313
coronacases_008,permanent_development,C100_FRG,1.0,fragmented,8,0.16749357475018484,largest_1mm_eroded_component,109,6,3,0.7246090173721313
coronacases_008,permanent_development,C100_FRG,1.0,fragmented,11,0.4625762989182221,largest_1mm_eroded_component,390,6,3,0.7246090173721313
coronacases_008,permanent_development,C100_FRG,1.0,fragmented,12,0.35493936216653593,largest_1mm_eroded_component,228,6,3,0.7246090173721313
coronacases_008,permanent_development,C100_FRG,1.0,fragmented,13,0.7791864104365966,largest_1mm_eroded_component,718,6,3,0.7246090173721313
coronacases_008,permanent_development,C100_FRG,1.0,fragmented,16,2.7744076770532184,largest_1mm_eroded_component,2874,6,3,0.7246090173721313
coronacases_008,permanent_development,C100_FRG,1.0,fragmented,17,2.8342643150517173,largest_1mm_eroded_component,2882,6,3,0.7246090173721313
coronacases_008,permanent_development,C100_FRG,1.0,fragmented,18,0.8406182231192663,largest_1mm_eroded_component,769,6,3,0.7246090173721313
coronacases_008,permanent_development,C100_FRG,1.0,fragmented,19,0.4988053166541555,largest_1mm_eroded_component,400,6,3,0.7246090173721313
coronacases_008,permanent_development,C100_FRG,1.0,fragmented,20,0.3391876153248258,largest_1mm_eroded_component,241,6,3,0.7246090173721313
coronacases_008,permanent_development,C100_FRG,1.0,fragmented,21,0.3853927393938423,largest_1mm_eroded_component,266,6,3,0.7246090173721313
coronacases_008,permanent_development,C100_FRG,1.0,fragmented,22,0.8773722990832566,largest_1mm_eroded_component,928,7,3,0.7246090173721313
coronacases_008,permanent_development,C100_FRG,1.0,fragmented,23,0.5303088103375758,largest_1mm_eroded_component,460,6,3,0.7246090173721313
coronacases_008,permanent_development,C100_FRG,1.0,fragmented,24,0.7560838484020883,largest_1mm_eroded_component,733,6,3,0.7246090173721313
coronacases_008,permanent_development,C100_FRG,1.0,fragmented,25,1.9789444615468548,largest_1mm_eroded_component,1999,6,3,0.7246090173721313
coronacases_008,permanent_development,C100_FRG,1.0,fragmented,26,95.28704216955735,largest_1mm_eroded_component,141452,6,3,0.7246090173721313
coronacases_008,permanent_development,C100_FRG,1.0,fragmented,27,1.070068668780178,largest_1mm_eroded_component,887,6,3,0.7246090173721313
coronacases_008,permanent_development,C100_FRG,1.0,fragmented,28,2.1285860565431016,largest_1mm_eroded_component,1756,7,3,0.7246090173721313
coronacases_008,permanent_development,C100_FRG,1.0,fragmented,31,1.002336157360824,largest_1mm_eroded_component,933,6,3,0.7246090173721313
coronacases_008,permanent_development,C100_FRG,1.0,fragmented,33,0.10921211143585721,largest_1mm_eroded_component,46,6,3,0.7246090173721313
coronacases_008,permanent_development,C100_FRG,1.0,fragmented,34,0.6547476103870863,largest_1mm_eroded_component,622,6,3,0.7246090173721313
coronacases_008,permanent_development,C100_FRG,1.0,fragmented,35,10.479112115561723,largest_1mm_eroded_component,14187,6,3,0.7246090173721313
coronacases_008,permanent_development,C100_FRG,1.0,fragmented,36,1.6801863297824187,largest_1mm_eroded_component,1766,7,3,0.7246090173721313
coronacases_008,permanent_development,C100_FRG,1.0,fragmented,37,2.4961268161830055,largest_1mm_eroded_component,2835,6,3,0.7246090173721313
coronacases_008,permanent_development,C100_FRG,1.0,fragmented,38,0.9787085370982588,largest_1mm_eroded_component,956,6,3,0.7246090173721313
coronacases_008,permanent_development,C100_FRG,1.0,fragmented,39,0.24677736718679272,largest_1mm_eroded_component,161,6,3,0.7246090173721313
coronacases_008,permanent_development,C100_FRG,1.0,fragmented,40,0.2635792304846169,largest_1mm_eroded_component,175,6,3,0.7246090173721313
coronacases_008,permanent_development,C50_COH,0.5,coherent,1,0.2887820254313532,largest_1mm_eroded_component,212,12,1,0.8326121762205925
coronacases_008,permanent_development,C50_COH,0.5,coherent,4,0.1638181671537858,largest_1mm_eroded_component,120,11,1,0.7246090173721313
coronacases_008,permanent_development,C50_COH,0.5,coherent,7,2.346485221186759,largest_1mm_eroded_component,1491,12,1,0.783543497090217
coronacases_008,permanent_development,C50_COH,0.5,coherent,12,0.35493936216653593,largest_1mm_eroded_component,228,12,1,0.7246090173721313
coronacases_008,permanent_development,C50_COH,0.5,coherent,13,0.7791864104365966,largest_1mm_eroded_component,718,12,1,0.8630582833604086
coronacases_008,permanent_development,C50_COH,0.5,coherent,19,0.4988053166541555,largest_1mm_eroded_component,400,12,1,0.9610432525160756
coronacases_008,permanent_development,C50_COH,0.5,coherent,20,0.3391876153248258,largest_1mm_eroded_component,241,12,1,0.8490197007906088
coronacases_008,permanent_development,C50_COH,0.5,coherent,21,0.3853927393938423,largest_1mm_eroded_component,266,12,1,0.7246090173721313
coronacases_008,permanent_development,C50_COH,0.5,coherent,22,0.8773722990832566,largest_1mm_eroded_component,928,12,1,0.7725701727922353
coronacases_008,permanent_development,C50_COH,0.5,coherent,28,2.1285860565431016,largest_1mm_eroded_component,1756,12,1,0.7246090173721313
coronacases_008,permanent_development,C50_COH,0.5,coherent,31,1.002336157360824,largest_1mm_eroded_component,933,12,1,0.7475582659244537
coronacases_008,permanent_development,C50_COH,0.5,coherent,33,0.10921211143585721,largest_1mm_eroded_component,46,11,1,0.7518947339551658
coronacases_008,permanent_development,C50_COH,0.5,coherent,35,10.479112115561723,largest_1mm_eroded_component,14187,12,1,0.7921478793879823
coronacases_008,permanent_development,C50_COH,0.5,coherent,36,1.6801863297824187,largest_1mm_eroded_component,1766,12,1,0.783543497090217
coronacases_008,permanent_development,C50_COH,0.5,coherent,37,2.4961268161830055,largest_1mm_eroded_component,2835,12,1,0.7246090173721313
coronacases_008,permanent_development,C50_COH,0.5,coherent,39,0.24677736718679272,largest_1mm_eroded_component,161,12,1,0.7246090173721313
coronacases_008,permanent_development,C50_COH,0.5,coherent,40,0.2635792304846169,largest_1mm_eroded_component,175,12,1,0.8246566448432575
coronacases_008,permanent_development,C50_DIS,0.5,dispersed,1,0.2887820254313532,largest_1mm_eroded_component,212,12,12,2.816427661036661
coronacases_008,permanent_development,C50_DIS,0.5,dispersed,4,0.1638181671537858,largest_1mm_eroded_component,120,11,11,2.0597131351166684
coronacases_008,permanent_development,C50_DIS,0.5,dispersed,7,2.346485221186759,largest_1mm_eroded_component,1491,12,12,6.086893053030828
coronacases_008,permanent_development,C50_DIS,0.5,dispersed,12,0.35493936216653593,largest_1mm_eroded_component,228,12,12,2.7768343791557615
coronacases_008,permanent_development,C50_DIS,0.5,dispersed,13,0.7791864104365966,largest_1mm_eroded_component,718,12,12,4.38280113950976
coronacases_008,permanent_development,C50_DIS,0.5,dispersed,19,0.4988053166541555,largest_1mm_eroded_component,400,12,12,3.3509982206090227
coronacases_008,permanent_development,C50_DIS,0.5,dispersed,20,0.3391876153248258,largest_1mm_eroded_component,241,12,12,2.8239769698221537
coronacases_008,permanent_development,C50_DIS,0.5,dispersed,21,0.3853927393938423,largest_1mm_eroded_component,266,12,12,2.888079967068979
coronacases_008,permanent_development,C50_DIS,0.5,dispersed,22,0.8773722990832566,largest_1mm_eroded_component,928,12,12,4.577810582179311
coronacases_008,permanent_development,C50_DIS,0.5,dispersed,28,2.1285860565431016,largest_1mm_eroded_component,1756,12,12,7.300131852895281
coronacases_008,permanent_development,C50_DIS,0.5,dispersed,31,1.002336157360824,largest_1mm_eroded_component,933,12,12,4.857552928435717
coronacases_008,permanent_development,C50_DIS,0.5,dispersed,33,0.10921211143585721,largest_1mm_eroded_component,46,11,6,1.4900931384776308
coronacases_008,permanent_development,C50_DIS,0.5,dispersed,35,10.479112115561723,largest_1mm_eroded_component,14187,12,12,12.333394638963112
coronacases_008,permanent_development,C50_DIS,0.5,dispersed,36,1.6801863297824187,largest_1mm_eroded_component,1766,12,12,5.950485303128414
coronacases_008,permanent_development,C50_DIS,0.5,dispersed,37,2.4961268161830055,largest_1mm_eroded_component,2835,12,12,6.719763302688381
coronacases_008,permanent_development,C50_DIS,0.5,dispersed,39,0.24677736718679272,largest_1mm_eroded_component,161,12,12,2.5355726117319946
coronacases_008,permanent_development,C50_DIS,0.5,dispersed,40,0.2635792304846169,largest_1mm_eroded_component,175,12,12,2.511732755222474
coronacases_008,permanent_development,C50_FRG,0.5,fragmented,1,0.2887820254313532,largest_1mm_eroded_component,212,12,3,0.7475582659244537
coronacases_008,permanent_development,C50_FRG,0.5,fragmented,4,0.1638181671537858,largest_1mm_eroded_component,120,11,2,0.7246090173721313
coronacases_008,permanent_development,C50_FRG,0.5,fragmented,7,2.346485221186759,largest_1mm_eroded_component,1491,12,3,0.7475582659244537
coronacases_008,permanent_development,C50_FRG,0.5,fragmented,12,0.35493936216653593,largest_1mm_eroded_component,228,12,3,0.7246090173721313
coronacases_008,permanent_development,C50_FRG,0.5,fragmented,13,0.7791864104365966,largest_1mm_eroded_component,718,12,3,0.7671359725202006
coronacases_008,permanent_development,C50_FRG,0.5,fragmented,19,0.4988053166541555,largest_1mm_eroded_component,400,12,3,0.7475582659244537
coronacases_008,permanent_development,C50_FRG,0.5,fragmented,20,0.3391876153248258,largest_1mm_eroded_component,241,12,3,0.7475582659244537
coronacases_008,permanent_development,C50_FRG,0.5,fragmented,21,0.3853927393938423,largest_1mm_eroded_component,266,12,3,0.7246090173721313
coronacases_008,permanent_development,C50_FRG,0.5,fragmented,22,0.8773722990832566,largest_1mm_eroded_component,928,12,3,0.7246090173721313
coronacases_008,permanent_development,C50_FRG,0.5,fragmented,28,2.1285860565431016,largest_1mm_eroded_component,1756,12,3,0.7475582659244537
coronacases_008,permanent_development,C50_FRG,0.5,fragmented,31,1.002336157360824,largest_1mm_eroded_component,933,12,3,0.7475582659244537
coronacases_008,permanent_development,C50_FRG,0.5,fragmented,33,0.10921211143585721,largest_1mm_eroded_component,46,11,2,0.7246090173721313
coronacases_008,permanent_development,C50_FRG,0.5,fragmented,35,10.479112115561723,largest_1mm_eroded_component,14187,12,3,0.7705075144767761
coronacases_008,permanent_development,C50_FRG,0.5,fragmented,36,1.6801863297824187,largest_1mm_eroded_component,1766,12,3,0.7246090173721313
coronacases_008,permanent_development,C50_FRG,0.5,fragmented,37,2.4961268161830055,largest_1mm_eroded_component,2835,12,3,0.7246090173721313
coronacases_008,permanent_development,C50_FRG,0.5,fragmented,39,0.24677736718679272,largest_1mm_eroded_component,161,12,3,0.7246090173721313
coronacases_008,permanent_development,C50_FRG,0.5,fragmented,40,0.2635792304846169,largest_1mm_eroded_component,175,12,3,0.7246090173721313
coronacases_009,final_outer_cv,C100_COH,1.0,coherent,1,72.49283125238443,largest_1mm_eroded_component,121029,5,1,0.9800487337469626
coronacases_009,final_outer_cv,C100_COH,1.0,coherent,2,0.7490830878262388,largest_1mm_eroded_component,694,6,1,0.6835939884185791
coronacases_009,final_outer_cv,C100_COH,1.0,coherent,3,28.84554014057272,largest_1mm_eroded_component,37364,5,1,0.6835939884185791
coronacases_009,final_outer_cv,C100_COH,1.0,coherent,4,0.19346250677483648,largest_1mm_eroded_component,61,6,1,0.7307863052785278
coronacases_009,final_outer_cv,C100_COH,1.0,coherent,5,0.17056477046573748,largest_1mm_eroded_component,69,5,1,0.6835939884185791
coronacases_009,final_outer_cv,C100_COH,1.0,coherent,6,0.10841377191246875,largest_1mm_eroded_component,29,5,1,0.6835939884185791
coronacases_009,final_outer_cv,C100_COH,1.0,coherent,7,0.342998743895483,largest_1mm_eroded_component,269,5,1,0.91570197500274
coronacases_009,final_outer_cv,C100_COH,1.0,coherent,8,1.1107738613618026,largest_1mm_eroded_component,1035,5,1,0.6835939884185791
coronacases_009,final_outer_cv,C100_COH,1.0,coherent,9,0.753756095236259,largest_1mm_eroded_component,751,6,1,0.919362499816596
coronacases_009,final_outer_cv,C100_DIS,1.0,dispersed,1,72.49283125238443,largest_1mm_eroded_component,121029,5,5,41.14260887824046
coronacases_009,final_outer_cv,C100_DIS,1.0,dispersed,2,0.7490830878262388,largest_1mm_eroded_component,694,6,6,5.16171726735051
coronacases_009,final_outer_cv,C100_DIS,1.0,dispersed,3,28.84554014057272,largest_1mm_eroded_component,37364,5,5,33.475628467705654
coronacases_009,final_outer_cv,C100_DIS,1.0,dispersed,4,0.19346250677483648,largest_1mm_eroded_component,61,6,6,2.758427359466682
coronacases_009,final_outer_cv,C100_DIS,1.0,dispersed,5,0.17056477046573748,largest_1mm_eroded_component,69,5,5,2.7243505585723633
coronacases_009,final_outer_cv,C100_DIS,1.0,dispersed,6,0.10841377191246875,largest_1mm_eroded_component,29,5,5,2.095154778434032
coronacases_009,final_outer_cv,C100_DIS,1.0,dispersed,7,0.342998743895483,largest_1mm_eroded_component,269,5,5,4.159274136207797
coronacases_009,final_outer_cv,C100_DIS,1.0,dispersed,8,1.1107738613618026,largest_1mm_eroded_component,1035,5,5,6.5921767017554815
coronacases_009,final_outer_cv,C100_DIS,1.0,dispersed,9,0.753756095236259,largest_1mm_eroded_component,751,6,6,5.566069632325706
coronacases_009,final_outer_cv,C100_FRG,1.0,fragmented,1,72.49283125238443,largest_1mm_eroded_component,121029,5,3,13.491783432052832
coronacases_009,final_outer_cv,C100_FRG,1.0,fragmented,2,0.7490830878262388,largest_1mm_eroded_component,694,6,3,0.6835939884185791
coronacases_009,final_outer_cv,C100_FRG,1.0,fragmented,3,28.84554014057272,largest_1mm_eroded_component,37364,5,3,9.679901082325813
coronacases_009,final_outer_cv,C100_FRG,1.0,fragmented,4,0.19346250677483648,largest_1mm_eroded_component,61,6,3,0.6835939884185791
coronacases_009,final_outer_cv,C100_FRG,1.0,fragmented,5,0.17056477046573748,largest_1mm_eroded_component,69,5,3,1.2304691791534423
coronacases_009,final_outer_cv,C100_FRG,1.0,fragmented,6,0.10841377191246875,largest_1mm_eroded_component,29,5,3,0.9792179903751581
coronacases_009,final_outer_cv,C100_FRG,1.0,fragmented,7,0.342998743895483,largest_1mm_eroded_component,269,5,3,1.4022143612882703
coronacases_009,final_outer_cv,C100_FRG,1.0,fragmented,8,1.1107738613618026,largest_1mm_eroded_component,1035,5,3,2.1057093234156006
coronacases_009,final_outer_cv,C100_FRG,1.0,fragmented,9,0.753756095236259,largest_1mm_eroded_component,751,6,3,0.6835939884185791
coronacases_009,final_outer_cv,C50_COH,0.5,coherent,2,0.7490830878262388,largest_1mm_eroded_component,694,10,1,0.7152345895767211
coronacases_009,final_outer_cv,C50_COH,0.5,coherent,4,0.19346250677483648,largest_1mm_eroded_component,61,10,1,0.6835939884185791
coronacases_009,final_outer_cv,C50_COH,0.5,coherent,5,0.17056477046573748,largest_1mm_eroded_component,69,9,1,0.6835939884185791
coronacases_009,final_outer_cv,C50_COH,0.5,coherent,6,0.10841377191246875,largest_1mm_eroded_component,29,9,1,0.6835939884185791
coronacases_009,final_outer_cv,C50_COH,0.5,coherent,9,0.753756095236259,largest_1mm_eroded_component,751,10,1,0.7543245418379841
coronacases_009,final_outer_cv,C50_DIS,0.5,dispersed,2,0.7490830878262388,largest_1mm_eroded_component,694,10,10,4.33124188320981
coronacases_009,final_outer_cv,C50_DIS,0.5,dispersed,4,0.19346250677483648,largest_1mm_eroded_component,61,10,10,1.9908712345731456
coronacases_009,final_outer_cv,C50_DIS,0.5,dispersed,5,0.17056477046573748,largest_1mm_eroded_component,69,9,9,1.8288305773414986
coronacases_009,final_outer_cv,C50_DIS,0.5,dispersed,6,0.10841377191246875,largest_1mm_eroded_component,29,9,6,1.2835992384419947
coronacases_009,final_outer_cv,C50_DIS,0.5,dispersed,9,0.753756095236259,largest_1mm_eroded_component,751,10,10,4.209680839559644
coronacases_009,final_outer_cv,C50_FRG,0.5,fragmented,2,0.7490830878262388,largest_1mm_eroded_component,694,10,3,0.6835939884185791
coronacases_009,final_outer_cv,C50_FRG,0.5,fragmented,4,0.19346250677483648,largest_1mm_eroded_component,61,10,3,0.6835939884185791
coronacases_009,final_outer_cv,C50_FRG,0.5,fragmented,5,0.17056477046573748,largest_1mm_eroded_component,69,9,3,0.6835939884185791
coronacases_009,final_outer_cv,C50_FRG,0.5,fragmented,6,0.10841377191246875,largest_1mm_eroded_component,29,9,2,0.6835939884185791
coronacases_009,final_outer_cv,C50_FRG,0.5,fragmented,9,0.753756095236259,largest_1mm_eroded_component,751,10,3,0.6835939884185791
coronacases_010,final_outer_cv,C100_COH,1.0,coherent,1,212.64987520037943,largest_1mm_eroded_component,340730,10,1,0.7968555488824559
coronacases_010,final_outer_cv,C100_COH,1.0,coherent,2,2.05612326040889,largest_1mm_eroded_component,2445,10,1,0.7685401587664866
coronacases_010,final_outer_cv,C100_COH,1.0,coherent,3,0.3789809009526386,largest_1mm_eroded_component,99,10,1,0.6835939884185791
coronacases_010,final_outer_cv,C100_COH,1.0,coherent,4,0.7238488478121297,largest_1mm_eroded_component,587,10,1,0.6835939884185791
coronacases_010,final_outer_cv,C100_COH,1.0,coherent,5,187.42451390034935,largest_1mm_eroded_component,303319,10,1,0.8246381607844558
coronacases_010,final_outer_cv,C100_COH,1.0,coherent,6,0.5434707617853498,largest_1mm_eroded_component,275,10,1,0.7152345895767211
coronacases_010,final_outer_cv,C100_DIS,1.0,dispersed,1,212.64987520037943,largest_1mm_eroded_component,340730,10,10,53.69414214352271
coronacases_010,final_outer_cv,C100_DIS,1.0,dispersed,2,2.05612326040889,largest_1mm_eroded_component,2445,10,10,6.722518840765629
coronacases_010,final_outer_cv,C100_DIS,1.0,dispersed,3,0.3789809009526386,largest_1mm_eroded_component,99,10,10,2.4702566029621247
coronacases_010,final_outer_cv,C100_DIS,1.0,dispersed,4,0.7238488478121297,largest_1mm_eroded_component,587,10,10,4.149999608443215
coronacases_010,final_outer_cv,C100_DIS,1.0,dispersed,5,187.42451390034935,largest_1mm_eroded_component,303319,10,10,45.21924349054005
coronacases_010,final_outer_cv,C100_DIS,1.0,dispersed,6,0.5434707617853498,largest_1mm_eroded_component,275,10,10,3.8670092812738206
coronacases_010,final_outer_cv,C100_FRG,1.0,fragmented,1,212.64987520037943,largest_1mm_eroded_component,340730,10,3,0.6835939884185791
coronacases_010,final_outer_cv,C100_FRG,1.0,fragmented,2,2.05612326040889,largest_1mm_eroded_component,2445,10,3,0.6835939884185791
coronacases_010,final_outer_cv,C100_FRG,1.0,fragmented,3,0.3789809009526386,largest_1mm_eroded_component,99,10,3,0.6835939884185791
coronacases_010,final_outer_cv,C100_FRG,1.0,fragmented,4,0.7238488478121297,largest_1mm_eroded_component,587,10,3,0.6835939884185791
coronacases_010,final_outer_cv,C100_FRG,1.0,fragmented,5,187.42451390034935,largest_1mm_eroded_component,303319,10,3,0.6835939884185791
coronacases_010,final_outer_cv,C100_FRG,1.0,fragmented,6,0.5434707617853498,largest_1mm_eroded_component,275,10,3,0.6835939884185791
coronacases_010,final_outer_cv,C50_COH,0.5,coherent,1,212.64987520037943,largest_1mm_eroded_component,340730,20,1,0.7416209850646194
coronacases_010,final_outer_cv,C50_COH,0.5,coherent,2,2.05612326040889,largest_1mm_eroded_component,2445,20,1,0.6835939884185791
coronacases_010,final_outer_cv,C50_COH,0.5,coherent,4,0.7238488478121297,largest_1mm_eroded_component,587,20,1,0.6835939884185791
coronacases_010,final_outer_cv,C50_DIS,0.5,dispersed,1,212.64987520037943,largest_1mm_eroded_component,340730,20,20,35.006256527685046
coronacases_010,final_outer_cv,C50_DIS,0.5,dispersed,2,2.05612326040889,largest_1mm_eroded_component,2445,20,20,4.577727214487193
coronacases_010,final_outer_cv,C50_DIS,0.5,dispersed,4,0.7238488478121297,largest_1mm_eroded_component,587,20,20,2.9587579908102035
coronacases_010,final_outer_cv,C50_FRG,0.5,fragmented,1,212.64987520037943,largest_1mm_eroded_component,340730,20,3,0.7152345895767211
coronacases_010,final_outer_cv,C50_FRG,0.5,fragmented,2,2.05612326040889,largest_1mm_eroded_component,2445,20,3,0.6835939884185791
coronacases_010,final_outer_cv,C50_FRG,0.5,fragmented,4,0.7238488478121297,largest_1mm_eroded_component,587,20,3,0.7119093785345483
radiopaedia_10_85902_1,final_outer_cv,C100_COH,1.0,coherent,1,1.2869462407195642,largest_1mm_eroded_component,329,10,1,0.6835939884185791
radiopaedia_10_85902_1,final_outer_cv,C100_COH,1.0,coherent,2,159.57572624033392,largest_1mm_eroded_component,51964,10,1,0.6835939884185791
radiopaedia_10_85902_1,final_outer_cv,C100_DIS,1.0,dispersed,1,1.2869462407195642,largest_1mm_eroded_component,329,10,8,4.8804662642637275
radiopaedia_10_85902_1,final_outer_cv,C100_DIS,1.0,dispersed,2,159.57572624033392,largest_1mm_eroded_component,51964,10,10,36.105726130574304
radiopaedia_10_85902_1,final_outer_cv,C100_FRG,1.0,fragmented,1,1.2869462407195642,largest_1mm_eroded_component,329,10,3,0.6835939884185791
radiopaedia_10_85902_1,final_outer_cv,C100_FRG,1.0,fragmented,2,159.57572624033392,largest_1mm_eroded_component,51964,10,3,0.6835939884185791
radiopaedia_10_85902_1,final_outer_cv,C50_COH,0.5,coherent,1,1.2869462407195642,largest_1mm_eroded_component,329,20,1,0.6835939884185791
radiopaedia_10_85902_1,final_outer_cv,C50_DIS,0.5,dispersed,1,1.2869462407195642,largest_1mm_eroded_component,329,20,16,3.0878819381142857
radiopaedia_10_85902_1,final_outer_cv,C50_FRG,0.5,fragmented,1,1.2869462407195642,largest_1mm_eroded_component,329,20,3,0.6835939884185791
radiopaedia_10_85902_3,final_outer_cv,C100_COH,1.0,coherent,1,1.9603266085034758,largest_1mm_eroded_component,2601,10,1,0.6835939884185791
radiopaedia_10_85902_3,final_outer_cv,C100_COH,1.0,coherent,2,263.3113504346315,largest_1mm_eroded_component,481782,10,1,0.7363667793943753
radiopaedia_10_85902_3,final_outer_cv,C100_DIS,1.0,dispersed,1,1.9603266085034758,largest_1mm_eroded_component,2601,10,10,6.717483213581424
radiopaedia_10_85902_3,final_outer_cv,C100_DIS,1.0,dispersed,2,263.3113504346315,largest_1mm_eroded_component,481782,10,10,44.22130970359027
radiopaedia_10_85902_3,final_outer_cv,C100_FRG,1.0,fragmented,1,1.9603266085034758,largest_1mm_eroded_component,2601,10,3,0.6835939884185791
radiopaedia_10_85902_3,final_outer_cv,C100_FRG,1.0,fragmented,2,263.3113504346315,largest_1mm_eroded_component,481782,10,3,0.6835939884185791
radiopaedia_10_85902_3,final_outer_cv,C50_COH,0.5,coherent,2,263.3113504346315,largest_1mm_eroded_component,481782,20,1,0.7099803839064773
radiopaedia_10_85902_3,final_outer_cv,C50_DIS,0.5,dispersed,2,263.3113504346315,largest_1mm_eroded_component,481782,20,20,31.82054881602331
radiopaedia_10_85902_3,final_outer_cv,C50_FRG,0.5,fragmented,2,263.3113504346315,largest_1mm_eroded_component,481782,20,3,0.6835939884185791
radiopaedia_14_85914_0,permanent_development,C100_COH,1.0,coherent,1,480.1645958003241,largest_1mm_eroded_component,458335,10,1,0.7402247686505176
radiopaedia_14_85914_0,permanent_development,C100_COH,1.0,coherent,2,3.5701776612554363,largest_1mm_eroded_component,2632,10,1,0.7119093785345483
radiopaedia_14_85914_0,permanent_development,C100_COH,1.0,coherent,3,0.45047791432594775,largest_1mm_eroded_component,282,10,1,0.7119093785345483
radiopaedia_14_85914_0,permanent_development,C100_COH,1.0,coherent,4,7.374940294493887,largest_1mm_eroded_component,6363,10,1,0.7119093785345483
radiopaedia_14_85914_0,permanent_development,C100_COH,1.0,coherent,5,2.807542851940139,largest_1mm_eroded_component,2242,10,1,0.7402247686505176
radiopaedia_14_85914_0,permanent_development,C100_COH,1.0,coherent,6,0.26449221940714357,largest_1mm_eroded_component,211,10,1,0.6835939884185791
radiopaedia_14_85914_0,permanent_development,C100_COH,1.0,coherent,7,0.1915933038108284,largest_1mm_eroded_component,129,10,1,0.7119093785345483
radiopaedia_14_85914_0,permanent_development,C100_COH,1.0,coherent,9,3.1337187691595494,largest_1mm_eroded_component,2637,10,1,0.6835939884185791
radiopaedia_14_85914_0,permanent_development,C100_COH,1.0,coherent,10,0.1504708386026506,largest_1mm_eroded_component,91,10,1,0.6835939884185791
radiopaedia_14_85914_0,permanent_development,C100_COH,1.0,coherent,11,5.333770657797062,largest_1mm_eroded_component,4605,10,1,0.7119093785345483
radiopaedia_14_85914_0,permanent_development,C100_COH,1.0,coherent,12,0.15420924453066676,largest_1mm_eroded_component,97,10,1,0.6835939884185791
radiopaedia_14_85914_0,permanent_development,C100_COH,1.0,coherent,13,0.42617827579384265,largest_1mm_eroded_component,317,10,1,0.6835939884185791
radiopaedia_14_85914_0,permanent_development,C100_COH,1.0,coherent,14,0.5775837158784973,largest_1mm_eroded_component,434,10,1,0.6835939884185791
radiopaedia_14_85914_0,permanent_development,C100_COH,1.0,coherent,15,2.998201554268963,largest_1mm_eroded_component,2234,10,1,0.8265944897707274
radiopaedia_14_85914_0,permanent_development,C100_COH,1.0,coherent,16,8.66842874558748,largest_1mm_eroded_component,7529,10,1,0.6835939884185791
radiopaedia_14_85914_0,permanent_development,C100_COH,1.0,coherent,17,533.4443570864105,largest_1mm_eroded_component,505017,10,1,0.8247216325200742
radiopaedia_14_85914_0,permanent_development,C100_COH,1.0,coherent,19,0.28879185793924866,largest_1mm_eroded_component,184,10,1,0.8832252700026656
radiopaedia_14_85914_0,permanent_development,C100_COH,1.0,coherent,20,0.4579547261819801,largest_1mm_eroded_component,336,10,1,0.7119093785345483
radiopaedia_14_85914_0,permanent_development,C100_COH,1.0,coherent,21,1.0654456894846067,largest_1mm_eroded_component,860,10,1,0.6835939884185791
radiopaedia_14_85914_0,permanent_development,C100_COH,1.0,coherent,22,1.050492065772542,largest_1mm_eroded_component,762,10,1,0.6835939884185791
radiopaedia_14_85914_0,permanent_development,C100_COH,1.0,coherent,23,0.2943994668312729,largest_1mm_eroded_component,201,10,1,0.8152345895767212
radiopaedia_14_85914_0,permanent_development,C100_COH,1.0,coherent,24,0.20841613048690114,largest_1mm_eroded_component,115,10,1,0.8265944897707274
radiopaedia_14_85914_0,permanent_development,C100_COH,1.0,coherent,25,0.3635599764995719,largest_1mm_eroded_component,265,10,1,0.6835939884185791
radiopaedia_14_85914_0,permanent_development,C100_COH,1.0,coherent,26,0.4158976594917982,largest_1mm_eroded_component,311,10,1,0.7119093785345483
radiopaedia_14_85914_0,permanent_development,C100_COH,1.0,coherent,27,0.1233673956245334,largest_1mm_eroded_component,80,10,1,0.6835939884185791
radiopaedia_14_85914_0,permanent_development,C100_COH,1.0,coherent,28,0.5233768299222629,largest_1mm_eroded_component,368,10,1,0.7685401587664867
radiopaedia_14_85914_0,permanent_development,C100_COH,1.0,coherent,29,0.22523895716297387,largest_1mm_eroded_component,149,10,1,0.7119093785345483
radiopaedia_14_85914_0,permanent_development,C100_COH,1.0,coherent,30,0.43085128320386284,largest_1mm_eroded_component,292,10,1,0.8265944897707274
radiopaedia_14_85914_0,permanent_development,C100_DIS,1.0,dispersed,1,480.1645958003241,largest_1mm_eroded_component,458335,10,10,66.66829291410332
radiopaedia_14_85914_0,permanent_development,C100_DIS,1.0,dispersed,2,3.5701776612554363,largest_1mm_eroded_component,2632,10,10,12.770437100957846
radiopaedia_14_85914_0,permanent_development,C100_DIS,1.0,dispersed,3,0.45047791432594775,largest_1mm_eroded_component,282,10,10,4.130644373289949
radiopaedia_14_85914_0,permanent_development,C100_DIS,1.0,dispersed,4,7.374940294493887,largest_1mm_eroded_component,6363,10,10,13.558286691357972
radiopaedia_14_85914_0,permanent_development,C100_DIS,1.0,dispersed,5,2.807542851940139,largest_1mm_eroded_component,2242,10,10,9.154466116480002
radiopaedia_14_85914_0,permanent_development,C100_DIS,1.0,dispersed,6,0.26449221940714357,largest_1mm_eroded_component,211,10,10,3.26806430438184
radiopaedia_14_85914_0,permanent_development,C100_DIS,1.0,dispersed,7,0.1915933038108284,largest_1mm_eroded_component,129,10,10,2.8273706650168515
radiopaedia_14_85914_0,permanent_development,C100_DIS,1.0,dispersed,9,3.1337187691595494,largest_1mm_eroded_component,2637,10,10,8.190973323005867
radiopaedia_14_85914_0,permanent_development,C100_DIS,1.0,dispersed,10,0.1504708386026506,largest_1mm_eroded_component,91,10,10,2.5332618126688193
radiopaedia_14_85914_0,permanent_development,C100_DIS,1.0,dispersed,11,5.333770657797062,largest_1mm_eroded_component,4605,10,10,12.422594624181546
radiopaedia_14_85914_0,permanent_development,C100_DIS,1.0,dispersed,12,0.15420924453066676,largest_1mm_eroded_component,97,10,10,2.5151021586114037
radiopaedia_14_85914_0,permanent_development,C100_DIS,1.0,dispersed,13,0.42617827579384265,largest_1mm_eroded_component,317,10,10,4.1029429774533135
radiopaedia_14_85914_0,permanent_development,C100_DIS,1.0,dispersed,14,0.5775837158784973,largest_1mm_eroded_component,434,10,10,4.397110400144496
radiopaedia_14_85914_0,permanent_development,C100_DIS,1.0,dispersed,15,2.998201554268963,largest_1mm_eroded_component,2234,10,10,8.294775972959737
radiopaedia_14_85914_0,permanent_development,C100_DIS,1.0,dispersed,16,8.66842874558748,largest_1mm_eroded_component,7529,10,10,15.098478607174405
radiopaedia_14_85914_0,permanent_development,C100_DIS,1.0,dispersed,17,533.4443570864105,largest_1mm_eroded_component,505017,10,10,70.64391012766785
radiopaedia_14_85914_0,permanent_development,C100_DIS,1.0,dispersed,19,0.28879185793924866,largest_1mm_eroded_component,184,10,10,3.2316388875820876
radiopaedia_14_85914_0,permanent_development,C100_DIS,1.0,dispersed,20,0.4579547261819801,largest_1mm_eroded_component,336,10,10,5.118361634534742
radiopaedia_14_85914_0,permanent_development,C100_DIS,1.0,dispersed,21,1.0654456894846067,largest_1mm_eroded_component,860,10,10,6.92599201536049
radiopaedia_14_85914_0,permanent_development,C100_DIS,1.0,dispersed,22,1.050492065772542,largest_1mm_eroded_component,762,10,10,5.635928292640112
radiopaedia_14_85914_0,permanent_development,C100_DIS,1.0,dispersed,23,0.2943994668312729,largest_1mm_eroded_component,201,10,10,3.3542680833613807
radiopaedia_14_85914_0,permanent_development,C100_DIS,1.0,dispersed,24,0.20841613048690114,largest_1mm_eroded_component,115,10,10,2.6559980766876996
radiopaedia_14_85914_0,permanent_development,C100_DIS,1.0,dispersed,25,0.3635599764995719,largest_1mm_eroded_component,265,10,10,3.450529724259409
radiopaedia_14_85914_0,permanent_development,C100_DIS,1.0,dispersed,26,0.4158976594917982,largest_1mm_eroded_component,311,10,10,3.9110871279179213
radiopaedia_14_85914_0,permanent_development,C100_DIS,1.0,dispersed,27,0.1233673956245334,largest_1mm_eroded_component,80,10,10,2.083750000356673
radiopaedia_14_85914_0,permanent_development,C100_DIS,1.0,dispersed,28,0.5233768299222629,largest_1mm_eroded_component,368,10,10,4.159015373673073
radiopaedia_14_85914_0,permanent_development,C100_DIS,1.0,dispersed,29,0.22523895716297387,largest_1mm_eroded_component,149,10,10,2.9762809606198077
radiopaedia_14_85914_0,permanent_development,C100_DIS,1.0,dispersed,30,0.43085128320386284,largest_1mm_eroded_component,292,10,10,3.902073772425792
radiopaedia_14_85914_0,permanent_development,C100_FRG,1.0,fragmented,1,480.1645958003241,largest_1mm_eroded_component,458335,10,3,0.6835939884185791
radiopaedia_14_85914_0,permanent_development,C100_FRG,1.0,fragmented,2,3.5701776612554363,largest_1mm_eroded_component,2632,10,3,0.6835939884185791
radiopaedia_14_85914_0,permanent_development,C100_FRG,1.0,fragmented,3,0.45047791432594775,largest_1mm_eroded_component,282,10,3,0.6835939884185791
radiopaedia_14_85914_0,permanent_development,C100_FRG,1.0,fragmented,4,7.374940294493887,largest_1mm_eroded_component,6363,10,3,0.6835939884185791
radiopaedia_14_85914_0,permanent_development,C100_FRG,1.0,fragmented,5,2.807542851940139,largest_1mm_eroded_component,2242,10,3,0.6835939884185791
radiopaedia_14_85914_0,permanent_development,C100_FRG,1.0,fragmented,6,0.26449221940714357,largest_1mm_eroded_component,211,10,3,0.6835939884185791
radiopaedia_14_85914_0,permanent_development,C100_FRG,1.0,fragmented,7,0.1915933038108284,largest_1mm_eroded_component,129,10,3,0.6835939884185791
radiopaedia_14_85914_0,permanent_development,C100_FRG,1.0,fragmented,9,3.1337187691595494,largest_1mm_eroded_component,2637,10,3,0.6835939884185791
radiopaedia_14_85914_0,permanent_development,C100_FRG,1.0,fragmented,10,0.1504708386026506,largest_1mm_eroded_component,91,10,3,0.6835939884185791
radiopaedia_14_85914_0,permanent_development,C100_FRG,1.0,fragmented,11,5.333770657797062,largest_1mm_eroded_component,4605,10,3,0.6835939884185791
radiopaedia_14_85914_0,permanent_development,C100_FRG,1.0,fragmented,12,0.15420924453066676,largest_1mm_eroded_component,97,10,3,0.6835939884185791
radiopaedia_14_85914_0,permanent_development,C100_FRG,1.0,fragmented,13,0.42617827579384265,largest_1mm_eroded_component,317,10,3,0.6835939884185791
radiopaedia_14_85914_0,permanent_development,C100_FRG,1.0,fragmented,14,0.5775837158784973,largest_1mm_eroded_component,434,10,3,0.6835939884185791
radiopaedia_14_85914_0,permanent_development,C100_FRG,1.0,fragmented,15,2.998201554268963,largest_1mm_eroded_component,2234,10,3,0.6835939884185791
radiopaedia_14_85914_0,permanent_development,C100_FRG,1.0,fragmented,16,8.66842874558748,largest_1mm_eroded_component,7529,10,3,0.6835939884185791
radiopaedia_14_85914_0,permanent_development,C100_FRG,1.0,fragmented,17,533.4443570864105,largest_1mm_eroded_component,505017,10,3,0.6835939884185791
radiopaedia_14_85914_0,permanent_development,C100_FRG,1.0,fragmented,19,0.28879185793924866,largest_1mm_eroded_component,184,10,3,0.6835939884185791
radiopaedia_14_85914_0,permanent_development,C100_FRG,1.0,fragmented,20,0.4579547261819801,largest_1mm_eroded_component,336,10,3,0.6835939884185791
radiopaedia_14_85914_0,permanent_development,C100_FRG,1.0,fragmented,21,1.0654456894846067,largest_1mm_eroded_component,860,10,3,0.6835939884185791
radiopaedia_14_85914_0,permanent_development,C100_FRG,1.0,fragmented,22,1.050492065772542,largest_1mm_eroded_component,762,10,3,0.6835939884185791
radiopaedia_14_85914_0,permanent_development,C100_FRG,1.0,fragmented,23,0.2943994668312729,largest_1mm_eroded_component,201,10,3,0.6835939884185791
radiopaedia_14_85914_0,permanent_development,C100_FRG,1.0,fragmented,24,0.20841613048690114,largest_1mm_eroded_component,115,10,3,0.6835939884185791
radiopaedia_14_85914_0,permanent_development,C100_FRG,1.0,fragmented,25,0.3635599764995719,largest_1mm_eroded_component,265,10,3,0.6835939884185791
radiopaedia_14_85914_0,permanent_development,C100_FRG,1.0,fragmented,26,0.4158976594917982,largest_1mm_eroded_component,311,10,3,0.6835939884185791
radiopaedia_14_85914_0,permanent_development,C100_FRG,1.0,fragmented,27,0.1233673956245334,largest_1mm_eroded_component,80,10,3,0.6835939884185791
radiopaedia_14_85914_0,permanent_development,C100_FRG,1.0,fragmented,28,0.5233768299222629,largest_1mm_eroded_component,368,10,3,0.6835939884185791
radiopaedia_14_85914_0,permanent_development,C100_FRG,1.0,fragmented,29,0.22523895716297387,largest_1mm_eroded_component,149,10,3,0.6835939884185791
radiopaedia_14_85914_0,permanent_development,C100_FRG,1.0,fragmented,30,0.43085128320386284,largest_1mm_eroded_component,292,10,3,0.6835939884185791
radiopaedia_14_85914_0,permanent_development,C50_COH,0.5,coherent,1,480.1645958003241,largest_1mm_eroded_component,458335,20,1,0.7119093785345483
radiopaedia_14_85914_0,permanent_development,C50_COH,0.5,coherent,3,0.45047791432594775,largest_1mm_eroded_component,282,20,1,0.8310479256021734
radiopaedia_14_85914_0,permanent_development,C50_COH,0.5,coherent,4,7.374940294493887,largest_1mm_eroded_component,6363,20,1,0.6835939884185791
radiopaedia_14_85914_0,permanent_development,C50_COH,0.5,coherent,5,2.807542851940139,largest_1mm_eroded_component,2242,20,1,0.7119093785345483
radiopaedia_14_85914_0,permanent_development,C50_COH,0.5,coherent,10,0.1504708386026506,largest_1mm_eroded_component,91,20,1,0.6835939884185791
radiopaedia_14_85914_0,permanent_development,C50_COH,0.5,coherent,13,0.42617827579384265,largest_1mm_eroded_component,317,20,1,0.6835939884185791
radiopaedia_14_85914_0,permanent_development,C50_COH,0.5,coherent,14,0.5775837158784973,largest_1mm_eroded_component,434,20,1,0.6977516834765638
radiopaedia_14_85914_0,permanent_development,C50_COH,0.5,coherent,17,533.4443570864105,largest_1mm_eroded_component,505017,20,1,0.7494142889976502
radiopaedia_14_85914_0,permanent_development,C50_COH,0.5,coherent,21,1.0654456894846067,largest_1mm_eroded_component,860,20,1,0.6835939884185791
radiopaedia_14_85914_0,permanent_development,C50_COH,0.5,coherent,22,1.050492065772542,largest_1mm_eroded_component,762,20,1,0.6835939884185791
radiopaedia_14_85914_0,permanent_development,C50_COH,0.5,coherent,24,0.20841613048690114,largest_1mm_eroded_component,115,20,1,0.6835939884185791
radiopaedia_14_85914_0,permanent_development,C50_COH,0.5,coherent,26,0.4158976594917982,largest_1mm_eroded_component,311,20,1,0.6835939884185791
radiopaedia_14_85914_0,permanent_development,C50_COH,0.5,coherent,28,0.5233768299222629,largest_1mm_eroded_component,368,20,1,0.85397345126137
radiopaedia_14_85914_0,permanent_development,C50_COH,0.5,coherent,30,0.43085128320386284,largest_1mm_eroded_component,292,20,1,0.6977516834765637
radiopaedia_14_85914_0,permanent_development,C50_DIS,0.5,dispersed,1,480.1645958003241,largest_1mm_eroded_component,458335,20,20,49.52885236079675
radiopaedia_14_85914_0,permanent_development,C50_DIS,0.5,dispersed,3,0.45047791432594775,largest_1mm_eroded_component,282,20,20,2.720586463665878
radiopaedia_14_85914_0,permanent_development,C50_DIS,0.5,dispersed,4,7.374940294493887,largest_1mm_eroded_component,6363,20,20,9.770675035044844
radiopaedia_14_85914_0,permanent_development,C50_DIS,0.5,dispersed,5,2.807542851940139,largest_1mm_eroded_component,2242,20,20,6.739616222892371
radiopaedia_14_85914_0,permanent_development,C50_DIS,0.5,dispersed,10,0.1504708386026506,largest_1mm_eroded_component,91,20,20,1.5326718196885678
radiopaedia_14_85914_0,permanent_development,C50_DIS,0.5,dispersed,13,0.42617827579384265,largest_1mm_eroded_component,317,20,20,2.756914496904407
radiopaedia_14_85914_0,permanent_development,C50_DIS,0.5,dispersed,14,0.5775837158784973,largest_1mm_eroded_component,434,20,20,2.930175258193267
radiopaedia_14_85914_0,permanent_development,C50_DIS,0.5,dispersed,17,533.4443570864105,largest_1mm_eroded_component,505017,20,20,49.87001821762387
radiopaedia_14_85914_0,permanent_development,C50_DIS,0.5,dispersed,21,1.0654456894846067,largest_1mm_eroded_component,860,20,20,4.483393723541017
radiopaedia_14_85914_0,permanent_development,C50_DIS,0.5,dispersed,22,1.050492065772542,largest_1mm_eroded_component,762,20,20,4.279547401676539
radiopaedia_14_85914_0,permanent_development,C50_DIS,0.5,dispersed,24,0.20841613048690114,largest_1mm_eroded_component,115,20,13,1.8703093068208698
radiopaedia_14_85914_0,permanent_development,C50_DIS,0.5,dispersed,26,0.4158976594917982,largest_1mm_eroded_component,311,20,20,2.633965723549631
radiopaedia_14_85914_0,permanent_development,C50_DIS,0.5,dispersed,28,0.5233768299222629,largest_1mm_eroded_component,368,20,20,2.843276768425507
radiopaedia_14_85914_0,permanent_development,C50_DIS,0.5,dispersed,30,0.43085128320386284,largest_1mm_eroded_component,292,20,20,2.755879430870512
radiopaedia_14_85914_0,permanent_development,C50_FRG,0.5,fragmented,1,480.1645958003241,largest_1mm_eroded_component,458335,20,3,0.6835939884185791
radiopaedia_14_85914_0,permanent_development,C50_FRG,0.5,fragmented,3,0.45047791432594775,largest_1mm_eroded_component,282,20,3,0.6835939884185791
radiopaedia_14_85914_0,permanent_development,C50_FRG,0.5,fragmented,4,7.374940294493887,largest_1mm_eroded_component,6363,20,3,0.6835939884185791
radiopaedia_14_85914_0,permanent_development,C50_FRG,0.5,fragmented,5,2.807542851940139,largest_1mm_eroded_component,2242,20,3,0.6835939884185791
radiopaedia_14_85914_0,permanent_development,C50_FRG,0.5,fragmented,10,0.1504708386026506,largest_1mm_eroded_component,91,20,3,0.6835939884185791
radiopaedia_14_85914_0,permanent_development,C50_FRG,0.5,fragmented,13,0.42617827579384265,largest_1mm_eroded_component,317,20,3,0.6835939884185791
radiopaedia_14_85914_0,permanent_development,C50_FRG,0.5,fragmented,14,0.5775837158784973,largest_1mm_eroded_component,434,20,3,0.6835939884185791
radiopaedia_14_85914_0,permanent_development,C50_FRG,0.5,fragmented,17,533.4443570864105,largest_1mm_eroded_component,505017,20,3,0.6835939884185791
radiopaedia_14_85914_0,permanent_development,C50_FRG,0.5,fragmented,21,1.0654456894846067,largest_1mm_eroded_component,860,20,3,0.6835939884185791
radiopaedia_14_85914_0,permanent_development,C50_FRG,0.5,fragmented,22,1.050492065772542,largest_1mm_eroded_component,762,20,3,0.6835939884185791
radiopaedia_14_85914_0,permanent_development,C50_FRG,0.5,fragmented,24,0.20841613048690114,largest_1mm_eroded_component,115,20,2,0.6835939884185791
radiopaedia_14_85914_0,permanent_development,C50_FRG,0.5,fragmented,26,0.4158976594917982,largest_1mm_eroded_component,311,20,3,0.6835939884185791
radiopaedia_14_85914_0,permanent_development,C50_FRG,0.5,fragmented,28,0.5233768299222629,largest_1mm_eroded_component,368,20,3,0.6835939884185791
radiopaedia_14_85914_0,permanent_development,C50_FRG,0.5,fragmented,30,0.43085128320386284,largest_1mm_eroded_component,292,20,3,0.6835939884185791
radiopaedia_27_86410_0,permanent_development,C100_COH,1.0,coherent,1,276.59811240354185,largest_1mm_eroded_component,90219,11,1,0.7093352521603693
radiopaedia_27_86410_0,permanent_development,C100_COH,1.0,coherent,2,1.6430294053631036,largest_1mm_eroded_component,386,11,1,0.7350765159021595
radiopaedia_27_86410_0,permanent_development,C100_COH,1.0,coherent,3,0.38412120910366077,largest_1mm_eroded_component,83,11,1,0.7093352521603693
radiopaedia_27_86410_0,permanent_development,C100_COH,1.0,coherent,4,16.33216089802061,largest_1mm_eroded_component,4977,11,1,0.6835939884185791
radiopaedia_27_86410_0,permanent_development,C100_COH,1.0,coherent,5,1.491623965278449,largest_1mm_eroded_component,356,10,1,0.6835939884185791
radiopaedia_27_86410_0,permanent_development,C100_COH,1.0,coherent,7,0.6364636092447518,largest_1mm_eroded_component,153,11,1,0.6835939884185791
radiopaedia_27_86410_0,permanent_development,C100_COH,1.0,coherent,8,0.5944065425545699,largest_1mm_eroded_component,120,11,1,0.7350765159021595
radiopaedia_27_86410_0,permanent_development,C100_COH,1.0,coherent,9,9.05068075172713,largest_1mm_eroded_component,2652,11,1,0.6835939884185791
radiopaedia_27_86410_0,permanent_development,C100_COH,1.0,coherent,10,32.89423376061422,largest_1mm_eroded_component,9604,11,1,0.6835939884185791
radiopaedia_27_86410_0,permanent_development,C100_COH,1.0,coherent,11,11.394661268593264,largest_1mm_eroded_component,3199,10,1,0.6835939884185791
radiopaedia_27_86410_0,permanent_development,C100_COH,1.0,coherent,12,464.2343135395651,largest_1mm_eroded_component,148456,10,1,0.6835939884185791
radiopaedia_27_86410_0,permanent_development,C100_COH,1.0,coherent,13,1.0009581872263276,largest_1mm_eroded_component,207,11,1,1.166903625835072
radiopaedia_27_86410_0,permanent_development,C100_COH,1.0,coherent,14,0.9336668805220367,largest_1mm_eroded_component,190,11,1,0.7608177796439496
radiopaedia_27_86410_0,permanent_development,C100_DIS,1.0,dispersed,1,276.59811240354185,largest_1mm_eroded_component,90219,11,11,48.844527547988996
radiopaedia_27_86410_0,permanent_development,C100_DIS,1.0,dispersed,2,1.6430294053631036,largest_1mm_eroded_component,386,11,9,5.809482491952493
radiopaedia_27_86410_0,permanent_development,C100_DIS,1.0,dispersed,3,0.38412120910366077,largest_1mm_eroded_component,83,11,11,2.075440911880588
radiopaedia_27_86410_0,permanent_development,C100_DIS,1.0,dispersed,4,16.33216089802061,largest_1mm_eroded_component,4977,11,11,14.799153004801271
radiopaedia_27_86410_0,permanent_development,C100_DIS,1.0,dispersed,5,1.491623965278449,largest_1mm_eroded_component,356,10,9,5.4698626479735095
radiopaedia_27_86410_0,permanent_development,C100_DIS,1.0,dispersed,7,0.6364636092447518,largest_1mm_eroded_component,153,11,11,3.0500296142102368
radiopaedia_27_86410_0,permanent_development,C100_DIS,1.0,dispersed,8,0.5944065425545699,largest_1mm_eroded_component,120,11,10,2.6902793738600215
radiopaedia_27_86410_0,permanent_development,C100_DIS,1.0,dispersed,9,9.05068075172713,largest_1mm_eroded_component,2652,11,11,13.709537489611126
radiopaedia_27_86410_0,permanent_development,C100_DIS,1.0,dispersed,10,32.89423376061422,largest_1mm_eroded_component,9604,11,11,23.03756219768738
radiopaedia_27_86410_0,permanent_development,C100_DIS,1.0,dispersed,11,11.394661268593264,largest_1mm_eroded_component,3199,10,10,13.625060844279881
radiopaedia_27_86410_0,permanent_development,C100_DIS,1.0,dispersed,12,464.2343135395651,largest_1mm_eroded_component,148456,10,10,67.98874108644739
radiopaedia_27_86410_0,permanent_development,C100_DIS,1.0,dispersed,13,1.0009581872263276,largest_1mm_eroded_component,207,11,7,4.228102715745776
radiopaedia_27_86410_0,permanent_development,C100_DIS,1.0,dispersed,14,0.9336668805220367,largest_1mm_eroded_component,190,11,10,3.6839716248953494
radiopaedia_27_86410_0,permanent_development,C100_FRG,1.0,fragmented,1,276.59811240354185,largest_1mm_eroded_component,90219,11,3,0.6835939884185791
radiopaedia_27_86410_0,permanent_development,C100_FRG,1.0,fragmented,2,1.6430294053631036,largest_1mm_eroded_component,386,11,3,0.6835939884185791
radiopaedia_27_86410_0,permanent_development,C100_FRG,1.0,fragmented,3,0.38412120910366077,largest_1mm_eroded_component,83,11,3,0.6835939884185791
radiopaedia_27_86410_0,permanent_development,C100_FRG,1.0,fragmented,4,16.33216089802061,largest_1mm_eroded_component,4977,11,3,0.6835939884185791
radiopaedia_27_86410_0,permanent_development,C100_FRG,1.0,fragmented,5,1.491623965278449,largest_1mm_eroded_component,356,10,3,0.6835939884185791
radiopaedia_27_86410_0,permanent_development,C100_FRG,1.0,fragmented,7,0.6364636092447518,largest_1mm_eroded_component,153,11,3,0.6835939884185791
radiopaedia_27_86410_0,permanent_development,C100_FRG,1.0,fragmented,8,0.5944065425545699,largest_1mm_eroded_component,120,11,3,0.6835939884185791
radiopaedia_27_86410_0,permanent_development,C100_FRG,1.0,fragmented,9,9.05068075172713,largest_1mm_eroded_component,2652,11,3,0.6835939884185791
radiopaedia_27_86410_0,permanent_development,C100_FRG,1.0,fragmented,10,32.89423376061422,largest_1mm_eroded_component,9604,11,3,0.6835939884185791
radiopaedia_27_86410_0,permanent_development,C100_FRG,1.0,fragmented,11,11.394661268593264,largest_1mm_eroded_component,3199,10,3,0.6835939884185791
radiopaedia_27_86410_0,permanent_development,C100_FRG,1.0,fragmented,12,464.2343135395651,largest_1mm_eroded_component,148456,10,3,0.6835939884185791
radiopaedia_27_86410_0,permanent_development,C100_FRG,1.0,fragmented,13,1.0009581872263276,largest_1mm_eroded_component,207,11,3,0.6835939884185791
radiopaedia_27_86410_0,permanent_development,C100_FRG,1.0,fragmented,14,0.9336668805220367,largest_1mm_eroded_component,190,11,3,0.6835939884185791
radiopaedia_27_86410_0,permanent_development,C50_COH,0.5,coherent,2,1.6430294053631036,largest_1mm_eroded_component,386,20,1,0.6977516834765637
radiopaedia_27_86410_0,permanent_development,C50_COH,0.5,coherent,3,0.38412120910366077,largest_1mm_eroded_component,83,20,1,0.6835939884185791
radiopaedia_27_86410_0,permanent_development,C50_COH,0.5,coherent,4,16.33216089802061,largest_1mm_eroded_component,4977,20,1,0.7119093785345483
radiopaedia_27_86410_0,permanent_development,C50_COH,0.5,coherent,7,0.6364636092447518,largest_1mm_eroded_component,153,20,1,0.7119093785345483
radiopaedia_27_86410_0,permanent_development,C50_COH,0.5,coherent,8,0.5944065425545699,largest_1mm_eroded_component,120,20,1,0.6835939884185791
radiopaedia_27_86410_0,permanent_development,C50_COH,0.5,coherent,13,1.0009581872263276,largest_1mm_eroded_component,207,20,1,0.7119093785345483
radiopaedia_27_86410_0,permanent_development,C50_COH,0.5,coherent,14,0.9336668805220367,largest_1mm_eroded_component,190,20,1,0.7119093785345483
radiopaedia_27_86410_0,permanent_development,C50_DIS,0.5,dispersed,2,1.6430294053631036,largest_1mm_eroded_component,386,20,18,3.8786945478103654
radiopaedia_27_86410_0,permanent_development,C50_DIS,0.5,dispersed,3,0.38412120910366077,largest_1mm_eroded_component,83,20,15,1.3684612442414013
radiopaedia_27_86410_0,permanent_development,C50_DIS,0.5,dispersed,4,16.33216089802061,largest_1mm_eroded_component,4977,20,20,11.205957861909717
radiopaedia_27_86410_0,permanent_development,C50_DIS,0.5,dispersed,7,0.6364636092447518,largest_1mm_eroded_component,153,20,20,1.8293456837356896
radiopaedia_27_86410_0,permanent_development,C50_DIS,0.5,dispersed,8,0.5944065425545699,largest_1mm_eroded_component,120,20,13,1.9677285120132826
radiopaedia_27_86410_0,permanent_development,C50_DIS,0.5,dispersed,13,1.0009581872263276,largest_1mm_eroded_component,207,20,12,2.7178496573648796
radiopaedia_27_86410_0,permanent_development,C50_DIS,0.5,dispersed,14,0.9336668805220367,largest_1mm_eroded_component,190,20,18,2.345052152857549
radiopaedia_27_86410_0,permanent_development,C50_FRG,0.5,fragmented,2,1.6430294053631036,largest_1mm_eroded_component,386,20,3,0.6835939884185791
radiopaedia_27_86410_0,permanent_development,C50_FRG,0.5,fragmented,3,0.38412120910366077,largest_1mm_eroded_component,83,20,3,0.6835939884185791
radiopaedia_27_86410_0,permanent_development,C50_FRG,0.5,fragmented,4,16.33216089802061,largest_1mm_eroded_component,4977,20,3,0.6835939884185791
radiopaedia_27_86410_0,permanent_development,C50_FRG,0.5,fragmented,7,0.6364636092447518,largest_1mm_eroded_component,153,20,3,0.6835939884185791
radiopaedia_27_86410_0,permanent_development,C50_FRG,0.5,fragmented,8,0.5944065425545699,largest_1mm_eroded_component,120,20,3,0.6835939884185791
radiopaedia_27_86410_0,permanent_development,C50_FRG,0.5,fragmented,13,1.0009581872263276,largest_1mm_eroded_component,207,20,3,0.6835939884185791
radiopaedia_27_86410_0,permanent_development,C50_FRG,0.5,fragmented,14,0.9336668805220367,largest_1mm_eroded_component,190,20,3,0.6835939884185791
radiopaedia_29_86490_1,final_outer_cv,C100_COH,1.0,coherent,1,0.1766396800987637,largest_1mm_eroded_component,31,10,1,0.6835939884185791
radiopaedia_29_86490_1,final_outer_cv,C100_COH,1.0,coherent,2,0.2803804446012122,largest_1mm_eroded_component,56,10,1,0.6835939884185791
radiopaedia_29_86490_1,final_outer_cv,C100_DIS,1.0,dispersed,1,0.1766396800987637,largest_1mm_eroded_component,31,10,8,1.2715618020443988
radiopaedia_29_86490_1,final_outer_cv,C100_DIS,1.0,dispersed,2,0.2803804446012122,largest_1mm_eroded_component,56,10,10,1.8404539990858748
radiopaedia_29_86490_1,final_outer_cv,C100_FRG,1.0,fragmented,1,0.1766396800987637,largest_1mm_eroded_component,31,10,2,0.6835939884185791
radiopaedia_29_86490_1,final_outer_cv,C100_FRG,1.0,fragmented,2,0.2803804446012122,largest_1mm_eroded_component,56,10,3,0.6835939884185791
radiopaedia_29_86490_1,final_outer_cv,C50_COH,0.5,coherent,2,0.2803804446012122,largest_1mm_eroded_component,56,20,1,0.6835939884185791
radiopaedia_29_86490_1,final_outer_cv,C50_DIS,0.5,dispersed,2,0.2803804446012122,largest_1mm_eroded_component,56,20,9,1.1191548458113352
radiopaedia_29_86490_1,final_outer_cv,C50_FRG,0.5,fragmented,2,0.2803804446012122,largest_1mm_eroded_component,56,20,2,0.6835939884185791
radiopaedia_29_86491_1,final_outer_cv,C100_COH,1.0,coherent,1,13.974161358924418,largest_1mm_eroded_component,4440,13,1,0.7485915760105458
radiopaedia_29_86491_1,final_outer_cv,C100_COH,1.0,coherent,2,36.12982409131221,largest_1mm_eroded_component,11582,13,1,0.6835939884185791
radiopaedia_29_86491_1,final_outer_cv,C100_COH,1.0,coherent,3,0.5383304536343274,largest_1mm_eroded_component,114,14,1,0.6835939884185791
radiopaedia_29_86491_1,final_outer_cv,C100_DIS,1.0,dispersed,1,13.974161358924418,largest_1mm_eroded_component,4440,13,13,12.635571256174924
radiopaedia_29_86491_1,final_outer_cv,C100_DIS,1.0,dispersed,2,36.12982409131221,largest_1mm_eroded_component,11582,13,13,18.481418172455427
radiopaedia_29_86491_1,final_outer_cv,C100_DIS,1.0,dispersed,3,0.5383304536343274,largest_1mm_eroded_component,114,14,9,2.272697268162113
radiopaedia_29_86491_1,final_outer_cv,C100_FRG,1.0,fragmented,1,13.974161358924418,largest_1mm_eroded_component,4440,13,3,0.6835939884185791
radiopaedia_29_86491_1,final_outer_cv,C100_FRG,1.0,fragmented,2,36.12982409131221,largest_1mm_eroded_component,11582,13,3,0.6835939884185791
radiopaedia_29_86491_1,final_outer_cv,C100_FRG,1.0,fragmented,3,0.5383304536343274,largest_1mm_eroded_component,114,14,2,0.6835939884185791
radiopaedia_29_86491_1,final_outer_cv,C50_COH,0.5,coherent,1,13.974161358924418,largest_1mm_eroded_component,4440,20,1,0.6835939884185791
radiopaedia_29_86491_1,final_outer_cv,C50_COH,0.5,coherent,3,0.5383304536343274,largest_1mm_eroded_component,114,20,1,0.6835939884185791
radiopaedia_29_86491_1,final_outer_cv,C50_DIS,0.5,dispersed,1,13.974161358924418,largest_1mm_eroded_component,4440,20,20,9.346287758500967
radiopaedia_29_86491_1,final_outer_cv,C50_DIS,0.5,dispersed,3,0.5383304536343274,largest_1mm_eroded_component,114,20,11,1.6938796628683508
radiopaedia_29_86491_1,final_outer_cv,C50_FRG,0.5,fragmented,1,13.974161358924418,largest_1mm_eroded_component,4440,20,3,0.6835939884185791
radiopaedia_29_86491_1,final_outer_cv,C50_FRG,0.5,fragmented,3,0.5383304536343274,largest_1mm_eroded_component,114,20,2,0.6835939884185791
radiopaedia_36_86526_0,final_outer_cv,C100_COH,1.0,coherent,1,4.65151157593411,largest_1mm_eroded_component,1237,7,1,0.7240445457271065
radiopaedia_36_86526_0,final_outer_cv,C100_COH,1.0,coherent,2,0.41215925356378197,largest_1mm_eroded_component,97,8,1,0.6835939884185791
radiopaedia_36_86526_0,final_outer_cv,C100_COH,1.0,coherent,3,4.62347353147399,largest_1mm_eroded_component,1234,7,1,0.6835939884185791
radiopaedia_36_86526_0,final_outer_cv,C100_COH,1.0,coherent,4,9.583403596469434,largest_1mm_eroded_component,2780,8,1,0.6835939884185791
radiopaedia_36_86526_0,final_outer_cv,C100_COH,1.0,coherent,5,27.034282468448882,largest_1mm_eroded_component,7781,8,1,0.7189882260635406
radiopaedia_36_86526_0,final_outer_cv,C100_COH,1.0,coherent,6,7.651582333167082,largest_1mm_eroded_component,2156,7,1,0.6835939884185791
radiopaedia_36_86526_0,final_outer_cv,C100_COH,1.0,coherent,7,0.4486087113619396,largest_1mm_eroded_component,109,8,1,0.6835939884185791
radiopaedia_36_86526_0,final_outer_cv,C100_COH,1.0,coherent,8,0.986939164996267,largest_1mm_eroded_component,262,7,1,0.6835939884185791
radiopaedia_36_86526_0,final_outer_cv,C100_COH,1.0,coherent,9,0.619640782568679,largest_1mm_eroded_component,131,8,1,0.7189882260635406
radiopaedia_36_86526_0,final_outer_cv,C100_COH,1.0,coherent,10,8.742262262665797,largest_1mm_eroded_component,2592,7,1,0.7240445457271065
radiopaedia_36_86526_0,final_outer_cv,C100_COH,1.0,coherent,11,8.977781836130815,largest_1mm_eroded_component,2486,7,1,0.6835939884185791
radiopaedia_36_86526_0,final_outer_cv,C100_COH,1.0,coherent,12,2.1364989878612373,largest_1mm_eroded_component,582,8,1,0.7189882260635406
radiopaedia_36_86526_0,final_outer_cv,C100_COH,1.0,coherent,13,1.606579947564946,largest_1mm_eroded_component,363,7,1,0.6835939884185791
radiopaedia_36_86526_0,final_outer_cv,C100_COH,1.0,coherent,14,1.0149772094563883,largest_1mm_eroded_component,246,7,1,0.6835939884185791
radiopaedia_36_86526_0,final_outer_cv,C100_COH,1.0,coherent,15,2.6495952014814557,largest_1mm_eroded_component,675,7,1,0.6835939884185791
radiopaedia_36_86526_0,final_outer_cv,C100_COH,1.0,coherent,16,0.6813244803809457,largest_1mm_eroded_component,143,8,1,0.8251709389984251
radiopaedia_36_86526_0,final_outer_cv,C100_COH,1.0,coherent,17,0.7065587203950549,largest_1mm_eroded_component,168,8,1,0.6835939884185791
radiopaedia_36_86526_0,final_outer_cv,C100_COH,1.0,coherent,18,4.724410491530426,largest_1mm_eroded_component,1306,7,1,0.6835939884185791
radiopaedia_36_86526_0,final_outer_cv,C100_COH,1.0,coherent,19,0.16542446231471522,largest_1mm_eroded_component,27,8,1,0.6835939884185791
radiopaedia_36_86526_0,final_outer_cv,C100_COH,1.0,coherent,20,6.005749123357965,largest_1mm_eroded_component,1470,8,1,0.6835939884185791
radiopaedia_36_86526_0,final_outer_cv,C100_COH,1.0,coherent,21,35.470930046499355,largest_1mm_eroded_component,7452,8,1,0.6835939884185791
radiopaedia_36_86526_0,final_outer_cv,C100_COH,1.0,coherent,22,4.50571374474148,largest_1mm_eroded_component,1267,7,1,0.6835939884185791
radiopaedia_36_86526_0,final_outer_cv,C100_COH,1.0,coherent,23,12.297486300209169,largest_1mm_eroded_component,3516,7,1,0.6835939884185791
radiopaedia_36_86526_0,final_outer_cv,C100_COH,1.0,coherent,24,9.824530778826476,largest_1mm_eroded_component,2670,7,1,0.7240445457271065
radiopaedia_36_86526_0,final_outer_cv,C100_COH,1.0,coherent,25,11.21521778404849,largest_1mm_eroded_component,3112,8,1,0.6835939884185791
radiopaedia_36_86526_0,final_outer_cv,C100_COH,1.0,coherent,26,4.744037122652511,largest_1mm_eroded_component,1259,7,1,0.6835939884185791
radiopaedia_36_86526_0,final_outer_cv,C100_COH,1.0,coherent,27,5.083297460619978,largest_1mm_eroded_component,1436,8,1,0.6835939884185791
radiopaedia_36_86526_0,final_outer_cv,C100_COH,1.0,coherent,28,0.45702012469997594,largest_1mm_eroded_component,93,8,1,0.6835939884185791
radiopaedia_36_86526_0,final_outer_cv,C100_COH,1.0,coherent,29,3.8215854599145227,largest_1mm_eroded_component,966,8,1,0.7189882260635406
radiopaedia_36_86526_0,final_outer_cv,C100_COH,1.0,coherent,30,1.606579947564946,largest_1mm_eroded_component,425,8,1,0.6835939884185791
radiopaedia_36_86526_0,final_outer_cv,C100_COH,1.0,coherent,31,0.25795000903311527,largest_1mm_eroded_component,52,7,1,0.7240445457271065
radiopaedia_36_86526_0,final_outer_cv,C100_COH,1.0,coherent,32,3.5608316464353953,largest_1mm_eroded_component,958,8,1,0.6835939884185791
radiopaedia_36_86526_0,final_outer_cv,C100_COH,1.0,coherent,33,1.0374076450244851,largest_1mm_eroded_component,242,8,1,0.6835939884185791
radiopaedia_36_86526_0,final_outer_cv,C100_DIS,1.0,dispersed,1,4.65151157593411,largest_1mm_eroded_component,1237,7,7,12.163557043081756
radiopaedia_36_86526_0,final_outer_cv,C100_DIS,1.0,dispersed,2,0.41215925356378197,largest_1mm_eroded_component,97,8,8,2.7012804567998994
radiopaedia_36_86526_0,final_outer_cv,C100_DIS,1.0,dispersed,3,4.62347353147399,largest_1mm_eroded_component,1234,7,7,12.859006474367822
radiopaedia_36_86526_0,final_outer_cv,C100_DIS,1.0,dispersed,4,9.583403596469434,largest_1mm_eroded_component,2780,8,8,13.133072942729182
radiopaedia_36_86526_0,final_outer_cv,C100_DIS,1.0,dispersed,5,27.034282468448882,largest_1mm_eroded_component,7781,8,8,21.548762228437027
radiopaedia_36_86526_0,final_outer_cv,C100_DIS,1.0,dispersed,6,7.651582333167082,largest_1mm_eroded_component,2156,7,7,13.887198683704124
radiopaedia_36_86526_0,final_outer_cv,C100_DIS,1.0,dispersed,7,0.4486087113619396,largest_1mm_eroded_component,109,8,8,3.056928414114285
radiopaedia_36_86526_0,final_outer_cv,C100_DIS,1.0,dispersed,8,0.986939164996267,largest_1mm_eroded_component,262,7,7,5.418126237837145
radiopaedia_36_86526_0,final_outer_cv,C100_DIS,1.0,dispersed,9,0.619640782568679,largest_1mm_eroded_component,131,8,7,3.525231030157406
radiopaedia_36_86526_0,final_outer_cv,C100_DIS,1.0,dispersed,10,8.742262262665797,largest_1mm_eroded_component,2592,7,7,15.13884153911145
radiopaedia_36_86526_0,final_outer_cv,C100_DIS,1.0,dispersed,11,8.977781836130815,largest_1mm_eroded_component,2486,7,7,15.129014295686984
radiopaedia_36_86526_0,final_outer_cv,C100_DIS,1.0,dispersed,12,2.1364989878612373,largest_1mm_eroded_component,582,8,8,7.46162957749182
radiopaedia_36_86526_0,final_outer_cv,C100_DIS,1.0,dispersed,13,1.606579947564946,largest_1mm_eroded_component,363,7,7,7.117113738067061
radiopaedia_36_86526_0,final_outer_cv,C100_DIS,1.0,dispersed,14,1.0149772094563883,largest_1mm_eroded_component,246,7,7,5.929288126684717
radiopaedia_36_86526_0,final_outer_cv,C100_DIS,1.0,dispersed,15,2.6495952014814557,largest_1mm_eroded_component,675,7,7,8.87781115859693
radiopaedia_36_86526_0,final_outer_cv,C100_DIS,1.0,dispersed,16,0.6813244803809457,largest_1mm_eroded_component,143,8,7,3.6455868839537153
radiopaedia_36_86526_0,final_outer_cv,C100_DIS,1.0,dispersed,17,0.7065587203950549,largest_1mm_eroded_component,168,8,8,4.205140098405483
radiopaedia_36_86526_0,final_outer_cv,C100_DIS,1.0,dispersed,18,4.724410491530426,largest_1mm_eroded_component,1306,7,7,11.898232157675123
radiopaedia_36_86526_0,final_outer_cv,C100_DIS,1.0,dispersed,19,0.16542446231471522,largest_1mm_eroded_component,27,8,4,1.186345495348156
radiopaedia_36_86526_0,final_outer_cv,C100_DIS,1.0,dispersed,20,6.005749123357965,largest_1mm_eroded_component,1470,8,8,12.955769835242675
radiopaedia_36_86526_0,final_outer_cv,C100_DIS,1.0,dispersed,21,35.470930046499355,largest_1mm_eroded_component,7452,8,8,22.774624742916888
radiopaedia_36_86526_0,final_outer_cv,C100_DIS,1.0,dispersed,22,4.50571374474148,largest_1mm_eroded_component,1267,7,7,11.987636679862375
radiopaedia_36_86526_0,final_outer_cv,C100_DIS,1.0,dispersed,23,12.297486300209169,largest_1mm_eroded_component,3516,7,7,16.804383933165354
radiopaedia_36_86526_0,final_outer_cv,C100_DIS,1.0,dispersed,24,9.824530778826476,largest_1mm_eroded_component,2670,7,7,15.985697512085576
radiopaedia_36_86526_0,final_outer_cv,C100_DIS,1.0,dispersed,25,11.21521778404849,largest_1mm_eroded_component,3112,8,8,16.301472672393256
radiopaedia_36_86526_0,final_outer_cv,C100_DIS,1.0,dispersed,26,4.744037122652511,largest_1mm_eroded_component,1259,7,7,11.718456326806685
radiopaedia_36_86526_0,final_outer_cv,C100_DIS,1.0,dispersed,27,5.083297460619978,largest_1mm_eroded_component,1436,8,8,10.412605861428222
radiopaedia_36_86526_0,final_outer_cv,C100_DIS,1.0,dispersed,28,0.45702012469997594,largest_1mm_eroded_component,93,8,7,2.98244071920967
radiopaedia_36_86526_0,final_outer_cv,C100_DIS,1.0,dispersed,29,3.8215854599145227,largest_1mm_eroded_component,966,8,8,9.30221033257095
radiopaedia_36_86526_0,final_outer_cv,C100_DIS,1.0,dispersed,30,1.606579947564946,largest_1mm_eroded_component,425,8,8,6.482518159744291
radiopaedia_36_86526_0,final_outer_cv,C100_DIS,1.0,dispersed,31,0.25795000903311527,largest_1mm_eroded_component,52,7,7,2.2739640045979708
radiopaedia_36_86526_0,final_outer_cv,C100_DIS,1.0,dispersed,32,3.5608316464353953,largest_1mm_eroded_component,958,8,8,9.731871212219405
radiopaedia_36_86526_0,final_outer_cv,C100_DIS,1.0,dispersed,33,1.0374076450244851,largest_1mm_eroded_component,242,8,8,5.319907935678328
radiopaedia_36_86526_0,final_outer_cv,C100_FRG,1.0,fragmented,1,4.65151157593411,largest_1mm_eroded_component,1237,7,3,0.6835939884185791
radiopaedia_36_86526_0,final_outer_cv,C100_FRG,1.0,fragmented,2,0.41215925356378197,largest_1mm_eroded_component,97,8,3,0.6835939884185791
radiopaedia_36_86526_0,final_outer_cv,C100_FRG,1.0,fragmented,3,4.62347353147399,largest_1mm_eroded_component,1234,7,3,0.6835939884185791
radiopaedia_36_86526_0,final_outer_cv,C100_FRG,1.0,fragmented,4,9.583403596469434,largest_1mm_eroded_component,2780,8,3,0.6835939884185791
radiopaedia_36_86526_0,final_outer_cv,C100_FRG,1.0,fragmented,5,27.034282468448882,largest_1mm_eroded_component,7781,8,3,0.6835939884185791
radiopaedia_36_86526_0,final_outer_cv,C100_FRG,1.0,fragmented,6,7.651582333167082,largest_1mm_eroded_component,2156,7,3,0.6835939884185791
radiopaedia_36_86526_0,final_outer_cv,C100_FRG,1.0,fragmented,7,0.4486087113619396,largest_1mm_eroded_component,109,8,3,0.6835939884185791
radiopaedia_36_86526_0,final_outer_cv,C100_FRG,1.0,fragmented,8,0.986939164996267,largest_1mm_eroded_component,262,7,3,0.6835939884185791
radiopaedia_36_86526_0,final_outer_cv,C100_FRG,1.0,fragmented,9,0.619640782568679,largest_1mm_eroded_component,131,8,2,0.6835939884185791
radiopaedia_36_86526_0,final_outer_cv,C100_FRG,1.0,fragmented,10,8.742262262665797,largest_1mm_eroded_component,2592,7,3,0.6835939884185791
radiopaedia_36_86526_0,final_outer_cv,C100_FRG,1.0,fragmented,11,8.977781836130815,largest_1mm_eroded_component,2486,7,3,0.6835939884185791
radiopaedia_36_86526_0,final_outer_cv,C100_FRG,1.0,fragmented,12,2.1364989878612373,largest_1mm_eroded_component,582,8,3,0.6835939884185791
radiopaedia_36_86526_0,final_outer_cv,C100_FRG,1.0,fragmented,13,1.606579947564946,largest_1mm_eroded_component,363,7,3,0.6835939884185791
radiopaedia_36_86526_0,final_outer_cv,C100_FRG,1.0,fragmented,14,1.0149772094563883,largest_1mm_eroded_component,246,7,3,0.6835939884185791
radiopaedia_36_86526_0,final_outer_cv,C100_FRG,1.0,fragmented,15,2.6495952014814557,largest_1mm_eroded_component,675,7,3,0.6835939884185791
radiopaedia_36_86526_0,final_outer_cv,C100_FRG,1.0,fragmented,16,0.6813244803809457,largest_1mm_eroded_component,143,8,3,0.6835939884185791
radiopaedia_36_86526_0,final_outer_cv,C100_FRG,1.0,fragmented,17,0.7065587203950549,largest_1mm_eroded_component,168,8,3,0.6835939884185791
radiopaedia_36_86526_0,final_outer_cv,C100_FRG,1.0,fragmented,18,4.724410491530426,largest_1mm_eroded_component,1306,7,3,0.6835939884185791
radiopaedia_36_86526_0,final_outer_cv,C100_FRG,1.0,fragmented,19,0.16542446231471522,largest_1mm_eroded_component,27,8,3,0.6835939884185791
radiopaedia_36_86526_0,final_outer_cv,C100_FRG,1.0,fragmented,20,6.005749123357965,largest_1mm_eroded_component,1470,8,3,0.6835939884185791
radiopaedia_36_86526_0,final_outer_cv,C100_FRG,1.0,fragmented,21,35.470930046499355,largest_1mm_eroded_component,7452,8,3,0.6835939884185791
radiopaedia_36_86526_0,final_outer_cv,C100_FRG,1.0,fragmented,22,4.50571374474148,largest_1mm_eroded_component,1267,7,3,0.6835939884185791
radiopaedia_36_86526_0,final_outer_cv,C100_FRG,1.0,fragmented,23,12.297486300209169,largest_1mm_eroded_component,3516,7,3,0.6835939884185791
radiopaedia_36_86526_0,final_outer_cv,C100_FRG,1.0,fragmented,24,9.824530778826476,largest_1mm_eroded_component,2670,7,3,0.6835939884185791
radiopaedia_36_86526_0,final_outer_cv,C100_FRG,1.0,fragmented,25,11.21521778404849,largest_1mm_eroded_component,3112,8,3,0.6835939884185791
radiopaedia_36_86526_0,final_outer_cv,C100_FRG,1.0,fragmented,26,4.744037122652511,largest_1mm_eroded_component,1259,7,3,0.6835939884185791
radiopaedia_36_86526_0,final_outer_cv,C100_FRG,1.0,fragmented,27,5.083297460619978,largest_1mm_eroded_component,1436,8,3,0.6835939884185791
radiopaedia_36_86526_0,final_outer_cv,C100_FRG,1.0,fragmented,28,0.45702012469997594,largest_1mm_eroded_component,93,8,3,0.6835939884185791
radiopaedia_36_86526_0,final_outer_cv,C100_FRG,1.0,fragmented,29,3.8215854599145227,largest_1mm_eroded_component,966,8,3,0.6835939884185791
radiopaedia_36_86526_0,final_outer_cv,C100_FRG,1.0,fragmented,30,1.606579947564946,largest_1mm_eroded_component,425,8,3,0.6835939884185791
radiopaedia_36_86526_0,final_outer_cv,C100_FRG,1.0,fragmented,31,0.25795000903311527,largest_1mm_eroded_component,52,7,3,0.6835939884185791
radiopaedia_36_86526_0,final_outer_cv,C100_FRG,1.0,fragmented,32,3.5608316464353953,largest_1mm_eroded_component,958,8,3,0.6835939884185791
radiopaedia_36_86526_0,final_outer_cv,C100_FRG,1.0,fragmented,33,1.0374076450244851,largest_1mm_eroded_component,242,8,3,0.6835939884185791
radiopaedia_36_86526_0,final_outer_cv,C50_COH,0.5,coherent,2,0.41215925356378197,largest_1mm_eroded_component,97,15,1,0.6835939884185791
radiopaedia_36_86526_0,final_outer_cv,C50_COH,0.5,coherent,4,9.583403596469434,largest_1mm_eroded_component,2780,15,1,0.7024709151625587
radiopaedia_36_86526_0,final_outer_cv,C50_COH,0.5,coherent,5,27.034282468448882,largest_1mm_eroded_component,7781,15,1,0.6835939884185791
radiopaedia_36_86526_0,final_outer_cv,C50_COH,0.5,coherent,7,0.4486087113619396,largest_1mm_eroded_component,109,15,1,0.6835939884185791
radiopaedia_36_86526_0,final_outer_cv,C50_COH,0.5,coherent,9,0.619640782568679,largest_1mm_eroded_component,131,14,1,0.7240445457271065
radiopaedia_36_86526_0,final_outer_cv,C50_COH,0.5,coherent,16,0.6813244803809457,largest_1mm_eroded_component,143,15,1,0.759101695394497
radiopaedia_36_86526_0,final_outer_cv,C50_COH,0.5,coherent,17,0.7065587203950549,largest_1mm_eroded_component,168,14,1,0.6835939884185791
radiopaedia_36_86526_0,final_outer_cv,C50_COH,0.5,coherent,19,0.16542446231471522,largest_1mm_eroded_component,27,14,1,0.6835939884185791
radiopaedia_36_86526_0,final_outer_cv,C50_COH,0.5,coherent,20,6.005749123357965,largest_1mm_eroded_component,1470,15,1,0.6835939884185791
radiopaedia_36_86526_0,final_outer_cv,C50_COH,0.5,coherent,21,35.470930046499355,largest_1mm_eroded_component,7452,15,1,0.6835939884185791
radiopaedia_36_86526_0,final_outer_cv,C50_COH,0.5,coherent,25,11.21521778404849,largest_1mm_eroded_component,3112,14,1,0.6835939884185791
radiopaedia_36_86526_0,final_outer_cv,C50_COH,0.5,coherent,27,5.083297460619978,largest_1mm_eroded_component,1436,15,1,0.6835939884185791
radiopaedia_36_86526_0,final_outer_cv,C50_COH,0.5,coherent,28,0.45702012469997594,largest_1mm_eroded_component,93,15,1,0.6835939884185791
radiopaedia_36_86526_0,final_outer_cv,C50_COH,0.5,coherent,29,3.8215854599145227,largest_1mm_eroded_component,966,15,1,0.6835939884185791
radiopaedia_36_86526_0,final_outer_cv,C50_COH,0.5,coherent,30,1.606579947564946,largest_1mm_eroded_component,425,14,1,0.6835939884185791
radiopaedia_36_86526_0,final_outer_cv,C50_COH,0.5,coherent,32,3.5608316464353953,largest_1mm_eroded_component,958,14,1,0.6835939884185791
radiopaedia_36_86526_0,final_outer_cv,C50_COH,0.5,coherent,33,1.0374076450244851,largest_1mm_eroded_component,242,15,1,0.6835939884185791
radiopaedia_36_86526_0,final_outer_cv,C50_DIS,0.5,dispersed,2,0.41215925356378197,largest_1mm_eroded_component,97,15,15,1.7213885940139937
radiopaedia_36_86526_0,final_outer_cv,C50_DIS,0.5,dispersed,4,9.583403596469434,largest_1mm_eroded_component,2780,15,15,10.28523284769303
radiopaedia_36_86526_0,final_outer_cv,C50_DIS,0.5,dispersed,5,27.034282468448882,largest_1mm_eroded_component,7781,15,15,17.008399013525196
radiopaedia_36_86526_0,final_outer_cv,C50_DIS,0.5,dispersed,7,0.4486087113619396,largest_1mm_eroded_component,109,15,15,1.8040012425719014
radiopaedia_36_86526_0,final_outer_cv,C50_DIS,0.5,dispersed,9,0.619640782568679,largest_1mm_eroded_component,131,14,12,2.4253900271220314
radiopaedia_36_86526_0,final_outer_cv,C50_DIS,0.5,dispersed,16,0.6813244803809457,largest_1mm_eroded_component,143,15,13,2.598131951021486
radiopaedia_36_86526_0,final_outer_cv,C50_DIS,0.5,dispersed,17,0.7065587203950549,largest_1mm_eroded_component,168,14,12,2.7142653633087073
radiopaedia_36_86526_0,final_outer_cv,C50_DIS,0.5,dispersed,19,0.16542446231471522,largest_1mm_eroded_component,27,14,2,0.9667478895782707
radiopaedia_36_86526_0,final_outer_cv,C50_DIS,0.5,dispersed,20,6.005749123357965,largest_1mm_eroded_component,1470,15,15,9.335181303252648
radiopaedia_36_86526_0,final_outer_cv,C50_DIS,0.5,dispersed,21,35.470930046499355,largest_1mm_eroded_component,7452,15,15,16.306328306637134
radiopaedia_36_86526_0,final_outer_cv,C50_DIS,0.5,dispersed,25,11.21521778404849,largest_1mm_eroded_component,3112,14,14,12.033395228616792
radiopaedia_36_86526_0,final_outer_cv,C50_DIS,0.5,dispersed,27,5.083297460619978,largest_1mm_eroded_component,1436,15,15,8.151661517921564
radiopaedia_36_86526_0,final_outer_cv,C50_DIS,0.5,dispersed,28,0.45702012469997594,largest_1mm_eroded_component,93,15,9,1.8698461649569313
radiopaedia_36_86526_0,final_outer_cv,C50_DIS,0.5,dispersed,29,3.8215854599145227,largest_1mm_eroded_component,966,15,15,7.441935195437583
radiopaedia_36_86526_0,final_outer_cv,C50_DIS,0.5,dispersed,30,1.606579947564946,largest_1mm_eroded_component,425,14,14,4.69865818499068
radiopaedia_36_86526_0,final_outer_cv,C50_DIS,0.5,dispersed,32,3.5608316464353953,largest_1mm_eroded_component,958,14,14,7.250609758504227
radiopaedia_36_86526_0,final_outer_cv,C50_DIS,0.5,dispersed,33,1.0374076450244851,largest_1mm_eroded_component,242,15,14,3.5701700679831725
radiopaedia_36_86526_0,final_outer_cv,C50_FRG,0.5,fragmented,2,0.41215925356378197,largest_1mm_eroded_component,97,15,3,0.6835939884185791
radiopaedia_36_86526_0,final_outer_cv,C50_FRG,0.5,fragmented,4,9.583403596469434,largest_1mm_eroded_component,2780,15,3,0.6835939884185791
radiopaedia_36_86526_0,final_outer_cv,C50_FRG,0.5,fragmented,5,27.034282468448882,largest_1mm_eroded_component,7781,15,3,0.6835939884185791
radiopaedia_36_86526_0,final_outer_cv,C50_FRG,0.5,fragmented,7,0.4486087113619396,largest_1mm_eroded_component,109,15,3,0.6835939884185791
radiopaedia_36_86526_0,final_outer_cv,C50_FRG,0.5,fragmented,9,0.619640782568679,largest_1mm_eroded_component,131,14,2,0.6835939884185791
radiopaedia_36_86526_0,final_outer_cv,C50_FRG,0.5,fragmented,16,0.6813244803809457,largest_1mm_eroded_component,143,15,3,0.6835939884185791
radiopaedia_36_86526_0,final_outer_cv,C50_FRG,0.5,fragmented,17,0.7065587203950549,largest_1mm_eroded_component,168,14,2,0.6835939884185791
radiopaedia_36_86526_0,final_outer_cv,C50_FRG,0.5,fragmented,19,0.16542446231471522,largest_1mm_eroded_component,27,14,2,0.6835939884185791
radiopaedia_36_86526_0,final_outer_cv,C50_FRG,0.5,fragmented,20,6.005749123357965,largest_1mm_eroded_component,1470,15,3,0.6835939884185791
radiopaedia_36_86526_0,final_outer_cv,C50_FRG,0.5,fragmented,21,35.470930046499355,largest_1mm_eroded_component,7452,15,3,0.6835939884185791
radiopaedia_36_86526_0,final_outer_cv,C50_FRG,0.5,fragmented,25,11.21521778404849,largest_1mm_eroded_component,3112,14,3,0.6835939884185791
radiopaedia_36_86526_0,final_outer_cv,C50_FRG,0.5,fragmented,27,5.083297460619978,largest_1mm_eroded_component,1436,15,3,0.6835939884185791
radiopaedia_36_86526_0,final_outer_cv,C50_FRG,0.5,fragmented,28,0.45702012469997594,largest_1mm_eroded_component,93,15,3,0.6835939884185791
radiopaedia_36_86526_0,final_outer_cv,C50_FRG,0.5,fragmented,29,3.8215854599145227,largest_1mm_eroded_component,966,15,3,0.6835939884185791
radiopaedia_36_86526_0,final_outer_cv,C50_FRG,0.5,fragmented,30,1.606579947564946,largest_1mm_eroded_component,425,14,3,0.6835939884185791
radiopaedia_36_86526_0,final_outer_cv,C50_FRG,0.5,fragmented,32,3.5608316464353953,largest_1mm_eroded_component,958,14,3,0.6835939884185791
radiopaedia_36_86526_0,final_outer_cv,C50_FRG,0.5,fragmented,33,1.0374076450244851,largest_1mm_eroded_component,242,15,3,0.6835939884185791
radiopaedia_40_86625_0,final_outer_cv,C100_COH,1.0,coherent,1,1372.0622668886363,largest_1mm_eroded_component,647575,7,1,1.3356209690733993
radiopaedia_40_86625_0,final_outer_cv,C100_COH,1.0,coherent,2,0.822449304163556,largest_1mm_eroded_component,336,7,1,0.6835939884185791
radiopaedia_40_86625_0,final_outer_cv,C100_COH,1.0,coherent,3,0.5009463943541659,largest_1mm_eroded_component,160,7,1,0.6835939884185791
radiopaedia_40_86625_0,final_outer_cv,C100_COH,1.0,coherent,4,0.21121993493291324,largest_1mm_eroded_component,62,7,1,0.7240445457271065
radiopaedia_40_86625_0,final_outer_cv,C100_COH,1.0,coherent,5,0.2766420386731961,largest_1mm_eroded_component,92,6,1,0.6835939884185791
radiopaedia_40_86625_0,final_outer_cv,C100_COH,1.0,coherent,6,0.1327134104445738,largest_1mm_eroded_component,35,7,1,0.6835939884185791
radiopaedia_40_86625_0,final_outer_cv,C100_COH,1.0,coherent,7,0.49720798842614977,largest_1mm_eroded_component,179,7,1,0.7240445457271065
radiopaedia_40_86625_0,final_outer_cv,C100_COH,1.0,coherent,8,0.24486558828505872,largest_1mm_eroded_component,81,7,1,0.6835939884185791
radiopaedia_40_86625_0,final_outer_cv,C100_COH,1.0,coherent,9,0.12149819266052532,largest_1mm_eroded_component,33,7,1,0.6835939884185791
radiopaedia_40_86625_0,final_outer_cv,C100_COH,1.0,coherent,10,3.379518958926612,largest_1mm_eroded_component,1199,7,1,0.6835939884185791
radiopaedia_40_86625_0,final_outer_cv,C100_COH,1.0,coherent,11,1489.020165549586,largest_1mm_eroded_component,728432,7,1,0.6835939884185791
radiopaedia_40_86625_0,final_outer_cv,C100_COH,1.0,coherent,12,9.321715181508305,largest_1mm_eroded_component,3733,7,1,1.1656508765924873
radiopaedia_40_86625_0,final_outer_cv,C100_DIS,1.0,dispersed,1,1372.0622668886363,largest_1mm_eroded_component,647575,7,7,113.94403187474138
radiopaedia_40_86625_0,final_outer_cv,C100_DIS,1.0,dispersed,2,0.822449304163556,largest_1mm_eroded_component,336,7,7,6.5302388396916395
radiopaedia_40_86625_0,final_outer_cv,C100_DIS,1.0,dispersed,3,0.5009463943541659,largest_1mm_eroded_component,160,7,7,4.273112248681666
radiopaedia_40_86625_0,final_outer_cv,C100_DIS,1.0,dispersed,4,0.21121993493291324,largest_1mm_eroded_component,62,7,7,2.4866413341695717
radiopaedia_40_86625_0,final_outer_cv,C100_DIS,1.0,dispersed,5,0.2766420386731961,largest_1mm_eroded_component,92,6,6,3.24847461445146
radiopaedia_40_86625_0,final_outer_cv,C100_DIS,1.0,dispersed,6,0.1327134104445738,largest_1mm_eroded_component,35,7,7,1.7999132147230015
radiopaedia_40_86625_0,final_outer_cv,C100_DIS,1.0,dispersed,7,0.49720798842614977,largest_1mm_eroded_component,179,7,7,4.594321987496076
radiopaedia_40_86625_0,final_outer_cv,C100_DIS,1.0,dispersed,8,0.24486558828505872,largest_1mm_eroded_component,81,7,7,2.9028616522519792
radiopaedia_40_86625_0,final_outer_cv,C100_DIS,1.0,dispersed,9,0.12149819266052532,largest_1mm_eroded_component,33,7,7,1.9334957791565424
radiopaedia_40_86625_0,final_outer_cv,C100_DIS,1.0,dispersed,10,3.379518958926612,largest_1mm_eroded_component,1199,7,7,9.688638921587494
radiopaedia_40_86625_0,final_outer_cv,C100_DIS,1.0,dispersed,11,1489.020165549586,largest_1mm_eroded_component,728432,7,7,112.78569904583448
radiopaedia_40_86625_0,final_outer_cv,C100_DIS,1.0,dispersed,12,9.321715181508305,largest_1mm_eroded_component,3733,7,7,18.417242696312
radiopaedia_40_86625_0,final_outer_cv,C100_FRG,1.0,fragmented,1,1372.0622668886363,largest_1mm_eroded_component,647575,7,3,0.6835939884185791
radiopaedia_40_86625_0,final_outer_cv,C100_FRG,1.0,fragmented,2,0.822449304163556,largest_1mm_eroded_component,336,7,3,0.6835939884185791
radiopaedia_40_86625_0,final_outer_cv,C100_FRG,1.0,fragmented,3,0.5009463943541659,largest_1mm_eroded_component,160,7,3,0.6835939884185791
radiopaedia_40_86625_0,final_outer_cv,C100_FRG,1.0,fragmented,4,0.21121993493291324,largest_1mm_eroded_component,62,7,3,0.6835939884185791
radiopaedia_40_86625_0,final_outer_cv,C100_FRG,1.0,fragmented,5,0.2766420386731961,largest_1mm_eroded_component,92,6,3,0.6835939884185791
radiopaedia_40_86625_0,final_outer_cv,C100_FRG,1.0,fragmented,6,0.1327134104445738,largest_1mm_eroded_component,35,7,3,0.6835939884185791
radiopaedia_40_86625_0,final_outer_cv,C100_FRG,1.0,fragmented,7,0.49720798842614977,largest_1mm_eroded_component,179,7,3,0.6835939884185791
radiopaedia_40_86625_0,final_outer_cv,C100_FRG,1.0,fragmented,8,0.24486558828505872,largest_1mm_eroded_component,81,7,3,0.6835939884185791
radiopaedia_40_86625_0,final_outer_cv,C100_FRG,1.0,fragmented,9,0.12149819266052532,largest_1mm_eroded_component,33,7,3,0.6835939884185791
radiopaedia_40_86625_0,final_outer_cv,C100_FRG,1.0,fragmented,10,3.379518958926612,largest_1mm_eroded_component,1199,7,3,0.6835939884185791
radiopaedia_40_86625_0,final_outer_cv,C100_FRG,1.0,fragmented,11,1489.020165549586,largest_1mm_eroded_component,728432,7,3,0.6835939884185791
radiopaedia_40_86625_0,final_outer_cv,C100_FRG,1.0,fragmented,12,9.321715181508305,largest_1mm_eroded_component,3733,7,3,0.6835939884185791
radiopaedia_40_86625_0,final_outer_cv,C50_COH,0.5,coherent,1,1372.0622668886363,largest_1mm_eroded_component,647575,14,1,0.885525841762394
radiopaedia_40_86625_0,final_outer_cv,C50_COH,0.5,coherent,3,0.5009463943541659,largest_1mm_eroded_component,160,14,1,0.6835939884185791
radiopaedia_40_86625_0,final_outer_cv,C50_COH,0.5,coherent,4,0.21121993493291324,largest_1mm_eroded_component,62,14,1,0.6835939884185791
radiopaedia_40_86625_0,final_outer_cv,C50_COH,0.5,coherent,6,0.1327134104445738,largest_1mm_eroded_component,35,13,1,0.6835939884185791
radiopaedia_40_86625_0,final_outer_cv,C50_COH,0.5,coherent,7,0.49720798842614977,largest_1mm_eroded_component,179,14,1,0.6835939884185791
radiopaedia_40_86625_0,final_outer_cv,C50_COH,0.5,coherent,8,0.24486558828505872,largest_1mm_eroded_component,81,14,1,0.6835939884185791
radiopaedia_40_86625_0,final_outer_cv,C50_DIS,0.5,dispersed,1,1372.0622668886363,largest_1mm_eroded_component,647575,14,14,79.40525385980057
radiopaedia_40_86625_0,final_outer_cv,C50_DIS,0.5,dispersed,3,0.5009463943541659,largest_1mm_eroded_component,160,14,12,2.778073665348483
radiopaedia_40_86625_0,final_outer_cv,C50_DIS,0.5,dispersed,4,0.21121993493291324,largest_1mm_eroded_component,62,14,14,1.4594020627097233
radiopaedia_40_86625_0,final_outer_cv,C50_DIS,0.5,dispersed,6,0.1327134104445738,largest_1mm_eroded_component,35,13,7,1.0186408017976218
radiopaedia_40_86625_0,final_outer_cv,C50_DIS,0.5,dispersed,7,0.49720798842614977,largest_1mm_eroded_component,179,14,14,2.642724376673702
radiopaedia_40_86625_0,final_outer_cv,C50_DIS,0.5,dispersed,8,0.24486558828505872,largest_1mm_eroded_component,81,14,14,1.6822033418180868
radiopaedia_40_86625_0,final_outer_cv,C50_FRG,0.5,fragmented,1,1372.0622668886363,largest_1mm_eroded_component,647575,14,3,0.6835939884185791
radiopaedia_40_86625_0,final_outer_cv,C50_FRG,0.5,fragmented,3,0.5009463943541659,largest_1mm_eroded_component,160,14,3,0.6835939884185791
radiopaedia_40_86625_0,final_outer_cv,C50_FRG,0.5,fragmented,4,0.21121993493291324,largest_1mm_eroded_component,62,14,3,0.6835939884185791
radiopaedia_40_86625_0,final_outer_cv,C50_FRG,0.5,fragmented,6,0.1327134104445738,largest_1mm_eroded_component,35,13,2,0.6835939884185791
radiopaedia_40_86625_0,final_outer_cv,C50_FRG,0.5,fragmented,7,0.49720798842614977,largest_1mm_eroded_component,179,14,3,0.6835939884185791
radiopaedia_40_86625_0,final_outer_cv,C50_FRG,0.5,fragmented,8,0.24486558828505872,largest_1mm_eroded_component,81,14,3,0.6835939884185791
radiopaedia_4_85506_1,final_outer_cv,C100_COH,1.0,coherent,1,464.8847961710399,largest_1mm_eroded_component,146200,10,1,0.6835939884185791
radiopaedia_4_85506_1,final_outer_cv,C100_COH,1.0,coherent,2,0.4289820802398547,largest_1mm_eroded_component,91,10,1,0.7968555488824559
radiopaedia_4_85506_1,final_outer_cv,C100_COH,1.0,coherent,3,4.564593638107735,largest_1mm_eroded_component,1286,10,1,0.6835939884185791
radiopaedia_4_85506_1,final_outer_cv,C100_COH,1.0,coherent,4,0.986939164996267,largest_1mm_eroded_component,236,10,1,0.7685401587664867
radiopaedia_4_85506_1,final_outer_cv,C100_COH,1.0,coherent,5,1.171990258433067,largest_1mm_eroded_component,292,10,1,0.7119093785345483
radiopaedia_4_85506_1,final_outer_cv,C100_COH,1.0,coherent,6,1.9458402855324128,largest_1mm_eroded_component,570,9,1,0.7150555329918782
radiopaedia_4_85506_1,final_outer_cv,C100_COH,1.0,coherent,7,1.2336739562453338,largest_1mm_eroded_component,340,10,1,0.6835939884185791
radiopaedia_4_85506_1,final_outer_cv,C100_COH,1.0,coherent,8,0.2775766401552001,largest_1mm_eroded_component,53,10,1,0.6835939884185791
radiopaedia_4_85506_1,final_outer_cv,C100_COH,1.0,coherent,9,1.3626489607618915,largest_1mm_eroded_component,380,10,1,0.6835939884185791
radiopaedia_4_85506_1,final_outer_cv,C100_COH,1.0,coherent,10,0.8243185071275639,largest_1mm_eroded_component,214,10,1,0.6835939884185791
radiopaedia_4_85506_1,final_outer_cv,C100_COH,1.0,coherent,11,2.001916374452655,largest_1mm_eroded_component,512,10,1,0.7119093785345483
radiopaedia_4_85506_1,final_outer_cv,C100_COH,1.0,coherent,12,0.5747799114324851,largest_1mm_eroded_component,139,10,1,0.6835939884185791
radiopaedia_4_85506_1,final_outer_cv,C100_COH,1.0,coherent,13,6.816048608255469,largest_1mm_eroded_component,1933,10,1,1.7468751907348632
radiopaedia_4_85506_1,final_outer_cv,C100_COH,1.0,coherent,14,0.5411342580803395,largest_1mm_eroded_component,125,9,1,0.6835939884185791
radiopaedia_4_85506_1,final_outer_cv,C100_COH,1.0,coherent,15,20.459361042550455,largest_1mm_eroded_component,6095,9,1,0.6835939884185791
radiopaedia_4_85506_1,final_outer_cv,C100_COH,1.0,coherent,16,6.9618464394481,largest_1mm_eroded_component,2091,10,1,0.6835939884185791
radiopaedia_4_85506_1,final_outer_cv,C100_COH,1.0,coherent,17,0.2411271823570425,largest_1mm_eroded_component,44,10,1,0.6835939884185791
radiopaedia_4_85506_1,final_outer_cv,C100_COH,1.0,coherent,18,604.6067831291621,largest_1mm_eroded_component,198119,10,1,0.7119093785345483
radiopaedia_4_85506_1,final_outer_cv,C100_COH,1.0,coherent,19,0.6364636092447518,largest_1mm_eroded_component,159,10,1,0.7119093785345483
radiopaedia_4_85506_1,final_outer_cv,C100_COH,1.0,coherent,20,0.8383375293576245,largest_1mm_eroded_component,217,10,1,0.6835939884185791
radiopaedia_4_85506_1,final_outer_cv,C100_COH,1.0,coherent,21,0.7878690493294064,largest_1mm_eroded_component,207,10,1,0.6835939884185791
radiopaedia_4_85506_1,final_outer_cv,C100_COH,1.0,coherent,22,8.055330173392827,largest_1mm_eroded_component,2383,10,1,0.6835939884185791
radiopaedia_4_85506_1,final_outer_cv,C100_COH,1.0,coherent,23,2.52342400141091,largest_1mm_eroded_component,682,10,1,0.6835939884185791
radiopaedia_4_85506_1,final_outer_cv,C100_COH,1.0,coherent,24,0.16822826676072733,largest_1mm_eroded_component,28,9,1,0.6835939884185791
radiopaedia_4_85506_1,final_outer_cv,C100_COH,1.0,coherent,25,25.932387321166118,largest_1mm_eroded_component,8351,10,1,0.7119093785345483
radiopaedia_4_85506_1,final_outer_cv,C100_COH,1.0,coherent,26,0.45702012469997594,largest_1mm_eroded_component,109,10,1,0.6835939884185791
radiopaedia_4_85506_1,final_outer_cv,C100_COH,1.0,coherent,27,0.37570979576562435,largest_1mm_eroded_component,84,10,1,0.6835939884185791
radiopaedia_4_85506_1,final_outer_cv,C100_COH,1.0,coherent,28,1.6570484275931643,largest_1mm_eroded_component,443,9,1,0.6835939884185791
radiopaedia_4_85506_1,final_outer_cv,C100_COH,1.0,coherent,29,2.6411837881434193,largest_1mm_eroded_component,744,9,1,0.7779786221384764
radiopaedia_4_85506_1,final_outer_cv,C100_COH,1.0,coherent,30,0.18505109343680007,full_component_fallback,66,10,1,0.6835939884185791
radiopaedia_4_85506_1,final_outer_cv,C100_DIS,1.0,dispersed,1,464.8847961710399,largest_1mm_eroded_component,146200,10,10,78.21716650020898
radiopaedia_4_85506_1,final_outer_cv,C100_DIS,1.0,dispersed,2,0.4289820802398547,largest_1mm_eroded_component,91,10,10,2.3365724579380016
radiopaedia_4_85506_1,final_outer_cv,C100_DIS,1.0,dispersed,3,4.564593638107735,largest_1mm_eroded_component,1286,10,10,9.644709309063566
radiopaedia_4_85506_1,final_outer_cv,C100_DIS,1.0,dispersed,4,0.986939164996267,largest_1mm_eroded_component,236,10,10,3.8745929203503655
radiopaedia_4_85506_1,final_outer_cv,C100_DIS,1.0,dispersed,5,1.171990258433067,largest_1mm_eroded_component,292,10,10,5.147683072729276
radiopaedia_4_85506_1,final_outer_cv,C100_DIS,1.0,dispersed,6,1.9458402855324128,largest_1mm_eroded_component,570,9,9,6.960428975779626
radiopaedia_4_85506_1,final_outer_cv,C100_DIS,1.0,dispersed,7,1.2336739562453338,largest_1mm_eroded_component,340,10,10,4.682223093743643
radiopaedia_4_85506_1,final_outer_cv,C100_DIS,1.0,dispersed,8,0.2775766401552001,largest_1mm_eroded_component,53,10,10,1.6845930132412783
radiopaedia_4_85506_1,final_outer_cv,C100_DIS,1.0,dispersed,9,1.3626489607618915,largest_1mm_eroded_component,380,10,10,4.494835696622848
radiopaedia_4_85506_1,final_outer_cv,C100_DIS,1.0,dispersed,10,0.8243185071275639,largest_1mm_eroded_component,214,10,10,3.6233493128038825
radiopaedia_4_85506_1,final_outer_cv,C100_DIS,1.0,dispersed,11,2.001916374452655,largest_1mm_eroded_component,512,10,10,6.447135374805758
radiopaedia_4_85506_1,final_outer_cv,C100_DIS,1.0,dispersed,12,0.5747799114324851,largest_1mm_eroded_component,139,10,10,2.691513731645442
radiopaedia_4_85506_1,final_outer_cv,C100_DIS,1.0,dispersed,13,6.816048608255469,largest_1mm_eroded_component,1933,10,10,11.019573751257
radiopaedia_4_85506_1,final_outer_cv,C100_DIS,1.0,dispersed,14,0.5411342580803395,largest_1mm_eroded_component,125,9,9,2.957789225689072
radiopaedia_4_85506_1,final_outer_cv,C100_DIS,1.0,dispersed,15,20.459361042550455,largest_1mm_eroded_component,6095,9,9,18.153432775989735
radiopaedia_4_85506_1,final_outer_cv,C100_DIS,1.0,dispersed,16,6.9618464394481,largest_1mm_eroded_component,2091,10,10,10.515390748629882
radiopaedia_4_85506_1,final_outer_cv,C100_DIS,1.0,dispersed,17,0.2411271823570425,largest_1mm_eroded_component,44,10,10,1.609549257522626
radiopaedia_4_85506_1,final_outer_cv,C100_DIS,1.0,dispersed,18,604.6067831291621,largest_1mm_eroded_component,198119,10,10,66.99122241690968
radiopaedia_4_85506_1,final_outer_cv,C100_DIS,1.0,dispersed,19,0.6364636092447518,largest_1mm_eroded_component,159,10,10,2.96148873272745
radiopaedia_4_85506_1,final_outer_cv,C100_DIS,1.0,dispersed,20,0.8383375293576245,largest_1mm_eroded_component,217,10,10,3.697123479054968
radiopaedia_4_85506_1,final_outer_cv,C100_DIS,1.0,dispersed,21,0.7878690493294064,largest_1mm_eroded_component,207,10,10,3.4485377003306694
radiopaedia_4_85506_1,final_outer_cv,C100_DIS,1.0,dispersed,22,8.055330173392827,largest_1mm_eroded_component,2383,10,10,11.917460348858127
radiopaedia_4_85506_1,final_outer_cv,C100_DIS,1.0,dispersed,23,2.52342400141091,largest_1mm_eroded_component,682,10,10,7.503756345552543
radiopaedia_4_85506_1,final_outer_cv,C100_DIS,1.0,dispersed,24,0.16822826676072733,largest_1mm_eroded_component,28,9,6,1.278867188209313
radiopaedia_4_85506_1,final_outer_cv,C100_DIS,1.0,dispersed,25,25.932387321166118,largest_1mm_eroded_component,8351,10,10,17.943298134954475
radiopaedia_4_85506_1,final_outer_cv,C100_DIS,1.0,dispersed,26,0.45702012469997594,largest_1mm_eroded_component,109,10,10,2.331550505227432
radiopaedia_4_85506_1,final_outer_cv,C100_DIS,1.0,dispersed,27,0.37570979576562435,largest_1mm_eroded_component,84,10,10,2.243626642859868
radiopaedia_4_85506_1,final_outer_cv,C100_DIS,1.0,dispersed,28,1.6570484275931643,largest_1mm_eroded_component,443,9,9,5.667381823350511
radiopaedia_4_85506_1,final_outer_cv,C100_DIS,1.0,dispersed,29,2.6411837881434193,largest_1mm_eroded_component,744,9,9,7.234254847334842
radiopaedia_4_85506_1,final_outer_cv,C100_DIS,1.0,dispersed,30,0.18505109343680007,full_component_fallback,66,10,10,1.915031739771716
radiopaedia_4_85506_1,final_outer_cv,C100_FRG,1.0,fragmented,1,464.8847961710399,largest_1mm_eroded_component,146200,10,3,0.6835939884185791
radiopaedia_4_85506_1,final_outer_cv,C100_FRG,1.0,fragmented,2,0.4289820802398547,largest_1mm_eroded_component,91,10,3,0.6835939884185791
radiopaedia_4_85506_1,final_outer_cv,C100_FRG,1.0,fragmented,3,4.564593638107735,largest_1mm_eroded_component,1286,10,3,0.6835939884185791
radiopaedia_4_85506_1,final_outer_cv,C100_FRG,1.0,fragmented,4,0.986939164996267,largest_1mm_eroded_component,236,10,3,0.6835939884185791
radiopaedia_4_85506_1,final_outer_cv,C100_FRG,1.0,fragmented,5,1.171990258433067,largest_1mm_eroded_component,292,10,3,0.6835939884185791
radiopaedia_4_85506_1,final_outer_cv,C100_FRG,1.0,fragmented,6,1.9458402855324128,largest_1mm_eroded_component,570,9,3,0.6835939884185791
radiopaedia_4_85506_1,final_outer_cv,C100_FRG,1.0,fragmented,7,1.2336739562453338,largest_1mm_eroded_component,340,10,3,0.6835939884185791
radiopaedia_4_85506_1,final_outer_cv,C100_FRG,1.0,fragmented,8,0.2775766401552001,largest_1mm_eroded_component,53,10,3,0.6835939884185791
radiopaedia_4_85506_1,final_outer_cv,C100_FRG,1.0,fragmented,9,1.3626489607618915,largest_1mm_eroded_component,380,10,3,0.6835939884185791
radiopaedia_4_85506_1,final_outer_cv,C100_FRG,1.0,fragmented,10,0.8243185071275639,largest_1mm_eroded_component,214,10,3,0.6835939884185791
radiopaedia_4_85506_1,final_outer_cv,C100_FRG,1.0,fragmented,11,2.001916374452655,largest_1mm_eroded_component,512,10,3,0.6835939884185791
radiopaedia_4_85506_1,final_outer_cv,C100_FRG,1.0,fragmented,12,0.5747799114324851,largest_1mm_eroded_component,139,10,3,0.6835939884185791
radiopaedia_4_85506_1,final_outer_cv,C100_FRG,1.0,fragmented,13,6.816048608255469,largest_1mm_eroded_component,1933,10,3,0.6835939884185791
radiopaedia_4_85506_1,final_outer_cv,C100_FRG,1.0,fragmented,14,0.5411342580803395,largest_1mm_eroded_component,125,9,3,0.6835939884185791
radiopaedia_4_85506_1,final_outer_cv,C100_FRG,1.0,fragmented,15,20.459361042550455,largest_1mm_eroded_component,6095,9,3,0.6835939884185791
radiopaedia_4_85506_1,final_outer_cv,C100_FRG,1.0,fragmented,16,6.9618464394481,largest_1mm_eroded_component,2091,10,3,0.6835939884185791
radiopaedia_4_85506_1,final_outer_cv,C100_FRG,1.0,fragmented,17,0.2411271823570425,largest_1mm_eroded_component,44,10,3,0.6835939884185791
radiopaedia_4_85506_1,final_outer_cv,C100_FRG,1.0,fragmented,18,604.6067831291621,largest_1mm_eroded_component,198119,10,3,0.6835939884185791
radiopaedia_4_85506_1,final_outer_cv,C100_FRG,1.0,fragmented,19,0.6364636092447518,largest_1mm_eroded_component,159,10,3,0.6835939884185791
radiopaedia_4_85506_1,final_outer_cv,C100_FRG,1.0,fragmented,20,0.8383375293576245,largest_1mm_eroded_component,217,10,3,0.6835939884185791
radiopaedia_4_85506_1,final_outer_cv,C100_FRG,1.0,fragmented,21,0.7878690493294064,largest_1mm_eroded_component,207,10,3,0.6835939884185791
radiopaedia_4_85506_1,final_outer_cv,C100_FRG,1.0,fragmented,22,8.055330173392827,largest_1mm_eroded_component,2383,10,3,0.6835939884185791
radiopaedia_4_85506_1,final_outer_cv,C100_FRG,1.0,fragmented,23,2.52342400141091,largest_1mm_eroded_component,682,10,3,0.6835939884185791
radiopaedia_4_85506_1,final_outer_cv,C100_FRG,1.0,fragmented,24,0.16822826676072733,largest_1mm_eroded_component,28,9,2,0.6835939884185791
radiopaedia_4_85506_1,final_outer_cv,C100_FRG,1.0,fragmented,25,25.932387321166118,largest_1mm_eroded_component,8351,10,3,0.6835939884185791
radiopaedia_4_85506_1,final_outer_cv,C100_FRG,1.0,fragmented,26,0.45702012469997594,largest_1mm_eroded_component,109,10,3,0.6835939884185791
radiopaedia_4_85506_1,final_outer_cv,C100_FRG,1.0,fragmented,27,0.37570979576562435,largest_1mm_eroded_component,84,10,3,0.6835939884185791
radiopaedia_4_85506_1,final_outer_cv,C100_FRG,1.0,fragmented,28,1.6570484275931643,largest_1mm_eroded_component,443,9,3,0.6835939884185791
radiopaedia_4_85506_1,final_outer_cv,C100_FRG,1.0,fragmented,29,2.6411837881434193,largest_1mm_eroded_component,744,9,3,0.6835939884185791
radiopaedia_4_85506_1,final_outer_cv,C100_FRG,1.0,fragmented,30,0.18505109343680007,full_component_fallback,66,10,3,0.6835939884185791
radiopaedia_4_85506_1,final_outer_cv,C50_COH,0.5,coherent,4,0.986939164996267,largest_1mm_eroded_component,236,20,1,0.6835939884185791
radiopaedia_4_85506_1,final_outer_cv,C50_COH,0.5,coherent,7,1.2336739562453338,largest_1mm_eroded_component,340,20,1,0.6835939884185791
radiopaedia_4_85506_1,final_outer_cv,C50_COH,0.5,coherent,9,1.3626489607618915,largest_1mm_eroded_component,380,19,1,0.6835939884185791
radiopaedia_4_85506_1,final_outer_cv,C50_COH,0.5,coherent,10,0.8243185071275639,largest_1mm_eroded_component,214,20,1,0.6835939884185791
radiopaedia_4_85506_1,final_outer_cv,C50_COH,0.5,coherent,11,2.001916374452655,largest_1mm_eroded_component,512,19,1,0.6984968253217209
radiopaedia_4_85506_1,final_outer_cv,C50_COH,0.5,coherent,12,0.5747799114324851,largest_1mm_eroded_component,139,20,1,0.6835939884185791
radiopaedia_4_85506_1,final_outer_cv,C50_COH,0.5,coherent,13,6.816048608255469,largest_1mm_eroded_component,1933,20,1,0.8247216325200742
radiopaedia_4_85506_1,final_outer_cv,C50_COH,0.5,coherent,17,0.2411271823570425,largest_1mm_eroded_component,44,20,1,0.6835939884185791
radiopaedia_4_85506_1,final_outer_cv,C50_COH,0.5,coherent,18,604.6067831291621,largest_1mm_eroded_component,198119,19,1,0.6835939884185791
radiopaedia_4_85506_1,final_outer_cv,C50_COH,0.5,coherent,20,0.8383375293576245,largest_1mm_eroded_component,217,20,1,0.6835939884185791
radiopaedia_4_85506_1,final_outer_cv,C50_COH,0.5,coherent,21,0.7878690493294064,largest_1mm_eroded_component,207,20,1,0.6835939884185791
radiopaedia_4_85506_1,final_outer_cv,C50_COH,0.5,coherent,22,8.055330173392827,largest_1mm_eroded_component,2383,20,1,0.6835939884185791
radiopaedia_4_85506_1,final_outer_cv,C50_COH,0.5,coherent,26,0.45702012469997594,largest_1mm_eroded_component,109,19,1,0.6835939884185791
radiopaedia_4_85506_1,final_outer_cv,C50_COH,0.5,coherent,27,0.37570979576562435,largest_1mm_eroded_component,84,19,1,0.6835939884185791
radiopaedia_4_85506_1,final_outer_cv,C50_COH,0.5,coherent,30,0.18505109343680007,full_component_fallback,66,19,1,0.6835939884185791
radiopaedia_4_85506_1,final_outer_cv,C50_DIS,0.5,dispersed,4,0.986939164996267,largest_1mm_eroded_component,236,20,18,2.7295641140612608
radiopaedia_4_85506_1,final_outer_cv,C50_DIS,0.5,dispersed,7,1.2336739562453338,largest_1mm_eroded_component,340,20,20,2.853296457056645
radiopaedia_4_85506_1,final_outer_cv,C50_DIS,0.5,dispersed,9,1.3626489607618915,largest_1mm_eroded_component,380,19,19,3.371387028101992
radiopaedia_4_85506_1,final_outer_cv,C50_DIS,0.5,dispersed,10,0.8243185071275639,largest_1mm_eroded_component,214,20,20,2.200366085124903
radiopaedia_4_85506_1,final_outer_cv,C50_DIS,0.5,dispersed,11,2.001916374452655,largest_1mm_eroded_component,512,19,19,4.431254227348178
radiopaedia_4_85506_1,final_outer_cv,C50_DIS,0.5,dispersed,12,0.5747799114324851,largest_1mm_eroded_component,139,20,20,1.8068415694888693
radiopaedia_4_85506_1,final_outer_cv,C50_DIS,0.5,dispersed,13,6.816048608255469,largest_1mm_eroded_component,1933,20,20,7.979896691657496
radiopaedia_4_85506_1,final_outer_cv,C50_DIS,0.5,dispersed,17,0.2411271823570425,largest_1mm_eroded_component,44,20,7,0.9978245528336087
radiopaedia_4_85506_1,final_outer_cv,C50_DIS,0.5,dispersed,18,604.6067831291621,largest_1mm_eroded_component,198119,19,19,49.57195200721678
radiopaedia_4_85506_1,final_outer_cv,C50_DIS,0.5,dispersed,20,0.8383375293576245,largest_1mm_eroded_component,217,20,20,2.28245099644903
radiopaedia_4_85506_1,final_outer_cv,C50_DIS,0.5,dispersed,21,0.7878690493294064,largest_1mm_eroded_component,207,20,20,2.2291791569791397
radiopaedia_4_85506_1,final_outer_cv,C50_DIS,0.5,dispersed,22,8.055330173392827,largest_1mm_eroded_component,2383,20,20,8.60728593339475
radiopaedia_4_85506_1,final_outer_cv,C50_DIS,0.5,dispersed,26,0.45702012469997594,largest_1mm_eroded_component,109,19,19,1.5952101398601812
radiopaedia_4_85506_1,final_outer_cv,C50_DIS,0.5,dispersed,27,0.37570979576562435,largest_1mm_eroded_component,84,19,19,1.5152514334780318
radiopaedia_4_85506_1,final_outer_cv,C50_DIS,0.5,dispersed,30,0.18505109343680007,full_component_fallback,66,19,15,1.3132423765705536
radiopaedia_4_85506_1,final_outer_cv,C50_FRG,0.5,fragmented,4,0.986939164996267,largest_1mm_eroded_component,236,20,3,0.6835939884185791
radiopaedia_4_85506_1,final_outer_cv,C50_FRG,0.5,fragmented,7,1.2336739562453338,largest_1mm_eroded_component,340,20,3,0.6835939884185791
radiopaedia_4_85506_1,final_outer_cv,C50_FRG,0.5,fragmented,9,1.3626489607618915,largest_1mm_eroded_component,380,19,3,0.6835939884185791
radiopaedia_4_85506_1,final_outer_cv,C50_FRG,0.5,fragmented,10,0.8243185071275639,largest_1mm_eroded_component,214,20,3,0.6835939884185791
radiopaedia_4_85506_1,final_outer_cv,C50_FRG,0.5,fragmented,11,2.001916374452655,largest_1mm_eroded_component,512,19,3,0.6835939884185791
radiopaedia_4_85506_1,final_outer_cv,C50_FRG,0.5,fragmented,12,0.5747799114324851,largest_1mm_eroded_component,139,20,3,0.6835939884185791
radiopaedia_4_85506_1,final_outer_cv,C50_FRG,0.5,fragmented,13,6.816048608255469,largest_1mm_eroded_component,1933,20,3,0.6835939884185791
radiopaedia_4_85506_1,final_outer_cv,C50_FRG,0.5,fragmented,17,0.2411271823570425,largest_1mm_eroded_component,44,20,3,0.6835939884185791
radiopaedia_4_85506_1,final_outer_cv,C50_FRG,0.5,fragmented,18,604.6067831291621,largest_1mm_eroded_component,198119,19,3,0.6835939884185791
radiopaedia_4_85506_1,final_outer_cv,C50_FRG,0.5,fragmented,20,0.8383375293576245,largest_1mm_eroded_component,217,20,3,0.6835939884185791
radiopaedia_4_85506_1,final_outer_cv,C50_FRG,0.5,fragmented,21,0.7878690493294064,largest_1mm_eroded_component,207,20,3,0.6835939884185791
radiopaedia_4_85506_1,final_outer_cv,C50_FRG,0.5,fragmented,22,8.055330173392827,largest_1mm_eroded_component,2383,20,3,0.6835939884185791
radiopaedia_4_85506_1,final_outer_cv,C50_FRG,0.5,fragmented,26,0.45702012469997594,largest_1mm_eroded_component,109,19,3,0.6835939884185791
radiopaedia_4_85506_1,final_outer_cv,C50_FRG,0.5,fragmented,27,0.37570979576562435,largest_1mm_eroded_component,84,19,3,0.6835939884185791
radiopaedia_4_85506_1,final_outer_cv,C50_FRG,0.5,fragmented,30,0.18505109343680007,full_component_fallback,66,19,3,0.6835939884185791
radiopaedia_7_85703_0,final_outer_cv,C100_COH,1.0,coherent,1,809.9349903195217,largest_1mm_eroded_component,265952,10,1,0.6835939884185791
radiopaedia_7_85703_0,final_outer_cv,C100_COH,1.0,coherent,2,2.2626701879317825,largest_1mm_eroded_component,553,10,1,0.6835939884185791
radiopaedia_7_85703_0,final_outer_cv,C100_COH,1.0,coherent,3,0.7934766582214305,largest_1mm_eroded_component,205,10,1,0.7119093785345483
radiopaedia_7_85703_0,final_outer_cv,C100_COH,1.0,coherent,4,259.20050581603664,largest_1mm_eroded_component,81521,10,1,0.7119093785345483
radiopaedia_7_85703_0,final_outer_cv,C100_DIS,1.0,dispersed,1,809.9349903195217,largest_1mm_eroded_component,265952,10,10,78.44678634219079
radiopaedia_7_85703_0,final_outer_cv,C100_DIS,1.0,dispersed,2,2.2626701879317825,largest_1mm_eroded_component,553,10,10,6.832797475782906
radiopaedia_7_85703_0,final_outer_cv,C100_DIS,1.0,dispersed,3,0.7934766582214305,largest_1mm_eroded_component,205,10,10,3.6518977155544343
radiopaedia_7_85703_0,final_outer_cv,C100_DIS,1.0,dispersed,4,259.20050581603664,largest_1mm_eroded_component,81521,10,10,51.0689760408409
radiopaedia_7_85703_0,final_outer_cv,C100_FRG,1.0,fragmented,1,809.9349903195217,largest_1mm_eroded_component,265952,10,3,0.6835939884185791
radiopaedia_7_85703_0,final_outer_cv,C100_FRG,1.0,fragmented,2,2.2626701879317825,largest_1mm_eroded_component,553,10,3,0.6835939884185791
radiopaedia_7_85703_0,final_outer_cv,C100_FRG,1.0,fragmented,3,0.7934766582214305,largest_1mm_eroded_component,205,10,3,0.6835939884185791
radiopaedia_7_85703_0,final_outer_cv,C100_FRG,1.0,fragmented,4,259.20050581603664,largest_1mm_eroded_component,81521,10,3,0.6835939884185791
radiopaedia_7_85703_0,final_outer_cv,C50_COH,0.5,coherent,2,2.2626701879317825,largest_1mm_eroded_component,553,20,1,0.6835939884185791
radiopaedia_7_85703_0,final_outer_cv,C50_COH,0.5,coherent,4,259.20050581603664,largest_1mm_eroded_component,81521,20,1,0.9674412054404439
radiopaedia_7_85703_0,final_outer_cv,C50_DIS,0.5,dispersed,2,2.2626701879317825,largest_1mm_eroded_component,553,20,20,4.699118858091728
radiopaedia_7_85703_0,final_outer_cv,C50_DIS,0.5,dispersed,4,259.20050581603664,largest_1mm_eroded_component,81521,20,20,34.764426205484924
radiopaedia_7_85703_0,final_outer_cv,C50_FRG,0.5,fragmented,2,2.2626701879317825,largest_1mm_eroded_component,553,20,3,0.6835939884185791
radiopaedia_7_85703_0,final_outer_cv,C50_FRG,0.5,fragmented,4,259.20050581603664,largest_1mm_eroded_component,81521,20,3,0.6835939884185791
