condition,seed,case_id,source_subject_key,outer_fold,primary_R_at_1_threshold,eligible_lesion_index,lesion_volume_ml,size_stratum,matched_at_primary_iou
C50_COH,17,coronacases_001,coronacases_001,3,1.000001,0,88.66125,large,False
C50_COH,17,coronacases_001,coronacases_001,3,1.000001,1,191.09924999999998,large,False
C50_COH,17,coronacases_001,coronacases_001,3,1.000001,2,0.38475,small,False
C50_COH,17,coronacases_001,coronacases_001,3,1.000001,3,0.69525,medium,False
C50_COH,17,coronacases_001,coronacases_001,3,1.000001,4,12.84525,large,False
C50_COH,17,coronacases_001,coronacases_001,3,1.000001,5,0.20925,small,False
C50_COH,17,coronacases_001,coronacases_001,3,1.000001,6,0.108,small,False
C50_COH,17,coronacases_001,coronacases_001,3,1.000001,7,19.1565,large,False
C50_COH,17,coronacases_001,coronacases_001,3,1.000001,8,0.1215,small,False
C50_COH,17,coronacases_001,coronacases_001,3,1.000001,9,0.41175,small,False
C50_COH,17,coronacases_001,coronacases_001,3,1.000001,10,0.45225,small,False
C50_COH,17,coronacases_001,coronacases_001,3,1.000001,11,1.19475,medium,False
C50_COH,17,coronacases_001,coronacases_001,3,1.000001,12,0.33075,small,False
C50_COH,17,coronacases_001,coronacases_001,3,1.000001,13,0.16875,small,False
C50_COH,17,coronacases_001,coronacases_001,3,1.000001,14,0.2565,small,False
C50_COH,17,coronacases_001,coronacases_001,3,1.000001,15,0.43875,small,False
C50_COH,17,coronacases_001,coronacases_001,3,1.000001,16,0.918,medium,False
C50_COH,17,coronacases_001,coronacases_001,3,1.000001,17,6.3382499999999995,large,False
C50_COH,17,coronacases_001,coronacases_001,3,1.000001,18,1.32975,medium,False
C50_COH,17,coronacases_001,coronacases_001,3,1.000001,19,0.14175,small,False
C50_COH,17,coronacases_001,coronacases_001,3,1.000001,20,0.27675,small,False
C50_COH,17,coronacases_001,coronacases_001,3,1.000001,21,0.14175,small,False
C50_COH,17,coronacases_001,coronacases_001,3,1.000001,22,0.162,small,False
C50_COH,17,coronacases_001,coronacases_001,3,1.000001,23,31.104,large,False
C50_COH,17,coronacases_001,coronacases_001,3,1.000001,24,5.1907499999999995,large,False
C50_COH,17,coronacases_001,coronacases_001,3,1.000001,25,0.135,small,False
C50_COH,17,coronacases_001,coronacases_001,3,1.000001,26,5.50125,large,False
C50_COH,17,coronacases_001,coronacases_001,3,1.000001,27,34.425,large,False
C50_COH,17,coronacases_001,coronacases_001,3,1.000001,28,0.2565,small,False
C50_COH,17,coronacases_001,coronacases_001,3,1.000001,29,0.3105,small,False
C50_COH,17,coronacases_001,coronacases_001,3,1.000001,30,0.10124999999999999,small,False
C50_COH,17,coronacases_001,coronacases_001,3,1.000001,31,0.108,small,False
C50_COH,17,coronacases_001,coronacases_001,3,1.000001,32,0.135,small,False
C50_COH,17,coronacases_001,coronacases_001,3,1.000001,33,0.11475,small,False
C50_COH,17,coronacases_001,coronacases_001,3,1.000001,34,2.55825,medium,False
C50_COH,17,coronacases_001,coronacases_001,3,1.000001,35,0.3645,small,False
C50_COH,17,coronacases_001,coronacases_001,3,1.000001,36,7.344,large,False
C50_COH,17,coronacases_001,coronacases_001,3,1.000001,37,1.755,medium,False
C50_COH,17,coronacases_001,coronacases_001,3,1.000001,38,0.1485,small,False
C50_COH,17,coronacases_001,coronacases_001,3,1.000001,39,2.3625,medium,False
C50_COH,17,coronacases_001,coronacases_001,3,1.000001,40,0.41175,small,False
C50_COH,17,coronacases_001,coronacases_001,3,1.000001,41,0.26325,small,False
C50_COH,17,coronacases_001,coronacases_001,3,1.000001,42,0.19575,small,False
C50_COH,17,coronacases_001,coronacases_001,3,1.000001,43,1.92375,medium,False
C50_COH,17,coronacases_002,coronacases_002,0,1.000001,0,21.384,large,False
C50_COH,17,coronacases_002,coronacases_002,0,1.000001,1,2.63925,medium,False
C50_COH,17,coronacases_002,coronacases_002,0,1.000001,2,0.378,small,False
C50_COH,17,coronacases_002,coronacases_002,0,1.000001,3,28.3365,large,False
C50_COH,17,coronacases_002,coronacases_002,0,1.000001,4,0.1215,small,False
C50_COH,17,coronacases_002,coronacases_002,0,1.000001,5,24.084,large,False
C50_COH,17,coronacases_002,coronacases_002,0,1.000001,6,4.97475,large,False
C50_COH,17,coronacases_002,coronacases_002,0,1.000001,7,0.76275,medium,False
C50_COH,17,coronacases_002,coronacases_002,0,1.000001,8,15.47775,large,False
C50_COH,17,coronacases_002,coronacases_002,0,1.000001,9,0.999,medium,False
C50_COH,17,coronacases_002,coronacases_002,0,1.000001,10,5.28525,large,False
C50_COH,17,coronacases_002,coronacases_002,0,1.000001,11,0.3645,small,False
C50_COH,17,coronacases_002,coronacases_002,0,1.000001,12,0.31725,small,False
C50_COH,17,coronacases_002,coronacases_002,0,1.000001,13,0.918,medium,False
C50_COH,17,coronacases_002,coronacases_002,0,1.000001,14,3.699,large,False
C50_COH,17,coronacases_002,coronacases_002,0,1.000001,15,22.68,large,False
C50_COH,17,coronacases_002,coronacases_002,0,1.000001,16,0.486,medium,False
C50_COH,17,coronacases_002,coronacases_002,0,1.000001,17,16.6995,large,False
C50_COH,17,coronacases_002,coronacases_002,0,1.000001,18,3.3075,large,False
C50_COH,17,coronacases_002,coronacases_002,0,1.000001,19,0.1215,small,False
C50_COH,17,coronacases_002,coronacases_002,0,1.000001,20,28.538999999999998,large,False
C50_COH,17,coronacases_002,coronacases_002,0,1.000001,21,1.86975,medium,False
C50_COH,17,coronacases_002,coronacases_002,0,1.000001,22,4.32,large,False
C50_COH,17,coronacases_002,coronacases_002,0,1.000001,23,0.8099999999999999,medium,False
C50_COH,17,coronacases_002,coronacases_002,0,1.000001,24,1.917,medium,False
C50_COH,17,coronacases_002,coronacases_002,0,1.000001,25,0.27,small,False
C50_COH,17,coronacases_003,coronacases_003,3,1.000001,0,499.77,large,False
C50_COH,17,coronacases_003,coronacases_003,3,1.000001,1,495.7875,large,False
C50_COH,17,coronacases_003,coronacases_003,3,1.000001,2,6.642,large,False
C50_COH,17,coronacases_003,coronacases_003,3,1.000001,3,0.47925,medium,False
C50_COH,17,coronacases_003,coronacases_003,3,1.000001,4,1.8495,medium,False
C50_COH,17,coronacases_003,coronacases_003,3,1.000001,5,0.11475,small,False
C50_COH,17,coronacases_003,coronacases_003,3,1.000001,6,0.432,small,False
C50_COH,17,coronacases_003,coronacases_003,3,1.000001,7,0.29025,small,False
C50_COH,17,coronacases_003,coronacases_003,3,1.000001,8,0.12825,small,False
C50_COH,17,coronacases_003,coronacases_003,3,1.000001,9,0.12825,small,False
C50_COH,17,coronacases_003,coronacases_003,3,1.000001,10,0.20925,small,False
C50_COH,17,coronacases_003,coronacases_003,3,1.000001,11,2.727,medium,False
C50_COH,17,coronacases_003,coronacases_003,3,1.000001,12,0.6345,medium,False
C50_COH,17,coronacases_003,coronacases_003,3,1.000001,13,0.5265,medium,False
C50_COH,17,coronacases_003,coronacases_003,3,1.000001,14,0.189,small,False
C50_COH,17,coronacases_003,coronacases_003,3,1.000001,15,0.9855,medium,False
C50_COH,17,coronacases_003,coronacases_003,3,1.000001,16,0.243,small,False
C50_COH,17,coronacases_003,coronacases_003,3,1.000001,17,0.47925,medium,False
C50_COH,17,coronacases_003,coronacases_003,3,1.000001,18,0.16875,small,False
C50_COH,17,coronacases_003,coronacases_003,3,1.000001,19,0.24975,small,False
C50_COH,17,coronacases_003,coronacases_003,3,1.000001,20,0.4185,small,False
C50_COH,17,coronacases_003,coronacases_003,3,1.000001,21,2.35575,medium,False
C50_COH,17,coronacases_003,coronacases_003,3,1.000001,22,0.297,small,False
C50_COH,17,coronacases_003,coronacases_003,3,1.000001,23,0.2295,small,False
C50_COH,17,coronacases_003,coronacases_003,3,1.000001,24,0.2835,small,False
C50_COH,17,coronacases_003,coronacases_003,3,1.000001,25,0.76275,medium,False
C50_COH,17,coronacases_003,coronacases_003,3,1.000001,26,0.10124999999999999,small,False
C50_COH,17,coronacases_003,coronacases_003,3,1.000001,27,1.5255,medium,False
C50_COH,17,coronacases_003,coronacases_003,3,1.000001,28,2.54475,medium,False
C50_COH,17,coronacases_003,coronacases_003,3,1.000001,29,0.945,medium,False
C50_COH,17,coronacases_003,coronacases_003,3,1.000001,30,0.3375,small,False
C50_COH,17,coronacases_003,coronacases_003,3,1.000001,31,2.7675,medium,False
C50_COH,17,coronacases_003,coronacases_003,3,1.000001,32,7.66125,large,False
C50_COH,17,coronacases_003,coronacases_003,3,1.000001,33,2.862,large,False
C50_COH,17,coronacases_003,coronacases_003,3,1.000001,34,1.674,medium,False
C50_COH,17,coronacases_003,coronacases_003,3,1.000001,35,0.189,small,False
C50_COH,17,coronacases_005,coronacases_005,0,1.000001,0,79.353,large,False
C50_COH,17,coronacases_005,coronacases_005,0,1.000001,1,2.51775,medium,False
C50_COH,17,coronacases_006,coronacases_006,2,1.000001,0,129.60675,large,False
C50_COH,17,coronacases_007,coronacases_007,2,1.000001,0,0.1485,small,False
C50_COH,17,coronacases_007,coronacases_007,2,1.000001,1,64.3275,large,False
C50_COH,17,coronacases_007,coronacases_007,2,1.000001,2,0.42525,small,False
C50_COH,17,coronacases_007,coronacases_007,2,1.000001,3,0.43875,small,False
C50_COH,17,coronacases_007,coronacases_007,2,1.000001,4,23.598,large,False
C50_COH,17,coronacases_007,coronacases_007,2,1.000001,5,1.53225,medium,False
C50_COH,17,coronacases_007,coronacases_007,2,1.000001,6,0.7965,medium,False
C50_COH,17,coronacases_009,coronacases_009,3,1.000001,0,1.1475,medium,False
C50_COH,17,coronacases_009,coronacases_009,3,1.000001,1,0.41175,small,False
C50_COH,17,coronacases_009,coronacases_009,3,1.000001,2,0.135,small,False
C50_COH,17,coronacases_009,coronacases_009,3,1.000001,3,73.764,large,False
C50_COH,17,coronacases_009,coronacases_009,3,1.000001,4,0.64125,medium,False
C50_COH,17,coronacases_009,coronacases_009,3,1.000001,5,0.6345,medium,False
C50_COH,17,coronacases_009,coronacases_009,3,1.000001,6,0.162,small,False
C50_COH,17,coronacases_009,coronacases_009,3,1.000001,7,27.54,large,False
C50_COH,17,coronacases_010,coronacases_010,1,1.000001,0,211.33575,large,False
C50_COH,17,coronacases_010,coronacases_010,1,1.000001,1,187.0695,large,False
C50_COH,17,coronacases_010,coronacases_010,1,1.000001,2,2.03175,medium,False
C50_COH,17,coronacases_010,coronacases_010,1,1.000001,3,0.62775,medium,False
C50_COH,17,coronacases_010,coronacases_010,1,1.000001,4,0.45225,small,False
C50_COH,17,coronacases_010,coronacases_010,1,1.000001,5,0.77625,medium,False
C50_COH,17,radiopaedia_10_85902_1,radiopaedia_case_10,1,1.000001,0,158.976,large,False
C50_COH,17,radiopaedia_10_85902_1,radiopaedia_case_10,1,1.000001,1,1.3094999999999999,medium,False
C50_COH,17,radiopaedia_10_85902_3,radiopaedia_case_10,1,1.000001,0,262.51425,large,False
C50_COH,17,radiopaedia_10_85902_3,radiopaedia_case_10,1,1.000001,1,1.77525,medium,False
C50_COH,17,radiopaedia_29_86490_1,radiopaedia_case_29,0,1.000001,0,0.324,small,False
C50_COH,17,radiopaedia_29_86490_1,radiopaedia_case_29,0,1.000001,1,0.1755,small,False
C50_COH,17,radiopaedia_29_86491_1,radiopaedia_case_29,0,1.000001,0,14.013,large,False
C50_COH,17,radiopaedia_29_86491_1,radiopaedia_case_29,0,1.000001,1,36.2475,large,False
C50_COH,17,radiopaedia_29_86491_1,radiopaedia_case_29,0,1.000001,2,0.4995,medium,False
C50_COH,17,radiopaedia_36_86526_0,radiopaedia_case_36,2,1.000001,0,3.726,large,False
C50_COH,17,radiopaedia_36_86526_0,radiopaedia_case_36,2,1.000001,1,3.96225,large,False
C50_COH,17,radiopaedia_36_86526_0,radiopaedia_case_36,2,1.000001,2,4.617,large,False
C50_COH,17,radiopaedia_36_86526_0,radiopaedia_case_36,2,1.000001,3,1.026,medium,False
C50_COH,17,radiopaedia_36_86526_0,radiopaedia_case_36,2,1.000001,4,5.832,large,False
C50_COH,17,radiopaedia_36_86526_0,radiopaedia_case_36,2,1.000001,5,0.4185,small,False
C50_COH,17,radiopaedia_36_86526_0,radiopaedia_case_36,2,1.000001,6,2.6595,medium,False
C50_COH,17,radiopaedia_36_86526_0,radiopaedia_case_36,2,1.000001,7,0.972,medium,False
C50_COH,17,radiopaedia_36_86526_0,radiopaedia_case_36,2,1.000001,8,2.187,medium,False
C50_COH,17,radiopaedia_36_86526_0,radiopaedia_case_36,2,1.000001,9,6.1695,large,False
C50_COH,17,radiopaedia_36_86526_0,radiopaedia_case_36,2,1.000001,10,1.593,medium,False
C50_COH,17,radiopaedia_36_86526_0,radiopaedia_case_36,2,1.000001,11,4.7115,large,False
C50_COH,17,radiopaedia_36_86526_0,radiopaedia_case_36,2,1.000001,12,0.4725,small,False
C50_COH,17,radiopaedia_36_86526_0,radiopaedia_case_36,2,1.000001,13,9.504,large,False
C50_COH,17,radiopaedia_36_86526_0,radiopaedia_case_36,2,1.000001,14,3.564,large,False
C50_COH,17,radiopaedia_36_86526_0,radiopaedia_case_36,2,1.000001,15,8.829,large,False
C50_COH,17,radiopaedia_36_86526_0,radiopaedia_case_36,2,1.000001,16,35.802,large,False
C50_COH,17,radiopaedia_36_86526_0,radiopaedia_case_36,2,1.000001,17,10.0035,large,False
C50_COH,17,radiopaedia_36_86526_0,radiopaedia_case_36,2,1.000001,18,0.675,medium,False
C50_COH,17,radiopaedia_36_86526_0,radiopaedia_case_36,2,1.000001,19,27.1755,large,False
C50_COH,17,radiopaedia_36_86526_0,radiopaedia_case_36,2,1.000001,20,7.587,large,False
C50_COH,17,radiopaedia_36_86526_0,radiopaedia_case_36,2,1.000001,21,8.856,large,False
C50_COH,17,radiopaedia_36_86526_0,radiopaedia_case_36,2,1.000001,22,4.0635,large,False
C50_COH,17,radiopaedia_36_86526_0,radiopaedia_case_36,2,1.000001,23,0.675,medium,False
C50_COH,17,radiopaedia_36_86526_0,radiopaedia_case_36,2,1.000001,24,12.3525,large,False
C50_COH,17,radiopaedia_36_86526_0,radiopaedia_case_36,2,1.000001,25,1.6335,medium,False
C50_COH,17,radiopaedia_36_86526_0,radiopaedia_case_36,2,1.000001,26,0.702,medium,False
C50_COH,17,radiopaedia_36_86526_0,radiopaedia_case_36,2,1.000001,27,11.232,large,False
C50_COH,17,radiopaedia_36_86526_0,radiopaedia_case_36,2,1.000001,28,0.4725,small,False
C50_COH,17,radiopaedia_36_86526_0,radiopaedia_case_36,2,1.000001,29,4.806,large,False
C50_COH,17,radiopaedia_36_86526_0,radiopaedia_case_36,2,1.000001,30,0.1485,small,False
C50_COH,17,radiopaedia_40_86625_0,radiopaedia_case_40,3,1.000001,0,1371.2962499999999,large,False
C50_COH,17,radiopaedia_40_86625_0,radiopaedia_case_40,3,1.000001,1,1492.6612499999999,large,False
C50_COH,17,radiopaedia_40_86625_0,radiopaedia_case_40,3,1.000001,2,9.207,large,False
C50_COH,17,radiopaedia_40_86625_0,radiopaedia_case_40,3,1.000001,3,0.64125,medium,False
C50_COH,17,radiopaedia_40_86625_0,radiopaedia_case_40,3,1.000001,4,0.35775,small,False
C50_COH,17,radiopaedia_40_86625_0,radiopaedia_case_40,3,1.000001,5,0.22275,small,False
C50_COH,17,radiopaedia_40_86625_0,radiopaedia_case_40,3,1.000001,6,0.108,small,False
C50_COH,17,radiopaedia_40_86625_0,radiopaedia_case_40,3,1.000001,7,0.5535,medium,False
C50_COH,17,radiopaedia_40_86625_0,radiopaedia_case_40,3,1.000001,8,3.23325,large,False
C50_COH,17,radiopaedia_4_85506_1,radiopaedia_case_4,1,1.000001,0,464.71049999999997,large,False
C50_COH,17,radiopaedia_4_85506_1,radiopaedia_case_4,1,1.000001,1,606.9195,large,False
C50_COH,17,radiopaedia_4_85506_1,radiopaedia_case_4,1,1.000001,2,20.2635,large,False
C50_COH,17,radiopaedia_4_85506_1,radiopaedia_case_4,1,1.000001,3,0.135,small,False
C50_COH,17,radiopaedia_4_85506_1,radiopaedia_case_4,1,1.000001,4,0.5805,medium,False
C50_COH,17,radiopaedia_4_85506_1,radiopaedia_case_4,1,1.000001,5,6.8985,large,False
C50_COH,17,radiopaedia_4_85506_1,radiopaedia_case_4,1,1.000001,6,1.3094999999999999,medium,False
C50_COH,17,radiopaedia_4_85506_1,radiopaedia_case_4,1,1.000001,7,2.6325,medium,False
C50_COH,17,radiopaedia_4_85506_1,radiopaedia_case_4,1,1.000001,8,0.4455,small,False
C50_COH,17,radiopaedia_4_85506_1,radiopaedia_case_4,1,1.000001,9,0.2565,small,False
C50_COH,17,radiopaedia_4_85506_1,radiopaedia_case_4,1,1.000001,10,0.2835,small,False
C50_COH,17,radiopaedia_4_85506_1,radiopaedia_case_4,1,1.000001,11,1.9575,medium,False
C50_COH,17,radiopaedia_4_85506_1,radiopaedia_case_4,1,1.000001,12,4.671,large,False
C50_COH,17,radiopaedia_4_85506_1,radiopaedia_case_4,1,1.000001,13,1.9845,medium,False
C50_COH,17,radiopaedia_4_85506_1,radiopaedia_case_4,1,1.000001,14,8.046,large,False
C50_COH,17,radiopaedia_4_85506_1,radiopaedia_case_4,1,1.000001,15,0.567,medium,False
C50_COH,17,radiopaedia_4_85506_1,radiopaedia_case_4,1,1.000001,16,6.8985,large,False
C50_COH,17,radiopaedia_4_85506_1,radiopaedia_case_4,1,1.000001,17,0.378,small,False
C50_COH,17,radiopaedia_4_85506_1,radiopaedia_case_4,1,1.000001,18,0.7965,medium,False
C50_COH,17,radiopaedia_4_85506_1,radiopaedia_case_4,1,1.000001,19,25.7985,large,False
C50_COH,17,radiopaedia_4_85506_1,radiopaedia_case_4,1,1.000001,20,0.162,small,False
C50_COH,17,radiopaedia_4_85506_1,radiopaedia_case_4,1,1.000001,21,0.8099999999999999,medium,False
C50_COH,17,radiopaedia_4_85506_1,radiopaedia_case_4,1,1.000001,22,1.0395,medium,False
C50_COH,17,radiopaedia_4_85506_1,radiopaedia_case_4,1,1.000001,23,1.161,medium,False
C50_COH,17,radiopaedia_4_85506_1,radiopaedia_case_4,1,1.000001,24,0.8099999999999999,medium,False
C50_COH,17,radiopaedia_4_85506_1,radiopaedia_case_4,1,1.000001,25,0.567,medium,False
C50_COH,17,radiopaedia_4_85506_1,radiopaedia_case_4,1,1.000001,26,1.2015,medium,False
C50_COH,17,radiopaedia_4_85506_1,radiopaedia_case_4,1,1.000001,27,0.4455,small,False
C50_COH,17,radiopaedia_4_85506_1,radiopaedia_case_4,1,1.000001,28,2.6055,medium,False
C50_COH,17,radiopaedia_7_85703_0,radiopaedia_case_7,2,1.000001,0,810.1485,large,False
C50_COH,17,radiopaedia_7_85703_0,radiopaedia_case_7,2,1.000001,1,258.255,large,False
C50_COH,17,radiopaedia_7_85703_0,radiopaedia_case_7,2,1.000001,2,0.7965,medium,False
C50_COH,17,radiopaedia_7_85703_0,radiopaedia_case_7,2,1.000001,3,2.268,medium,False
C50_COH,29,coronacases_001,coronacases_001,3,1.000001,0,88.66125,large,False
C50_COH,29,coronacases_001,coronacases_001,3,1.000001,1,191.09924999999998,large,False
C50_COH,29,coronacases_001,coronacases_001,3,1.000001,2,0.38475,small,False
C50_COH,29,coronacases_001,coronacases_001,3,1.000001,3,0.69525,medium,False
C50_COH,29,coronacases_001,coronacases_001,3,1.000001,4,12.84525,large,False
C50_COH,29,coronacases_001,coronacases_001,3,1.000001,5,0.20925,small,False
C50_COH,29,coronacases_001,coronacases_001,3,1.000001,6,0.108,small,False
C50_COH,29,coronacases_001,coronacases_001,3,1.000001,7,19.1565,large,False
C50_COH,29,coronacases_001,coronacases_001,3,1.000001,8,0.1215,small,False
C50_COH,29,coronacases_001,coronacases_001,3,1.000001,9,0.41175,small,False
C50_COH,29,coronacases_001,coronacases_001,3,1.000001,10,0.45225,small,False
C50_COH,29,coronacases_001,coronacases_001,3,1.000001,11,1.19475,medium,False
C50_COH,29,coronacases_001,coronacases_001,3,1.000001,12,0.33075,small,False
C50_COH,29,coronacases_001,coronacases_001,3,1.000001,13,0.16875,small,False
C50_COH,29,coronacases_001,coronacases_001,3,1.000001,14,0.2565,small,False
C50_COH,29,coronacases_001,coronacases_001,3,1.000001,15,0.43875,small,False
C50_COH,29,coronacases_001,coronacases_001,3,1.000001,16,0.918,medium,False
C50_COH,29,coronacases_001,coronacases_001,3,1.000001,17,6.3382499999999995,large,False
C50_COH,29,coronacases_001,coronacases_001,3,1.000001,18,1.32975,medium,False
C50_COH,29,coronacases_001,coronacases_001,3,1.000001,19,0.14175,small,False
C50_COH,29,coronacases_001,coronacases_001,3,1.000001,20,0.27675,small,False
C50_COH,29,coronacases_001,coronacases_001,3,1.000001,21,0.14175,small,False
C50_COH,29,coronacases_001,coronacases_001,3,1.000001,22,0.162,small,False
C50_COH,29,coronacases_001,coronacases_001,3,1.000001,23,31.104,large,False
C50_COH,29,coronacases_001,coronacases_001,3,1.000001,24,5.1907499999999995,large,False
C50_COH,29,coronacases_001,coronacases_001,3,1.000001,25,0.135,small,False
C50_COH,29,coronacases_001,coronacases_001,3,1.000001,26,5.50125,large,False
C50_COH,29,coronacases_001,coronacases_001,3,1.000001,27,34.425,large,False
C50_COH,29,coronacases_001,coronacases_001,3,1.000001,28,0.2565,small,False
C50_COH,29,coronacases_001,coronacases_001,3,1.000001,29,0.3105,small,False
C50_COH,29,coronacases_001,coronacases_001,3,1.000001,30,0.10124999999999999,small,False
C50_COH,29,coronacases_001,coronacases_001,3,1.000001,31,0.108,small,False
C50_COH,29,coronacases_001,coronacases_001,3,1.000001,32,0.135,small,False
C50_COH,29,coronacases_001,coronacases_001,3,1.000001,33,0.11475,small,False
C50_COH,29,coronacases_001,coronacases_001,3,1.000001,34,2.55825,medium,False
C50_COH,29,coronacases_001,coronacases_001,3,1.000001,35,0.3645,small,False
C50_COH,29,coronacases_001,coronacases_001,3,1.000001,36,7.344,large,False
C50_COH,29,coronacases_001,coronacases_001,3,1.000001,37,1.755,medium,False
C50_COH,29,coronacases_001,coronacases_001,3,1.000001,38,0.1485,small,False
C50_COH,29,coronacases_001,coronacases_001,3,1.000001,39,2.3625,medium,False
C50_COH,29,coronacases_001,coronacases_001,3,1.000001,40,0.41175,small,False
C50_COH,29,coronacases_001,coronacases_001,3,1.000001,41,0.26325,small,False
C50_COH,29,coronacases_001,coronacases_001,3,1.000001,42,0.19575,small,False
C50_COH,29,coronacases_001,coronacases_001,3,1.000001,43,1.92375,medium,False
C50_COH,29,coronacases_002,coronacases_002,0,1.000001,0,21.384,large,False
C50_COH,29,coronacases_002,coronacases_002,0,1.000001,1,2.63925,medium,False
C50_COH,29,coronacases_002,coronacases_002,0,1.000001,2,0.378,small,False
C50_COH,29,coronacases_002,coronacases_002,0,1.000001,3,28.3365,large,False
C50_COH,29,coronacases_002,coronacases_002,0,1.000001,4,0.1215,small,False
C50_COH,29,coronacases_002,coronacases_002,0,1.000001,5,24.084,large,False
C50_COH,29,coronacases_002,coronacases_002,0,1.000001,6,4.97475,large,False
C50_COH,29,coronacases_002,coronacases_002,0,1.000001,7,0.76275,medium,False
C50_COH,29,coronacases_002,coronacases_002,0,1.000001,8,15.47775,large,False
C50_COH,29,coronacases_002,coronacases_002,0,1.000001,9,0.999,medium,False
C50_COH,29,coronacases_002,coronacases_002,0,1.000001,10,5.28525,large,False
C50_COH,29,coronacases_002,coronacases_002,0,1.000001,11,0.3645,small,False
C50_COH,29,coronacases_002,coronacases_002,0,1.000001,12,0.31725,small,False
C50_COH,29,coronacases_002,coronacases_002,0,1.000001,13,0.918,medium,False
C50_COH,29,coronacases_002,coronacases_002,0,1.000001,14,3.699,large,False
C50_COH,29,coronacases_002,coronacases_002,0,1.000001,15,22.68,large,False
C50_COH,29,coronacases_002,coronacases_002,0,1.000001,16,0.486,medium,False
C50_COH,29,coronacases_002,coronacases_002,0,1.000001,17,16.6995,large,False
C50_COH,29,coronacases_002,coronacases_002,0,1.000001,18,3.3075,large,False
C50_COH,29,coronacases_002,coronacases_002,0,1.000001,19,0.1215,small,False
C50_COH,29,coronacases_002,coronacases_002,0,1.000001,20,28.538999999999998,large,False
C50_COH,29,coronacases_002,coronacases_002,0,1.000001,21,1.86975,medium,False
C50_COH,29,coronacases_002,coronacases_002,0,1.000001,22,4.32,large,False
C50_COH,29,coronacases_002,coronacases_002,0,1.000001,23,0.8099999999999999,medium,False
C50_COH,29,coronacases_002,coronacases_002,0,1.000001,24,1.917,medium,False
C50_COH,29,coronacases_002,coronacases_002,0,1.000001,25,0.27,small,False
C50_COH,29,coronacases_003,coronacases_003,3,1.000001,0,499.77,large,False
C50_COH,29,coronacases_003,coronacases_003,3,1.000001,1,495.7875,large,False
C50_COH,29,coronacases_003,coronacases_003,3,1.000001,2,6.642,large,False
C50_COH,29,coronacases_003,coronacases_003,3,1.000001,3,0.47925,medium,False
C50_COH,29,coronacases_003,coronacases_003,3,1.000001,4,1.8495,medium,False
C50_COH,29,coronacases_003,coronacases_003,3,1.000001,5,0.11475,small,False
C50_COH,29,coronacases_003,coronacases_003,3,1.000001,6,0.432,small,False
C50_COH,29,coronacases_003,coronacases_003,3,1.000001,7,0.29025,small,False
C50_COH,29,coronacases_003,coronacases_003,3,1.000001,8,0.12825,small,False
C50_COH,29,coronacases_003,coronacases_003,3,1.000001,9,0.12825,small,False
C50_COH,29,coronacases_003,coronacases_003,3,1.000001,10,0.20925,small,False
C50_COH,29,coronacases_003,coronacases_003,3,1.000001,11,2.727,medium,False
C50_COH,29,coronacases_003,coronacases_003,3,1.000001,12,0.6345,medium,False
C50_COH,29,coronacases_003,coronacases_003,3,1.000001,13,0.5265,medium,False
C50_COH,29,coronacases_003,coronacases_003,3,1.000001,14,0.189,small,False
C50_COH,29,coronacases_003,coronacases_003,3,1.000001,15,0.9855,medium,False
C50_COH,29,coronacases_003,coronacases_003,3,1.000001,16,0.243,small,False
C50_COH,29,coronacases_003,coronacases_003,3,1.000001,17,0.47925,medium,False
C50_COH,29,coronacases_003,coronacases_003,3,1.000001,18,0.16875,small,False
C50_COH,29,coronacases_003,coronacases_003,3,1.000001,19,0.24975,small,False
C50_COH,29,coronacases_003,coronacases_003,3,1.000001,20,0.4185,small,False
C50_COH,29,coronacases_003,coronacases_003,3,1.000001,21,2.35575,medium,False
C50_COH,29,coronacases_003,coronacases_003,3,1.000001,22,0.297,small,False
C50_COH,29,coronacases_003,coronacases_003,3,1.000001,23,0.2295,small,False
C50_COH,29,coronacases_003,coronacases_003,3,1.000001,24,0.2835,small,False
C50_COH,29,coronacases_003,coronacases_003,3,1.000001,25,0.76275,medium,False
C50_COH,29,coronacases_003,coronacases_003,3,1.000001,26,0.10124999999999999,small,False
C50_COH,29,coronacases_003,coronacases_003,3,1.000001,27,1.5255,medium,False
C50_COH,29,coronacases_003,coronacases_003,3,1.000001,28,2.54475,medium,False
C50_COH,29,coronacases_003,coronacases_003,3,1.000001,29,0.945,medium,False
C50_COH,29,coronacases_003,coronacases_003,3,1.000001,30,0.3375,small,False
C50_COH,29,coronacases_003,coronacases_003,3,1.000001,31,2.7675,medium,False
C50_COH,29,coronacases_003,coronacases_003,3,1.000001,32,7.66125,large,False
C50_COH,29,coronacases_003,coronacases_003,3,1.000001,33,2.862,large,False
C50_COH,29,coronacases_003,coronacases_003,3,1.000001,34,1.674,medium,False
C50_COH,29,coronacases_003,coronacases_003,3,1.000001,35,0.189,small,False
C50_COH,29,coronacases_005,coronacases_005,0,1.000001,0,79.353,large,False
C50_COH,29,coronacases_005,coronacases_005,0,1.000001,1,2.51775,medium,False
C50_COH,29,coronacases_006,coronacases_006,2,1.000001,0,129.60675,large,False
C50_COH,29,coronacases_007,coronacases_007,2,1.000001,0,0.1485,small,False
C50_COH,29,coronacases_007,coronacases_007,2,1.000001,1,64.3275,large,False
C50_COH,29,coronacases_007,coronacases_007,2,1.000001,2,0.42525,small,False
C50_COH,29,coronacases_007,coronacases_007,2,1.000001,3,0.43875,small,False
C50_COH,29,coronacases_007,coronacases_007,2,1.000001,4,23.598,large,False
C50_COH,29,coronacases_007,coronacases_007,2,1.000001,5,1.53225,medium,False
C50_COH,29,coronacases_007,coronacases_007,2,1.000001,6,0.7965,medium,False
C50_COH,29,coronacases_009,coronacases_009,3,1.000001,0,1.1475,medium,False
C50_COH,29,coronacases_009,coronacases_009,3,1.000001,1,0.41175,small,False
C50_COH,29,coronacases_009,coronacases_009,3,1.000001,2,0.135,small,False
C50_COH,29,coronacases_009,coronacases_009,3,1.000001,3,73.764,large,False
C50_COH,29,coronacases_009,coronacases_009,3,1.000001,4,0.64125,medium,False
C50_COH,29,coronacases_009,coronacases_009,3,1.000001,5,0.6345,medium,False
C50_COH,29,coronacases_009,coronacases_009,3,1.000001,6,0.162,small,False
C50_COH,29,coronacases_009,coronacases_009,3,1.000001,7,27.54,large,False
C50_COH,29,coronacases_010,coronacases_010,1,1.000001,0,211.33575,large,False
C50_COH,29,coronacases_010,coronacases_010,1,1.000001,1,187.0695,large,False
C50_COH,29,coronacases_010,coronacases_010,1,1.000001,2,2.03175,medium,False
C50_COH,29,coronacases_010,coronacases_010,1,1.000001,3,0.62775,medium,False
C50_COH,29,coronacases_010,coronacases_010,1,1.000001,4,0.45225,small,False
C50_COH,29,coronacases_010,coronacases_010,1,1.000001,5,0.77625,medium,False
C50_COH,29,radiopaedia_10_85902_1,radiopaedia_case_10,1,1.000001,0,158.976,large,False
C50_COH,29,radiopaedia_10_85902_1,radiopaedia_case_10,1,1.000001,1,1.3094999999999999,medium,False
C50_COH,29,radiopaedia_10_85902_3,radiopaedia_case_10,1,1.000001,0,262.51425,large,False
C50_COH,29,radiopaedia_10_85902_3,radiopaedia_case_10,1,1.000001,1,1.77525,medium,False
C50_COH,29,radiopaedia_29_86490_1,radiopaedia_case_29,0,1.000001,0,0.324,small,False
C50_COH,29,radiopaedia_29_86490_1,radiopaedia_case_29,0,1.000001,1,0.1755,small,False
C50_COH,29,radiopaedia_29_86491_1,radiopaedia_case_29,0,1.000001,0,14.013,large,False
C50_COH,29,radiopaedia_29_86491_1,radiopaedia_case_29,0,1.000001,1,36.2475,large,False
C50_COH,29,radiopaedia_29_86491_1,radiopaedia_case_29,0,1.000001,2,0.4995,medium,False
C50_COH,29,radiopaedia_36_86526_0,radiopaedia_case_36,2,1.000001,0,3.726,large,False
C50_COH,29,radiopaedia_36_86526_0,radiopaedia_case_36,2,1.000001,1,3.96225,large,False
C50_COH,29,radiopaedia_36_86526_0,radiopaedia_case_36,2,1.000001,2,4.617,large,False
C50_COH,29,radiopaedia_36_86526_0,radiopaedia_case_36,2,1.000001,3,1.026,medium,False
C50_COH,29,radiopaedia_36_86526_0,radiopaedia_case_36,2,1.000001,4,5.832,large,False
C50_COH,29,radiopaedia_36_86526_0,radiopaedia_case_36,2,1.000001,5,0.4185,small,False
C50_COH,29,radiopaedia_36_86526_0,radiopaedia_case_36,2,1.000001,6,2.6595,medium,False
C50_COH,29,radiopaedia_36_86526_0,radiopaedia_case_36,2,1.000001,7,0.972,medium,False
C50_COH,29,radiopaedia_36_86526_0,radiopaedia_case_36,2,1.000001,8,2.187,medium,False
C50_COH,29,radiopaedia_36_86526_0,radiopaedia_case_36,2,1.000001,9,6.1695,large,False
C50_COH,29,radiopaedia_36_86526_0,radiopaedia_case_36,2,1.000001,10,1.593,medium,False
C50_COH,29,radiopaedia_36_86526_0,radiopaedia_case_36,2,1.000001,11,4.7115,large,False
C50_COH,29,radiopaedia_36_86526_0,radiopaedia_case_36,2,1.000001,12,0.4725,small,False
C50_COH,29,radiopaedia_36_86526_0,radiopaedia_case_36,2,1.000001,13,9.504,large,False
C50_COH,29,radiopaedia_36_86526_0,radiopaedia_case_36,2,1.000001,14,3.564,large,False
C50_COH,29,radiopaedia_36_86526_0,radiopaedia_case_36,2,1.000001,15,8.829,large,False
C50_COH,29,radiopaedia_36_86526_0,radiopaedia_case_36,2,1.000001,16,35.802,large,False
C50_COH,29,radiopaedia_36_86526_0,radiopaedia_case_36,2,1.000001,17,10.0035,large,False
C50_COH,29,radiopaedia_36_86526_0,radiopaedia_case_36,2,1.000001,18,0.675,medium,False
C50_COH,29,radiopaedia_36_86526_0,radiopaedia_case_36,2,1.000001,19,27.1755,large,False
C50_COH,29,radiopaedia_36_86526_0,radiopaedia_case_36,2,1.000001,20,7.587,large,False
C50_COH,29,radiopaedia_36_86526_0,radiopaedia_case_36,2,1.000001,21,8.856,large,False
C50_COH,29,radiopaedia_36_86526_0,radiopaedia_case_36,2,1.000001,22,4.0635,large,False
C50_COH,29,radiopaedia_36_86526_0,radiopaedia_case_36,2,1.000001,23,0.675,medium,False
C50_COH,29,radiopaedia_36_86526_0,radiopaedia_case_36,2,1.000001,24,12.3525,large,False
C50_COH,29,radiopaedia_36_86526_0,radiopaedia_case_36,2,1.000001,25,1.6335,medium,False
C50_COH,29,radiopaedia_36_86526_0,radiopaedia_case_36,2,1.000001,26,0.702,medium,False
C50_COH,29,radiopaedia_36_86526_0,radiopaedia_case_36,2,1.000001,27,11.232,large,False
C50_COH,29,radiopaedia_36_86526_0,radiopaedia_case_36,2,1.000001,28,0.4725,small,False
C50_COH,29,radiopaedia_36_86526_0,radiopaedia_case_36,2,1.000001,29,4.806,large,False
C50_COH,29,radiopaedia_36_86526_0,radiopaedia_case_36,2,1.000001,30,0.1485,small,False
C50_COH,29,radiopaedia_40_86625_0,radiopaedia_case_40,3,1.000001,0,1371.2962499999999,large,False
C50_COH,29,radiopaedia_40_86625_0,radiopaedia_case_40,3,1.000001,1,1492.6612499999999,large,False
C50_COH,29,radiopaedia_40_86625_0,radiopaedia_case_40,3,1.000001,2,9.207,large,False
C50_COH,29,radiopaedia_40_86625_0,radiopaedia_case_40,3,1.000001,3,0.64125,medium,False
C50_COH,29,radiopaedia_40_86625_0,radiopaedia_case_40,3,1.000001,4,0.35775,small,False
C50_COH,29,radiopaedia_40_86625_0,radiopaedia_case_40,3,1.000001,5,0.22275,small,False
C50_COH,29,radiopaedia_40_86625_0,radiopaedia_case_40,3,1.000001,6,0.108,small,False
C50_COH,29,radiopaedia_40_86625_0,radiopaedia_case_40,3,1.000001,7,0.5535,medium,False
C50_COH,29,radiopaedia_40_86625_0,radiopaedia_case_40,3,1.000001,8,3.23325,large,False
C50_COH,29,radiopaedia_4_85506_1,radiopaedia_case_4,1,1.000001,0,464.71049999999997,large,False
C50_COH,29,radiopaedia_4_85506_1,radiopaedia_case_4,1,1.000001,1,606.9195,large,False
C50_COH,29,radiopaedia_4_85506_1,radiopaedia_case_4,1,1.000001,2,20.2635,large,False
C50_COH,29,radiopaedia_4_85506_1,radiopaedia_case_4,1,1.000001,3,0.135,small,False
C50_COH,29,radiopaedia_4_85506_1,radiopaedia_case_4,1,1.000001,4,0.5805,medium,False
C50_COH,29,radiopaedia_4_85506_1,radiopaedia_case_4,1,1.000001,5,6.8985,large,False
C50_COH,29,radiopaedia_4_85506_1,radiopaedia_case_4,1,1.000001,6,1.3094999999999999,medium,False
C50_COH,29,radiopaedia_4_85506_1,radiopaedia_case_4,1,1.000001,7,2.6325,medium,False
C50_COH,29,radiopaedia_4_85506_1,radiopaedia_case_4,1,1.000001,8,0.4455,small,False
C50_COH,29,radiopaedia_4_85506_1,radiopaedia_case_4,1,1.000001,9,0.2565,small,False
C50_COH,29,radiopaedia_4_85506_1,radiopaedia_case_4,1,1.000001,10,0.2835,small,False
C50_COH,29,radiopaedia_4_85506_1,radiopaedia_case_4,1,1.000001,11,1.9575,medium,False
C50_COH,29,radiopaedia_4_85506_1,radiopaedia_case_4,1,1.000001,12,4.671,large,False
C50_COH,29,radiopaedia_4_85506_1,radiopaedia_case_4,1,1.000001,13,1.9845,medium,False
C50_COH,29,radiopaedia_4_85506_1,radiopaedia_case_4,1,1.000001,14,8.046,large,False
C50_COH,29,radiopaedia_4_85506_1,radiopaedia_case_4,1,1.000001,15,0.567,medium,False
C50_COH,29,radiopaedia_4_85506_1,radiopaedia_case_4,1,1.000001,16,6.8985,large,False
C50_COH,29,radiopaedia_4_85506_1,radiopaedia_case_4,1,1.000001,17,0.378,small,False
C50_COH,29,radiopaedia_4_85506_1,radiopaedia_case_4,1,1.000001,18,0.7965,medium,False
C50_COH,29,radiopaedia_4_85506_1,radiopaedia_case_4,1,1.000001,19,25.7985,large,False
C50_COH,29,radiopaedia_4_85506_1,radiopaedia_case_4,1,1.000001,20,0.162,small,False
C50_COH,29,radiopaedia_4_85506_1,radiopaedia_case_4,1,1.000001,21,0.8099999999999999,medium,False
C50_COH,29,radiopaedia_4_85506_1,radiopaedia_case_4,1,1.000001,22,1.0395,medium,False
C50_COH,29,radiopaedia_4_85506_1,radiopaedia_case_4,1,1.000001,23,1.161,medium,False
C50_COH,29,radiopaedia_4_85506_1,radiopaedia_case_4,1,1.000001,24,0.8099999999999999,medium,False
C50_COH,29,radiopaedia_4_85506_1,radiopaedia_case_4,1,1.000001,25,0.567,medium,False
C50_COH,29,radiopaedia_4_85506_1,radiopaedia_case_4,1,1.000001,26,1.2015,medium,False
C50_COH,29,radiopaedia_4_85506_1,radiopaedia_case_4,1,1.000001,27,0.4455,small,False
C50_COH,29,radiopaedia_4_85506_1,radiopaedia_case_4,1,1.000001,28,2.6055,medium,False
C50_COH,29,radiopaedia_7_85703_0,radiopaedia_case_7,2,1.000001,0,810.1485,large,False
C50_COH,29,radiopaedia_7_85703_0,radiopaedia_case_7,2,1.000001,1,258.255,large,False
C50_COH,29,radiopaedia_7_85703_0,radiopaedia_case_7,2,1.000001,2,0.7965,medium,False
C50_COH,29,radiopaedia_7_85703_0,radiopaedia_case_7,2,1.000001,3,2.268,medium,False
C50_COH,43,coronacases_001,coronacases_001,3,1.000001,0,88.66125,large,False
C50_COH,43,coronacases_001,coronacases_001,3,1.000001,1,191.09924999999998,large,False
C50_COH,43,coronacases_001,coronacases_001,3,1.000001,2,0.38475,small,False
C50_COH,43,coronacases_001,coronacases_001,3,1.000001,3,0.69525,medium,False
C50_COH,43,coronacases_001,coronacases_001,3,1.000001,4,12.84525,large,False
C50_COH,43,coronacases_001,coronacases_001,3,1.000001,5,0.20925,small,False
C50_COH,43,coronacases_001,coronacases_001,3,1.000001,6,0.108,small,False
C50_COH,43,coronacases_001,coronacases_001,3,1.000001,7,19.1565,large,False
C50_COH,43,coronacases_001,coronacases_001,3,1.000001,8,0.1215,small,False
C50_COH,43,coronacases_001,coronacases_001,3,1.000001,9,0.41175,small,False
C50_COH,43,coronacases_001,coronacases_001,3,1.000001,10,0.45225,small,False
C50_COH,43,coronacases_001,coronacases_001,3,1.000001,11,1.19475,medium,False
C50_COH,43,coronacases_001,coronacases_001,3,1.000001,12,0.33075,small,False
C50_COH,43,coronacases_001,coronacases_001,3,1.000001,13,0.16875,small,False
C50_COH,43,coronacases_001,coronacases_001,3,1.000001,14,0.2565,small,False
C50_COH,43,coronacases_001,coronacases_001,3,1.000001,15,0.43875,small,False
C50_COH,43,coronacases_001,coronacases_001,3,1.000001,16,0.918,medium,False
C50_COH,43,coronacases_001,coronacases_001,3,1.000001,17,6.3382499999999995,large,False
C50_COH,43,coronacases_001,coronacases_001,3,1.000001,18,1.32975,medium,False
C50_COH,43,coronacases_001,coronacases_001,3,1.000001,19,0.14175,small,False
C50_COH,43,coronacases_001,coronacases_001,3,1.000001,20,0.27675,small,False
C50_COH,43,coronacases_001,coronacases_001,3,1.000001,21,0.14175,small,False
C50_COH,43,coronacases_001,coronacases_001,3,1.000001,22,0.162,small,False
C50_COH,43,coronacases_001,coronacases_001,3,1.000001,23,31.104,large,False
C50_COH,43,coronacases_001,coronacases_001,3,1.000001,24,5.1907499999999995,large,False
C50_COH,43,coronacases_001,coronacases_001,3,1.000001,25,0.135,small,False
C50_COH,43,coronacases_001,coronacases_001,3,1.000001,26,5.50125,large,False
C50_COH,43,coronacases_001,coronacases_001,3,1.000001,27,34.425,large,False
C50_COH,43,coronacases_001,coronacases_001,3,1.000001,28,0.2565,small,False
C50_COH,43,coronacases_001,coronacases_001,3,1.000001,29,0.3105,small,False
C50_COH,43,coronacases_001,coronacases_001,3,1.000001,30,0.10124999999999999,small,False
C50_COH,43,coronacases_001,coronacases_001,3,1.000001,31,0.108,small,False
C50_COH,43,coronacases_001,coronacases_001,3,1.000001,32,0.135,small,False
C50_COH,43,coronacases_001,coronacases_001,3,1.000001,33,0.11475,small,False
C50_COH,43,coronacases_001,coronacases_001,3,1.000001,34,2.55825,medium,False
C50_COH,43,coronacases_001,coronacases_001,3,1.000001,35,0.3645,small,False
C50_COH,43,coronacases_001,coronacases_001,3,1.000001,36,7.344,large,False
C50_COH,43,coronacases_001,coronacases_001,3,1.000001,37,1.755,medium,False
C50_COH,43,coronacases_001,coronacases_001,3,1.000001,38,0.1485,small,False
C50_COH,43,coronacases_001,coronacases_001,3,1.000001,39,2.3625,medium,False
C50_COH,43,coronacases_001,coronacases_001,3,1.000001,40,0.41175,small,False
C50_COH,43,coronacases_001,coronacases_001,3,1.000001,41,0.26325,small,False
C50_COH,43,coronacases_001,coronacases_001,3,1.000001,42,0.19575,small,False
C50_COH,43,coronacases_001,coronacases_001,3,1.000001,43,1.92375,medium,False
C50_COH,43,coronacases_002,coronacases_002,0,1.000001,0,21.384,large,False
C50_COH,43,coronacases_002,coronacases_002,0,1.000001,1,2.63925,medium,False
C50_COH,43,coronacases_002,coronacases_002,0,1.000001,2,0.378,small,False
C50_COH,43,coronacases_002,coronacases_002,0,1.000001,3,28.3365,large,False
C50_COH,43,coronacases_002,coronacases_002,0,1.000001,4,0.1215,small,False
C50_COH,43,coronacases_002,coronacases_002,0,1.000001,5,24.084,large,False
C50_COH,43,coronacases_002,coronacases_002,0,1.000001,6,4.97475,large,False
C50_COH,43,coronacases_002,coronacases_002,0,1.000001,7,0.76275,medium,False
C50_COH,43,coronacases_002,coronacases_002,0,1.000001,8,15.47775,large,False
C50_COH,43,coronacases_002,coronacases_002,0,1.000001,9,0.999,medium,False
C50_COH,43,coronacases_002,coronacases_002,0,1.000001,10,5.28525,large,False
C50_COH,43,coronacases_002,coronacases_002,0,1.000001,11,0.3645,small,False
C50_COH,43,coronacases_002,coronacases_002,0,1.000001,12,0.31725,small,False
C50_COH,43,coronacases_002,coronacases_002,0,1.000001,13,0.918,medium,False
C50_COH,43,coronacases_002,coronacases_002,0,1.000001,14,3.699,large,False
C50_COH,43,coronacases_002,coronacases_002,0,1.000001,15,22.68,large,False
C50_COH,43,coronacases_002,coronacases_002,0,1.000001,16,0.486,medium,False
C50_COH,43,coronacases_002,coronacases_002,0,1.000001,17,16.6995,large,False
C50_COH,43,coronacases_002,coronacases_002,0,1.000001,18,3.3075,large,False
C50_COH,43,coronacases_002,coronacases_002,0,1.000001,19,0.1215,small,False
C50_COH,43,coronacases_002,coronacases_002,0,1.000001,20,28.538999999999998,large,False
C50_COH,43,coronacases_002,coronacases_002,0,1.000001,21,1.86975,medium,False
C50_COH,43,coronacases_002,coronacases_002,0,1.000001,22,4.32,large,False
C50_COH,43,coronacases_002,coronacases_002,0,1.000001,23,0.8099999999999999,medium,False
C50_COH,43,coronacases_002,coronacases_002,0,1.000001,24,1.917,medium,False
C50_COH,43,coronacases_002,coronacases_002,0,1.000001,25,0.27,small,False
C50_COH,43,coronacases_003,coronacases_003,3,1.000001,0,499.77,large,False
C50_COH,43,coronacases_003,coronacases_003,3,1.000001,1,495.7875,large,False
C50_COH,43,coronacases_003,coronacases_003,3,1.000001,2,6.642,large,False
C50_COH,43,coronacases_003,coronacases_003,3,1.000001,3,0.47925,medium,False
C50_COH,43,coronacases_003,coronacases_003,3,1.000001,4,1.8495,medium,False
C50_COH,43,coronacases_003,coronacases_003,3,1.000001,5,0.11475,small,False
C50_COH,43,coronacases_003,coronacases_003,3,1.000001,6,0.432,small,False
C50_COH,43,coronacases_003,coronacases_003,3,1.000001,7,0.29025,small,False
C50_COH,43,coronacases_003,coronacases_003,3,1.000001,8,0.12825,small,False
C50_COH,43,coronacases_003,coronacases_003,3,1.000001,9,0.12825,small,False
C50_COH,43,coronacases_003,coronacases_003,3,1.000001,10,0.20925,small,False
C50_COH,43,coronacases_003,coronacases_003,3,1.000001,11,2.727,medium,False
C50_COH,43,coronacases_003,coronacases_003,3,1.000001,12,0.6345,medium,False
C50_COH,43,coronacases_003,coronacases_003,3,1.000001,13,0.5265,medium,False
C50_COH,43,coronacases_003,coronacases_003,3,1.000001,14,0.189,small,False
C50_COH,43,coronacases_003,coronacases_003,3,1.000001,15,0.9855,medium,False
C50_COH,43,coronacases_003,coronacases_003,3,1.000001,16,0.243,small,False
C50_COH,43,coronacases_003,coronacases_003,3,1.000001,17,0.47925,medium,False
C50_COH,43,coronacases_003,coronacases_003,3,1.000001,18,0.16875,small,False
C50_COH,43,coronacases_003,coronacases_003,3,1.000001,19,0.24975,small,False
C50_COH,43,coronacases_003,coronacases_003,3,1.000001,20,0.4185,small,False
C50_COH,43,coronacases_003,coronacases_003,3,1.000001,21,2.35575,medium,False
C50_COH,43,coronacases_003,coronacases_003,3,1.000001,22,0.297,small,False
C50_COH,43,coronacases_003,coronacases_003,3,1.000001,23,0.2295,small,False
C50_COH,43,coronacases_003,coronacases_003,3,1.000001,24,0.2835,small,False
C50_COH,43,coronacases_003,coronacases_003,3,1.000001,25,0.76275,medium,False
C50_COH,43,coronacases_003,coronacases_003,3,1.000001,26,0.10124999999999999,small,False
C50_COH,43,coronacases_003,coronacases_003,3,1.000001,27,1.5255,medium,False
C50_COH,43,coronacases_003,coronacases_003,3,1.000001,28,2.54475,medium,False
C50_COH,43,coronacases_003,coronacases_003,3,1.000001,29,0.945,medium,False
C50_COH,43,coronacases_003,coronacases_003,3,1.000001,30,0.3375,small,False
C50_COH,43,coronacases_003,coronacases_003,3,1.000001,31,2.7675,medium,False
C50_COH,43,coronacases_003,coronacases_003,3,1.000001,32,7.66125,large,False
C50_COH,43,coronacases_003,coronacases_003,3,1.000001,33,2.862,large,False
C50_COH,43,coronacases_003,coronacases_003,3,1.000001,34,1.674,medium,False
C50_COH,43,coronacases_003,coronacases_003,3,1.000001,35,0.189,small,False
C50_COH,43,coronacases_005,coronacases_005,0,1.000001,0,79.353,large,False
C50_COH,43,coronacases_005,coronacases_005,0,1.000001,1,2.51775,medium,False
C50_COH,43,coronacases_006,coronacases_006,2,1.000001,0,129.60675,large,False
C50_COH,43,coronacases_007,coronacases_007,2,1.000001,0,0.1485,small,False
C50_COH,43,coronacases_007,coronacases_007,2,1.000001,1,64.3275,large,False
C50_COH,43,coronacases_007,coronacases_007,2,1.000001,2,0.42525,small,False
C50_COH,43,coronacases_007,coronacases_007,2,1.000001,3,0.43875,small,False
C50_COH,43,coronacases_007,coronacases_007,2,1.000001,4,23.598,large,False
C50_COH,43,coronacases_007,coronacases_007,2,1.000001,5,1.53225,medium,False
C50_COH,43,coronacases_007,coronacases_007,2,1.000001,6,0.7965,medium,False
C50_COH,43,coronacases_009,coronacases_009,3,1.000001,0,1.1475,medium,False
C50_COH,43,coronacases_009,coronacases_009,3,1.000001,1,0.41175,small,False
C50_COH,43,coronacases_009,coronacases_009,3,1.000001,2,0.135,small,False
C50_COH,43,coronacases_009,coronacases_009,3,1.000001,3,73.764,large,False
C50_COH,43,coronacases_009,coronacases_009,3,1.000001,4,0.64125,medium,False
C50_COH,43,coronacases_009,coronacases_009,3,1.000001,5,0.6345,medium,False
C50_COH,43,coronacases_009,coronacases_009,3,1.000001,6,0.162,small,False
C50_COH,43,coronacases_009,coronacases_009,3,1.000001,7,27.54,large,False
C50_COH,43,coronacases_010,coronacases_010,1,1.000001,0,211.33575,large,False
C50_COH,43,coronacases_010,coronacases_010,1,1.000001,1,187.0695,large,False
C50_COH,43,coronacases_010,coronacases_010,1,1.000001,2,2.03175,medium,False
C50_COH,43,coronacases_010,coronacases_010,1,1.000001,3,0.62775,medium,False
C50_COH,43,coronacases_010,coronacases_010,1,1.000001,4,0.45225,small,False
C50_COH,43,coronacases_010,coronacases_010,1,1.000001,5,0.77625,medium,False
C50_COH,43,radiopaedia_10_85902_1,radiopaedia_case_10,1,1.000001,0,158.976,large,False
C50_COH,43,radiopaedia_10_85902_1,radiopaedia_case_10,1,1.000001,1,1.3094999999999999,medium,False
C50_COH,43,radiopaedia_10_85902_3,radiopaedia_case_10,1,1.000001,0,262.51425,large,False
C50_COH,43,radiopaedia_10_85902_3,radiopaedia_case_10,1,1.000001,1,1.77525,medium,False
C50_COH,43,radiopaedia_29_86490_1,radiopaedia_case_29,0,1.000001,0,0.324,small,False
C50_COH,43,radiopaedia_29_86490_1,radiopaedia_case_29,0,1.000001,1,0.1755,small,False
C50_COH,43,radiopaedia_29_86491_1,radiopaedia_case_29,0,1.000001,0,14.013,large,False
C50_COH,43,radiopaedia_29_86491_1,radiopaedia_case_29,0,1.000001,1,36.2475,large,False
C50_COH,43,radiopaedia_29_86491_1,radiopaedia_case_29,0,1.000001,2,0.4995,medium,False
C50_COH,43,radiopaedia_36_86526_0,radiopaedia_case_36,2,1.000001,0,3.726,large,False
C50_COH,43,radiopaedia_36_86526_0,radiopaedia_case_36,2,1.000001,1,3.96225,large,False
C50_COH,43,radiopaedia_36_86526_0,radiopaedia_case_36,2,1.000001,2,4.617,large,False
C50_COH,43,radiopaedia_36_86526_0,radiopaedia_case_36,2,1.000001,3,1.026,medium,False
C50_COH,43,radiopaedia_36_86526_0,radiopaedia_case_36,2,1.000001,4,5.832,large,False
C50_COH,43,radiopaedia_36_86526_0,radiopaedia_case_36,2,1.000001,5,0.4185,small,False
C50_COH,43,radiopaedia_36_86526_0,radiopaedia_case_36,2,1.000001,6,2.6595,medium,False
C50_COH,43,radiopaedia_36_86526_0,radiopaedia_case_36,2,1.000001,7,0.972,medium,False
C50_COH,43,radiopaedia_36_86526_0,radiopaedia_case_36,2,1.000001,8,2.187,medium,False
C50_COH,43,radiopaedia_36_86526_0,radiopaedia_case_36,2,1.000001,9,6.1695,large,False
C50_COH,43,radiopaedia_36_86526_0,radiopaedia_case_36,2,1.000001,10,1.593,medium,False
C50_COH,43,radiopaedia_36_86526_0,radiopaedia_case_36,2,1.000001,11,4.7115,large,False
C50_COH,43,radiopaedia_36_86526_0,radiopaedia_case_36,2,1.000001,12,0.4725,small,False
C50_COH,43,radiopaedia_36_86526_0,radiopaedia_case_36,2,1.000001,13,9.504,large,False
C50_COH,43,radiopaedia_36_86526_0,radiopaedia_case_36,2,1.000001,14,3.564,large,False
C50_COH,43,radiopaedia_36_86526_0,radiopaedia_case_36,2,1.000001,15,8.829,large,False
C50_COH,43,radiopaedia_36_86526_0,radiopaedia_case_36,2,1.000001,16,35.802,large,False
C50_COH,43,radiopaedia_36_86526_0,radiopaedia_case_36,2,1.000001,17,10.0035,large,False
C50_COH,43,radiopaedia_36_86526_0,radiopaedia_case_36,2,1.000001,18,0.675,medium,False
C50_COH,43,radiopaedia_36_86526_0,radiopaedia_case_36,2,1.000001,19,27.1755,large,False
C50_COH,43,radiopaedia_36_86526_0,radiopaedia_case_36,2,1.000001,20,7.587,large,False
C50_COH,43,radiopaedia_36_86526_0,radiopaedia_case_36,2,1.000001,21,8.856,large,False
C50_COH,43,radiopaedia_36_86526_0,radiopaedia_case_36,2,1.000001,22,4.0635,large,False
C50_COH,43,radiopaedia_36_86526_0,radiopaedia_case_36,2,1.000001,23,0.675,medium,False
C50_COH,43,radiopaedia_36_86526_0,radiopaedia_case_36,2,1.000001,24,12.3525,large,False
C50_COH,43,radiopaedia_36_86526_0,radiopaedia_case_36,2,1.000001,25,1.6335,medium,False
C50_COH,43,radiopaedia_36_86526_0,radiopaedia_case_36,2,1.000001,26,0.702,medium,False
C50_COH,43,radiopaedia_36_86526_0,radiopaedia_case_36,2,1.000001,27,11.232,large,False
C50_COH,43,radiopaedia_36_86526_0,radiopaedia_case_36,2,1.000001,28,0.4725,small,False
C50_COH,43,radiopaedia_36_86526_0,radiopaedia_case_36,2,1.000001,29,4.806,large,False
C50_COH,43,radiopaedia_36_86526_0,radiopaedia_case_36,2,1.000001,30,0.1485,small,False
C50_COH,43,radiopaedia_40_86625_0,radiopaedia_case_40,3,1.000001,0,1371.2962499999999,large,False
C50_COH,43,radiopaedia_40_86625_0,radiopaedia_case_40,3,1.000001,1,1492.6612499999999,large,False
C50_COH,43,radiopaedia_40_86625_0,radiopaedia_case_40,3,1.000001,2,9.207,large,False
C50_COH,43,radiopaedia_40_86625_0,radiopaedia_case_40,3,1.000001,3,0.64125,medium,False
C50_COH,43,radiopaedia_40_86625_0,radiopaedia_case_40,3,1.000001,4,0.35775,small,False
C50_COH,43,radiopaedia_40_86625_0,radiopaedia_case_40,3,1.000001,5,0.22275,small,False
C50_COH,43,radiopaedia_40_86625_0,radiopaedia_case_40,3,1.000001,6,0.108,small,False
C50_COH,43,radiopaedia_40_86625_0,radiopaedia_case_40,3,1.000001,7,0.5535,medium,False
C50_COH,43,radiopaedia_40_86625_0,radiopaedia_case_40,3,1.000001,8,3.23325,large,False
C50_COH,43,radiopaedia_4_85506_1,radiopaedia_case_4,1,1.000001,0,464.71049999999997,large,False
C50_COH,43,radiopaedia_4_85506_1,radiopaedia_case_4,1,1.000001,1,606.9195,large,False
C50_COH,43,radiopaedia_4_85506_1,radiopaedia_case_4,1,1.000001,2,20.2635,large,False
C50_COH,43,radiopaedia_4_85506_1,radiopaedia_case_4,1,1.000001,3,0.135,small,False
C50_COH,43,radiopaedia_4_85506_1,radiopaedia_case_4,1,1.000001,4,0.5805,medium,False
C50_COH,43,radiopaedia_4_85506_1,radiopaedia_case_4,1,1.000001,5,6.8985,large,False
C50_COH,43,radiopaedia_4_85506_1,radiopaedia_case_4,1,1.000001,6,1.3094999999999999,medium,False
C50_COH,43,radiopaedia_4_85506_1,radiopaedia_case_4,1,1.000001,7,2.6325,medium,False
C50_COH,43,radiopaedia_4_85506_1,radiopaedia_case_4,1,1.000001,8,0.4455,small,False
C50_COH,43,radiopaedia_4_85506_1,radiopaedia_case_4,1,1.000001,9,0.2565,small,False
C50_COH,43,radiopaedia_4_85506_1,radiopaedia_case_4,1,1.000001,10,0.2835,small,False
C50_COH,43,radiopaedia_4_85506_1,radiopaedia_case_4,1,1.000001,11,1.9575,medium,False
C50_COH,43,radiopaedia_4_85506_1,radiopaedia_case_4,1,1.000001,12,4.671,large,False
C50_COH,43,radiopaedia_4_85506_1,radiopaedia_case_4,1,1.000001,13,1.9845,medium,False
C50_COH,43,radiopaedia_4_85506_1,radiopaedia_case_4,1,1.000001,14,8.046,large,False
C50_COH,43,radiopaedia_4_85506_1,radiopaedia_case_4,1,1.000001,15,0.567,medium,False
C50_COH,43,radiopaedia_4_85506_1,radiopaedia_case_4,1,1.000001,16,6.8985,large,False
C50_COH,43,radiopaedia_4_85506_1,radiopaedia_case_4,1,1.000001,17,0.378,small,False
C50_COH,43,radiopaedia_4_85506_1,radiopaedia_case_4,1,1.000001,18,0.7965,medium,False
C50_COH,43,radiopaedia_4_85506_1,radiopaedia_case_4,1,1.000001,19,25.7985,large,False
C50_COH,43,radiopaedia_4_85506_1,radiopaedia_case_4,1,1.000001,20,0.162,small,False
C50_COH,43,radiopaedia_4_85506_1,radiopaedia_case_4,1,1.000001,21,0.8099999999999999,medium,False
C50_COH,43,radiopaedia_4_85506_1,radiopaedia_case_4,1,1.000001,22,1.0395,medium,False
C50_COH,43,radiopaedia_4_85506_1,radiopaedia_case_4,1,1.000001,23,1.161,medium,False
C50_COH,43,radiopaedia_4_85506_1,radiopaedia_case_4,1,1.000001,24,0.8099999999999999,medium,False
C50_COH,43,radiopaedia_4_85506_1,radiopaedia_case_4,1,1.000001,25,0.567,medium,False
C50_COH,43,radiopaedia_4_85506_1,radiopaedia_case_4,1,1.000001,26,1.2015,medium,False
C50_COH,43,radiopaedia_4_85506_1,radiopaedia_case_4,1,1.000001,27,0.4455,small,False
C50_COH,43,radiopaedia_4_85506_1,radiopaedia_case_4,1,1.000001,28,2.6055,medium,False
C50_COH,43,radiopaedia_7_85703_0,radiopaedia_case_7,2,1.000001,0,810.1485,large,False
C50_COH,43,radiopaedia_7_85703_0,radiopaedia_case_7,2,1.000001,1,258.255,large,False
C50_COH,43,radiopaedia_7_85703_0,radiopaedia_case_7,2,1.000001,2,0.7965,medium,False
C50_COH,43,radiopaedia_7_85703_0,radiopaedia_case_7,2,1.000001,3,2.268,medium,False
C50_DIS,17,coronacases_001,coronacases_001,3,1.000001,0,88.66125,large,False
C50_DIS,17,coronacases_001,coronacases_001,3,1.000001,1,191.09924999999998,large,False
C50_DIS,17,coronacases_001,coronacases_001,3,1.000001,2,0.38475,small,False
C50_DIS,17,coronacases_001,coronacases_001,3,1.000001,3,0.69525,medium,False
C50_DIS,17,coronacases_001,coronacases_001,3,1.000001,4,12.84525,large,False
C50_DIS,17,coronacases_001,coronacases_001,3,1.000001,5,0.20925,small,False
C50_DIS,17,coronacases_001,coronacases_001,3,1.000001,6,0.108,small,False
C50_DIS,17,coronacases_001,coronacases_001,3,1.000001,7,19.1565,large,False
C50_DIS,17,coronacases_001,coronacases_001,3,1.000001,8,0.1215,small,False
C50_DIS,17,coronacases_001,coronacases_001,3,1.000001,9,0.41175,small,False
C50_DIS,17,coronacases_001,coronacases_001,3,1.000001,10,0.45225,small,False
C50_DIS,17,coronacases_001,coronacases_001,3,1.000001,11,1.19475,medium,False
C50_DIS,17,coronacases_001,coronacases_001,3,1.000001,12,0.33075,small,False
C50_DIS,17,coronacases_001,coronacases_001,3,1.000001,13,0.16875,small,False
C50_DIS,17,coronacases_001,coronacases_001,3,1.000001,14,0.2565,small,False
C50_DIS,17,coronacases_001,coronacases_001,3,1.000001,15,0.43875,small,False
C50_DIS,17,coronacases_001,coronacases_001,3,1.000001,16,0.918,medium,False
C50_DIS,17,coronacases_001,coronacases_001,3,1.000001,17,6.3382499999999995,large,False
C50_DIS,17,coronacases_001,coronacases_001,3,1.000001,18,1.32975,medium,False
C50_DIS,17,coronacases_001,coronacases_001,3,1.000001,19,0.14175,small,False
C50_DIS,17,coronacases_001,coronacases_001,3,1.000001,20,0.27675,small,False
C50_DIS,17,coronacases_001,coronacases_001,3,1.000001,21,0.14175,small,False
C50_DIS,17,coronacases_001,coronacases_001,3,1.000001,22,0.162,small,False
C50_DIS,17,coronacases_001,coronacases_001,3,1.000001,23,31.104,large,False
C50_DIS,17,coronacases_001,coronacases_001,3,1.000001,24,5.1907499999999995,large,False
C50_DIS,17,coronacases_001,coronacases_001,3,1.000001,25,0.135,small,False
C50_DIS,17,coronacases_001,coronacases_001,3,1.000001,26,5.50125,large,False
C50_DIS,17,coronacases_001,coronacases_001,3,1.000001,27,34.425,large,False
C50_DIS,17,coronacases_001,coronacases_001,3,1.000001,28,0.2565,small,False
C50_DIS,17,coronacases_001,coronacases_001,3,1.000001,29,0.3105,small,False
C50_DIS,17,coronacases_001,coronacases_001,3,1.000001,30,0.10124999999999999,small,False
C50_DIS,17,coronacases_001,coronacases_001,3,1.000001,31,0.108,small,False
C50_DIS,17,coronacases_001,coronacases_001,3,1.000001,32,0.135,small,False
C50_DIS,17,coronacases_001,coronacases_001,3,1.000001,33,0.11475,small,False
C50_DIS,17,coronacases_001,coronacases_001,3,1.000001,34,2.55825,medium,False
C50_DIS,17,coronacases_001,coronacases_001,3,1.000001,35,0.3645,small,False
C50_DIS,17,coronacases_001,coronacases_001,3,1.000001,36,7.344,large,False
C50_DIS,17,coronacases_001,coronacases_001,3,1.000001,37,1.755,medium,False
C50_DIS,17,coronacases_001,coronacases_001,3,1.000001,38,0.1485,small,False
C50_DIS,17,coronacases_001,coronacases_001,3,1.000001,39,2.3625,medium,False
C50_DIS,17,coronacases_001,coronacases_001,3,1.000001,40,0.41175,small,False
C50_DIS,17,coronacases_001,coronacases_001,3,1.000001,41,0.26325,small,False
C50_DIS,17,coronacases_001,coronacases_001,3,1.000001,42,0.19575,small,False
C50_DIS,17,coronacases_001,coronacases_001,3,1.000001,43,1.92375,medium,False
C50_DIS,17,coronacases_002,coronacases_002,0,1.000001,0,21.384,large,False
C50_DIS,17,coronacases_002,coronacases_002,0,1.000001,1,2.63925,medium,False
C50_DIS,17,coronacases_002,coronacases_002,0,1.000001,2,0.378,small,False
C50_DIS,17,coronacases_002,coronacases_002,0,1.000001,3,28.3365,large,False
C50_DIS,17,coronacases_002,coronacases_002,0,1.000001,4,0.1215,small,False
C50_DIS,17,coronacases_002,coronacases_002,0,1.000001,5,24.084,large,False
C50_DIS,17,coronacases_002,coronacases_002,0,1.000001,6,4.97475,large,False
C50_DIS,17,coronacases_002,coronacases_002,0,1.000001,7,0.76275,medium,False
C50_DIS,17,coronacases_002,coronacases_002,0,1.000001,8,15.47775,large,False
C50_DIS,17,coronacases_002,coronacases_002,0,1.000001,9,0.999,medium,False
C50_DIS,17,coronacases_002,coronacases_002,0,1.000001,10,5.28525,large,False
C50_DIS,17,coronacases_002,coronacases_002,0,1.000001,11,0.3645,small,False
C50_DIS,17,coronacases_002,coronacases_002,0,1.000001,12,0.31725,small,False
C50_DIS,17,coronacases_002,coronacases_002,0,1.000001,13,0.918,medium,False
C50_DIS,17,coronacases_002,coronacases_002,0,1.000001,14,3.699,large,False
C50_DIS,17,coronacases_002,coronacases_002,0,1.000001,15,22.68,large,False
C50_DIS,17,coronacases_002,coronacases_002,0,1.000001,16,0.486,medium,False
C50_DIS,17,coronacases_002,coronacases_002,0,1.000001,17,16.6995,large,False
C50_DIS,17,coronacases_002,coronacases_002,0,1.000001,18,3.3075,large,False
C50_DIS,17,coronacases_002,coronacases_002,0,1.000001,19,0.1215,small,False
C50_DIS,17,coronacases_002,coronacases_002,0,1.000001,20,28.538999999999998,large,False
C50_DIS,17,coronacases_002,coronacases_002,0,1.000001,21,1.86975,medium,False
C50_DIS,17,coronacases_002,coronacases_002,0,1.000001,22,4.32,large,False
C50_DIS,17,coronacases_002,coronacases_002,0,1.000001,23,0.8099999999999999,medium,False
C50_DIS,17,coronacases_002,coronacases_002,0,1.000001,24,1.917,medium,False
C50_DIS,17,coronacases_002,coronacases_002,0,1.000001,25,0.27,small,False
C50_DIS,17,coronacases_003,coronacases_003,3,1.000001,0,499.77,large,False
C50_DIS,17,coronacases_003,coronacases_003,3,1.000001,1,495.7875,large,False
C50_DIS,17,coronacases_003,coronacases_003,3,1.000001,2,6.642,large,False
C50_DIS,17,coronacases_003,coronacases_003,3,1.000001,3,0.47925,medium,False
C50_DIS,17,coronacases_003,coronacases_003,3,1.000001,4,1.8495,medium,False
C50_DIS,17,coronacases_003,coronacases_003,3,1.000001,5,0.11475,small,False
C50_DIS,17,coronacases_003,coronacases_003,3,1.000001,6,0.432,small,False
C50_DIS,17,coronacases_003,coronacases_003,3,1.000001,7,0.29025,small,False
C50_DIS,17,coronacases_003,coronacases_003,3,1.000001,8,0.12825,small,False
C50_DIS,17,coronacases_003,coronacases_003,3,1.000001,9,0.12825,small,False
C50_DIS,17,coronacases_003,coronacases_003,3,1.000001,10,0.20925,small,False
C50_DIS,17,coronacases_003,coronacases_003,3,1.000001,11,2.727,medium,False
C50_DIS,17,coronacases_003,coronacases_003,3,1.000001,12,0.6345,medium,False
C50_DIS,17,coronacases_003,coronacases_003,3,1.000001,13,0.5265,medium,False
C50_DIS,17,coronacases_003,coronacases_003,3,1.000001,14,0.189,small,False
C50_DIS,17,coronacases_003,coronacases_003,3,1.000001,15,0.9855,medium,False
C50_DIS,17,coronacases_003,coronacases_003,3,1.000001,16,0.243,small,False
C50_DIS,17,coronacases_003,coronacases_003,3,1.000001,17,0.47925,medium,False
C50_DIS,17,coronacases_003,coronacases_003,3,1.000001,18,0.16875,small,False
C50_DIS,17,coronacases_003,coronacases_003,3,1.000001,19,0.24975,small,False
C50_DIS,17,coronacases_003,coronacases_003,3,1.000001,20,0.4185,small,False
C50_DIS,17,coronacases_003,coronacases_003,3,1.000001,21,2.35575,medium,False
C50_DIS,17,coronacases_003,coronacases_003,3,1.000001,22,0.297,small,False
C50_DIS,17,coronacases_003,coronacases_003,3,1.000001,23,0.2295,small,False
C50_DIS,17,coronacases_003,coronacases_003,3,1.000001,24,0.2835,small,False
C50_DIS,17,coronacases_003,coronacases_003,3,1.000001,25,0.76275,medium,False
C50_DIS,17,coronacases_003,coronacases_003,3,1.000001,26,0.10124999999999999,small,False
C50_DIS,17,coronacases_003,coronacases_003,3,1.000001,27,1.5255,medium,False
C50_DIS,17,coronacases_003,coronacases_003,3,1.000001,28,2.54475,medium,False
C50_DIS,17,coronacases_003,coronacases_003,3,1.000001,29,0.945,medium,False
C50_DIS,17,coronacases_003,coronacases_003,3,1.000001,30,0.3375,small,False
C50_DIS,17,coronacases_003,coronacases_003,3,1.000001,31,2.7675,medium,False
C50_DIS,17,coronacases_003,coronacases_003,3,1.000001,32,7.66125,large,False
C50_DIS,17,coronacases_003,coronacases_003,3,1.000001,33,2.862,large,False
C50_DIS,17,coronacases_003,coronacases_003,3,1.000001,34,1.674,medium,False
C50_DIS,17,coronacases_003,coronacases_003,3,1.000001,35,0.189,small,False
C50_DIS,17,coronacases_005,coronacases_005,0,1.000001,0,79.353,large,False
C50_DIS,17,coronacases_005,coronacases_005,0,1.000001,1,2.51775,medium,False
C50_DIS,17,coronacases_006,coronacases_006,2,1.000001,0,129.60675,large,False
C50_DIS,17,coronacases_007,coronacases_007,2,1.000001,0,0.1485,small,False
C50_DIS,17,coronacases_007,coronacases_007,2,1.000001,1,64.3275,large,False
C50_DIS,17,coronacases_007,coronacases_007,2,1.000001,2,0.42525,small,False
C50_DIS,17,coronacases_007,coronacases_007,2,1.000001,3,0.43875,small,False
C50_DIS,17,coronacases_007,coronacases_007,2,1.000001,4,23.598,large,False
C50_DIS,17,coronacases_007,coronacases_007,2,1.000001,5,1.53225,medium,False
C50_DIS,17,coronacases_007,coronacases_007,2,1.000001,6,0.7965,medium,False
C50_DIS,17,coronacases_009,coronacases_009,3,1.000001,0,1.1475,medium,False
C50_DIS,17,coronacases_009,coronacases_009,3,1.000001,1,0.41175,small,False
C50_DIS,17,coronacases_009,coronacases_009,3,1.000001,2,0.135,small,False
C50_DIS,17,coronacases_009,coronacases_009,3,1.000001,3,73.764,large,False
C50_DIS,17,coronacases_009,coronacases_009,3,1.000001,4,0.64125,medium,False
C50_DIS,17,coronacases_009,coronacases_009,3,1.000001,5,0.6345,medium,False
C50_DIS,17,coronacases_009,coronacases_009,3,1.000001,6,0.162,small,False
C50_DIS,17,coronacases_009,coronacases_009,3,1.000001,7,27.54,large,False
C50_DIS,17,coronacases_010,coronacases_010,1,1.000001,0,211.33575,large,False
C50_DIS,17,coronacases_010,coronacases_010,1,1.000001,1,187.0695,large,False
C50_DIS,17,coronacases_010,coronacases_010,1,1.000001,2,2.03175,medium,False
C50_DIS,17,coronacases_010,coronacases_010,1,1.000001,3,0.62775,medium,False
C50_DIS,17,coronacases_010,coronacases_010,1,1.000001,4,0.45225,small,False
C50_DIS,17,coronacases_010,coronacases_010,1,1.000001,5,0.77625,medium,False
C50_DIS,17,radiopaedia_10_85902_1,radiopaedia_case_10,1,1.000001,0,158.976,large,False
C50_DIS,17,radiopaedia_10_85902_1,radiopaedia_case_10,1,1.000001,1,1.3094999999999999,medium,False
C50_DIS,17,radiopaedia_10_85902_3,radiopaedia_case_10,1,1.000001,0,262.51425,large,False
C50_DIS,17,radiopaedia_10_85902_3,radiopaedia_case_10,1,1.000001,1,1.77525,medium,False
C50_DIS,17,radiopaedia_29_86490_1,radiopaedia_case_29,0,1.000001,0,0.324,small,False
C50_DIS,17,radiopaedia_29_86490_1,radiopaedia_case_29,0,1.000001,1,0.1755,small,False
C50_DIS,17,radiopaedia_29_86491_1,radiopaedia_case_29,0,1.000001,0,14.013,large,False
C50_DIS,17,radiopaedia_29_86491_1,radiopaedia_case_29,0,1.000001,1,36.2475,large,False
C50_DIS,17,radiopaedia_29_86491_1,radiopaedia_case_29,0,1.000001,2,0.4995,medium,False
C50_DIS,17,radiopaedia_36_86526_0,radiopaedia_case_36,2,1.000001,0,3.726,large,False
C50_DIS,17,radiopaedia_36_86526_0,radiopaedia_case_36,2,1.000001,1,3.96225,large,False
C50_DIS,17,radiopaedia_36_86526_0,radiopaedia_case_36,2,1.000001,2,4.617,large,False
C50_DIS,17,radiopaedia_36_86526_0,radiopaedia_case_36,2,1.000001,3,1.026,medium,False
C50_DIS,17,radiopaedia_36_86526_0,radiopaedia_case_36,2,1.000001,4,5.832,large,False
C50_DIS,17,radiopaedia_36_86526_0,radiopaedia_case_36,2,1.000001,5,0.4185,small,False
C50_DIS,17,radiopaedia_36_86526_0,radiopaedia_case_36,2,1.000001,6,2.6595,medium,False
C50_DIS,17,radiopaedia_36_86526_0,radiopaedia_case_36,2,1.000001,7,0.972,medium,False
C50_DIS,17,radiopaedia_36_86526_0,radiopaedia_case_36,2,1.000001,8,2.187,medium,False
C50_DIS,17,radiopaedia_36_86526_0,radiopaedia_case_36,2,1.000001,9,6.1695,large,False
C50_DIS,17,radiopaedia_36_86526_0,radiopaedia_case_36,2,1.000001,10,1.593,medium,False
C50_DIS,17,radiopaedia_36_86526_0,radiopaedia_case_36,2,1.000001,11,4.7115,large,False
C50_DIS,17,radiopaedia_36_86526_0,radiopaedia_case_36,2,1.000001,12,0.4725,small,False
C50_DIS,17,radiopaedia_36_86526_0,radiopaedia_case_36,2,1.000001,13,9.504,large,False
C50_DIS,17,radiopaedia_36_86526_0,radiopaedia_case_36,2,1.000001,14,3.564,large,False
C50_DIS,17,radiopaedia_36_86526_0,radiopaedia_case_36,2,1.000001,15,8.829,large,False
C50_DIS,17,radiopaedia_36_86526_0,radiopaedia_case_36,2,1.000001,16,35.802,large,False
C50_DIS,17,radiopaedia_36_86526_0,radiopaedia_case_36,2,1.000001,17,10.0035,large,False
C50_DIS,17,radiopaedia_36_86526_0,radiopaedia_case_36,2,1.000001,18,0.675,medium,False
C50_DIS,17,radiopaedia_36_86526_0,radiopaedia_case_36,2,1.000001,19,27.1755,large,False
C50_DIS,17,radiopaedia_36_86526_0,radiopaedia_case_36,2,1.000001,20,7.587,large,False
C50_DIS,17,radiopaedia_36_86526_0,radiopaedia_case_36,2,1.000001,21,8.856,large,False
C50_DIS,17,radiopaedia_36_86526_0,radiopaedia_case_36,2,1.000001,22,4.0635,large,False
C50_DIS,17,radiopaedia_36_86526_0,radiopaedia_case_36,2,1.000001,23,0.675,medium,False
C50_DIS,17,radiopaedia_36_86526_0,radiopaedia_case_36,2,1.000001,24,12.3525,large,False
C50_DIS,17,radiopaedia_36_86526_0,radiopaedia_case_36,2,1.000001,25,1.6335,medium,False
C50_DIS,17,radiopaedia_36_86526_0,radiopaedia_case_36,2,1.000001,26,0.702,medium,False
C50_DIS,17,radiopaedia_36_86526_0,radiopaedia_case_36,2,1.000001,27,11.232,large,False
C50_DIS,17,radiopaedia_36_86526_0,radiopaedia_case_36,2,1.000001,28,0.4725,small,False
C50_DIS,17,radiopaedia_36_86526_0,radiopaedia_case_36,2,1.000001,29,4.806,large,False
C50_DIS,17,radiopaedia_36_86526_0,radiopaedia_case_36,2,1.000001,30,0.1485,small,False
C50_DIS,17,radiopaedia_40_86625_0,radiopaedia_case_40,3,1.000001,0,1371.2962499999999,large,False
C50_DIS,17,radiopaedia_40_86625_0,radiopaedia_case_40,3,1.000001,1,1492.6612499999999,large,False
C50_DIS,17,radiopaedia_40_86625_0,radiopaedia_case_40,3,1.000001,2,9.207,large,False
C50_DIS,17,radiopaedia_40_86625_0,radiopaedia_case_40,3,1.000001,3,0.64125,medium,False
C50_DIS,17,radiopaedia_40_86625_0,radiopaedia_case_40,3,1.000001,4,0.35775,small,False
C50_DIS,17,radiopaedia_40_86625_0,radiopaedia_case_40,3,1.000001,5,0.22275,small,False
C50_DIS,17,radiopaedia_40_86625_0,radiopaedia_case_40,3,1.000001,6,0.108,small,False
C50_DIS,17,radiopaedia_40_86625_0,radiopaedia_case_40,3,1.000001,7,0.5535,medium,False
C50_DIS,17,radiopaedia_40_86625_0,radiopaedia_case_40,3,1.000001,8,3.23325,large,False
C50_DIS,17,radiopaedia_4_85506_1,radiopaedia_case_4,1,1.000001,0,464.71049999999997,large,False
C50_DIS,17,radiopaedia_4_85506_1,radiopaedia_case_4,1,1.000001,1,606.9195,large,False
C50_DIS,17,radiopaedia_4_85506_1,radiopaedia_case_4,1,1.000001,2,20.2635,large,False
C50_DIS,17,radiopaedia_4_85506_1,radiopaedia_case_4,1,1.000001,3,0.135,small,False
C50_DIS,17,radiopaedia_4_85506_1,radiopaedia_case_4,1,1.000001,4,0.5805,medium,False
C50_DIS,17,radiopaedia_4_85506_1,radiopaedia_case_4,1,1.000001,5,6.8985,large,False
C50_DIS,17,radiopaedia_4_85506_1,radiopaedia_case_4,1,1.000001,6,1.3094999999999999,medium,False
C50_DIS,17,radiopaedia_4_85506_1,radiopaedia_case_4,1,1.000001,7,2.6325,medium,False
C50_DIS,17,radiopaedia_4_85506_1,radiopaedia_case_4,1,1.000001,8,0.4455,small,False
C50_DIS,17,radiopaedia_4_85506_1,radiopaedia_case_4,1,1.000001,9,0.2565,small,False
C50_DIS,17,radiopaedia_4_85506_1,radiopaedia_case_4,1,1.000001,10,0.2835,small,False
C50_DIS,17,radiopaedia_4_85506_1,radiopaedia_case_4,1,1.000001,11,1.9575,medium,False
C50_DIS,17,radiopaedia_4_85506_1,radiopaedia_case_4,1,1.000001,12,4.671,large,False
C50_DIS,17,radiopaedia_4_85506_1,radiopaedia_case_4,1,1.000001,13,1.9845,medium,False
C50_DIS,17,radiopaedia_4_85506_1,radiopaedia_case_4,1,1.000001,14,8.046,large,False
C50_DIS,17,radiopaedia_4_85506_1,radiopaedia_case_4,1,1.000001,15,0.567,medium,False
C50_DIS,17,radiopaedia_4_85506_1,radiopaedia_case_4,1,1.000001,16,6.8985,large,False
C50_DIS,17,radiopaedia_4_85506_1,radiopaedia_case_4,1,1.000001,17,0.378,small,False
C50_DIS,17,radiopaedia_4_85506_1,radiopaedia_case_4,1,1.000001,18,0.7965,medium,False
C50_DIS,17,radiopaedia_4_85506_1,radiopaedia_case_4,1,1.000001,19,25.7985,large,False
C50_DIS,17,radiopaedia_4_85506_1,radiopaedia_case_4,1,1.000001,20,0.162,small,False
C50_DIS,17,radiopaedia_4_85506_1,radiopaedia_case_4,1,1.000001,21,0.8099999999999999,medium,False
C50_DIS,17,radiopaedia_4_85506_1,radiopaedia_case_4,1,1.000001,22,1.0395,medium,False
C50_DIS,17,radiopaedia_4_85506_1,radiopaedia_case_4,1,1.000001,23,1.161,medium,False
C50_DIS,17,radiopaedia_4_85506_1,radiopaedia_case_4,1,1.000001,24,0.8099999999999999,medium,False
C50_DIS,17,radiopaedia_4_85506_1,radiopaedia_case_4,1,1.000001,25,0.567,medium,False
C50_DIS,17,radiopaedia_4_85506_1,radiopaedia_case_4,1,1.000001,26,1.2015,medium,False
C50_DIS,17,radiopaedia_4_85506_1,radiopaedia_case_4,1,1.000001,27,0.4455,small,False
C50_DIS,17,radiopaedia_4_85506_1,radiopaedia_case_4,1,1.000001,28,2.6055,medium,False
C50_DIS,17,radiopaedia_7_85703_0,radiopaedia_case_7,2,1.000001,0,810.1485,large,False
C50_DIS,17,radiopaedia_7_85703_0,radiopaedia_case_7,2,1.000001,1,258.255,large,False
C50_DIS,17,radiopaedia_7_85703_0,radiopaedia_case_7,2,1.000001,2,0.7965,medium,False
C50_DIS,17,radiopaedia_7_85703_0,radiopaedia_case_7,2,1.000001,3,2.268,medium,False
C50_DIS,29,coronacases_001,coronacases_001,3,1.000001,0,88.66125,large,False
C50_DIS,29,coronacases_001,coronacases_001,3,1.000001,1,191.09924999999998,large,False
C50_DIS,29,coronacases_001,coronacases_001,3,1.000001,2,0.38475,small,False
C50_DIS,29,coronacases_001,coronacases_001,3,1.000001,3,0.69525,medium,False
C50_DIS,29,coronacases_001,coronacases_001,3,1.000001,4,12.84525,large,False
C50_DIS,29,coronacases_001,coronacases_001,3,1.000001,5,0.20925,small,False
C50_DIS,29,coronacases_001,coronacases_001,3,1.000001,6,0.108,small,False
C50_DIS,29,coronacases_001,coronacases_001,3,1.000001,7,19.1565,large,False
C50_DIS,29,coronacases_001,coronacases_001,3,1.000001,8,0.1215,small,False
C50_DIS,29,coronacases_001,coronacases_001,3,1.000001,9,0.41175,small,False
C50_DIS,29,coronacases_001,coronacases_001,3,1.000001,10,0.45225,small,False
C50_DIS,29,coronacases_001,coronacases_001,3,1.000001,11,1.19475,medium,False
C50_DIS,29,coronacases_001,coronacases_001,3,1.000001,12,0.33075,small,False
C50_DIS,29,coronacases_001,coronacases_001,3,1.000001,13,0.16875,small,False
C50_DIS,29,coronacases_001,coronacases_001,3,1.000001,14,0.2565,small,False
C50_DIS,29,coronacases_001,coronacases_001,3,1.000001,15,0.43875,small,False
C50_DIS,29,coronacases_001,coronacases_001,3,1.000001,16,0.918,medium,False
C50_DIS,29,coronacases_001,coronacases_001,3,1.000001,17,6.3382499999999995,large,False
C50_DIS,29,coronacases_001,coronacases_001,3,1.000001,18,1.32975,medium,False
C50_DIS,29,coronacases_001,coronacases_001,3,1.000001,19,0.14175,small,False
C50_DIS,29,coronacases_001,coronacases_001,3,1.000001,20,0.27675,small,False
C50_DIS,29,coronacases_001,coronacases_001,3,1.000001,21,0.14175,small,False
C50_DIS,29,coronacases_001,coronacases_001,3,1.000001,22,0.162,small,False
C50_DIS,29,coronacases_001,coronacases_001,3,1.000001,23,31.104,large,False
C50_DIS,29,coronacases_001,coronacases_001,3,1.000001,24,5.1907499999999995,large,False
C50_DIS,29,coronacases_001,coronacases_001,3,1.000001,25,0.135,small,False
C50_DIS,29,coronacases_001,coronacases_001,3,1.000001,26,5.50125,large,False
C50_DIS,29,coronacases_001,coronacases_001,3,1.000001,27,34.425,large,False
C50_DIS,29,coronacases_001,coronacases_001,3,1.000001,28,0.2565,small,False
C50_DIS,29,coronacases_001,coronacases_001,3,1.000001,29,0.3105,small,False
C50_DIS,29,coronacases_001,coronacases_001,3,1.000001,30,0.10124999999999999,small,False
C50_DIS,29,coronacases_001,coronacases_001,3,1.000001,31,0.108,small,False
C50_DIS,29,coronacases_001,coronacases_001,3,1.000001,32,0.135,small,False
C50_DIS,29,coronacases_001,coronacases_001,3,1.000001,33,0.11475,small,False
C50_DIS,29,coronacases_001,coronacases_001,3,1.000001,34,2.55825,medium,False
C50_DIS,29,coronacases_001,coronacases_001,3,1.000001,35,0.3645,small,False
C50_DIS,29,coronacases_001,coronacases_001,3,1.000001,36,7.344,large,False
C50_DIS,29,coronacases_001,coronacases_001,3,1.000001,37,1.755,medium,False
C50_DIS,29,coronacases_001,coronacases_001,3,1.000001,38,0.1485,small,False
C50_DIS,29,coronacases_001,coronacases_001,3,1.000001,39,2.3625,medium,False
C50_DIS,29,coronacases_001,coronacases_001,3,1.000001,40,0.41175,small,False
C50_DIS,29,coronacases_001,coronacases_001,3,1.000001,41,0.26325,small,False
C50_DIS,29,coronacases_001,coronacases_001,3,1.000001,42,0.19575,small,False
C50_DIS,29,coronacases_001,coronacases_001,3,1.000001,43,1.92375,medium,False
C50_DIS,29,coronacases_002,coronacases_002,0,1.000001,0,21.384,large,False
C50_DIS,29,coronacases_002,coronacases_002,0,1.000001,1,2.63925,medium,False
C50_DIS,29,coronacases_002,coronacases_002,0,1.000001,2,0.378,small,False
C50_DIS,29,coronacases_002,coronacases_002,0,1.000001,3,28.3365,large,False
C50_DIS,29,coronacases_002,coronacases_002,0,1.000001,4,0.1215,small,False
C50_DIS,29,coronacases_002,coronacases_002,0,1.000001,5,24.084,large,False
C50_DIS,29,coronacases_002,coronacases_002,0,1.000001,6,4.97475,large,False
C50_DIS,29,coronacases_002,coronacases_002,0,1.000001,7,0.76275,medium,False
C50_DIS,29,coronacases_002,coronacases_002,0,1.000001,8,15.47775,large,False
C50_DIS,29,coronacases_002,coronacases_002,0,1.000001,9,0.999,medium,False
C50_DIS,29,coronacases_002,coronacases_002,0,1.000001,10,5.28525,large,False
C50_DIS,29,coronacases_002,coronacases_002,0,1.000001,11,0.3645,small,False
C50_DIS,29,coronacases_002,coronacases_002,0,1.000001,12,0.31725,small,False
C50_DIS,29,coronacases_002,coronacases_002,0,1.000001,13,0.918,medium,False
C50_DIS,29,coronacases_002,coronacases_002,0,1.000001,14,3.699,large,False
C50_DIS,29,coronacases_002,coronacases_002,0,1.000001,15,22.68,large,False
C50_DIS,29,coronacases_002,coronacases_002,0,1.000001,16,0.486,medium,False
C50_DIS,29,coronacases_002,coronacases_002,0,1.000001,17,16.6995,large,False
C50_DIS,29,coronacases_002,coronacases_002,0,1.000001,18,3.3075,large,False
C50_DIS,29,coronacases_002,coronacases_002,0,1.000001,19,0.1215,small,False
C50_DIS,29,coronacases_002,coronacases_002,0,1.000001,20,28.538999999999998,large,False
C50_DIS,29,coronacases_002,coronacases_002,0,1.000001,21,1.86975,medium,False
C50_DIS,29,coronacases_002,coronacases_002,0,1.000001,22,4.32,large,False
C50_DIS,29,coronacases_002,coronacases_002,0,1.000001,23,0.8099999999999999,medium,False
C50_DIS,29,coronacases_002,coronacases_002,0,1.000001,24,1.917,medium,False
C50_DIS,29,coronacases_002,coronacases_002,0,1.000001,25,0.27,small,False
C50_DIS,29,coronacases_003,coronacases_003,3,1.000001,0,499.77,large,False
C50_DIS,29,coronacases_003,coronacases_003,3,1.000001,1,495.7875,large,False
C50_DIS,29,coronacases_003,coronacases_003,3,1.000001,2,6.642,large,False
C50_DIS,29,coronacases_003,coronacases_003,3,1.000001,3,0.47925,medium,False
C50_DIS,29,coronacases_003,coronacases_003,3,1.000001,4,1.8495,medium,False
C50_DIS,29,coronacases_003,coronacases_003,3,1.000001,5,0.11475,small,False
C50_DIS,29,coronacases_003,coronacases_003,3,1.000001,6,0.432,small,False
C50_DIS,29,coronacases_003,coronacases_003,3,1.000001,7,0.29025,small,False
C50_DIS,29,coronacases_003,coronacases_003,3,1.000001,8,0.12825,small,False
C50_DIS,29,coronacases_003,coronacases_003,3,1.000001,9,0.12825,small,False
C50_DIS,29,coronacases_003,coronacases_003,3,1.000001,10,0.20925,small,False
C50_DIS,29,coronacases_003,coronacases_003,3,1.000001,11,2.727,medium,False
C50_DIS,29,coronacases_003,coronacases_003,3,1.000001,12,0.6345,medium,False
C50_DIS,29,coronacases_003,coronacases_003,3,1.000001,13,0.5265,medium,False
C50_DIS,29,coronacases_003,coronacases_003,3,1.000001,14,0.189,small,False
C50_DIS,29,coronacases_003,coronacases_003,3,1.000001,15,0.9855,medium,False
C50_DIS,29,coronacases_003,coronacases_003,3,1.000001,16,0.243,small,False
C50_DIS,29,coronacases_003,coronacases_003,3,1.000001,17,0.47925,medium,False
C50_DIS,29,coronacases_003,coronacases_003,3,1.000001,18,0.16875,small,False
C50_DIS,29,coronacases_003,coronacases_003,3,1.000001,19,0.24975,small,False
C50_DIS,29,coronacases_003,coronacases_003,3,1.000001,20,0.4185,small,False
C50_DIS,29,coronacases_003,coronacases_003,3,1.000001,21,2.35575,medium,False
C50_DIS,29,coronacases_003,coronacases_003,3,1.000001,22,0.297,small,False
C50_DIS,29,coronacases_003,coronacases_003,3,1.000001,23,0.2295,small,False
C50_DIS,29,coronacases_003,coronacases_003,3,1.000001,24,0.2835,small,False
C50_DIS,29,coronacases_003,coronacases_003,3,1.000001,25,0.76275,medium,False
C50_DIS,29,coronacases_003,coronacases_003,3,1.000001,26,0.10124999999999999,small,False
C50_DIS,29,coronacases_003,coronacases_003,3,1.000001,27,1.5255,medium,False
C50_DIS,29,coronacases_003,coronacases_003,3,1.000001,28,2.54475,medium,False
C50_DIS,29,coronacases_003,coronacases_003,3,1.000001,29,0.945,medium,False
C50_DIS,29,coronacases_003,coronacases_003,3,1.000001,30,0.3375,small,False
C50_DIS,29,coronacases_003,coronacases_003,3,1.000001,31,2.7675,medium,False
C50_DIS,29,coronacases_003,coronacases_003,3,1.000001,32,7.66125,large,False
C50_DIS,29,coronacases_003,coronacases_003,3,1.000001,33,2.862,large,False
C50_DIS,29,coronacases_003,coronacases_003,3,1.000001,34,1.674,medium,False
C50_DIS,29,coronacases_003,coronacases_003,3,1.000001,35,0.189,small,False
C50_DIS,29,coronacases_005,coronacases_005,0,1.000001,0,79.353,large,False
C50_DIS,29,coronacases_005,coronacases_005,0,1.000001,1,2.51775,medium,False
C50_DIS,29,coronacases_006,coronacases_006,2,1.000001,0,129.60675,large,False
C50_DIS,29,coronacases_007,coronacases_007,2,1.000001,0,0.1485,small,False
C50_DIS,29,coronacases_007,coronacases_007,2,1.000001,1,64.3275,large,False
C50_DIS,29,coronacases_007,coronacases_007,2,1.000001,2,0.42525,small,False
C50_DIS,29,coronacases_007,coronacases_007,2,1.000001,3,0.43875,small,False
C50_DIS,29,coronacases_007,coronacases_007,2,1.000001,4,23.598,large,False
C50_DIS,29,coronacases_007,coronacases_007,2,1.000001,5,1.53225,medium,False
C50_DIS,29,coronacases_007,coronacases_007,2,1.000001,6,0.7965,medium,False
C50_DIS,29,coronacases_009,coronacases_009,3,1.000001,0,1.1475,medium,False
C50_DIS,29,coronacases_009,coronacases_009,3,1.000001,1,0.41175,small,False
C50_DIS,29,coronacases_009,coronacases_009,3,1.000001,2,0.135,small,False
C50_DIS,29,coronacases_009,coronacases_009,3,1.000001,3,73.764,large,False
C50_DIS,29,coronacases_009,coronacases_009,3,1.000001,4,0.64125,medium,False
C50_DIS,29,coronacases_009,coronacases_009,3,1.000001,5,0.6345,medium,False
C50_DIS,29,coronacases_009,coronacases_009,3,1.000001,6,0.162,small,False
C50_DIS,29,coronacases_009,coronacases_009,3,1.000001,7,27.54,large,False
C50_DIS,29,coronacases_010,coronacases_010,1,1.000001,0,211.33575,large,False
C50_DIS,29,coronacases_010,coronacases_010,1,1.000001,1,187.0695,large,False
C50_DIS,29,coronacases_010,coronacases_010,1,1.000001,2,2.03175,medium,False
C50_DIS,29,coronacases_010,coronacases_010,1,1.000001,3,0.62775,medium,False
C50_DIS,29,coronacases_010,coronacases_010,1,1.000001,4,0.45225,small,False
C50_DIS,29,coronacases_010,coronacases_010,1,1.000001,5,0.77625,medium,False
C50_DIS,29,radiopaedia_10_85902_1,radiopaedia_case_10,1,1.000001,0,158.976,large,False
C50_DIS,29,radiopaedia_10_85902_1,radiopaedia_case_10,1,1.000001,1,1.3094999999999999,medium,False
C50_DIS,29,radiopaedia_10_85902_3,radiopaedia_case_10,1,1.000001,0,262.51425,large,False
C50_DIS,29,radiopaedia_10_85902_3,radiopaedia_case_10,1,1.000001,1,1.77525,medium,False
C50_DIS,29,radiopaedia_29_86490_1,radiopaedia_case_29,0,1.000001,0,0.324,small,False
C50_DIS,29,radiopaedia_29_86490_1,radiopaedia_case_29,0,1.000001,1,0.1755,small,False
C50_DIS,29,radiopaedia_29_86491_1,radiopaedia_case_29,0,1.000001,0,14.013,large,False
C50_DIS,29,radiopaedia_29_86491_1,radiopaedia_case_29,0,1.000001,1,36.2475,large,False
C50_DIS,29,radiopaedia_29_86491_1,radiopaedia_case_29,0,1.000001,2,0.4995,medium,False
C50_DIS,29,radiopaedia_36_86526_0,radiopaedia_case_36,2,1.000001,0,3.726,large,False
C50_DIS,29,radiopaedia_36_86526_0,radiopaedia_case_36,2,1.000001,1,3.96225,large,False
C50_DIS,29,radiopaedia_36_86526_0,radiopaedia_case_36,2,1.000001,2,4.617,large,False
C50_DIS,29,radiopaedia_36_86526_0,radiopaedia_case_36,2,1.000001,3,1.026,medium,False
C50_DIS,29,radiopaedia_36_86526_0,radiopaedia_case_36,2,1.000001,4,5.832,large,False
C50_DIS,29,radiopaedia_36_86526_0,radiopaedia_case_36,2,1.000001,5,0.4185,small,False
C50_DIS,29,radiopaedia_36_86526_0,radiopaedia_case_36,2,1.000001,6,2.6595,medium,False
C50_DIS,29,radiopaedia_36_86526_0,radiopaedia_case_36,2,1.000001,7,0.972,medium,False
C50_DIS,29,radiopaedia_36_86526_0,radiopaedia_case_36,2,1.000001,8,2.187,medium,False
C50_DIS,29,radiopaedia_36_86526_0,radiopaedia_case_36,2,1.000001,9,6.1695,large,False
C50_DIS,29,radiopaedia_36_86526_0,radiopaedia_case_36,2,1.000001,10,1.593,medium,False
C50_DIS,29,radiopaedia_36_86526_0,radiopaedia_case_36,2,1.000001,11,4.7115,large,False
C50_DIS,29,radiopaedia_36_86526_0,radiopaedia_case_36,2,1.000001,12,0.4725,small,False
C50_DIS,29,radiopaedia_36_86526_0,radiopaedia_case_36,2,1.000001,13,9.504,large,False
C50_DIS,29,radiopaedia_36_86526_0,radiopaedia_case_36,2,1.000001,14,3.564,large,False
C50_DIS,29,radiopaedia_36_86526_0,radiopaedia_case_36,2,1.000001,15,8.829,large,False
C50_DIS,29,radiopaedia_36_86526_0,radiopaedia_case_36,2,1.000001,16,35.802,large,False
C50_DIS,29,radiopaedia_36_86526_0,radiopaedia_case_36,2,1.000001,17,10.0035,large,False
C50_DIS,29,radiopaedia_36_86526_0,radiopaedia_case_36,2,1.000001,18,0.675,medium,False
C50_DIS,29,radiopaedia_36_86526_0,radiopaedia_case_36,2,1.000001,19,27.1755,large,False
C50_DIS,29,radiopaedia_36_86526_0,radiopaedia_case_36,2,1.000001,20,7.587,large,False
C50_DIS,29,radiopaedia_36_86526_0,radiopaedia_case_36,2,1.000001,21,8.856,large,False
C50_DIS,29,radiopaedia_36_86526_0,radiopaedia_case_36,2,1.000001,22,4.0635,large,False
C50_DIS,29,radiopaedia_36_86526_0,radiopaedia_case_36,2,1.000001,23,0.675,medium,False
C50_DIS,29,radiopaedia_36_86526_0,radiopaedia_case_36,2,1.000001,24,12.3525,large,False
C50_DIS,29,radiopaedia_36_86526_0,radiopaedia_case_36,2,1.000001,25,1.6335,medium,False
C50_DIS,29,radiopaedia_36_86526_0,radiopaedia_case_36,2,1.000001,26,0.702,medium,False
C50_DIS,29,radiopaedia_36_86526_0,radiopaedia_case_36,2,1.000001,27,11.232,large,False
C50_DIS,29,radiopaedia_36_86526_0,radiopaedia_case_36,2,1.000001,28,0.4725,small,False
C50_DIS,29,radiopaedia_36_86526_0,radiopaedia_case_36,2,1.000001,29,4.806,large,False
C50_DIS,29,radiopaedia_36_86526_0,radiopaedia_case_36,2,1.000001,30,0.1485,small,False
C50_DIS,29,radiopaedia_40_86625_0,radiopaedia_case_40,3,1.000001,0,1371.2962499999999,large,False
C50_DIS,29,radiopaedia_40_86625_0,radiopaedia_case_40,3,1.000001,1,1492.6612499999999,large,False
C50_DIS,29,radiopaedia_40_86625_0,radiopaedia_case_40,3,1.000001,2,9.207,large,False
C50_DIS,29,radiopaedia_40_86625_0,radiopaedia_case_40,3,1.000001,3,0.64125,medium,False
C50_DIS,29,radiopaedia_40_86625_0,radiopaedia_case_40,3,1.000001,4,0.35775,small,False
C50_DIS,29,radiopaedia_40_86625_0,radiopaedia_case_40,3,1.000001,5,0.22275,small,False
C50_DIS,29,radiopaedia_40_86625_0,radiopaedia_case_40,3,1.000001,6,0.108,small,False
C50_DIS,29,radiopaedia_40_86625_0,radiopaedia_case_40,3,1.000001,7,0.5535,medium,False
C50_DIS,29,radiopaedia_40_86625_0,radiopaedia_case_40,3,1.000001,8,3.23325,large,False
C50_DIS,29,radiopaedia_4_85506_1,radiopaedia_case_4,1,1.000001,0,464.71049999999997,large,False
C50_DIS,29,radiopaedia_4_85506_1,radiopaedia_case_4,1,1.000001,1,606.9195,large,False
C50_DIS,29,radiopaedia_4_85506_1,radiopaedia_case_4,1,1.000001,2,20.2635,large,False
C50_DIS,29,radiopaedia_4_85506_1,radiopaedia_case_4,1,1.000001,3,0.135,small,False
C50_DIS,29,radiopaedia_4_85506_1,radiopaedia_case_4,1,1.000001,4,0.5805,medium,False
C50_DIS,29,radiopaedia_4_85506_1,radiopaedia_case_4,1,1.000001,5,6.8985,large,False
C50_DIS,29,radiopaedia_4_85506_1,radiopaedia_case_4,1,1.000001,6,1.3094999999999999,medium,False
C50_DIS,29,radiopaedia_4_85506_1,radiopaedia_case_4,1,1.000001,7,2.6325,medium,False
C50_DIS,29,radiopaedia_4_85506_1,radiopaedia_case_4,1,1.000001,8,0.4455,small,False
C50_DIS,29,radiopaedia_4_85506_1,radiopaedia_case_4,1,1.000001,9,0.2565,small,False
C50_DIS,29,radiopaedia_4_85506_1,radiopaedia_case_4,1,1.000001,10,0.2835,small,False
C50_DIS,29,radiopaedia_4_85506_1,radiopaedia_case_4,1,1.000001,11,1.9575,medium,False
C50_DIS,29,radiopaedia_4_85506_1,radiopaedia_case_4,1,1.000001,12,4.671,large,False
C50_DIS,29,radiopaedia_4_85506_1,radiopaedia_case_4,1,1.000001,13,1.9845,medium,False
C50_DIS,29,radiopaedia_4_85506_1,radiopaedia_case_4,1,1.000001,14,8.046,large,False
C50_DIS,29,radiopaedia_4_85506_1,radiopaedia_case_4,1,1.000001,15,0.567,medium,False
C50_DIS,29,radiopaedia_4_85506_1,radiopaedia_case_4,1,1.000001,16,6.8985,large,False
C50_DIS,29,radiopaedia_4_85506_1,radiopaedia_case_4,1,1.000001,17,0.378,small,False
C50_DIS,29,radiopaedia_4_85506_1,radiopaedia_case_4,1,1.000001,18,0.7965,medium,False
C50_DIS,29,radiopaedia_4_85506_1,radiopaedia_case_4,1,1.000001,19,25.7985,large,False
C50_DIS,29,radiopaedia_4_85506_1,radiopaedia_case_4,1,1.000001,20,0.162,small,False
C50_DIS,29,radiopaedia_4_85506_1,radiopaedia_case_4,1,1.000001,21,0.8099999999999999,medium,False
C50_DIS,29,radiopaedia_4_85506_1,radiopaedia_case_4,1,1.000001,22,1.0395,medium,False
C50_DIS,29,radiopaedia_4_85506_1,radiopaedia_case_4,1,1.000001,23,1.161,medium,False
C50_DIS,29,radiopaedia_4_85506_1,radiopaedia_case_4,1,1.000001,24,0.8099999999999999,medium,False
C50_DIS,29,radiopaedia_4_85506_1,radiopaedia_case_4,1,1.000001,25,0.567,medium,False
C50_DIS,29,radiopaedia_4_85506_1,radiopaedia_case_4,1,1.000001,26,1.2015,medium,False
C50_DIS,29,radiopaedia_4_85506_1,radiopaedia_case_4,1,1.000001,27,0.4455,small,False
C50_DIS,29,radiopaedia_4_85506_1,radiopaedia_case_4,1,1.000001,28,2.6055,medium,False
C50_DIS,29,radiopaedia_7_85703_0,radiopaedia_case_7,2,1.000001,0,810.1485,large,False
C50_DIS,29,radiopaedia_7_85703_0,radiopaedia_case_7,2,1.000001,1,258.255,large,False
C50_DIS,29,radiopaedia_7_85703_0,radiopaedia_case_7,2,1.000001,2,0.7965,medium,False
C50_DIS,29,radiopaedia_7_85703_0,radiopaedia_case_7,2,1.000001,3,2.268,medium,False
C50_DIS,43,coronacases_001,coronacases_001,3,1.000001,0,88.66125,large,False
C50_DIS,43,coronacases_001,coronacases_001,3,1.000001,1,191.09924999999998,large,False
C50_DIS,43,coronacases_001,coronacases_001,3,1.000001,2,0.38475,small,False
C50_DIS,43,coronacases_001,coronacases_001,3,1.000001,3,0.69525,medium,False
C50_DIS,43,coronacases_001,coronacases_001,3,1.000001,4,12.84525,large,False
C50_DIS,43,coronacases_001,coronacases_001,3,1.000001,5,0.20925,small,False
C50_DIS,43,coronacases_001,coronacases_001,3,1.000001,6,0.108,small,False
C50_DIS,43,coronacases_001,coronacases_001,3,1.000001,7,19.1565,large,False
C50_DIS,43,coronacases_001,coronacases_001,3,1.000001,8,0.1215,small,False
C50_DIS,43,coronacases_001,coronacases_001,3,1.000001,9,0.41175,small,False
C50_DIS,43,coronacases_001,coronacases_001,3,1.000001,10,0.45225,small,False
C50_DIS,43,coronacases_001,coronacases_001,3,1.000001,11,1.19475,medium,False
C50_DIS,43,coronacases_001,coronacases_001,3,1.000001,12,0.33075,small,False
C50_DIS,43,coronacases_001,coronacases_001,3,1.000001,13,0.16875,small,False
C50_DIS,43,coronacases_001,coronacases_001,3,1.000001,14,0.2565,small,False
C50_DIS,43,coronacases_001,coronacases_001,3,1.000001,15,0.43875,small,False
C50_DIS,43,coronacases_001,coronacases_001,3,1.000001,16,0.918,medium,False
C50_DIS,43,coronacases_001,coronacases_001,3,1.000001,17,6.3382499999999995,large,False
C50_DIS,43,coronacases_001,coronacases_001,3,1.000001,18,1.32975,medium,False
C50_DIS,43,coronacases_001,coronacases_001,3,1.000001,19,0.14175,small,False
C50_DIS,43,coronacases_001,coronacases_001,3,1.000001,20,0.27675,small,False
C50_DIS,43,coronacases_001,coronacases_001,3,1.000001,21,0.14175,small,False
C50_DIS,43,coronacases_001,coronacases_001,3,1.000001,22,0.162,small,False
C50_DIS,43,coronacases_001,coronacases_001,3,1.000001,23,31.104,large,False
C50_DIS,43,coronacases_001,coronacases_001,3,1.000001,24,5.1907499999999995,large,False
C50_DIS,43,coronacases_001,coronacases_001,3,1.000001,25,0.135,small,False
C50_DIS,43,coronacases_001,coronacases_001,3,1.000001,26,5.50125,large,False
C50_DIS,43,coronacases_001,coronacases_001,3,1.000001,27,34.425,large,False
C50_DIS,43,coronacases_001,coronacases_001,3,1.000001,28,0.2565,small,False
C50_DIS,43,coronacases_001,coronacases_001,3,1.000001,29,0.3105,small,False
C50_DIS,43,coronacases_001,coronacases_001,3,1.000001,30,0.10124999999999999,small,False
C50_DIS,43,coronacases_001,coronacases_001,3,1.000001,31,0.108,small,False
C50_DIS,43,coronacases_001,coronacases_001,3,1.000001,32,0.135,small,False
C50_DIS,43,coronacases_001,coronacases_001,3,1.000001,33,0.11475,small,False
C50_DIS,43,coronacases_001,coronacases_001,3,1.000001,34,2.55825,medium,False
C50_DIS,43,coronacases_001,coronacases_001,3,1.000001,35,0.3645,small,False
C50_DIS,43,coronacases_001,coronacases_001,3,1.000001,36,7.344,large,False
C50_DIS,43,coronacases_001,coronacases_001,3,1.000001,37,1.755,medium,False
C50_DIS,43,coronacases_001,coronacases_001,3,1.000001,38,0.1485,small,False
C50_DIS,43,coronacases_001,coronacases_001,3,1.000001,39,2.3625,medium,False
C50_DIS,43,coronacases_001,coronacases_001,3,1.000001,40,0.41175,small,False
C50_DIS,43,coronacases_001,coronacases_001,3,1.000001,41,0.26325,small,False
C50_DIS,43,coronacases_001,coronacases_001,3,1.000001,42,0.19575,small,False
C50_DIS,43,coronacases_001,coronacases_001,3,1.000001,43,1.92375,medium,False
C50_DIS,43,coronacases_002,coronacases_002,0,1.000001,0,21.384,large,False
C50_DIS,43,coronacases_002,coronacases_002,0,1.000001,1,2.63925,medium,False
C50_DIS,43,coronacases_002,coronacases_002,0,1.000001,2,0.378,small,False
C50_DIS,43,coronacases_002,coronacases_002,0,1.000001,3,28.3365,large,False
C50_DIS,43,coronacases_002,coronacases_002,0,1.000001,4,0.1215,small,False
C50_DIS,43,coronacases_002,coronacases_002,0,1.000001,5,24.084,large,False
C50_DIS,43,coronacases_002,coronacases_002,0,1.000001,6,4.97475,large,False
C50_DIS,43,coronacases_002,coronacases_002,0,1.000001,7,0.76275,medium,False
C50_DIS,43,coronacases_002,coronacases_002,0,1.000001,8,15.47775,large,False
C50_DIS,43,coronacases_002,coronacases_002,0,1.000001,9,0.999,medium,False
C50_DIS,43,coronacases_002,coronacases_002,0,1.000001,10,5.28525,large,False
C50_DIS,43,coronacases_002,coronacases_002,0,1.000001,11,0.3645,small,False
C50_DIS,43,coronacases_002,coronacases_002,0,1.000001,12,0.31725,small,False
C50_DIS,43,coronacases_002,coronacases_002,0,1.000001,13,0.918,medium,False
C50_DIS,43,coronacases_002,coronacases_002,0,1.000001,14,3.699,large,False
C50_DIS,43,coronacases_002,coronacases_002,0,1.000001,15,22.68,large,False
C50_DIS,43,coronacases_002,coronacases_002,0,1.000001,16,0.486,medium,False
C50_DIS,43,coronacases_002,coronacases_002,0,1.000001,17,16.6995,large,False
C50_DIS,43,coronacases_002,coronacases_002,0,1.000001,18,3.3075,large,False
C50_DIS,43,coronacases_002,coronacases_002,0,1.000001,19,0.1215,small,False
C50_DIS,43,coronacases_002,coronacases_002,0,1.000001,20,28.538999999999998,large,False
C50_DIS,43,coronacases_002,coronacases_002,0,1.000001,21,1.86975,medium,False
C50_DIS,43,coronacases_002,coronacases_002,0,1.000001,22,4.32,large,False
C50_DIS,43,coronacases_002,coronacases_002,0,1.000001,23,0.8099999999999999,medium,False
C50_DIS,43,coronacases_002,coronacases_002,0,1.000001,24,1.917,medium,False
C50_DIS,43,coronacases_002,coronacases_002,0,1.000001,25,0.27,small,False
C50_DIS,43,coronacases_003,coronacases_003,3,1.000001,0,499.77,large,False
C50_DIS,43,coronacases_003,coronacases_003,3,1.000001,1,495.7875,large,False
C50_DIS,43,coronacases_003,coronacases_003,3,1.000001,2,6.642,large,False
C50_DIS,43,coronacases_003,coronacases_003,3,1.000001,3,0.47925,medium,False
C50_DIS,43,coronacases_003,coronacases_003,3,1.000001,4,1.8495,medium,False
C50_DIS,43,coronacases_003,coronacases_003,3,1.000001,5,0.11475,small,False
C50_DIS,43,coronacases_003,coronacases_003,3,1.000001,6,0.432,small,False
C50_DIS,43,coronacases_003,coronacases_003,3,1.000001,7,0.29025,small,False
C50_DIS,43,coronacases_003,coronacases_003,3,1.000001,8,0.12825,small,False
C50_DIS,43,coronacases_003,coronacases_003,3,1.000001,9,0.12825,small,False
C50_DIS,43,coronacases_003,coronacases_003,3,1.000001,10,0.20925,small,False
C50_DIS,43,coronacases_003,coronacases_003,3,1.000001,11,2.727,medium,False
C50_DIS,43,coronacases_003,coronacases_003,3,1.000001,12,0.6345,medium,False
C50_DIS,43,coronacases_003,coronacases_003,3,1.000001,13,0.5265,medium,False
C50_DIS,43,coronacases_003,coronacases_003,3,1.000001,14,0.189,small,False
C50_DIS,43,coronacases_003,coronacases_003,3,1.000001,15,0.9855,medium,False
C50_DIS,43,coronacases_003,coronacases_003,3,1.000001,16,0.243,small,False
C50_DIS,43,coronacases_003,coronacases_003,3,1.000001,17,0.47925,medium,False
C50_DIS,43,coronacases_003,coronacases_003,3,1.000001,18,0.16875,small,False
C50_DIS,43,coronacases_003,coronacases_003,3,1.000001,19,0.24975,small,False
C50_DIS,43,coronacases_003,coronacases_003,3,1.000001,20,0.4185,small,False
C50_DIS,43,coronacases_003,coronacases_003,3,1.000001,21,2.35575,medium,False
C50_DIS,43,coronacases_003,coronacases_003,3,1.000001,22,0.297,small,False
C50_DIS,43,coronacases_003,coronacases_003,3,1.000001,23,0.2295,small,False
C50_DIS,43,coronacases_003,coronacases_003,3,1.000001,24,0.2835,small,False
C50_DIS,43,coronacases_003,coronacases_003,3,1.000001,25,0.76275,medium,False
C50_DIS,43,coronacases_003,coronacases_003,3,1.000001,26,0.10124999999999999,small,False
C50_DIS,43,coronacases_003,coronacases_003,3,1.000001,27,1.5255,medium,False
C50_DIS,43,coronacases_003,coronacases_003,3,1.000001,28,2.54475,medium,False
C50_DIS,43,coronacases_003,coronacases_003,3,1.000001,29,0.945,medium,False
C50_DIS,43,coronacases_003,coronacases_003,3,1.000001,30,0.3375,small,False
C50_DIS,43,coronacases_003,coronacases_003,3,1.000001,31,2.7675,medium,False
C50_DIS,43,coronacases_003,coronacases_003,3,1.000001,32,7.66125,large,False
C50_DIS,43,coronacases_003,coronacases_003,3,1.000001,33,2.862,large,False
C50_DIS,43,coronacases_003,coronacases_003,3,1.000001,34,1.674,medium,False
C50_DIS,43,coronacases_003,coronacases_003,3,1.000001,35,0.189,small,False
C50_DIS,43,coronacases_005,coronacases_005,0,1.000001,0,79.353,large,False
C50_DIS,43,coronacases_005,coronacases_005,0,1.000001,1,2.51775,medium,False
C50_DIS,43,coronacases_006,coronacases_006,2,1.000001,0,129.60675,large,False
C50_DIS,43,coronacases_007,coronacases_007,2,1.000001,0,0.1485,small,False
C50_DIS,43,coronacases_007,coronacases_007,2,1.000001,1,64.3275,large,False
C50_DIS,43,coronacases_007,coronacases_007,2,1.000001,2,0.42525,small,False
C50_DIS,43,coronacases_007,coronacases_007,2,1.000001,3,0.43875,small,False
C50_DIS,43,coronacases_007,coronacases_007,2,1.000001,4,23.598,large,False
C50_DIS,43,coronacases_007,coronacases_007,2,1.000001,5,1.53225,medium,False
C50_DIS,43,coronacases_007,coronacases_007,2,1.000001,6,0.7965,medium,False
C50_DIS,43,coronacases_009,coronacases_009,3,1.000001,0,1.1475,medium,False
C50_DIS,43,coronacases_009,coronacases_009,3,1.000001,1,0.41175,small,False
C50_DIS,43,coronacases_009,coronacases_009,3,1.000001,2,0.135,small,False
C50_DIS,43,coronacases_009,coronacases_009,3,1.000001,3,73.764,large,False
C50_DIS,43,coronacases_009,coronacases_009,3,1.000001,4,0.64125,medium,False
C50_DIS,43,coronacases_009,coronacases_009,3,1.000001,5,0.6345,medium,False
C50_DIS,43,coronacases_009,coronacases_009,3,1.000001,6,0.162,small,False
C50_DIS,43,coronacases_009,coronacases_009,3,1.000001,7,27.54,large,False
C50_DIS,43,coronacases_010,coronacases_010,1,1.000001,0,211.33575,large,False
C50_DIS,43,coronacases_010,coronacases_010,1,1.000001,1,187.0695,large,False
C50_DIS,43,coronacases_010,coronacases_010,1,1.000001,2,2.03175,medium,False
C50_DIS,43,coronacases_010,coronacases_010,1,1.000001,3,0.62775,medium,False
C50_DIS,43,coronacases_010,coronacases_010,1,1.000001,4,0.45225,small,False
C50_DIS,43,coronacases_010,coronacases_010,1,1.000001,5,0.77625,medium,False
C50_DIS,43,radiopaedia_10_85902_1,radiopaedia_case_10,1,1.000001,0,158.976,large,False
C50_DIS,43,radiopaedia_10_85902_1,radiopaedia_case_10,1,1.000001,1,1.3094999999999999,medium,False
C50_DIS,43,radiopaedia_10_85902_3,radiopaedia_case_10,1,1.000001,0,262.51425,large,False
C50_DIS,43,radiopaedia_10_85902_3,radiopaedia_case_10,1,1.000001,1,1.77525,medium,False
C50_DIS,43,radiopaedia_29_86490_1,radiopaedia_case_29,0,1.000001,0,0.324,small,False
C50_DIS,43,radiopaedia_29_86490_1,radiopaedia_case_29,0,1.000001,1,0.1755,small,False
C50_DIS,43,radiopaedia_29_86491_1,radiopaedia_case_29,0,1.000001,0,14.013,large,False
C50_DIS,43,radiopaedia_29_86491_1,radiopaedia_case_29,0,1.000001,1,36.2475,large,False
C50_DIS,43,radiopaedia_29_86491_1,radiopaedia_case_29,0,1.000001,2,0.4995,medium,False
C50_DIS,43,radiopaedia_36_86526_0,radiopaedia_case_36,2,1.000001,0,3.726,large,False
C50_DIS,43,radiopaedia_36_86526_0,radiopaedia_case_36,2,1.000001,1,3.96225,large,False
C50_DIS,43,radiopaedia_36_86526_0,radiopaedia_case_36,2,1.000001,2,4.617,large,False
C50_DIS,43,radiopaedia_36_86526_0,radiopaedia_case_36,2,1.000001,3,1.026,medium,False
C50_DIS,43,radiopaedia_36_86526_0,radiopaedia_case_36,2,1.000001,4,5.832,large,False
C50_DIS,43,radiopaedia_36_86526_0,radiopaedia_case_36,2,1.000001,5,0.4185,small,False
C50_DIS,43,radiopaedia_36_86526_0,radiopaedia_case_36,2,1.000001,6,2.6595,medium,False
C50_DIS,43,radiopaedia_36_86526_0,radiopaedia_case_36,2,1.000001,7,0.972,medium,False
C50_DIS,43,radiopaedia_36_86526_0,radiopaedia_case_36,2,1.000001,8,2.187,medium,False
C50_DIS,43,radiopaedia_36_86526_0,radiopaedia_case_36,2,1.000001,9,6.1695,large,False
C50_DIS,43,radiopaedia_36_86526_0,radiopaedia_case_36,2,1.000001,10,1.593,medium,False
C50_DIS,43,radiopaedia_36_86526_0,radiopaedia_case_36,2,1.000001,11,4.7115,large,False
C50_DIS,43,radiopaedia_36_86526_0,radiopaedia_case_36,2,1.000001,12,0.4725,small,False
C50_DIS,43,radiopaedia_36_86526_0,radiopaedia_case_36,2,1.000001,13,9.504,large,False
C50_DIS,43,radiopaedia_36_86526_0,radiopaedia_case_36,2,1.000001,14,3.564,large,False
C50_DIS,43,radiopaedia_36_86526_0,radiopaedia_case_36,2,1.000001,15,8.829,large,False
C50_DIS,43,radiopaedia_36_86526_0,radiopaedia_case_36,2,1.000001,16,35.802,large,False
C50_DIS,43,radiopaedia_36_86526_0,radiopaedia_case_36,2,1.000001,17,10.0035,large,False
C50_DIS,43,radiopaedia_36_86526_0,radiopaedia_case_36,2,1.000001,18,0.675,medium,False
C50_DIS,43,radiopaedia_36_86526_0,radiopaedia_case_36,2,1.000001,19,27.1755,large,False
C50_DIS,43,radiopaedia_36_86526_0,radiopaedia_case_36,2,1.000001,20,7.587,large,False
C50_DIS,43,radiopaedia_36_86526_0,radiopaedia_case_36,2,1.000001,21,8.856,large,False
C50_DIS,43,radiopaedia_36_86526_0,radiopaedia_case_36,2,1.000001,22,4.0635,large,False
C50_DIS,43,radiopaedia_36_86526_0,radiopaedia_case_36,2,1.000001,23,0.675,medium,False
C50_DIS,43,radiopaedia_36_86526_0,radiopaedia_case_36,2,1.000001,24,12.3525,large,False
C50_DIS,43,radiopaedia_36_86526_0,radiopaedia_case_36,2,1.000001,25,1.6335,medium,False
C50_DIS,43,radiopaedia_36_86526_0,radiopaedia_case_36,2,1.000001,26,0.702,medium,False
C50_DIS,43,radiopaedia_36_86526_0,radiopaedia_case_36,2,1.000001,27,11.232,large,False
C50_DIS,43,radiopaedia_36_86526_0,radiopaedia_case_36,2,1.000001,28,0.4725,small,False
C50_DIS,43,radiopaedia_36_86526_0,radiopaedia_case_36,2,1.000001,29,4.806,large,False
C50_DIS,43,radiopaedia_36_86526_0,radiopaedia_case_36,2,1.000001,30,0.1485,small,False
C50_DIS,43,radiopaedia_40_86625_0,radiopaedia_case_40,3,1.000001,0,1371.2962499999999,large,False
C50_DIS,43,radiopaedia_40_86625_0,radiopaedia_case_40,3,1.000001,1,1492.6612499999999,large,False
C50_DIS,43,radiopaedia_40_86625_0,radiopaedia_case_40,3,1.000001,2,9.207,large,False
C50_DIS,43,radiopaedia_40_86625_0,radiopaedia_case_40,3,1.000001,3,0.64125,medium,False
C50_DIS,43,radiopaedia_40_86625_0,radiopaedia_case_40,3,1.000001,4,0.35775,small,False
C50_DIS,43,radiopaedia_40_86625_0,radiopaedia_case_40,3,1.000001,5,0.22275,small,False
C50_DIS,43,radiopaedia_40_86625_0,radiopaedia_case_40,3,1.000001,6,0.108,small,False
C50_DIS,43,radiopaedia_40_86625_0,radiopaedia_case_40,3,1.000001,7,0.5535,medium,False
C50_DIS,43,radiopaedia_40_86625_0,radiopaedia_case_40,3,1.000001,8,3.23325,large,False
C50_DIS,43,radiopaedia_4_85506_1,radiopaedia_case_4,1,1.000001,0,464.71049999999997,large,False
C50_DIS,43,radiopaedia_4_85506_1,radiopaedia_case_4,1,1.000001,1,606.9195,large,False
C50_DIS,43,radiopaedia_4_85506_1,radiopaedia_case_4,1,1.000001,2,20.2635,large,False
C50_DIS,43,radiopaedia_4_85506_1,radiopaedia_case_4,1,1.000001,3,0.135,small,False
C50_DIS,43,radiopaedia_4_85506_1,radiopaedia_case_4,1,1.000001,4,0.5805,medium,False
C50_DIS,43,radiopaedia_4_85506_1,radiopaedia_case_4,1,1.000001,5,6.8985,large,False
C50_DIS,43,radiopaedia_4_85506_1,radiopaedia_case_4,1,1.000001,6,1.3094999999999999,medium,False
C50_DIS,43,radiopaedia_4_85506_1,radiopaedia_case_4,1,1.000001,7,2.6325,medium,False
C50_DIS,43,radiopaedia_4_85506_1,radiopaedia_case_4,1,1.000001,8,0.4455,small,False
C50_DIS,43,radiopaedia_4_85506_1,radiopaedia_case_4,1,1.000001,9,0.2565,small,False
C50_DIS,43,radiopaedia_4_85506_1,radiopaedia_case_4,1,1.000001,10,0.2835,small,False
C50_DIS,43,radiopaedia_4_85506_1,radiopaedia_case_4,1,1.000001,11,1.9575,medium,False
C50_DIS,43,radiopaedia_4_85506_1,radiopaedia_case_4,1,1.000001,12,4.671,large,False
C50_DIS,43,radiopaedia_4_85506_1,radiopaedia_case_4,1,1.000001,13,1.9845,medium,False
C50_DIS,43,radiopaedia_4_85506_1,radiopaedia_case_4,1,1.000001,14,8.046,large,False
C50_DIS,43,radiopaedia_4_85506_1,radiopaedia_case_4,1,1.000001,15,0.567,medium,False
C50_DIS,43,radiopaedia_4_85506_1,radiopaedia_case_4,1,1.000001,16,6.8985,large,False
C50_DIS,43,radiopaedia_4_85506_1,radiopaedia_case_4,1,1.000001,17,0.378,small,False
C50_DIS,43,radiopaedia_4_85506_1,radiopaedia_case_4,1,1.000001,18,0.7965,medium,False
C50_DIS,43,radiopaedia_4_85506_1,radiopaedia_case_4,1,1.000001,19,25.7985,large,False
C50_DIS,43,radiopaedia_4_85506_1,radiopaedia_case_4,1,1.000001,20,0.162,small,False
C50_DIS,43,radiopaedia_4_85506_1,radiopaedia_case_4,1,1.000001,21,0.8099999999999999,medium,False
C50_DIS,43,radiopaedia_4_85506_1,radiopaedia_case_4,1,1.000001,22,1.0395,medium,False
C50_DIS,43,radiopaedia_4_85506_1,radiopaedia_case_4,1,1.000001,23,1.161,medium,False
C50_DIS,43,radiopaedia_4_85506_1,radiopaedia_case_4,1,1.000001,24,0.8099999999999999,medium,False
C50_DIS,43,radiopaedia_4_85506_1,radiopaedia_case_4,1,1.000001,25,0.567,medium,False
C50_DIS,43,radiopaedia_4_85506_1,radiopaedia_case_4,1,1.000001,26,1.2015,medium,False
C50_DIS,43,radiopaedia_4_85506_1,radiopaedia_case_4,1,1.000001,27,0.4455,small,False
C50_DIS,43,radiopaedia_4_85506_1,radiopaedia_case_4,1,1.000001,28,2.6055,medium,False
C50_DIS,43,radiopaedia_7_85703_0,radiopaedia_case_7,2,1.000001,0,810.1485,large,False
C50_DIS,43,radiopaedia_7_85703_0,radiopaedia_case_7,2,1.000001,1,258.255,large,False
C50_DIS,43,radiopaedia_7_85703_0,radiopaedia_case_7,2,1.000001,2,0.7965,medium,False
C50_DIS,43,radiopaedia_7_85703_0,radiopaedia_case_7,2,1.000001,3,2.268,medium,False
C50_FRG,17,coronacases_001,coronacases_001,3,1.000001,0,88.66125,large,False
C50_FRG,17,coronacases_001,coronacases_001,3,1.000001,1,191.09924999999998,large,False
C50_FRG,17,coronacases_001,coronacases_001,3,1.000001,2,0.38475,small,False
C50_FRG,17,coronacases_001,coronacases_001,3,1.000001,3,0.69525,medium,False
C50_FRG,17,coronacases_001,coronacases_001,3,1.000001,4,12.84525,large,False
C50_FRG,17,coronacases_001,coronacases_001,3,1.000001,5,0.20925,small,False
C50_FRG,17,coronacases_001,coronacases_001,3,1.000001,6,0.108,small,False
C50_FRG,17,coronacases_001,coronacases_001,3,1.000001,7,19.1565,large,False
C50_FRG,17,coronacases_001,coronacases_001,3,1.000001,8,0.1215,small,False
C50_FRG,17,coronacases_001,coronacases_001,3,1.000001,9,0.41175,small,False
C50_FRG,17,coronacases_001,coronacases_001,3,1.000001,10,0.45225,small,False
C50_FRG,17,coronacases_001,coronacases_001,3,1.000001,11,1.19475,medium,False
C50_FRG,17,coronacases_001,coronacases_001,3,1.000001,12,0.33075,small,False
C50_FRG,17,coronacases_001,coronacases_001,3,1.000001,13,0.16875,small,False
C50_FRG,17,coronacases_001,coronacases_001,3,1.000001,14,0.2565,small,False
C50_FRG,17,coronacases_001,coronacases_001,3,1.000001,15,0.43875,small,False
C50_FRG,17,coronacases_001,coronacases_001,3,1.000001,16,0.918,medium,False
C50_FRG,17,coronacases_001,coronacases_001,3,1.000001,17,6.3382499999999995,large,False
C50_FRG,17,coronacases_001,coronacases_001,3,1.000001,18,1.32975,medium,False
C50_FRG,17,coronacases_001,coronacases_001,3,1.000001,19,0.14175,small,False
C50_FRG,17,coronacases_001,coronacases_001,3,1.000001,20,0.27675,small,False
C50_FRG,17,coronacases_001,coronacases_001,3,1.000001,21,0.14175,small,False
C50_FRG,17,coronacases_001,coronacases_001,3,1.000001,22,0.162,small,False
C50_FRG,17,coronacases_001,coronacases_001,3,1.000001,23,31.104,large,False
C50_FRG,17,coronacases_001,coronacases_001,3,1.000001,24,5.1907499999999995,large,False
C50_FRG,17,coronacases_001,coronacases_001,3,1.000001,25,0.135,small,False
C50_FRG,17,coronacases_001,coronacases_001,3,1.000001,26,5.50125,large,False
C50_FRG,17,coronacases_001,coronacases_001,3,1.000001,27,34.425,large,False
C50_FRG,17,coronacases_001,coronacases_001,3,1.000001,28,0.2565,small,False
C50_FRG,17,coronacases_001,coronacases_001,3,1.000001,29,0.3105,small,False
C50_FRG,17,coronacases_001,coronacases_001,3,1.000001,30,0.10124999999999999,small,False
C50_FRG,17,coronacases_001,coronacases_001,3,1.000001,31,0.108,small,False
C50_FRG,17,coronacases_001,coronacases_001,3,1.000001,32,0.135,small,False
C50_FRG,17,coronacases_001,coronacases_001,3,1.000001,33,0.11475,small,False
C50_FRG,17,coronacases_001,coronacases_001,3,1.000001,34,2.55825,medium,False
C50_FRG,17,coronacases_001,coronacases_001,3,1.000001,35,0.3645,small,False
C50_FRG,17,coronacases_001,coronacases_001,3,1.000001,36,7.344,large,False
C50_FRG,17,coronacases_001,coronacases_001,3,1.000001,37,1.755,medium,False
C50_FRG,17,coronacases_001,coronacases_001,3,1.000001,38,0.1485,small,False
C50_FRG,17,coronacases_001,coronacases_001,3,1.000001,39,2.3625,medium,False
C50_FRG,17,coronacases_001,coronacases_001,3,1.000001,40,0.41175,small,False
C50_FRG,17,coronacases_001,coronacases_001,3,1.000001,41,0.26325,small,False
C50_FRG,17,coronacases_001,coronacases_001,3,1.000001,42,0.19575,small,False
C50_FRG,17,coronacases_001,coronacases_001,3,1.000001,43,1.92375,medium,False
C50_FRG,17,coronacases_002,coronacases_002,0,1.000001,0,21.384,large,False
C50_FRG,17,coronacases_002,coronacases_002,0,1.000001,1,2.63925,medium,False
C50_FRG,17,coronacases_002,coronacases_002,0,1.000001,2,0.378,small,False
C50_FRG,17,coronacases_002,coronacases_002,0,1.000001,3,28.3365,large,False
C50_FRG,17,coronacases_002,coronacases_002,0,1.000001,4,0.1215,small,False
C50_FRG,17,coronacases_002,coronacases_002,0,1.000001,5,24.084,large,False
C50_FRG,17,coronacases_002,coronacases_002,0,1.000001,6,4.97475,large,False
C50_FRG,17,coronacases_002,coronacases_002,0,1.000001,7,0.76275,medium,False
C50_FRG,17,coronacases_002,coronacases_002,0,1.000001,8,15.47775,large,False
C50_FRG,17,coronacases_002,coronacases_002,0,1.000001,9,0.999,medium,False
C50_FRG,17,coronacases_002,coronacases_002,0,1.000001,10,5.28525,large,False
C50_FRG,17,coronacases_002,coronacases_002,0,1.000001,11,0.3645,small,False
C50_FRG,17,coronacases_002,coronacases_002,0,1.000001,12,0.31725,small,False
C50_FRG,17,coronacases_002,coronacases_002,0,1.000001,13,0.918,medium,False
C50_FRG,17,coronacases_002,coronacases_002,0,1.000001,14,3.699,large,False
C50_FRG,17,coronacases_002,coronacases_002,0,1.000001,15,22.68,large,False
C50_FRG,17,coronacases_002,coronacases_002,0,1.000001,16,0.486,medium,False
C50_FRG,17,coronacases_002,coronacases_002,0,1.000001,17,16.6995,large,False
C50_FRG,17,coronacases_002,coronacases_002,0,1.000001,18,3.3075,large,False
C50_FRG,17,coronacases_002,coronacases_002,0,1.000001,19,0.1215,small,False
C50_FRG,17,coronacases_002,coronacases_002,0,1.000001,20,28.538999999999998,large,False
C50_FRG,17,coronacases_002,coronacases_002,0,1.000001,21,1.86975,medium,False
C50_FRG,17,coronacases_002,coronacases_002,0,1.000001,22,4.32,large,False
C50_FRG,17,coronacases_002,coronacases_002,0,1.000001,23,0.8099999999999999,medium,False
C50_FRG,17,coronacases_002,coronacases_002,0,1.000001,24,1.917,medium,False
C50_FRG,17,coronacases_002,coronacases_002,0,1.000001,25,0.27,small,False
C50_FRG,17,coronacases_003,coronacases_003,3,1.000001,0,499.77,large,False
C50_FRG,17,coronacases_003,coronacases_003,3,1.000001,1,495.7875,large,False
C50_FRG,17,coronacases_003,coronacases_003,3,1.000001,2,6.642,large,False
C50_FRG,17,coronacases_003,coronacases_003,3,1.000001,3,0.47925,medium,False
C50_FRG,17,coronacases_003,coronacases_003,3,1.000001,4,1.8495,medium,False
C50_FRG,17,coronacases_003,coronacases_003,3,1.000001,5,0.11475,small,False
C50_FRG,17,coronacases_003,coronacases_003,3,1.000001,6,0.432,small,False
C50_FRG,17,coronacases_003,coronacases_003,3,1.000001,7,0.29025,small,False
C50_FRG,17,coronacases_003,coronacases_003,3,1.000001,8,0.12825,small,False
C50_FRG,17,coronacases_003,coronacases_003,3,1.000001,9,0.12825,small,False
C50_FRG,17,coronacases_003,coronacases_003,3,1.000001,10,0.20925,small,False
C50_FRG,17,coronacases_003,coronacases_003,3,1.000001,11,2.727,medium,False
C50_FRG,17,coronacases_003,coronacases_003,3,1.000001,12,0.6345,medium,False
C50_FRG,17,coronacases_003,coronacases_003,3,1.000001,13,0.5265,medium,False
C50_FRG,17,coronacases_003,coronacases_003,3,1.000001,14,0.189,small,False
C50_FRG,17,coronacases_003,coronacases_003,3,1.000001,15,0.9855,medium,False
C50_FRG,17,coronacases_003,coronacases_003,3,1.000001,16,0.243,small,False
C50_FRG,17,coronacases_003,coronacases_003,3,1.000001,17,0.47925,medium,False
C50_FRG,17,coronacases_003,coronacases_003,3,1.000001,18,0.16875,small,False
C50_FRG,17,coronacases_003,coronacases_003,3,1.000001,19,0.24975,small,False
C50_FRG,17,coronacases_003,coronacases_003,3,1.000001,20,0.4185,small,False
C50_FRG,17,coronacases_003,coronacases_003,3,1.000001,21,2.35575,medium,False
C50_FRG,17,coronacases_003,coronacases_003,3,1.000001,22,0.297,small,False
C50_FRG,17,coronacases_003,coronacases_003,3,1.000001,23,0.2295,small,False
C50_FRG,17,coronacases_003,coronacases_003,3,1.000001,24,0.2835,small,False
C50_FRG,17,coronacases_003,coronacases_003,3,1.000001,25,0.76275,medium,False
C50_FRG,17,coronacases_003,coronacases_003,3,1.000001,26,0.10124999999999999,small,False
C50_FRG,17,coronacases_003,coronacases_003,3,1.000001,27,1.5255,medium,False
C50_FRG,17,coronacases_003,coronacases_003,3,1.000001,28,2.54475,medium,False
C50_FRG,17,coronacases_003,coronacases_003,3,1.000001,29,0.945,medium,False
C50_FRG,17,coronacases_003,coronacases_003,3,1.000001,30,0.3375,small,False
C50_FRG,17,coronacases_003,coronacases_003,3,1.000001,31,2.7675,medium,False
C50_FRG,17,coronacases_003,coronacases_003,3,1.000001,32,7.66125,large,False
C50_FRG,17,coronacases_003,coronacases_003,3,1.000001,33,2.862,large,False
C50_FRG,17,coronacases_003,coronacases_003,3,1.000001,34,1.674,medium,False
C50_FRG,17,coronacases_003,coronacases_003,3,1.000001,35,0.189,small,False
C50_FRG,17,coronacases_005,coronacases_005,0,1.000001,0,79.353,large,False
C50_FRG,17,coronacases_005,coronacases_005,0,1.000001,1,2.51775,medium,False
C50_FRG,17,coronacases_006,coronacases_006,2,1.000001,0,129.60675,large,False
C50_FRG,17,coronacases_007,coronacases_007,2,1.000001,0,0.1485,small,False
C50_FRG,17,coronacases_007,coronacases_007,2,1.000001,1,64.3275,large,False
C50_FRG,17,coronacases_007,coronacases_007,2,1.000001,2,0.42525,small,False
C50_FRG,17,coronacases_007,coronacases_007,2,1.000001,3,0.43875,small,False
C50_FRG,17,coronacases_007,coronacases_007,2,1.000001,4,23.598,large,False
C50_FRG,17,coronacases_007,coronacases_007,2,1.000001,5,1.53225,medium,False
C50_FRG,17,coronacases_007,coronacases_007,2,1.000001,6,0.7965,medium,False
C50_FRG,17,coronacases_009,coronacases_009,3,1.000001,0,1.1475,medium,False
C50_FRG,17,coronacases_009,coronacases_009,3,1.000001,1,0.41175,small,False
C50_FRG,17,coronacases_009,coronacases_009,3,1.000001,2,0.135,small,False
C50_FRG,17,coronacases_009,coronacases_009,3,1.000001,3,73.764,large,False
C50_FRG,17,coronacases_009,coronacases_009,3,1.000001,4,0.64125,medium,False
C50_FRG,17,coronacases_009,coronacases_009,3,1.000001,5,0.6345,medium,False
C50_FRG,17,coronacases_009,coronacases_009,3,1.000001,6,0.162,small,False
C50_FRG,17,coronacases_009,coronacases_009,3,1.000001,7,27.54,large,False
C50_FRG,17,coronacases_010,coronacases_010,1,1.000001,0,211.33575,large,False
C50_FRG,17,coronacases_010,coronacases_010,1,1.000001,1,187.0695,large,False
C50_FRG,17,coronacases_010,coronacases_010,1,1.000001,2,2.03175,medium,False
C50_FRG,17,coronacases_010,coronacases_010,1,1.000001,3,0.62775,medium,False
C50_FRG,17,coronacases_010,coronacases_010,1,1.000001,4,0.45225,small,False
C50_FRG,17,coronacases_010,coronacases_010,1,1.000001,5,0.77625,medium,False
C50_FRG,17,radiopaedia_10_85902_1,radiopaedia_case_10,1,1.000001,0,158.976,large,False
C50_FRG,17,radiopaedia_10_85902_1,radiopaedia_case_10,1,1.000001,1,1.3094999999999999,medium,False
C50_FRG,17,radiopaedia_10_85902_3,radiopaedia_case_10,1,1.000001,0,262.51425,large,False
C50_FRG,17,radiopaedia_10_85902_3,radiopaedia_case_10,1,1.000001,1,1.77525,medium,False
C50_FRG,17,radiopaedia_29_86490_1,radiopaedia_case_29,0,1.000001,0,0.324,small,False
C50_FRG,17,radiopaedia_29_86490_1,radiopaedia_case_29,0,1.000001,1,0.1755,small,False
C50_FRG,17,radiopaedia_29_86491_1,radiopaedia_case_29,0,1.000001,0,14.013,large,False
C50_FRG,17,radiopaedia_29_86491_1,radiopaedia_case_29,0,1.000001,1,36.2475,large,False
C50_FRG,17,radiopaedia_29_86491_1,radiopaedia_case_29,0,1.000001,2,0.4995,medium,False
C50_FRG,17,radiopaedia_36_86526_0,radiopaedia_case_36,2,1.000001,0,3.726,large,False
C50_FRG,17,radiopaedia_36_86526_0,radiopaedia_case_36,2,1.000001,1,3.96225,large,False
C50_FRG,17,radiopaedia_36_86526_0,radiopaedia_case_36,2,1.000001,2,4.617,large,False
C50_FRG,17,radiopaedia_36_86526_0,radiopaedia_case_36,2,1.000001,3,1.026,medium,False
C50_FRG,17,radiopaedia_36_86526_0,radiopaedia_case_36,2,1.000001,4,5.832,large,False
C50_FRG,17,radiopaedia_36_86526_0,radiopaedia_case_36,2,1.000001,5,0.4185,small,False
C50_FRG,17,radiopaedia_36_86526_0,radiopaedia_case_36,2,1.000001,6,2.6595,medium,False
C50_FRG,17,radiopaedia_36_86526_0,radiopaedia_case_36,2,1.000001,7,0.972,medium,False
C50_FRG,17,radiopaedia_36_86526_0,radiopaedia_case_36,2,1.000001,8,2.187,medium,False
C50_FRG,17,radiopaedia_36_86526_0,radiopaedia_case_36,2,1.000001,9,6.1695,large,False
C50_FRG,17,radiopaedia_36_86526_0,radiopaedia_case_36,2,1.000001,10,1.593,medium,False
C50_FRG,17,radiopaedia_36_86526_0,radiopaedia_case_36,2,1.000001,11,4.7115,large,False
C50_FRG,17,radiopaedia_36_86526_0,radiopaedia_case_36,2,1.000001,12,0.4725,small,False
C50_FRG,17,radiopaedia_36_86526_0,radiopaedia_case_36,2,1.000001,13,9.504,large,False
C50_FRG,17,radiopaedia_36_86526_0,radiopaedia_case_36,2,1.000001,14,3.564,large,False
C50_FRG,17,radiopaedia_36_86526_0,radiopaedia_case_36,2,1.000001,15,8.829,large,False
C50_FRG,17,radiopaedia_36_86526_0,radiopaedia_case_36,2,1.000001,16,35.802,large,False
C50_FRG,17,radiopaedia_36_86526_0,radiopaedia_case_36,2,1.000001,17,10.0035,large,False
C50_FRG,17,radiopaedia_36_86526_0,radiopaedia_case_36,2,1.000001,18,0.675,medium,False
C50_FRG,17,radiopaedia_36_86526_0,radiopaedia_case_36,2,1.000001,19,27.1755,large,False
C50_FRG,17,radiopaedia_36_86526_0,radiopaedia_case_36,2,1.000001,20,7.587,large,False
C50_FRG,17,radiopaedia_36_86526_0,radiopaedia_case_36,2,1.000001,21,8.856,large,False
C50_FRG,17,radiopaedia_36_86526_0,radiopaedia_case_36,2,1.000001,22,4.0635,large,False
C50_FRG,17,radiopaedia_36_86526_0,radiopaedia_case_36,2,1.000001,23,0.675,medium,False
C50_FRG,17,radiopaedia_36_86526_0,radiopaedia_case_36,2,1.000001,24,12.3525,large,False
C50_FRG,17,radiopaedia_36_86526_0,radiopaedia_case_36,2,1.000001,25,1.6335,medium,False
C50_FRG,17,radiopaedia_36_86526_0,radiopaedia_case_36,2,1.000001,26,0.702,medium,False
C50_FRG,17,radiopaedia_36_86526_0,radiopaedia_case_36,2,1.000001,27,11.232,large,False
C50_FRG,17,radiopaedia_36_86526_0,radiopaedia_case_36,2,1.000001,28,0.4725,small,False
C50_FRG,17,radiopaedia_36_86526_0,radiopaedia_case_36,2,1.000001,29,4.806,large,False
C50_FRG,17,radiopaedia_36_86526_0,radiopaedia_case_36,2,1.000001,30,0.1485,small,False
C50_FRG,17,radiopaedia_40_86625_0,radiopaedia_case_40,3,1.000001,0,1371.2962499999999,large,False
C50_FRG,17,radiopaedia_40_86625_0,radiopaedia_case_40,3,1.000001,1,1492.6612499999999,large,False
C50_FRG,17,radiopaedia_40_86625_0,radiopaedia_case_40,3,1.000001,2,9.207,large,False
C50_FRG,17,radiopaedia_40_86625_0,radiopaedia_case_40,3,1.000001,3,0.64125,medium,False
C50_FRG,17,radiopaedia_40_86625_0,radiopaedia_case_40,3,1.000001,4,0.35775,small,False
C50_FRG,17,radiopaedia_40_86625_0,radiopaedia_case_40,3,1.000001,5,0.22275,small,False
C50_FRG,17,radiopaedia_40_86625_0,radiopaedia_case_40,3,1.000001,6,0.108,small,False
C50_FRG,17,radiopaedia_40_86625_0,radiopaedia_case_40,3,1.000001,7,0.5535,medium,False
C50_FRG,17,radiopaedia_40_86625_0,radiopaedia_case_40,3,1.000001,8,3.23325,large,False
C50_FRG,17,radiopaedia_4_85506_1,radiopaedia_case_4,1,1.000001,0,464.71049999999997,large,False
C50_FRG,17,radiopaedia_4_85506_1,radiopaedia_case_4,1,1.000001,1,606.9195,large,False
C50_FRG,17,radiopaedia_4_85506_1,radiopaedia_case_4,1,1.000001,2,20.2635,large,False
C50_FRG,17,radiopaedia_4_85506_1,radiopaedia_case_4,1,1.000001,3,0.135,small,False
C50_FRG,17,radiopaedia_4_85506_1,radiopaedia_case_4,1,1.000001,4,0.5805,medium,False
C50_FRG,17,radiopaedia_4_85506_1,radiopaedia_case_4,1,1.000001,5,6.8985,large,False
C50_FRG,17,radiopaedia_4_85506_1,radiopaedia_case_4,1,1.000001,6,1.3094999999999999,medium,False
C50_FRG,17,radiopaedia_4_85506_1,radiopaedia_case_4,1,1.000001,7,2.6325,medium,False
C50_FRG,17,radiopaedia_4_85506_1,radiopaedia_case_4,1,1.000001,8,0.4455,small,False
C50_FRG,17,radiopaedia_4_85506_1,radiopaedia_case_4,1,1.000001,9,0.2565,small,False
C50_FRG,17,radiopaedia_4_85506_1,radiopaedia_case_4,1,1.000001,10,0.2835,small,False
C50_FRG,17,radiopaedia_4_85506_1,radiopaedia_case_4,1,1.000001,11,1.9575,medium,False
C50_FRG,17,radiopaedia_4_85506_1,radiopaedia_case_4,1,1.000001,12,4.671,large,False
C50_FRG,17,radiopaedia_4_85506_1,radiopaedia_case_4,1,1.000001,13,1.9845,medium,False
C50_FRG,17,radiopaedia_4_85506_1,radiopaedia_case_4,1,1.000001,14,8.046,large,False
C50_FRG,17,radiopaedia_4_85506_1,radiopaedia_case_4,1,1.000001,15,0.567,medium,False
C50_FRG,17,radiopaedia_4_85506_1,radiopaedia_case_4,1,1.000001,16,6.8985,large,False
C50_FRG,17,radiopaedia_4_85506_1,radiopaedia_case_4,1,1.000001,17,0.378,small,False
C50_FRG,17,radiopaedia_4_85506_1,radiopaedia_case_4,1,1.000001,18,0.7965,medium,False
C50_FRG,17,radiopaedia_4_85506_1,radiopaedia_case_4,1,1.000001,19,25.7985,large,False
C50_FRG,17,radiopaedia_4_85506_1,radiopaedia_case_4,1,1.000001,20,0.162,small,False
C50_FRG,17,radiopaedia_4_85506_1,radiopaedia_case_4,1,1.000001,21,0.8099999999999999,medium,False
C50_FRG,17,radiopaedia_4_85506_1,radiopaedia_case_4,1,1.000001,22,1.0395,medium,False
C50_FRG,17,radiopaedia_4_85506_1,radiopaedia_case_4,1,1.000001,23,1.161,medium,False
C50_FRG,17,radiopaedia_4_85506_1,radiopaedia_case_4,1,1.000001,24,0.8099999999999999,medium,False
C50_FRG,17,radiopaedia_4_85506_1,radiopaedia_case_4,1,1.000001,25,0.567,medium,False
C50_FRG,17,radiopaedia_4_85506_1,radiopaedia_case_4,1,1.000001,26,1.2015,medium,False
C50_FRG,17,radiopaedia_4_85506_1,radiopaedia_case_4,1,1.000001,27,0.4455,small,False
C50_FRG,17,radiopaedia_4_85506_1,radiopaedia_case_4,1,1.000001,28,2.6055,medium,False
C50_FRG,17,radiopaedia_7_85703_0,radiopaedia_case_7,2,1.000001,0,810.1485,large,False
C50_FRG,17,radiopaedia_7_85703_0,radiopaedia_case_7,2,1.000001,1,258.255,large,False
C50_FRG,17,radiopaedia_7_85703_0,radiopaedia_case_7,2,1.000001,2,0.7965,medium,False
C50_FRG,17,radiopaedia_7_85703_0,radiopaedia_case_7,2,1.000001,3,2.268,medium,False
C50_FRG,29,coronacases_001,coronacases_001,3,1.000001,0,88.66125,large,False
C50_FRG,29,coronacases_001,coronacases_001,3,1.000001,1,191.09924999999998,large,False
C50_FRG,29,coronacases_001,coronacases_001,3,1.000001,2,0.38475,small,False
C50_FRG,29,coronacases_001,coronacases_001,3,1.000001,3,0.69525,medium,False
C50_FRG,29,coronacases_001,coronacases_001,3,1.000001,4,12.84525,large,False
C50_FRG,29,coronacases_001,coronacases_001,3,1.000001,5,0.20925,small,False
C50_FRG,29,coronacases_001,coronacases_001,3,1.000001,6,0.108,small,False
C50_FRG,29,coronacases_001,coronacases_001,3,1.000001,7,19.1565,large,False
C50_FRG,29,coronacases_001,coronacases_001,3,1.000001,8,0.1215,small,False
C50_FRG,29,coronacases_001,coronacases_001,3,1.000001,9,0.41175,small,False
C50_FRG,29,coronacases_001,coronacases_001,3,1.000001,10,0.45225,small,False
C50_FRG,29,coronacases_001,coronacases_001,3,1.000001,11,1.19475,medium,False
C50_FRG,29,coronacases_001,coronacases_001,3,1.000001,12,0.33075,small,False
C50_FRG,29,coronacases_001,coronacases_001,3,1.000001,13,0.16875,small,False
C50_FRG,29,coronacases_001,coronacases_001,3,1.000001,14,0.2565,small,False
C50_FRG,29,coronacases_001,coronacases_001,3,1.000001,15,0.43875,small,False
C50_FRG,29,coronacases_001,coronacases_001,3,1.000001,16,0.918,medium,False
C50_FRG,29,coronacases_001,coronacases_001,3,1.000001,17,6.3382499999999995,large,False
C50_FRG,29,coronacases_001,coronacases_001,3,1.000001,18,1.32975,medium,False
C50_FRG,29,coronacases_001,coronacases_001,3,1.000001,19,0.14175,small,False
C50_FRG,29,coronacases_001,coronacases_001,3,1.000001,20,0.27675,small,False
C50_FRG,29,coronacases_001,coronacases_001,3,1.000001,21,0.14175,small,False
C50_FRG,29,coronacases_001,coronacases_001,3,1.000001,22,0.162,small,False
C50_FRG,29,coronacases_001,coronacases_001,3,1.000001,23,31.104,large,False
C50_FRG,29,coronacases_001,coronacases_001,3,1.000001,24,5.1907499999999995,large,False
C50_FRG,29,coronacases_001,coronacases_001,3,1.000001,25,0.135,small,False
C50_FRG,29,coronacases_001,coronacases_001,3,1.000001,26,5.50125,large,False
C50_FRG,29,coronacases_001,coronacases_001,3,1.000001,27,34.425,large,False
C50_FRG,29,coronacases_001,coronacases_001,3,1.000001,28,0.2565,small,False
C50_FRG,29,coronacases_001,coronacases_001,3,1.000001,29,0.3105,small,False
C50_FRG,29,coronacases_001,coronacases_001,3,1.000001,30,0.10124999999999999,small,False
C50_FRG,29,coronacases_001,coronacases_001,3,1.000001,31,0.108,small,False
C50_FRG,29,coronacases_001,coronacases_001,3,1.000001,32,0.135,small,False
C50_FRG,29,coronacases_001,coronacases_001,3,1.000001,33,0.11475,small,False
C50_FRG,29,coronacases_001,coronacases_001,3,1.000001,34,2.55825,medium,False
C50_FRG,29,coronacases_001,coronacases_001,3,1.000001,35,0.3645,small,False
C50_FRG,29,coronacases_001,coronacases_001,3,1.000001,36,7.344,large,False
C50_FRG,29,coronacases_001,coronacases_001,3,1.000001,37,1.755,medium,False
C50_FRG,29,coronacases_001,coronacases_001,3,1.000001,38,0.1485,small,False
C50_FRG,29,coronacases_001,coronacases_001,3,1.000001,39,2.3625,medium,False
C50_FRG,29,coronacases_001,coronacases_001,3,1.000001,40,0.41175,small,False
C50_FRG,29,coronacases_001,coronacases_001,3,1.000001,41,0.26325,small,False
C50_FRG,29,coronacases_001,coronacases_001,3,1.000001,42,0.19575,small,False
C50_FRG,29,coronacases_001,coronacases_001,3,1.000001,43,1.92375,medium,False
C50_FRG,29,coronacases_002,coronacases_002,0,1.000001,0,21.384,large,False
C50_FRG,29,coronacases_002,coronacases_002,0,1.000001,1,2.63925,medium,False
C50_FRG,29,coronacases_002,coronacases_002,0,1.000001,2,0.378,small,False
C50_FRG,29,coronacases_002,coronacases_002,0,1.000001,3,28.3365,large,False
C50_FRG,29,coronacases_002,coronacases_002,0,1.000001,4,0.1215,small,False
C50_FRG,29,coronacases_002,coronacases_002,0,1.000001,5,24.084,large,False
C50_FRG,29,coronacases_002,coronacases_002,0,1.000001,6,4.97475,large,False
C50_FRG,29,coronacases_002,coronacases_002,0,1.000001,7,0.76275,medium,False
C50_FRG,29,coronacases_002,coronacases_002,0,1.000001,8,15.47775,large,False
C50_FRG,29,coronacases_002,coronacases_002,0,1.000001,9,0.999,medium,False
C50_FRG,29,coronacases_002,coronacases_002,0,1.000001,10,5.28525,large,False
C50_FRG,29,coronacases_002,coronacases_002,0,1.000001,11,0.3645,small,False
C50_FRG,29,coronacases_002,coronacases_002,0,1.000001,12,0.31725,small,False
C50_FRG,29,coronacases_002,coronacases_002,0,1.000001,13,0.918,medium,False
C50_FRG,29,coronacases_002,coronacases_002,0,1.000001,14,3.699,large,False
C50_FRG,29,coronacases_002,coronacases_002,0,1.000001,15,22.68,large,False
C50_FRG,29,coronacases_002,coronacases_002,0,1.000001,16,0.486,medium,False
C50_FRG,29,coronacases_002,coronacases_002,0,1.000001,17,16.6995,large,False
C50_FRG,29,coronacases_002,coronacases_002,0,1.000001,18,3.3075,large,False
C50_FRG,29,coronacases_002,coronacases_002,0,1.000001,19,0.1215,small,False
C50_FRG,29,coronacases_002,coronacases_002,0,1.000001,20,28.538999999999998,large,False
C50_FRG,29,coronacases_002,coronacases_002,0,1.000001,21,1.86975,medium,False
C50_FRG,29,coronacases_002,coronacases_002,0,1.000001,22,4.32,large,False
C50_FRG,29,coronacases_002,coronacases_002,0,1.000001,23,0.8099999999999999,medium,False
C50_FRG,29,coronacases_002,coronacases_002,0,1.000001,24,1.917,medium,False
C50_FRG,29,coronacases_002,coronacases_002,0,1.000001,25,0.27,small,False
C50_FRG,29,coronacases_003,coronacases_003,3,1.000001,0,499.77,large,False
C50_FRG,29,coronacases_003,coronacases_003,3,1.000001,1,495.7875,large,False
C50_FRG,29,coronacases_003,coronacases_003,3,1.000001,2,6.642,large,False
C50_FRG,29,coronacases_003,coronacases_003,3,1.000001,3,0.47925,medium,False
C50_FRG,29,coronacases_003,coronacases_003,3,1.000001,4,1.8495,medium,False
C50_FRG,29,coronacases_003,coronacases_003,3,1.000001,5,0.11475,small,False
C50_FRG,29,coronacases_003,coronacases_003,3,1.000001,6,0.432,small,False
C50_FRG,29,coronacases_003,coronacases_003,3,1.000001,7,0.29025,small,False
C50_FRG,29,coronacases_003,coronacases_003,3,1.000001,8,0.12825,small,False
C50_FRG,29,coronacases_003,coronacases_003,3,1.000001,9,0.12825,small,False
C50_FRG,29,coronacases_003,coronacases_003,3,1.000001,10,0.20925,small,False
C50_FRG,29,coronacases_003,coronacases_003,3,1.000001,11,2.727,medium,False
C50_FRG,29,coronacases_003,coronacases_003,3,1.000001,12,0.6345,medium,False
C50_FRG,29,coronacases_003,coronacases_003,3,1.000001,13,0.5265,medium,False
C50_FRG,29,coronacases_003,coronacases_003,3,1.000001,14,0.189,small,False
C50_FRG,29,coronacases_003,coronacases_003,3,1.000001,15,0.9855,medium,False
C50_FRG,29,coronacases_003,coronacases_003,3,1.000001,16,0.243,small,False
C50_FRG,29,coronacases_003,coronacases_003,3,1.000001,17,0.47925,medium,False
C50_FRG,29,coronacases_003,coronacases_003,3,1.000001,18,0.16875,small,False
C50_FRG,29,coronacases_003,coronacases_003,3,1.000001,19,0.24975,small,False
C50_FRG,29,coronacases_003,coronacases_003,3,1.000001,20,0.4185,small,False
C50_FRG,29,coronacases_003,coronacases_003,3,1.000001,21,2.35575,medium,False
C50_FRG,29,coronacases_003,coronacases_003,3,1.000001,22,0.297,small,False
C50_FRG,29,coronacases_003,coronacases_003,3,1.000001,23,0.2295,small,False
C50_FRG,29,coronacases_003,coronacases_003,3,1.000001,24,0.2835,small,False
C50_FRG,29,coronacases_003,coronacases_003,3,1.000001,25,0.76275,medium,False
C50_FRG,29,coronacases_003,coronacases_003,3,1.000001,26,0.10124999999999999,small,False
C50_FRG,29,coronacases_003,coronacases_003,3,1.000001,27,1.5255,medium,False
C50_FRG,29,coronacases_003,coronacases_003,3,1.000001,28,2.54475,medium,False
C50_FRG,29,coronacases_003,coronacases_003,3,1.000001,29,0.945,medium,False
C50_FRG,29,coronacases_003,coronacases_003,3,1.000001,30,0.3375,small,False
C50_FRG,29,coronacases_003,coronacases_003,3,1.000001,31,2.7675,medium,False
C50_FRG,29,coronacases_003,coronacases_003,3,1.000001,32,7.66125,large,False
C50_FRG,29,coronacases_003,coronacases_003,3,1.000001,33,2.862,large,False
C50_FRG,29,coronacases_003,coronacases_003,3,1.000001,34,1.674,medium,False
C50_FRG,29,coronacases_003,coronacases_003,3,1.000001,35,0.189,small,False
C50_FRG,29,coronacases_005,coronacases_005,0,1.000001,0,79.353,large,False
C50_FRG,29,coronacases_005,coronacases_005,0,1.000001,1,2.51775,medium,False
C50_FRG,29,coronacases_006,coronacases_006,2,1.000001,0,129.60675,large,False
C50_FRG,29,coronacases_007,coronacases_007,2,1.000001,0,0.1485,small,False
C50_FRG,29,coronacases_007,coronacases_007,2,1.000001,1,64.3275,large,False
C50_FRG,29,coronacases_007,coronacases_007,2,1.000001,2,0.42525,small,False
C50_FRG,29,coronacases_007,coronacases_007,2,1.000001,3,0.43875,small,False
C50_FRG,29,coronacases_007,coronacases_007,2,1.000001,4,23.598,large,False
C50_FRG,29,coronacases_007,coronacases_007,2,1.000001,5,1.53225,medium,False
C50_FRG,29,coronacases_007,coronacases_007,2,1.000001,6,0.7965,medium,False
C50_FRG,29,coronacases_009,coronacases_009,3,1.000001,0,1.1475,medium,False
C50_FRG,29,coronacases_009,coronacases_009,3,1.000001,1,0.41175,small,False
C50_FRG,29,coronacases_009,coronacases_009,3,1.000001,2,0.135,small,False
C50_FRG,29,coronacases_009,coronacases_009,3,1.000001,3,73.764,large,False
C50_FRG,29,coronacases_009,coronacases_009,3,1.000001,4,0.64125,medium,False
C50_FRG,29,coronacases_009,coronacases_009,3,1.000001,5,0.6345,medium,False
C50_FRG,29,coronacases_009,coronacases_009,3,1.000001,6,0.162,small,False
C50_FRG,29,coronacases_009,coronacases_009,3,1.000001,7,27.54,large,False
C50_FRG,29,coronacases_010,coronacases_010,1,1.000001,0,211.33575,large,False
C50_FRG,29,coronacases_010,coronacases_010,1,1.000001,1,187.0695,large,False
C50_FRG,29,coronacases_010,coronacases_010,1,1.000001,2,2.03175,medium,False
C50_FRG,29,coronacases_010,coronacases_010,1,1.000001,3,0.62775,medium,False
C50_FRG,29,coronacases_010,coronacases_010,1,1.000001,4,0.45225,small,False
C50_FRG,29,coronacases_010,coronacases_010,1,1.000001,5,0.77625,medium,False
C50_FRG,29,radiopaedia_10_85902_1,radiopaedia_case_10,1,1.000001,0,158.976,large,False
C50_FRG,29,radiopaedia_10_85902_1,radiopaedia_case_10,1,1.000001,1,1.3094999999999999,medium,False
C50_FRG,29,radiopaedia_10_85902_3,radiopaedia_case_10,1,1.000001,0,262.51425,large,False
C50_FRG,29,radiopaedia_10_85902_3,radiopaedia_case_10,1,1.000001,1,1.77525,medium,False
C50_FRG,29,radiopaedia_29_86490_1,radiopaedia_case_29,0,1.000001,0,0.324,small,False
C50_FRG,29,radiopaedia_29_86490_1,radiopaedia_case_29,0,1.000001,1,0.1755,small,False
C50_FRG,29,radiopaedia_29_86491_1,radiopaedia_case_29,0,1.000001,0,14.013,large,False
C50_FRG,29,radiopaedia_29_86491_1,radiopaedia_case_29,0,1.000001,1,36.2475,large,False
C50_FRG,29,radiopaedia_29_86491_1,radiopaedia_case_29,0,1.000001,2,0.4995,medium,False
C50_FRG,29,radiopaedia_36_86526_0,radiopaedia_case_36,2,1.000001,0,3.726,large,False
C50_FRG,29,radiopaedia_36_86526_0,radiopaedia_case_36,2,1.000001,1,3.96225,large,False
C50_FRG,29,radiopaedia_36_86526_0,radiopaedia_case_36,2,1.000001,2,4.617,large,False
C50_FRG,29,radiopaedia_36_86526_0,radiopaedia_case_36,2,1.000001,3,1.026,medium,False
C50_FRG,29,radiopaedia_36_86526_0,radiopaedia_case_36,2,1.000001,4,5.832,large,False
C50_FRG,29,radiopaedia_36_86526_0,radiopaedia_case_36,2,1.000001,5,0.4185,small,False
C50_FRG,29,radiopaedia_36_86526_0,radiopaedia_case_36,2,1.000001,6,2.6595,medium,False
C50_FRG,29,radiopaedia_36_86526_0,radiopaedia_case_36,2,1.000001,7,0.972,medium,False
C50_FRG,29,radiopaedia_36_86526_0,radiopaedia_case_36,2,1.000001,8,2.187,medium,False
C50_FRG,29,radiopaedia_36_86526_0,radiopaedia_case_36,2,1.000001,9,6.1695,large,False
C50_FRG,29,radiopaedia_36_86526_0,radiopaedia_case_36,2,1.000001,10,1.593,medium,False
C50_FRG,29,radiopaedia_36_86526_0,radiopaedia_case_36,2,1.000001,11,4.7115,large,False
C50_FRG,29,radiopaedia_36_86526_0,radiopaedia_case_36,2,1.000001,12,0.4725,small,False
C50_FRG,29,radiopaedia_36_86526_0,radiopaedia_case_36,2,1.000001,13,9.504,large,False
C50_FRG,29,radiopaedia_36_86526_0,radiopaedia_case_36,2,1.000001,14,3.564,large,False
C50_FRG,29,radiopaedia_36_86526_0,radiopaedia_case_36,2,1.000001,15,8.829,large,False
C50_FRG,29,radiopaedia_36_86526_0,radiopaedia_case_36,2,1.000001,16,35.802,large,False
C50_FRG,29,radiopaedia_36_86526_0,radiopaedia_case_36,2,1.000001,17,10.0035,large,False
C50_FRG,29,radiopaedia_36_86526_0,radiopaedia_case_36,2,1.000001,18,0.675,medium,False
C50_FRG,29,radiopaedia_36_86526_0,radiopaedia_case_36,2,1.000001,19,27.1755,large,False
C50_FRG,29,radiopaedia_36_86526_0,radiopaedia_case_36,2,1.000001,20,7.587,large,False
C50_FRG,29,radiopaedia_36_86526_0,radiopaedia_case_36,2,1.000001,21,8.856,large,False
C50_FRG,29,radiopaedia_36_86526_0,radiopaedia_case_36,2,1.000001,22,4.0635,large,False
C50_FRG,29,radiopaedia_36_86526_0,radiopaedia_case_36,2,1.000001,23,0.675,medium,False
C50_FRG,29,radiopaedia_36_86526_0,radiopaedia_case_36,2,1.000001,24,12.3525,large,False
C50_FRG,29,radiopaedia_36_86526_0,radiopaedia_case_36,2,1.000001,25,1.6335,medium,False
C50_FRG,29,radiopaedia_36_86526_0,radiopaedia_case_36,2,1.000001,26,0.702,medium,False
C50_FRG,29,radiopaedia_36_86526_0,radiopaedia_case_36,2,1.000001,27,11.232,large,False
C50_FRG,29,radiopaedia_36_86526_0,radiopaedia_case_36,2,1.000001,28,0.4725,small,False
C50_FRG,29,radiopaedia_36_86526_0,radiopaedia_case_36,2,1.000001,29,4.806,large,False
C50_FRG,29,radiopaedia_36_86526_0,radiopaedia_case_36,2,1.000001,30,0.1485,small,False
C50_FRG,29,radiopaedia_40_86625_0,radiopaedia_case_40,3,1.000001,0,1371.2962499999999,large,False
C50_FRG,29,radiopaedia_40_86625_0,radiopaedia_case_40,3,1.000001,1,1492.6612499999999,large,False
C50_FRG,29,radiopaedia_40_86625_0,radiopaedia_case_40,3,1.000001,2,9.207,large,False
C50_FRG,29,radiopaedia_40_86625_0,radiopaedia_case_40,3,1.000001,3,0.64125,medium,False
C50_FRG,29,radiopaedia_40_86625_0,radiopaedia_case_40,3,1.000001,4,0.35775,small,False
C50_FRG,29,radiopaedia_40_86625_0,radiopaedia_case_40,3,1.000001,5,0.22275,small,False
C50_FRG,29,radiopaedia_40_86625_0,radiopaedia_case_40,3,1.000001,6,0.108,small,False
C50_FRG,29,radiopaedia_40_86625_0,radiopaedia_case_40,3,1.000001,7,0.5535,medium,False
C50_FRG,29,radiopaedia_40_86625_0,radiopaedia_case_40,3,1.000001,8,3.23325,large,False
C50_FRG,29,radiopaedia_4_85506_1,radiopaedia_case_4,1,1.000001,0,464.71049999999997,large,False
C50_FRG,29,radiopaedia_4_85506_1,radiopaedia_case_4,1,1.000001,1,606.9195,large,False
C50_FRG,29,radiopaedia_4_85506_1,radiopaedia_case_4,1,1.000001,2,20.2635,large,False
C50_FRG,29,radiopaedia_4_85506_1,radiopaedia_case_4,1,1.000001,3,0.135,small,False
C50_FRG,29,radiopaedia_4_85506_1,radiopaedia_case_4,1,1.000001,4,0.5805,medium,False
C50_FRG,29,radiopaedia_4_85506_1,radiopaedia_case_4,1,1.000001,5,6.8985,large,False
C50_FRG,29,radiopaedia_4_85506_1,radiopaedia_case_4,1,1.000001,6,1.3094999999999999,medium,False
C50_FRG,29,radiopaedia_4_85506_1,radiopaedia_case_4,1,1.000001,7,2.6325,medium,False
C50_FRG,29,radiopaedia_4_85506_1,radiopaedia_case_4,1,1.000001,8,0.4455,small,False
C50_FRG,29,radiopaedia_4_85506_1,radiopaedia_case_4,1,1.000001,9,0.2565,small,False
C50_FRG,29,radiopaedia_4_85506_1,radiopaedia_case_4,1,1.000001,10,0.2835,small,False
C50_FRG,29,radiopaedia_4_85506_1,radiopaedia_case_4,1,1.000001,11,1.9575,medium,False
C50_FRG,29,radiopaedia_4_85506_1,radiopaedia_case_4,1,1.000001,12,4.671,large,False
C50_FRG,29,radiopaedia_4_85506_1,radiopaedia_case_4,1,1.000001,13,1.9845,medium,False
C50_FRG,29,radiopaedia_4_85506_1,radiopaedia_case_4,1,1.000001,14,8.046,large,False
C50_FRG,29,radiopaedia_4_85506_1,radiopaedia_case_4,1,1.000001,15,0.567,medium,False
C50_FRG,29,radiopaedia_4_85506_1,radiopaedia_case_4,1,1.000001,16,6.8985,large,False
C50_FRG,29,radiopaedia_4_85506_1,radiopaedia_case_4,1,1.000001,17,0.378,small,False
C50_FRG,29,radiopaedia_4_85506_1,radiopaedia_case_4,1,1.000001,18,0.7965,medium,False
C50_FRG,29,radiopaedia_4_85506_1,radiopaedia_case_4,1,1.000001,19,25.7985,large,False
C50_FRG,29,radiopaedia_4_85506_1,radiopaedia_case_4,1,1.000001,20,0.162,small,False
C50_FRG,29,radiopaedia_4_85506_1,radiopaedia_case_4,1,1.000001,21,0.8099999999999999,medium,False
C50_FRG,29,radiopaedia_4_85506_1,radiopaedia_case_4,1,1.000001,22,1.0395,medium,False
C50_FRG,29,radiopaedia_4_85506_1,radiopaedia_case_4,1,1.000001,23,1.161,medium,False
C50_FRG,29,radiopaedia_4_85506_1,radiopaedia_case_4,1,1.000001,24,0.8099999999999999,medium,False
C50_FRG,29,radiopaedia_4_85506_1,radiopaedia_case_4,1,1.000001,25,0.567,medium,False
C50_FRG,29,radiopaedia_4_85506_1,radiopaedia_case_4,1,1.000001,26,1.2015,medium,False
C50_FRG,29,radiopaedia_4_85506_1,radiopaedia_case_4,1,1.000001,27,0.4455,small,False
C50_FRG,29,radiopaedia_4_85506_1,radiopaedia_case_4,1,1.000001,28,2.6055,medium,False
C50_FRG,29,radiopaedia_7_85703_0,radiopaedia_case_7,2,1.000001,0,810.1485,large,False
C50_FRG,29,radiopaedia_7_85703_0,radiopaedia_case_7,2,1.000001,1,258.255,large,False
C50_FRG,29,radiopaedia_7_85703_0,radiopaedia_case_7,2,1.000001,2,0.7965,medium,False
C50_FRG,29,radiopaedia_7_85703_0,radiopaedia_case_7,2,1.000001,3,2.268,medium,False
C50_FRG,43,coronacases_001,coronacases_001,3,1.000001,0,88.66125,large,False
C50_FRG,43,coronacases_001,coronacases_001,3,1.000001,1,191.09924999999998,large,False
C50_FRG,43,coronacases_001,coronacases_001,3,1.000001,2,0.38475,small,False
C50_FRG,43,coronacases_001,coronacases_001,3,1.000001,3,0.69525,medium,False
C50_FRG,43,coronacases_001,coronacases_001,3,1.000001,4,12.84525,large,False
C50_FRG,43,coronacases_001,coronacases_001,3,1.000001,5,0.20925,small,False
C50_FRG,43,coronacases_001,coronacases_001,3,1.000001,6,0.108,small,False
C50_FRG,43,coronacases_001,coronacases_001,3,1.000001,7,19.1565,large,False
C50_FRG,43,coronacases_001,coronacases_001,3,1.000001,8,0.1215,small,False
C50_FRG,43,coronacases_001,coronacases_001,3,1.000001,9,0.41175,small,False
C50_FRG,43,coronacases_001,coronacases_001,3,1.000001,10,0.45225,small,False
C50_FRG,43,coronacases_001,coronacases_001,3,1.000001,11,1.19475,medium,False
C50_FRG,43,coronacases_001,coronacases_001,3,1.000001,12,0.33075,small,False
C50_FRG,43,coronacases_001,coronacases_001,3,1.000001,13,0.16875,small,False
C50_FRG,43,coronacases_001,coronacases_001,3,1.000001,14,0.2565,small,False
C50_FRG,43,coronacases_001,coronacases_001,3,1.000001,15,0.43875,small,False
C50_FRG,43,coronacases_001,coronacases_001,3,1.000001,16,0.918,medium,False
C50_FRG,43,coronacases_001,coronacases_001,3,1.000001,17,6.3382499999999995,large,False
C50_FRG,43,coronacases_001,coronacases_001,3,1.000001,18,1.32975,medium,False
C50_FRG,43,coronacases_001,coronacases_001,3,1.000001,19,0.14175,small,False
C50_FRG,43,coronacases_001,coronacases_001,3,1.000001,20,0.27675,small,False
C50_FRG,43,coronacases_001,coronacases_001,3,1.000001,21,0.14175,small,False
C50_FRG,43,coronacases_001,coronacases_001,3,1.000001,22,0.162,small,False
C50_FRG,43,coronacases_001,coronacases_001,3,1.000001,23,31.104,large,False
C50_FRG,43,coronacases_001,coronacases_001,3,1.000001,24,5.1907499999999995,large,False
C50_FRG,43,coronacases_001,coronacases_001,3,1.000001,25,0.135,small,False
C50_FRG,43,coronacases_001,coronacases_001,3,1.000001,26,5.50125,large,False
C50_FRG,43,coronacases_001,coronacases_001,3,1.000001,27,34.425,large,False
C50_FRG,43,coronacases_001,coronacases_001,3,1.000001,28,0.2565,small,False
C50_FRG,43,coronacases_001,coronacases_001,3,1.000001,29,0.3105,small,False
C50_FRG,43,coronacases_001,coronacases_001,3,1.000001,30,0.10124999999999999,small,False
C50_FRG,43,coronacases_001,coronacases_001,3,1.000001,31,0.108,small,False
C50_FRG,43,coronacases_001,coronacases_001,3,1.000001,32,0.135,small,False
C50_FRG,43,coronacases_001,coronacases_001,3,1.000001,33,0.11475,small,False
C50_FRG,43,coronacases_001,coronacases_001,3,1.000001,34,2.55825,medium,False
C50_FRG,43,coronacases_001,coronacases_001,3,1.000001,35,0.3645,small,False
C50_FRG,43,coronacases_001,coronacases_001,3,1.000001,36,7.344,large,False
C50_FRG,43,coronacases_001,coronacases_001,3,1.000001,37,1.755,medium,False
C50_FRG,43,coronacases_001,coronacases_001,3,1.000001,38,0.1485,small,False
C50_FRG,43,coronacases_001,coronacases_001,3,1.000001,39,2.3625,medium,False
C50_FRG,43,coronacases_001,coronacases_001,3,1.000001,40,0.41175,small,False
C50_FRG,43,coronacases_001,coronacases_001,3,1.000001,41,0.26325,small,False
C50_FRG,43,coronacases_001,coronacases_001,3,1.000001,42,0.19575,small,False
C50_FRG,43,coronacases_001,coronacases_001,3,1.000001,43,1.92375,medium,False
C50_FRG,43,coronacases_002,coronacases_002,0,1.000001,0,21.384,large,False
C50_FRG,43,coronacases_002,coronacases_002,0,1.000001,1,2.63925,medium,False
C50_FRG,43,coronacases_002,coronacases_002,0,1.000001,2,0.378,small,False
C50_FRG,43,coronacases_002,coronacases_002,0,1.000001,3,28.3365,large,False
C50_FRG,43,coronacases_002,coronacases_002,0,1.000001,4,0.1215,small,False
C50_FRG,43,coronacases_002,coronacases_002,0,1.000001,5,24.084,large,False
C50_FRG,43,coronacases_002,coronacases_002,0,1.000001,6,4.97475,large,False
C50_FRG,43,coronacases_002,coronacases_002,0,1.000001,7,0.76275,medium,False
C50_FRG,43,coronacases_002,coronacases_002,0,1.000001,8,15.47775,large,False
C50_FRG,43,coronacases_002,coronacases_002,0,1.000001,9,0.999,medium,False
C50_FRG,43,coronacases_002,coronacases_002,0,1.000001,10,5.28525,large,False
C50_FRG,43,coronacases_002,coronacases_002,0,1.000001,11,0.3645,small,False
C50_FRG,43,coronacases_002,coronacases_002,0,1.000001,12,0.31725,small,False
C50_FRG,43,coronacases_002,coronacases_002,0,1.000001,13,0.918,medium,False
C50_FRG,43,coronacases_002,coronacases_002,0,1.000001,14,3.699,large,False
C50_FRG,43,coronacases_002,coronacases_002,0,1.000001,15,22.68,large,False
C50_FRG,43,coronacases_002,coronacases_002,0,1.000001,16,0.486,medium,False
C50_FRG,43,coronacases_002,coronacases_002,0,1.000001,17,16.6995,large,False
C50_FRG,43,coronacases_002,coronacases_002,0,1.000001,18,3.3075,large,False
C50_FRG,43,coronacases_002,coronacases_002,0,1.000001,19,0.1215,small,False
C50_FRG,43,coronacases_002,coronacases_002,0,1.000001,20,28.538999999999998,large,False
C50_FRG,43,coronacases_002,coronacases_002,0,1.000001,21,1.86975,medium,False
C50_FRG,43,coronacases_002,coronacases_002,0,1.000001,22,4.32,large,False
C50_FRG,43,coronacases_002,coronacases_002,0,1.000001,23,0.8099999999999999,medium,False
C50_FRG,43,coronacases_002,coronacases_002,0,1.000001,24,1.917,medium,False
C50_FRG,43,coronacases_002,coronacases_002,0,1.000001,25,0.27,small,False
C50_FRG,43,coronacases_003,coronacases_003,3,1.000001,0,499.77,large,False
C50_FRG,43,coronacases_003,coronacases_003,3,1.000001,1,495.7875,large,False
C50_FRG,43,coronacases_003,coronacases_003,3,1.000001,2,6.642,large,False
C50_FRG,43,coronacases_003,coronacases_003,3,1.000001,3,0.47925,medium,False
C50_FRG,43,coronacases_003,coronacases_003,3,1.000001,4,1.8495,medium,False
C50_FRG,43,coronacases_003,coronacases_003,3,1.000001,5,0.11475,small,False
C50_FRG,43,coronacases_003,coronacases_003,3,1.000001,6,0.432,small,False
C50_FRG,43,coronacases_003,coronacases_003,3,1.000001,7,0.29025,small,False
C50_FRG,43,coronacases_003,coronacases_003,3,1.000001,8,0.12825,small,False
C50_FRG,43,coronacases_003,coronacases_003,3,1.000001,9,0.12825,small,False
C50_FRG,43,coronacases_003,coronacases_003,3,1.000001,10,0.20925,small,False
C50_FRG,43,coronacases_003,coronacases_003,3,1.000001,11,2.727,medium,False
C50_FRG,43,coronacases_003,coronacases_003,3,1.000001,12,0.6345,medium,False
C50_FRG,43,coronacases_003,coronacases_003,3,1.000001,13,0.5265,medium,False
C50_FRG,43,coronacases_003,coronacases_003,3,1.000001,14,0.189,small,False
C50_FRG,43,coronacases_003,coronacases_003,3,1.000001,15,0.9855,medium,False
C50_FRG,43,coronacases_003,coronacases_003,3,1.000001,16,0.243,small,False
C50_FRG,43,coronacases_003,coronacases_003,3,1.000001,17,0.47925,medium,False
C50_FRG,43,coronacases_003,coronacases_003,3,1.000001,18,0.16875,small,False
C50_FRG,43,coronacases_003,coronacases_003,3,1.000001,19,0.24975,small,False
C50_FRG,43,coronacases_003,coronacases_003,3,1.000001,20,0.4185,small,False
C50_FRG,43,coronacases_003,coronacases_003,3,1.000001,21,2.35575,medium,False
C50_FRG,43,coronacases_003,coronacases_003,3,1.000001,22,0.297,small,False
C50_FRG,43,coronacases_003,coronacases_003,3,1.000001,23,0.2295,small,False
C50_FRG,43,coronacases_003,coronacases_003,3,1.000001,24,0.2835,small,False
C50_FRG,43,coronacases_003,coronacases_003,3,1.000001,25,0.76275,medium,False
C50_FRG,43,coronacases_003,coronacases_003,3,1.000001,26,0.10124999999999999,small,False
C50_FRG,43,coronacases_003,coronacases_003,3,1.000001,27,1.5255,medium,False
C50_FRG,43,coronacases_003,coronacases_003,3,1.000001,28,2.54475,medium,False
C50_FRG,43,coronacases_003,coronacases_003,3,1.000001,29,0.945,medium,False
C50_FRG,43,coronacases_003,coronacases_003,3,1.000001,30,0.3375,small,False
C50_FRG,43,coronacases_003,coronacases_003,3,1.000001,31,2.7675,medium,False
C50_FRG,43,coronacases_003,coronacases_003,3,1.000001,32,7.66125,large,False
C50_FRG,43,coronacases_003,coronacases_003,3,1.000001,33,2.862,large,False
C50_FRG,43,coronacases_003,coronacases_003,3,1.000001,34,1.674,medium,False
C50_FRG,43,coronacases_003,coronacases_003,3,1.000001,35,0.189,small,False
C50_FRG,43,coronacases_005,coronacases_005,0,1.000001,0,79.353,large,False
C50_FRG,43,coronacases_005,coronacases_005,0,1.000001,1,2.51775,medium,False
C50_FRG,43,coronacases_006,coronacases_006,2,1.000001,0,129.60675,large,False
C50_FRG,43,coronacases_007,coronacases_007,2,1.000001,0,0.1485,small,False
C50_FRG,43,coronacases_007,coronacases_007,2,1.000001,1,64.3275,large,False
C50_FRG,43,coronacases_007,coronacases_007,2,1.000001,2,0.42525,small,False
C50_FRG,43,coronacases_007,coronacases_007,2,1.000001,3,0.43875,small,False
C50_FRG,43,coronacases_007,coronacases_007,2,1.000001,4,23.598,large,False
C50_FRG,43,coronacases_007,coronacases_007,2,1.000001,5,1.53225,medium,False
C50_FRG,43,coronacases_007,coronacases_007,2,1.000001,6,0.7965,medium,False
C50_FRG,43,coronacases_009,coronacases_009,3,1.000001,0,1.1475,medium,False
C50_FRG,43,coronacases_009,coronacases_009,3,1.000001,1,0.41175,small,False
C50_FRG,43,coronacases_009,coronacases_009,3,1.000001,2,0.135,small,False
C50_FRG,43,coronacases_009,coronacases_009,3,1.000001,3,73.764,large,False
C50_FRG,43,coronacases_009,coronacases_009,3,1.000001,4,0.64125,medium,False
C50_FRG,43,coronacases_009,coronacases_009,3,1.000001,5,0.6345,medium,False
C50_FRG,43,coronacases_009,coronacases_009,3,1.000001,6,0.162,small,False
C50_FRG,43,coronacases_009,coronacases_009,3,1.000001,7,27.54,large,False
C50_FRG,43,coronacases_010,coronacases_010,1,1.000001,0,211.33575,large,False
C50_FRG,43,coronacases_010,coronacases_010,1,1.000001,1,187.0695,large,False
C50_FRG,43,coronacases_010,coronacases_010,1,1.000001,2,2.03175,medium,False
C50_FRG,43,coronacases_010,coronacases_010,1,1.000001,3,0.62775,medium,False
C50_FRG,43,coronacases_010,coronacases_010,1,1.000001,4,0.45225,small,False
C50_FRG,43,coronacases_010,coronacases_010,1,1.000001,5,0.77625,medium,False
C50_FRG,43,radiopaedia_10_85902_1,radiopaedia_case_10,1,1.000001,0,158.976,large,False
C50_FRG,43,radiopaedia_10_85902_1,radiopaedia_case_10,1,1.000001,1,1.3094999999999999,medium,False
C50_FRG,43,radiopaedia_10_85902_3,radiopaedia_case_10,1,1.000001,0,262.51425,large,False
C50_FRG,43,radiopaedia_10_85902_3,radiopaedia_case_10,1,1.000001,1,1.77525,medium,False
C50_FRG,43,radiopaedia_29_86490_1,radiopaedia_case_29,0,1.000001,0,0.324,small,False
C50_FRG,43,radiopaedia_29_86490_1,radiopaedia_case_29,0,1.000001,1,0.1755,small,False
C50_FRG,43,radiopaedia_29_86491_1,radiopaedia_case_29,0,1.000001,0,14.013,large,False
C50_FRG,43,radiopaedia_29_86491_1,radiopaedia_case_29,0,1.000001,1,36.2475,large,False
C50_FRG,43,radiopaedia_29_86491_1,radiopaedia_case_29,0,1.000001,2,0.4995,medium,False
C50_FRG,43,radiopaedia_36_86526_0,radiopaedia_case_36,2,1.000001,0,3.726,large,False
C50_FRG,43,radiopaedia_36_86526_0,radiopaedia_case_36,2,1.000001,1,3.96225,large,False
C50_FRG,43,radiopaedia_36_86526_0,radiopaedia_case_36,2,1.000001,2,4.617,large,False
C50_FRG,43,radiopaedia_36_86526_0,radiopaedia_case_36,2,1.000001,3,1.026,medium,False
C50_FRG,43,radiopaedia_36_86526_0,radiopaedia_case_36,2,1.000001,4,5.832,large,False
C50_FRG,43,radiopaedia_36_86526_0,radiopaedia_case_36,2,1.000001,5,0.4185,small,False
C50_FRG,43,radiopaedia_36_86526_0,radiopaedia_case_36,2,1.000001,6,2.6595,medium,False
C50_FRG,43,radiopaedia_36_86526_0,radiopaedia_case_36,2,1.000001,7,0.972,medium,False
C50_FRG,43,radiopaedia_36_86526_0,radiopaedia_case_36,2,1.000001,8,2.187,medium,False
C50_FRG,43,radiopaedia_36_86526_0,radiopaedia_case_36,2,1.000001,9,6.1695,large,False
C50_FRG,43,radiopaedia_36_86526_0,radiopaedia_case_36,2,1.000001,10,1.593,medium,False
C50_FRG,43,radiopaedia_36_86526_0,radiopaedia_case_36,2,1.000001,11,4.7115,large,False
C50_FRG,43,radiopaedia_36_86526_0,radiopaedia_case_36,2,1.000001,12,0.4725,small,False
C50_FRG,43,radiopaedia_36_86526_0,radiopaedia_case_36,2,1.000001,13,9.504,large,False
C50_FRG,43,radiopaedia_36_86526_0,radiopaedia_case_36,2,1.000001,14,3.564,large,False
C50_FRG,43,radiopaedia_36_86526_0,radiopaedia_case_36,2,1.000001,15,8.829,large,False
C50_FRG,43,radiopaedia_36_86526_0,radiopaedia_case_36,2,1.000001,16,35.802,large,False
C50_FRG,43,radiopaedia_36_86526_0,radiopaedia_case_36,2,1.000001,17,10.0035,large,False
C50_FRG,43,radiopaedia_36_86526_0,radiopaedia_case_36,2,1.000001,18,0.675,medium,False
C50_FRG,43,radiopaedia_36_86526_0,radiopaedia_case_36,2,1.000001,19,27.1755,large,False
C50_FRG,43,radiopaedia_36_86526_0,radiopaedia_case_36,2,1.000001,20,7.587,large,False
C50_FRG,43,radiopaedia_36_86526_0,radiopaedia_case_36,2,1.000001,21,8.856,large,False
C50_FRG,43,radiopaedia_36_86526_0,radiopaedia_case_36,2,1.000001,22,4.0635,large,False
C50_FRG,43,radiopaedia_36_86526_0,radiopaedia_case_36,2,1.000001,23,0.675,medium,False
C50_FRG,43,radiopaedia_36_86526_0,radiopaedia_case_36,2,1.000001,24,12.3525,large,False
C50_FRG,43,radiopaedia_36_86526_0,radiopaedia_case_36,2,1.000001,25,1.6335,medium,False
C50_FRG,43,radiopaedia_36_86526_0,radiopaedia_case_36,2,1.000001,26,0.702,medium,False
C50_FRG,43,radiopaedia_36_86526_0,radiopaedia_case_36,2,1.000001,27,11.232,large,False
C50_FRG,43,radiopaedia_36_86526_0,radiopaedia_case_36,2,1.000001,28,0.4725,small,False
C50_FRG,43,radiopaedia_36_86526_0,radiopaedia_case_36,2,1.000001,29,4.806,large,False
C50_FRG,43,radiopaedia_36_86526_0,radiopaedia_case_36,2,1.000001,30,0.1485,small,False
C50_FRG,43,radiopaedia_40_86625_0,radiopaedia_case_40,3,1.000001,0,1371.2962499999999,large,False
C50_FRG,43,radiopaedia_40_86625_0,radiopaedia_case_40,3,1.000001,1,1492.6612499999999,large,False
C50_FRG,43,radiopaedia_40_86625_0,radiopaedia_case_40,3,1.000001,2,9.207,large,False
C50_FRG,43,radiopaedia_40_86625_0,radiopaedia_case_40,3,1.000001,3,0.64125,medium,False
C50_FRG,43,radiopaedia_40_86625_0,radiopaedia_case_40,3,1.000001,4,0.35775,small,False
C50_FRG,43,radiopaedia_40_86625_0,radiopaedia_case_40,3,1.000001,5,0.22275,small,False
C50_FRG,43,radiopaedia_40_86625_0,radiopaedia_case_40,3,1.000001,6,0.108,small,False
C50_FRG,43,radiopaedia_40_86625_0,radiopaedia_case_40,3,1.000001,7,0.5535,medium,False
C50_FRG,43,radiopaedia_40_86625_0,radiopaedia_case_40,3,1.000001,8,3.23325,large,False
C50_FRG,43,radiopaedia_4_85506_1,radiopaedia_case_4,1,1.000001,0,464.71049999999997,large,False
C50_FRG,43,radiopaedia_4_85506_1,radiopaedia_case_4,1,1.000001,1,606.9195,large,False
C50_FRG,43,radiopaedia_4_85506_1,radiopaedia_case_4,1,1.000001,2,20.2635,large,False
C50_FRG,43,radiopaedia_4_85506_1,radiopaedia_case_4,1,1.000001,3,0.135,small,False
C50_FRG,43,radiopaedia_4_85506_1,radiopaedia_case_4,1,1.000001,4,0.5805,medium,False
C50_FRG,43,radiopaedia_4_85506_1,radiopaedia_case_4,1,1.000001,5,6.8985,large,False
C50_FRG,43,radiopaedia_4_85506_1,radiopaedia_case_4,1,1.000001,6,1.3094999999999999,medium,False
C50_FRG,43,radiopaedia_4_85506_1,radiopaedia_case_4,1,1.000001,7,2.6325,medium,False
C50_FRG,43,radiopaedia_4_85506_1,radiopaedia_case_4,1,1.000001,8,0.4455,small,False
C50_FRG,43,radiopaedia_4_85506_1,radiopaedia_case_4,1,1.000001,9,0.2565,small,False
C50_FRG,43,radiopaedia_4_85506_1,radiopaedia_case_4,1,1.000001,10,0.2835,small,False
C50_FRG,43,radiopaedia_4_85506_1,radiopaedia_case_4,1,1.000001,11,1.9575,medium,False
C50_FRG,43,radiopaedia_4_85506_1,radiopaedia_case_4,1,1.000001,12,4.671,large,False
C50_FRG,43,radiopaedia_4_85506_1,radiopaedia_case_4,1,1.000001,13,1.9845,medium,False
C50_FRG,43,radiopaedia_4_85506_1,radiopaedia_case_4,1,1.000001,14,8.046,large,False
C50_FRG,43,radiopaedia_4_85506_1,radiopaedia_case_4,1,1.000001,15,0.567,medium,False
C50_FRG,43,radiopaedia_4_85506_1,radiopaedia_case_4,1,1.000001,16,6.8985,large,False
C50_FRG,43,radiopaedia_4_85506_1,radiopaedia_case_4,1,1.000001,17,0.378,small,False
C50_FRG,43,radiopaedia_4_85506_1,radiopaedia_case_4,1,1.000001,18,0.7965,medium,False
C50_FRG,43,radiopaedia_4_85506_1,radiopaedia_case_4,1,1.000001,19,25.7985,large,False
C50_FRG,43,radiopaedia_4_85506_1,radiopaedia_case_4,1,1.000001,20,0.162,small,False
C50_FRG,43,radiopaedia_4_85506_1,radiopaedia_case_4,1,1.000001,21,0.8099999999999999,medium,False
C50_FRG,43,radiopaedia_4_85506_1,radiopaedia_case_4,1,1.000001,22,1.0395,medium,False
C50_FRG,43,radiopaedia_4_85506_1,radiopaedia_case_4,1,1.000001,23,1.161,medium,False
C50_FRG,43,radiopaedia_4_85506_1,radiopaedia_case_4,1,1.000001,24,0.8099999999999999,medium,False
C50_FRG,43,radiopaedia_4_85506_1,radiopaedia_case_4,1,1.000001,25,0.567,medium,False
C50_FRG,43,radiopaedia_4_85506_1,radiopaedia_case_4,1,1.000001,26,1.2015,medium,False
C50_FRG,43,radiopaedia_4_85506_1,radiopaedia_case_4,1,1.000001,27,0.4455,small,False
C50_FRG,43,radiopaedia_4_85506_1,radiopaedia_case_4,1,1.000001,28,2.6055,medium,False
C50_FRG,43,radiopaedia_7_85703_0,radiopaedia_case_7,2,1.000001,0,810.1485,large,False
C50_FRG,43,radiopaedia_7_85703_0,radiopaedia_case_7,2,1.000001,1,258.255,large,False
C50_FRG,43,radiopaedia_7_85703_0,radiopaedia_case_7,2,1.000001,2,0.7965,medium,False
C50_FRG,43,radiopaedia_7_85703_0,radiopaedia_case_7,2,1.000001,3,2.268,medium,False
C100_COH,17,coronacases_001,coronacases_001,3,1.000001,0,88.66125,large,False
C100_COH,17,coronacases_001,coronacases_001,3,1.000001,1,191.09924999999998,large,False
C100_COH,17,coronacases_001,coronacases_001,3,1.000001,2,0.38475,small,False
C100_COH,17,coronacases_001,coronacases_001,3,1.000001,3,0.69525,medium,False
C100_COH,17,coronacases_001,coronacases_001,3,1.000001,4,12.84525,large,False
C100_COH,17,coronacases_001,coronacases_001,3,1.000001,5,0.20925,small,False
C100_COH,17,coronacases_001,coronacases_001,3,1.000001,6,0.108,small,False
C100_COH,17,coronacases_001,coronacases_001,3,1.000001,7,19.1565,large,False
C100_COH,17,coronacases_001,coronacases_001,3,1.000001,8,0.1215,small,False
C100_COH,17,coronacases_001,coronacases_001,3,1.000001,9,0.41175,small,False
C100_COH,17,coronacases_001,coronacases_001,3,1.000001,10,0.45225,small,False
C100_COH,17,coronacases_001,coronacases_001,3,1.000001,11,1.19475,medium,False
C100_COH,17,coronacases_001,coronacases_001,3,1.000001,12,0.33075,small,False
C100_COH,17,coronacases_001,coronacases_001,3,1.000001,13,0.16875,small,False
C100_COH,17,coronacases_001,coronacases_001,3,1.000001,14,0.2565,small,False
C100_COH,17,coronacases_001,coronacases_001,3,1.000001,15,0.43875,small,False
C100_COH,17,coronacases_001,coronacases_001,3,1.000001,16,0.918,medium,False
C100_COH,17,coronacases_001,coronacases_001,3,1.000001,17,6.3382499999999995,large,False
C100_COH,17,coronacases_001,coronacases_001,3,1.000001,18,1.32975,medium,False
C100_COH,17,coronacases_001,coronacases_001,3,1.000001,19,0.14175,small,False
C100_COH,17,coronacases_001,coronacases_001,3,1.000001,20,0.27675,small,False
C100_COH,17,coronacases_001,coronacases_001,3,1.000001,21,0.14175,small,False
C100_COH,17,coronacases_001,coronacases_001,3,1.000001,22,0.162,small,False
C100_COH,17,coronacases_001,coronacases_001,3,1.000001,23,31.104,large,False
C100_COH,17,coronacases_001,coronacases_001,3,1.000001,24,5.1907499999999995,large,False
C100_COH,17,coronacases_001,coronacases_001,3,1.000001,25,0.135,small,False
C100_COH,17,coronacases_001,coronacases_001,3,1.000001,26,5.50125,large,False
C100_COH,17,coronacases_001,coronacases_001,3,1.000001,27,34.425,large,False
C100_COH,17,coronacases_001,coronacases_001,3,1.000001,28,0.2565,small,False
C100_COH,17,coronacases_001,coronacases_001,3,1.000001,29,0.3105,small,False
C100_COH,17,coronacases_001,coronacases_001,3,1.000001,30,0.10124999999999999,small,False
C100_COH,17,coronacases_001,coronacases_001,3,1.000001,31,0.108,small,False
C100_COH,17,coronacases_001,coronacases_001,3,1.000001,32,0.135,small,False
C100_COH,17,coronacases_001,coronacases_001,3,1.000001,33,0.11475,small,False
C100_COH,17,coronacases_001,coronacases_001,3,1.000001,34,2.55825,medium,False
C100_COH,17,coronacases_001,coronacases_001,3,1.000001,35,0.3645,small,False
C100_COH,17,coronacases_001,coronacases_001,3,1.000001,36,7.344,large,False
C100_COH,17,coronacases_001,coronacases_001,3,1.000001,37,1.755,medium,False
C100_COH,17,coronacases_001,coronacases_001,3,1.000001,38,0.1485,small,False
C100_COH,17,coronacases_001,coronacases_001,3,1.000001,39,2.3625,medium,False
C100_COH,17,coronacases_001,coronacases_001,3,1.000001,40,0.41175,small,False
C100_COH,17,coronacases_001,coronacases_001,3,1.000001,41,0.26325,small,False
C100_COH,17,coronacases_001,coronacases_001,3,1.000001,42,0.19575,small,False
C100_COH,17,coronacases_001,coronacases_001,3,1.000001,43,1.92375,medium,False
C100_COH,17,coronacases_002,coronacases_002,0,1.000001,0,21.384,large,False
C100_COH,17,coronacases_002,coronacases_002,0,1.000001,1,2.63925,medium,False
C100_COH,17,coronacases_002,coronacases_002,0,1.000001,2,0.378,small,False
C100_COH,17,coronacases_002,coronacases_002,0,1.000001,3,28.3365,large,False
C100_COH,17,coronacases_002,coronacases_002,0,1.000001,4,0.1215,small,False
C100_COH,17,coronacases_002,coronacases_002,0,1.000001,5,24.084,large,False
C100_COH,17,coronacases_002,coronacases_002,0,1.000001,6,4.97475,large,False
C100_COH,17,coronacases_002,coronacases_002,0,1.000001,7,0.76275,medium,False
C100_COH,17,coronacases_002,coronacases_002,0,1.000001,8,15.47775,large,False
C100_COH,17,coronacases_002,coronacases_002,0,1.000001,9,0.999,medium,False
C100_COH,17,coronacases_002,coronacases_002,0,1.000001,10,5.28525,large,False
C100_COH,17,coronacases_002,coronacases_002,0,1.000001,11,0.3645,small,False
C100_COH,17,coronacases_002,coronacases_002,0,1.000001,12,0.31725,small,False
C100_COH,17,coronacases_002,coronacases_002,0,1.000001,13,0.918,medium,False
C100_COH,17,coronacases_002,coronacases_002,0,1.000001,14,3.699,large,False
C100_COH,17,coronacases_002,coronacases_002,0,1.000001,15,22.68,large,False
C100_COH,17,coronacases_002,coronacases_002,0,1.000001,16,0.486,medium,False
C100_COH,17,coronacases_002,coronacases_002,0,1.000001,17,16.6995,large,False
C100_COH,17,coronacases_002,coronacases_002,0,1.000001,18,3.3075,large,False
C100_COH,17,coronacases_002,coronacases_002,0,1.000001,19,0.1215,small,False
C100_COH,17,coronacases_002,coronacases_002,0,1.000001,20,28.538999999999998,large,False
C100_COH,17,coronacases_002,coronacases_002,0,1.000001,21,1.86975,medium,False
C100_COH,17,coronacases_002,coronacases_002,0,1.000001,22,4.32,large,False
C100_COH,17,coronacases_002,coronacases_002,0,1.000001,23,0.8099999999999999,medium,False
C100_COH,17,coronacases_002,coronacases_002,0,1.000001,24,1.917,medium,False
C100_COH,17,coronacases_002,coronacases_002,0,1.000001,25,0.27,small,False
C100_COH,17,coronacases_003,coronacases_003,3,1.000001,0,499.77,large,False
C100_COH,17,coronacases_003,coronacases_003,3,1.000001,1,495.7875,large,False
C100_COH,17,coronacases_003,coronacases_003,3,1.000001,2,6.642,large,False
C100_COH,17,coronacases_003,coronacases_003,3,1.000001,3,0.47925,medium,False
C100_COH,17,coronacases_003,coronacases_003,3,1.000001,4,1.8495,medium,False
C100_COH,17,coronacases_003,coronacases_003,3,1.000001,5,0.11475,small,False
C100_COH,17,coronacases_003,coronacases_003,3,1.000001,6,0.432,small,False
C100_COH,17,coronacases_003,coronacases_003,3,1.000001,7,0.29025,small,False
C100_COH,17,coronacases_003,coronacases_003,3,1.000001,8,0.12825,small,False
C100_COH,17,coronacases_003,coronacases_003,3,1.000001,9,0.12825,small,False
C100_COH,17,coronacases_003,coronacases_003,3,1.000001,10,0.20925,small,False
C100_COH,17,coronacases_003,coronacases_003,3,1.000001,11,2.727,medium,False
C100_COH,17,coronacases_003,coronacases_003,3,1.000001,12,0.6345,medium,False
C100_COH,17,coronacases_003,coronacases_003,3,1.000001,13,0.5265,medium,False
C100_COH,17,coronacases_003,coronacases_003,3,1.000001,14,0.189,small,False
C100_COH,17,coronacases_003,coronacases_003,3,1.000001,15,0.9855,medium,False
C100_COH,17,coronacases_003,coronacases_003,3,1.000001,16,0.243,small,False
C100_COH,17,coronacases_003,coronacases_003,3,1.000001,17,0.47925,medium,False
C100_COH,17,coronacases_003,coronacases_003,3,1.000001,18,0.16875,small,False
C100_COH,17,coronacases_003,coronacases_003,3,1.000001,19,0.24975,small,False
C100_COH,17,coronacases_003,coronacases_003,3,1.000001,20,0.4185,small,False
C100_COH,17,coronacases_003,coronacases_003,3,1.000001,21,2.35575,medium,False
C100_COH,17,coronacases_003,coronacases_003,3,1.000001,22,0.297,small,False
C100_COH,17,coronacases_003,coronacases_003,3,1.000001,23,0.2295,small,False
C100_COH,17,coronacases_003,coronacases_003,3,1.000001,24,0.2835,small,False
C100_COH,17,coronacases_003,coronacases_003,3,1.000001,25,0.76275,medium,False
C100_COH,17,coronacases_003,coronacases_003,3,1.000001,26,0.10124999999999999,small,False
C100_COH,17,coronacases_003,coronacases_003,3,1.000001,27,1.5255,medium,False
C100_COH,17,coronacases_003,coronacases_003,3,1.000001,28,2.54475,medium,False
C100_COH,17,coronacases_003,coronacases_003,3,1.000001,29,0.945,medium,False
C100_COH,17,coronacases_003,coronacases_003,3,1.000001,30,0.3375,small,False
C100_COH,17,coronacases_003,coronacases_003,3,1.000001,31,2.7675,medium,False
C100_COH,17,coronacases_003,coronacases_003,3,1.000001,32,7.66125,large,False
C100_COH,17,coronacases_003,coronacases_003,3,1.000001,33,2.862,large,False
C100_COH,17,coronacases_003,coronacases_003,3,1.000001,34,1.674,medium,False
C100_COH,17,coronacases_003,coronacases_003,3,1.000001,35,0.189,small,False
C100_COH,17,coronacases_005,coronacases_005,0,1.000001,0,79.353,large,False
C100_COH,17,coronacases_005,coronacases_005,0,1.000001,1,2.51775,medium,False
C100_COH,17,coronacases_006,coronacases_006,2,1.000001,0,129.60675,large,False
C100_COH,17,coronacases_007,coronacases_007,2,1.000001,0,0.1485,small,False
C100_COH,17,coronacases_007,coronacases_007,2,1.000001,1,64.3275,large,False
C100_COH,17,coronacases_007,coronacases_007,2,1.000001,2,0.42525,small,False
C100_COH,17,coronacases_007,coronacases_007,2,1.000001,3,0.43875,small,False
C100_COH,17,coronacases_007,coronacases_007,2,1.000001,4,23.598,large,False
C100_COH,17,coronacases_007,coronacases_007,2,1.000001,5,1.53225,medium,False
C100_COH,17,coronacases_007,coronacases_007,2,1.000001,6,0.7965,medium,False
C100_COH,17,coronacases_009,coronacases_009,3,1.000001,0,1.1475,medium,False
C100_COH,17,coronacases_009,coronacases_009,3,1.000001,1,0.41175,small,False
C100_COH,17,coronacases_009,coronacases_009,3,1.000001,2,0.135,small,False
C100_COH,17,coronacases_009,coronacases_009,3,1.000001,3,73.764,large,False
C100_COH,17,coronacases_009,coronacases_009,3,1.000001,4,0.64125,medium,False
C100_COH,17,coronacases_009,coronacases_009,3,1.000001,5,0.6345,medium,False
C100_COH,17,coronacases_009,coronacases_009,3,1.000001,6,0.162,small,False
C100_COH,17,coronacases_009,coronacases_009,3,1.000001,7,27.54,large,False
C100_COH,17,coronacases_010,coronacases_010,1,1.000001,0,211.33575,large,False
C100_COH,17,coronacases_010,coronacases_010,1,1.000001,1,187.0695,large,False
C100_COH,17,coronacases_010,coronacases_010,1,1.000001,2,2.03175,medium,False
C100_COH,17,coronacases_010,coronacases_010,1,1.000001,3,0.62775,medium,False
C100_COH,17,coronacases_010,coronacases_010,1,1.000001,4,0.45225,small,False
C100_COH,17,coronacases_010,coronacases_010,1,1.000001,5,0.77625,medium,False
C100_COH,17,radiopaedia_10_85902_1,radiopaedia_case_10,1,1.000001,0,158.976,large,False
C100_COH,17,radiopaedia_10_85902_1,radiopaedia_case_10,1,1.000001,1,1.3094999999999999,medium,False
C100_COH,17,radiopaedia_10_85902_3,radiopaedia_case_10,1,1.000001,0,262.51425,large,False
C100_COH,17,radiopaedia_10_85902_3,radiopaedia_case_10,1,1.000001,1,1.77525,medium,False
C100_COH,17,radiopaedia_29_86490_1,radiopaedia_case_29,0,1.000001,0,0.324,small,False
C100_COH,17,radiopaedia_29_86490_1,radiopaedia_case_29,0,1.000001,1,0.1755,small,False
C100_COH,17,radiopaedia_29_86491_1,radiopaedia_case_29,0,1.000001,0,14.013,large,False
C100_COH,17,radiopaedia_29_86491_1,radiopaedia_case_29,0,1.000001,1,36.2475,large,False
C100_COH,17,radiopaedia_29_86491_1,radiopaedia_case_29,0,1.000001,2,0.4995,medium,False
C100_COH,17,radiopaedia_36_86526_0,radiopaedia_case_36,2,1.000001,0,3.726,large,False
C100_COH,17,radiopaedia_36_86526_0,radiopaedia_case_36,2,1.000001,1,3.96225,large,False
C100_COH,17,radiopaedia_36_86526_0,radiopaedia_case_36,2,1.000001,2,4.617,large,False
C100_COH,17,radiopaedia_36_86526_0,radiopaedia_case_36,2,1.000001,3,1.026,medium,False
C100_COH,17,radiopaedia_36_86526_0,radiopaedia_case_36,2,1.000001,4,5.832,large,False
C100_COH,17,radiopaedia_36_86526_0,radiopaedia_case_36,2,1.000001,5,0.4185,small,False
C100_COH,17,radiopaedia_36_86526_0,radiopaedia_case_36,2,1.000001,6,2.6595,medium,False
C100_COH,17,radiopaedia_36_86526_0,radiopaedia_case_36,2,1.000001,7,0.972,medium,False
C100_COH,17,radiopaedia_36_86526_0,radiopaedia_case_36,2,1.000001,8,2.187,medium,False
C100_COH,17,radiopaedia_36_86526_0,radiopaedia_case_36,2,1.000001,9,6.1695,large,False
C100_COH,17,radiopaedia_36_86526_0,radiopaedia_case_36,2,1.000001,10,1.593,medium,False
C100_COH,17,radiopaedia_36_86526_0,radiopaedia_case_36,2,1.000001,11,4.7115,large,False
C100_COH,17,radiopaedia_36_86526_0,radiopaedia_case_36,2,1.000001,12,0.4725,small,False
C100_COH,17,radiopaedia_36_86526_0,radiopaedia_case_36,2,1.000001,13,9.504,large,False
C100_COH,17,radiopaedia_36_86526_0,radiopaedia_case_36,2,1.000001,14,3.564,large,False
C100_COH,17,radiopaedia_36_86526_0,radiopaedia_case_36,2,1.000001,15,8.829,large,False
C100_COH,17,radiopaedia_36_86526_0,radiopaedia_case_36,2,1.000001,16,35.802,large,False
C100_COH,17,radiopaedia_36_86526_0,radiopaedia_case_36,2,1.000001,17,10.0035,large,False
C100_COH,17,radiopaedia_36_86526_0,radiopaedia_case_36,2,1.000001,18,0.675,medium,False
C100_COH,17,radiopaedia_36_86526_0,radiopaedia_case_36,2,1.000001,19,27.1755,large,False
C100_COH,17,radiopaedia_36_86526_0,radiopaedia_case_36,2,1.000001,20,7.587,large,False
C100_COH,17,radiopaedia_36_86526_0,radiopaedia_case_36,2,1.000001,21,8.856,large,False
C100_COH,17,radiopaedia_36_86526_0,radiopaedia_case_36,2,1.000001,22,4.0635,large,False
C100_COH,17,radiopaedia_36_86526_0,radiopaedia_case_36,2,1.000001,23,0.675,medium,False
C100_COH,17,radiopaedia_36_86526_0,radiopaedia_case_36,2,1.000001,24,12.3525,large,False
C100_COH,17,radiopaedia_36_86526_0,radiopaedia_case_36,2,1.000001,25,1.6335,medium,False
C100_COH,17,radiopaedia_36_86526_0,radiopaedia_case_36,2,1.000001,26,0.702,medium,False
C100_COH,17,radiopaedia_36_86526_0,radiopaedia_case_36,2,1.000001,27,11.232,large,False
C100_COH,17,radiopaedia_36_86526_0,radiopaedia_case_36,2,1.000001,28,0.4725,small,False
C100_COH,17,radiopaedia_36_86526_0,radiopaedia_case_36,2,1.000001,29,4.806,large,False
C100_COH,17,radiopaedia_36_86526_0,radiopaedia_case_36,2,1.000001,30,0.1485,small,False
C100_COH,17,radiopaedia_40_86625_0,radiopaedia_case_40,3,1.000001,0,1371.2962499999999,large,False
C100_COH,17,radiopaedia_40_86625_0,radiopaedia_case_40,3,1.000001,1,1492.6612499999999,large,False
C100_COH,17,radiopaedia_40_86625_0,radiopaedia_case_40,3,1.000001,2,9.207,large,False
C100_COH,17,radiopaedia_40_86625_0,radiopaedia_case_40,3,1.000001,3,0.64125,medium,False
C100_COH,17,radiopaedia_40_86625_0,radiopaedia_case_40,3,1.000001,4,0.35775,small,False
C100_COH,17,radiopaedia_40_86625_0,radiopaedia_case_40,3,1.000001,5,0.22275,small,False
C100_COH,17,radiopaedia_40_86625_0,radiopaedia_case_40,3,1.000001,6,0.108,small,False
C100_COH,17,radiopaedia_40_86625_0,radiopaedia_case_40,3,1.000001,7,0.5535,medium,False
C100_COH,17,radiopaedia_40_86625_0,radiopaedia_case_40,3,1.000001,8,3.23325,large,False
C100_COH,17,radiopaedia_4_85506_1,radiopaedia_case_4,1,1.000001,0,464.71049999999997,large,False
C100_COH,17,radiopaedia_4_85506_1,radiopaedia_case_4,1,1.000001,1,606.9195,large,False
C100_COH,17,radiopaedia_4_85506_1,radiopaedia_case_4,1,1.000001,2,20.2635,large,False
C100_COH,17,radiopaedia_4_85506_1,radiopaedia_case_4,1,1.000001,3,0.135,small,False
C100_COH,17,radiopaedia_4_85506_1,radiopaedia_case_4,1,1.000001,4,0.5805,medium,False
C100_COH,17,radiopaedia_4_85506_1,radiopaedia_case_4,1,1.000001,5,6.8985,large,False
C100_COH,17,radiopaedia_4_85506_1,radiopaedia_case_4,1,1.000001,6,1.3094999999999999,medium,False
C100_COH,17,radiopaedia_4_85506_1,radiopaedia_case_4,1,1.000001,7,2.6325,medium,False
C100_COH,17,radiopaedia_4_85506_1,radiopaedia_case_4,1,1.000001,8,0.4455,small,False
C100_COH,17,radiopaedia_4_85506_1,radiopaedia_case_4,1,1.000001,9,0.2565,small,False
C100_COH,17,radiopaedia_4_85506_1,radiopaedia_case_4,1,1.000001,10,0.2835,small,False
C100_COH,17,radiopaedia_4_85506_1,radiopaedia_case_4,1,1.000001,11,1.9575,medium,False
C100_COH,17,radiopaedia_4_85506_1,radiopaedia_case_4,1,1.000001,12,4.671,large,False
C100_COH,17,radiopaedia_4_85506_1,radiopaedia_case_4,1,1.000001,13,1.9845,medium,False
C100_COH,17,radiopaedia_4_85506_1,radiopaedia_case_4,1,1.000001,14,8.046,large,False
C100_COH,17,radiopaedia_4_85506_1,radiopaedia_case_4,1,1.000001,15,0.567,medium,False
C100_COH,17,radiopaedia_4_85506_1,radiopaedia_case_4,1,1.000001,16,6.8985,large,False
C100_COH,17,radiopaedia_4_85506_1,radiopaedia_case_4,1,1.000001,17,0.378,small,False
C100_COH,17,radiopaedia_4_85506_1,radiopaedia_case_4,1,1.000001,18,0.7965,medium,False
C100_COH,17,radiopaedia_4_85506_1,radiopaedia_case_4,1,1.000001,19,25.7985,large,False
C100_COH,17,radiopaedia_4_85506_1,radiopaedia_case_4,1,1.000001,20,0.162,small,False
C100_COH,17,radiopaedia_4_85506_1,radiopaedia_case_4,1,1.000001,21,0.8099999999999999,medium,False
C100_COH,17,radiopaedia_4_85506_1,radiopaedia_case_4,1,1.000001,22,1.0395,medium,False
C100_COH,17,radiopaedia_4_85506_1,radiopaedia_case_4,1,1.000001,23,1.161,medium,False
C100_COH,17,radiopaedia_4_85506_1,radiopaedia_case_4,1,1.000001,24,0.8099999999999999,medium,False
C100_COH,17,radiopaedia_4_85506_1,radiopaedia_case_4,1,1.000001,25,0.567,medium,False
C100_COH,17,radiopaedia_4_85506_1,radiopaedia_case_4,1,1.000001,26,1.2015,medium,False
C100_COH,17,radiopaedia_4_85506_1,radiopaedia_case_4,1,1.000001,27,0.4455,small,False
C100_COH,17,radiopaedia_4_85506_1,radiopaedia_case_4,1,1.000001,28,2.6055,medium,False
C100_COH,17,radiopaedia_7_85703_0,radiopaedia_case_7,2,1.000001,0,810.1485,large,False
C100_COH,17,radiopaedia_7_85703_0,radiopaedia_case_7,2,1.000001,1,258.255,large,False
C100_COH,17,radiopaedia_7_85703_0,radiopaedia_case_7,2,1.000001,2,0.7965,medium,False
C100_COH,17,radiopaedia_7_85703_0,radiopaedia_case_7,2,1.000001,3,2.268,medium,False
C100_COH,29,coronacases_001,coronacases_001,3,1.000001,0,88.66125,large,False
C100_COH,29,coronacases_001,coronacases_001,3,1.000001,1,191.09924999999998,large,False
C100_COH,29,coronacases_001,coronacases_001,3,1.000001,2,0.38475,small,False
C100_COH,29,coronacases_001,coronacases_001,3,1.000001,3,0.69525,medium,False
C100_COH,29,coronacases_001,coronacases_001,3,1.000001,4,12.84525,large,False
C100_COH,29,coronacases_001,coronacases_001,3,1.000001,5,0.20925,small,False
C100_COH,29,coronacases_001,coronacases_001,3,1.000001,6,0.108,small,False
C100_COH,29,coronacases_001,coronacases_001,3,1.000001,7,19.1565,large,False
C100_COH,29,coronacases_001,coronacases_001,3,1.000001,8,0.1215,small,False
C100_COH,29,coronacases_001,coronacases_001,3,1.000001,9,0.41175,small,False
C100_COH,29,coronacases_001,coronacases_001,3,1.000001,10,0.45225,small,False
C100_COH,29,coronacases_001,coronacases_001,3,1.000001,11,1.19475,medium,False
C100_COH,29,coronacases_001,coronacases_001,3,1.000001,12,0.33075,small,False
C100_COH,29,coronacases_001,coronacases_001,3,1.000001,13,0.16875,small,False
C100_COH,29,coronacases_001,coronacases_001,3,1.000001,14,0.2565,small,False
C100_COH,29,coronacases_001,coronacases_001,3,1.000001,15,0.43875,small,False
C100_COH,29,coronacases_001,coronacases_001,3,1.000001,16,0.918,medium,False
C100_COH,29,coronacases_001,coronacases_001,3,1.000001,17,6.3382499999999995,large,False
C100_COH,29,coronacases_001,coronacases_001,3,1.000001,18,1.32975,medium,False
C100_COH,29,coronacases_001,coronacases_001,3,1.000001,19,0.14175,small,False
C100_COH,29,coronacases_001,coronacases_001,3,1.000001,20,0.27675,small,False
C100_COH,29,coronacases_001,coronacases_001,3,1.000001,21,0.14175,small,False
C100_COH,29,coronacases_001,coronacases_001,3,1.000001,22,0.162,small,False
C100_COH,29,coronacases_001,coronacases_001,3,1.000001,23,31.104,large,False
C100_COH,29,coronacases_001,coronacases_001,3,1.000001,24,5.1907499999999995,large,False
C100_COH,29,coronacases_001,coronacases_001,3,1.000001,25,0.135,small,False
C100_COH,29,coronacases_001,coronacases_001,3,1.000001,26,5.50125,large,False
C100_COH,29,coronacases_001,coronacases_001,3,1.000001,27,34.425,large,False
C100_COH,29,coronacases_001,coronacases_001,3,1.000001,28,0.2565,small,False
C100_COH,29,coronacases_001,coronacases_001,3,1.000001,29,0.3105,small,False
C100_COH,29,coronacases_001,coronacases_001,3,1.000001,30,0.10124999999999999,small,False
C100_COH,29,coronacases_001,coronacases_001,3,1.000001,31,0.108,small,False
C100_COH,29,coronacases_001,coronacases_001,3,1.000001,32,0.135,small,False
C100_COH,29,coronacases_001,coronacases_001,3,1.000001,33,0.11475,small,False
C100_COH,29,coronacases_001,coronacases_001,3,1.000001,34,2.55825,medium,False
C100_COH,29,coronacases_001,coronacases_001,3,1.000001,35,0.3645,small,False
C100_COH,29,coronacases_001,coronacases_001,3,1.000001,36,7.344,large,False
C100_COH,29,coronacases_001,coronacases_001,3,1.000001,37,1.755,medium,False
C100_COH,29,coronacases_001,coronacases_001,3,1.000001,38,0.1485,small,False
C100_COH,29,coronacases_001,coronacases_001,3,1.000001,39,2.3625,medium,False
C100_COH,29,coronacases_001,coronacases_001,3,1.000001,40,0.41175,small,False
C100_COH,29,coronacases_001,coronacases_001,3,1.000001,41,0.26325,small,False
C100_COH,29,coronacases_001,coronacases_001,3,1.000001,42,0.19575,small,False
C100_COH,29,coronacases_001,coronacases_001,3,1.000001,43,1.92375,medium,False
C100_COH,29,coronacases_002,coronacases_002,0,1.000001,0,21.384,large,False
C100_COH,29,coronacases_002,coronacases_002,0,1.000001,1,2.63925,medium,False
C100_COH,29,coronacases_002,coronacases_002,0,1.000001,2,0.378,small,False
C100_COH,29,coronacases_002,coronacases_002,0,1.000001,3,28.3365,large,False
C100_COH,29,coronacases_002,coronacases_002,0,1.000001,4,0.1215,small,False
C100_COH,29,coronacases_002,coronacases_002,0,1.000001,5,24.084,large,False
C100_COH,29,coronacases_002,coronacases_002,0,1.000001,6,4.97475,large,False
C100_COH,29,coronacases_002,coronacases_002,0,1.000001,7,0.76275,medium,False
C100_COH,29,coronacases_002,coronacases_002,0,1.000001,8,15.47775,large,False
C100_COH,29,coronacases_002,coronacases_002,0,1.000001,9,0.999,medium,False
C100_COH,29,coronacases_002,coronacases_002,0,1.000001,10,5.28525,large,False
C100_COH,29,coronacases_002,coronacases_002,0,1.000001,11,0.3645,small,False
C100_COH,29,coronacases_002,coronacases_002,0,1.000001,12,0.31725,small,False
C100_COH,29,coronacases_002,coronacases_002,0,1.000001,13,0.918,medium,False
C100_COH,29,coronacases_002,coronacases_002,0,1.000001,14,3.699,large,False
C100_COH,29,coronacases_002,coronacases_002,0,1.000001,15,22.68,large,False
C100_COH,29,coronacases_002,coronacases_002,0,1.000001,16,0.486,medium,False
C100_COH,29,coronacases_002,coronacases_002,0,1.000001,17,16.6995,large,False
C100_COH,29,coronacases_002,coronacases_002,0,1.000001,18,3.3075,large,False
C100_COH,29,coronacases_002,coronacases_002,0,1.000001,19,0.1215,small,False
C100_COH,29,coronacases_002,coronacases_002,0,1.000001,20,28.538999999999998,large,False
C100_COH,29,coronacases_002,coronacases_002,0,1.000001,21,1.86975,medium,False
C100_COH,29,coronacases_002,coronacases_002,0,1.000001,22,4.32,large,False
C100_COH,29,coronacases_002,coronacases_002,0,1.000001,23,0.8099999999999999,medium,False
C100_COH,29,coronacases_002,coronacases_002,0,1.000001,24,1.917,medium,False
C100_COH,29,coronacases_002,coronacases_002,0,1.000001,25,0.27,small,False
C100_COH,29,coronacases_003,coronacases_003,3,1.000001,0,499.77,large,False
C100_COH,29,coronacases_003,coronacases_003,3,1.000001,1,495.7875,large,False
C100_COH,29,coronacases_003,coronacases_003,3,1.000001,2,6.642,large,False
C100_COH,29,coronacases_003,coronacases_003,3,1.000001,3,0.47925,medium,False
C100_COH,29,coronacases_003,coronacases_003,3,1.000001,4,1.8495,medium,False
C100_COH,29,coronacases_003,coronacases_003,3,1.000001,5,0.11475,small,False
C100_COH,29,coronacases_003,coronacases_003,3,1.000001,6,0.432,small,False
C100_COH,29,coronacases_003,coronacases_003,3,1.000001,7,0.29025,small,False
C100_COH,29,coronacases_003,coronacases_003,3,1.000001,8,0.12825,small,False
C100_COH,29,coronacases_003,coronacases_003,3,1.000001,9,0.12825,small,False
C100_COH,29,coronacases_003,coronacases_003,3,1.000001,10,0.20925,small,False
C100_COH,29,coronacases_003,coronacases_003,3,1.000001,11,2.727,medium,False
C100_COH,29,coronacases_003,coronacases_003,3,1.000001,12,0.6345,medium,False
C100_COH,29,coronacases_003,coronacases_003,3,1.000001,13,0.5265,medium,False
C100_COH,29,coronacases_003,coronacases_003,3,1.000001,14,0.189,small,False
C100_COH,29,coronacases_003,coronacases_003,3,1.000001,15,0.9855,medium,False
C100_COH,29,coronacases_003,coronacases_003,3,1.000001,16,0.243,small,False
C100_COH,29,coronacases_003,coronacases_003,3,1.000001,17,0.47925,medium,False
C100_COH,29,coronacases_003,coronacases_003,3,1.000001,18,0.16875,small,False
C100_COH,29,coronacases_003,coronacases_003,3,1.000001,19,0.24975,small,False
C100_COH,29,coronacases_003,coronacases_003,3,1.000001,20,0.4185,small,False
C100_COH,29,coronacases_003,coronacases_003,3,1.000001,21,2.35575,medium,False
C100_COH,29,coronacases_003,coronacases_003,3,1.000001,22,0.297,small,False
C100_COH,29,coronacases_003,coronacases_003,3,1.000001,23,0.2295,small,False
C100_COH,29,coronacases_003,coronacases_003,3,1.000001,24,0.2835,small,False
C100_COH,29,coronacases_003,coronacases_003,3,1.000001,25,0.76275,medium,False
C100_COH,29,coronacases_003,coronacases_003,3,1.000001,26,0.10124999999999999,small,False
C100_COH,29,coronacases_003,coronacases_003,3,1.000001,27,1.5255,medium,False
C100_COH,29,coronacases_003,coronacases_003,3,1.000001,28,2.54475,medium,False
C100_COH,29,coronacases_003,coronacases_003,3,1.000001,29,0.945,medium,False
C100_COH,29,coronacases_003,coronacases_003,3,1.000001,30,0.3375,small,False
C100_COH,29,coronacases_003,coronacases_003,3,1.000001,31,2.7675,medium,False
C100_COH,29,coronacases_003,coronacases_003,3,1.000001,32,7.66125,large,False
C100_COH,29,coronacases_003,coronacases_003,3,1.000001,33,2.862,large,False
C100_COH,29,coronacases_003,coronacases_003,3,1.000001,34,1.674,medium,False
C100_COH,29,coronacases_003,coronacases_003,3,1.000001,35,0.189,small,False
C100_COH,29,coronacases_005,coronacases_005,0,1.000001,0,79.353,large,False
C100_COH,29,coronacases_005,coronacases_005,0,1.000001,1,2.51775,medium,False
C100_COH,29,coronacases_006,coronacases_006,2,1.000001,0,129.60675,large,False
C100_COH,29,coronacases_007,coronacases_007,2,1.000001,0,0.1485,small,False
C100_COH,29,coronacases_007,coronacases_007,2,1.000001,1,64.3275,large,False
C100_COH,29,coronacases_007,coronacases_007,2,1.000001,2,0.42525,small,False
C100_COH,29,coronacases_007,coronacases_007,2,1.000001,3,0.43875,small,False
C100_COH,29,coronacases_007,coronacases_007,2,1.000001,4,23.598,large,False
C100_COH,29,coronacases_007,coronacases_007,2,1.000001,5,1.53225,medium,False
C100_COH,29,coronacases_007,coronacases_007,2,1.000001,6,0.7965,medium,False
C100_COH,29,coronacases_009,coronacases_009,3,1.000001,0,1.1475,medium,False
C100_COH,29,coronacases_009,coronacases_009,3,1.000001,1,0.41175,small,False
C100_COH,29,coronacases_009,coronacases_009,3,1.000001,2,0.135,small,False
C100_COH,29,coronacases_009,coronacases_009,3,1.000001,3,73.764,large,False
C100_COH,29,coronacases_009,coronacases_009,3,1.000001,4,0.64125,medium,False
C100_COH,29,coronacases_009,coronacases_009,3,1.000001,5,0.6345,medium,False
C100_COH,29,coronacases_009,coronacases_009,3,1.000001,6,0.162,small,False
C100_COH,29,coronacases_009,coronacases_009,3,1.000001,7,27.54,large,False
C100_COH,29,coronacases_010,coronacases_010,1,1.000001,0,211.33575,large,False
C100_COH,29,coronacases_010,coronacases_010,1,1.000001,1,187.0695,large,False
C100_COH,29,coronacases_010,coronacases_010,1,1.000001,2,2.03175,medium,False
C100_COH,29,coronacases_010,coronacases_010,1,1.000001,3,0.62775,medium,False
C100_COH,29,coronacases_010,coronacases_010,1,1.000001,4,0.45225,small,False
C100_COH,29,coronacases_010,coronacases_010,1,1.000001,5,0.77625,medium,False
C100_COH,29,radiopaedia_10_85902_1,radiopaedia_case_10,1,1.000001,0,158.976,large,False
C100_COH,29,radiopaedia_10_85902_1,radiopaedia_case_10,1,1.000001,1,1.3094999999999999,medium,False
C100_COH,29,radiopaedia_10_85902_3,radiopaedia_case_10,1,1.000001,0,262.51425,large,False
C100_COH,29,radiopaedia_10_85902_3,radiopaedia_case_10,1,1.000001,1,1.77525,medium,False
C100_COH,29,radiopaedia_29_86490_1,radiopaedia_case_29,0,1.000001,0,0.324,small,False
C100_COH,29,radiopaedia_29_86490_1,radiopaedia_case_29,0,1.000001,1,0.1755,small,False
C100_COH,29,radiopaedia_29_86491_1,radiopaedia_case_29,0,1.000001,0,14.013,large,False
C100_COH,29,radiopaedia_29_86491_1,radiopaedia_case_29,0,1.000001,1,36.2475,large,False
C100_COH,29,radiopaedia_29_86491_1,radiopaedia_case_29,0,1.000001,2,0.4995,medium,False
C100_COH,29,radiopaedia_36_86526_0,radiopaedia_case_36,2,1.000001,0,3.726,large,False
C100_COH,29,radiopaedia_36_86526_0,radiopaedia_case_36,2,1.000001,1,3.96225,large,False
C100_COH,29,radiopaedia_36_86526_0,radiopaedia_case_36,2,1.000001,2,4.617,large,False
C100_COH,29,radiopaedia_36_86526_0,radiopaedia_case_36,2,1.000001,3,1.026,medium,False
C100_COH,29,radiopaedia_36_86526_0,radiopaedia_case_36,2,1.000001,4,5.832,large,False
C100_COH,29,radiopaedia_36_86526_0,radiopaedia_case_36,2,1.000001,5,0.4185,small,False
C100_COH,29,radiopaedia_36_86526_0,radiopaedia_case_36,2,1.000001,6,2.6595,medium,False
C100_COH,29,radiopaedia_36_86526_0,radiopaedia_case_36,2,1.000001,7,0.972,medium,False
C100_COH,29,radiopaedia_36_86526_0,radiopaedia_case_36,2,1.000001,8,2.187,medium,False
C100_COH,29,radiopaedia_36_86526_0,radiopaedia_case_36,2,1.000001,9,6.1695,large,False
C100_COH,29,radiopaedia_36_86526_0,radiopaedia_case_36,2,1.000001,10,1.593,medium,False
C100_COH,29,radiopaedia_36_86526_0,radiopaedia_case_36,2,1.000001,11,4.7115,large,False
C100_COH,29,radiopaedia_36_86526_0,radiopaedia_case_36,2,1.000001,12,0.4725,small,False
C100_COH,29,radiopaedia_36_86526_0,radiopaedia_case_36,2,1.000001,13,9.504,large,False
C100_COH,29,radiopaedia_36_86526_0,radiopaedia_case_36,2,1.000001,14,3.564,large,False
C100_COH,29,radiopaedia_36_86526_0,radiopaedia_case_36,2,1.000001,15,8.829,large,False
C100_COH,29,radiopaedia_36_86526_0,radiopaedia_case_36,2,1.000001,16,35.802,large,False
C100_COH,29,radiopaedia_36_86526_0,radiopaedia_case_36,2,1.000001,17,10.0035,large,False
C100_COH,29,radiopaedia_36_86526_0,radiopaedia_case_36,2,1.000001,18,0.675,medium,False
C100_COH,29,radiopaedia_36_86526_0,radiopaedia_case_36,2,1.000001,19,27.1755,large,False
C100_COH,29,radiopaedia_36_86526_0,radiopaedia_case_36,2,1.000001,20,7.587,large,False
C100_COH,29,radiopaedia_36_86526_0,radiopaedia_case_36,2,1.000001,21,8.856,large,False
C100_COH,29,radiopaedia_36_86526_0,radiopaedia_case_36,2,1.000001,22,4.0635,large,False
C100_COH,29,radiopaedia_36_86526_0,radiopaedia_case_36,2,1.000001,23,0.675,medium,False
C100_COH,29,radiopaedia_36_86526_0,radiopaedia_case_36,2,1.000001,24,12.3525,large,False
C100_COH,29,radiopaedia_36_86526_0,radiopaedia_case_36,2,1.000001,25,1.6335,medium,False
C100_COH,29,radiopaedia_36_86526_0,radiopaedia_case_36,2,1.000001,26,0.702,medium,False
C100_COH,29,radiopaedia_36_86526_0,radiopaedia_case_36,2,1.000001,27,11.232,large,False
C100_COH,29,radiopaedia_36_86526_0,radiopaedia_case_36,2,1.000001,28,0.4725,small,False
C100_COH,29,radiopaedia_36_86526_0,radiopaedia_case_36,2,1.000001,29,4.806,large,False
C100_COH,29,radiopaedia_36_86526_0,radiopaedia_case_36,2,1.000001,30,0.1485,small,False
C100_COH,29,radiopaedia_40_86625_0,radiopaedia_case_40,3,1.000001,0,1371.2962499999999,large,False
C100_COH,29,radiopaedia_40_86625_0,radiopaedia_case_40,3,1.000001,1,1492.6612499999999,large,False
C100_COH,29,radiopaedia_40_86625_0,radiopaedia_case_40,3,1.000001,2,9.207,large,False
C100_COH,29,radiopaedia_40_86625_0,radiopaedia_case_40,3,1.000001,3,0.64125,medium,False
C100_COH,29,radiopaedia_40_86625_0,radiopaedia_case_40,3,1.000001,4,0.35775,small,False
C100_COH,29,radiopaedia_40_86625_0,radiopaedia_case_40,3,1.000001,5,0.22275,small,False
C100_COH,29,radiopaedia_40_86625_0,radiopaedia_case_40,3,1.000001,6,0.108,small,False
C100_COH,29,radiopaedia_40_86625_0,radiopaedia_case_40,3,1.000001,7,0.5535,medium,False
C100_COH,29,radiopaedia_40_86625_0,radiopaedia_case_40,3,1.000001,8,3.23325,large,False
C100_COH,29,radiopaedia_4_85506_1,radiopaedia_case_4,1,1.000001,0,464.71049999999997,large,False
C100_COH,29,radiopaedia_4_85506_1,radiopaedia_case_4,1,1.000001,1,606.9195,large,False
C100_COH,29,radiopaedia_4_85506_1,radiopaedia_case_4,1,1.000001,2,20.2635,large,False
C100_COH,29,radiopaedia_4_85506_1,radiopaedia_case_4,1,1.000001,3,0.135,small,False
C100_COH,29,radiopaedia_4_85506_1,radiopaedia_case_4,1,1.000001,4,0.5805,medium,False
C100_COH,29,radiopaedia_4_85506_1,radiopaedia_case_4,1,1.000001,5,6.8985,large,False
C100_COH,29,radiopaedia_4_85506_1,radiopaedia_case_4,1,1.000001,6,1.3094999999999999,medium,False
C100_COH,29,radiopaedia_4_85506_1,radiopaedia_case_4,1,1.000001,7,2.6325,medium,False
C100_COH,29,radiopaedia_4_85506_1,radiopaedia_case_4,1,1.000001,8,0.4455,small,False
C100_COH,29,radiopaedia_4_85506_1,radiopaedia_case_4,1,1.000001,9,0.2565,small,False
C100_COH,29,radiopaedia_4_85506_1,radiopaedia_case_4,1,1.000001,10,0.2835,small,False
C100_COH,29,radiopaedia_4_85506_1,radiopaedia_case_4,1,1.000001,11,1.9575,medium,False
C100_COH,29,radiopaedia_4_85506_1,radiopaedia_case_4,1,1.000001,12,4.671,large,False
C100_COH,29,radiopaedia_4_85506_1,radiopaedia_case_4,1,1.000001,13,1.9845,medium,False
C100_COH,29,radiopaedia_4_85506_1,radiopaedia_case_4,1,1.000001,14,8.046,large,False
C100_COH,29,radiopaedia_4_85506_1,radiopaedia_case_4,1,1.000001,15,0.567,medium,False
C100_COH,29,radiopaedia_4_85506_1,radiopaedia_case_4,1,1.000001,16,6.8985,large,False
C100_COH,29,radiopaedia_4_85506_1,radiopaedia_case_4,1,1.000001,17,0.378,small,False
C100_COH,29,radiopaedia_4_85506_1,radiopaedia_case_4,1,1.000001,18,0.7965,medium,False
C100_COH,29,radiopaedia_4_85506_1,radiopaedia_case_4,1,1.000001,19,25.7985,large,False
C100_COH,29,radiopaedia_4_85506_1,radiopaedia_case_4,1,1.000001,20,0.162,small,False
C100_COH,29,radiopaedia_4_85506_1,radiopaedia_case_4,1,1.000001,21,0.8099999999999999,medium,False
C100_COH,29,radiopaedia_4_85506_1,radiopaedia_case_4,1,1.000001,22,1.0395,medium,False
C100_COH,29,radiopaedia_4_85506_1,radiopaedia_case_4,1,1.000001,23,1.161,medium,False
C100_COH,29,radiopaedia_4_85506_1,radiopaedia_case_4,1,1.000001,24,0.8099999999999999,medium,False
C100_COH,29,radiopaedia_4_85506_1,radiopaedia_case_4,1,1.000001,25,0.567,medium,False
C100_COH,29,radiopaedia_4_85506_1,radiopaedia_case_4,1,1.000001,26,1.2015,medium,False
C100_COH,29,radiopaedia_4_85506_1,radiopaedia_case_4,1,1.000001,27,0.4455,small,False
C100_COH,29,radiopaedia_4_85506_1,radiopaedia_case_4,1,1.000001,28,2.6055,medium,False
C100_COH,29,radiopaedia_7_85703_0,radiopaedia_case_7,2,1.000001,0,810.1485,large,False
C100_COH,29,radiopaedia_7_85703_0,radiopaedia_case_7,2,1.000001,1,258.255,large,False
C100_COH,29,radiopaedia_7_85703_0,radiopaedia_case_7,2,1.000001,2,0.7965,medium,False
C100_COH,29,radiopaedia_7_85703_0,radiopaedia_case_7,2,1.000001,3,2.268,medium,False
C100_COH,43,coronacases_001,coronacases_001,3,1.000001,0,88.66125,large,False
C100_COH,43,coronacases_001,coronacases_001,3,1.000001,1,191.09924999999998,large,False
C100_COH,43,coronacases_001,coronacases_001,3,1.000001,2,0.38475,small,False
C100_COH,43,coronacases_001,coronacases_001,3,1.000001,3,0.69525,medium,False
C100_COH,43,coronacases_001,coronacases_001,3,1.000001,4,12.84525,large,False
C100_COH,43,coronacases_001,coronacases_001,3,1.000001,5,0.20925,small,False
C100_COH,43,coronacases_001,coronacases_001,3,1.000001,6,0.108,small,False
C100_COH,43,coronacases_001,coronacases_001,3,1.000001,7,19.1565,large,False
C100_COH,43,coronacases_001,coronacases_001,3,1.000001,8,0.1215,small,False
C100_COH,43,coronacases_001,coronacases_001,3,1.000001,9,0.41175,small,False
C100_COH,43,coronacases_001,coronacases_001,3,1.000001,10,0.45225,small,False
C100_COH,43,coronacases_001,coronacases_001,3,1.000001,11,1.19475,medium,False
C100_COH,43,coronacases_001,coronacases_001,3,1.000001,12,0.33075,small,False
C100_COH,43,coronacases_001,coronacases_001,3,1.000001,13,0.16875,small,False
C100_COH,43,coronacases_001,coronacases_001,3,1.000001,14,0.2565,small,False
C100_COH,43,coronacases_001,coronacases_001,3,1.000001,15,0.43875,small,False
C100_COH,43,coronacases_001,coronacases_001,3,1.000001,16,0.918,medium,False
C100_COH,43,coronacases_001,coronacases_001,3,1.000001,17,6.3382499999999995,large,False
C100_COH,43,coronacases_001,coronacases_001,3,1.000001,18,1.32975,medium,False
C100_COH,43,coronacases_001,coronacases_001,3,1.000001,19,0.14175,small,False
C100_COH,43,coronacases_001,coronacases_001,3,1.000001,20,0.27675,small,False
C100_COH,43,coronacases_001,coronacases_001,3,1.000001,21,0.14175,small,False
C100_COH,43,coronacases_001,coronacases_001,3,1.000001,22,0.162,small,False
C100_COH,43,coronacases_001,coronacases_001,3,1.000001,23,31.104,large,False
C100_COH,43,coronacases_001,coronacases_001,3,1.000001,24,5.1907499999999995,large,False
C100_COH,43,coronacases_001,coronacases_001,3,1.000001,25,0.135,small,False
C100_COH,43,coronacases_001,coronacases_001,3,1.000001,26,5.50125,large,False
C100_COH,43,coronacases_001,coronacases_001,3,1.000001,27,34.425,large,False
C100_COH,43,coronacases_001,coronacases_001,3,1.000001,28,0.2565,small,False
C100_COH,43,coronacases_001,coronacases_001,3,1.000001,29,0.3105,small,False
C100_COH,43,coronacases_001,coronacases_001,3,1.000001,30,0.10124999999999999,small,False
C100_COH,43,coronacases_001,coronacases_001,3,1.000001,31,0.108,small,False
C100_COH,43,coronacases_001,coronacases_001,3,1.000001,32,0.135,small,False
C100_COH,43,coronacases_001,coronacases_001,3,1.000001,33,0.11475,small,False
C100_COH,43,coronacases_001,coronacases_001,3,1.000001,34,2.55825,medium,False
C100_COH,43,coronacases_001,coronacases_001,3,1.000001,35,0.3645,small,False
C100_COH,43,coronacases_001,coronacases_001,3,1.000001,36,7.344,large,False
C100_COH,43,coronacases_001,coronacases_001,3,1.000001,37,1.755,medium,False
C100_COH,43,coronacases_001,coronacases_001,3,1.000001,38,0.1485,small,False
C100_COH,43,coronacases_001,coronacases_001,3,1.000001,39,2.3625,medium,False
C100_COH,43,coronacases_001,coronacases_001,3,1.000001,40,0.41175,small,False
C100_COH,43,coronacases_001,coronacases_001,3,1.000001,41,0.26325,small,False
C100_COH,43,coronacases_001,coronacases_001,3,1.000001,42,0.19575,small,False
C100_COH,43,coronacases_001,coronacases_001,3,1.000001,43,1.92375,medium,False
C100_COH,43,coronacases_002,coronacases_002,0,1.000001,0,21.384,large,False
C100_COH,43,coronacases_002,coronacases_002,0,1.000001,1,2.63925,medium,False
C100_COH,43,coronacases_002,coronacases_002,0,1.000001,2,0.378,small,False
C100_COH,43,coronacases_002,coronacases_002,0,1.000001,3,28.3365,large,False
C100_COH,43,coronacases_002,coronacases_002,0,1.000001,4,0.1215,small,False
C100_COH,43,coronacases_002,coronacases_002,0,1.000001,5,24.084,large,False
C100_COH,43,coronacases_002,coronacases_002,0,1.000001,6,4.97475,large,False
C100_COH,43,coronacases_002,coronacases_002,0,1.000001,7,0.76275,medium,False
C100_COH,43,coronacases_002,coronacases_002,0,1.000001,8,15.47775,large,False
C100_COH,43,coronacases_002,coronacases_002,0,1.000001,9,0.999,medium,False
C100_COH,43,coronacases_002,coronacases_002,0,1.000001,10,5.28525,large,False
C100_COH,43,coronacases_002,coronacases_002,0,1.000001,11,0.3645,small,False
C100_COH,43,coronacases_002,coronacases_002,0,1.000001,12,0.31725,small,False
C100_COH,43,coronacases_002,coronacases_002,0,1.000001,13,0.918,medium,False
C100_COH,43,coronacases_002,coronacases_002,0,1.000001,14,3.699,large,False
C100_COH,43,coronacases_002,coronacases_002,0,1.000001,15,22.68,large,False
C100_COH,43,coronacases_002,coronacases_002,0,1.000001,16,0.486,medium,False
C100_COH,43,coronacases_002,coronacases_002,0,1.000001,17,16.6995,large,False
C100_COH,43,coronacases_002,coronacases_002,0,1.000001,18,3.3075,large,False
C100_COH,43,coronacases_002,coronacases_002,0,1.000001,19,0.1215,small,False
C100_COH,43,coronacases_002,coronacases_002,0,1.000001,20,28.538999999999998,large,False
C100_COH,43,coronacases_002,coronacases_002,0,1.000001,21,1.86975,medium,False
C100_COH,43,coronacases_002,coronacases_002,0,1.000001,22,4.32,large,False
C100_COH,43,coronacases_002,coronacases_002,0,1.000001,23,0.8099999999999999,medium,False
C100_COH,43,coronacases_002,coronacases_002,0,1.000001,24,1.917,medium,False
C100_COH,43,coronacases_002,coronacases_002,0,1.000001,25,0.27,small,False
C100_COH,43,coronacases_003,coronacases_003,3,1.000001,0,499.77,large,False
C100_COH,43,coronacases_003,coronacases_003,3,1.000001,1,495.7875,large,False
C100_COH,43,coronacases_003,coronacases_003,3,1.000001,2,6.642,large,False
C100_COH,43,coronacases_003,coronacases_003,3,1.000001,3,0.47925,medium,False
C100_COH,43,coronacases_003,coronacases_003,3,1.000001,4,1.8495,medium,False
C100_COH,43,coronacases_003,coronacases_003,3,1.000001,5,0.11475,small,False
C100_COH,43,coronacases_003,coronacases_003,3,1.000001,6,0.432,small,False
C100_COH,43,coronacases_003,coronacases_003,3,1.000001,7,0.29025,small,False
C100_COH,43,coronacases_003,coronacases_003,3,1.000001,8,0.12825,small,False
C100_COH,43,coronacases_003,coronacases_003,3,1.000001,9,0.12825,small,False
C100_COH,43,coronacases_003,coronacases_003,3,1.000001,10,0.20925,small,False
C100_COH,43,coronacases_003,coronacases_003,3,1.000001,11,2.727,medium,False
C100_COH,43,coronacases_003,coronacases_003,3,1.000001,12,0.6345,medium,False
C100_COH,43,coronacases_003,coronacases_003,3,1.000001,13,0.5265,medium,False
C100_COH,43,coronacases_003,coronacases_003,3,1.000001,14,0.189,small,False
C100_COH,43,coronacases_003,coronacases_003,3,1.000001,15,0.9855,medium,False
C100_COH,43,coronacases_003,coronacases_003,3,1.000001,16,0.243,small,False
C100_COH,43,coronacases_003,coronacases_003,3,1.000001,17,0.47925,medium,False
C100_COH,43,coronacases_003,coronacases_003,3,1.000001,18,0.16875,small,False
C100_COH,43,coronacases_003,coronacases_003,3,1.000001,19,0.24975,small,False
C100_COH,43,coronacases_003,coronacases_003,3,1.000001,20,0.4185,small,False
C100_COH,43,coronacases_003,coronacases_003,3,1.000001,21,2.35575,medium,False
C100_COH,43,coronacases_003,coronacases_003,3,1.000001,22,0.297,small,False
C100_COH,43,coronacases_003,coronacases_003,3,1.000001,23,0.2295,small,False
C100_COH,43,coronacases_003,coronacases_003,3,1.000001,24,0.2835,small,False
C100_COH,43,coronacases_003,coronacases_003,3,1.000001,25,0.76275,medium,False
C100_COH,43,coronacases_003,coronacases_003,3,1.000001,26,0.10124999999999999,small,False
C100_COH,43,coronacases_003,coronacases_003,3,1.000001,27,1.5255,medium,False
C100_COH,43,coronacases_003,coronacases_003,3,1.000001,28,2.54475,medium,False
C100_COH,43,coronacases_003,coronacases_003,3,1.000001,29,0.945,medium,False
C100_COH,43,coronacases_003,coronacases_003,3,1.000001,30,0.3375,small,False
C100_COH,43,coronacases_003,coronacases_003,3,1.000001,31,2.7675,medium,False
C100_COH,43,coronacases_003,coronacases_003,3,1.000001,32,7.66125,large,False
C100_COH,43,coronacases_003,coronacases_003,3,1.000001,33,2.862,large,False
C100_COH,43,coronacases_003,coronacases_003,3,1.000001,34,1.674,medium,False
C100_COH,43,coronacases_003,coronacases_003,3,1.000001,35,0.189,small,False
C100_COH,43,coronacases_005,coronacases_005,0,1.000001,0,79.353,large,False
C100_COH,43,coronacases_005,coronacases_005,0,1.000001,1,2.51775,medium,False
C100_COH,43,coronacases_006,coronacases_006,2,1.000001,0,129.60675,large,False
C100_COH,43,coronacases_007,coronacases_007,2,1.000001,0,0.1485,small,False
C100_COH,43,coronacases_007,coronacases_007,2,1.000001,1,64.3275,large,False
C100_COH,43,coronacases_007,coronacases_007,2,1.000001,2,0.42525,small,False
C100_COH,43,coronacases_007,coronacases_007,2,1.000001,3,0.43875,small,False
C100_COH,43,coronacases_007,coronacases_007,2,1.000001,4,23.598,large,False
C100_COH,43,coronacases_007,coronacases_007,2,1.000001,5,1.53225,medium,False
C100_COH,43,coronacases_007,coronacases_007,2,1.000001,6,0.7965,medium,False
C100_COH,43,coronacases_009,coronacases_009,3,1.000001,0,1.1475,medium,False
C100_COH,43,coronacases_009,coronacases_009,3,1.000001,1,0.41175,small,False
C100_COH,43,coronacases_009,coronacases_009,3,1.000001,2,0.135,small,False
C100_COH,43,coronacases_009,coronacases_009,3,1.000001,3,73.764,large,False
C100_COH,43,coronacases_009,coronacases_009,3,1.000001,4,0.64125,medium,False
C100_COH,43,coronacases_009,coronacases_009,3,1.000001,5,0.6345,medium,False
C100_COH,43,coronacases_009,coronacases_009,3,1.000001,6,0.162,small,False
C100_COH,43,coronacases_009,coronacases_009,3,1.000001,7,27.54,large,False
C100_COH,43,coronacases_010,coronacases_010,1,1.000001,0,211.33575,large,False
C100_COH,43,coronacases_010,coronacases_010,1,1.000001,1,187.0695,large,False
C100_COH,43,coronacases_010,coronacases_010,1,1.000001,2,2.03175,medium,False
C100_COH,43,coronacases_010,coronacases_010,1,1.000001,3,0.62775,medium,False
C100_COH,43,coronacases_010,coronacases_010,1,1.000001,4,0.45225,small,False
C100_COH,43,coronacases_010,coronacases_010,1,1.000001,5,0.77625,medium,False
C100_COH,43,radiopaedia_10_85902_1,radiopaedia_case_10,1,1.000001,0,158.976,large,False
C100_COH,43,radiopaedia_10_85902_1,radiopaedia_case_10,1,1.000001,1,1.3094999999999999,medium,False
C100_COH,43,radiopaedia_10_85902_3,radiopaedia_case_10,1,1.000001,0,262.51425,large,False
C100_COH,43,radiopaedia_10_85902_3,radiopaedia_case_10,1,1.000001,1,1.77525,medium,False
C100_COH,43,radiopaedia_29_86490_1,radiopaedia_case_29,0,1.000001,0,0.324,small,False
C100_COH,43,radiopaedia_29_86490_1,radiopaedia_case_29,0,1.000001,1,0.1755,small,False
C100_COH,43,radiopaedia_29_86491_1,radiopaedia_case_29,0,1.000001,0,14.013,large,False
C100_COH,43,radiopaedia_29_86491_1,radiopaedia_case_29,0,1.000001,1,36.2475,large,False
C100_COH,43,radiopaedia_29_86491_1,radiopaedia_case_29,0,1.000001,2,0.4995,medium,False
C100_COH,43,radiopaedia_36_86526_0,radiopaedia_case_36,2,1.000001,0,3.726,large,False
C100_COH,43,radiopaedia_36_86526_0,radiopaedia_case_36,2,1.000001,1,3.96225,large,False
C100_COH,43,radiopaedia_36_86526_0,radiopaedia_case_36,2,1.000001,2,4.617,large,False
C100_COH,43,radiopaedia_36_86526_0,radiopaedia_case_36,2,1.000001,3,1.026,medium,False
C100_COH,43,radiopaedia_36_86526_0,radiopaedia_case_36,2,1.000001,4,5.832,large,False
C100_COH,43,radiopaedia_36_86526_0,radiopaedia_case_36,2,1.000001,5,0.4185,small,False
C100_COH,43,radiopaedia_36_86526_0,radiopaedia_case_36,2,1.000001,6,2.6595,medium,False
C100_COH,43,radiopaedia_36_86526_0,radiopaedia_case_36,2,1.000001,7,0.972,medium,False
C100_COH,43,radiopaedia_36_86526_0,radiopaedia_case_36,2,1.000001,8,2.187,medium,False
C100_COH,43,radiopaedia_36_86526_0,radiopaedia_case_36,2,1.000001,9,6.1695,large,False
C100_COH,43,radiopaedia_36_86526_0,radiopaedia_case_36,2,1.000001,10,1.593,medium,False
C100_COH,43,radiopaedia_36_86526_0,radiopaedia_case_36,2,1.000001,11,4.7115,large,False
C100_COH,43,radiopaedia_36_86526_0,radiopaedia_case_36,2,1.000001,12,0.4725,small,False
C100_COH,43,radiopaedia_36_86526_0,radiopaedia_case_36,2,1.000001,13,9.504,large,False
C100_COH,43,radiopaedia_36_86526_0,radiopaedia_case_36,2,1.000001,14,3.564,large,False
C100_COH,43,radiopaedia_36_86526_0,radiopaedia_case_36,2,1.000001,15,8.829,large,False
C100_COH,43,radiopaedia_36_86526_0,radiopaedia_case_36,2,1.000001,16,35.802,large,False
C100_COH,43,radiopaedia_36_86526_0,radiopaedia_case_36,2,1.000001,17,10.0035,large,False
C100_COH,43,radiopaedia_36_86526_0,radiopaedia_case_36,2,1.000001,18,0.675,medium,False
C100_COH,43,radiopaedia_36_86526_0,radiopaedia_case_36,2,1.000001,19,27.1755,large,False
C100_COH,43,radiopaedia_36_86526_0,radiopaedia_case_36,2,1.000001,20,7.587,large,False
C100_COH,43,radiopaedia_36_86526_0,radiopaedia_case_36,2,1.000001,21,8.856,large,False
C100_COH,43,radiopaedia_36_86526_0,radiopaedia_case_36,2,1.000001,22,4.0635,large,False
C100_COH,43,radiopaedia_36_86526_0,radiopaedia_case_36,2,1.000001,23,0.675,medium,False
C100_COH,43,radiopaedia_36_86526_0,radiopaedia_case_36,2,1.000001,24,12.3525,large,False
C100_COH,43,radiopaedia_36_86526_0,radiopaedia_case_36,2,1.000001,25,1.6335,medium,False
C100_COH,43,radiopaedia_36_86526_0,radiopaedia_case_36,2,1.000001,26,0.702,medium,False
C100_COH,43,radiopaedia_36_86526_0,radiopaedia_case_36,2,1.000001,27,11.232,large,False
C100_COH,43,radiopaedia_36_86526_0,radiopaedia_case_36,2,1.000001,28,0.4725,small,False
C100_COH,43,radiopaedia_36_86526_0,radiopaedia_case_36,2,1.000001,29,4.806,large,False
C100_COH,43,radiopaedia_36_86526_0,radiopaedia_case_36,2,1.000001,30,0.1485,small,False
C100_COH,43,radiopaedia_40_86625_0,radiopaedia_case_40,3,1.000001,0,1371.2962499999999,large,False
C100_COH,43,radiopaedia_40_86625_0,radiopaedia_case_40,3,1.000001,1,1492.6612499999999,large,False
C100_COH,43,radiopaedia_40_86625_0,radiopaedia_case_40,3,1.000001,2,9.207,large,False
C100_COH,43,radiopaedia_40_86625_0,radiopaedia_case_40,3,1.000001,3,0.64125,medium,False
C100_COH,43,radiopaedia_40_86625_0,radiopaedia_case_40,3,1.000001,4,0.35775,small,False
C100_COH,43,radiopaedia_40_86625_0,radiopaedia_case_40,3,1.000001,5,0.22275,small,False
C100_COH,43,radiopaedia_40_86625_0,radiopaedia_case_40,3,1.000001,6,0.108,small,False
C100_COH,43,radiopaedia_40_86625_0,radiopaedia_case_40,3,1.000001,7,0.5535,medium,False
C100_COH,43,radiopaedia_40_86625_0,radiopaedia_case_40,3,1.000001,8,3.23325,large,False
C100_COH,43,radiopaedia_4_85506_1,radiopaedia_case_4,1,1.000001,0,464.71049999999997,large,False
C100_COH,43,radiopaedia_4_85506_1,radiopaedia_case_4,1,1.000001,1,606.9195,large,False
C100_COH,43,radiopaedia_4_85506_1,radiopaedia_case_4,1,1.000001,2,20.2635,large,False
C100_COH,43,radiopaedia_4_85506_1,radiopaedia_case_4,1,1.000001,3,0.135,small,False
C100_COH,43,radiopaedia_4_85506_1,radiopaedia_case_4,1,1.000001,4,0.5805,medium,False
C100_COH,43,radiopaedia_4_85506_1,radiopaedia_case_4,1,1.000001,5,6.8985,large,False
C100_COH,43,radiopaedia_4_85506_1,radiopaedia_case_4,1,1.000001,6,1.3094999999999999,medium,False
C100_COH,43,radiopaedia_4_85506_1,radiopaedia_case_4,1,1.000001,7,2.6325,medium,False
C100_COH,43,radiopaedia_4_85506_1,radiopaedia_case_4,1,1.000001,8,0.4455,small,False
C100_COH,43,radiopaedia_4_85506_1,radiopaedia_case_4,1,1.000001,9,0.2565,small,False
C100_COH,43,radiopaedia_4_85506_1,radiopaedia_case_4,1,1.000001,10,0.2835,small,False
C100_COH,43,radiopaedia_4_85506_1,radiopaedia_case_4,1,1.000001,11,1.9575,medium,False
C100_COH,43,radiopaedia_4_85506_1,radiopaedia_case_4,1,1.000001,12,4.671,large,False
C100_COH,43,radiopaedia_4_85506_1,radiopaedia_case_4,1,1.000001,13,1.9845,medium,False
C100_COH,43,radiopaedia_4_85506_1,radiopaedia_case_4,1,1.000001,14,8.046,large,False
C100_COH,43,radiopaedia_4_85506_1,radiopaedia_case_4,1,1.000001,15,0.567,medium,False
C100_COH,43,radiopaedia_4_85506_1,radiopaedia_case_4,1,1.000001,16,6.8985,large,False
C100_COH,43,radiopaedia_4_85506_1,radiopaedia_case_4,1,1.000001,17,0.378,small,False
C100_COH,43,radiopaedia_4_85506_1,radiopaedia_case_4,1,1.000001,18,0.7965,medium,False
C100_COH,43,radiopaedia_4_85506_1,radiopaedia_case_4,1,1.000001,19,25.7985,large,False
C100_COH,43,radiopaedia_4_85506_1,radiopaedia_case_4,1,1.000001,20,0.162,small,False
C100_COH,43,radiopaedia_4_85506_1,radiopaedia_case_4,1,1.000001,21,0.8099999999999999,medium,False
C100_COH,43,radiopaedia_4_85506_1,radiopaedia_case_4,1,1.000001,22,1.0395,medium,False
C100_COH,43,radiopaedia_4_85506_1,radiopaedia_case_4,1,1.000001,23,1.161,medium,False
C100_COH,43,radiopaedia_4_85506_1,radiopaedia_case_4,1,1.000001,24,0.8099999999999999,medium,False
C100_COH,43,radiopaedia_4_85506_1,radiopaedia_case_4,1,1.000001,25,0.567,medium,False
C100_COH,43,radiopaedia_4_85506_1,radiopaedia_case_4,1,1.000001,26,1.2015,medium,False
C100_COH,43,radiopaedia_4_85506_1,radiopaedia_case_4,1,1.000001,27,0.4455,small,False
C100_COH,43,radiopaedia_4_85506_1,radiopaedia_case_4,1,1.000001,28,2.6055,medium,False
C100_COH,43,radiopaedia_7_85703_0,radiopaedia_case_7,2,1.000001,0,810.1485,large,False
C100_COH,43,radiopaedia_7_85703_0,radiopaedia_case_7,2,1.000001,1,258.255,large,False
C100_COH,43,radiopaedia_7_85703_0,radiopaedia_case_7,2,1.000001,2,0.7965,medium,False
C100_COH,43,radiopaedia_7_85703_0,radiopaedia_case_7,2,1.000001,3,2.268,medium,False
C100_DIS,17,coronacases_001,coronacases_001,3,1.000001,0,88.66125,large,False
C100_DIS,17,coronacases_001,coronacases_001,3,1.000001,1,191.09924999999998,large,False
C100_DIS,17,coronacases_001,coronacases_001,3,1.000001,2,0.38475,small,False
C100_DIS,17,coronacases_001,coronacases_001,3,1.000001,3,0.69525,medium,False
C100_DIS,17,coronacases_001,coronacases_001,3,1.000001,4,12.84525,large,False
C100_DIS,17,coronacases_001,coronacases_001,3,1.000001,5,0.20925,small,False
C100_DIS,17,coronacases_001,coronacases_001,3,1.000001,6,0.108,small,False
C100_DIS,17,coronacases_001,coronacases_001,3,1.000001,7,19.1565,large,False
C100_DIS,17,coronacases_001,coronacases_001,3,1.000001,8,0.1215,small,False
C100_DIS,17,coronacases_001,coronacases_001,3,1.000001,9,0.41175,small,False
C100_DIS,17,coronacases_001,coronacases_001,3,1.000001,10,0.45225,small,False
C100_DIS,17,coronacases_001,coronacases_001,3,1.000001,11,1.19475,medium,False
C100_DIS,17,coronacases_001,coronacases_001,3,1.000001,12,0.33075,small,False
C100_DIS,17,coronacases_001,coronacases_001,3,1.000001,13,0.16875,small,False
C100_DIS,17,coronacases_001,coronacases_001,3,1.000001,14,0.2565,small,False
C100_DIS,17,coronacases_001,coronacases_001,3,1.000001,15,0.43875,small,False
C100_DIS,17,coronacases_001,coronacases_001,3,1.000001,16,0.918,medium,False
C100_DIS,17,coronacases_001,coronacases_001,3,1.000001,17,6.3382499999999995,large,False
C100_DIS,17,coronacases_001,coronacases_001,3,1.000001,18,1.32975,medium,False
C100_DIS,17,coronacases_001,coronacases_001,3,1.000001,19,0.14175,small,False
C100_DIS,17,coronacases_001,coronacases_001,3,1.000001,20,0.27675,small,False
C100_DIS,17,coronacases_001,coronacases_001,3,1.000001,21,0.14175,small,False
C100_DIS,17,coronacases_001,coronacases_001,3,1.000001,22,0.162,small,False
C100_DIS,17,coronacases_001,coronacases_001,3,1.000001,23,31.104,large,False
C100_DIS,17,coronacases_001,coronacases_001,3,1.000001,24,5.1907499999999995,large,False
C100_DIS,17,coronacases_001,coronacases_001,3,1.000001,25,0.135,small,False
C100_DIS,17,coronacases_001,coronacases_001,3,1.000001,26,5.50125,large,False
C100_DIS,17,coronacases_001,coronacases_001,3,1.000001,27,34.425,large,False
C100_DIS,17,coronacases_001,coronacases_001,3,1.000001,28,0.2565,small,False
C100_DIS,17,coronacases_001,coronacases_001,3,1.000001,29,0.3105,small,False
C100_DIS,17,coronacases_001,coronacases_001,3,1.000001,30,0.10124999999999999,small,False
C100_DIS,17,coronacases_001,coronacases_001,3,1.000001,31,0.108,small,False
C100_DIS,17,coronacases_001,coronacases_001,3,1.000001,32,0.135,small,False
C100_DIS,17,coronacases_001,coronacases_001,3,1.000001,33,0.11475,small,False
C100_DIS,17,coronacases_001,coronacases_001,3,1.000001,34,2.55825,medium,False
C100_DIS,17,coronacases_001,coronacases_001,3,1.000001,35,0.3645,small,False
C100_DIS,17,coronacases_001,coronacases_001,3,1.000001,36,7.344,large,False
C100_DIS,17,coronacases_001,coronacases_001,3,1.000001,37,1.755,medium,False
C100_DIS,17,coronacases_001,coronacases_001,3,1.000001,38,0.1485,small,False
C100_DIS,17,coronacases_001,coronacases_001,3,1.000001,39,2.3625,medium,False
C100_DIS,17,coronacases_001,coronacases_001,3,1.000001,40,0.41175,small,False
C100_DIS,17,coronacases_001,coronacases_001,3,1.000001,41,0.26325,small,False
C100_DIS,17,coronacases_001,coronacases_001,3,1.000001,42,0.19575,small,False
C100_DIS,17,coronacases_001,coronacases_001,3,1.000001,43,1.92375,medium,False
C100_DIS,17,coronacases_002,coronacases_002,0,1.000001,0,21.384,large,False
C100_DIS,17,coronacases_002,coronacases_002,0,1.000001,1,2.63925,medium,False
C100_DIS,17,coronacases_002,coronacases_002,0,1.000001,2,0.378,small,False
C100_DIS,17,coronacases_002,coronacases_002,0,1.000001,3,28.3365,large,False
C100_DIS,17,coronacases_002,coronacases_002,0,1.000001,4,0.1215,small,False
C100_DIS,17,coronacases_002,coronacases_002,0,1.000001,5,24.084,large,False
C100_DIS,17,coronacases_002,coronacases_002,0,1.000001,6,4.97475,large,False
C100_DIS,17,coronacases_002,coronacases_002,0,1.000001,7,0.76275,medium,False
C100_DIS,17,coronacases_002,coronacases_002,0,1.000001,8,15.47775,large,False
C100_DIS,17,coronacases_002,coronacases_002,0,1.000001,9,0.999,medium,False
C100_DIS,17,coronacases_002,coronacases_002,0,1.000001,10,5.28525,large,False
C100_DIS,17,coronacases_002,coronacases_002,0,1.000001,11,0.3645,small,False
C100_DIS,17,coronacases_002,coronacases_002,0,1.000001,12,0.31725,small,False
C100_DIS,17,coronacases_002,coronacases_002,0,1.000001,13,0.918,medium,False
C100_DIS,17,coronacases_002,coronacases_002,0,1.000001,14,3.699,large,False
C100_DIS,17,coronacases_002,coronacases_002,0,1.000001,15,22.68,large,False
C100_DIS,17,coronacases_002,coronacases_002,0,1.000001,16,0.486,medium,False
C100_DIS,17,coronacases_002,coronacases_002,0,1.000001,17,16.6995,large,False
C100_DIS,17,coronacases_002,coronacases_002,0,1.000001,18,3.3075,large,False
C100_DIS,17,coronacases_002,coronacases_002,0,1.000001,19,0.1215,small,False
C100_DIS,17,coronacases_002,coronacases_002,0,1.000001,20,28.538999999999998,large,False
C100_DIS,17,coronacases_002,coronacases_002,0,1.000001,21,1.86975,medium,False
C100_DIS,17,coronacases_002,coronacases_002,0,1.000001,22,4.32,large,False
C100_DIS,17,coronacases_002,coronacases_002,0,1.000001,23,0.8099999999999999,medium,False
C100_DIS,17,coronacases_002,coronacases_002,0,1.000001,24,1.917,medium,False
C100_DIS,17,coronacases_002,coronacases_002,0,1.000001,25,0.27,small,False
C100_DIS,17,coronacases_003,coronacases_003,3,1.000001,0,499.77,large,False
C100_DIS,17,coronacases_003,coronacases_003,3,1.000001,1,495.7875,large,False
C100_DIS,17,coronacases_003,coronacases_003,3,1.000001,2,6.642,large,False
C100_DIS,17,coronacases_003,coronacases_003,3,1.000001,3,0.47925,medium,False
C100_DIS,17,coronacases_003,coronacases_003,3,1.000001,4,1.8495,medium,False
C100_DIS,17,coronacases_003,coronacases_003,3,1.000001,5,0.11475,small,False
C100_DIS,17,coronacases_003,coronacases_003,3,1.000001,6,0.432,small,False
C100_DIS,17,coronacases_003,coronacases_003,3,1.000001,7,0.29025,small,False
C100_DIS,17,coronacases_003,coronacases_003,3,1.000001,8,0.12825,small,False
C100_DIS,17,coronacases_003,coronacases_003,3,1.000001,9,0.12825,small,False
C100_DIS,17,coronacases_003,coronacases_003,3,1.000001,10,0.20925,small,False
C100_DIS,17,coronacases_003,coronacases_003,3,1.000001,11,2.727,medium,False
C100_DIS,17,coronacases_003,coronacases_003,3,1.000001,12,0.6345,medium,False
C100_DIS,17,coronacases_003,coronacases_003,3,1.000001,13,0.5265,medium,False
C100_DIS,17,coronacases_003,coronacases_003,3,1.000001,14,0.189,small,False
C100_DIS,17,coronacases_003,coronacases_003,3,1.000001,15,0.9855,medium,False
C100_DIS,17,coronacases_003,coronacases_003,3,1.000001,16,0.243,small,False
C100_DIS,17,coronacases_003,coronacases_003,3,1.000001,17,0.47925,medium,False
C100_DIS,17,coronacases_003,coronacases_003,3,1.000001,18,0.16875,small,False
C100_DIS,17,coronacases_003,coronacases_003,3,1.000001,19,0.24975,small,False
C100_DIS,17,coronacases_003,coronacases_003,3,1.000001,20,0.4185,small,False
C100_DIS,17,coronacases_003,coronacases_003,3,1.000001,21,2.35575,medium,False
C100_DIS,17,coronacases_003,coronacases_003,3,1.000001,22,0.297,small,False
C100_DIS,17,coronacases_003,coronacases_003,3,1.000001,23,0.2295,small,False
C100_DIS,17,coronacases_003,coronacases_003,3,1.000001,24,0.2835,small,False
C100_DIS,17,coronacases_003,coronacases_003,3,1.000001,25,0.76275,medium,False
C100_DIS,17,coronacases_003,coronacases_003,3,1.000001,26,0.10124999999999999,small,False
C100_DIS,17,coronacases_003,coronacases_003,3,1.000001,27,1.5255,medium,False
C100_DIS,17,coronacases_003,coronacases_003,3,1.000001,28,2.54475,medium,False
C100_DIS,17,coronacases_003,coronacases_003,3,1.000001,29,0.945,medium,False
C100_DIS,17,coronacases_003,coronacases_003,3,1.000001,30,0.3375,small,False
C100_DIS,17,coronacases_003,coronacases_003,3,1.000001,31,2.7675,medium,False
C100_DIS,17,coronacases_003,coronacases_003,3,1.000001,32,7.66125,large,False
C100_DIS,17,coronacases_003,coronacases_003,3,1.000001,33,2.862,large,False
C100_DIS,17,coronacases_003,coronacases_003,3,1.000001,34,1.674,medium,False
C100_DIS,17,coronacases_003,coronacases_003,3,1.000001,35,0.189,small,False
C100_DIS,17,coronacases_005,coronacases_005,0,1.000001,0,79.353,large,False
C100_DIS,17,coronacases_005,coronacases_005,0,1.000001,1,2.51775,medium,False
C100_DIS,17,coronacases_006,coronacases_006,2,1.000001,0,129.60675,large,False
C100_DIS,17,coronacases_007,coronacases_007,2,1.000001,0,0.1485,small,False
C100_DIS,17,coronacases_007,coronacases_007,2,1.000001,1,64.3275,large,False
C100_DIS,17,coronacases_007,coronacases_007,2,1.000001,2,0.42525,small,False
C100_DIS,17,coronacases_007,coronacases_007,2,1.000001,3,0.43875,small,False
C100_DIS,17,coronacases_007,coronacases_007,2,1.000001,4,23.598,large,False
C100_DIS,17,coronacases_007,coronacases_007,2,1.000001,5,1.53225,medium,False
C100_DIS,17,coronacases_007,coronacases_007,2,1.000001,6,0.7965,medium,False
C100_DIS,17,coronacases_009,coronacases_009,3,1.000001,0,1.1475,medium,False
C100_DIS,17,coronacases_009,coronacases_009,3,1.000001,1,0.41175,small,False
C100_DIS,17,coronacases_009,coronacases_009,3,1.000001,2,0.135,small,False
C100_DIS,17,coronacases_009,coronacases_009,3,1.000001,3,73.764,large,False
C100_DIS,17,coronacases_009,coronacases_009,3,1.000001,4,0.64125,medium,False
C100_DIS,17,coronacases_009,coronacases_009,3,1.000001,5,0.6345,medium,False
C100_DIS,17,coronacases_009,coronacases_009,3,1.000001,6,0.162,small,False
C100_DIS,17,coronacases_009,coronacases_009,3,1.000001,7,27.54,large,False
C100_DIS,17,coronacases_010,coronacases_010,1,1.000001,0,211.33575,large,False
C100_DIS,17,coronacases_010,coronacases_010,1,1.000001,1,187.0695,large,False
C100_DIS,17,coronacases_010,coronacases_010,1,1.000001,2,2.03175,medium,False
C100_DIS,17,coronacases_010,coronacases_010,1,1.000001,3,0.62775,medium,False
C100_DIS,17,coronacases_010,coronacases_010,1,1.000001,4,0.45225,small,False
C100_DIS,17,coronacases_010,coronacases_010,1,1.000001,5,0.77625,medium,False
C100_DIS,17,radiopaedia_10_85902_1,radiopaedia_case_10,1,1.000001,0,158.976,large,False
C100_DIS,17,radiopaedia_10_85902_1,radiopaedia_case_10,1,1.000001,1,1.3094999999999999,medium,False
C100_DIS,17,radiopaedia_10_85902_3,radiopaedia_case_10,1,1.000001,0,262.51425,large,False
C100_DIS,17,radiopaedia_10_85902_3,radiopaedia_case_10,1,1.000001,1,1.77525,medium,False
C100_DIS,17,radiopaedia_29_86490_1,radiopaedia_case_29,0,1.000001,0,0.324,small,False
C100_DIS,17,radiopaedia_29_86490_1,radiopaedia_case_29,0,1.000001,1,0.1755,small,False
C100_DIS,17,radiopaedia_29_86491_1,radiopaedia_case_29,0,1.000001,0,14.013,large,False
C100_DIS,17,radiopaedia_29_86491_1,radiopaedia_case_29,0,1.000001,1,36.2475,large,False
C100_DIS,17,radiopaedia_29_86491_1,radiopaedia_case_29,0,1.000001,2,0.4995,medium,False
C100_DIS,17,radiopaedia_36_86526_0,radiopaedia_case_36,2,1.000001,0,3.726,large,False
C100_DIS,17,radiopaedia_36_86526_0,radiopaedia_case_36,2,1.000001,1,3.96225,large,False
C100_DIS,17,radiopaedia_36_86526_0,radiopaedia_case_36,2,1.000001,2,4.617,large,False
C100_DIS,17,radiopaedia_36_86526_0,radiopaedia_case_36,2,1.000001,3,1.026,medium,False
C100_DIS,17,radiopaedia_36_86526_0,radiopaedia_case_36,2,1.000001,4,5.832,large,False
C100_DIS,17,radiopaedia_36_86526_0,radiopaedia_case_36,2,1.000001,5,0.4185,small,False
C100_DIS,17,radiopaedia_36_86526_0,radiopaedia_case_36,2,1.000001,6,2.6595,medium,False
C100_DIS,17,radiopaedia_36_86526_0,radiopaedia_case_36,2,1.000001,7,0.972,medium,False
C100_DIS,17,radiopaedia_36_86526_0,radiopaedia_case_36,2,1.000001,8,2.187,medium,False
C100_DIS,17,radiopaedia_36_86526_0,radiopaedia_case_36,2,1.000001,9,6.1695,large,False
C100_DIS,17,radiopaedia_36_86526_0,radiopaedia_case_36,2,1.000001,10,1.593,medium,False
C100_DIS,17,radiopaedia_36_86526_0,radiopaedia_case_36,2,1.000001,11,4.7115,large,False
C100_DIS,17,radiopaedia_36_86526_0,radiopaedia_case_36,2,1.000001,12,0.4725,small,False
C100_DIS,17,radiopaedia_36_86526_0,radiopaedia_case_36,2,1.000001,13,9.504,large,False
C100_DIS,17,radiopaedia_36_86526_0,radiopaedia_case_36,2,1.000001,14,3.564,large,False
C100_DIS,17,radiopaedia_36_86526_0,radiopaedia_case_36,2,1.000001,15,8.829,large,False
C100_DIS,17,radiopaedia_36_86526_0,radiopaedia_case_36,2,1.000001,16,35.802,large,False
C100_DIS,17,radiopaedia_36_86526_0,radiopaedia_case_36,2,1.000001,17,10.0035,large,False
C100_DIS,17,radiopaedia_36_86526_0,radiopaedia_case_36,2,1.000001,18,0.675,medium,False
C100_DIS,17,radiopaedia_36_86526_0,radiopaedia_case_36,2,1.000001,19,27.1755,large,False
C100_DIS,17,radiopaedia_36_86526_0,radiopaedia_case_36,2,1.000001,20,7.587,large,False
C100_DIS,17,radiopaedia_36_86526_0,radiopaedia_case_36,2,1.000001,21,8.856,large,False
C100_DIS,17,radiopaedia_36_86526_0,radiopaedia_case_36,2,1.000001,22,4.0635,large,False
C100_DIS,17,radiopaedia_36_86526_0,radiopaedia_case_36,2,1.000001,23,0.675,medium,False
C100_DIS,17,radiopaedia_36_86526_0,radiopaedia_case_36,2,1.000001,24,12.3525,large,False
C100_DIS,17,radiopaedia_36_86526_0,radiopaedia_case_36,2,1.000001,25,1.6335,medium,False
C100_DIS,17,radiopaedia_36_86526_0,radiopaedia_case_36,2,1.000001,26,0.702,medium,False
C100_DIS,17,radiopaedia_36_86526_0,radiopaedia_case_36,2,1.000001,27,11.232,large,False
C100_DIS,17,radiopaedia_36_86526_0,radiopaedia_case_36,2,1.000001,28,0.4725,small,False
C100_DIS,17,radiopaedia_36_86526_0,radiopaedia_case_36,2,1.000001,29,4.806,large,False
C100_DIS,17,radiopaedia_36_86526_0,radiopaedia_case_36,2,1.000001,30,0.1485,small,False
C100_DIS,17,radiopaedia_40_86625_0,radiopaedia_case_40,3,1.000001,0,1371.2962499999999,large,False
C100_DIS,17,radiopaedia_40_86625_0,radiopaedia_case_40,3,1.000001,1,1492.6612499999999,large,False
C100_DIS,17,radiopaedia_40_86625_0,radiopaedia_case_40,3,1.000001,2,9.207,large,False
C100_DIS,17,radiopaedia_40_86625_0,radiopaedia_case_40,3,1.000001,3,0.64125,medium,False
C100_DIS,17,radiopaedia_40_86625_0,radiopaedia_case_40,3,1.000001,4,0.35775,small,False
C100_DIS,17,radiopaedia_40_86625_0,radiopaedia_case_40,3,1.000001,5,0.22275,small,False
C100_DIS,17,radiopaedia_40_86625_0,radiopaedia_case_40,3,1.000001,6,0.108,small,False
C100_DIS,17,radiopaedia_40_86625_0,radiopaedia_case_40,3,1.000001,7,0.5535,medium,False
C100_DIS,17,radiopaedia_40_86625_0,radiopaedia_case_40,3,1.000001,8,3.23325,large,False
C100_DIS,17,radiopaedia_4_85506_1,radiopaedia_case_4,1,1.000001,0,464.71049999999997,large,False
C100_DIS,17,radiopaedia_4_85506_1,radiopaedia_case_4,1,1.000001,1,606.9195,large,False
C100_DIS,17,radiopaedia_4_85506_1,radiopaedia_case_4,1,1.000001,2,20.2635,large,False
C100_DIS,17,radiopaedia_4_85506_1,radiopaedia_case_4,1,1.000001,3,0.135,small,False
C100_DIS,17,radiopaedia_4_85506_1,radiopaedia_case_4,1,1.000001,4,0.5805,medium,False
C100_DIS,17,radiopaedia_4_85506_1,radiopaedia_case_4,1,1.000001,5,6.8985,large,False
C100_DIS,17,radiopaedia_4_85506_1,radiopaedia_case_4,1,1.000001,6,1.3094999999999999,medium,False
C100_DIS,17,radiopaedia_4_85506_1,radiopaedia_case_4,1,1.000001,7,2.6325,medium,False
C100_DIS,17,radiopaedia_4_85506_1,radiopaedia_case_4,1,1.000001,8,0.4455,small,False
C100_DIS,17,radiopaedia_4_85506_1,radiopaedia_case_4,1,1.000001,9,0.2565,small,False
C100_DIS,17,radiopaedia_4_85506_1,radiopaedia_case_4,1,1.000001,10,0.2835,small,False
C100_DIS,17,radiopaedia_4_85506_1,radiopaedia_case_4,1,1.000001,11,1.9575,medium,False
C100_DIS,17,radiopaedia_4_85506_1,radiopaedia_case_4,1,1.000001,12,4.671,large,False
C100_DIS,17,radiopaedia_4_85506_1,radiopaedia_case_4,1,1.000001,13,1.9845,medium,False
C100_DIS,17,radiopaedia_4_85506_1,radiopaedia_case_4,1,1.000001,14,8.046,large,False
C100_DIS,17,radiopaedia_4_85506_1,radiopaedia_case_4,1,1.000001,15,0.567,medium,False
C100_DIS,17,radiopaedia_4_85506_1,radiopaedia_case_4,1,1.000001,16,6.8985,large,False
C100_DIS,17,radiopaedia_4_85506_1,radiopaedia_case_4,1,1.000001,17,0.378,small,False
C100_DIS,17,radiopaedia_4_85506_1,radiopaedia_case_4,1,1.000001,18,0.7965,medium,False
C100_DIS,17,radiopaedia_4_85506_1,radiopaedia_case_4,1,1.000001,19,25.7985,large,False
C100_DIS,17,radiopaedia_4_85506_1,radiopaedia_case_4,1,1.000001,20,0.162,small,False
C100_DIS,17,radiopaedia_4_85506_1,radiopaedia_case_4,1,1.000001,21,0.8099999999999999,medium,False
C100_DIS,17,radiopaedia_4_85506_1,radiopaedia_case_4,1,1.000001,22,1.0395,medium,False
C100_DIS,17,radiopaedia_4_85506_1,radiopaedia_case_4,1,1.000001,23,1.161,medium,False
C100_DIS,17,radiopaedia_4_85506_1,radiopaedia_case_4,1,1.000001,24,0.8099999999999999,medium,False
C100_DIS,17,radiopaedia_4_85506_1,radiopaedia_case_4,1,1.000001,25,0.567,medium,False
C100_DIS,17,radiopaedia_4_85506_1,radiopaedia_case_4,1,1.000001,26,1.2015,medium,False
C100_DIS,17,radiopaedia_4_85506_1,radiopaedia_case_4,1,1.000001,27,0.4455,small,False
C100_DIS,17,radiopaedia_4_85506_1,radiopaedia_case_4,1,1.000001,28,2.6055,medium,False
C100_DIS,17,radiopaedia_7_85703_0,radiopaedia_case_7,2,1.000001,0,810.1485,large,False
C100_DIS,17,radiopaedia_7_85703_0,radiopaedia_case_7,2,1.000001,1,258.255,large,False
C100_DIS,17,radiopaedia_7_85703_0,radiopaedia_case_7,2,1.000001,2,0.7965,medium,False
C100_DIS,17,radiopaedia_7_85703_0,radiopaedia_case_7,2,1.000001,3,2.268,medium,False
C100_DIS,29,coronacases_001,coronacases_001,3,1.000001,0,88.66125,large,False
C100_DIS,29,coronacases_001,coronacases_001,3,1.000001,1,191.09924999999998,large,False
C100_DIS,29,coronacases_001,coronacases_001,3,1.000001,2,0.38475,small,False
C100_DIS,29,coronacases_001,coronacases_001,3,1.000001,3,0.69525,medium,False
C100_DIS,29,coronacases_001,coronacases_001,3,1.000001,4,12.84525,large,False
C100_DIS,29,coronacases_001,coronacases_001,3,1.000001,5,0.20925,small,False
C100_DIS,29,coronacases_001,coronacases_001,3,1.000001,6,0.108,small,False
C100_DIS,29,coronacases_001,coronacases_001,3,1.000001,7,19.1565,large,False
C100_DIS,29,coronacases_001,coronacases_001,3,1.000001,8,0.1215,small,False
C100_DIS,29,coronacases_001,coronacases_001,3,1.000001,9,0.41175,small,False
C100_DIS,29,coronacases_001,coronacases_001,3,1.000001,10,0.45225,small,False
C100_DIS,29,coronacases_001,coronacases_001,3,1.000001,11,1.19475,medium,False
C100_DIS,29,coronacases_001,coronacases_001,3,1.000001,12,0.33075,small,False
C100_DIS,29,coronacases_001,coronacases_001,3,1.000001,13,0.16875,small,False
C100_DIS,29,coronacases_001,coronacases_001,3,1.000001,14,0.2565,small,False
C100_DIS,29,coronacases_001,coronacases_001,3,1.000001,15,0.43875,small,False
C100_DIS,29,coronacases_001,coronacases_001,3,1.000001,16,0.918,medium,False
C100_DIS,29,coronacases_001,coronacases_001,3,1.000001,17,6.3382499999999995,large,False
C100_DIS,29,coronacases_001,coronacases_001,3,1.000001,18,1.32975,medium,False
C100_DIS,29,coronacases_001,coronacases_001,3,1.000001,19,0.14175,small,False
C100_DIS,29,coronacases_001,coronacases_001,3,1.000001,20,0.27675,small,False
C100_DIS,29,coronacases_001,coronacases_001,3,1.000001,21,0.14175,small,False
C100_DIS,29,coronacases_001,coronacases_001,3,1.000001,22,0.162,small,False
C100_DIS,29,coronacases_001,coronacases_001,3,1.000001,23,31.104,large,False
C100_DIS,29,coronacases_001,coronacases_001,3,1.000001,24,5.1907499999999995,large,False
C100_DIS,29,coronacases_001,coronacases_001,3,1.000001,25,0.135,small,False
C100_DIS,29,coronacases_001,coronacases_001,3,1.000001,26,5.50125,large,False
C100_DIS,29,coronacases_001,coronacases_001,3,1.000001,27,34.425,large,False
C100_DIS,29,coronacases_001,coronacases_001,3,1.000001,28,0.2565,small,False
C100_DIS,29,coronacases_001,coronacases_001,3,1.000001,29,0.3105,small,False
C100_DIS,29,coronacases_001,coronacases_001,3,1.000001,30,0.10124999999999999,small,False
C100_DIS,29,coronacases_001,coronacases_001,3,1.000001,31,0.108,small,False
C100_DIS,29,coronacases_001,coronacases_001,3,1.000001,32,0.135,small,False
C100_DIS,29,coronacases_001,coronacases_001,3,1.000001,33,0.11475,small,False
C100_DIS,29,coronacases_001,coronacases_001,3,1.000001,34,2.55825,medium,False
C100_DIS,29,coronacases_001,coronacases_001,3,1.000001,35,0.3645,small,False
C100_DIS,29,coronacases_001,coronacases_001,3,1.000001,36,7.344,large,False
C100_DIS,29,coronacases_001,coronacases_001,3,1.000001,37,1.755,medium,False
C100_DIS,29,coronacases_001,coronacases_001,3,1.000001,38,0.1485,small,False
C100_DIS,29,coronacases_001,coronacases_001,3,1.000001,39,2.3625,medium,False
C100_DIS,29,coronacases_001,coronacases_001,3,1.000001,40,0.41175,small,False
C100_DIS,29,coronacases_001,coronacases_001,3,1.000001,41,0.26325,small,False
C100_DIS,29,coronacases_001,coronacases_001,3,1.000001,42,0.19575,small,False
C100_DIS,29,coronacases_001,coronacases_001,3,1.000001,43,1.92375,medium,False
C100_DIS,29,coronacases_002,coronacases_002,0,1.000001,0,21.384,large,False
C100_DIS,29,coronacases_002,coronacases_002,0,1.000001,1,2.63925,medium,False
C100_DIS,29,coronacases_002,coronacases_002,0,1.000001,2,0.378,small,False
C100_DIS,29,coronacases_002,coronacases_002,0,1.000001,3,28.3365,large,False
C100_DIS,29,coronacases_002,coronacases_002,0,1.000001,4,0.1215,small,False
C100_DIS,29,coronacases_002,coronacases_002,0,1.000001,5,24.084,large,False
C100_DIS,29,coronacases_002,coronacases_002,0,1.000001,6,4.97475,large,False
C100_DIS,29,coronacases_002,coronacases_002,0,1.000001,7,0.76275,medium,False
C100_DIS,29,coronacases_002,coronacases_002,0,1.000001,8,15.47775,large,False
C100_DIS,29,coronacases_002,coronacases_002,0,1.000001,9,0.999,medium,False
C100_DIS,29,coronacases_002,coronacases_002,0,1.000001,10,5.28525,large,False
C100_DIS,29,coronacases_002,coronacases_002,0,1.000001,11,0.3645,small,False
C100_DIS,29,coronacases_002,coronacases_002,0,1.000001,12,0.31725,small,False
C100_DIS,29,coronacases_002,coronacases_002,0,1.000001,13,0.918,medium,False
C100_DIS,29,coronacases_002,coronacases_002,0,1.000001,14,3.699,large,False
C100_DIS,29,coronacases_002,coronacases_002,0,1.000001,15,22.68,large,False
C100_DIS,29,coronacases_002,coronacases_002,0,1.000001,16,0.486,medium,False
C100_DIS,29,coronacases_002,coronacases_002,0,1.000001,17,16.6995,large,False
C100_DIS,29,coronacases_002,coronacases_002,0,1.000001,18,3.3075,large,False
C100_DIS,29,coronacases_002,coronacases_002,0,1.000001,19,0.1215,small,False
C100_DIS,29,coronacases_002,coronacases_002,0,1.000001,20,28.538999999999998,large,False
C100_DIS,29,coronacases_002,coronacases_002,0,1.000001,21,1.86975,medium,False
C100_DIS,29,coronacases_002,coronacases_002,0,1.000001,22,4.32,large,False
C100_DIS,29,coronacases_002,coronacases_002,0,1.000001,23,0.8099999999999999,medium,False
C100_DIS,29,coronacases_002,coronacases_002,0,1.000001,24,1.917,medium,False
C100_DIS,29,coronacases_002,coronacases_002,0,1.000001,25,0.27,small,False
C100_DIS,29,coronacases_003,coronacases_003,3,1.000001,0,499.77,large,False
C100_DIS,29,coronacases_003,coronacases_003,3,1.000001,1,495.7875,large,False
C100_DIS,29,coronacases_003,coronacases_003,3,1.000001,2,6.642,large,False
C100_DIS,29,coronacases_003,coronacases_003,3,1.000001,3,0.47925,medium,False
C100_DIS,29,coronacases_003,coronacases_003,3,1.000001,4,1.8495,medium,False
C100_DIS,29,coronacases_003,coronacases_003,3,1.000001,5,0.11475,small,False
C100_DIS,29,coronacases_003,coronacases_003,3,1.000001,6,0.432,small,False
C100_DIS,29,coronacases_003,coronacases_003,3,1.000001,7,0.29025,small,False
C100_DIS,29,coronacases_003,coronacases_003,3,1.000001,8,0.12825,small,False
C100_DIS,29,coronacases_003,coronacases_003,3,1.000001,9,0.12825,small,False
C100_DIS,29,coronacases_003,coronacases_003,3,1.000001,10,0.20925,small,False
C100_DIS,29,coronacases_003,coronacases_003,3,1.000001,11,2.727,medium,False
C100_DIS,29,coronacases_003,coronacases_003,3,1.000001,12,0.6345,medium,False
C100_DIS,29,coronacases_003,coronacases_003,3,1.000001,13,0.5265,medium,False
C100_DIS,29,coronacases_003,coronacases_003,3,1.000001,14,0.189,small,False
C100_DIS,29,coronacases_003,coronacases_003,3,1.000001,15,0.9855,medium,False
C100_DIS,29,coronacases_003,coronacases_003,3,1.000001,16,0.243,small,False
C100_DIS,29,coronacases_003,coronacases_003,3,1.000001,17,0.47925,medium,False
C100_DIS,29,coronacases_003,coronacases_003,3,1.000001,18,0.16875,small,False
C100_DIS,29,coronacases_003,coronacases_003,3,1.000001,19,0.24975,small,False
C100_DIS,29,coronacases_003,coronacases_003,3,1.000001,20,0.4185,small,False
C100_DIS,29,coronacases_003,coronacases_003,3,1.000001,21,2.35575,medium,False
C100_DIS,29,coronacases_003,coronacases_003,3,1.000001,22,0.297,small,False
C100_DIS,29,coronacases_003,coronacases_003,3,1.000001,23,0.2295,small,False
C100_DIS,29,coronacases_003,coronacases_003,3,1.000001,24,0.2835,small,False
C100_DIS,29,coronacases_003,coronacases_003,3,1.000001,25,0.76275,medium,False
C100_DIS,29,coronacases_003,coronacases_003,3,1.000001,26,0.10124999999999999,small,False
C100_DIS,29,coronacases_003,coronacases_003,3,1.000001,27,1.5255,medium,False
C100_DIS,29,coronacases_003,coronacases_003,3,1.000001,28,2.54475,medium,False
C100_DIS,29,coronacases_003,coronacases_003,3,1.000001,29,0.945,medium,False
C100_DIS,29,coronacases_003,coronacases_003,3,1.000001,30,0.3375,small,False
C100_DIS,29,coronacases_003,coronacases_003,3,1.000001,31,2.7675,medium,False
C100_DIS,29,coronacases_003,coronacases_003,3,1.000001,32,7.66125,large,False
C100_DIS,29,coronacases_003,coronacases_003,3,1.000001,33,2.862,large,False
C100_DIS,29,coronacases_003,coronacases_003,3,1.000001,34,1.674,medium,False
C100_DIS,29,coronacases_003,coronacases_003,3,1.000001,35,0.189,small,False
C100_DIS,29,coronacases_005,coronacases_005,0,1.000001,0,79.353,large,False
C100_DIS,29,coronacases_005,coronacases_005,0,1.000001,1,2.51775,medium,False
C100_DIS,29,coronacases_006,coronacases_006,2,1.000001,0,129.60675,large,False
C100_DIS,29,coronacases_007,coronacases_007,2,1.000001,0,0.1485,small,False
C100_DIS,29,coronacases_007,coronacases_007,2,1.000001,1,64.3275,large,False
C100_DIS,29,coronacases_007,coronacases_007,2,1.000001,2,0.42525,small,False
C100_DIS,29,coronacases_007,coronacases_007,2,1.000001,3,0.43875,small,False
C100_DIS,29,coronacases_007,coronacases_007,2,1.000001,4,23.598,large,False
C100_DIS,29,coronacases_007,coronacases_007,2,1.000001,5,1.53225,medium,False
C100_DIS,29,coronacases_007,coronacases_007,2,1.000001,6,0.7965,medium,False
C100_DIS,29,coronacases_009,coronacases_009,3,1.000001,0,1.1475,medium,False
C100_DIS,29,coronacases_009,coronacases_009,3,1.000001,1,0.41175,small,False
C100_DIS,29,coronacases_009,coronacases_009,3,1.000001,2,0.135,small,False
C100_DIS,29,coronacases_009,coronacases_009,3,1.000001,3,73.764,large,False
C100_DIS,29,coronacases_009,coronacases_009,3,1.000001,4,0.64125,medium,False
C100_DIS,29,coronacases_009,coronacases_009,3,1.000001,5,0.6345,medium,False
C100_DIS,29,coronacases_009,coronacases_009,3,1.000001,6,0.162,small,False
C100_DIS,29,coronacases_009,coronacases_009,3,1.000001,7,27.54,large,False
C100_DIS,29,coronacases_010,coronacases_010,1,1.000001,0,211.33575,large,False
C100_DIS,29,coronacases_010,coronacases_010,1,1.000001,1,187.0695,large,False
C100_DIS,29,coronacases_010,coronacases_010,1,1.000001,2,2.03175,medium,False
C100_DIS,29,coronacases_010,coronacases_010,1,1.000001,3,0.62775,medium,False
C100_DIS,29,coronacases_010,coronacases_010,1,1.000001,4,0.45225,small,False
C100_DIS,29,coronacases_010,coronacases_010,1,1.000001,5,0.77625,medium,False
C100_DIS,29,radiopaedia_10_85902_1,radiopaedia_case_10,1,1.000001,0,158.976,large,False
C100_DIS,29,radiopaedia_10_85902_1,radiopaedia_case_10,1,1.000001,1,1.3094999999999999,medium,False
C100_DIS,29,radiopaedia_10_85902_3,radiopaedia_case_10,1,1.000001,0,262.51425,large,False
C100_DIS,29,radiopaedia_10_85902_3,radiopaedia_case_10,1,1.000001,1,1.77525,medium,False
C100_DIS,29,radiopaedia_29_86490_1,radiopaedia_case_29,0,1.000001,0,0.324,small,False
C100_DIS,29,radiopaedia_29_86490_1,radiopaedia_case_29,0,1.000001,1,0.1755,small,False
C100_DIS,29,radiopaedia_29_86491_1,radiopaedia_case_29,0,1.000001,0,14.013,large,False
C100_DIS,29,radiopaedia_29_86491_1,radiopaedia_case_29,0,1.000001,1,36.2475,large,False
C100_DIS,29,radiopaedia_29_86491_1,radiopaedia_case_29,0,1.000001,2,0.4995,medium,False
C100_DIS,29,radiopaedia_36_86526_0,radiopaedia_case_36,2,1.000001,0,3.726,large,False
C100_DIS,29,radiopaedia_36_86526_0,radiopaedia_case_36,2,1.000001,1,3.96225,large,False
C100_DIS,29,radiopaedia_36_86526_0,radiopaedia_case_36,2,1.000001,2,4.617,large,False
C100_DIS,29,radiopaedia_36_86526_0,radiopaedia_case_36,2,1.000001,3,1.026,medium,False
C100_DIS,29,radiopaedia_36_86526_0,radiopaedia_case_36,2,1.000001,4,5.832,large,False
C100_DIS,29,radiopaedia_36_86526_0,radiopaedia_case_36,2,1.000001,5,0.4185,small,False
C100_DIS,29,radiopaedia_36_86526_0,radiopaedia_case_36,2,1.000001,6,2.6595,medium,False
C100_DIS,29,radiopaedia_36_86526_0,radiopaedia_case_36,2,1.000001,7,0.972,medium,False
C100_DIS,29,radiopaedia_36_86526_0,radiopaedia_case_36,2,1.000001,8,2.187,medium,False
C100_DIS,29,radiopaedia_36_86526_0,radiopaedia_case_36,2,1.000001,9,6.1695,large,False
C100_DIS,29,radiopaedia_36_86526_0,radiopaedia_case_36,2,1.000001,10,1.593,medium,False
C100_DIS,29,radiopaedia_36_86526_0,radiopaedia_case_36,2,1.000001,11,4.7115,large,False
C100_DIS,29,radiopaedia_36_86526_0,radiopaedia_case_36,2,1.000001,12,0.4725,small,False
C100_DIS,29,radiopaedia_36_86526_0,radiopaedia_case_36,2,1.000001,13,9.504,large,False
C100_DIS,29,radiopaedia_36_86526_0,radiopaedia_case_36,2,1.000001,14,3.564,large,False
C100_DIS,29,radiopaedia_36_86526_0,radiopaedia_case_36,2,1.000001,15,8.829,large,False
C100_DIS,29,radiopaedia_36_86526_0,radiopaedia_case_36,2,1.000001,16,35.802,large,False
C100_DIS,29,radiopaedia_36_86526_0,radiopaedia_case_36,2,1.000001,17,10.0035,large,False
C100_DIS,29,radiopaedia_36_86526_0,radiopaedia_case_36,2,1.000001,18,0.675,medium,False
C100_DIS,29,radiopaedia_36_86526_0,radiopaedia_case_36,2,1.000001,19,27.1755,large,False
C100_DIS,29,radiopaedia_36_86526_0,radiopaedia_case_36,2,1.000001,20,7.587,large,False
C100_DIS,29,radiopaedia_36_86526_0,radiopaedia_case_36,2,1.000001,21,8.856,large,False
C100_DIS,29,radiopaedia_36_86526_0,radiopaedia_case_36,2,1.000001,22,4.0635,large,False
C100_DIS,29,radiopaedia_36_86526_0,radiopaedia_case_36,2,1.000001,23,0.675,medium,False
C100_DIS,29,radiopaedia_36_86526_0,radiopaedia_case_36,2,1.000001,24,12.3525,large,False
C100_DIS,29,radiopaedia_36_86526_0,radiopaedia_case_36,2,1.000001,25,1.6335,medium,False
C100_DIS,29,radiopaedia_36_86526_0,radiopaedia_case_36,2,1.000001,26,0.702,medium,False
C100_DIS,29,radiopaedia_36_86526_0,radiopaedia_case_36,2,1.000001,27,11.232,large,False
C100_DIS,29,radiopaedia_36_86526_0,radiopaedia_case_36,2,1.000001,28,0.4725,small,False
C100_DIS,29,radiopaedia_36_86526_0,radiopaedia_case_36,2,1.000001,29,4.806,large,False
C100_DIS,29,radiopaedia_36_86526_0,radiopaedia_case_36,2,1.000001,30,0.1485,small,False
C100_DIS,29,radiopaedia_40_86625_0,radiopaedia_case_40,3,1.000001,0,1371.2962499999999,large,False
C100_DIS,29,radiopaedia_40_86625_0,radiopaedia_case_40,3,1.000001,1,1492.6612499999999,large,False
C100_DIS,29,radiopaedia_40_86625_0,radiopaedia_case_40,3,1.000001,2,9.207,large,False
C100_DIS,29,radiopaedia_40_86625_0,radiopaedia_case_40,3,1.000001,3,0.64125,medium,False
C100_DIS,29,radiopaedia_40_86625_0,radiopaedia_case_40,3,1.000001,4,0.35775,small,False
C100_DIS,29,radiopaedia_40_86625_0,radiopaedia_case_40,3,1.000001,5,0.22275,small,False
C100_DIS,29,radiopaedia_40_86625_0,radiopaedia_case_40,3,1.000001,6,0.108,small,False
C100_DIS,29,radiopaedia_40_86625_0,radiopaedia_case_40,3,1.000001,7,0.5535,medium,False
C100_DIS,29,radiopaedia_40_86625_0,radiopaedia_case_40,3,1.000001,8,3.23325,large,False
C100_DIS,29,radiopaedia_4_85506_1,radiopaedia_case_4,1,1.000001,0,464.71049999999997,large,False
C100_DIS,29,radiopaedia_4_85506_1,radiopaedia_case_4,1,1.000001,1,606.9195,large,False
C100_DIS,29,radiopaedia_4_85506_1,radiopaedia_case_4,1,1.000001,2,20.2635,large,False
C100_DIS,29,radiopaedia_4_85506_1,radiopaedia_case_4,1,1.000001,3,0.135,small,False
C100_DIS,29,radiopaedia_4_85506_1,radiopaedia_case_4,1,1.000001,4,0.5805,medium,False
C100_DIS,29,radiopaedia_4_85506_1,radiopaedia_case_4,1,1.000001,5,6.8985,large,False
C100_DIS,29,radiopaedia_4_85506_1,radiopaedia_case_4,1,1.000001,6,1.3094999999999999,medium,False
C100_DIS,29,radiopaedia_4_85506_1,radiopaedia_case_4,1,1.000001,7,2.6325,medium,False
C100_DIS,29,radiopaedia_4_85506_1,radiopaedia_case_4,1,1.000001,8,0.4455,small,False
C100_DIS,29,radiopaedia_4_85506_1,radiopaedia_case_4,1,1.000001,9,0.2565,small,False
C100_DIS,29,radiopaedia_4_85506_1,radiopaedia_case_4,1,1.000001,10,0.2835,small,False
C100_DIS,29,radiopaedia_4_85506_1,radiopaedia_case_4,1,1.000001,11,1.9575,medium,False
C100_DIS,29,radiopaedia_4_85506_1,radiopaedia_case_4,1,1.000001,12,4.671,large,False
C100_DIS,29,radiopaedia_4_85506_1,radiopaedia_case_4,1,1.000001,13,1.9845,medium,False
C100_DIS,29,radiopaedia_4_85506_1,radiopaedia_case_4,1,1.000001,14,8.046,large,False
C100_DIS,29,radiopaedia_4_85506_1,radiopaedia_case_4,1,1.000001,15,0.567,medium,False
C100_DIS,29,radiopaedia_4_85506_1,radiopaedia_case_4,1,1.000001,16,6.8985,large,False
C100_DIS,29,radiopaedia_4_85506_1,radiopaedia_case_4,1,1.000001,17,0.378,small,False
C100_DIS,29,radiopaedia_4_85506_1,radiopaedia_case_4,1,1.000001,18,0.7965,medium,False
C100_DIS,29,radiopaedia_4_85506_1,radiopaedia_case_4,1,1.000001,19,25.7985,large,False
C100_DIS,29,radiopaedia_4_85506_1,radiopaedia_case_4,1,1.000001,20,0.162,small,False
C100_DIS,29,radiopaedia_4_85506_1,radiopaedia_case_4,1,1.000001,21,0.8099999999999999,medium,False
C100_DIS,29,radiopaedia_4_85506_1,radiopaedia_case_4,1,1.000001,22,1.0395,medium,False
C100_DIS,29,radiopaedia_4_85506_1,radiopaedia_case_4,1,1.000001,23,1.161,medium,False
C100_DIS,29,radiopaedia_4_85506_1,radiopaedia_case_4,1,1.000001,24,0.8099999999999999,medium,False
C100_DIS,29,radiopaedia_4_85506_1,radiopaedia_case_4,1,1.000001,25,0.567,medium,False
C100_DIS,29,radiopaedia_4_85506_1,radiopaedia_case_4,1,1.000001,26,1.2015,medium,False
C100_DIS,29,radiopaedia_4_85506_1,radiopaedia_case_4,1,1.000001,27,0.4455,small,False
C100_DIS,29,radiopaedia_4_85506_1,radiopaedia_case_4,1,1.000001,28,2.6055,medium,False
C100_DIS,29,radiopaedia_7_85703_0,radiopaedia_case_7,2,1.000001,0,810.1485,large,False
C100_DIS,29,radiopaedia_7_85703_0,radiopaedia_case_7,2,1.000001,1,258.255,large,False
C100_DIS,29,radiopaedia_7_85703_0,radiopaedia_case_7,2,1.000001,2,0.7965,medium,False
C100_DIS,29,radiopaedia_7_85703_0,radiopaedia_case_7,2,1.000001,3,2.268,medium,False
C100_DIS,43,coronacases_001,coronacases_001,3,1.000001,0,88.66125,large,False
C100_DIS,43,coronacases_001,coronacases_001,3,1.000001,1,191.09924999999998,large,False
C100_DIS,43,coronacases_001,coronacases_001,3,1.000001,2,0.38475,small,False
C100_DIS,43,coronacases_001,coronacases_001,3,1.000001,3,0.69525,medium,False
C100_DIS,43,coronacases_001,coronacases_001,3,1.000001,4,12.84525,large,False
C100_DIS,43,coronacases_001,coronacases_001,3,1.000001,5,0.20925,small,False
C100_DIS,43,coronacases_001,coronacases_001,3,1.000001,6,0.108,small,False
C100_DIS,43,coronacases_001,coronacases_001,3,1.000001,7,19.1565,large,False
C100_DIS,43,coronacases_001,coronacases_001,3,1.000001,8,0.1215,small,False
C100_DIS,43,coronacases_001,coronacases_001,3,1.000001,9,0.41175,small,False
C100_DIS,43,coronacases_001,coronacases_001,3,1.000001,10,0.45225,small,False
C100_DIS,43,coronacases_001,coronacases_001,3,1.000001,11,1.19475,medium,False
C100_DIS,43,coronacases_001,coronacases_001,3,1.000001,12,0.33075,small,False
C100_DIS,43,coronacases_001,coronacases_001,3,1.000001,13,0.16875,small,False
C100_DIS,43,coronacases_001,coronacases_001,3,1.000001,14,0.2565,small,False
C100_DIS,43,coronacases_001,coronacases_001,3,1.000001,15,0.43875,small,False
C100_DIS,43,coronacases_001,coronacases_001,3,1.000001,16,0.918,medium,False
C100_DIS,43,coronacases_001,coronacases_001,3,1.000001,17,6.3382499999999995,large,False
C100_DIS,43,coronacases_001,coronacases_001,3,1.000001,18,1.32975,medium,False
C100_DIS,43,coronacases_001,coronacases_001,3,1.000001,19,0.14175,small,False
C100_DIS,43,coronacases_001,coronacases_001,3,1.000001,20,0.27675,small,False
C100_DIS,43,coronacases_001,coronacases_001,3,1.000001,21,0.14175,small,False
C100_DIS,43,coronacases_001,coronacases_001,3,1.000001,22,0.162,small,False
C100_DIS,43,coronacases_001,coronacases_001,3,1.000001,23,31.104,large,False
C100_DIS,43,coronacases_001,coronacases_001,3,1.000001,24,5.1907499999999995,large,False
C100_DIS,43,coronacases_001,coronacases_001,3,1.000001,25,0.135,small,False
C100_DIS,43,coronacases_001,coronacases_001,3,1.000001,26,5.50125,large,False
C100_DIS,43,coronacases_001,coronacases_001,3,1.000001,27,34.425,large,False
C100_DIS,43,coronacases_001,coronacases_001,3,1.000001,28,0.2565,small,False
C100_DIS,43,coronacases_001,coronacases_001,3,1.000001,29,0.3105,small,False
C100_DIS,43,coronacases_001,coronacases_001,3,1.000001,30,0.10124999999999999,small,False
C100_DIS,43,coronacases_001,coronacases_001,3,1.000001,31,0.108,small,False
C100_DIS,43,coronacases_001,coronacases_001,3,1.000001,32,0.135,small,False
C100_DIS,43,coronacases_001,coronacases_001,3,1.000001,33,0.11475,small,False
C100_DIS,43,coronacases_001,coronacases_001,3,1.000001,34,2.55825,medium,False
C100_DIS,43,coronacases_001,coronacases_001,3,1.000001,35,0.3645,small,False
C100_DIS,43,coronacases_001,coronacases_001,3,1.000001,36,7.344,large,False
C100_DIS,43,coronacases_001,coronacases_001,3,1.000001,37,1.755,medium,False
C100_DIS,43,coronacases_001,coronacases_001,3,1.000001,38,0.1485,small,False
C100_DIS,43,coronacases_001,coronacases_001,3,1.000001,39,2.3625,medium,False
C100_DIS,43,coronacases_001,coronacases_001,3,1.000001,40,0.41175,small,False
C100_DIS,43,coronacases_001,coronacases_001,3,1.000001,41,0.26325,small,False
C100_DIS,43,coronacases_001,coronacases_001,3,1.000001,42,0.19575,small,False
C100_DIS,43,coronacases_001,coronacases_001,3,1.000001,43,1.92375,medium,False
C100_DIS,43,coronacases_002,coronacases_002,0,1.000001,0,21.384,large,False
C100_DIS,43,coronacases_002,coronacases_002,0,1.000001,1,2.63925,medium,False
C100_DIS,43,coronacases_002,coronacases_002,0,1.000001,2,0.378,small,False
C100_DIS,43,coronacases_002,coronacases_002,0,1.000001,3,28.3365,large,False
C100_DIS,43,coronacases_002,coronacases_002,0,1.000001,4,0.1215,small,False
C100_DIS,43,coronacases_002,coronacases_002,0,1.000001,5,24.084,large,False
C100_DIS,43,coronacases_002,coronacases_002,0,1.000001,6,4.97475,large,False
C100_DIS,43,coronacases_002,coronacases_002,0,1.000001,7,0.76275,medium,False
C100_DIS,43,coronacases_002,coronacases_002,0,1.000001,8,15.47775,large,False
C100_DIS,43,coronacases_002,coronacases_002,0,1.000001,9,0.999,medium,False
C100_DIS,43,coronacases_002,coronacases_002,0,1.000001,10,5.28525,large,False
C100_DIS,43,coronacases_002,coronacases_002,0,1.000001,11,0.3645,small,False
C100_DIS,43,coronacases_002,coronacases_002,0,1.000001,12,0.31725,small,False
C100_DIS,43,coronacases_002,coronacases_002,0,1.000001,13,0.918,medium,False
C100_DIS,43,coronacases_002,coronacases_002,0,1.000001,14,3.699,large,False
C100_DIS,43,coronacases_002,coronacases_002,0,1.000001,15,22.68,large,False
C100_DIS,43,coronacases_002,coronacases_002,0,1.000001,16,0.486,medium,False
C100_DIS,43,coronacases_002,coronacases_002,0,1.000001,17,16.6995,large,False
C100_DIS,43,coronacases_002,coronacases_002,0,1.000001,18,3.3075,large,False
C100_DIS,43,coronacases_002,coronacases_002,0,1.000001,19,0.1215,small,False
C100_DIS,43,coronacases_002,coronacases_002,0,1.000001,20,28.538999999999998,large,False
C100_DIS,43,coronacases_002,coronacases_002,0,1.000001,21,1.86975,medium,False
C100_DIS,43,coronacases_002,coronacases_002,0,1.000001,22,4.32,large,False
C100_DIS,43,coronacases_002,coronacases_002,0,1.000001,23,0.8099999999999999,medium,False
C100_DIS,43,coronacases_002,coronacases_002,0,1.000001,24,1.917,medium,False
C100_DIS,43,coronacases_002,coronacases_002,0,1.000001,25,0.27,small,False
C100_DIS,43,coronacases_003,coronacases_003,3,1.000001,0,499.77,large,False
C100_DIS,43,coronacases_003,coronacases_003,3,1.000001,1,495.7875,large,False
C100_DIS,43,coronacases_003,coronacases_003,3,1.000001,2,6.642,large,False
C100_DIS,43,coronacases_003,coronacases_003,3,1.000001,3,0.47925,medium,False
C100_DIS,43,coronacases_003,coronacases_003,3,1.000001,4,1.8495,medium,False
C100_DIS,43,coronacases_003,coronacases_003,3,1.000001,5,0.11475,small,False
C100_DIS,43,coronacases_003,coronacases_003,3,1.000001,6,0.432,small,False
C100_DIS,43,coronacases_003,coronacases_003,3,1.000001,7,0.29025,small,False
C100_DIS,43,coronacases_003,coronacases_003,3,1.000001,8,0.12825,small,False
C100_DIS,43,coronacases_003,coronacases_003,3,1.000001,9,0.12825,small,False
C100_DIS,43,coronacases_003,coronacases_003,3,1.000001,10,0.20925,small,False
C100_DIS,43,coronacases_003,coronacases_003,3,1.000001,11,2.727,medium,False
C100_DIS,43,coronacases_003,coronacases_003,3,1.000001,12,0.6345,medium,False
C100_DIS,43,coronacases_003,coronacases_003,3,1.000001,13,0.5265,medium,False
C100_DIS,43,coronacases_003,coronacases_003,3,1.000001,14,0.189,small,False
C100_DIS,43,coronacases_003,coronacases_003,3,1.000001,15,0.9855,medium,False
C100_DIS,43,coronacases_003,coronacases_003,3,1.000001,16,0.243,small,False
C100_DIS,43,coronacases_003,coronacases_003,3,1.000001,17,0.47925,medium,False
C100_DIS,43,coronacases_003,coronacases_003,3,1.000001,18,0.16875,small,False
C100_DIS,43,coronacases_003,coronacases_003,3,1.000001,19,0.24975,small,False
C100_DIS,43,coronacases_003,coronacases_003,3,1.000001,20,0.4185,small,False
C100_DIS,43,coronacases_003,coronacases_003,3,1.000001,21,2.35575,medium,False
C100_DIS,43,coronacases_003,coronacases_003,3,1.000001,22,0.297,small,False
C100_DIS,43,coronacases_003,coronacases_003,3,1.000001,23,0.2295,small,False
C100_DIS,43,coronacases_003,coronacases_003,3,1.000001,24,0.2835,small,False
C100_DIS,43,coronacases_003,coronacases_003,3,1.000001,25,0.76275,medium,False
C100_DIS,43,coronacases_003,coronacases_003,3,1.000001,26,0.10124999999999999,small,False
C100_DIS,43,coronacases_003,coronacases_003,3,1.000001,27,1.5255,medium,False
C100_DIS,43,coronacases_003,coronacases_003,3,1.000001,28,2.54475,medium,False
C100_DIS,43,coronacases_003,coronacases_003,3,1.000001,29,0.945,medium,False
C100_DIS,43,coronacases_003,coronacases_003,3,1.000001,30,0.3375,small,False
C100_DIS,43,coronacases_003,coronacases_003,3,1.000001,31,2.7675,medium,False
C100_DIS,43,coronacases_003,coronacases_003,3,1.000001,32,7.66125,large,False
C100_DIS,43,coronacases_003,coronacases_003,3,1.000001,33,2.862,large,False
C100_DIS,43,coronacases_003,coronacases_003,3,1.000001,34,1.674,medium,False
C100_DIS,43,coronacases_003,coronacases_003,3,1.000001,35,0.189,small,False
C100_DIS,43,coronacases_005,coronacases_005,0,1.000001,0,79.353,large,False
C100_DIS,43,coronacases_005,coronacases_005,0,1.000001,1,2.51775,medium,False
C100_DIS,43,coronacases_006,coronacases_006,2,1.000001,0,129.60675,large,False
C100_DIS,43,coronacases_007,coronacases_007,2,1.000001,0,0.1485,small,False
C100_DIS,43,coronacases_007,coronacases_007,2,1.000001,1,64.3275,large,False
C100_DIS,43,coronacases_007,coronacases_007,2,1.000001,2,0.42525,small,False
C100_DIS,43,coronacases_007,coronacases_007,2,1.000001,3,0.43875,small,False
C100_DIS,43,coronacases_007,coronacases_007,2,1.000001,4,23.598,large,False
C100_DIS,43,coronacases_007,coronacases_007,2,1.000001,5,1.53225,medium,False
C100_DIS,43,coronacases_007,coronacases_007,2,1.000001,6,0.7965,medium,False
C100_DIS,43,coronacases_009,coronacases_009,3,1.000001,0,1.1475,medium,False
C100_DIS,43,coronacases_009,coronacases_009,3,1.000001,1,0.41175,small,False
C100_DIS,43,coronacases_009,coronacases_009,3,1.000001,2,0.135,small,False
C100_DIS,43,coronacases_009,coronacases_009,3,1.000001,3,73.764,large,False
C100_DIS,43,coronacases_009,coronacases_009,3,1.000001,4,0.64125,medium,False
C100_DIS,43,coronacases_009,coronacases_009,3,1.000001,5,0.6345,medium,False
C100_DIS,43,coronacases_009,coronacases_009,3,1.000001,6,0.162,small,False
C100_DIS,43,coronacases_009,coronacases_009,3,1.000001,7,27.54,large,False
C100_DIS,43,coronacases_010,coronacases_010,1,1.000001,0,211.33575,large,False
C100_DIS,43,coronacases_010,coronacases_010,1,1.000001,1,187.0695,large,False
C100_DIS,43,coronacases_010,coronacases_010,1,1.000001,2,2.03175,medium,False
C100_DIS,43,coronacases_010,coronacases_010,1,1.000001,3,0.62775,medium,False
C100_DIS,43,coronacases_010,coronacases_010,1,1.000001,4,0.45225,small,False
C100_DIS,43,coronacases_010,coronacases_010,1,1.000001,5,0.77625,medium,False
C100_DIS,43,radiopaedia_10_85902_1,radiopaedia_case_10,1,1.000001,0,158.976,large,False
C100_DIS,43,radiopaedia_10_85902_1,radiopaedia_case_10,1,1.000001,1,1.3094999999999999,medium,False
C100_DIS,43,radiopaedia_10_85902_3,radiopaedia_case_10,1,1.000001,0,262.51425,large,False
C100_DIS,43,radiopaedia_10_85902_3,radiopaedia_case_10,1,1.000001,1,1.77525,medium,False
C100_DIS,43,radiopaedia_29_86490_1,radiopaedia_case_29,0,1.000001,0,0.324,small,False
C100_DIS,43,radiopaedia_29_86490_1,radiopaedia_case_29,0,1.000001,1,0.1755,small,False
C100_DIS,43,radiopaedia_29_86491_1,radiopaedia_case_29,0,1.000001,0,14.013,large,False
C100_DIS,43,radiopaedia_29_86491_1,radiopaedia_case_29,0,1.000001,1,36.2475,large,False
C100_DIS,43,radiopaedia_29_86491_1,radiopaedia_case_29,0,1.000001,2,0.4995,medium,False
C100_DIS,43,radiopaedia_36_86526_0,radiopaedia_case_36,2,1.000001,0,3.726,large,False
C100_DIS,43,radiopaedia_36_86526_0,radiopaedia_case_36,2,1.000001,1,3.96225,large,False
C100_DIS,43,radiopaedia_36_86526_0,radiopaedia_case_36,2,1.000001,2,4.617,large,False
C100_DIS,43,radiopaedia_36_86526_0,radiopaedia_case_36,2,1.000001,3,1.026,medium,False
C100_DIS,43,radiopaedia_36_86526_0,radiopaedia_case_36,2,1.000001,4,5.832,large,False
C100_DIS,43,radiopaedia_36_86526_0,radiopaedia_case_36,2,1.000001,5,0.4185,small,False
C100_DIS,43,radiopaedia_36_86526_0,radiopaedia_case_36,2,1.000001,6,2.6595,medium,False
C100_DIS,43,radiopaedia_36_86526_0,radiopaedia_case_36,2,1.000001,7,0.972,medium,False
C100_DIS,43,radiopaedia_36_86526_0,radiopaedia_case_36,2,1.000001,8,2.187,medium,False
C100_DIS,43,radiopaedia_36_86526_0,radiopaedia_case_36,2,1.000001,9,6.1695,large,False
C100_DIS,43,radiopaedia_36_86526_0,radiopaedia_case_36,2,1.000001,10,1.593,medium,False
C100_DIS,43,radiopaedia_36_86526_0,radiopaedia_case_36,2,1.000001,11,4.7115,large,False
C100_DIS,43,radiopaedia_36_86526_0,radiopaedia_case_36,2,1.000001,12,0.4725,small,False
C100_DIS,43,radiopaedia_36_86526_0,radiopaedia_case_36,2,1.000001,13,9.504,large,False
C100_DIS,43,radiopaedia_36_86526_0,radiopaedia_case_36,2,1.000001,14,3.564,large,False
C100_DIS,43,radiopaedia_36_86526_0,radiopaedia_case_36,2,1.000001,15,8.829,large,False
C100_DIS,43,radiopaedia_36_86526_0,radiopaedia_case_36,2,1.000001,16,35.802,large,False
C100_DIS,43,radiopaedia_36_86526_0,radiopaedia_case_36,2,1.000001,17,10.0035,large,False
C100_DIS,43,radiopaedia_36_86526_0,radiopaedia_case_36,2,1.000001,18,0.675,medium,False
C100_DIS,43,radiopaedia_36_86526_0,radiopaedia_case_36,2,1.000001,19,27.1755,large,False
C100_DIS,43,radiopaedia_36_86526_0,radiopaedia_case_36,2,1.000001,20,7.587,large,False
C100_DIS,43,radiopaedia_36_86526_0,radiopaedia_case_36,2,1.000001,21,8.856,large,False
C100_DIS,43,radiopaedia_36_86526_0,radiopaedia_case_36,2,1.000001,22,4.0635,large,False
C100_DIS,43,radiopaedia_36_86526_0,radiopaedia_case_36,2,1.000001,23,0.675,medium,False
C100_DIS,43,radiopaedia_36_86526_0,radiopaedia_case_36,2,1.000001,24,12.3525,large,False
C100_DIS,43,radiopaedia_36_86526_0,radiopaedia_case_36,2,1.000001,25,1.6335,medium,False
C100_DIS,43,radiopaedia_36_86526_0,radiopaedia_case_36,2,1.000001,26,0.702,medium,False
C100_DIS,43,radiopaedia_36_86526_0,radiopaedia_case_36,2,1.000001,27,11.232,large,False
C100_DIS,43,radiopaedia_36_86526_0,radiopaedia_case_36,2,1.000001,28,0.4725,small,False
C100_DIS,43,radiopaedia_36_86526_0,radiopaedia_case_36,2,1.000001,29,4.806,large,False
C100_DIS,43,radiopaedia_36_86526_0,radiopaedia_case_36,2,1.000001,30,0.1485,small,False
C100_DIS,43,radiopaedia_40_86625_0,radiopaedia_case_40,3,1.000001,0,1371.2962499999999,large,False
C100_DIS,43,radiopaedia_40_86625_0,radiopaedia_case_40,3,1.000001,1,1492.6612499999999,large,False
C100_DIS,43,radiopaedia_40_86625_0,radiopaedia_case_40,3,1.000001,2,9.207,large,False
C100_DIS,43,radiopaedia_40_86625_0,radiopaedia_case_40,3,1.000001,3,0.64125,medium,False
C100_DIS,43,radiopaedia_40_86625_0,radiopaedia_case_40,3,1.000001,4,0.35775,small,False
C100_DIS,43,radiopaedia_40_86625_0,radiopaedia_case_40,3,1.000001,5,0.22275,small,False
C100_DIS,43,radiopaedia_40_86625_0,radiopaedia_case_40,3,1.000001,6,0.108,small,False
C100_DIS,43,radiopaedia_40_86625_0,radiopaedia_case_40,3,1.000001,7,0.5535,medium,False
C100_DIS,43,radiopaedia_40_86625_0,radiopaedia_case_40,3,1.000001,8,3.23325,large,False
C100_DIS,43,radiopaedia_4_85506_1,radiopaedia_case_4,1,1.000001,0,464.71049999999997,large,False
C100_DIS,43,radiopaedia_4_85506_1,radiopaedia_case_4,1,1.000001,1,606.9195,large,False
C100_DIS,43,radiopaedia_4_85506_1,radiopaedia_case_4,1,1.000001,2,20.2635,large,False
C100_DIS,43,radiopaedia_4_85506_1,radiopaedia_case_4,1,1.000001,3,0.135,small,False
C100_DIS,43,radiopaedia_4_85506_1,radiopaedia_case_4,1,1.000001,4,0.5805,medium,False
C100_DIS,43,radiopaedia_4_85506_1,radiopaedia_case_4,1,1.000001,5,6.8985,large,False
C100_DIS,43,radiopaedia_4_85506_1,radiopaedia_case_4,1,1.000001,6,1.3094999999999999,medium,False
C100_DIS,43,radiopaedia_4_85506_1,radiopaedia_case_4,1,1.000001,7,2.6325,medium,False
C100_DIS,43,radiopaedia_4_85506_1,radiopaedia_case_4,1,1.000001,8,0.4455,small,False
C100_DIS,43,radiopaedia_4_85506_1,radiopaedia_case_4,1,1.000001,9,0.2565,small,False
C100_DIS,43,radiopaedia_4_85506_1,radiopaedia_case_4,1,1.000001,10,0.2835,small,False
C100_DIS,43,radiopaedia_4_85506_1,radiopaedia_case_4,1,1.000001,11,1.9575,medium,False
C100_DIS,43,radiopaedia_4_85506_1,radiopaedia_case_4,1,1.000001,12,4.671,large,False
C100_DIS,43,radiopaedia_4_85506_1,radiopaedia_case_4,1,1.000001,13,1.9845,medium,False
C100_DIS,43,radiopaedia_4_85506_1,radiopaedia_case_4,1,1.000001,14,8.046,large,False
C100_DIS,43,radiopaedia_4_85506_1,radiopaedia_case_4,1,1.000001,15,0.567,medium,False
C100_DIS,43,radiopaedia_4_85506_1,radiopaedia_case_4,1,1.000001,16,6.8985,large,False
C100_DIS,43,radiopaedia_4_85506_1,radiopaedia_case_4,1,1.000001,17,0.378,small,False
C100_DIS,43,radiopaedia_4_85506_1,radiopaedia_case_4,1,1.000001,18,0.7965,medium,False
C100_DIS,43,radiopaedia_4_85506_1,radiopaedia_case_4,1,1.000001,19,25.7985,large,False
C100_DIS,43,radiopaedia_4_85506_1,radiopaedia_case_4,1,1.000001,20,0.162,small,False
C100_DIS,43,radiopaedia_4_85506_1,radiopaedia_case_4,1,1.000001,21,0.8099999999999999,medium,False
C100_DIS,43,radiopaedia_4_85506_1,radiopaedia_case_4,1,1.000001,22,1.0395,medium,False
C100_DIS,43,radiopaedia_4_85506_1,radiopaedia_case_4,1,1.000001,23,1.161,medium,False
C100_DIS,43,radiopaedia_4_85506_1,radiopaedia_case_4,1,1.000001,24,0.8099999999999999,medium,False
C100_DIS,43,radiopaedia_4_85506_1,radiopaedia_case_4,1,1.000001,25,0.567,medium,False
C100_DIS,43,radiopaedia_4_85506_1,radiopaedia_case_4,1,1.000001,26,1.2015,medium,False
C100_DIS,43,radiopaedia_4_85506_1,radiopaedia_case_4,1,1.000001,27,0.4455,small,False
C100_DIS,43,radiopaedia_4_85506_1,radiopaedia_case_4,1,1.000001,28,2.6055,medium,False
C100_DIS,43,radiopaedia_7_85703_0,radiopaedia_case_7,2,1.000001,0,810.1485,large,False
C100_DIS,43,radiopaedia_7_85703_0,radiopaedia_case_7,2,1.000001,1,258.255,large,False
C100_DIS,43,radiopaedia_7_85703_0,radiopaedia_case_7,2,1.000001,2,0.7965,medium,False
C100_DIS,43,radiopaedia_7_85703_0,radiopaedia_case_7,2,1.000001,3,2.268,medium,False
C100_FRG,17,coronacases_001,coronacases_001,3,1.000001,0,88.66125,large,False
C100_FRG,17,coronacases_001,coronacases_001,3,1.000001,1,191.09924999999998,large,False
C100_FRG,17,coronacases_001,coronacases_001,3,1.000001,2,0.38475,small,False
C100_FRG,17,coronacases_001,coronacases_001,3,1.000001,3,0.69525,medium,False
C100_FRG,17,coronacases_001,coronacases_001,3,1.000001,4,12.84525,large,False
C100_FRG,17,coronacases_001,coronacases_001,3,1.000001,5,0.20925,small,False
C100_FRG,17,coronacases_001,coronacases_001,3,1.000001,6,0.108,small,False
C100_FRG,17,coronacases_001,coronacases_001,3,1.000001,7,19.1565,large,False
C100_FRG,17,coronacases_001,coronacases_001,3,1.000001,8,0.1215,small,False
C100_FRG,17,coronacases_001,coronacases_001,3,1.000001,9,0.41175,small,False
C100_FRG,17,coronacases_001,coronacases_001,3,1.000001,10,0.45225,small,False
C100_FRG,17,coronacases_001,coronacases_001,3,1.000001,11,1.19475,medium,False
C100_FRG,17,coronacases_001,coronacases_001,3,1.000001,12,0.33075,small,False
C100_FRG,17,coronacases_001,coronacases_001,3,1.000001,13,0.16875,small,False
C100_FRG,17,coronacases_001,coronacases_001,3,1.000001,14,0.2565,small,False
C100_FRG,17,coronacases_001,coronacases_001,3,1.000001,15,0.43875,small,False
C100_FRG,17,coronacases_001,coronacases_001,3,1.000001,16,0.918,medium,False
C100_FRG,17,coronacases_001,coronacases_001,3,1.000001,17,6.3382499999999995,large,False
C100_FRG,17,coronacases_001,coronacases_001,3,1.000001,18,1.32975,medium,False
C100_FRG,17,coronacases_001,coronacases_001,3,1.000001,19,0.14175,small,False
C100_FRG,17,coronacases_001,coronacases_001,3,1.000001,20,0.27675,small,False
C100_FRG,17,coronacases_001,coronacases_001,3,1.000001,21,0.14175,small,False
C100_FRG,17,coronacases_001,coronacases_001,3,1.000001,22,0.162,small,False
C100_FRG,17,coronacases_001,coronacases_001,3,1.000001,23,31.104,large,False
C100_FRG,17,coronacases_001,coronacases_001,3,1.000001,24,5.1907499999999995,large,False
C100_FRG,17,coronacases_001,coronacases_001,3,1.000001,25,0.135,small,False
C100_FRG,17,coronacases_001,coronacases_001,3,1.000001,26,5.50125,large,False
C100_FRG,17,coronacases_001,coronacases_001,3,1.000001,27,34.425,large,False
C100_FRG,17,coronacases_001,coronacases_001,3,1.000001,28,0.2565,small,False
C100_FRG,17,coronacases_001,coronacases_001,3,1.000001,29,0.3105,small,False
C100_FRG,17,coronacases_001,coronacases_001,3,1.000001,30,0.10124999999999999,small,False
C100_FRG,17,coronacases_001,coronacases_001,3,1.000001,31,0.108,small,False
C100_FRG,17,coronacases_001,coronacases_001,3,1.000001,32,0.135,small,False
C100_FRG,17,coronacases_001,coronacases_001,3,1.000001,33,0.11475,small,False
C100_FRG,17,coronacases_001,coronacases_001,3,1.000001,34,2.55825,medium,False
C100_FRG,17,coronacases_001,coronacases_001,3,1.000001,35,0.3645,small,False
C100_FRG,17,coronacases_001,coronacases_001,3,1.000001,36,7.344,large,False
C100_FRG,17,coronacases_001,coronacases_001,3,1.000001,37,1.755,medium,False
C100_FRG,17,coronacases_001,coronacases_001,3,1.000001,38,0.1485,small,False
C100_FRG,17,coronacases_001,coronacases_001,3,1.000001,39,2.3625,medium,False
C100_FRG,17,coronacases_001,coronacases_001,3,1.000001,40,0.41175,small,False
C100_FRG,17,coronacases_001,coronacases_001,3,1.000001,41,0.26325,small,False
C100_FRG,17,coronacases_001,coronacases_001,3,1.000001,42,0.19575,small,False
C100_FRG,17,coronacases_001,coronacases_001,3,1.000001,43,1.92375,medium,False
C100_FRG,17,coronacases_002,coronacases_002,0,1.000001,0,21.384,large,False
C100_FRG,17,coronacases_002,coronacases_002,0,1.000001,1,2.63925,medium,False
C100_FRG,17,coronacases_002,coronacases_002,0,1.000001,2,0.378,small,False
C100_FRG,17,coronacases_002,coronacases_002,0,1.000001,3,28.3365,large,False
C100_FRG,17,coronacases_002,coronacases_002,0,1.000001,4,0.1215,small,False
C100_FRG,17,coronacases_002,coronacases_002,0,1.000001,5,24.084,large,False
C100_FRG,17,coronacases_002,coronacases_002,0,1.000001,6,4.97475,large,False
C100_FRG,17,coronacases_002,coronacases_002,0,1.000001,7,0.76275,medium,False
C100_FRG,17,coronacases_002,coronacases_002,0,1.000001,8,15.47775,large,False
C100_FRG,17,coronacases_002,coronacases_002,0,1.000001,9,0.999,medium,False
C100_FRG,17,coronacases_002,coronacases_002,0,1.000001,10,5.28525,large,False
C100_FRG,17,coronacases_002,coronacases_002,0,1.000001,11,0.3645,small,False
C100_FRG,17,coronacases_002,coronacases_002,0,1.000001,12,0.31725,small,False
C100_FRG,17,coronacases_002,coronacases_002,0,1.000001,13,0.918,medium,False
C100_FRG,17,coronacases_002,coronacases_002,0,1.000001,14,3.699,large,False
C100_FRG,17,coronacases_002,coronacases_002,0,1.000001,15,22.68,large,False
C100_FRG,17,coronacases_002,coronacases_002,0,1.000001,16,0.486,medium,False
C100_FRG,17,coronacases_002,coronacases_002,0,1.000001,17,16.6995,large,False
C100_FRG,17,coronacases_002,coronacases_002,0,1.000001,18,3.3075,large,False
C100_FRG,17,coronacases_002,coronacases_002,0,1.000001,19,0.1215,small,False
C100_FRG,17,coronacases_002,coronacases_002,0,1.000001,20,28.538999999999998,large,False
C100_FRG,17,coronacases_002,coronacases_002,0,1.000001,21,1.86975,medium,False
C100_FRG,17,coronacases_002,coronacases_002,0,1.000001,22,4.32,large,False
C100_FRG,17,coronacases_002,coronacases_002,0,1.000001,23,0.8099999999999999,medium,False
C100_FRG,17,coronacases_002,coronacases_002,0,1.000001,24,1.917,medium,False
C100_FRG,17,coronacases_002,coronacases_002,0,1.000001,25,0.27,small,False
C100_FRG,17,coronacases_003,coronacases_003,3,1.000001,0,499.77,large,False
C100_FRG,17,coronacases_003,coronacases_003,3,1.000001,1,495.7875,large,False
C100_FRG,17,coronacases_003,coronacases_003,3,1.000001,2,6.642,large,False
C100_FRG,17,coronacases_003,coronacases_003,3,1.000001,3,0.47925,medium,False
C100_FRG,17,coronacases_003,coronacases_003,3,1.000001,4,1.8495,medium,False
C100_FRG,17,coronacases_003,coronacases_003,3,1.000001,5,0.11475,small,False
C100_FRG,17,coronacases_003,coronacases_003,3,1.000001,6,0.432,small,False
C100_FRG,17,coronacases_003,coronacases_003,3,1.000001,7,0.29025,small,False
C100_FRG,17,coronacases_003,coronacases_003,3,1.000001,8,0.12825,small,False
C100_FRG,17,coronacases_003,coronacases_003,3,1.000001,9,0.12825,small,False
C100_FRG,17,coronacases_003,coronacases_003,3,1.000001,10,0.20925,small,False
C100_FRG,17,coronacases_003,coronacases_003,3,1.000001,11,2.727,medium,False
C100_FRG,17,coronacases_003,coronacases_003,3,1.000001,12,0.6345,medium,False
C100_FRG,17,coronacases_003,coronacases_003,3,1.000001,13,0.5265,medium,False
C100_FRG,17,coronacases_003,coronacases_003,3,1.000001,14,0.189,small,False
C100_FRG,17,coronacases_003,coronacases_003,3,1.000001,15,0.9855,medium,False
C100_FRG,17,coronacases_003,coronacases_003,3,1.000001,16,0.243,small,False
C100_FRG,17,coronacases_003,coronacases_003,3,1.000001,17,0.47925,medium,False
C100_FRG,17,coronacases_003,coronacases_003,3,1.000001,18,0.16875,small,False
C100_FRG,17,coronacases_003,coronacases_003,3,1.000001,19,0.24975,small,False
C100_FRG,17,coronacases_003,coronacases_003,3,1.000001,20,0.4185,small,False
C100_FRG,17,coronacases_003,coronacases_003,3,1.000001,21,2.35575,medium,False
C100_FRG,17,coronacases_003,coronacases_003,3,1.000001,22,0.297,small,False
C100_FRG,17,coronacases_003,coronacases_003,3,1.000001,23,0.2295,small,False
C100_FRG,17,coronacases_003,coronacases_003,3,1.000001,24,0.2835,small,False
C100_FRG,17,coronacases_003,coronacases_003,3,1.000001,25,0.76275,medium,False
C100_FRG,17,coronacases_003,coronacases_003,3,1.000001,26,0.10124999999999999,small,False
C100_FRG,17,coronacases_003,coronacases_003,3,1.000001,27,1.5255,medium,False
C100_FRG,17,coronacases_003,coronacases_003,3,1.000001,28,2.54475,medium,False
C100_FRG,17,coronacases_003,coronacases_003,3,1.000001,29,0.945,medium,False
C100_FRG,17,coronacases_003,coronacases_003,3,1.000001,30,0.3375,small,False
C100_FRG,17,coronacases_003,coronacases_003,3,1.000001,31,2.7675,medium,False
C100_FRG,17,coronacases_003,coronacases_003,3,1.000001,32,7.66125,large,False
C100_FRG,17,coronacases_003,coronacases_003,3,1.000001,33,2.862,large,False
C100_FRG,17,coronacases_003,coronacases_003,3,1.000001,34,1.674,medium,False
C100_FRG,17,coronacases_003,coronacases_003,3,1.000001,35,0.189,small,False
C100_FRG,17,coronacases_005,coronacases_005,0,1.000001,0,79.353,large,False
C100_FRG,17,coronacases_005,coronacases_005,0,1.000001,1,2.51775,medium,False
C100_FRG,17,coronacases_006,coronacases_006,2,1.000001,0,129.60675,large,False
C100_FRG,17,coronacases_007,coronacases_007,2,1.000001,0,0.1485,small,False
C100_FRG,17,coronacases_007,coronacases_007,2,1.000001,1,64.3275,large,False
C100_FRG,17,coronacases_007,coronacases_007,2,1.000001,2,0.42525,small,False
C100_FRG,17,coronacases_007,coronacases_007,2,1.000001,3,0.43875,small,False
C100_FRG,17,coronacases_007,coronacases_007,2,1.000001,4,23.598,large,False
C100_FRG,17,coronacases_007,coronacases_007,2,1.000001,5,1.53225,medium,False
C100_FRG,17,coronacases_007,coronacases_007,2,1.000001,6,0.7965,medium,False
C100_FRG,17,coronacases_009,coronacases_009,3,1.000001,0,1.1475,medium,False
C100_FRG,17,coronacases_009,coronacases_009,3,1.000001,1,0.41175,small,False
C100_FRG,17,coronacases_009,coronacases_009,3,1.000001,2,0.135,small,False
C100_FRG,17,coronacases_009,coronacases_009,3,1.000001,3,73.764,large,False
C100_FRG,17,coronacases_009,coronacases_009,3,1.000001,4,0.64125,medium,False
C100_FRG,17,coronacases_009,coronacases_009,3,1.000001,5,0.6345,medium,False
C100_FRG,17,coronacases_009,coronacases_009,3,1.000001,6,0.162,small,False
C100_FRG,17,coronacases_009,coronacases_009,3,1.000001,7,27.54,large,False
C100_FRG,17,coronacases_010,coronacases_010,1,1.000001,0,211.33575,large,False
C100_FRG,17,coronacases_010,coronacases_010,1,1.000001,1,187.0695,large,False
C100_FRG,17,coronacases_010,coronacases_010,1,1.000001,2,2.03175,medium,False
C100_FRG,17,coronacases_010,coronacases_010,1,1.000001,3,0.62775,medium,False
C100_FRG,17,coronacases_010,coronacases_010,1,1.000001,4,0.45225,small,False
C100_FRG,17,coronacases_010,coronacases_010,1,1.000001,5,0.77625,medium,False
C100_FRG,17,radiopaedia_10_85902_1,radiopaedia_case_10,1,1.000001,0,158.976,large,False
C100_FRG,17,radiopaedia_10_85902_1,radiopaedia_case_10,1,1.000001,1,1.3094999999999999,medium,False
C100_FRG,17,radiopaedia_10_85902_3,radiopaedia_case_10,1,1.000001,0,262.51425,large,False
C100_FRG,17,radiopaedia_10_85902_3,radiopaedia_case_10,1,1.000001,1,1.77525,medium,False
C100_FRG,17,radiopaedia_29_86490_1,radiopaedia_case_29,0,1.000001,0,0.324,small,False
C100_FRG,17,radiopaedia_29_86490_1,radiopaedia_case_29,0,1.000001,1,0.1755,small,False
C100_FRG,17,radiopaedia_29_86491_1,radiopaedia_case_29,0,1.000001,0,14.013,large,False
C100_FRG,17,radiopaedia_29_86491_1,radiopaedia_case_29,0,1.000001,1,36.2475,large,False
C100_FRG,17,radiopaedia_29_86491_1,radiopaedia_case_29,0,1.000001,2,0.4995,medium,False
C100_FRG,17,radiopaedia_36_86526_0,radiopaedia_case_36,2,1.000001,0,3.726,large,False
C100_FRG,17,radiopaedia_36_86526_0,radiopaedia_case_36,2,1.000001,1,3.96225,large,False
C100_FRG,17,radiopaedia_36_86526_0,radiopaedia_case_36,2,1.000001,2,4.617,large,False
C100_FRG,17,radiopaedia_36_86526_0,radiopaedia_case_36,2,1.000001,3,1.026,medium,False
C100_FRG,17,radiopaedia_36_86526_0,radiopaedia_case_36,2,1.000001,4,5.832,large,False
C100_FRG,17,radiopaedia_36_86526_0,radiopaedia_case_36,2,1.000001,5,0.4185,small,False
C100_FRG,17,radiopaedia_36_86526_0,radiopaedia_case_36,2,1.000001,6,2.6595,medium,False
C100_FRG,17,radiopaedia_36_86526_0,radiopaedia_case_36,2,1.000001,7,0.972,medium,False
C100_FRG,17,radiopaedia_36_86526_0,radiopaedia_case_36,2,1.000001,8,2.187,medium,False
C100_FRG,17,radiopaedia_36_86526_0,radiopaedia_case_36,2,1.000001,9,6.1695,large,False
C100_FRG,17,radiopaedia_36_86526_0,radiopaedia_case_36,2,1.000001,10,1.593,medium,False
C100_FRG,17,radiopaedia_36_86526_0,radiopaedia_case_36,2,1.000001,11,4.7115,large,False
C100_FRG,17,radiopaedia_36_86526_0,radiopaedia_case_36,2,1.000001,12,0.4725,small,False
C100_FRG,17,radiopaedia_36_86526_0,radiopaedia_case_36,2,1.000001,13,9.504,large,False
C100_FRG,17,radiopaedia_36_86526_0,radiopaedia_case_36,2,1.000001,14,3.564,large,False
C100_FRG,17,radiopaedia_36_86526_0,radiopaedia_case_36,2,1.000001,15,8.829,large,False
C100_FRG,17,radiopaedia_36_86526_0,radiopaedia_case_36,2,1.000001,16,35.802,large,False
C100_FRG,17,radiopaedia_36_86526_0,radiopaedia_case_36,2,1.000001,17,10.0035,large,False
C100_FRG,17,radiopaedia_36_86526_0,radiopaedia_case_36,2,1.000001,18,0.675,medium,False
C100_FRG,17,radiopaedia_36_86526_0,radiopaedia_case_36,2,1.000001,19,27.1755,large,False
C100_FRG,17,radiopaedia_36_86526_0,radiopaedia_case_36,2,1.000001,20,7.587,large,False
C100_FRG,17,radiopaedia_36_86526_0,radiopaedia_case_36,2,1.000001,21,8.856,large,False
C100_FRG,17,radiopaedia_36_86526_0,radiopaedia_case_36,2,1.000001,22,4.0635,large,False
C100_FRG,17,radiopaedia_36_86526_0,radiopaedia_case_36,2,1.000001,23,0.675,medium,False
C100_FRG,17,radiopaedia_36_86526_0,radiopaedia_case_36,2,1.000001,24,12.3525,large,False
C100_FRG,17,radiopaedia_36_86526_0,radiopaedia_case_36,2,1.000001,25,1.6335,medium,False
C100_FRG,17,radiopaedia_36_86526_0,radiopaedia_case_36,2,1.000001,26,0.702,medium,False
C100_FRG,17,radiopaedia_36_86526_0,radiopaedia_case_36,2,1.000001,27,11.232,large,False
C100_FRG,17,radiopaedia_36_86526_0,radiopaedia_case_36,2,1.000001,28,0.4725,small,False
C100_FRG,17,radiopaedia_36_86526_0,radiopaedia_case_36,2,1.000001,29,4.806,large,False
C100_FRG,17,radiopaedia_36_86526_0,radiopaedia_case_36,2,1.000001,30,0.1485,small,False
C100_FRG,17,radiopaedia_40_86625_0,radiopaedia_case_40,3,1.000001,0,1371.2962499999999,large,False
C100_FRG,17,radiopaedia_40_86625_0,radiopaedia_case_40,3,1.000001,1,1492.6612499999999,large,False
C100_FRG,17,radiopaedia_40_86625_0,radiopaedia_case_40,3,1.000001,2,9.207,large,False
C100_FRG,17,radiopaedia_40_86625_0,radiopaedia_case_40,3,1.000001,3,0.64125,medium,False
C100_FRG,17,radiopaedia_40_86625_0,radiopaedia_case_40,3,1.000001,4,0.35775,small,False
C100_FRG,17,radiopaedia_40_86625_0,radiopaedia_case_40,3,1.000001,5,0.22275,small,False
C100_FRG,17,radiopaedia_40_86625_0,radiopaedia_case_40,3,1.000001,6,0.108,small,False
C100_FRG,17,radiopaedia_40_86625_0,radiopaedia_case_40,3,1.000001,7,0.5535,medium,False
C100_FRG,17,radiopaedia_40_86625_0,radiopaedia_case_40,3,1.000001,8,3.23325,large,False
C100_FRG,17,radiopaedia_4_85506_1,radiopaedia_case_4,1,1.000001,0,464.71049999999997,large,False
C100_FRG,17,radiopaedia_4_85506_1,radiopaedia_case_4,1,1.000001,1,606.9195,large,False
C100_FRG,17,radiopaedia_4_85506_1,radiopaedia_case_4,1,1.000001,2,20.2635,large,False
C100_FRG,17,radiopaedia_4_85506_1,radiopaedia_case_4,1,1.000001,3,0.135,small,False
C100_FRG,17,radiopaedia_4_85506_1,radiopaedia_case_4,1,1.000001,4,0.5805,medium,False
C100_FRG,17,radiopaedia_4_85506_1,radiopaedia_case_4,1,1.000001,5,6.8985,large,False
C100_FRG,17,radiopaedia_4_85506_1,radiopaedia_case_4,1,1.000001,6,1.3094999999999999,medium,False
C100_FRG,17,radiopaedia_4_85506_1,radiopaedia_case_4,1,1.000001,7,2.6325,medium,False
C100_FRG,17,radiopaedia_4_85506_1,radiopaedia_case_4,1,1.000001,8,0.4455,small,False
C100_FRG,17,radiopaedia_4_85506_1,radiopaedia_case_4,1,1.000001,9,0.2565,small,False
C100_FRG,17,radiopaedia_4_85506_1,radiopaedia_case_4,1,1.000001,10,0.2835,small,False
C100_FRG,17,radiopaedia_4_85506_1,radiopaedia_case_4,1,1.000001,11,1.9575,medium,False
C100_FRG,17,radiopaedia_4_85506_1,radiopaedia_case_4,1,1.000001,12,4.671,large,False
C100_FRG,17,radiopaedia_4_85506_1,radiopaedia_case_4,1,1.000001,13,1.9845,medium,False
C100_FRG,17,radiopaedia_4_85506_1,radiopaedia_case_4,1,1.000001,14,8.046,large,False
C100_FRG,17,radiopaedia_4_85506_1,radiopaedia_case_4,1,1.000001,15,0.567,medium,False
C100_FRG,17,radiopaedia_4_85506_1,radiopaedia_case_4,1,1.000001,16,6.8985,large,False
C100_FRG,17,radiopaedia_4_85506_1,radiopaedia_case_4,1,1.000001,17,0.378,small,False
C100_FRG,17,radiopaedia_4_85506_1,radiopaedia_case_4,1,1.000001,18,0.7965,medium,False
C100_FRG,17,radiopaedia_4_85506_1,radiopaedia_case_4,1,1.000001,19,25.7985,large,False
C100_FRG,17,radiopaedia_4_85506_1,radiopaedia_case_4,1,1.000001,20,0.162,small,False
C100_FRG,17,radiopaedia_4_85506_1,radiopaedia_case_4,1,1.000001,21,0.8099999999999999,medium,False
C100_FRG,17,radiopaedia_4_85506_1,radiopaedia_case_4,1,1.000001,22,1.0395,medium,False
C100_FRG,17,radiopaedia_4_85506_1,radiopaedia_case_4,1,1.000001,23,1.161,medium,False
C100_FRG,17,radiopaedia_4_85506_1,radiopaedia_case_4,1,1.000001,24,0.8099999999999999,medium,False
C100_FRG,17,radiopaedia_4_85506_1,radiopaedia_case_4,1,1.000001,25,0.567,medium,False
C100_FRG,17,radiopaedia_4_85506_1,radiopaedia_case_4,1,1.000001,26,1.2015,medium,False
C100_FRG,17,radiopaedia_4_85506_1,radiopaedia_case_4,1,1.000001,27,0.4455,small,False
C100_FRG,17,radiopaedia_4_85506_1,radiopaedia_case_4,1,1.000001,28,2.6055,medium,False
C100_FRG,17,radiopaedia_7_85703_0,radiopaedia_case_7,2,1.000001,0,810.1485,large,False
C100_FRG,17,radiopaedia_7_85703_0,radiopaedia_case_7,2,1.000001,1,258.255,large,False
C100_FRG,17,radiopaedia_7_85703_0,radiopaedia_case_7,2,1.000001,2,0.7965,medium,False
C100_FRG,17,radiopaedia_7_85703_0,radiopaedia_case_7,2,1.000001,3,2.268,medium,False
C100_FRG,29,coronacases_001,coronacases_001,3,1.000001,0,88.66125,large,False
C100_FRG,29,coronacases_001,coronacases_001,3,1.000001,1,191.09924999999998,large,False
C100_FRG,29,coronacases_001,coronacases_001,3,1.000001,2,0.38475,small,False
C100_FRG,29,coronacases_001,coronacases_001,3,1.000001,3,0.69525,medium,False
C100_FRG,29,coronacases_001,coronacases_001,3,1.000001,4,12.84525,large,False
C100_FRG,29,coronacases_001,coronacases_001,3,1.000001,5,0.20925,small,False
C100_FRG,29,coronacases_001,coronacases_001,3,1.000001,6,0.108,small,False
C100_FRG,29,coronacases_001,coronacases_001,3,1.000001,7,19.1565,large,False
C100_FRG,29,coronacases_001,coronacases_001,3,1.000001,8,0.1215,small,False
C100_FRG,29,coronacases_001,coronacases_001,3,1.000001,9,0.41175,small,False
C100_FRG,29,coronacases_001,coronacases_001,3,1.000001,10,0.45225,small,False
C100_FRG,29,coronacases_001,coronacases_001,3,1.000001,11,1.19475,medium,False
C100_FRG,29,coronacases_001,coronacases_001,3,1.000001,12,0.33075,small,False
C100_FRG,29,coronacases_001,coronacases_001,3,1.000001,13,0.16875,small,False
C100_FRG,29,coronacases_001,coronacases_001,3,1.000001,14,0.2565,small,False
C100_FRG,29,coronacases_001,coronacases_001,3,1.000001,15,0.43875,small,False
C100_FRG,29,coronacases_001,coronacases_001,3,1.000001,16,0.918,medium,False
C100_FRG,29,coronacases_001,coronacases_001,3,1.000001,17,6.3382499999999995,large,False
C100_FRG,29,coronacases_001,coronacases_001,3,1.000001,18,1.32975,medium,False
C100_FRG,29,coronacases_001,coronacases_001,3,1.000001,19,0.14175,small,False
C100_FRG,29,coronacases_001,coronacases_001,3,1.000001,20,0.27675,small,False
C100_FRG,29,coronacases_001,coronacases_001,3,1.000001,21,0.14175,small,False
C100_FRG,29,coronacases_001,coronacases_001,3,1.000001,22,0.162,small,False
C100_FRG,29,coronacases_001,coronacases_001,3,1.000001,23,31.104,large,False
C100_FRG,29,coronacases_001,coronacases_001,3,1.000001,24,5.1907499999999995,large,False
C100_FRG,29,coronacases_001,coronacases_001,3,1.000001,25,0.135,small,False
C100_FRG,29,coronacases_001,coronacases_001,3,1.000001,26,5.50125,large,False
C100_FRG,29,coronacases_001,coronacases_001,3,1.000001,27,34.425,large,False
C100_FRG,29,coronacases_001,coronacases_001,3,1.000001,28,0.2565,small,False
C100_FRG,29,coronacases_001,coronacases_001,3,1.000001,29,0.3105,small,False
C100_FRG,29,coronacases_001,coronacases_001,3,1.000001,30,0.10124999999999999,small,False
C100_FRG,29,coronacases_001,coronacases_001,3,1.000001,31,0.108,small,False
C100_FRG,29,coronacases_001,coronacases_001,3,1.000001,32,0.135,small,False
C100_FRG,29,coronacases_001,coronacases_001,3,1.000001,33,0.11475,small,False
C100_FRG,29,coronacases_001,coronacases_001,3,1.000001,34,2.55825,medium,False
C100_FRG,29,coronacases_001,coronacases_001,3,1.000001,35,0.3645,small,False
C100_FRG,29,coronacases_001,coronacases_001,3,1.000001,36,7.344,large,False
C100_FRG,29,coronacases_001,coronacases_001,3,1.000001,37,1.755,medium,False
C100_FRG,29,coronacases_001,coronacases_001,3,1.000001,38,0.1485,small,False
C100_FRG,29,coronacases_001,coronacases_001,3,1.000001,39,2.3625,medium,False
C100_FRG,29,coronacases_001,coronacases_001,3,1.000001,40,0.41175,small,False
C100_FRG,29,coronacases_001,coronacases_001,3,1.000001,41,0.26325,small,False
C100_FRG,29,coronacases_001,coronacases_001,3,1.000001,42,0.19575,small,False
C100_FRG,29,coronacases_001,coronacases_001,3,1.000001,43,1.92375,medium,False
C100_FRG,29,coronacases_002,coronacases_002,0,1.000001,0,21.384,large,False
C100_FRG,29,coronacases_002,coronacases_002,0,1.000001,1,2.63925,medium,False
C100_FRG,29,coronacases_002,coronacases_002,0,1.000001,2,0.378,small,False
C100_FRG,29,coronacases_002,coronacases_002,0,1.000001,3,28.3365,large,False
C100_FRG,29,coronacases_002,coronacases_002,0,1.000001,4,0.1215,small,False
C100_FRG,29,coronacases_002,coronacases_002,0,1.000001,5,24.084,large,False
C100_FRG,29,coronacases_002,coronacases_002,0,1.000001,6,4.97475,large,False
C100_FRG,29,coronacases_002,coronacases_002,0,1.000001,7,0.76275,medium,False
C100_FRG,29,coronacases_002,coronacases_002,0,1.000001,8,15.47775,large,False
C100_FRG,29,coronacases_002,coronacases_002,0,1.000001,9,0.999,medium,False
C100_FRG,29,coronacases_002,coronacases_002,0,1.000001,10,5.28525,large,False
C100_FRG,29,coronacases_002,coronacases_002,0,1.000001,11,0.3645,small,False
C100_FRG,29,coronacases_002,coronacases_002,0,1.000001,12,0.31725,small,False
C100_FRG,29,coronacases_002,coronacases_002,0,1.000001,13,0.918,medium,False
C100_FRG,29,coronacases_002,coronacases_002,0,1.000001,14,3.699,large,False
C100_FRG,29,coronacases_002,coronacases_002,0,1.000001,15,22.68,large,False
C100_FRG,29,coronacases_002,coronacases_002,0,1.000001,16,0.486,medium,False
C100_FRG,29,coronacases_002,coronacases_002,0,1.000001,17,16.6995,large,False
C100_FRG,29,coronacases_002,coronacases_002,0,1.000001,18,3.3075,large,False
C100_FRG,29,coronacases_002,coronacases_002,0,1.000001,19,0.1215,small,False
C100_FRG,29,coronacases_002,coronacases_002,0,1.000001,20,28.538999999999998,large,False
C100_FRG,29,coronacases_002,coronacases_002,0,1.000001,21,1.86975,medium,False
C100_FRG,29,coronacases_002,coronacases_002,0,1.000001,22,4.32,large,False
C100_FRG,29,coronacases_002,coronacases_002,0,1.000001,23,0.8099999999999999,medium,False
C100_FRG,29,coronacases_002,coronacases_002,0,1.000001,24,1.917,medium,False
C100_FRG,29,coronacases_002,coronacases_002,0,1.000001,25,0.27,small,False
C100_FRG,29,coronacases_003,coronacases_003,3,1.000001,0,499.77,large,False
C100_FRG,29,coronacases_003,coronacases_003,3,1.000001,1,495.7875,large,False
C100_FRG,29,coronacases_003,coronacases_003,3,1.000001,2,6.642,large,False
C100_FRG,29,coronacases_003,coronacases_003,3,1.000001,3,0.47925,medium,False
C100_FRG,29,coronacases_003,coronacases_003,3,1.000001,4,1.8495,medium,False
C100_FRG,29,coronacases_003,coronacases_003,3,1.000001,5,0.11475,small,False
C100_FRG,29,coronacases_003,coronacases_003,3,1.000001,6,0.432,small,False
C100_FRG,29,coronacases_003,coronacases_003,3,1.000001,7,0.29025,small,False
C100_FRG,29,coronacases_003,coronacases_003,3,1.000001,8,0.12825,small,False
C100_FRG,29,coronacases_003,coronacases_003,3,1.000001,9,0.12825,small,False
C100_FRG,29,coronacases_003,coronacases_003,3,1.000001,10,0.20925,small,False
C100_FRG,29,coronacases_003,coronacases_003,3,1.000001,11,2.727,medium,False
C100_FRG,29,coronacases_003,coronacases_003,3,1.000001,12,0.6345,medium,False
C100_FRG,29,coronacases_003,coronacases_003,3,1.000001,13,0.5265,medium,False
C100_FRG,29,coronacases_003,coronacases_003,3,1.000001,14,0.189,small,False
C100_FRG,29,coronacases_003,coronacases_003,3,1.000001,15,0.9855,medium,False
C100_FRG,29,coronacases_003,coronacases_003,3,1.000001,16,0.243,small,False
C100_FRG,29,coronacases_003,coronacases_003,3,1.000001,17,0.47925,medium,False
C100_FRG,29,coronacases_003,coronacases_003,3,1.000001,18,0.16875,small,False
C100_FRG,29,coronacases_003,coronacases_003,3,1.000001,19,0.24975,small,False
C100_FRG,29,coronacases_003,coronacases_003,3,1.000001,20,0.4185,small,False
C100_FRG,29,coronacases_003,coronacases_003,3,1.000001,21,2.35575,medium,False
C100_FRG,29,coronacases_003,coronacases_003,3,1.000001,22,0.297,small,False
C100_FRG,29,coronacases_003,coronacases_003,3,1.000001,23,0.2295,small,False
C100_FRG,29,coronacases_003,coronacases_003,3,1.000001,24,0.2835,small,False
C100_FRG,29,coronacases_003,coronacases_003,3,1.000001,25,0.76275,medium,False
C100_FRG,29,coronacases_003,coronacases_003,3,1.000001,26,0.10124999999999999,small,False
C100_FRG,29,coronacases_003,coronacases_003,3,1.000001,27,1.5255,medium,False
C100_FRG,29,coronacases_003,coronacases_003,3,1.000001,28,2.54475,medium,False
C100_FRG,29,coronacases_003,coronacases_003,3,1.000001,29,0.945,medium,False
C100_FRG,29,coronacases_003,coronacases_003,3,1.000001,30,0.3375,small,False
C100_FRG,29,coronacases_003,coronacases_003,3,1.000001,31,2.7675,medium,False
C100_FRG,29,coronacases_003,coronacases_003,3,1.000001,32,7.66125,large,False
C100_FRG,29,coronacases_003,coronacases_003,3,1.000001,33,2.862,large,False
C100_FRG,29,coronacases_003,coronacases_003,3,1.000001,34,1.674,medium,False
C100_FRG,29,coronacases_003,coronacases_003,3,1.000001,35,0.189,small,False
C100_FRG,29,coronacases_005,coronacases_005,0,1.000001,0,79.353,large,False
C100_FRG,29,coronacases_005,coronacases_005,0,1.000001,1,2.51775,medium,False
C100_FRG,29,coronacases_006,coronacases_006,2,1.000001,0,129.60675,large,False
C100_FRG,29,coronacases_007,coronacases_007,2,1.000001,0,0.1485,small,False
C100_FRG,29,coronacases_007,coronacases_007,2,1.000001,1,64.3275,large,False
C100_FRG,29,coronacases_007,coronacases_007,2,1.000001,2,0.42525,small,False
C100_FRG,29,coronacases_007,coronacases_007,2,1.000001,3,0.43875,small,False
C100_FRG,29,coronacases_007,coronacases_007,2,1.000001,4,23.598,large,False
C100_FRG,29,coronacases_007,coronacases_007,2,1.000001,5,1.53225,medium,False
C100_FRG,29,coronacases_007,coronacases_007,2,1.000001,6,0.7965,medium,False
C100_FRG,29,coronacases_009,coronacases_009,3,1.000001,0,1.1475,medium,False
C100_FRG,29,coronacases_009,coronacases_009,3,1.000001,1,0.41175,small,False
C100_FRG,29,coronacases_009,coronacases_009,3,1.000001,2,0.135,small,False
C100_FRG,29,coronacases_009,coronacases_009,3,1.000001,3,73.764,large,False
C100_FRG,29,coronacases_009,coronacases_009,3,1.000001,4,0.64125,medium,False
C100_FRG,29,coronacases_009,coronacases_009,3,1.000001,5,0.6345,medium,False
C100_FRG,29,coronacases_009,coronacases_009,3,1.000001,6,0.162,small,False
C100_FRG,29,coronacases_009,coronacases_009,3,1.000001,7,27.54,large,False
C100_FRG,29,coronacases_010,coronacases_010,1,1.000001,0,211.33575,large,False
C100_FRG,29,coronacases_010,coronacases_010,1,1.000001,1,187.0695,large,False
C100_FRG,29,coronacases_010,coronacases_010,1,1.000001,2,2.03175,medium,False
C100_FRG,29,coronacases_010,coronacases_010,1,1.000001,3,0.62775,medium,False
C100_FRG,29,coronacases_010,coronacases_010,1,1.000001,4,0.45225,small,False
C100_FRG,29,coronacases_010,coronacases_010,1,1.000001,5,0.77625,medium,False
C100_FRG,29,radiopaedia_10_85902_1,radiopaedia_case_10,1,1.000001,0,158.976,large,False
C100_FRG,29,radiopaedia_10_85902_1,radiopaedia_case_10,1,1.000001,1,1.3094999999999999,medium,False
C100_FRG,29,radiopaedia_10_85902_3,radiopaedia_case_10,1,1.000001,0,262.51425,large,False
C100_FRG,29,radiopaedia_10_85902_3,radiopaedia_case_10,1,1.000001,1,1.77525,medium,False
C100_FRG,29,radiopaedia_29_86490_1,radiopaedia_case_29,0,1.000001,0,0.324,small,False
C100_FRG,29,radiopaedia_29_86490_1,radiopaedia_case_29,0,1.000001,1,0.1755,small,False
C100_FRG,29,radiopaedia_29_86491_1,radiopaedia_case_29,0,1.000001,0,14.013,large,False
C100_FRG,29,radiopaedia_29_86491_1,radiopaedia_case_29,0,1.000001,1,36.2475,large,False
C100_FRG,29,radiopaedia_29_86491_1,radiopaedia_case_29,0,1.000001,2,0.4995,medium,False
C100_FRG,29,radiopaedia_36_86526_0,radiopaedia_case_36,2,1.000001,0,3.726,large,False
C100_FRG,29,radiopaedia_36_86526_0,radiopaedia_case_36,2,1.000001,1,3.96225,large,False
C100_FRG,29,radiopaedia_36_86526_0,radiopaedia_case_36,2,1.000001,2,4.617,large,False
C100_FRG,29,radiopaedia_36_86526_0,radiopaedia_case_36,2,1.000001,3,1.026,medium,False
C100_FRG,29,radiopaedia_36_86526_0,radiopaedia_case_36,2,1.000001,4,5.832,large,False
C100_FRG,29,radiopaedia_36_86526_0,radiopaedia_case_36,2,1.000001,5,0.4185,small,False
C100_FRG,29,radiopaedia_36_86526_0,radiopaedia_case_36,2,1.000001,6,2.6595,medium,False
C100_FRG,29,radiopaedia_36_86526_0,radiopaedia_case_36,2,1.000001,7,0.972,medium,False
C100_FRG,29,radiopaedia_36_86526_0,radiopaedia_case_36,2,1.000001,8,2.187,medium,False
C100_FRG,29,radiopaedia_36_86526_0,radiopaedia_case_36,2,1.000001,9,6.1695,large,False
C100_FRG,29,radiopaedia_36_86526_0,radiopaedia_case_36,2,1.000001,10,1.593,medium,False
C100_FRG,29,radiopaedia_36_86526_0,radiopaedia_case_36,2,1.000001,11,4.7115,large,False
C100_FRG,29,radiopaedia_36_86526_0,radiopaedia_case_36,2,1.000001,12,0.4725,small,False
C100_FRG,29,radiopaedia_36_86526_0,radiopaedia_case_36,2,1.000001,13,9.504,large,False
C100_FRG,29,radiopaedia_36_86526_0,radiopaedia_case_36,2,1.000001,14,3.564,large,False
C100_FRG,29,radiopaedia_36_86526_0,radiopaedia_case_36,2,1.000001,15,8.829,large,False
C100_FRG,29,radiopaedia_36_86526_0,radiopaedia_case_36,2,1.000001,16,35.802,large,False
C100_FRG,29,radiopaedia_36_86526_0,radiopaedia_case_36,2,1.000001,17,10.0035,large,False
C100_FRG,29,radiopaedia_36_86526_0,radiopaedia_case_36,2,1.000001,18,0.675,medium,False
C100_FRG,29,radiopaedia_36_86526_0,radiopaedia_case_36,2,1.000001,19,27.1755,large,False
C100_FRG,29,radiopaedia_36_86526_0,radiopaedia_case_36,2,1.000001,20,7.587,large,False
C100_FRG,29,radiopaedia_36_86526_0,radiopaedia_case_36,2,1.000001,21,8.856,large,False
C100_FRG,29,radiopaedia_36_86526_0,radiopaedia_case_36,2,1.000001,22,4.0635,large,False
C100_FRG,29,radiopaedia_36_86526_0,radiopaedia_case_36,2,1.000001,23,0.675,medium,False
C100_FRG,29,radiopaedia_36_86526_0,radiopaedia_case_36,2,1.000001,24,12.3525,large,False
C100_FRG,29,radiopaedia_36_86526_0,radiopaedia_case_36,2,1.000001,25,1.6335,medium,False
C100_FRG,29,radiopaedia_36_86526_0,radiopaedia_case_36,2,1.000001,26,0.702,medium,False
C100_FRG,29,radiopaedia_36_86526_0,radiopaedia_case_36,2,1.000001,27,11.232,large,False
C100_FRG,29,radiopaedia_36_86526_0,radiopaedia_case_36,2,1.000001,28,0.4725,small,False
C100_FRG,29,radiopaedia_36_86526_0,radiopaedia_case_36,2,1.000001,29,4.806,large,False
C100_FRG,29,radiopaedia_36_86526_0,radiopaedia_case_36,2,1.000001,30,0.1485,small,False
C100_FRG,29,radiopaedia_40_86625_0,radiopaedia_case_40,3,1.000001,0,1371.2962499999999,large,False
C100_FRG,29,radiopaedia_40_86625_0,radiopaedia_case_40,3,1.000001,1,1492.6612499999999,large,False
C100_FRG,29,radiopaedia_40_86625_0,radiopaedia_case_40,3,1.000001,2,9.207,large,False
C100_FRG,29,radiopaedia_40_86625_0,radiopaedia_case_40,3,1.000001,3,0.64125,medium,False
C100_FRG,29,radiopaedia_40_86625_0,radiopaedia_case_40,3,1.000001,4,0.35775,small,False
C100_FRG,29,radiopaedia_40_86625_0,radiopaedia_case_40,3,1.000001,5,0.22275,small,False
C100_FRG,29,radiopaedia_40_86625_0,radiopaedia_case_40,3,1.000001,6,0.108,small,False
C100_FRG,29,radiopaedia_40_86625_0,radiopaedia_case_40,3,1.000001,7,0.5535,medium,False
C100_FRG,29,radiopaedia_40_86625_0,radiopaedia_case_40,3,1.000001,8,3.23325,large,False
C100_FRG,29,radiopaedia_4_85506_1,radiopaedia_case_4,1,1.000001,0,464.71049999999997,large,False
C100_FRG,29,radiopaedia_4_85506_1,radiopaedia_case_4,1,1.000001,1,606.9195,large,False
C100_FRG,29,radiopaedia_4_85506_1,radiopaedia_case_4,1,1.000001,2,20.2635,large,False
C100_FRG,29,radiopaedia_4_85506_1,radiopaedia_case_4,1,1.000001,3,0.135,small,False
C100_FRG,29,radiopaedia_4_85506_1,radiopaedia_case_4,1,1.000001,4,0.5805,medium,False
C100_FRG,29,radiopaedia_4_85506_1,radiopaedia_case_4,1,1.000001,5,6.8985,large,False
C100_FRG,29,radiopaedia_4_85506_1,radiopaedia_case_4,1,1.000001,6,1.3094999999999999,medium,False
C100_FRG,29,radiopaedia_4_85506_1,radiopaedia_case_4,1,1.000001,7,2.6325,medium,False
C100_FRG,29,radiopaedia_4_85506_1,radiopaedia_case_4,1,1.000001,8,0.4455,small,False
C100_FRG,29,radiopaedia_4_85506_1,radiopaedia_case_4,1,1.000001,9,0.2565,small,False
C100_FRG,29,radiopaedia_4_85506_1,radiopaedia_case_4,1,1.000001,10,0.2835,small,False
C100_FRG,29,radiopaedia_4_85506_1,radiopaedia_case_4,1,1.000001,11,1.9575,medium,False
C100_FRG,29,radiopaedia_4_85506_1,radiopaedia_case_4,1,1.000001,12,4.671,large,False
C100_FRG,29,radiopaedia_4_85506_1,radiopaedia_case_4,1,1.000001,13,1.9845,medium,False
C100_FRG,29,radiopaedia_4_85506_1,radiopaedia_case_4,1,1.000001,14,8.046,large,False
C100_FRG,29,radiopaedia_4_85506_1,radiopaedia_case_4,1,1.000001,15,0.567,medium,False
C100_FRG,29,radiopaedia_4_85506_1,radiopaedia_case_4,1,1.000001,16,6.8985,large,False
C100_FRG,29,radiopaedia_4_85506_1,radiopaedia_case_4,1,1.000001,17,0.378,small,False
C100_FRG,29,radiopaedia_4_85506_1,radiopaedia_case_4,1,1.000001,18,0.7965,medium,False
C100_FRG,29,radiopaedia_4_85506_1,radiopaedia_case_4,1,1.000001,19,25.7985,large,False
C100_FRG,29,radiopaedia_4_85506_1,radiopaedia_case_4,1,1.000001,20,0.162,small,False
C100_FRG,29,radiopaedia_4_85506_1,radiopaedia_case_4,1,1.000001,21,0.8099999999999999,medium,False
C100_FRG,29,radiopaedia_4_85506_1,radiopaedia_case_4,1,1.000001,22,1.0395,medium,False
C100_FRG,29,radiopaedia_4_85506_1,radiopaedia_case_4,1,1.000001,23,1.161,medium,False
C100_FRG,29,radiopaedia_4_85506_1,radiopaedia_case_4,1,1.000001,24,0.8099999999999999,medium,False
C100_FRG,29,radiopaedia_4_85506_1,radiopaedia_case_4,1,1.000001,25,0.567,medium,False
C100_FRG,29,radiopaedia_4_85506_1,radiopaedia_case_4,1,1.000001,26,1.2015,medium,False
C100_FRG,29,radiopaedia_4_85506_1,radiopaedia_case_4,1,1.000001,27,0.4455,small,False
C100_FRG,29,radiopaedia_4_85506_1,radiopaedia_case_4,1,1.000001,28,2.6055,medium,False
C100_FRG,29,radiopaedia_7_85703_0,radiopaedia_case_7,2,1.000001,0,810.1485,large,False
C100_FRG,29,radiopaedia_7_85703_0,radiopaedia_case_7,2,1.000001,1,258.255,large,False
C100_FRG,29,radiopaedia_7_85703_0,radiopaedia_case_7,2,1.000001,2,0.7965,medium,False
C100_FRG,29,radiopaedia_7_85703_0,radiopaedia_case_7,2,1.000001,3,2.268,medium,False
C100_FRG,43,coronacases_001,coronacases_001,3,1.000001,0,88.66125,large,False
C100_FRG,43,coronacases_001,coronacases_001,3,1.000001,1,191.09924999999998,large,False
C100_FRG,43,coronacases_001,coronacases_001,3,1.000001,2,0.38475,small,False
C100_FRG,43,coronacases_001,coronacases_001,3,1.000001,3,0.69525,medium,False
C100_FRG,43,coronacases_001,coronacases_001,3,1.000001,4,12.84525,large,False
C100_FRG,43,coronacases_001,coronacases_001,3,1.000001,5,0.20925,small,False
C100_FRG,43,coronacases_001,coronacases_001,3,1.000001,6,0.108,small,False
C100_FRG,43,coronacases_001,coronacases_001,3,1.000001,7,19.1565,large,False
C100_FRG,43,coronacases_001,coronacases_001,3,1.000001,8,0.1215,small,False
C100_FRG,43,coronacases_001,coronacases_001,3,1.000001,9,0.41175,small,False
C100_FRG,43,coronacases_001,coronacases_001,3,1.000001,10,0.45225,small,False
C100_FRG,43,coronacases_001,coronacases_001,3,1.000001,11,1.19475,medium,False
C100_FRG,43,coronacases_001,coronacases_001,3,1.000001,12,0.33075,small,False
C100_FRG,43,coronacases_001,coronacases_001,3,1.000001,13,0.16875,small,False
C100_FRG,43,coronacases_001,coronacases_001,3,1.000001,14,0.2565,small,False
C100_FRG,43,coronacases_001,coronacases_001,3,1.000001,15,0.43875,small,False
C100_FRG,43,coronacases_001,coronacases_001,3,1.000001,16,0.918,medium,False
C100_FRG,43,coronacases_001,coronacases_001,3,1.000001,17,6.3382499999999995,large,False
C100_FRG,43,coronacases_001,coronacases_001,3,1.000001,18,1.32975,medium,False
C100_FRG,43,coronacases_001,coronacases_001,3,1.000001,19,0.14175,small,False
C100_FRG,43,coronacases_001,coronacases_001,3,1.000001,20,0.27675,small,False
C100_FRG,43,coronacases_001,coronacases_001,3,1.000001,21,0.14175,small,False
C100_FRG,43,coronacases_001,coronacases_001,3,1.000001,22,0.162,small,False
C100_FRG,43,coronacases_001,coronacases_001,3,1.000001,23,31.104,large,False
C100_FRG,43,coronacases_001,coronacases_001,3,1.000001,24,5.1907499999999995,large,False
C100_FRG,43,coronacases_001,coronacases_001,3,1.000001,25,0.135,small,False
C100_FRG,43,coronacases_001,coronacases_001,3,1.000001,26,5.50125,large,False
C100_FRG,43,coronacases_001,coronacases_001,3,1.000001,27,34.425,large,False
C100_FRG,43,coronacases_001,coronacases_001,3,1.000001,28,0.2565,small,False
C100_FRG,43,coronacases_001,coronacases_001,3,1.000001,29,0.3105,small,False
C100_FRG,43,coronacases_001,coronacases_001,3,1.000001,30,0.10124999999999999,small,False
C100_FRG,43,coronacases_001,coronacases_001,3,1.000001,31,0.108,small,False
C100_FRG,43,coronacases_001,coronacases_001,3,1.000001,32,0.135,small,False
C100_FRG,43,coronacases_001,coronacases_001,3,1.000001,33,0.11475,small,False
C100_FRG,43,coronacases_001,coronacases_001,3,1.000001,34,2.55825,medium,False
C100_FRG,43,coronacases_001,coronacases_001,3,1.000001,35,0.3645,small,False
C100_FRG,43,coronacases_001,coronacases_001,3,1.000001,36,7.344,large,False
C100_FRG,43,coronacases_001,coronacases_001,3,1.000001,37,1.755,medium,False
C100_FRG,43,coronacases_001,coronacases_001,3,1.000001,38,0.1485,small,False
C100_FRG,43,coronacases_001,coronacases_001,3,1.000001,39,2.3625,medium,False
C100_FRG,43,coronacases_001,coronacases_001,3,1.000001,40,0.41175,small,False
C100_FRG,43,coronacases_001,coronacases_001,3,1.000001,41,0.26325,small,False
C100_FRG,43,coronacases_001,coronacases_001,3,1.000001,42,0.19575,small,False
C100_FRG,43,coronacases_001,coronacases_001,3,1.000001,43,1.92375,medium,False
C100_FRG,43,coronacases_002,coronacases_002,0,1.000001,0,21.384,large,False
C100_FRG,43,coronacases_002,coronacases_002,0,1.000001,1,2.63925,medium,False
C100_FRG,43,coronacases_002,coronacases_002,0,1.000001,2,0.378,small,False
C100_FRG,43,coronacases_002,coronacases_002,0,1.000001,3,28.3365,large,False
C100_FRG,43,coronacases_002,coronacases_002,0,1.000001,4,0.1215,small,False
C100_FRG,43,coronacases_002,coronacases_002,0,1.000001,5,24.084,large,False
C100_FRG,43,coronacases_002,coronacases_002,0,1.000001,6,4.97475,large,False
C100_FRG,43,coronacases_002,coronacases_002,0,1.000001,7,0.76275,medium,False
C100_FRG,43,coronacases_002,coronacases_002,0,1.000001,8,15.47775,large,False
C100_FRG,43,coronacases_002,coronacases_002,0,1.000001,9,0.999,medium,False
C100_FRG,43,coronacases_002,coronacases_002,0,1.000001,10,5.28525,large,False
C100_FRG,43,coronacases_002,coronacases_002,0,1.000001,11,0.3645,small,False
C100_FRG,43,coronacases_002,coronacases_002,0,1.000001,12,0.31725,small,False
C100_FRG,43,coronacases_002,coronacases_002,0,1.000001,13,0.918,medium,False
C100_FRG,43,coronacases_002,coronacases_002,0,1.000001,14,3.699,large,False
C100_FRG,43,coronacases_002,coronacases_002,0,1.000001,15,22.68,large,False
C100_FRG,43,coronacases_002,coronacases_002,0,1.000001,16,0.486,medium,False
C100_FRG,43,coronacases_002,coronacases_002,0,1.000001,17,16.6995,large,False
C100_FRG,43,coronacases_002,coronacases_002,0,1.000001,18,3.3075,large,False
C100_FRG,43,coronacases_002,coronacases_002,0,1.000001,19,0.1215,small,False
C100_FRG,43,coronacases_002,coronacases_002,0,1.000001,20,28.538999999999998,large,False
C100_FRG,43,coronacases_002,coronacases_002,0,1.000001,21,1.86975,medium,False
C100_FRG,43,coronacases_002,coronacases_002,0,1.000001,22,4.32,large,False
C100_FRG,43,coronacases_002,coronacases_002,0,1.000001,23,0.8099999999999999,medium,False
C100_FRG,43,coronacases_002,coronacases_002,0,1.000001,24,1.917,medium,False
C100_FRG,43,coronacases_002,coronacases_002,0,1.000001,25,0.27,small,False
C100_FRG,43,coronacases_003,coronacases_003,3,1.000001,0,499.77,large,False
C100_FRG,43,coronacases_003,coronacases_003,3,1.000001,1,495.7875,large,False
C100_FRG,43,coronacases_003,coronacases_003,3,1.000001,2,6.642,large,False
C100_FRG,43,coronacases_003,coronacases_003,3,1.000001,3,0.47925,medium,False
C100_FRG,43,coronacases_003,coronacases_003,3,1.000001,4,1.8495,medium,False
C100_FRG,43,coronacases_003,coronacases_003,3,1.000001,5,0.11475,small,False
C100_FRG,43,coronacases_003,coronacases_003,3,1.000001,6,0.432,small,False
C100_FRG,43,coronacases_003,coronacases_003,3,1.000001,7,0.29025,small,False
C100_FRG,43,coronacases_003,coronacases_003,3,1.000001,8,0.12825,small,False
C100_FRG,43,coronacases_003,coronacases_003,3,1.000001,9,0.12825,small,False
C100_FRG,43,coronacases_003,coronacases_003,3,1.000001,10,0.20925,small,False
C100_FRG,43,coronacases_003,coronacases_003,3,1.000001,11,2.727,medium,False
C100_FRG,43,coronacases_003,coronacases_003,3,1.000001,12,0.6345,medium,False
C100_FRG,43,coronacases_003,coronacases_003,3,1.000001,13,0.5265,medium,False
C100_FRG,43,coronacases_003,coronacases_003,3,1.000001,14,0.189,small,False
C100_FRG,43,coronacases_003,coronacases_003,3,1.000001,15,0.9855,medium,False
C100_FRG,43,coronacases_003,coronacases_003,3,1.000001,16,0.243,small,False
C100_FRG,43,coronacases_003,coronacases_003,3,1.000001,17,0.47925,medium,False
C100_FRG,43,coronacases_003,coronacases_003,3,1.000001,18,0.16875,small,False
C100_FRG,43,coronacases_003,coronacases_003,3,1.000001,19,0.24975,small,False
C100_FRG,43,coronacases_003,coronacases_003,3,1.000001,20,0.4185,small,False
C100_FRG,43,coronacases_003,coronacases_003,3,1.000001,21,2.35575,medium,False
C100_FRG,43,coronacases_003,coronacases_003,3,1.000001,22,0.297,small,False
C100_FRG,43,coronacases_003,coronacases_003,3,1.000001,23,0.2295,small,False
C100_FRG,43,coronacases_003,coronacases_003,3,1.000001,24,0.2835,small,False
C100_FRG,43,coronacases_003,coronacases_003,3,1.000001,25,0.76275,medium,False
C100_FRG,43,coronacases_003,coronacases_003,3,1.000001,26,0.10124999999999999,small,False
C100_FRG,43,coronacases_003,coronacases_003,3,1.000001,27,1.5255,medium,False
C100_FRG,43,coronacases_003,coronacases_003,3,1.000001,28,2.54475,medium,False
C100_FRG,43,coronacases_003,coronacases_003,3,1.000001,29,0.945,medium,False
C100_FRG,43,coronacases_003,coronacases_003,3,1.000001,30,0.3375,small,False
C100_FRG,43,coronacases_003,coronacases_003,3,1.000001,31,2.7675,medium,False
C100_FRG,43,coronacases_003,coronacases_003,3,1.000001,32,7.66125,large,False
C100_FRG,43,coronacases_003,coronacases_003,3,1.000001,33,2.862,large,False
C100_FRG,43,coronacases_003,coronacases_003,3,1.000001,34,1.674,medium,False
C100_FRG,43,coronacases_003,coronacases_003,3,1.000001,35,0.189,small,False
C100_FRG,43,coronacases_005,coronacases_005,0,1.000001,0,79.353,large,False
C100_FRG,43,coronacases_005,coronacases_005,0,1.000001,1,2.51775,medium,False
C100_FRG,43,coronacases_006,coronacases_006,2,1.000001,0,129.60675,large,False
C100_FRG,43,coronacases_007,coronacases_007,2,1.000001,0,0.1485,small,False
C100_FRG,43,coronacases_007,coronacases_007,2,1.000001,1,64.3275,large,False
C100_FRG,43,coronacases_007,coronacases_007,2,1.000001,2,0.42525,small,False
C100_FRG,43,coronacases_007,coronacases_007,2,1.000001,3,0.43875,small,False
C100_FRG,43,coronacases_007,coronacases_007,2,1.000001,4,23.598,large,False
C100_FRG,43,coronacases_007,coronacases_007,2,1.000001,5,1.53225,medium,False
C100_FRG,43,coronacases_007,coronacases_007,2,1.000001,6,0.7965,medium,False
C100_FRG,43,coronacases_009,coronacases_009,3,1.000001,0,1.1475,medium,False
C100_FRG,43,coronacases_009,coronacases_009,3,1.000001,1,0.41175,small,False
C100_FRG,43,coronacases_009,coronacases_009,3,1.000001,2,0.135,small,False
C100_FRG,43,coronacases_009,coronacases_009,3,1.000001,3,73.764,large,False
C100_FRG,43,coronacases_009,coronacases_009,3,1.000001,4,0.64125,medium,False
C100_FRG,43,coronacases_009,coronacases_009,3,1.000001,5,0.6345,medium,False
C100_FRG,43,coronacases_009,coronacases_009,3,1.000001,6,0.162,small,False
C100_FRG,43,coronacases_009,coronacases_009,3,1.000001,7,27.54,large,False
C100_FRG,43,coronacases_010,coronacases_010,1,1.000001,0,211.33575,large,False
C100_FRG,43,coronacases_010,coronacases_010,1,1.000001,1,187.0695,large,False
C100_FRG,43,coronacases_010,coronacases_010,1,1.000001,2,2.03175,medium,False
C100_FRG,43,coronacases_010,coronacases_010,1,1.000001,3,0.62775,medium,False
C100_FRG,43,coronacases_010,coronacases_010,1,1.000001,4,0.45225,small,False
C100_FRG,43,coronacases_010,coronacases_010,1,1.000001,5,0.77625,medium,False
C100_FRG,43,radiopaedia_10_85902_1,radiopaedia_case_10,1,1.000001,0,158.976,large,False
C100_FRG,43,radiopaedia_10_85902_1,radiopaedia_case_10,1,1.000001,1,1.3094999999999999,medium,False
C100_FRG,43,radiopaedia_10_85902_3,radiopaedia_case_10,1,1.000001,0,262.51425,large,False
C100_FRG,43,radiopaedia_10_85902_3,radiopaedia_case_10,1,1.000001,1,1.77525,medium,False
C100_FRG,43,radiopaedia_29_86490_1,radiopaedia_case_29,0,1.000001,0,0.324,small,False
C100_FRG,43,radiopaedia_29_86490_1,radiopaedia_case_29,0,1.000001,1,0.1755,small,False
C100_FRG,43,radiopaedia_29_86491_1,radiopaedia_case_29,0,1.000001,0,14.013,large,False
C100_FRG,43,radiopaedia_29_86491_1,radiopaedia_case_29,0,1.000001,1,36.2475,large,False
C100_FRG,43,radiopaedia_29_86491_1,radiopaedia_case_29,0,1.000001,2,0.4995,medium,False
C100_FRG,43,radiopaedia_36_86526_0,radiopaedia_case_36,2,1.000001,0,3.726,large,False
C100_FRG,43,radiopaedia_36_86526_0,radiopaedia_case_36,2,1.000001,1,3.96225,large,False
C100_FRG,43,radiopaedia_36_86526_0,radiopaedia_case_36,2,1.000001,2,4.617,large,False
C100_FRG,43,radiopaedia_36_86526_0,radiopaedia_case_36,2,1.000001,3,1.026,medium,False
C100_FRG,43,radiopaedia_36_86526_0,radiopaedia_case_36,2,1.000001,4,5.832,large,False
C100_FRG,43,radiopaedia_36_86526_0,radiopaedia_case_36,2,1.000001,5,0.4185,small,False
C100_FRG,43,radiopaedia_36_86526_0,radiopaedia_case_36,2,1.000001,6,2.6595,medium,False
C100_FRG,43,radiopaedia_36_86526_0,radiopaedia_case_36,2,1.000001,7,0.972,medium,False
C100_FRG,43,radiopaedia_36_86526_0,radiopaedia_case_36,2,1.000001,8,2.187,medium,False
C100_FRG,43,radiopaedia_36_86526_0,radiopaedia_case_36,2,1.000001,9,6.1695,large,False
C100_FRG,43,radiopaedia_36_86526_0,radiopaedia_case_36,2,1.000001,10,1.593,medium,False
C100_FRG,43,radiopaedia_36_86526_0,radiopaedia_case_36,2,1.000001,11,4.7115,large,False
C100_FRG,43,radiopaedia_36_86526_0,radiopaedia_case_36,2,1.000001,12,0.4725,small,False
C100_FRG,43,radiopaedia_36_86526_0,radiopaedia_case_36,2,1.000001,13,9.504,large,False
C100_FRG,43,radiopaedia_36_86526_0,radiopaedia_case_36,2,1.000001,14,3.564,large,False
C100_FRG,43,radiopaedia_36_86526_0,radiopaedia_case_36,2,1.000001,15,8.829,large,False
C100_FRG,43,radiopaedia_36_86526_0,radiopaedia_case_36,2,1.000001,16,35.802,large,False
C100_FRG,43,radiopaedia_36_86526_0,radiopaedia_case_36,2,1.000001,17,10.0035,large,False
C100_FRG,43,radiopaedia_36_86526_0,radiopaedia_case_36,2,1.000001,18,0.675,medium,False
C100_FRG,43,radiopaedia_36_86526_0,radiopaedia_case_36,2,1.000001,19,27.1755,large,False
C100_FRG,43,radiopaedia_36_86526_0,radiopaedia_case_36,2,1.000001,20,7.587,large,False
C100_FRG,43,radiopaedia_36_86526_0,radiopaedia_case_36,2,1.000001,21,8.856,large,False
C100_FRG,43,radiopaedia_36_86526_0,radiopaedia_case_36,2,1.000001,22,4.0635,large,False
C100_FRG,43,radiopaedia_36_86526_0,radiopaedia_case_36,2,1.000001,23,0.675,medium,False
C100_FRG,43,radiopaedia_36_86526_0,radiopaedia_case_36,2,1.000001,24,12.3525,large,False
C100_FRG,43,radiopaedia_36_86526_0,radiopaedia_case_36,2,1.000001,25,1.6335,medium,False
C100_FRG,43,radiopaedia_36_86526_0,radiopaedia_case_36,2,1.000001,26,0.702,medium,False
C100_FRG,43,radiopaedia_36_86526_0,radiopaedia_case_36,2,1.000001,27,11.232,large,False
C100_FRG,43,radiopaedia_36_86526_0,radiopaedia_case_36,2,1.000001,28,0.4725,small,False
C100_FRG,43,radiopaedia_36_86526_0,radiopaedia_case_36,2,1.000001,29,4.806,large,False
C100_FRG,43,radiopaedia_36_86526_0,radiopaedia_case_36,2,1.000001,30,0.1485,small,False
C100_FRG,43,radiopaedia_40_86625_0,radiopaedia_case_40,3,1.000001,0,1371.2962499999999,large,False
C100_FRG,43,radiopaedia_40_86625_0,radiopaedia_case_40,3,1.000001,1,1492.6612499999999,large,False
C100_FRG,43,radiopaedia_40_86625_0,radiopaedia_case_40,3,1.000001,2,9.207,large,False
C100_FRG,43,radiopaedia_40_86625_0,radiopaedia_case_40,3,1.000001,3,0.64125,medium,False
C100_FRG,43,radiopaedia_40_86625_0,radiopaedia_case_40,3,1.000001,4,0.35775,small,False
C100_FRG,43,radiopaedia_40_86625_0,radiopaedia_case_40,3,1.000001,5,0.22275,small,False
C100_FRG,43,radiopaedia_40_86625_0,radiopaedia_case_40,3,1.000001,6,0.108,small,False
C100_FRG,43,radiopaedia_40_86625_0,radiopaedia_case_40,3,1.000001,7,0.5535,medium,False
C100_FRG,43,radiopaedia_40_86625_0,radiopaedia_case_40,3,1.000001,8,3.23325,large,False
C100_FRG,43,radiopaedia_4_85506_1,radiopaedia_case_4,1,1.000001,0,464.71049999999997,large,False
C100_FRG,43,radiopaedia_4_85506_1,radiopaedia_case_4,1,1.000001,1,606.9195,large,False
C100_FRG,43,radiopaedia_4_85506_1,radiopaedia_case_4,1,1.000001,2,20.2635,large,False
C100_FRG,43,radiopaedia_4_85506_1,radiopaedia_case_4,1,1.000001,3,0.135,small,False
C100_FRG,43,radiopaedia_4_85506_1,radiopaedia_case_4,1,1.000001,4,0.5805,medium,False
C100_FRG,43,radiopaedia_4_85506_1,radiopaedia_case_4,1,1.000001,5,6.8985,large,False
C100_FRG,43,radiopaedia_4_85506_1,radiopaedia_case_4,1,1.000001,6,1.3094999999999999,medium,False
C100_FRG,43,radiopaedia_4_85506_1,radiopaedia_case_4,1,1.000001,7,2.6325,medium,False
C100_FRG,43,radiopaedia_4_85506_1,radiopaedia_case_4,1,1.000001,8,0.4455,small,False
C100_FRG,43,radiopaedia_4_85506_1,radiopaedia_case_4,1,1.000001,9,0.2565,small,False
C100_FRG,43,radiopaedia_4_85506_1,radiopaedia_case_4,1,1.000001,10,0.2835,small,False
C100_FRG,43,radiopaedia_4_85506_1,radiopaedia_case_4,1,1.000001,11,1.9575,medium,False
C100_FRG,43,radiopaedia_4_85506_1,radiopaedia_case_4,1,1.000001,12,4.671,large,False
C100_FRG,43,radiopaedia_4_85506_1,radiopaedia_case_4,1,1.000001,13,1.9845,medium,False
C100_FRG,43,radiopaedia_4_85506_1,radiopaedia_case_4,1,1.000001,14,8.046,large,False
C100_FRG,43,radiopaedia_4_85506_1,radiopaedia_case_4,1,1.000001,15,0.567,medium,False
C100_FRG,43,radiopaedia_4_85506_1,radiopaedia_case_4,1,1.000001,16,6.8985,large,False
C100_FRG,43,radiopaedia_4_85506_1,radiopaedia_case_4,1,1.000001,17,0.378,small,False
C100_FRG,43,radiopaedia_4_85506_1,radiopaedia_case_4,1,1.000001,18,0.7965,medium,False
C100_FRG,43,radiopaedia_4_85506_1,radiopaedia_case_4,1,1.000001,19,25.7985,large,False
C100_FRG,43,radiopaedia_4_85506_1,radiopaedia_case_4,1,1.000001,20,0.162,small,False
C100_FRG,43,radiopaedia_4_85506_1,radiopaedia_case_4,1,1.000001,21,0.8099999999999999,medium,False
C100_FRG,43,radiopaedia_4_85506_1,radiopaedia_case_4,1,1.000001,22,1.0395,medium,False
C100_FRG,43,radiopaedia_4_85506_1,radiopaedia_case_4,1,1.000001,23,1.161,medium,False
C100_FRG,43,radiopaedia_4_85506_1,radiopaedia_case_4,1,1.000001,24,0.8099999999999999,medium,False
C100_FRG,43,radiopaedia_4_85506_1,radiopaedia_case_4,1,1.000001,25,0.567,medium,False
C100_FRG,43,radiopaedia_4_85506_1,radiopaedia_case_4,1,1.000001,26,1.2015,medium,False
C100_FRG,43,radiopaedia_4_85506_1,radiopaedia_case_4,1,1.000001,27,0.4455,small,False
C100_FRG,43,radiopaedia_4_85506_1,radiopaedia_case_4,1,1.000001,28,2.6055,medium,False
C100_FRG,43,radiopaedia_7_85703_0,radiopaedia_case_7,2,1.000001,0,810.1485,large,False
C100_FRG,43,radiopaedia_7_85703_0,radiopaedia_case_7,2,1.000001,1,258.255,large,False
C100_FRG,43,radiopaedia_7_85703_0,radiopaedia_case_7,2,1.000001,2,0.7965,medium,False
C100_FRG,43,radiopaedia_7_85703_0,radiopaedia_case_7,2,1.000001,3,2.268,medium,False
