batch_id,run_id,condition,outer_fold,seed,initialization_seed,shared_initialization_sha256,paired_plan_sha256,epoch,epoch_1based,logical_microbatches,successful_optimizer_steps_total,mean_loss,mean_partial_bce,mean_partial_dice_fp32,labelled_voxels_seen,foreground_voxels_seen,zero_label_microbatches,foreground_centered,background_centered,uniform_crop,amp_overflow_events,amp_retry_attempts,amp_scale_min,amp_scale_max,amp_scale_end,mean_preclip_grad_norm,max_preclip_grad_norm,learning_rate_end,epoch_seconds,peak_allocated_gb,peak_reserved_gb
fold0_seed17,cova3d_c50_coh_fold0_seed17,C50_COH,0,17,1442930804,5b009bcbfb754a4428b83e34af6786ee8cfef7c748a8855ca8449d5d73480671,765e18dc4cc7874a772e9a4238ee5292985f2501b8e8b829f1274ff767956ad6,0,1,120,60,2.8387728938600048,2.172915253029593,0.665857624510924,7899,4049,1,67,23,30,2,2,1024.0,4096.0,1024.0,84.8830151240031,266.2430419921875,0.00017999999999999998,23.79645153799993,1.3352031707763672,1.361328125
fold0_seed17,cova3d_c50_coh_fold0_seed17,C50_COH,0,17,1442930804,5b009bcbfb754a4428b83e34af6786ee8cfef7c748a8855ca8449d5d73480671,765e18dc4cc7874a772e9a4238ee5292985f2501b8e8b829f1274ff767956ad6,1,2,120,120,0.9830203150263211,0.5933767586868878,0.3896435598532359,8147,4059,1,61,28,31,0,0,1024.0,1024.0,1024.0,16.684093687993784,56.630615234375,0.0002999445918673937,23.647193406000042,1.3352031707763672,1.361328125
fold0_seed17,cova3d_c50_coh_fold0_seed17,C50_COH,0,17,1442930804,5b009bcbfb754a4428b83e34af6786ee8cfef7c748a8855ca8449d5d73480671,765e18dc4cc7874a772e9a4238ee5292985f2501b8e8b829f1274ff767956ad6,2,3,120,180,0.7138169539083417,0.38081514020838464,0.3330018152793249,7934,3958,5,59,34,27,0,0,1024.0,1024.0,1024.0,6.417303896571199,17.446744918823242,0.0002991142965839822,24.338243576999957,1.3352031707763672,1.361328125
fold0_seed17,cova3d_c50_coh_fold0_seed17,C50_COH,0,17,1442930804,5b009bcbfb754a4428b83e34af6786ee8cfef7c748a8855ca8449d5d73480671,765e18dc4cc7874a772e9a4238ee5292985f2501b8e8b829f1274ff767956ad6,3,4,120,240,0.6910780367228048,0.3605604490197341,0.330517586072286,8138,4224,4,61,36,23,0,0,1024.0,1024.0,1024.0,6.568445905049642,34.09173583984375,0.0002972930965702204,25.630440196999984,1.3352031707763672,1.361328125
fold0_seed17,cova3d_c50_coh_fold0_seed17,C50_COH,0,17,1442930804,5b009bcbfb754a4428b83e34af6786ee8cfef7c748a8855ca8449d5d73480671,765e18dc4cc7874a772e9a4238ee5292985f2501b8e8b829f1274ff767956ad6,4,5,120,300,0.4364980919645556,0.2391462147051546,0.19735187590122222,8096,4194,1,63,29,28,0,0,1024.0,1024.0,1024.0,4.922016960382462,14.29472541809082,0.0002944932171711482,25.66405478699994,1.3352031707763672,1.361328125
fold0_seed17,cova3d_c50_coh_fold0_seed17,C50_COH,0,17,1442930804,5b009bcbfb754a4428b83e34af6786ee8cfef7c748a8855ca8449d5d73480671,765e18dc4cc7874a772e9a4238ee5292985f2501b8e8b829f1274ff767956ad6,5,6,120,360,0.45869800097037416,0.23593772032569785,0.22276027947664262,8926,4783,2,58,31,31,0,0,1024.0,1024.0,1024.0,5.258345055580139,21.89017677307129,0.000290733453407337,24.725329759000033,1.3352031707763672,1.361328125
fold0_seed17,cova3d_c50_coh_fold0_seed17,C50_COH,0,17,1442930804,5b009bcbfb754a4428b83e34af6786ee8cfef7c748a8855ca8449d5d73480671,765e18dc4cc7874a772e9a4238ee5292985f2501b8e8b829f1274ff767956ad6,6,7,120,420,0.43501460929322394,0.20210956046472953,0.23290504962205888,8059,4013,2,59,34,27,0,0,1024.0,1024.0,1024.0,5.374615189433098,18.394094467163086,0.0002860390438077423,25.01084956600016,1.3352031707763672,1.361328125
fold0_seed17,cova3d_c50_coh_fold0_seed17,C50_COH,0,17,1442930804,5b009bcbfb754a4428b83e34af6786ee8cfef7c748a8855ca8449d5d73480671,765e18dc4cc7874a772e9a4238ee5292985f2501b8e8b829f1274ff767956ad6,7,8,120,480,0.39684302953561806,0.1697052472261324,0.22713778217633565,7942,3986,2,58,31,31,0,0,1024.0,1024.0,1024.0,5.097031072775523,20.785945892333984,0.00028044150098859483,25.2481364329999,1.3352031707763672,1.361328125
fold0_seed17,cova3d_c50_coh_fold0_seed17,C50_COH,0,17,1442930804,5b009bcbfb754a4428b83e34af6786ee8cfef7c748a8855ca8449d5d73480671,765e18dc4cc7874a772e9a4238ee5292985f2501b8e8b829f1274ff767956ad6,8,9,120,540,0.39951022563996047,0.15067962357171988,0.24883060554663342,8217,4181,2,57,28,35,0,0,1024.0,1024.0,1024.0,4.447521550953388,18.61445426940918,0.0002739784001156218,25.04486853100002,1.3352031707763672,1.361328125
fold0_seed17,cova3d_c50_coh_fold0_seed17,C50_COH,0,17,1442930804,5b009bcbfb754a4428b83e34af6786ee8cfef7c748a8855ca8449d5d73480671,765e18dc4cc7874a772e9a4238ee5292985f2501b8e8b829f1274ff767956ad6,9,10,120,600,0.31682718523058306,0.1437994452065444,0.1730277419090271,8250,4093,2,54,33,33,0,0,1024.0,1024.0,1024.0,5.048963797216614,24.06787109375,0.0002666931266696063,24.83912904900012,1.3352031707763672,1.361328125
fold0_seed17,cova3d_c50_coh_fold0_seed17,C50_COH,0,17,1442930804,5b009bcbfb754a4428b83e34af6786ee8cfef7c748a8855ca8449d5d73480671,765e18dc4cc7874a772e9a4238ee5292985f2501b8e8b829f1274ff767956ad6,10,11,120,660,0.310931176914429,0.11536360809182575,0.19556757013003032,7871,4079,1,58,32,30,0,0,1024.0,1024.0,1024.0,4.026870840787888,10.644950866699219,0.0002586345852084849,25.08352383400006,1.3352031707763672,1.361328125
fold0_seed17,cova3d_c50_coh_fold0_seed17,C50_COH,0,17,1442930804,5b009bcbfb754a4428b83e34af6786ee8cfef7c748a8855ca8449d5d73480671,765e18dc4cc7874a772e9a4238ee5292985f2501b8e8b829f1274ff767956ad6,11,12,120,720,0.2642154416394381,0.09743046964370781,0.1667849709590276,8148,4133,1,72,28,20,0,0,1024.0,1024.0,1024.0,4.118429043640693,23.880762100219727,0.0002498568710810032,25.168102033999958,1.3352031707763672,1.361328125
fold0_seed17,cova3d_c50_coh_fold0_seed17,C50_COH,0,17,1442930804,5b009bcbfb754a4428b83e34af6786ee8cfef7c748a8855ca8449d5d73480671,765e18dc4cc7874a772e9a4238ee5292985f2501b8e8b829f1274ff767956ad6,12,13,120,780,0.23408452636746802,0.08721969091323938,0.14686483641465506,8026,4147,1,63,31,26,0,0,1024.0,1024.0,1024.0,4.294637593626976,42.470767974853516,0.0002404189072956492,24.944488125999897,1.3352031707763672,1.361328125
fold0_seed17,cova3d_c50_coh_fold0_seed17,C50_COH,0,17,1442930804,5b009bcbfb754a4428b83e34af6786ee8cfef7c748a8855ca8449d5d73480671,765e18dc4cc7874a772e9a4238ee5292985f2501b8e8b829f1274ff767956ad6,13,14,120,840,0.24484313951615366,0.08795982349492296,0.15688331673542658,8294,4175,2,52,36,32,0,0,1024.0,1024.0,1024.0,5.193236281815916,55.17817687988281,0.00023038404898248976,24.91811487399991,1.3352031707763672,1.361328125
fold0_seed17,cova3d_c50_coh_fold0_seed17,C50_COH,0,17,1442930804,5b009bcbfb754a4428b83e34af6786ee8cfef7c748a8855ca8449d5d73480671,765e18dc4cc7874a772e9a4238ee5292985f2501b8e8b829f1274ff767956ad6,14,15,120,900,0.22868364580538086,0.07720713843278358,0.1514765073855718,7948,3872,0,63,36,21,0,0,1024.0,1024.0,1024.0,4.1891703984389705,42.42552185058594,0.00021981965810307605,25.03864362399986,1.3352031707763672,1.361328125
fold0_seed17,cova3d_c50_coh_fold0_seed17,C50_COH,0,17,1442930804,5b009bcbfb754a4428b83e34af6786ee8cfef7c748a8855ca8449d5d73480671,765e18dc4cc7874a772e9a4238ee5292985f2501b8e8b829f1274ff767956ad6,15,16,120,960,0.15690854984635427,0.054391613476979385,0.102516936759154,8443,4483,2,63,27,30,0,0,1024.0,1024.0,1024.0,2.810117598064244,22.57948112487793,0.00020879665126330557,24.93013902200005,1.3352031707763672,1.361328125
fold0_seed17,cova3d_c50_coh_fold0_seed17,C50_COH,0,17,1442930804,5b009bcbfb754a4428b83e34af6786ee8cfef7c748a8855ca8449d5d73480671,765e18dc4cc7874a772e9a4238ee5292985f2501b8e8b829f1274ff767956ad6,16,17,120,1020,0.15294557727741,0.04870387484439413,0.10424170245726903,8177,4249,3,63,22,35,0,0,1024.0,1024.0,1024.0,3.2192525123895015,16.201635360717773,0.00019738902366467966,24.922693908999918,1.3352031707763672,1.361328125
fold0_seed17,cova3d_c50_coh_fold0_seed17,C50_COH,0,17,1442930804,5b009bcbfb754a4428b83e34af6786ee8cfef7c748a8855ca8449d5d73480671,765e18dc4cc7874a772e9a4238ee5292985f2501b8e8b829f1274ff767956ad6,17,18,120,1080,0.14493530311429897,0.04744577816637578,0.09748952438433965,8560,4549,2,63,24,33,0,0,1024.0,1024.0,1024.0,2.5903276951052248,9.982121467590332,0.00018567335238957547,24.843358784999964,1.3352031707763672,1.361328125
fold0_seed17,cova3d_c50_coh_fold0_seed17,C50_COH,0,17,1442930804,5b009bcbfb754a4428b83e34af6786ee8cfef7c748a8855ca8449d5d73480671,765e18dc4cc7874a772e9a4238ee5292985f2501b8e8b829f1274ff767956ad6,18,19,120,1140,0.16334621740933308,0.04277312677891575,0.12057309051354727,8194,4222,1,61,27,32,0,0,1024.0,1024.0,1024.0,2.929803203457656,11.6583833694458,0.0001737282823548769,24.885909083999877,1.3352031707763672,1.361328125
fold0_seed17,cova3d_c50_coh_fold0_seed17,C50_COH,0,17,1442930804,5b009bcbfb754a4428b83e34af6786ee8cfef7c748a8855ca8449d5d73480671,765e18dc4cc7874a772e9a4238ee5292985f2501b8e8b829f1274ff767956ad6,19,20,120,1200,0.14097387114130214,0.04106193609112756,0.09991193662087122,8210,4406,4,62,28,30,0,0,1024.0,1024.0,1024.0,2.9796419189777223,19.66158103942871,0.00016163399838465363,24.97697664200018,1.3352031707763672,1.361328125
fold0_seed17,cova3d_c50_coh_fold0_seed17,C50_COH,0,17,1442930804,5b009bcbfb754a4428b83e34af6786ee8cfef7c748a8855ca8449d5d73480671,765e18dc4cc7874a772e9a4238ee5292985f2501b8e8b829f1274ff767956ad6,20,21,120,1260,0.12692324677000202,0.02755438006500597,0.09936886628468831,7912,3905,2,65,29,26,0,0,1024.0,1024.0,1024.0,2.508780808607116,21.86294937133789,0.00014947168694575625,24.947089095000138,1.3352031707763672,1.361328125
fold0_seed17,cova3d_c50_coh_fold0_seed17,C50_COH,0,17,1442930804,5b009bcbfb754a4428b83e34af6786ee8cfef7c748a8855ca8449d5d73480671,765e18dc4cc7874a772e9a4238ee5292985f2501b8e8b829f1274ff767956ad6,21,22,120,1320,0.12747365865189222,0.03279004064502642,0.09468361636002859,7800,3999,3,61,30,29,0,0,1024.0,1024.0,1024.0,2.93650965616107,23.229597091674805,0.0001373229911595876,24.942772227999967,1.3352031707763672,1.361328125
fold0_seed17,cova3d_c50_coh_fold0_seed17,C50_COH,0,17,1442930804,5b009bcbfb754a4428b83e34af6786ee8cfef7c748a8855ca8449d5d73480671,765e18dc4cc7874a772e9a4238ee5292985f2501b8e8b829f1274ff767956ad6,22,23,120,1380,0.1401447721811667,0.04115439890931121,0.09899037381013234,8507,4419,1,69,20,31,0,0,1024.0,1024.0,1024.0,2.7269239977157365,21.37834930419922,0.00012526946274844474,24.80546967500004,1.3352031707763672,1.361328125
fold0_seed17,cova3d_c50_coh_fold0_seed17,C50_COH,0,17,1442930804,5b009bcbfb754a4428b83e34af6786ee8cfef7c748a8855ca8449d5d73480671,765e18dc4cc7874a772e9a4238ee5292985f2501b8e8b829f1274ff767956ad6,23,24,120,1440,0.1729546402849597,0.03301767988689283,0.13993696173032125,8796,4569,3,60,27,33,0,0,1024.0,1024.0,1024.0,2.899391731810465,25.80940055847168,0.00011339201459540494,24.908274506999987,1.3352031707763672,1.361328125
fold0_seed17,cova3d_c50_coh_fold0_seed17,C50_COH,0,17,1442930804,5b009bcbfb754a4428b83e34af6786ee8cfef7c748a8855ca8449d5d73480671,765e18dc4cc7874a772e9a4238ee5292985f2501b8e8b829f1274ff767956ad6,24,25,120,1500,0.2368029060243443,0.03618991879465951,0.2006129870812098,7687,3893,0,57,32,31,0,0,1024.0,1024.0,1024.0,3.141098922328092,34.232872009277344,0.00010177037759260854,24.973768295000127,1.3352031707763672,1.361328125
fold0_seed17,cova3d_c50_coh_fold0_seed17,C50_COH,0,17,1442930804,5b009bcbfb754a4428b83e34af6786ee8cfef7c748a8855ca8449d5d73480671,765e18dc4cc7874a772e9a4238ee5292985f2501b8e8b829f1274ff767956ad6,25,26,120,1560,0.16365597774550147,0.02072629041318809,0.1429296871026357,8481,4436,4,61,27,32,0,0,1024.0,1024.0,1024.0,1.48894098373324,6.995857238769531,9.048256542400759e-05,24.827402248,1.3352031707763672,1.361328125
fold0_seed17,cova3d_c50_coh_fold0_seed17,C50_COH,0,17,1442930804,5b009bcbfb754a4428b83e34af6786ee8cfef7c748a8855ca8449d5d73480671,765e18dc4cc7874a772e9a4238ee5292985f2501b8e8b829f1274ff767956ad6,26,27,120,1620,0.16203078745531177,0.01860354747722514,0.14342723935842513,8250,4338,2,59,32,29,0,0,1024.0,1024.0,1024.0,2.342827476953001,25.342697143554688,7.960435087538242e-05,24.709893978000082,1.3352031707763672,1.361328125
fold0_seed17,cova3d_c50_coh_fold0_seed17,C50_COH,0,17,1442930804,5b009bcbfb754a4428b83e34af6786ee8cfef7c748a8855ca8449d5d73480671,765e18dc4cc7874a772e9a4238ee5292985f2501b8e8b829f1274ff767956ad6,27,28,120,1680,0.16355821340449384,0.015095812585283887,0.14846240083376566,8644,4603,1,62,25,33,0,0,1024.0,1024.0,1024.0,1.4052934903011192,9.670466423034668,6.920875718705205e-05,24.709245001,1.3352031707763672,1.361328125
fold0_seed17,cova3d_c50_coh_fold0_seed17,C50_COH,0,17,1442930804,5b009bcbfb754a4428b83e34af6786ee8cfef7c748a8855ca8449d5d73480671,765e18dc4cc7874a772e9a4238ee5292985f2501b8e8b829f1274ff767956ad6,28,29,120,1740,0.1097006864769568,0.023637366640730746,0.08606332043806712,8665,4517,2,65,23,32,0,0,1024.0,1024.0,1024.0,1.8205285106552764,10.097740173339844,5.936556786372413e-05,24.767229684000085,1.3352031707763672,1.361328125
fold0_seed17,cova3d_c50_coh_fold0_seed17,C50_COH,0,17,1442930804,5b009bcbfb754a4428b83e34af6786ee8cfef7c748a8855ca8449d5d73480671,765e18dc4cc7874a772e9a4238ee5292985f2501b8e8b829f1274ff767956ad6,29,30,120,1800,0.10518680477150928,0.027476148186356242,0.07771065682172776,8290,4411,1,59,28,33,0,0,1024.0,1024.0,1024.0,2.6002954611671156,36.093238830566406,5.014085823202989e-05,24.734350338000013,1.3352031707763672,1.361328125
fold0_seed17,cova3d_c50_coh_fold0_seed17,C50_COH,0,17,1442930804,5b009bcbfb754a4428b83e34af6786ee8cfef7c748a8855ca8449d5d73480671,765e18dc4cc7874a772e9a4238ee5292985f2501b8e8b829f1274ff767956ad6,30,31,120,1860,0.11443181006412716,0.016787894917936797,0.09764391531546911,8151,4351,1,69,28,23,0,0,1024.0,1024.0,1024.0,2.401973775993247,23.71656608581543,4.159655189030408e-05,24.753743749000023,1.3352031707763672,1.361328125
fold0_seed17,cova3d_c50_coh_fold0_seed17,C50_COH,0,17,1442930804,5b009bcbfb754a4428b83e34af6786ee8cfef7c748a8855ca8449d5d73480671,765e18dc4cc7874a772e9a4238ee5292985f2501b8e8b829f1274ff767956ad6,31,32,120,1920,0.12638310216387655,0.013556431990115369,0.11282666971286139,8809,4630,2,53,37,30,0,0,1024.0,1024.0,1024.0,1.3064482296749096,9.271652221679688,3.379000502807257e-05,24.702377225999953,1.3352031707763672,1.361328125
fold0_seed17,cova3d_c50_coh_fold0_seed17,C50_COH,0,17,1442930804,5b009bcbfb754a4428b83e34af6786ee8cfef7c748a8855ca8449d5d73480671,765e18dc4cc7874a772e9a4238ee5292985f2501b8e8b829f1274ff767956ad6,32,33,120,1980,0.1083230702302572,0.01856656417084206,0.08975650519132614,8577,4462,1,63,21,36,0,0,1024.0,1024.0,1024.0,2.2302017139367916,49.2155647277832,2.6773621405624713e-05,24.699680639999997,1.3352031707763672,1.361328125
fold0_seed17,cova3d_c50_coh_fold0_seed17,C50_COH,0,17,1442930804,5b009bcbfb754a4428b83e34af6786ee8cfef7c748a8855ca8449d5d73480671,765e18dc4cc7874a772e9a4238ee5292985f2501b8e8b829f1274ff767956ad6,33,34,120,2040,0.08016008575587483,0.017905843702564324,0.06225424160559972,8498,4482,0,59,41,20,0,0,1024.0,1024.0,1024.0,2.650895390737181,45.994441986083984,2.059450057823627e-05,24.68359812299991,1.3352031707763672,1.361328125
fold0_seed17,cova3d_c50_coh_fold0_seed17,C50_COH,0,17,1442930804,5b009bcbfb754a4428b83e34af6786ee8cfef7c748a8855ca8449d5d73480671,765e18dc4cc7874a772e9a4238ee5292985f2501b8e8b829f1274ff767956ad6,34,35,120,2100,0.10393388223907435,0.02400232470989421,0.07993155668179194,7908,4101,1,58,36,26,0,0,1024.0,1024.0,1024.0,3.157928386981924,38.34764862060547,1.5294121726440254e-05,24.660118771000043,1.3352031707763672,1.361328125
fold0_seed17,cova3d_c50_coh_fold0_seed17,C50_COH,0,17,1442930804,5b009bcbfb754a4428b83e34af6786ee8cfef7c748a8855ca8449d5d73480671,765e18dc4cc7874a772e9a4238ee5292985f2501b8e8b829f1274ff767956ad6,35,36,120,2160,0.09961855722343875,0.021371780122233855,0.07824677725632985,8081,4256,3,68,26,26,0,0,1024.0,1024.0,1024.0,3.840387964914165,29.824026107788086,1.0908065214729997e-05,24.84173234800005,1.3352031707763672,1.361328125
fold0_seed17,cova3d_c50_coh_fold0_seed17,C50_COH,0,17,1442930804,5b009bcbfb754a4428b83e34af6786ee8cfef7c748a8855ca8449d5d73480671,765e18dc4cc7874a772e9a4238ee5292985f2501b8e8b829f1274ff767956ad6,36,37,120,2220,0.11065740232970499,0.015271015791927078,0.09538638641436895,7645,3841,3,61,30,29,0,0,1024.0,1024.0,1024.0,3.0911775312706595,50.25897216796875,7.465773747813819e-06,24.74274053099998,1.3352031707763672,1.361328125
fold0_seed17,cova3d_c50_coh_fold0_seed17,C50_COH,0,17,1442930804,5b009bcbfb754a4428b83e34af6786ee8cfef7c748a8855ca8449d5d73480671,765e18dc4cc7874a772e9a4238ee5292985f2501b8e8b829f1274ff767956ad6,37,38,120,2280,0.11273288164173828,0.018900063158549616,0.0938328186670939,8642,4499,1,59,29,32,0,0,1024.0,1024.0,1024.0,2.432832495148371,16.884689331054688,4.990354727730315e-06,24.69150562899995,1.3352031707763672,1.361328125
fold0_seed17,cova3d_c50_coh_fold0_seed17,C50_COH,0,17,1442930804,5b009bcbfb754a4428b83e34af6786ee8cfef7c748a8855ca8449d5d73480671,765e18dc4cc7874a772e9a4238ee5292985f2501b8e8b829f1274ff767956ad6,38,39,120,2340,0.07039624415771613,0.01466737067332542,0.05572887261708578,8669,4553,0,57,31,32,0,0,1024.0,1024.0,1024.0,1.9020317525117814,15.244831085205078,3.498425138561358e-06,24.611984183999994,1.3352031707763672,1.361328125
fold0_seed17,cova3d_c50_coh_fold0_seed17,C50_COH,0,17,1442930804,5b009bcbfb754a4428b83e34af6786ee8cfef7c748a8855ca8449d5d73480671,765e18dc4cc7874a772e9a4238ee5292985f2501b8e8b829f1274ff767956ad6,39,40,120,2400,0.07068959700896323,0.011629897907375335,0.05905969887971878,7858,4138,1,58,36,26,0,0,1024.0,1024.0,1024.0,2.943783604540234,43.3709831237793,3e-06,24.564863626000033,1.3352031707763672,1.361328125
fold0_seed17,cova3d_c50_dis_fold0_seed17,C50_DIS,0,17,1442930804,5b009bcbfb754a4428b83e34af6786ee8cfef7c748a8855ca8449d5d73480671,765e18dc4cc7874a772e9a4238ee5292985f2501b8e8b829f1274ff767956ad6,0,1,120,60,3.121481077869733,2.4425259583319225,0.6789551297823588,7952,4088,0,67,23,30,2,2,1024.0,4096.0,1024.0,94.68044459025064,270.35076904296875,0.00017999999999999998,26.09264271899997,1.3355388641357422,1.3828125
fold0_seed17,cova3d_c50_dis_fold0_seed17,C50_DIS,0,17,1442930804,5b009bcbfb754a4428b83e34af6786ee8cfef7c748a8855ca8449d5d73480671,765e18dc4cc7874a772e9a4238ee5292985f2501b8e8b829f1274ff767956ad6,1,2,120,120,1.186323107375453,0.7706742190833514,0.41564889053503673,8092,4018,0,61,28,31,0,0,1024.0,1024.0,1024.0,28.25241564909617,82.04244232177734,0.0002999445918673937,25.338935541999945,1.3355388641357422,1.3828125
fold0_seed17,cova3d_c50_dis_fold0_seed17,C50_DIS,0,17,1442930804,5b009bcbfb754a4428b83e34af6786ee8cfef7c748a8855ca8449d5d73480671,765e18dc4cc7874a772e9a4238ee5292985f2501b8e8b829f1274ff767956ad6,2,3,120,180,1.0180950946795444,0.6180822046784064,0.4000128860274951,7830,3861,3,59,34,27,0,0,1024.0,1024.0,1024.0,11.662221197287241,59.263763427734375,0.0002991142965839822,25.148173355999916,1.3355388641357422,1.3828125
fold0_seed17,cova3d_c50_dis_fold0_seed17,C50_DIS,0,17,1442930804,5b009bcbfb754a4428b83e34af6786ee8cfef7c748a8855ca8449d5d73480671,765e18dc4cc7874a772e9a4238ee5292985f2501b8e8b829f1274ff767956ad6,3,4,120,240,0.9100770167385538,0.5233221121442815,0.3867549007137617,7971,4109,1,61,36,23,0,0,1024.0,1024.0,1024.0,8.277584894498188,23.538084030151367,0.0002972930965702204,25.17543376599997,1.3355388641357422,1.3828125
fold0_seed17,cova3d_c50_dis_fold0_seed17,C50_DIS,0,17,1442930804,5b009bcbfb754a4428b83e34af6786ee8cfef7c748a8855ca8449d5d73480671,765e18dc4cc7874a772e9a4238ee5292985f2501b8e8b829f1274ff767956ad6,4,5,120,300,0.6738885044275472,0.4033959086673955,0.27049260040124257,8042,4138,0,63,29,28,0,0,1024.0,1024.0,1024.0,6.170892588297526,27.120590209960938,0.0002944932171711482,25.11515914200004,1.3355388641357422,1.3828125
fold0_seed17,cova3d_c50_dis_fold0_seed17,C50_DIS,0,17,1442930804,5b009bcbfb754a4428b83e34af6786ee8cfef7c748a8855ca8449d5d73480671,765e18dc4cc7874a772e9a4238ee5292985f2501b8e8b829f1274ff767956ad6,5,6,120,360,0.7071617347964396,0.40360612779234845,0.3035556102792422,8922,4749,0,58,31,31,0,0,1024.0,1024.0,1024.0,6.921813650925954,30.89187240600586,0.000290733453407337,25.118455981999887,1.3355388641357422,1.3828125
fold0_seed17,cova3d_c50_dis_fold0_seed17,C50_DIS,0,17,1442930804,5b009bcbfb754a4428b83e34af6786ee8cfef7c748a8855ca8449d5d73480671,765e18dc4cc7874a772e9a4238ee5292985f2501b8e8b829f1274ff767956ad6,6,7,120,420,0.6569497376680374,0.34918225859097823,0.307767479121685,8080,4025,0,59,34,27,0,0,1024.0,1024.0,1024.0,6.592984390258789,21.855642318725586,0.0002860390438077423,25.16731561099982,1.3355388641357422,1.3828125
fold0_seed17,cova3d_c50_dis_fold0_seed17,C50_DIS,0,17,1442930804,5b009bcbfb754a4428b83e34af6786ee8cfef7c748a8855ca8449d5d73480671,765e18dc4cc7874a772e9a4238ee5292985f2501b8e8b829f1274ff767956ad6,7,8,120,480,0.6187903192903226,0.3264285612502135,0.29236175715923307,8093,4162,1,58,31,31,0,0,1024.0,1024.0,1024.0,6.529620625575384,16.135629653930664,0.00028044150098859483,25.117972565999935,1.3355388641357422,1.3828125
fold0_seed17,cova3d_c50_dis_fold0_seed17,C50_DIS,0,17,1442930804,5b009bcbfb754a4428b83e34af6786ee8cfef7c748a8855ca8449d5d73480671,765e18dc4cc7874a772e9a4238ee5292985f2501b8e8b829f1274ff767956ad6,8,9,120,540,0.6693755568470806,0.3626211857578407,0.30675436904033027,8153,4104,2,57,28,35,0,0,1024.0,1024.0,1024.0,7.218162834644318,54.332305908203125,0.0002739784001156218,25.162320552999972,1.3355388641357422,1.3828125
fold0_seed17,cova3d_c50_dis_fold0_seed17,C50_DIS,0,17,1442930804,5b009bcbfb754a4428b83e34af6786ee8cfef7c748a8855ca8449d5d73480671,765e18dc4cc7874a772e9a4238ee5292985f2501b8e8b829f1274ff767956ad6,9,10,120,600,0.5094829658938882,0.27030343781613436,0.2391795297463735,8333,4172,2,54,33,33,0,0,1024.0,1024.0,1024.0,5.473629246652126,21.46709632873535,0.0002666931266696063,25.10888751499988,1.3355388641357422,1.3828125
fold0_seed17,cova3d_c50_dis_fold0_seed17,C50_DIS,0,17,1442930804,5b009bcbfb754a4428b83e34af6786ee8cfef7c748a8855ca8449d5d73480671,765e18dc4cc7874a772e9a4238ee5292985f2501b8e8b829f1274ff767956ad6,10,11,120,660,0.5172566971295358,0.2617283324322974,0.2555283670624097,7865,4191,0,58,32,30,0,0,1024.0,1024.0,1024.0,6.086859075228373,18.087141036987305,0.0002586345852084849,25.205583095999827,1.3355388641357422,1.3828125
fold0_seed17,cova3d_c50_dis_fold0_seed17,C50_DIS,0,17,1442930804,5b009bcbfb754a4428b83e34af6786ee8cfef7c748a8855ca8449d5d73480671,765e18dc4cc7874a772e9a4238ee5292985f2501b8e8b829f1274ff767956ad6,11,12,120,720,0.4413395307570075,0.2287238942226395,0.21261563499768574,8063,4065,1,72,28,20,0,0,1024.0,1024.0,1024.0,5.344502466917038,14.896777153015137,0.0002498568710810032,25.209620050000012,1.3355388641357422,1.3828125
fold0_seed17,cova3d_c50_dis_fold0_seed17,C50_DIS,0,17,1442930804,5b009bcbfb754a4428b83e34af6786ee8cfef7c748a8855ca8449d5d73480671,765e18dc4cc7874a772e9a4238ee5292985f2501b8e8b829f1274ff767956ad6,12,13,120,780,0.41825044739574274,0.21130976740587357,0.20694067825873694,8023,4131,1,63,31,26,0,0,1024.0,1024.0,1024.0,5.177101824680964,14.868244171142578,0.0002404189072956492,25.06813561900026,1.3355388641357422,1.3828125
fold0_seed17,cova3d_c50_dis_fold0_seed17,C50_DIS,0,17,1442930804,5b009bcbfb754a4428b83e34af6786ee8cfef7c748a8855ca8449d5d73480671,765e18dc4cc7874a772e9a4238ee5292985f2501b8e8b829f1274ff767956ad6,13,14,120,840,0.42913820864002145,0.21664798583224182,0.21249022285143535,8238,4144,2,52,36,32,0,0,1024.0,1024.0,1024.0,5.704867509379983,26.408044815063477,0.00023038404898248976,25.149848546000158,1.3355388641357422,1.3828125
fold0_seed17,cova3d_c50_dis_fold0_seed17,C50_DIS,0,17,1442930804,5b009bcbfb754a4428b83e34af6786ee8cfef7c748a8855ca8449d5d73480671,765e18dc4cc7874a772e9a4238ee5292985f2501b8e8b829f1274ff767956ad6,14,15,120,900,0.3907303295903451,0.18615916148022127,0.20457116762797037,7936,3837,0,63,36,21,0,0,1024.0,1024.0,1024.0,5.403113921607534,25.39923858642578,0.00021981965810307605,25.185149005999847,1.3355388641357422,1.3828125
fold0_seed17,cova3d_c50_dis_fold0_seed17,C50_DIS,0,17,1442930804,5b009bcbfb754a4428b83e34af6786ee8cfef7c748a8855ca8449d5d73480671,765e18dc4cc7874a772e9a4238ee5292985f2501b8e8b829f1274ff767956ad6,15,16,120,960,0.30740989483335096,0.15967392808358152,0.14773596525192262,8348,4443,2,63,27,30,0,0,1024.0,1024.0,1024.0,5.1007153049111364,30.698740005493164,0.00020879665126330557,25.10806090799997,1.3355388641357422,1.3828125
fold0_seed17,cova3d_c50_dis_fold0_seed17,C50_DIS,0,17,1442930804,5b009bcbfb754a4428b83e34af6786ee8cfef7c748a8855ca8449d5d73480671,765e18dc4cc7874a772e9a4238ee5292985f2501b8e8b829f1274ff767956ad6,16,17,120,1020,0.279779281176828,0.13483863157471204,0.14494064996639888,8228,4323,2,63,22,35,0,0,1024.0,1024.0,1024.0,4.575049397349358,10.20331859588623,0.00019738902366467966,25.03479668,1.3355388641357422,1.3828125
fold0_seed17,cova3d_c50_dis_fold0_seed17,C50_DIS,0,17,1442930804,5b009bcbfb754a4428b83e34af6786ee8cfef7c748a8855ca8449d5d73480671,765e18dc4cc7874a772e9a4238ee5292985f2501b8e8b829f1274ff767956ad6,17,18,120,1080,0.24210524742084089,0.13455606184797944,0.10754918555418651,8410,4423,0,63,24,33,0,0,1024.0,1024.0,1024.0,5.908454739364485,40.850650787353516,0.00018567335238957547,25.1098870779997,1.3355388641357422,1.3828125
fold0_seed17,cova3d_c50_dis_fold0_seed17,C50_DIS,0,17,1442930804,5b009bcbfb754a4428b83e34af6786ee8cfef7c748a8855ca8449d5d73480671,765e18dc4cc7874a772e9a4238ee5292985f2501b8e8b829f1274ff767956ad6,18,19,120,1140,0.28651617602390617,0.13087320556824503,0.15564296891291937,8224,4270,1,61,27,32,0,0,1024.0,1024.0,1024.0,5.540129368379712,28.695636749267578,0.0001737282823548769,25.09917374500037,1.3355388641357422,1.3828125
fold0_seed17,cova3d_c50_dis_fold0_seed17,C50_DIS,0,17,1442930804,5b009bcbfb754a4428b83e34af6786ee8cfef7c748a8855ca8449d5d73480671,765e18dc4cc7874a772e9a4238ee5292985f2501b8e8b829f1274ff767956ad6,19,20,120,1200,0.2611757185832024,0.1243854764845158,0.13679024328788122,8246,4403,3,62,28,30,0,0,1024.0,1024.0,1024.0,5.022802513341109,22.634963989257812,0.00016163399838465363,25.133874860000105,1.3355388641357422,1.3828125
fold0_seed17,cova3d_c50_dis_fold0_seed17,C50_DIS,0,17,1442930804,5b009bcbfb754a4428b83e34af6786ee8cfef7c748a8855ca8449d5d73480671,765e18dc4cc7874a772e9a4238ee5292985f2501b8e8b829f1274ff767956ad6,20,21,120,1260,0.2072713794950573,0.08786404690045704,0.11940733293692271,7922,3949,2,65,29,26,0,0,1024.0,1024.0,1024.0,4.355054566264153,18.597551345825195,0.00014947168694575625,25.159373297000002,1.3355388641357422,1.3828125
fold0_seed17,cova3d_c50_dis_fold0_seed17,C50_DIS,0,17,1442930804,5b009bcbfb754a4428b83e34af6786ee8cfef7c748a8855ca8449d5d73480671,765e18dc4cc7874a772e9a4238ee5292985f2501b8e8b829f1274ff767956ad6,21,22,120,1320,0.20375913521606512,0.09641219512369617,0.10734694103399912,7848,4039,1,61,30,29,0,0,1024.0,1024.0,1024.0,4.7901077029605705,28.286354064941406,0.0001373229911595876,25.088515498000106,1.3355388641357422,1.3828125
fold0_seed17,cova3d_c50_dis_fold0_seed17,C50_DIS,0,17,1442930804,5b009bcbfb754a4428b83e34af6786ee8cfef7c748a8855ca8449d5d73480671,765e18dc4cc7874a772e9a4238ee5292985f2501b8e8b829f1274ff767956ad6,22,23,120,1380,0.2007475353615367,0.08729216908426073,0.11345536559820175,8591,4467,1,69,20,31,0,0,1024.0,1024.0,1024.0,3.733902806757639,10.887017250061035,0.00012526946274844474,25.060152879999805,1.3355388641357422,1.3828125
fold0_seed17,cova3d_c50_dis_fold0_seed17,C50_DIS,0,17,1442930804,5b009bcbfb754a4428b83e34af6786ee8cfef7c748a8855ca8449d5d73480671,765e18dc4cc7874a772e9a4238ee5292985f2501b8e8b829f1274ff767956ad6,23,24,120,1440,0.21538217536010176,0.07513512559206721,0.14024704992771148,8858,4647,1,60,27,33,0,0,1024.0,1024.0,1024.0,4.484148334215084,46.352806091308594,0.00011339201459540494,25.005385784000282,1.3355388641357422,1.3828125
fold0_seed17,cova3d_c50_dis_fold0_seed17,C50_DIS,0,17,1442930804,5b009bcbfb754a4428b83e34af6786ee8cfef7c748a8855ca8449d5d73480671,765e18dc4cc7874a772e9a4238ee5292985f2501b8e8b829f1274ff767956ad6,24,25,120,1500,0.26693863825583247,0.07208968432297903,0.19484895517428716,7703,3917,0,57,32,31,0,0,1024.0,1024.0,1024.0,5.204550963143507,36.95943069458008,0.00010177037759260854,25.036038088999703,1.3355388641357422,1.3828125
fold0_seed17,cova3d_c50_dis_fold0_seed17,C50_DIS,0,17,1442930804,5b009bcbfb754a4428b83e34af6786ee8cfef7c748a8855ca8449d5d73480671,765e18dc4cc7874a772e9a4238ee5292985f2501b8e8b829f1274ff767956ad6,25,26,120,1560,0.1825579516026001,0.06387704302772097,0.1186809092760086,8373,4370,3,61,27,32,0,0,1024.0,1024.0,1024.0,4.005148426567515,39.83890914916992,9.048256542400759e-05,24.91671387000042,1.3355388641357422,1.3828125
fold0_seed17,cova3d_c50_dis_fold0_seed17,C50_DIS,0,17,1442930804,5b009bcbfb754a4428b83e34af6786ee8cfef7c748a8855ca8449d5d73480671,765e18dc4cc7874a772e9a4238ee5292985f2501b8e8b829f1274ff767956ad6,26,27,120,1620,0.2266529320780563,0.07616310839907499,0.15048982401688893,8195,4295,2,59,32,29,0,0,1024.0,1024.0,1024.0,5.437476678565145,35.33477020263672,7.960435087538242e-05,25.038108181999633,1.3355388641357422,1.3828125
fold0_seed17,cova3d_c50_dis_fold0_seed17,C50_DIS,0,17,1442930804,5b009bcbfb754a4428b83e34af6786ee8cfef7c748a8855ca8449d5d73480671,765e18dc4cc7874a772e9a4238ee5292985f2501b8e8b829f1274ff767956ad6,27,28,120,1680,0.19192549010284832,0.03883160199058817,0.15309388786554337,8741,4686,1,62,25,33,0,0,1024.0,1024.0,1024.0,3.499662829947192,26.216394424438477,6.920875718705205e-05,24.979380121000304,1.3355388641357422,1.3828125
fold0_seed17,cova3d_c50_dis_fold0_seed17,C50_DIS,0,17,1442930804,5b009bcbfb754a4428b83e34af6786ee8cfef7c748a8855ca8449d5d73480671,765e18dc4cc7874a772e9a4238ee5292985f2501b8e8b829f1274ff767956ad6,28,29,120,1740,0.15392892004279257,0.062300882690747746,0.09162803689638774,8590,4425,2,65,23,32,0,0,1024.0,1024.0,1024.0,4.2863763704992985,34.38543701171875,5.936556786372413e-05,24.860442143,1.3355388641357422,1.3828125
fold0_seed17,cova3d_c50_dis_fold0_seed17,C50_DIS,0,17,1442930804,5b009bcbfb754a4428b83e34af6786ee8cfef7c748a8855ca8449d5d73480671,765e18dc4cc7874a772e9a4238ee5292985f2501b8e8b829f1274ff767956ad6,29,30,120,1800,0.12645670904436548,0.04805291679164,0.07840379178524018,8185,4351,1,59,28,33,0,0,1024.0,1024.0,1024.0,3.6885083383880555,24.393545150756836,5.014085823202989e-05,24.871115435999855,1.3355388641357422,1.3828125
fold0_seed17,cova3d_c50_dis_fold0_seed17,C50_DIS,0,17,1442930804,5b009bcbfb754a4428b83e34af6786ee8cfef7c748a8855ca8449d5d73480671,765e18dc4cc7874a772e9a4238ee5292985f2501b8e8b829f1274ff767956ad6,30,31,120,1860,0.14208097635043318,0.043745977708084076,0.09833499938249587,8081,4261,0,69,28,23,0,0,1024.0,1024.0,1024.0,3.6264402160731453,20.719079971313477,4.159655189030408e-05,24.967228822999914,1.3355388641357422,1.3828125
fold0_seed17,cova3d_c50_dis_fold0_seed17,C50_DIS,0,17,1442930804,5b009bcbfb754a4428b83e34af6786ee8cfef7c748a8855ca8449d5d73480671,765e18dc4cc7874a772e9a4238ee5292985f2501b8e8b829f1274ff767956ad6,31,32,120,1920,0.14424640779445094,0.054294397375596284,0.08995201041301092,8718,4549,2,53,37,30,0,0,1024.0,1024.0,1024.0,4.957961327924083,44.24008560180664,3.379000502807257e-05,24.95026460400004,1.3355388641357422,1.3828125
fold0_seed17,cova3d_c50_dis_fold0_seed17,C50_DIS,0,17,1442930804,5b009bcbfb754a4428b83e34af6786ee8cfef7c748a8855ca8449d5d73480671,765e18dc4cc7874a772e9a4238ee5292985f2501b8e8b829f1274ff767956ad6,32,33,120,1980,0.12532808556116232,0.047756112154588234,0.07757197270790736,8518,4367,1,63,21,36,0,0,1024.0,1024.0,1024.0,3.7487322320540746,25.765968322753906,2.6773621405624713e-05,24.980404472000373,1.3355388641357422,1.3828125
fold0_seed17,cova3d_c50_dis_fold0_seed17,C50_DIS,0,17,1442930804,5b009bcbfb754a4428b83e34af6786ee8cfef7c748a8855ca8449d5d73480671,765e18dc4cc7874a772e9a4238ee5292985f2501b8e8b829f1274ff767956ad6,33,34,120,2040,0.1083488174053304,0.04459708425225412,0.06375173330307007,8459,4460,0,59,41,20,0,0,1024.0,1024.0,1024.0,5.17688825695465,36.491615295410156,2.059450057823627e-05,25.06774802100017,1.3355388641357422,1.3828125
fold0_seed17,cova3d_c50_dis_fold0_seed17,C50_DIS,0,17,1442930804,5b009bcbfb754a4428b83e34af6786ee8cfef7c748a8855ca8449d5d73480671,765e18dc4cc7874a772e9a4238ee5292985f2501b8e8b829f1274ff767956ad6,34,35,120,2100,0.12386230910657131,0.04746322915505073,0.07639908045530319,7755,4011,0,58,36,26,0,0,1024.0,1024.0,1024.0,5.6615042449324395,34.37083053588867,1.5294121726440254e-05,24.97082381400014,1.3355388641357422,1.3828125
fold0_seed17,cova3d_c50_dis_fold0_seed17,C50_DIS,0,17,1442930804,5b009bcbfb754a4428b83e34af6786ee8cfef7c748a8855ca8449d5d73480671,765e18dc4cc7874a772e9a4238ee5292985f2501b8e8b829f1274ff767956ad6,35,36,120,2160,0.1319324970309262,0.04100283244338298,0.0909296656648318,7922,4204,3,68,26,26,0,0,1024.0,1024.0,1024.0,4.8122080605865145,55.651519775390625,1.0908065214729997e-05,24.978197893000015,1.3355388641357422,1.3828125
fold0_seed17,cova3d_c50_dis_fold0_seed17,C50_DIS,0,17,1442930804,5b009bcbfb754a4428b83e34af6786ee8cfef7c748a8855ca8449d5d73480671,765e18dc4cc7874a772e9a4238ee5292985f2501b8e8b829f1274ff767956ad6,36,37,120,2220,0.12969725817894975,0.03589983133768661,0.09379742642243703,7733,3958,2,61,30,29,0,0,1024.0,1024.0,1024.0,5.579083556891419,38.6741828918457,7.465773747813819e-06,25.072270222000043,1.3355388641357422,1.3828125
fold0_seed17,cova3d_c50_dis_fold0_seed17,C50_DIS,0,17,1442930804,5b009bcbfb754a4428b83e34af6786ee8cfef7c748a8855ca8449d5d73480671,765e18dc4cc7874a772e9a4238ee5292985f2501b8e8b829f1274ff767956ad6,37,38,120,2280,0.13932090167840544,0.044523943194306706,0.09479695707559585,8451,4398,1,59,29,32,0,0,1024.0,1024.0,1024.0,4.431377902626991,34.23215103149414,4.990354727730315e-06,25.015889139000137,1.3355388641357422,1.3828125
fold0_seed17,cova3d_c50_dis_fold0_seed17,C50_DIS,0,17,1442930804,5b009bcbfb754a4428b83e34af6786ee8cfef7c748a8855ca8449d5d73480671,765e18dc4cc7874a772e9a4238ee5292985f2501b8e8b829f1274ff767956ad6,38,39,120,2340,0.09511550984396305,0.034588001355174765,0.0605275089542071,8688,4574,0,57,31,32,0,0,1024.0,1024.0,1024.0,3.7750410936033556,42.28954315185547,3.498425138561358e-06,25.04426664599987,1.3355388641357422,1.3828125
fold0_seed17,cova3d_c50_dis_fold0_seed17,C50_DIS,0,17,1442930804,5b009bcbfb754a4428b83e34af6786ee8cfef7c748a8855ca8449d5d73480671,765e18dc4cc7874a772e9a4238ee5292985f2501b8e8b829f1274ff767956ad6,39,40,120,2400,0.07424825348239165,0.027183875676230596,0.04706437786420186,7899,4093,0,58,36,26,0,0,1024.0,1024.0,1024.0,3.317130983884757,30.76255989074707,3e-06,25.001897884999835,1.3355388641357422,1.3828125
fold0_seed17,cova3d_c50_frg_fold0_seed17,C50_FRG,0,17,1442930804,5b009bcbfb754a4428b83e34af6786ee8cfef7c748a8855ca8449d5d73480671,765e18dc4cc7874a772e9a4238ee5292985f2501b8e8b829f1274ff767956ad6,0,1,120,60,2.988269258911411,2.302458656538026,0.6858106096585591,7848,3993,1,67,23,30,2,2,1024.0,4096.0,1024.0,89.85232524871826,259.51751708984375,0.00017999999999999998,26.324794628999825,1.3371105194091797,1.396484375
fold0_seed17,cova3d_c50_frg_fold0_seed17,C50_FRG,0,17,1442930804,5b009bcbfb754a4428b83e34af6786ee8cfef7c748a8855ca8449d5d73480671,765e18dc4cc7874a772e9a4238ee5292985f2501b8e8b829f1274ff767956ad6,1,2,120,120,1.1356382875936106,0.7074397085409145,0.42819858342409134,8109,4040,0,61,28,31,0,0,1024.0,1024.0,1024.0,21.79878720442454,74.15399169921875,0.0002999445918673937,25.532114434999585,1.3371105194091797,1.396484375
fold0_seed17,cova3d_c50_frg_fold0_seed17,C50_FRG,0,17,1442930804,5b009bcbfb754a4428b83e34af6786ee8cfef7c748a8855ca8449d5d73480671,765e18dc4cc7874a772e9a4238ee5292985f2501b8e8b829f1274ff767956ad6,2,3,120,180,0.8968689052388072,0.5239467633732905,0.3729221398631732,7814,3933,3,59,34,27,0,0,1024.0,1024.0,1024.0,9.29860598742962,30.755878448486328,0.0002991142965839822,25.39206868300016,1.3371105194091797,1.396484375
fold0_seed17,cova3d_c50_frg_fold0_seed17,C50_FRG,0,17,1442930804,5b009bcbfb754a4428b83e34af6786ee8cfef7c748a8855ca8449d5d73480671,765e18dc4cc7874a772e9a4238ee5292985f2501b8e8b829f1274ff767956ad6,3,4,120,240,0.8249561109269659,0.4550491311509783,0.36990698079268136,8024,4172,1,61,36,23,0,0,1024.0,1024.0,1024.0,7.943752274910609,23.940309524536133,0.0002972930965702204,25.48614526900019,1.3371105194091797,1.396484375
fold0_seed17,cova3d_c50_frg_fold0_seed17,C50_FRG,0,17,1442930804,5b009bcbfb754a4428b83e34af6786ee8cfef7c748a8855ca8449d5d73480671,765e18dc4cc7874a772e9a4238ee5292985f2501b8e8b829f1274ff767956ad6,4,5,120,300,0.6283353050549825,0.3662137187318876,0.26212158302466076,7939,4114,0,63,29,28,0,0,1024.0,1024.0,1024.0,6.50502268075943,29.8880615234375,0.0002944932171711482,25.386952093999753,1.3371105194091797,1.396484375
fold0_seed17,cova3d_c50_frg_fold0_seed17,C50_FRG,0,17,1442930804,5b009bcbfb754a4428b83e34af6786ee8cfef7c748a8855ca8449d5d73480671,765e18dc4cc7874a772e9a4238ee5292985f2501b8e8b829f1274ff767956ad6,5,6,120,360,0.6683313458246024,0.3757625473993054,0.29256880035003024,8758,4648,0,58,31,31,0,0,1024.0,1024.0,1024.0,7.7879946748415625,45.83909225463867,0.000290733453407337,25.308685097000307,1.3371105194091797,1.396484375
fold0_seed17,cova3d_c50_frg_fold0_seed17,C50_FRG,0,17,1442930804,5b009bcbfb754a4428b83e34af6786ee8cfef7c748a8855ca8449d5d73480671,765e18dc4cc7874a772e9a4238ee5292985f2501b8e8b829f1274ff767956ad6,6,7,120,420,0.6331518299528398,0.32576729493254486,0.30738453765710194,8079,4033,0,59,34,27,0,0,1024.0,1024.0,1024.0,6.839175311724345,43.924591064453125,0.0002860390438077423,25.23817170500024,1.3371105194091797,1.396484375
fold0_seed17,cova3d_c50_frg_fold0_seed17,C50_FRG,0,17,1442930804,5b009bcbfb754a4428b83e34af6786ee8cfef7c748a8855ca8449d5d73480671,765e18dc4cc7874a772e9a4238ee5292985f2501b8e8b829f1274ff767956ad6,7,8,120,480,0.5464903564735626,0.2785297690308653,0.2679605876406034,7964,4054,1,58,31,31,0,0,1024.0,1024.0,1024.0,6.407508265972138,26.106287002563477,0.00028044150098859483,25.299923383000078,1.3371105194091797,1.396484375
fold0_seed17,cova3d_c50_frg_fold0_seed17,C50_FRG,0,17,1442930804,5b009bcbfb754a4428b83e34af6786ee8cfef7c748a8855ca8449d5d73480671,765e18dc4cc7874a772e9a4238ee5292985f2501b8e8b829f1274ff767956ad6,8,9,120,540,0.5840561576847297,0.2868187858645494,0.29723736892143887,7974,4074,2,57,28,35,0,0,1024.0,1024.0,1024.0,6.825993183006843,34.263824462890625,0.0002739784001156218,25.21967180999991,1.3371105194091797,1.396484375
fold0_seed17,cova3d_c50_frg_fold0_seed17,C50_FRG,0,17,1442930804,5b009bcbfb754a4428b83e34af6786ee8cfef7c748a8855ca8449d5d73480671,765e18dc4cc7874a772e9a4238ee5292985f2501b8e8b829f1274ff767956ad6,9,10,120,600,0.4709236179041909,0.2430934905084238,0.22783012638489405,8344,4187,2,54,33,33,0,0,1024.0,1024.0,1024.0,5.7195248156785965,27.78666877746582,0.0002666931266696063,25.280363350999778,1.3371105194091797,1.396484375
fold0_seed17,cova3d_c50_frg_fold0_seed17,C50_FRG,0,17,1442930804,5b009bcbfb754a4428b83e34af6786ee8cfef7c748a8855ca8449d5d73480671,765e18dc4cc7874a772e9a4238ee5292985f2501b8e8b829f1274ff767956ad6,10,11,120,660,0.4672685777666629,0.22048521711743282,0.24678336133559545,7598,3959,0,58,32,30,0,0,1024.0,1024.0,1024.0,6.356223412354788,68.26714324951172,0.0002586345852084849,25.202143155999693,1.3371105194091797,1.396484375
fold0_seed17,cova3d_c50_frg_fold0_seed17,C50_FRG,0,17,1442930804,5b009bcbfb754a4428b83e34af6786ee8cfef7c748a8855ca8449d5d73480671,765e18dc4cc7874a772e9a4238ee5292985f2501b8e8b829f1274ff767956ad6,11,12,120,720,0.41175545741959163,0.20352644995291486,0.20822900533676147,8260,4207,1,72,28,20,0,0,1024.0,1024.0,1024.0,5.357904549936453,34.2359733581543,0.0002498568710810032,25.214702337999825,1.3371105194091797,1.396484375
fold0_seed17,cova3d_c50_frg_fold0_seed17,C50_FRG,0,17,1442930804,5b009bcbfb754a4428b83e34af6786ee8cfef7c748a8855ca8449d5d73480671,765e18dc4cc7874a772e9a4238ee5292985f2501b8e8b829f1274ff767956ad6,12,13,120,780,0.3686489544905877,0.18031686012691353,0.18833209375540416,8045,4108,1,63,31,26,0,0,1024.0,1024.0,1024.0,5.652992361783982,19.283409118652344,0.0002404189072956492,25.29338118099986,1.3371105194091797,1.396484375
fold0_seed17,cova3d_c50_frg_fold0_seed17,C50_FRG,0,17,1442930804,5b009bcbfb754a4428b83e34af6786ee8cfef7c748a8855ca8449d5d73480671,765e18dc4cc7874a772e9a4238ee5292985f2501b8e8b829f1274ff767956ad6,13,14,120,840,0.3971694130690594,0.1950138364876087,0.20215557714303334,8294,4131,2,52,36,32,0,0,1024.0,1024.0,1024.0,5.789377427101135,21.954580307006836,0.00023038404898248976,25.170672246000322,1.3371105194091797,1.396484375
fold0_seed17,cova3d_c50_frg_fold0_seed17,C50_FRG,0,17,1442930804,5b009bcbfb754a4428b83e34af6786ee8cfef7c748a8855ca8449d5d73480671,765e18dc4cc7874a772e9a4238ee5292985f2501b8e8b829f1274ff767956ad6,14,15,120,900,0.3965353498051021,0.18101295156181246,0.21552240004142126,7795,3757,0,63,36,21,0,0,1024.0,1024.0,1024.0,5.121778710186481,18.039459228515625,0.00021981965810307605,25.191956026999833,1.3371105194091797,1.396484375
fold0_seed17,cova3d_c50_frg_fold0_seed17,C50_FRG,0,17,1442930804,5b009bcbfb754a4428b83e34af6786ee8cfef7c748a8855ca8449d5d73480671,765e18dc4cc7874a772e9a4238ee5292985f2501b8e8b829f1274ff767956ad6,15,16,120,960,0.2634008857681086,0.12610530601474845,0.13729558090368907,8172,4310,2,63,27,30,0,0,1024.0,1024.0,1024.0,3.93971825192372,20.05442237854004,0.00020879665126330557,25.115596988000107,1.3371105194091797,1.396484375
fold0_seed17,cova3d_c50_frg_fold0_seed17,C50_FRG,0,17,1442930804,5b009bcbfb754a4428b83e34af6786ee8cfef7c748a8855ca8449d5d73480671,765e18dc4cc7874a772e9a4238ee5292985f2501b8e8b829f1274ff767956ad6,16,17,120,1020,0.25043315373659425,0.11490203144894622,0.13553112149238586,8329,4367,2,63,22,35,0,0,1024.0,1024.0,1024.0,4.607079168284932,17.17572593688965,0.00019738902366467966,25.220663333000175,1.3371105194091797,1.396484375
fold0_seed17,cova3d_c50_frg_fold0_seed17,C50_FRG,0,17,1442930804,5b009bcbfb754a4428b83e34af6786ee8cfef7c748a8855ca8449d5d73480671,765e18dc4cc7874a772e9a4238ee5292985f2501b8e8b829f1274ff767956ad6,17,18,120,1080,0.23046474211951135,0.11497161574543498,0.11549312671025594,8338,4363,1,63,24,33,0,0,1024.0,1024.0,1024.0,4.945532150069872,26.44101333618164,0.00018567335238957547,25.12627095100015,1.3371105194091797,1.396484375
fold0_seed17,cova3d_c50_frg_fold0_seed17,C50_FRG,0,17,1442930804,5b009bcbfb754a4428b83e34af6786ee8cfef7c748a8855ca8449d5d73480671,765e18dc4cc7874a772e9a4238ee5292985f2501b8e8b829f1274ff767956ad6,18,19,120,1140,0.26912726219628286,0.11383887250134042,0.1552883893251419,8113,4189,1,61,27,32,0,0,1024.0,1024.0,1024.0,5.346036794533332,44.42664337158203,0.0001737282823548769,25.158334072999878,1.3371105194091797,1.396484375
fold0_seed17,cova3d_c50_frg_fold0_seed17,C50_FRG,0,17,1442930804,5b009bcbfb754a4428b83e34af6786ee8cfef7c748a8855ca8449d5d73480671,765e18dc4cc7874a772e9a4238ee5292985f2501b8e8b829f1274ff767956ad6,19,20,120,1200,0.19890737759845553,0.08353506322306808,0.11537231355905533,8236,4387,3,62,28,30,0,0,1024.0,1024.0,1024.0,4.214132313383743,34.57634353637695,0.00016163399838465363,25.165849923999758,1.3371105194091797,1.396484375
fold0_seed17,cova3d_c50_frg_fold0_seed17,C50_FRG,0,17,1442930804,5b009bcbfb754a4428b83e34af6786ee8cfef7c748a8855ca8449d5d73480671,765e18dc4cc7874a772e9a4238ee5292985f2501b8e8b829f1274ff767956ad6,20,21,120,1260,0.19591103190208134,0.08033998222823963,0.1155710498491923,7895,3883,2,65,29,26,0,0,1024.0,1024.0,1024.0,4.525875109185775,41.035308837890625,0.00014947168694575625,25.198144813,1.3371105194091797,1.396484375
fold0_seed17,cova3d_c50_frg_fold0_seed17,C50_FRG,0,17,1442930804,5b009bcbfb754a4428b83e34af6786ee8cfef7c748a8855ca8449d5d73480671,765e18dc4cc7874a772e9a4238ee5292985f2501b8e8b829f1274ff767956ad6,21,22,120,1320,0.17720937373536952,0.06714028505940632,0.11006908963123957,7790,4003,2,61,30,29,0,0,1024.0,1024.0,1024.0,3.99145427942276,18.85414695739746,0.0001373229911595876,25.034703736999745,1.3371105194091797,1.396484375
fold0_seed17,cova3d_c50_frg_fold0_seed17,C50_FRG,0,17,1442930804,5b009bcbfb754a4428b83e34af6786ee8cfef7c748a8855ca8449d5d73480671,765e18dc4cc7874a772e9a4238ee5292985f2501b8e8b829f1274ff767956ad6,22,23,120,1380,0.20098172844456766,0.08110029220666562,0.11988143771886825,8547,4448,1,69,20,31,0,0,1024.0,1024.0,1024.0,4.6213937100023035,22.51722526550293,0.00012526946274844474,25.101707100999647,1.3371105194091797,1.396484375
fold0_seed17,cova3d_c50_frg_fold0_seed17,C50_FRG,0,17,1442930804,5b009bcbfb754a4428b83e34af6786ee8cfef7c748a8855ca8449d5d73480671,765e18dc4cc7874a772e9a4238ee5292985f2501b8e8b829f1274ff767956ad6,23,24,120,1440,0.20385437215151495,0.058886784562813925,0.14496758878231047,8862,4640,3,60,27,33,0,0,1024.0,1024.0,1024.0,3.542019266821444,24.275300979614258,0.00011339201459540494,25.12506099700022,1.3371105194091797,1.396484375
fold0_seed17,cova3d_c50_frg_fold0_seed17,C50_FRG,0,17,1442930804,5b009bcbfb754a4428b83e34af6786ee8cfef7c748a8855ca8449d5d73480671,765e18dc4cc7874a772e9a4238ee5292985f2501b8e8b829f1274ff767956ad6,24,25,120,1500,0.2591069253324387,0.053925132042941,0.2051817938685417,7612,3884,0,57,32,31,0,0,1024.0,1024.0,1024.0,3.4717327039688826,15.234660148620605,0.00010177037759260854,25.10768626199979,1.3371105194091797,1.396484375
fold0_seed17,cova3d_c50_frg_fold0_seed17,C50_FRG,0,17,1442930804,5b009bcbfb754a4428b83e34af6786ee8cfef7c748a8855ca8449d5d73480671,765e18dc4cc7874a772e9a4238ee5292985f2501b8e8b829f1274ff767956ad6,25,26,120,1560,0.1841179879689065,0.04501569868319564,0.13910229007403055,8379,4365,3,61,27,32,0,0,1024.0,1024.0,1024.0,2.611906649156784,19.687118530273438,9.048256542400759e-05,25.01698836000014,1.3371105194091797,1.396484375
fold0_seed17,cova3d_c50_frg_fold0_seed17,C50_FRG,0,17,1442930804,5b009bcbfb754a4428b83e34af6786ee8cfef7c748a8855ca8449d5d73480671,765e18dc4cc7874a772e9a4238ee5292985f2501b8e8b829f1274ff767956ad6,26,27,120,1620,0.19665950944861474,0.051474501308140456,0.1451850081483523,8216,4307,2,59,32,29,0,0,1024.0,1024.0,1024.0,4.311380224923293,72.21975708007812,7.960435087538242e-05,25.007156971000313,1.3371105194091797,1.396484375
fold0_seed17,cova3d_c50_frg_fold0_seed17,C50_FRG,0,17,1442930804,5b009bcbfb754a4428b83e34af6786ee8cfef7c748a8855ca8449d5d73480671,765e18dc4cc7874a772e9a4238ee5292985f2501b8e8b829f1274ff767956ad6,27,28,120,1680,0.1985522908427645,0.03750511598811433,0.16104717552661896,8604,4565,1,62,25,33,0,0,1024.0,1024.0,1024.0,2.8953639981492114,11.520819664001465,6.920875718705205e-05,24.989395020999837,1.3371105194091797,1.396484375
fold0_seed17,cova3d_c50_frg_fold0_seed17,C50_FRG,0,17,1442930804,5b009bcbfb754a4428b83e34af6786ee8cfef7c748a8855ca8449d5d73480671,765e18dc4cc7874a772e9a4238ee5292985f2501b8e8b829f1274ff767956ad6,28,29,120,1740,0.13014416243774984,0.037851980791024135,0.09229218115409216,8549,4479,2,65,23,32,0,0,1024.0,1024.0,1024.0,2.8987315575825052,26.015565872192383,5.936556786372413e-05,24.987927804000265,1.3371105194091797,1.396484375
fold0_seed17,cova3d_c50_frg_fold0_seed17,C50_FRG,0,17,1442930804,5b009bcbfb754a4428b83e34af6786ee8cfef7c748a8855ca8449d5d73480671,765e18dc4cc7874a772e9a4238ee5292985f2501b8e8b829f1274ff767956ad6,29,30,120,1800,0.12878436690641618,0.03784122447717664,0.09094314227501551,8058,4277,1,59,28,33,0,0,1024.0,1024.0,1024.0,2.7544869396525127,20.327280044555664,5.014085823202989e-05,24.979720546999943,1.3371105194091797,1.396484375
fold0_seed17,cova3d_c50_frg_fold0_seed17,C50_FRG,0,17,1442930804,5b009bcbfb754a4428b83e34af6786ee8cfef7c748a8855ca8449d5d73480671,765e18dc4cc7874a772e9a4238ee5292985f2501b8e8b829f1274ff767956ad6,30,31,120,1860,0.13835580887831825,0.02574981578759128,0.11260599295298258,7924,4184,0,69,28,23,0,0,1024.0,1024.0,1024.0,2.4553039383570043,18.963991165161133,4.159655189030408e-05,25.061220938000133,1.3371105194091797,1.396484375
fold0_seed17,cova3d_c50_frg_fold0_seed17,C50_FRG,0,17,1442930804,5b009bcbfb754a4428b83e34af6786ee8cfef7c748a8855ca8449d5d73480671,765e18dc4cc7874a772e9a4238ee5292985f2501b8e8b829f1274ff767956ad6,31,32,120,1920,0.16365377454034896,0.038154651580312574,0.12549912383159,8697,4551,2,53,37,30,0,0,1024.0,1024.0,1024.0,3.222197735284135,37.27117919921875,3.379000502807257e-05,25.081743645000188,1.3371105194091797,1.396484375
fold0_seed17,cova3d_c50_frg_fold0_seed17,C50_FRG,0,17,1442930804,5b009bcbfb754a4428b83e34af6786ee8cfef7c748a8855ca8449d5d73480671,765e18dc4cc7874a772e9a4238ee5292985f2501b8e8b829f1274ff767956ad6,32,33,120,1980,0.14574479697247408,0.04518832045544284,0.10055647591749826,8467,4338,1,63,21,36,0,0,1024.0,1024.0,1024.0,3.1241330235575635,43.70087814331055,2.6773621405624713e-05,25.021641585999987,1.3371105194091797,1.396484375
fold0_seed17,cova3d_c50_frg_fold0_seed17,C50_FRG,0,17,1442930804,5b009bcbfb754a4428b83e34af6786ee8cfef7c748a8855ca8449d5d73480671,765e18dc4cc7874a772e9a4238ee5292985f2501b8e8b829f1274ff767956ad6,33,34,120,2040,0.15464432198104075,0.033622899177406275,0.1210214227437973,8473,4464,0,59,41,20,0,0,1024.0,1024.0,1024.0,3.3261466507722313,47.145668029785156,2.059450057823627e-05,25.080654313000196,1.3371105194091797,1.396484375
fold0_seed17,cova3d_c50_frg_fold0_seed17,C50_FRG,0,17,1442930804,5b009bcbfb754a4428b83e34af6786ee8cfef7c748a8855ca8449d5d73480671,765e18dc4cc7874a772e9a4238ee5292985f2501b8e8b829f1274ff767956ad6,34,35,120,2100,0.1355515221291763,0.039432053660002,0.09611946841080983,7748,4017,0,58,36,26,0,0,1024.0,1024.0,1024.0,3.4871487203946647,32.26250457763672,1.5294121726440254e-05,25.04390698599991,1.3371105194091797,1.396484375
fold0_seed17,cova3d_c50_frg_fold0_seed17,C50_FRG,0,17,1442930804,5b009bcbfb754a4428b83e34af6786ee8cfef7c748a8855ca8449d5d73480671,765e18dc4cc7874a772e9a4238ee5292985f2501b8e8b829f1274ff767956ad6,35,36,120,2160,0.15520637856753675,0.024701974396392736,0.13050440400838853,7916,4134,3,68,26,26,0,0,1024.0,1024.0,1024.0,2.0624407921296855,10.081295013427734,1.0908065214729997e-05,24.97272853100003,1.3371105194091797,1.396484375
fold0_seed17,cova3d_c50_frg_fold0_seed17,C50_FRG,0,17,1442930804,5b009bcbfb754a4428b83e34af6786ee8cfef7c748a8855ca8449d5d73480671,765e18dc4cc7874a772e9a4238ee5292985f2501b8e8b829f1274ff767956ad6,36,37,120,2220,0.17704355032614535,0.028177679048413586,0.14886587212483088,7681,3915,3,61,30,29,0,0,1024.0,1024.0,1024.0,3.140801840934243,32.03572082519531,7.465773747813819e-06,24.957339374000185,1.3371105194091797,1.396484375
fold0_seed17,cova3d_c50_frg_fold0_seed17,C50_FRG,0,17,1442930804,5b009bcbfb754a4428b83e34af6786ee8cfef7c748a8855ca8449d5d73480671,765e18dc4cc7874a772e9a4238ee5292985f2501b8e8b829f1274ff767956ad6,37,38,120,2280,0.17610262189531595,0.03183748443184287,0.14426513810952504,8509,4406,1,59,29,32,0,0,1024.0,1024.0,1024.0,2.686479178753992,19.936662673950195,4.990354727730315e-06,24.984158642999773,1.3371105194091797,1.396484375
fold0_seed17,cova3d_c50_frg_fold0_seed17,C50_FRG,0,17,1442930804,5b009bcbfb754a4428b83e34af6786ee8cfef7c748a8855ca8449d5d73480671,765e18dc4cc7874a772e9a4238ee5292985f2501b8e8b829f1274ff767956ad6,38,39,120,2340,0.10917876574261906,0.022619880976439313,0.08655888587236404,8618,4525,0,57,31,32,0,0,1024.0,1024.0,1024.0,2.1633311166389224,11.666224479675293,3.498425138561358e-06,24.9011534010001,1.3371105194091797,1.396484375
fold0_seed17,cova3d_c50_frg_fold0_seed17,C50_FRG,0,17,1442930804,5b009bcbfb754a4428b83e34af6786ee8cfef7c748a8855ca8449d5d73480671,765e18dc4cc7874a772e9a4238ee5292985f2501b8e8b829f1274ff767956ad6,39,40,120,2400,0.12389702555281398,0.013750028363638951,0.11014699687560399,7835,4103,0,58,36,26,0,0,1024.0,1024.0,1024.0,1.7988881615766634,18.21514320373535,3e-06,24.913381668000056,1.3371105194091797,1.396484375
fold0_seed17,cova3d_c100_coh_fold0_seed17,C100_COH,0,17,1442930804,5b009bcbfb754a4428b83e34af6786ee8cfef7c748a8855ca8449d5d73480671,765e18dc4cc7874a772e9a4238ee5292985f2501b8e8b829f1274ff767956ad6,0,1,120,60,2.60710413553752,1.9773422156615803,0.6297619154055913,7841,4018,1,67,23,30,1,1,2048.0,4096.0,2048.0,83.02513136863709,262.51202392578125,0.00017999999999999998,25.795770514000196,1.3364238739013672,1.380859375
fold0_seed17,cova3d_c100_coh_fold0_seed17,C100_COH,0,17,1442930804,5b009bcbfb754a4428b83e34af6786ee8cfef7c748a8855ca8449d5d73480671,765e18dc4cc7874a772e9a4238ee5292985f2501b8e8b829f1274ff767956ad6,1,2,120,120,0.9086611051461659,0.5797022231544058,0.32895887990792594,8131,4029,1,61,28,31,0,0,2048.0,2048.0,2048.0,21.367665425688028,86.33680725097656,0.0002999445918673937,25.364986444999886,1.3364238739013672,1.380859375
fold0_seed17,cova3d_c100_coh_fold0_seed17,C100_COH,0,17,1442930804,5b009bcbfb754a4428b83e34af6786ee8cfef7c748a8855ca8449d5d73480671,765e18dc4cc7874a772e9a4238ee5292985f2501b8e8b829f1274ff767956ad6,2,3,120,180,0.6567630757112056,0.37425559519906526,0.282507478694121,7947,3916,4,59,34,27,0,0,2048.0,2048.0,2048.0,7.588527392596006,42.56293487548828,0.0002991142965839822,25.167972135000127,1.3364238739013672,1.380859375
fold0_seed17,cova3d_c100_coh_fold0_seed17,C100_COH,0,17,1442930804,5b009bcbfb754a4428b83e34af6786ee8cfef7c748a8855ca8449d5d73480671,765e18dc4cc7874a772e9a4238ee5292985f2501b8e8b829f1274ff767956ad6,3,4,120,240,0.5660206460389114,0.31275339829783966,0.253267244497935,7830,3906,3,61,36,23,0,0,2048.0,2048.0,2048.0,6.729668142398198,21.0207462310791,0.0002972930965702204,25.232257162000224,1.3364238739013672,1.380859375
fold0_seed17,cova3d_c100_coh_fold0_seed17,C100_COH,0,17,1442930804,5b009bcbfb754a4428b83e34af6786ee8cfef7c748a8855ca8449d5d73480671,765e18dc4cc7874a772e9a4238ee5292985f2501b8e8b829f1274ff767956ad6,4,5,120,300,0.4061641802526234,0.2355206709355116,0.1706435109178225,7543,3653,1,63,29,28,0,0,2048.0,2048.0,2048.0,5.747570514678955,21.054372787475586,0.0002944932171711482,25.2623137530004,1.3364238739013672,1.380859375
fold0_seed17,cova3d_c100_coh_fold0_seed17,C100_COH,0,17,1442930804,5b009bcbfb754a4428b83e34af6786ee8cfef7c748a8855ca8449d5d73480671,765e18dc4cc7874a772e9a4238ee5292985f2501b8e8b829f1274ff767956ad6,5,6,120,360,0.43088711425007203,0.2261051597619371,0.2047819525003433,8738,4508,2,58,31,31,0,0,2048.0,2048.0,2048.0,5.961511518557867,25.16005516052246,0.000290733453407337,25.24072583799989,1.3364238739013672,1.380859375
fold0_seed17,cova3d_c100_coh_fold0_seed17,C100_COH,0,17,1442930804,5b009bcbfb754a4428b83e34af6786ee8cfef7c748a8855ca8449d5d73480671,765e18dc4cc7874a772e9a4238ee5292985f2501b8e8b829f1274ff767956ad6,6,7,120,420,0.41763001177411446,0.20586446540813388,0.21176554411649703,8034,3852,2,59,34,27,0,0,2048.0,2048.0,2048.0,5.526194923122724,33.04918670654297,0.0002860390438077423,25.134574178000094,1.3364238739013672,1.380859375
fold0_seed17,cova3d_c100_coh_fold0_seed17,C100_COH,0,17,1442930804,5b009bcbfb754a4428b83e34af6786ee8cfef7c748a8855ca8449d5d73480671,765e18dc4cc7874a772e9a4238ee5292985f2501b8e8b829f1274ff767956ad6,7,8,120,480,0.3735691917658187,0.18012120415569371,0.19344799021879833,7875,3979,2,58,31,31,0,0,2048.0,2048.0,2048.0,6.39573057492574,32.68657302856445,0.00028044150098859483,25.21190341700003,1.3364238739013672,1.380859375
fold0_seed17,cova3d_c100_coh_fold0_seed17,C100_COH,0,17,1442930804,5b009bcbfb754a4428b83e34af6786ee8cfef7c748a8855ca8449d5d73480671,765e18dc4cc7874a772e9a4238ee5292985f2501b8e8b829f1274ff767956ad6,8,9,120,540,0.34828230917053893,0.16682269412648718,0.18145961463451385,8054,3967,1,57,28,35,0,0,2048.0,2048.0,2048.0,5.0970994394893445,16.36989402770996,0.0002739784001156218,25.247538573000384,1.3364238739013672,1.380859375
fold0_seed17,cova3d_c100_coh_fold0_seed17,C100_COH,0,17,1442930804,5b009bcbfb754a4428b83e34af6786ee8cfef7c748a8855ca8449d5d73480671,765e18dc4cc7874a772e9a4238ee5292985f2501b8e8b829f1274ff767956ad6,9,10,120,600,0.3009499294778209,0.14769692287427272,0.153253007431825,8073,3921,2,54,33,33,0,0,2048.0,2048.0,2048.0,5.115280789136887,34.45634078979492,0.0002666931266696063,25.18924065900046,1.3364238739013672,1.380859375
fold0_seed17,cova3d_c100_coh_fold0_seed17,C100_COH,0,17,1442930804,5b009bcbfb754a4428b83e34af6786ee8cfef7c748a8855ca8449d5d73480671,765e18dc4cc7874a772e9a4238ee5292985f2501b8e8b829f1274ff767956ad6,10,11,120,660,0.2596733277950534,0.12048601653387626,0.13918731063604356,7408,3670,1,58,32,30,0,0,2048.0,2048.0,2048.0,5.145963668326536,36.005062103271484,0.0002586345852084849,25.20913309000025,1.3364238739013672,1.380859375
fold0_seed17,cova3d_c100_coh_fold0_seed17,C100_COH,0,17,1442930804,5b009bcbfb754a4428b83e34af6786ee8cfef7c748a8855ca8449d5d73480671,765e18dc4cc7874a772e9a4238ee5292985f2501b8e8b829f1274ff767956ad6,11,12,120,720,0.24213666562233507,0.10343098672674386,0.13870567927757899,8109,4024,1,72,28,20,0,0,2048.0,2048.0,2048.0,4.239172233392795,19.80023193359375,0.0002498568710810032,25.023489150000387,1.3364238739013672,1.380859375
fold0_seed17,cova3d_c100_coh_fold0_seed17,C100_COH,0,17,1442930804,5b009bcbfb754a4428b83e34af6786ee8cfef7c748a8855ca8449d5d73480671,765e18dc4cc7874a772e9a4238ee5292985f2501b8e8b829f1274ff767956ad6,12,13,120,780,0.2574603139743677,0.12314744023006957,0.134312874575456,7671,3727,1,63,31,26,0,0,2048.0,2048.0,2048.0,5.919538971781731,55.314659118652344,0.0002404189072956492,25.101315889000034,1.3364238739013672,1.380859375
fold0_seed17,cova3d_c100_coh_fold0_seed17,C100_COH,0,17,1442930804,5b009bcbfb754a4428b83e34af6786ee8cfef7c748a8855ca8449d5d73480671,765e18dc4cc7874a772e9a4238ee5292985f2501b8e8b829f1274ff767956ad6,13,14,120,840,0.22242665957379018,0.09886013808647552,0.12356652021408081,8218,4050,2,52,36,32,0,0,2048.0,2048.0,2048.0,4.034693873720244,21.87107276916504,0.00023038404898248976,25.21042575699994,1.3364238739013672,1.380859375
fold0_seed17,cova3d_c100_coh_fold0_seed17,C100_COH,0,17,1442930804,5b009bcbfb754a4428b83e34af6786ee8cfef7c748a8855ca8449d5d73480671,765e18dc4cc7874a772e9a4238ee5292985f2501b8e8b829f1274ff767956ad6,14,15,120,900,0.1888389609057801,0.06916071540703576,0.11967824548482894,8113,4009,0,63,36,21,0,0,2048.0,2048.0,2048.0,3.2108852649728457,14.212690353393555,0.00021981965810307605,25.175399775000187,1.3364238739013672,1.380859375
fold0_seed17,cova3d_c100_coh_fold0_seed17,C100_COH,0,17,1442930804,5b009bcbfb754a4428b83e34af6786ee8cfef7c748a8855ca8449d5d73480671,765e18dc4cc7874a772e9a4238ee5292985f2501b8e8b829f1274ff767956ad6,15,16,120,960,0.15597845502034915,0.05815731190730412,0.097821144759655,7856,3953,2,63,27,30,0,0,2048.0,2048.0,2048.0,3.1748236750562984,9.581820487976074,0.00020879665126330557,25.066745774000083,1.3364238739013672,1.380859375
fold0_seed17,cova3d_c100_coh_fold0_seed17,C100_COH,0,17,1442930804,5b009bcbfb754a4428b83e34af6786ee8cfef7c748a8855ca8449d5d73480671,765e18dc4cc7874a772e9a4238ee5292985f2501b8e8b829f1274ff767956ad6,16,17,120,1020,0.13426917750047868,0.05469769776551645,0.0795714795589447,7839,3923,3,63,22,35,0,0,2048.0,2048.0,2048.0,3.3589075406392417,22.075902938842773,0.00019738902366467966,25.14986338699964,1.3364238739013672,1.380859375
fold0_seed17,cova3d_c100_coh_fold0_seed17,C100_COH,0,17,1442930804,5b009bcbfb754a4428b83e34af6786ee8cfef7c748a8855ca8449d5d73480671,765e18dc4cc7874a772e9a4238ee5292985f2501b8e8b829f1274ff767956ad6,17,18,120,1080,0.10474704466328813,0.04663080614704523,0.058116237819194796,8127,4037,2,63,24,33,0,0,2048.0,2048.0,2048.0,2.6012572659334787,14.54990005493164,0.00018567335238957547,24.991662660000657,1.3364238739013672,1.380859375
fold0_seed17,cova3d_c100_coh_fold0_seed17,C100_COH,0,17,1442930804,5b009bcbfb754a4428b83e34af6786ee8cfef7c748a8855ca8449d5d73480671,765e18dc4cc7874a772e9a4238ee5292985f2501b8e8b829f1274ff767956ad6,18,19,120,1140,0.1556296520015974,0.060043101841458446,0.09558655073245366,7943,3954,0,61,27,32,0,0,2048.0,2048.0,2048.0,4.373114399472252,33.83842086791992,0.0001737282823548769,25.045705120999628,1.3364238739013672,1.380859375
fold0_seed17,cova3d_c100_coh_fold0_seed17,C100_COH,0,17,1442930804,5b009bcbfb754a4428b83e34af6786ee8cfef7c748a8855ca8449d5d73480671,765e18dc4cc7874a772e9a4238ee5292985f2501b8e8b829f1274ff767956ad6,19,20,120,1200,0.16087484442998243,0.06753268920531724,0.09334215521812439,7831,3992,4,62,28,30,0,0,2048.0,2048.0,2048.0,3.9394526186088723,26.955686569213867,0.00016163399838465363,25.027929808999943,1.3364238739013672,1.380859375
fold0_seed17,cova3d_c100_coh_fold0_seed17,C100_COH,0,17,1442930804,5b009bcbfb754a4428b83e34af6786ee8cfef7c748a8855ca8449d5d73480671,765e18dc4cc7874a772e9a4238ee5292985f2501b8e8b829f1274ff767956ad6,20,21,120,1260,0.11296763844783406,0.0338846279500455,0.07908301005760829,7975,3974,1,65,29,26,0,0,2048.0,2048.0,2048.0,2.607446473883465,18.103057861328125,0.00014947168694575625,25.022412538000026,1.3364238739013672,1.380859375
fold0_seed17,cova3d_c100_coh_fold0_seed17,C100_COH,0,17,1442930804,5b009bcbfb754a4428b83e34af6786ee8cfef7c748a8855ca8449d5d73480671,765e18dc4cc7874a772e9a4238ee5292985f2501b8e8b829f1274ff767956ad6,21,22,120,1320,0.106082022998906,0.035395677143399744,0.07068634529908498,7486,3781,3,61,30,29,0,0,2048.0,2048.0,2048.0,2.798804432464143,17.415468215942383,0.0001373229911595876,24.989187552999283,1.3364238739013672,1.380859375
fold0_seed17,cova3d_c100_coh_fold0_seed17,C100_COH,0,17,1442930804,5b009bcbfb754a4428b83e34af6786ee8cfef7c748a8855ca8449d5d73480671,765e18dc4cc7874a772e9a4238ee5292985f2501b8e8b829f1274ff767956ad6,22,23,120,1380,0.08816464259621043,0.029208596977194766,0.05895604540904363,8252,4073,1,69,20,31,0,0,2048.0,2048.0,2048.0,2.2635787648148833,19.98102378845215,0.00012526946274844474,25.003155964999678,1.3364238739013672,1.380859375
fold0_seed17,cova3d_c100_coh_fold0_seed17,C100_COH,0,17,1442930804,5b009bcbfb754a4428b83e34af6786ee8cfef7c748a8855ca8449d5d73480671,765e18dc4cc7874a772e9a4238ee5292985f2501b8e8b829f1274ff767956ad6,23,24,120,1440,0.1439460116067353,0.032427887768457855,0.11151812473932902,8418,4105,3,60,27,33,0,0,2048.0,2048.0,2048.0,2.754972610498468,24.137187957763672,0.00011339201459540494,24.955026551999254,1.3364238739013672,1.380859375
fold0_seed17,cova3d_c100_coh_fold0_seed17,C100_COH,0,17,1442930804,5b009bcbfb754a4428b83e34af6786ee8cfef7c748a8855ca8449d5d73480671,765e18dc4cc7874a772e9a4238ee5292985f2501b8e8b829f1274ff767956ad6,24,25,120,1500,0.19399142389991683,0.05323143722486283,0.14075998763243358,7318,3549,0,57,32,31,0,0,2048.0,2048.0,2048.0,3.7582204150327017,30.22043228149414,0.00010177037759260854,24.977847819999624,1.3364238739013672,1.380859375
fold0_seed17,cova3d_c100_coh_fold0_seed17,C100_COH,0,17,1442930804,5b009bcbfb754a4428b83e34af6786ee8cfef7c748a8855ca8449d5d73480671,765e18dc4cc7874a772e9a4238ee5292985f2501b8e8b829f1274ff767956ad6,25,26,120,1560,0.12548246592958504,0.0225214436185388,0.10296102166175843,8142,4091,3,61,27,32,0,0,2048.0,2048.0,2048.0,2.01367115053193,12.443879127502441,9.048256542400759e-05,25.017608832000406,1.3364238739013672,1.380859375
fold0_seed17,cova3d_c100_coh_fold0_seed17,C100_COH,0,17,1442930804,5b009bcbfb754a4428b83e34af6786ee8cfef7c748a8855ca8449d5d73480671,765e18dc4cc7874a772e9a4238ee5292985f2501b8e8b829f1274ff767956ad6,26,27,120,1620,0.09183561118513754,0.027754672874152144,0.06408093770345052,7752,3817,0,59,32,29,0,0,2048.0,2048.0,2048.0,2.7625069978957373,29.57589340209961,7.960435087538242e-05,24.998661784999967,1.3364238739013672,1.380859375
fold0_seed17,cova3d_c100_coh_fold0_seed17,C100_COH,0,17,1442930804,5b009bcbfb754a4428b83e34af6786ee8cfef7c748a8855ca8449d5d73480671,765e18dc4cc7874a772e9a4238ee5292985f2501b8e8b829f1274ff767956ad6,27,28,120,1680,0.1271538037708755,0.024297590441417456,0.10285621335109076,8249,4156,0,62,25,33,0,0,2048.0,2048.0,2048.0,2.472026467307781,18.672977447509766,6.920875718705205e-05,24.984084055000494,1.3364238739013672,1.380859375
fold0_seed17,cova3d_c100_coh_fold0_seed17,C100_COH,0,17,1442930804,5b009bcbfb754a4428b83e34af6786ee8cfef7c748a8855ca8449d5d73480671,765e18dc4cc7874a772e9a4238ee5292985f2501b8e8b829f1274ff767956ad6,28,29,120,1740,0.10265643432671337,0.024097100655644358,0.07855933358271917,8326,4180,2,65,23,32,0,0,2048.0,2048.0,2048.0,2.090679371430694,14.112237930297852,5.936556786372413e-05,24.91682973600018,1.3364238739013672,1.380859375
fold0_seed17,cova3d_c100_coh_fold0_seed17,C100_COH,0,17,1442930804,5b009bcbfb754a4428b83e34af6786ee8cfef7c748a8855ca8449d5d73480671,765e18dc4cc7874a772e9a4238ee5292985f2501b8e8b829f1274ff767956ad6,29,30,120,1800,0.07967692288125473,0.02823357181555452,0.05144335081179937,7689,3772,1,59,28,33,0,0,2048.0,2048.0,2048.0,2.717010044826505,44.657958984375,5.014085823202989e-05,24.974790050000593,1.3364238739013672,1.380859375
fold0_seed17,cova3d_c100_coh_fold0_seed17,C100_COH,0,17,1442930804,5b009bcbfb754a4428b83e34af6786ee8cfef7c748a8855ca8449d5d73480671,765e18dc4cc7874a772e9a4238ee5292985f2501b8e8b829f1274ff767956ad6,30,31,120,1860,0.1020393382435101,0.014621860809164238,0.0874174768726031,7636,3749,1,69,28,23,0,0,2048.0,2048.0,2048.0,1.88221165632555,15.60651683807373,4.159655189030408e-05,25.020605700000488,1.3364238739013672,1.380859375
fold0_seed17,cova3d_c100_coh_fold0_seed17,C100_COH,0,17,1442930804,5b009bcbfb754a4428b83e34af6786ee8cfef7c748a8855ca8449d5d73480671,765e18dc4cc7874a772e9a4238ee5292985f2501b8e8b829f1274ff767956ad6,31,32,120,1920,0.10769510948440261,0.021241838322549386,0.08645327091217041,7993,3865,2,53,37,30,0,0,2048.0,2048.0,2048.0,2.3164336051093413,18.997116088867188,3.379000502807257e-05,24.938277948999712,1.3364238739013672,1.380859375
fold0_seed17,cova3d_c100_coh_fold0_seed17,C100_COH,0,17,1442930804,5b009bcbfb754a4428b83e34af6786ee8cfef7c748a8855ca8449d5d73480671,765e18dc4cc7874a772e9a4238ee5292985f2501b8e8b829f1274ff767956ad6,32,33,120,1980,0.08503043046484589,0.024125354169393445,0.060905076066652936,8286,4181,1,63,21,36,0,0,2048.0,2048.0,2048.0,2.2773699539403123,16.217269897460938,2.6773621405624713e-05,25.030736896000235,1.3364238739013672,1.380859375
fold0_seed17,cova3d_c100_coh_fold0_seed17,C100_COH,0,17,1442930804,5b009bcbfb754a4428b83e34af6786ee8cfef7c748a8855ca8449d5d73480671,765e18dc4cc7874a772e9a4238ee5292985f2501b8e8b829f1274ff767956ad6,33,34,120,2040,0.07420951238506042,0.017002655387752294,0.05720685670773188,7997,3981,0,59,41,20,0,0,2048.0,2048.0,2048.0,2.5991627358753857,17.958459854125977,2.059450057823627e-05,25.001578495000103,1.3364238739013672,1.380859375
fold0_seed17,cova3d_c100_coh_fold0_seed17,C100_COH,0,17,1442930804,5b009bcbfb754a4428b83e34af6786ee8cfef7c748a8855ca8449d5d73480671,765e18dc4cc7874a772e9a4238ee5292985f2501b8e8b829f1274ff767956ad6,34,35,120,2100,0.07456328226988287,0.020836391179774285,0.053726892173290255,7738,3920,1,58,36,26,0,0,2048.0,2048.0,2048.0,2.7505066807595235,28.931293487548828,1.5294121726440254e-05,25.002951163000034,1.3364238739013672,1.380859375
fold0_seed17,cova3d_c100_coh_fold0_seed17,C100_COH,0,17,1442930804,5b009bcbfb754a4428b83e34af6786ee8cfef7c748a8855ca8449d5d73480671,765e18dc4cc7874a772e9a4238ee5292985f2501b8e8b829f1274ff767956ad6,35,36,120,2160,0.08532735172160807,0.01809757448776941,0.06722977757453918,7661,3775,3,68,26,26,0,0,2048.0,2048.0,2048.0,3.4772835998485485,40.48136901855469,1.0908065214729997e-05,24.944794510000065,1.3364238739013672,1.380859375
fold0_seed17,cova3d_c100_coh_fold0_seed17,C100_COH,0,17,1442930804,5b009bcbfb754a4428b83e34af6786ee8cfef7c748a8855ca8449d5d73480671,765e18dc4cc7874a772e9a4238ee5292985f2501b8e8b829f1274ff767956ad6,36,37,120,2220,0.08064481406238228,0.017838937281534,0.06280587762594222,7607,3787,2,61,30,29,0,0,2048.0,2048.0,2048.0,2.5664090282128504,20.07628059387207,7.465773747813819e-06,24.98059314300008,1.3364238739013672,1.380859375
fold0_seed17,cova3d_c100_coh_fold0_seed17,C100_COH,0,17,1442930804,5b009bcbfb754a4428b83e34af6786ee8cfef7c748a8855ca8449d5d73480671,765e18dc4cc7874a772e9a4238ee5292985f2501b8e8b829f1274ff767956ad6,37,38,120,2280,0.08395863938081659,0.013181001538391903,0.07077763875325521,8328,4144,1,59,29,32,0,0,2048.0,2048.0,2048.0,2.2747400379594183,13.95927906036377,4.990354727730315e-06,25.03633685099976,1.3364238739013672,1.380859375
fold0_seed17,cova3d_c100_coh_fold0_seed17,C100_COH,0,17,1442930804,5b009bcbfb754a4428b83e34af6786ee8cfef7c748a8855ca8449d5d73480671,765e18dc4cc7874a772e9a4238ee5292985f2501b8e8b829f1274ff767956ad6,38,39,120,2340,0.07051600030779474,0.017807186563235326,0.052708813548088075,8240,4077,0,57,31,32,0,0,2048.0,2048.0,2048.0,2.3916019211600843,27.813467025756836,3.498425138561358e-06,25.01430819699999,1.3364238739013672,1.380859375
fold0_seed17,cova3d_c100_coh_fold0_seed17,C100_COH,0,17,1442930804,5b009bcbfb754a4428b83e34af6786ee8cfef7c748a8855ca8449d5d73480671,765e18dc4cc7874a772e9a4238ee5292985f2501b8e8b829f1274ff767956ad6,39,40,120,2400,0.06116035619283094,0.017683709341346086,0.04347664664189021,7584,3778,1,58,36,26,0,0,2048.0,2048.0,2048.0,2.9681598491277934,41.86204147338867,3e-06,24.887649483999667,1.3364238739013672,1.380859375
fold0_seed17,cova3d_c100_dis_fold0_seed17,C100_DIS,0,17,1442930804,5b009bcbfb754a4428b83e34af6786ee8cfef7c748a8855ca8449d5d73480671,765e18dc4cc7874a772e9a4238ee5292985f2501b8e8b829f1274ff767956ad6,0,1,120,60,3.135191641251246,2.43596234464397,0.6992292866110802,7587,3829,1,67,23,30,3,3,512.0,4096.0,512.0,103.10464572906494,429.46453857421875,0.00017999999999999998,26.702210937999553,1.3338451385498047,1.40625
fold0_seed17,cova3d_c100_dis_fold0_seed17,C100_DIS,0,17,1442930804,5b009bcbfb754a4428b83e34af6786ee8cfef7c748a8855ca8449d5d73480671,765e18dc4cc7874a772e9a4238ee5292985f2501b8e8b829f1274ff767956ad6,1,2,120,120,1.1687725670247648,0.7757661161750244,0.3930064544081688,7816,3789,0,61,28,31,0,0,512.0,512.0,512.0,26.7282958984375,114.57684326171875,0.0002999445918673937,25.510198822000348,1.3338451385498047,1.40625
fold0_seed17,cova3d_c100_dis_fold0_seed17,C100_DIS,0,17,1442930804,5b009bcbfb754a4428b83e34af6786ee8cfef7c748a8855ca8449d5d73480671,765e18dc4cc7874a772e9a4238ee5292985f2501b8e8b829f1274ff767956ad6,2,3,120,180,0.94142681521674,0.5776535067086418,0.36377330472071967,7814,3834,1,59,34,27,0,0,512.0,512.0,512.0,10.86904513835907,29.74103546142578,0.0002991142965839822,25.338447733000066,1.3338451385498047,1.40625
fold0_seed17,cova3d_c100_dis_fold0_seed17,C100_DIS,0,17,1442930804,5b009bcbfb754a4428b83e34af6786ee8cfef7c748a8855ca8449d5d73480671,765e18dc4cc7874a772e9a4238ee5292985f2501b8e8b829f1274ff767956ad6,3,4,120,240,0.89671891812856,0.5463779422454536,0.3503409763177236,7826,3880,1,61,36,23,0,0,512.0,512.0,512.0,7.921484780311585,31.540908813476562,0.0002972930965702204,25.1803806300004,1.3338451385498047,1.40625
fold0_seed17,cova3d_c100_dis_fold0_seed17,C100_DIS,0,17,1442930804,5b009bcbfb754a4428b83e34af6786ee8cfef7c748a8855ca8449d5d73480671,765e18dc4cc7874a772e9a4238ee5292985f2501b8e8b829f1274ff767956ad6,4,5,120,300,0.7617495855238909,0.47364665451459587,0.2881029302875201,7375,3543,0,63,29,28,0,0,512.0,512.0,512.0,8.111068137486775,32.207942962646484,0.0002944932171711482,25.271443814000122,1.3338451385498047,1.40625
fold0_seed17,cova3d_c100_dis_fold0_seed17,C100_DIS,0,17,1442930804,5b009bcbfb754a4428b83e34af6786ee8cfef7c748a8855ca8449d5d73480671,765e18dc4cc7874a772e9a4238ee5292985f2501b8e8b829f1274ff767956ad6,5,6,120,360,0.7237102805714434,0.4265679671545513,0.29714231540759406,8566,4387,0,58,31,31,0,0,512.0,512.0,512.0,7.219960459073385,32.95224380493164,0.000290733453407337,25.160525434999727,1.3338451385498047,1.40625
fold0_seed17,cova3d_c100_dis_fold0_seed17,C100_DIS,0,17,1442930804,5b009bcbfb754a4428b83e34af6786ee8cfef7c748a8855ca8449d5d73480671,765e18dc4cc7874a772e9a4238ee5292985f2501b8e8b829f1274ff767956ad6,6,7,120,420,0.7093784805542479,0.4026838280648614,0.3066946511467298,8012,3845,0,59,34,27,0,0,512.0,512.0,512.0,7.081353092193604,22.492259979248047,0.0002860390438077423,25.068897162999747,1.3338451385498047,1.40625
fold0_seed17,cova3d_c100_dis_fold0_seed17,C100_DIS,0,17,1442930804,5b009bcbfb754a4428b83e34af6786ee8cfef7c748a8855ca8449d5d73480671,765e18dc4cc7874a772e9a4238ee5292985f2501b8e8b829f1274ff767956ad6,7,8,120,480,0.6553634417243301,0.37180321203389516,0.2835602328181267,7789,3768,1,58,31,31,0,0,512.0,512.0,512.0,7.350428724288941,23.517990112304688,0.00028044150098859483,25.164738738999404,1.3338451385498047,1.40625
fold0_seed17,cova3d_c100_dis_fold0_seed17,C100_DIS,0,17,1442930804,5b009bcbfb754a4428b83e34af6786ee8cfef7c748a8855ca8449d5d73480671,765e18dc4cc7874a772e9a4238ee5292985f2501b8e8b829f1274ff767956ad6,8,9,120,540,0.6657798093277961,0.3969205152670232,0.2688592940568924,7833,3798,1,57,28,35,0,0,512.0,512.0,512.0,8.88826004465421,37.75645065307617,0.0002739784001156218,25.217517852000128,1.3338451385498047,1.40625
fold0_seed17,cova3d_c100_dis_fold0_seed17,C100_DIS,0,17,1442930804,5b009bcbfb754a4428b83e34af6786ee8cfef7c748a8855ca8449d5d73480671,765e18dc4cc7874a772e9a4238ee5292985f2501b8e8b829f1274ff767956ad6,9,10,120,600,0.548691078252159,0.3201200871029869,0.22857099026441574,7905,3808,2,54,33,33,0,0,512.0,512.0,512.0,6.888088158766428,28.850248336791992,0.0002666931266696063,25.283207943999514,1.3338451385498047,1.40625
fold0_seed17,cova3d_c100_dis_fold0_seed17,C100_DIS,0,17,1442930804,5b009bcbfb754a4428b83e34af6786ee8cfef7c748a8855ca8449d5d73480671,765e18dc4cc7874a772e9a4238ee5292985f2501b8e8b829f1274ff767956ad6,10,11,120,660,0.5156373169127619,0.29102490656950974,0.22461241086324055,7342,3595,0,58,32,30,0,0,512.0,512.0,512.0,6.403819779555003,19.90913200378418,0.0002586345852084849,25.135287006,1.3338451385498047,1.40625
fold0_seed17,cova3d_c100_dis_fold0_seed17,C100_DIS,0,17,1442930804,5b009bcbfb754a4428b83e34af6786ee8cfef7c748a8855ca8449d5d73480671,765e18dc4cc7874a772e9a4238ee5292985f2501b8e8b829f1274ff767956ad6,11,12,120,720,0.43288046490439835,0.24827253520149195,0.184607927997907,7745,3744,1,72,28,20,0,0,512.0,512.0,512.0,5.727447454134623,20.787710189819336,0.0002498568710810032,25.068805519000307,1.3338451385498047,1.40625
fold0_seed17,cova3d_c100_dis_fold0_seed17,C100_DIS,0,17,1442930804,5b009bcbfb754a4428b83e34af6786ee8cfef7c748a8855ca8449d5d73480671,765e18dc4cc7874a772e9a4238ee5292985f2501b8e8b829f1274ff767956ad6,12,13,120,780,0.4517535872978139,0.25862863482204074,0.1931249539057414,7626,3709,1,63,31,26,0,0,512.0,512.0,512.0,6.765326694647471,18.111827850341797,0.0002404189072956492,25.2278902070002,1.3338451385498047,1.40625
fold0_seed17,cova3d_c100_dis_fold0_seed17,C100_DIS,0,17,1442930804,5b009bcbfb754a4428b83e34af6786ee8cfef7c748a8855ca8449d5d73480671,765e18dc4cc7874a772e9a4238ee5292985f2501b8e8b829f1274ff767956ad6,13,14,120,840,0.45387659458914037,0.2516653997787216,0.202211195230484,8185,3980,2,52,36,32,0,0,512.0,512.0,512.0,6.581314330299695,32.116188049316406,0.00023038404898248976,25.215778646000217,1.3338451385498047,1.40625
fold0_seed17,cova3d_c100_dis_fold0_seed17,C100_DIS,0,17,1442930804,5b009bcbfb754a4428b83e34af6786ee8cfef7c748a8855ca8449d5d73480671,765e18dc4cc7874a772e9a4238ee5292985f2501b8e8b829f1274ff767956ad6,14,15,120,900,0.4154816857422702,0.22583396822058907,0.18964771827061971,8028,3934,0,63,36,21,0,0,512.0,512.0,512.0,6.294723678628603,28.614702224731445,0.00021981965810307605,25.180285505999564,1.3338451385498047,1.40625
fold0_seed17,cova3d_c100_dis_fold0_seed17,C100_DIS,0,17,1442930804,5b009bcbfb754a4428b83e34af6786ee8cfef7c748a8855ca8449d5d73480671,765e18dc4cc7874a772e9a4238ee5292985f2501b8e8b829f1274ff767956ad6,15,16,120,960,0.35601259777225397,0.20279830566675325,0.15321429322163263,7886,3962,2,63,27,30,0,0,512.0,512.0,512.0,5.901026566823323,30.88426399230957,0.00020879665126330557,25.101053420000426,1.3338451385498047,1.40625
fold0_seed17,cova3d_c100_dis_fold0_seed17,C100_DIS,0,17,1442930804,5b009bcbfb754a4428b83e34af6786ee8cfef7c748a8855ca8449d5d73480671,765e18dc4cc7874a772e9a4238ee5292985f2501b8e8b829f1274ff767956ad6,16,17,120,1020,0.28107215421041476,0.15815546353514948,0.12291668901840845,7738,3814,2,63,22,35,0,0,512.0,512.0,512.0,4.886266671617826,16.794008255004883,0.00019738902366467966,25.168327061000127,1.3338451385498047,1.40625
fold0_seed17,cova3d_c100_dis_fold0_seed17,C100_DIS,0,17,1442930804,5b009bcbfb754a4428b83e34af6786ee8cfef7c748a8855ca8449d5d73480671,765e18dc4cc7874a772e9a4238ee5292985f2501b8e8b829f1274ff767956ad6,17,18,120,1080,0.29744635304959954,0.18557950626576106,0.11186684519052506,7900,3878,1,63,24,33,0,0,512.0,512.0,512.0,8.079203870395819,72.73439025878906,0.00018567335238957547,25.12646160999975,1.3338451385498047,1.40625
fold0_seed17,cova3d_c100_dis_fold0_seed17,C100_DIS,0,17,1442930804,5b009bcbfb754a4428b83e34af6786ee8cfef7c748a8855ca8449d5d73480671,765e18dc4cc7874a772e9a4238ee5292985f2501b8e8b829f1274ff767956ad6,18,19,120,1140,0.2703840840617583,0.1489636849507709,0.12142039984464645,7926,3902,0,61,27,32,0,0,512.0,512.0,512.0,6.006337547798951,19.60076904296875,0.0001737282823548769,25.09145291599998,1.3338451385498047,1.40625
fold0_seed17,cova3d_c100_dis_fold0_seed17,C100_DIS,0,17,1442930804,5b009bcbfb754a4428b83e34af6786ee8cfef7c748a8855ca8449d5d73480671,765e18dc4cc7874a772e9a4238ee5292985f2501b8e8b829f1274ff767956ad6,19,20,120,1200,0.29651720544237226,0.17046076974705404,0.12605643669764202,7850,4013,2,62,28,30,0,0,512.0,512.0,512.0,5.584581779440244,14.105255126953125,0.00016163399838465363,25.023833473000195,1.3338451385498047,1.40625
fold0_seed17,cova3d_c100_dis_fold0_seed17,C100_DIS,0,17,1442930804,5b009bcbfb754a4428b83e34af6786ee8cfef7c748a8855ca8449d5d73480671,765e18dc4cc7874a772e9a4238ee5292985f2501b8e8b829f1274ff767956ad6,20,21,120,1260,0.2648569753467503,0.14316897857897856,0.12168799688418706,7960,3949,1,65,29,26,0,0,512.0,512.0,512.0,5.806472101062536,24.602046966552734,0.00014947168694575625,25.052396815000066,1.3338451385498047,1.40625
fold0_seed17,cova3d_c100_dis_fold0_seed17,C100_DIS,0,17,1442930804,5b009bcbfb754a4428b83e34af6786ee8cfef7c748a8855ca8449d5d73480671,765e18dc4cc7874a772e9a4238ee5292985f2501b8e8b829f1274ff767956ad6,21,22,120,1320,0.22963301687650528,0.12610270771650298,0.10353030959765117,7583,3879,2,61,30,29,0,0,512.0,512.0,512.0,5.511240683744351,12.840995788574219,0.0001373229911595876,25.18993023999974,1.3338451385498047,1.40625
fold0_seed17,cova3d_c100_dis_fold0_seed17,C100_DIS,0,17,1442930804,5b009bcbfb754a4428b83e34af6786ee8cfef7c748a8855ca8449d5d73480671,765e18dc4cc7874a772e9a4238ee5292985f2501b8e8b829f1274ff767956ad6,22,23,120,1380,0.21674219740634726,0.1074070612741707,0.10933513641357422,8207,4005,0,69,20,31,0,0,512.0,512.0,512.0,3.800877935687701,12.780120849609375,0.00012526946274844474,25.030720030999873,1.3338451385498047,1.40625
fold0_seed17,cova3d_c100_dis_fold0_seed17,C100_DIS,0,17,1442930804,5b009bcbfb754a4428b83e34af6786ee8cfef7c748a8855ca8449d5d73480671,765e18dc4cc7874a772e9a4238ee5292985f2501b8e8b829f1274ff767956ad6,23,24,120,1440,0.24956606582523003,0.11598343075949534,0.13358263472716014,8554,4213,3,60,27,33,0,0,512.0,512.0,512.0,5.3062742907553915,33.940372467041016,0.00011339201459540494,24.960548785000356,1.3338451385498047,1.40625
fold0_seed17,cova3d_c100_dis_fold0_seed17,C100_DIS,0,17,1442930804,5b009bcbfb754a4428b83e34af6786ee8cfef7c748a8855ca8449d5d73480671,765e18dc4cc7874a772e9a4238ee5292985f2501b8e8b829f1274ff767956ad6,24,25,120,1500,0.2623620873254974,0.1012586446288348,0.16110344131787618,7216,3441,0,57,32,31,0,0,512.0,512.0,512.0,5.218942736834288,24.88174819946289,0.00010177037759260854,25.100951882999652,1.3338451385498047,1.40625
fold0_seed17,cova3d_c100_dis_fold0_seed17,C100_DIS,0,17,1442930804,5b009bcbfb754a4428b83e34af6786ee8cfef7c748a8855ca8449d5d73480671,765e18dc4cc7874a772e9a4238ee5292985f2501b8e8b829f1274ff767956ad6,25,26,120,1560,0.19068837998089141,0.0970643741763297,0.09362400621175766,8199,4123,2,61,27,32,0,0,512.0,512.0,512.0,4.706494109208385,55.851741790771484,9.048256542400759e-05,25.0757983780004,1.3338451385498047,1.40625
fold0_seed17,cova3d_c100_dis_fold0_seed17,C100_DIS,0,17,1442930804,5b009bcbfb754a4428b83e34af6786ee8cfef7c748a8855ca8449d5d73480671,765e18dc4cc7874a772e9a4238ee5292985f2501b8e8b829f1274ff767956ad6,26,27,120,1620,0.15614924182761644,0.07936827439431984,0.07678096741437912,7845,3903,0,59,32,29,0,0,512.0,512.0,512.0,5.4309038639068605,20.738929748535156,7.960435087538242e-05,25.146169124000153,1.3338451385498047,1.40625
fold0_seed17,cova3d_c100_dis_fold0_seed17,C100_DIS,0,17,1442930804,5b009bcbfb754a4428b83e34af6786ee8cfef7c748a8855ca8449d5d73480671,765e18dc4cc7874a772e9a4238ee5292985f2501b8e8b829f1274ff767956ad6,27,28,120,1680,0.16648671929768474,0.06919800208459795,0.0972887173295021,8153,4108,0,62,25,33,0,0,512.0,512.0,512.0,4.0895101332726576,21.35167694091797,6.920875718705205e-05,24.96485621299962,1.3338451385498047,1.40625
fold0_seed17,cova3d_c100_dis_fold0_seed17,C100_DIS,0,17,1442930804,5b009bcbfb754a4428b83e34af6786ee8cfef7c748a8855ca8449d5d73480671,765e18dc4cc7874a772e9a4238ee5292985f2501b8e8b829f1274ff767956ad6,28,29,120,1740,0.1860150981726664,0.07653148978963813,0.1094836081067721,8422,4206,1,65,23,32,0,0,512.0,512.0,512.0,4.394167999872782,40.050045013427734,5.936556786372413e-05,24.96520803600015,1.3338451385498047,1.40625
fold0_seed17,cova3d_c100_dis_fold0_seed17,C100_DIS,0,17,1442930804,5b009bcbfb754a4428b83e34af6786ee8cfef7c748a8855ca8449d5d73480671,765e18dc4cc7874a772e9a4238ee5292985f2501b8e8b829f1274ff767956ad6,29,30,120,1800,0.15930732406353248,0.0685626418257622,0.090744682153066,7602,3692,1,59,28,33,0,0,512.0,512.0,512.0,4.04509406927973,24.156343460083008,5.014085823202989e-05,25.006543616000272,1.3338451385498047,1.40625
fold0_seed17,cova3d_c100_dis_fold0_seed17,C100_DIS,0,17,1442930804,5b009bcbfb754a4428b83e34af6786ee8cfef7c748a8855ca8449d5d73480671,765e18dc4cc7874a772e9a4238ee5292985f2501b8e8b829f1274ff767956ad6,30,31,120,1860,0.1293436284431659,0.060809174825320986,0.068534454703331,7461,3606,0,69,28,23,0,0,512.0,512.0,512.0,3.4036816766873623,24.810298919677734,4.159655189030408e-05,24.91520939899965,1.3338451385498047,1.40625
fold0_seed17,cova3d_c100_dis_fold0_seed17,C100_DIS,0,17,1442930804,5b009bcbfb754a4428b83e34af6786ee8cfef7c748a8855ca8449d5d73480671,765e18dc4cc7874a772e9a4238ee5292985f2501b8e8b829f1274ff767956ad6,31,32,120,1920,0.1328325867428551,0.052231172292999874,0.08060141404469807,8074,3938,2,53,37,30,0,0,512.0,512.0,512.0,3.0293413939575355,9.933457374572754,3.379000502807257e-05,24.89275052099947,1.3338451385498047,1.40625
fold0_seed17,cova3d_c100_dis_fold0_seed17,C100_DIS,0,17,1442930804,5b009bcbfb754a4428b83e34af6786ee8cfef7c748a8855ca8449d5d73480671,765e18dc4cc7874a772e9a4238ee5292985f2501b8e8b829f1274ff767956ad6,32,33,120,1980,0.14651318672143437,0.06958080708991664,0.07693237960338592,8353,4196,1,63,21,36,0,0,512.0,512.0,512.0,4.707023084970812,30.437623977661133,2.6773621405624713e-05,24.986932015000093,1.3338451385498047,1.40625
fold0_seed17,cova3d_c100_dis_fold0_seed17,C100_DIS,0,17,1442930804,5b009bcbfb754a4428b83e34af6786ee8cfef7c748a8855ca8449d5d73480671,765e18dc4cc7874a772e9a4238ee5292985f2501b8e8b829f1274ff767956ad6,33,34,120,2040,0.13524155098926466,0.049504472209953104,0.08573707888523738,7861,3866,0,59,41,20,0,0,512.0,512.0,512.0,3.154149854183197,21.971010208129883,2.059450057823627e-05,25.010566762000053,1.3338451385498047,1.40625
fold0_seed17,cova3d_c100_dis_fold0_seed17,C100_DIS,0,17,1442930804,5b009bcbfb754a4428b83e34af6786ee8cfef7c748a8855ca8449d5d73480671,765e18dc4cc7874a772e9a4238ee5292985f2501b8e8b829f1274ff767956ad6,34,35,120,2100,0.13882159090920634,0.06371087611369337,0.07511071513096491,7673,3891,0,58,36,26,0,0,512.0,512.0,512.0,4.418339065555483,29.124359130859375,1.5294121726440254e-05,24.967468687999826,1.3338451385498047,1.40625
fold0_seed17,cova3d_c100_dis_fold0_seed17,C100_DIS,0,17,1442930804,5b009bcbfb754a4428b83e34af6786ee8cfef7c748a8855ca8449d5d73480671,765e18dc4cc7874a772e9a4238ee5292985f2501b8e8b829f1274ff767956ad6,35,36,120,2160,0.16003538426225533,0.05594552367891576,0.1040898601214091,7598,3746,2,68,26,26,0,0,512.0,512.0,512.0,3.688201038787762,32.78338623046875,1.0908065214729997e-05,24.998097419999795,1.3338451385498047,1.40625
fold0_seed17,cova3d_c100_dis_fold0_seed17,C100_DIS,0,17,1442930804,5b009bcbfb754a4428b83e34af6786ee8cfef7c748a8855ca8449d5d73480671,765e18dc4cc7874a772e9a4238ee5292985f2501b8e8b829f1274ff767956ad6,36,37,120,2220,0.16069842443201593,0.056072771347363215,0.10462565223375957,7839,3918,1,61,30,29,0,0,512.0,512.0,512.0,3.3992002182019254,37.206024169921875,7.465773747813819e-06,24.994724727000175,1.3338451385498047,1.40625
fold0_seed17,cova3d_c100_dis_fold0_seed17,C100_DIS,0,17,1442930804,5b009bcbfb754a4428b83e34af6786ee8cfef7c748a8855ca8449d5d73480671,765e18dc4cc7874a772e9a4238ee5292985f2501b8e8b829f1274ff767956ad6,37,38,120,2280,0.15887890077300046,0.05298767323785493,0.10589122772216797,8203,4066,1,59,29,32,0,0,512.0,512.0,512.0,3.833521353825927,46.4925422668457,4.990354727730315e-06,25.00377943700005,1.3338451385498047,1.40625
fold0_seed17,cova3d_c100_dis_fold0_seed17,C100_DIS,0,17,1442930804,5b009bcbfb754a4428b83e34af6786ee8cfef7c748a8855ca8449d5d73480671,765e18dc4cc7874a772e9a4238ee5292985f2501b8e8b829f1274ff767956ad6,38,39,120,2340,0.1055044079868092,0.03933692504474019,0.06616748223702112,8353,4105,0,57,31,32,0,0,512.0,512.0,512.0,2.6409813430160285,9.42692756652832,3.498425138561358e-06,24.953333104000194,1.3338451385498047,1.40625
fold0_seed17,cova3d_c100_dis_fold0_seed17,C100_DIS,0,17,1442930804,5b009bcbfb754a4428b83e34af6786ee8cfef7c748a8855ca8449d5d73480671,765e18dc4cc7874a772e9a4238ee5292985f2501b8e8b829f1274ff767956ad6,39,40,120,2400,0.12393596115869138,0.04829142145982585,0.07564454078674317,7570,3736,0,58,36,26,0,0,512.0,512.0,512.0,3.88424696183453,30.67453956604004,3e-06,24.999131436000425,1.3338451385498047,1.40625
fold0_seed17,cova3d_c100_frg_fold0_seed17,C100_FRG,0,17,1442930804,5b009bcbfb754a4428b83e34af6786ee8cfef7c748a8855ca8449d5d73480671,765e18dc4cc7874a772e9a4238ee5292985f2501b8e8b829f1274ff767956ad6,0,1,120,60,2.9287631448047855,2.2630859316326677,0.6656772007544836,7795,4003,1,67,23,30,2,2,1024.0,4096.0,1024.0,91.30992997487387,332.8471374511719,0.00017999999999999998,26.281198274000417,1.3356914520263672,1.43359375
fold0_seed17,cova3d_c100_frg_fold0_seed17,C100_FRG,0,17,1442930804,5b009bcbfb754a4428b83e34af6786ee8cfef7c748a8855ca8449d5d73480671,765e18dc4cc7874a772e9a4238ee5292985f2501b8e8b829f1274ff767956ad6,1,2,120,120,1.1736676673249653,0.7851455265268062,0.38852214217185976,7832,3842,0,61,28,31,0,0,1024.0,1024.0,1024.0,26.47916843096415,113.49723815917969,0.0002999445918673937,25.471776105000572,1.3356914520263672,1.43359375
fold0_seed17,cova3d_c100_frg_fold0_seed17,C100_FRG,0,17,1442930804,5b009bcbfb754a4428b83e34af6786ee8cfef7c748a8855ca8449d5d73480671,765e18dc4cc7874a772e9a4238ee5292985f2501b8e8b829f1274ff767956ad6,2,3,120,180,0.8681917264747123,0.5257658549118787,0.34242586940526965,8095,4055,1,59,34,27,0,0,1024.0,1024.0,1024.0,10.55686563650767,88.99004364013672,0.0002991142965839822,25.446673769999506,1.3356914520263672,1.43359375
fold0_seed17,cova3d_c100_frg_fold0_seed17,C100_FRG,0,17,1442930804,5b009bcbfb754a4428b83e34af6786ee8cfef7c748a8855ca8449d5d73480671,765e18dc4cc7874a772e9a4238ee5292985f2501b8e8b829f1274ff767956ad6,3,4,120,240,0.7977930956597751,0.4846275569017356,0.313165537516276,7798,3862,1,61,36,23,0,0,1024.0,1024.0,1024.0,7.887779398759206,28.019916534423828,0.0002972930965702204,25.4358449880001,1.3356914520263672,1.43359375
fold0_seed17,cova3d_c100_frg_fold0_seed17,C100_FRG,0,17,1442930804,5b009bcbfb754a4428b83e34af6786ee8cfef7c748a8855ca8449d5d73480671,765e18dc4cc7874a772e9a4238ee5292985f2501b8e8b829f1274ff767956ad6,4,5,120,300,0.6735683926536391,0.4208640035707504,0.2527043893933296,7420,3611,0,63,29,28,0,0,1024.0,1024.0,1024.0,8.070264033476512,39.68828582763672,0.0002944932171711482,25.464100310000504,1.3356914520263672,1.43359375
fold0_seed17,cova3d_c100_frg_fold0_seed17,C100_FRG,0,17,1442930804,5b009bcbfb754a4428b83e34af6786ee8cfef7c748a8855ca8449d5d73480671,765e18dc4cc7874a772e9a4238ee5292985f2501b8e8b829f1274ff767956ad6,5,6,120,360,0.7212230204294126,0.4218065133143682,0.2994165062904358,8595,4418,0,58,31,31,0,0,1024.0,1024.0,1024.0,7.66905988852183,62.3699836730957,0.000290733453407337,25.43389657499938,1.3356914520263672,1.43359375
fold0_seed17,cova3d_c100_frg_fold0_seed17,C100_FRG,0,17,1442930804,5b009bcbfb754a4428b83e34af6786ee8cfef7c748a8855ca8449d5d73480671,765e18dc4cc7874a772e9a4238ee5292985f2501b8e8b829f1274ff767956ad6,6,7,120,420,0.6603498650074471,0.38003496570891004,0.28031489898761114,7965,3795,0,59,34,27,0,0,1024.0,1024.0,1024.0,8.892270076274873,75.03022766113281,0.0002860390438077423,25.377717114000006,1.3356914520263672,1.43359375
fold0_seed17,cova3d_c100_frg_fold0_seed17,C100_FRG,0,17,1442930804,5b009bcbfb754a4428b83e34af6786ee8cfef7c748a8855ca8449d5d73480671,765e18dc4cc7874a772e9a4238ee5292985f2501b8e8b829f1274ff767956ad6,7,8,120,480,0.5817179820927171,0.3310878239145192,0.25063015669584277,7734,3817,1,58,31,31,0,0,1024.0,1024.0,1024.0,7.014346313476563,17.814645767211914,0.00028044150098859483,25.316508588999568,1.3356914520263672,1.43359375
fold0_seed17,cova3d_c100_frg_fold0_seed17,C100_FRG,0,17,1442930804,5b009bcbfb754a4428b83e34af6786ee8cfef7c748a8855ca8449d5d73480671,765e18dc4cc7874a772e9a4238ee5292985f2501b8e8b829f1274ff767956ad6,8,9,120,540,0.6126806540453497,0.3462423162117678,0.2664383381605148,7895,3819,1,57,28,35,0,0,1024.0,1024.0,1024.0,6.925221914052964,34.23225402832031,0.0002739784001156218,25.21301189099995,1.3356914520263672,1.43359375
fold0_seed17,cova3d_c100_frg_fold0_seed17,C100_FRG,0,17,1442930804,5b009bcbfb754a4428b83e34af6786ee8cfef7c748a8855ca8449d5d73480671,765e18dc4cc7874a772e9a4238ee5292985f2501b8e8b829f1274ff767956ad6,9,10,120,600,0.5121497304799656,0.29623004372697326,0.21591968884070714,7882,3787,2,54,33,33,0,0,1024.0,1024.0,1024.0,7.055251133441925,25.538549423217773,0.0002666931266696063,25.15166582799975,1.3356914520263672,1.43359375
fold0_seed17,cova3d_c100_frg_fold0_seed17,C100_FRG,0,17,1442930804,5b009bcbfb754a4428b83e34af6786ee8cfef7c748a8855ca8449d5d73480671,765e18dc4cc7874a772e9a4238ee5292985f2501b8e8b829f1274ff767956ad6,10,11,120,660,0.482883686691639,0.2704605290869949,0.21242315818866095,7426,3689,0,58,32,30,0,0,1024.0,1024.0,1024.0,6.595723317066828,31.387157440185547,0.0002586345852084849,25.186342233000687,1.3356914520263672,1.43359375
fold0_seed17,cova3d_c100_frg_fold0_seed17,C100_FRG,0,17,1442930804,5b009bcbfb754a4428b83e34af6786ee8cfef7c748a8855ca8449d5d73480671,765e18dc4cc7874a772e9a4238ee5292985f2501b8e8b829f1274ff767956ad6,11,12,120,720,0.4268778791437702,0.24529318850448664,0.1815846895178159,7671,3714,1,72,28,20,0,0,1024.0,1024.0,1024.0,7.8229292809963225,53.83524703979492,0.0002498568710810032,25.15204300000005,1.3356914520263672,1.43359375
fold0_seed17,cova3d_c100_frg_fold0_seed17,C100_FRG,0,17,1442930804,5b009bcbfb754a4428b83e34af6786ee8cfef7c748a8855ca8449d5d73480671,765e18dc4cc7874a772e9a4238ee5292985f2501b8e8b829f1274ff767956ad6,12,13,120,780,0.40004371077253986,0.21770970114254548,0.18233400980631512,7737,3813,1,63,31,26,0,0,1024.0,1024.0,1024.0,5.8494392991065975,14.196516036987305,0.0002404189072956492,25.14769529900059,1.3356914520263672,1.43359375
fold0_seed17,cova3d_c100_frg_fold0_seed17,C100_FRG,0,17,1442930804,5b009bcbfb754a4428b83e34af6786ee8cfef7c748a8855ca8449d5d73480671,765e18dc4cc7874a772e9a4238ee5292985f2501b8e8b829f1274ff767956ad6,13,14,120,840,0.3731163738044415,0.2063908119383844,0.1667255605260531,8232,4012,2,52,36,32,0,0,1024.0,1024.0,1024.0,5.41761553088824,17.327287673950195,0.00023038404898248976,25.12636457699955,1.3356914520263672,1.43359375
fold0_seed17,cova3d_c100_frg_fold0_seed17,C100_FRG,0,17,1442930804,5b009bcbfb754a4428b83e34af6786ee8cfef7c748a8855ca8449d5d73480671,765e18dc4cc7874a772e9a4238ee5292985f2501b8e8b829f1274ff767956ad6,14,15,120,900,0.38897280979702675,0.20509906819958512,0.18387374182542165,7845,3844,0,63,36,21,0,0,1024.0,1024.0,1024.0,6.6741136113802595,42.39398956298828,0.00021981965810307605,25.136337403999278,1.3356914520263672,1.43359375
fold0_seed17,cova3d_c100_frg_fold0_seed17,C100_FRG,0,17,1442930804,5b009bcbfb754a4428b83e34af6786ee8cfef7c748a8855ca8449d5d73480671,765e18dc4cc7874a772e9a4238ee5292985f2501b8e8b829f1274ff767956ad6,15,16,120,960,0.32629077858121797,0.17064632806153288,0.15564445157845816,7986,3997,2,63,27,30,0,0,1024.0,1024.0,1024.0,5.484503403306007,28.779760360717773,0.00020879665126330557,25.156316528999923,1.3356914520263672,1.43359375
fold0_seed17,cova3d_c100_frg_fold0_seed17,C100_FRG,0,17,1442930804,5b009bcbfb754a4428b83e34af6786ee8cfef7c748a8855ca8449d5d73480671,765e18dc4cc7874a772e9a4238ee5292985f2501b8e8b829f1274ff767956ad6,16,17,120,1020,0.2534938876696894,0.14250270560299516,0.11099118292331696,7684,3797,2,63,22,35,0,0,1024.0,1024.0,1024.0,4.984423987070719,22.17128562927246,0.00019738902366467966,25.172449497000343,1.3356914520263672,1.43359375
fold0_seed17,cova3d_c100_frg_fold0_seed17,C100_FRG,0,17,1442930804,5b009bcbfb754a4428b83e34af6786ee8cfef7c748a8855ca8449d5d73480671,765e18dc4cc7874a772e9a4238ee5292985f2501b8e8b829f1274ff767956ad6,17,18,120,1080,0.26235506710071,0.1653479640890964,0.09700710078080495,7931,3874,1,63,24,33,0,0,1024.0,1024.0,1024.0,7.3788498314718405,121.50971221923828,0.00018567335238957547,25.09211570200023,1.3356914520263672,1.43359375
fold0_seed17,cova3d_c100_frg_fold0_seed17,C100_FRG,0,17,1442930804,5b009bcbfb754a4428b83e34af6786ee8cfef7c748a8855ca8449d5d73480671,765e18dc4cc7874a772e9a4238ee5292985f2501b8e8b829f1274ff767956ad6,18,19,120,1140,0.24858089455322746,0.14373099433151046,0.10484989931186041,8010,3938,0,61,27,32,0,0,1024.0,1024.0,1024.0,5.664586609291534,37.52376174926758,0.0001737282823548769,25.036840832000053,1.3356914520263672,1.43359375
fold0_seed17,cova3d_c100_frg_fold0_seed17,C100_FRG,0,17,1442930804,5b009bcbfb754a4428b83e34af6786ee8cfef7c748a8855ca8449d5d73480671,765e18dc4cc7874a772e9a4238ee5292985f2501b8e8b829f1274ff767956ad6,19,20,120,1200,0.22824968363171744,0.12300533828844588,0.10524434546629588,7876,3983,2,62,28,30,0,0,1024.0,1024.0,1024.0,4.63784657381475,10.243755340576172,0.00016163399838465363,25.051263328999994,1.3356914520263672,1.43359375
fold0_seed17,cova3d_c100_frg_fold0_seed17,C100_FRG,0,17,1442930804,5b009bcbfb754a4428b83e34af6786ee8cfef7c748a8855ca8449d5d73480671,765e18dc4cc7874a772e9a4238ee5292985f2501b8e8b829f1274ff767956ad6,20,21,120,1260,0.22815155158753744,0.11815265242389614,0.10999889920155208,8205,4122,1,65,29,26,0,0,1024.0,1024.0,1024.0,6.062453855077425,49.07746505737305,0.00014947168694575625,25.058156467000117,1.3356914520263672,1.43359375
fold0_seed17,cova3d_c100_frg_fold0_seed17,C100_FRG,0,17,1442930804,5b009bcbfb754a4428b83e34af6786ee8cfef7c748a8855ca8449d5d73480671,765e18dc4cc7874a772e9a4238ee5292985f2501b8e8b829f1274ff767956ad6,21,22,120,1320,0.20583465316982863,0.10708362517155669,0.09875102788209915,7466,3746,2,61,30,29,0,0,1024.0,1024.0,1024.0,6.095161940405766,21.205289840698242,0.0001373229911595876,25.07737720299974,1.3356914520263672,1.43359375
fold0_seed17,cova3d_c100_frg_fold0_seed17,C100_FRG,0,17,1442930804,5b009bcbfb754a4428b83e34af6786ee8cfef7c748a8855ca8449d5d73480671,765e18dc4cc7874a772e9a4238ee5292985f2501b8e8b829f1274ff767956ad6,22,23,120,1380,0.22384180576874163,0.12710402897260262,0.09673777918020884,8205,4057,1,69,20,31,0,0,1024.0,1024.0,1024.0,5.6318051279406065,86.38224029541016,0.00012526946274844474,24.984361210000316,1.3356914520263672,1.43359375
fold0_seed17,cova3d_c100_frg_fold0_seed17,C100_FRG,0,17,1442930804,5b009bcbfb754a4428b83e34af6786ee8cfef7c748a8855ca8449d5d73480671,765e18dc4cc7874a772e9a4238ee5292985f2501b8e8b829f1274ff767956ad6,23,24,120,1440,0.22972595259603706,0.09699244913273948,0.13273350397745767,8643,4279,3,60,27,33,0,0,1024.0,1024.0,1024.0,5.347961431741714,36.710113525390625,0.00011339201459540494,25.0836997159995,1.3356914520263672,1.43359375
fold0_seed17,cova3d_c100_frg_fold0_seed17,C100_FRG,0,17,1442930804,5b009bcbfb754a4428b83e34af6786ee8cfef7c748a8855ca8449d5d73480671,765e18dc4cc7874a772e9a4238ee5292985f2501b8e8b829f1274ff767956ad6,24,25,120,1500,0.24677941754711508,0.09330081290744753,0.15347860604524613,7226,3434,0,57,32,31,0,0,1024.0,1024.0,1024.0,4.769059910128514,18.94602394104004,0.00010177037759260854,24.992563750000045,1.3356914520263672,1.43359375
fold0_seed17,cova3d_c100_frg_fold0_seed17,C100_FRG,0,17,1442930804,5b009bcbfb754a4428b83e34af6786ee8cfef7c748a8855ca8449d5d73480671,765e18dc4cc7874a772e9a4238ee5292985f2501b8e8b829f1274ff767956ad6,25,26,120,1560,0.16945308145030444,0.08071538906565365,0.08873769293228785,8088,4056,2,61,27,32,0,0,1024.0,1024.0,1024.0,4.961775769293308,54.911617279052734,9.048256542400759e-05,25.010597440999845,1.3356914520263672,1.43359375
fold0_seed17,cova3d_c100_frg_fold0_seed17,C100_FRG,0,17,1442930804,5b009bcbfb754a4428b83e34af6786ee8cfef7c748a8855ca8449d5d73480671,765e18dc4cc7874a772e9a4238ee5292985f2501b8e8b829f1274ff767956ad6,26,27,120,1620,0.11871202287912297,0.05298118431445786,0.06573083897431692,7830,3876,0,59,32,29,0,0,1024.0,1024.0,1024.0,3.939245325078567,20.423128128051758,7.960435087538242e-05,25.054631814999993,1.3356914520263672,1.43359375
fold0_seed17,cova3d_c100_frg_fold0_seed17,C100_FRG,0,17,1442930804,5b009bcbfb754a4428b83e34af6786ee8cfef7c748a8855ca8449d5d73480671,765e18dc4cc7874a772e9a4238ee5292985f2501b8e8b829f1274ff767956ad6,27,28,120,1680,0.1656916724140664,0.07665891703932286,0.08903275479873021,8279,4188,0,62,25,33,0,0,1024.0,1024.0,1024.0,4.2400663006221295,43.541019439697266,6.920875718705205e-05,24.89774032100013,1.3356914520263672,1.43359375
fold0_seed17,cova3d_c100_frg_fold0_seed17,C100_FRG,0,17,1442930804,5b009bcbfb754a4428b83e34af6786ee8cfef7c748a8855ca8449d5d73480671,765e18dc4cc7874a772e9a4238ee5292985f2501b8e8b829f1274ff767956ad6,28,29,120,1740,0.15760679811055284,0.07007706671183316,0.08752973129351933,8512,4281,2,65,23,32,0,0,1024.0,1024.0,1024.0,4.2004525181526935,77.39952850341797,5.936556786372413e-05,24.910919556000408,1.3356914520263672,1.43359375
fold0_seed17,cova3d_c100_frg_fold0_seed17,C100_FRG,0,17,1442930804,5b009bcbfb754a4428b83e34af6786ee8cfef7c748a8855ca8449d5d73480671,765e18dc4cc7874a772e9a4238ee5292985f2501b8e8b829f1274ff767956ad6,29,30,120,1800,0.14832913401360923,0.06894394743517641,0.07938518722852071,7651,3758,1,59,28,33,0,0,1024.0,1024.0,1024.0,4.586090441048145,56.74024200439453,5.014085823202989e-05,24.998201605999384,1.3356914520263672,1.43359375
fold0_seed17,cova3d_c100_frg_fold0_seed17,C100_FRG,0,17,1442930804,5b009bcbfb754a4428b83e34af6786ee8cfef7c748a8855ca8449d5d73480671,765e18dc4cc7874a772e9a4238ee5292985f2501b8e8b829f1274ff767956ad6,30,31,120,1860,0.1229663107188115,0.04550657789664934,0.07745973418156306,7526,3670,0,69,28,23,0,0,1024.0,1024.0,1024.0,3.7217291146982463,57.45040512084961,4.159655189030408e-05,24.909955662000357,1.3356914520263672,1.43359375
fold0_seed17,cova3d_c100_frg_fold0_seed17,C100_FRG,0,17,1442930804,5b009bcbfb754a4428b83e34af6786ee8cfef7c748a8855ca8449d5d73480671,765e18dc4cc7874a772e9a4238ee5292985f2501b8e8b829f1274ff767956ad6,31,32,120,1920,0.13238885140680973,0.04505457690711125,0.08733427574237188,8054,3909,2,53,37,30,0,0,1024.0,1024.0,1024.0,4.126920180022717,48.11817169189453,3.379000502807257e-05,24.896003609999752,1.3356914520263672,1.43359375
fold0_seed17,cova3d_c100_frg_fold0_seed17,C100_FRG,0,17,1442930804,5b009bcbfb754a4428b83e34af6786ee8cfef7c748a8855ca8449d5d73480671,765e18dc4cc7874a772e9a4238ee5292985f2501b8e8b829f1274ff767956ad6,32,33,120,1980,0.14234520646647866,0.0671790751868097,0.07516613056262335,8521,4303,1,63,21,36,0,0,1024.0,1024.0,1024.0,3.8588617840160926,56.57943344116211,2.6773621405624713e-05,24.989829766000184,1.3356914520263672,1.43359375
fold0_seed17,cova3d_c100_frg_fold0_seed17,C100_FRG,0,17,1442930804,5b009bcbfb754a4428b83e34af6786ee8cfef7c748a8855ca8449d5d73480671,765e18dc4cc7874a772e9a4238ee5292985f2501b8e8b829f1274ff767956ad6,33,34,120,2040,0.11997032107533415,0.03875452894343058,0.0812157928943634,7965,3980,0,59,41,20,0,0,1024.0,1024.0,1024.0,3.620802703499794,28.463468551635742,2.059450057823627e-05,25.272653897000055,1.3356914520263672,1.43359375
fold0_seed17,cova3d_c100_frg_fold0_seed17,C100_FRG,0,17,1442930804,5b009bcbfb754a4428b83e34af6786ee8cfef7c748a8855ca8449d5d73480671,765e18dc4cc7874a772e9a4238ee5292985f2501b8e8b829f1274ff767956ad6,34,35,120,2100,0.11814717375330895,0.049006362343055145,0.06914081076780955,7584,3830,0,58,36,26,0,0,1024.0,1024.0,1024.0,4.063657805292556,23.79347801208496,1.5294121726440254e-05,25.079893549999724,1.3356914520263672,1.43359375
fold0_seed17,cova3d_c100_frg_fold0_seed17,C100_FRG,0,17,1442930804,5b009bcbfb754a4428b83e34af6786ee8cfef7c748a8855ca8449d5d73480671,765e18dc4cc7874a772e9a4238ee5292985f2501b8e8b829f1274ff767956ad6,35,36,120,2160,0.13678745704012035,0.03948450607915485,0.09730295091867447,7459,3650,3,68,26,26,0,0,1024.0,1024.0,1024.0,2.974451684579253,11.279450416564941,1.0908065214729997e-05,24.921132022000165,1.3356914520263672,1.43359375
fold0_seed17,cova3d_c100_frg_fold0_seed17,C100_FRG,0,17,1442930804,5b009bcbfb754a4428b83e34af6786ee8cfef7c748a8855ca8449d5d73480671,765e18dc4cc7874a772e9a4238ee5292985f2501b8e8b829f1274ff767956ad6,36,37,120,2220,0.13578257237789823,0.03827554994929277,0.09750702182451884,7601,3758,2,61,30,29,0,0,1024.0,1024.0,1024.0,3.177928770457705,14.812931060791016,7.465773747813819e-06,25.048336930000005,1.3356914520263672,1.43359375
fold0_seed17,cova3d_c100_frg_fold0_seed17,C100_FRG,0,17,1442930804,5b009bcbfb754a4428b83e34af6786ee8cfef7c748a8855ca8449d5d73480671,765e18dc4cc7874a772e9a4238ee5292985f2501b8e8b829f1274ff767956ad6,37,38,120,2280,0.14636685531620514,0.03490742062392466,0.11145943452914556,8109,3974,1,59,29,32,0,0,1024.0,1024.0,1024.0,2.9450215001900992,26.988197326660156,4.990354727730315e-06,25.042900508999992,1.3356914520263672,1.43359375
fold0_seed17,cova3d_c100_frg_fold0_seed17,C100_FRG,0,17,1442930804,5b009bcbfb754a4428b83e34af6786ee8cfef7c748a8855ca8449d5d73480671,765e18dc4cc7874a772e9a4238ee5292985f2501b8e8b829f1274ff767956ad6,38,39,120,2340,0.1009820339904334,0.034110098874091624,0.0668719341357549,8176,3991,0,57,31,32,0,0,1024.0,1024.0,1024.0,3.258357665439447,38.834632873535156,3.498425138561358e-06,24.956743509000262,1.3356914520263672,1.43359375
fold0_seed17,cova3d_c100_frg_fold0_seed17,C100_FRG,0,17,1442930804,5b009bcbfb754a4428b83e34af6786ee8cfef7c748a8855ca8449d5d73480671,765e18dc4cc7874a772e9a4238ee5292985f2501b8e8b829f1274ff767956ad6,39,40,120,2400,0.1068373213189023,0.029998394507830994,0.07683892597754796,7608,3769,0,58,36,26,0,0,1024.0,1024.0,1024.0,3.1818377265085775,16.541406631469727,3e-06,24.949513096000373,1.3356914520263672,1.43359375
