batch_id,run_id,condition,outer_fold,seed,initialization_seed,shared_initialization_sha256,paired_plan_sha256,epoch,epoch_1based,logical_microbatches,successful_optimizer_steps_total,mean_loss,mean_partial_bce,mean_partial_dice_fp32,labelled_voxels_seen,foreground_voxels_seen,zero_label_microbatches,foreground_centered,background_centered,uniform_crop,amp_overflow_events,amp_retry_attempts,amp_scale_min,amp_scale_max,amp_scale_end,mean_preclip_grad_norm,max_preclip_grad_norm,learning_rate_end,epoch_seconds,peak_allocated_gb,peak_reserved_gb
fold0_seed29,cova3d_c50_coh_fold0_seed29,C50_COH,0,29,489370112,8e02f47cff8f58556a3027a157e4543094c344a919905b91f594c5d95962fb33,694d15d8e73d23d7c4c0afa64ad99b85ac571b3c93315349559780590c0aac99,0,1,120,60,2.3023862196957148,1.8111275559960631,0.4912586609522502,8102,4128,2,60,29,31,2,2,1024.0,4096.0,1024.0,103.19847316741944,377.46832275390625,0.00017999999999999998,24.86963231399932,1.3322124481201172,1.361328125
fold0_seed29,cova3d_c50_coh_fold0_seed29,C50_COH,0,29,489370112,8e02f47cff8f58556a3027a157e4543094c344a919905b91f594c5d95962fb33,694d15d8e73d23d7c4c0afa64ad99b85ac571b3c93315349559780590c0aac99,1,2,120,120,1.1336563696425097,0.8167291649617254,0.316927204032739,7919,4035,2,68,19,33,0,0,1024.0,1024.0,1024.0,33.87495870441198,136.51947021484375,0.0002999445918673937,24.700377346000096,1.3322124481201172,1.361328125
fold0_seed29,cova3d_c50_coh_fold0_seed29,C50_COH,0,29,489370112,8e02f47cff8f58556a3027a157e4543094c344a919905b91f594c5d95962fb33,694d15d8e73d23d7c4c0afa64ad99b85ac571b3c93315349559780590c0aac99,2,3,120,180,0.8446366521413438,0.50301703021784,0.34161962270736695,8327,4364,1,55,46,19,0,0,1024.0,1024.0,1024.0,15.846461685498555,67.045166015625,0.0002991142965839822,25.21673102100067,1.3322124481201172,1.361328125
fold0_seed29,cova3d_c50_coh_fold0_seed29,C50_COH,0,29,489370112,8e02f47cff8f58556a3027a157e4543094c344a919905b91f594c5d95962fb33,694d15d8e73d23d7c4c0afa64ad99b85ac571b3c93315349559780590c0aac99,3,4,120,240,0.6106637724908068,0.35587854773427047,0.2547852208216985,8227,4370,3,55,34,31,0,0,1024.0,1024.0,1024.0,9.263232576847077,44.17498779296875,0.0002972930965702204,24.606982817000244,1.3322124481201172,1.361328125
fold0_seed29,cova3d_c50_coh_fold0_seed29,C50_COH,0,29,489370112,8e02f47cff8f58556a3027a157e4543094c344a919905b91f594c5d95962fb33,694d15d8e73d23d7c4c0afa64ad99b85ac571b3c93315349559780590c0aac99,4,5,120,300,0.5147535404500861,0.2953396208991762,0.21941392223040262,8049,4123,1,68,31,21,0,0,1024.0,1024.0,1024.0,8.00818199912707,33.38767623901367,0.0002944932171711482,24.479122102000474,1.3322124481201172,1.361328125
fold0_seed29,cova3d_c50_coh_fold0_seed29,C50_COH,0,29,489370112,8e02f47cff8f58556a3027a157e4543094c344a919905b91f594c5d95962fb33,694d15d8e73d23d7c4c0afa64ad99b85ac571b3c93315349559780590c0aac99,5,6,120,360,0.437713856100648,0.22970766884633728,0.20800618728001913,8337,4205,0,59,38,23,0,0,1024.0,1024.0,1024.0,7.2468121007084845,42.02983093261719,0.000290733453407337,24.708162377999543,1.3322124481201172,1.361328125
fold0_seed29,cova3d_c50_coh_fold0_seed29,C50_COH,0,29,489370112,8e02f47cff8f58556a3027a157e4543094c344a919905b91f594c5d95962fb33,694d15d8e73d23d7c4c0afa64ad99b85ac571b3c93315349559780590c0aac99,6,7,120,420,0.4652633951278403,0.2293025032883937,0.23596088985602062,8421,4439,2,61,25,34,0,0,1024.0,1024.0,1024.0,8.50563630113999,102.75008392333984,0.0002860390438077423,24.7159801910002,1.3322124481201172,1.361328125
fold0_seed29,cova3d_c50_coh_fold0_seed29,C50_COH,0,29,489370112,8e02f47cff8f58556a3027a157e4543094c344a919905b91f594c5d95962fb33,694d15d8e73d23d7c4c0afa64ad99b85ac571b3c93315349559780590c0aac99,7,8,120,480,0.33705814444789817,0.16148017950539117,0.17557796388864516,7848,3905,3,55,39,26,0,0,1024.0,1024.0,1024.0,5.321249838173389,19.315921783447266,0.00028044150098859483,24.598443955999755,1.3322124481201172,1.361328125
fold0_seed29,cova3d_c50_coh_fold0_seed29,C50_COH,0,29,489370112,8e02f47cff8f58556a3027a157e4543094c344a919905b91f594c5d95962fb33,694d15d8e73d23d7c4c0afa64ad99b85ac571b3c93315349559780590c0aac99,8,9,120,540,0.379069049621224,0.17446092681172257,0.20460812300443648,8049,4115,1,68,21,31,0,0,1024.0,1024.0,1024.0,7.168790014398595,77.0249252319336,0.0002739784001156218,24.60485522199997,1.3322124481201172,1.361328125
fold0_seed29,cova3d_c50_coh_fold0_seed29,C50_COH,0,29,489370112,8e02f47cff8f58556a3027a157e4543094c344a919905b91f594c5d95962fb33,694d15d8e73d23d7c4c0afa64ad99b85ac571b3c93315349559780590c0aac99,9,10,120,600,0.26677252231147575,0.12877314391989786,0.13799937963485717,8389,4234,2,56,30,34,0,0,1024.0,1024.0,1024.0,4.559933767219385,14.006427764892578,0.0002666931266696063,24.588251398001375,1.3322124481201172,1.361328125
fold0_seed29,cova3d_c50_coh_fold0_seed29,C50_COH,0,29,489370112,8e02f47cff8f58556a3027a157e4543094c344a919905b91f594c5d95962fb33,694d15d8e73d23d7c4c0afa64ad99b85ac571b3c93315349559780590c0aac99,10,11,120,660,0.26955296673022533,0.10359404717291909,0.16595891962448756,8298,4425,6,60,29,31,0,0,1024.0,1024.0,1024.0,4.181655285988624,15.059252738952637,0.0002586345852084849,24.603960185000687,1.3322124481201172,1.361328125
fold0_seed29,cova3d_c50_coh_fold0_seed29,C50_COH,0,29,489370112,8e02f47cff8f58556a3027a157e4543094c344a919905b91f594c5d95962fb33,694d15d8e73d23d7c4c0afa64ad99b85ac571b3c93315349559780590c0aac99,11,12,120,720,0.350654445484785,0.13339875513526447,0.21725568920373917,8223,4388,2,56,31,33,0,0,1024.0,1024.0,1024.0,6.21565248730282,26.289573669433594,0.0002498568710810032,24.643624393998834,1.3322124481201172,1.361328125
fold0_seed29,cova3d_c50_coh_fold0_seed29,C50_COH,0,29,489370112,8e02f47cff8f58556a3027a157e4543094c344a919905b91f594c5d95962fb33,694d15d8e73d23d7c4c0afa64ad99b85ac571b3c93315349559780590c0aac99,12,13,120,780,0.22263470720963122,0.08748911658078953,0.13514558871587118,8587,4357,5,65,26,29,0,0,1024.0,1024.0,1024.0,4.5331280681304635,32.20954132080078,0.0002404189072956492,24.495394345000022,1.3322124481201172,1.361328125
fold0_seed29,cova3d_c50_coh_fold0_seed29,C50_COH,0,29,489370112,8e02f47cff8f58556a3027a157e4543094c344a919905b91f594c5d95962fb33,694d15d8e73d23d7c4c0afa64ad99b85ac571b3c93315349559780590c0aac99,13,14,120,840,0.2205641891962756,0.08246333084503685,0.13810085753599802,8320,4394,3,58,29,33,0,0,1024.0,1024.0,1024.0,4.2669890514885385,16.978740692138672,0.00023038404898248976,24.514429255001232,1.3322124481201172,1.361328125
fold0_seed29,cova3d_c50_coh_fold0_seed29,C50_COH,0,29,489370112,8e02f47cff8f58556a3027a157e4543094c344a919905b91f594c5d95962fb33,694d15d8e73d23d7c4c0afa64ad99b85ac571b3c93315349559780590c0aac99,14,15,120,900,0.22418092389536923,0.0913789928864001,0.13280193010965982,8157,4320,1,57,32,31,0,0,1024.0,1024.0,1024.0,5.663400236765543,30.343109130859375,0.00021981965810307605,24.579461332999927,1.3322124481201172,1.361328125
fold0_seed29,cova3d_c50_coh_fold0_seed29,C50_COH,0,29,489370112,8e02f47cff8f58556a3027a157e4543094c344a919905b91f594c5d95962fb33,694d15d8e73d23d7c4c0afa64ad99b85ac571b3c93315349559780590c0aac99,15,16,120,960,0.2636442720989483,0.09912668970550839,0.1645175834496816,8028,3944,3,51,34,35,0,0,1024.0,1024.0,1024.0,5.359063918019334,33.22468185424805,0.00020879665126330557,24.599145136000516,1.3322124481201172,1.361328125
fold0_seed29,cova3d_c50_coh_fold0_seed29,C50_COH,0,29,489370112,8e02f47cff8f58556a3027a157e4543094c344a919905b91f594c5d95962fb33,694d15d8e73d23d7c4c0afa64ad99b85ac571b3c93315349559780590c0aac99,16,17,120,1020,0.22692676661427433,0.06340632177038685,0.1635204464197159,8544,4411,2,59,32,29,0,0,1024.0,1024.0,1024.0,3.651759719538192,14.052059173583984,0.00019738902366467966,24.518319181999686,1.3322124481201172,1.361328125
fold0_seed29,cova3d_c50_coh_fold0_seed29,C50_COH,0,29,489370112,8e02f47cff8f58556a3027a157e4543094c344a919905b91f594c5d95962fb33,694d15d8e73d23d7c4c0afa64ad99b85ac571b3c93315349559780590c0aac99,17,18,120,1080,0.17056105157525964,0.06349849297053728,0.1070625588297844,8172,4221,3,55,26,39,0,0,1024.0,1024.0,1024.0,3.721906672336627,22.8182430267334,0.00018567335238957547,24.430817845001002,1.3322124481201172,1.361328125
fold0_seed29,cova3d_c50_coh_fold0_seed29,C50_COH,0,29,489370112,8e02f47cff8f58556a3027a157e4543094c344a919905b91f594c5d95962fb33,694d15d8e73d23d7c4c0afa64ad99b85ac571b3c93315349559780590c0aac99,18,19,120,1140,0.23919618640777146,0.05752500493211935,0.18167118181784947,8178,4231,1,47,40,33,0,0,1024.0,1024.0,1024.0,3.152349005577465,14.573378562927246,0.0001737282823548769,24.485969225999725,1.3322124481201172,1.361328125
fold0_seed29,cova3d_c50_coh_fold0_seed29,C50_COH,0,29,489370112,8e02f47cff8f58556a3027a157e4543094c344a919905b91f594c5d95962fb33,694d15d8e73d23d7c4c0afa64ad99b85ac571b3c93315349559780590c0aac99,19,20,120,1200,0.1737726589057805,0.03234162057932508,0.14143103857835135,8329,4364,3,58,33,29,0,0,1024.0,1024.0,1024.0,2.1227257281386605,9.044055938720703,0.00016163399838465363,24.419295489000433,1.3322124481201172,1.361328125
fold0_seed29,cova3d_c50_coh_fold0_seed29,C50_COH,0,29,489370112,8e02f47cff8f58556a3027a157e4543094c344a919905b91f594c5d95962fb33,694d15d8e73d23d7c4c0afa64ad99b85ac571b3c93315349559780590c0aac99,20,21,120,1260,0.19420688807944325,0.04150756674357249,0.15269932200511296,7903,4068,1,62,28,30,0,0,1024.0,1024.0,1024.0,2.606862506759353,12.310981750488281,0.00014947168694575625,24.447962718999406,1.3322124481201172,1.361328125
fold0_seed29,cova3d_c50_coh_fold0_seed29,C50_COH,0,29,489370112,8e02f47cff8f58556a3027a157e4543094c344a919905b91f594c5d95962fb33,694d15d8e73d23d7c4c0afa64ad99b85ac571b3c93315349559780590c0aac99,21,22,120,1320,0.14276152381775256,0.024631089969475124,0.1181304340561231,8459,4255,0,64,22,34,0,0,1024.0,1024.0,1024.0,2.2454678237438204,21.75478172302246,0.0001373229911595876,24.39680042300097,1.3322124481201172,1.361328125
fold0_seed29,cova3d_c50_coh_fold0_seed29,C50_COH,0,29,489370112,8e02f47cff8f58556a3027a157e4543094c344a919905b91f594c5d95962fb33,694d15d8e73d23d7c4c0afa64ad99b85ac571b3c93315349559780590c0aac99,22,23,120,1380,0.17658152366648824,0.030283782683967787,0.14629774093627929,8193,4001,1,58,34,28,0,0,1024.0,1024.0,1024.0,2.7712406167915713,31.110332489013672,0.00012526946274844474,24.41140557899962,1.3322124481201172,1.361328125
fold0_seed29,cova3d_c50_coh_fold0_seed29,C50_COH,0,29,489370112,8e02f47cff8f58556a3027a157e4543094c344a919905b91f594c5d95962fb33,694d15d8e73d23d7c4c0afa64ad99b85ac571b3c93315349559780590c0aac99,23,24,120,1440,0.1344181229748355,0.022342214679591816,0.11207590947548549,8213,4195,1,64,32,24,0,0,1024.0,1024.0,1024.0,1.9528512057693055,10.935806274414062,0.00011339201459540494,24.366225345000203,1.3322124481201172,1.361328125
fold0_seed29,cova3d_c50_coh_fold0_seed29,C50_COH,0,29,489370112,8e02f47cff8f58556a3027a157e4543094c344a919905b91f594c5d95962fb33,694d15d8e73d23d7c4c0afa64ad99b85ac571b3c93315349559780590c0aac99,24,25,120,1500,0.15783666191891196,0.031287301249320026,0.12654936214288076,8361,4257,2,53,36,31,0,0,1024.0,1024.0,1024.0,3.7506039062747734,26.943613052368164,0.00010177037759260854,24.444370264998724,1.3322124481201172,1.361328125
fold0_seed29,cova3d_c50_coh_fold0_seed29,C50_COH,0,29,489370112,8e02f47cff8f58556a3027a157e4543094c344a919905b91f594c5d95962fb33,694d15d8e73d23d7c4c0afa64ad99b85ac571b3c93315349559780590c0aac99,25,26,120,1560,0.15418364485099972,0.027864394171979966,0.12631925145785014,8333,4411,4,60,31,29,0,0,1024.0,1024.0,1024.0,4.5438809423319375,23.5134334564209,9.048256542400759e-05,24.383669618999193,1.3322124481201172,1.361328125
fold0_seed29,cova3d_c50_coh_fold0_seed29,C50_COH,0,29,489370112,8e02f47cff8f58556a3027a157e4543094c344a919905b91f594c5d95962fb33,694d15d8e73d23d7c4c0afa64ad99b85ac571b3c93315349559780590c0aac99,26,27,120,1620,0.1293067731267582,0.03159123988933533,0.09771553327639898,7809,3937,2,56,32,32,0,0,1024.0,1024.0,1024.0,4.590872814831285,26.16119956970215,7.960435087538242e-05,24.384603910000806,1.3322124481201172,1.361328125
fold0_seed29,cova3d_c50_coh_fold0_seed29,C50_COH,0,29,489370112,8e02f47cff8f58556a3027a157e4543094c344a919905b91f594c5d95962fb33,694d15d8e73d23d7c4c0afa64ad99b85ac571b3c93315349559780590c0aac99,27,28,120,1680,0.10638701084603389,0.02177927936631776,0.08460773179928462,8492,4524,1,62,27,31,0,0,1024.0,1024.0,1024.0,4.2426962711775555,28.295856475830078,6.920875718705205e-05,24.36729350799942,1.3322124481201172,1.361328125
fold0_seed29,cova3d_c50_coh_fold0_seed29,C50_COH,0,29,489370112,8e02f47cff8f58556a3027a157e4543094c344a919905b91f594c5d95962fb33,694d15d8e73d23d7c4c0afa64ad99b85ac571b3c93315349559780590c0aac99,28,29,120,1740,0.08864236358077406,0.027297669061866776,0.06134469409783681,8032,4150,2,64,30,26,0,0,1024.0,1024.0,1024.0,3.135736910136378,17.936532974243164,5.936556786372413e-05,24.353230214999712,1.3322124481201172,1.361328125
fold0_seed29,cova3d_c50_coh_fold0_seed29,C50_COH,0,29,489370112,8e02f47cff8f58556a3027a157e4543094c344a919905b91f594c5d95962fb33,694d15d8e73d23d7c4c0afa64ad99b85ac571b3c93315349559780590c0aac99,29,30,120,1800,0.06510883636819002,0.018659269302673556,0.046449567377567294,7748,4081,3,65,34,21,0,0,1024.0,1024.0,1024.0,2.838540069008195,38.465553283691406,5.014085823202989e-05,24.309026206999988,1.3322124481201172,1.361328125
fold0_seed29,cova3d_c50_coh_fold0_seed29,C50_COH,0,29,489370112,8e02f47cff8f58556a3027a157e4543094c344a919905b91f594c5d95962fb33,694d15d8e73d23d7c4c0afa64ad99b85ac571b3c93315349559780590c0aac99,30,31,120,1860,0.09232100101756376,0.017790429610694547,0.07453057120243708,8413,4378,1,65,30,25,0,0,1024.0,1024.0,1024.0,3.0759051870166636,35.48846435546875,4.159655189030408e-05,24.34731859400017,1.3322124481201172,1.361328125
fold0_seed29,cova3d_c50_coh_fold0_seed29,C50_COH,0,29,489370112,8e02f47cff8f58556a3027a157e4543094c344a919905b91f594c5d95962fb33,694d15d8e73d23d7c4c0afa64ad99b85ac571b3c93315349559780590c0aac99,31,32,120,1920,0.10886426792819885,0.02459124492661687,0.08427302290995915,8070,4058,2,60,36,24,0,0,1024.0,1024.0,1024.0,3.057980960945133,47.373226165771484,3.379000502807257e-05,24.31861128499986,1.3322124481201172,1.361328125
fold0_seed29,cova3d_c50_coh_fold0_seed29,C50_COH,0,29,489370112,8e02f47cff8f58556a3027a157e4543094c344a919905b91f594c5d95962fb33,694d15d8e73d23d7c4c0afa64ad99b85ac571b3c93315349559780590c0aac99,32,33,120,1980,0.10618940646779003,0.010822614837987092,0.09536679138739904,8119,4231,2,68,23,29,0,0,1024.0,1024.0,1024.0,4.099451592132876,81.53982543945312,2.6773621405624713e-05,24.312570813999628,1.3322124481201172,1.361328125
fold0_seed29,cova3d_c50_coh_fold0_seed29,C50_COH,0,29,489370112,8e02f47cff8f58556a3027a157e4543094c344a919905b91f594c5d95962fb33,694d15d8e73d23d7c4c0afa64ad99b85ac571b3c93315349559780590c0aac99,33,34,120,2040,0.08249473121515706,0.03205870444790746,0.050436025857925414,8345,4449,1,61,35,24,0,0,1024.0,1024.0,1024.0,3.3702910182764754,31.04033851623535,2.059450057823627e-05,24.329225346000385,1.3322124481201172,1.361328125
fold0_seed29,cova3d_c50_coh_fold0_seed29,C50_COH,0,29,489370112,8e02f47cff8f58556a3027a157e4543094c344a919905b91f594c5d95962fb33,694d15d8e73d23d7c4c0afa64ad99b85ac571b3c93315349559780590c0aac99,34,35,120,2100,0.0618517070195194,0.014085923025074387,0.047765783468882245,8273,4150,0,66,24,30,0,0,1024.0,1024.0,1024.0,1.4453050745469227,9.504884719848633,1.5294121726440254e-05,24.34395412699996,1.3322124481201172,1.361328125
fold0_seed29,cova3d_c50_coh_fold0_seed29,C50_COH,0,29,489370112,8e02f47cff8f58556a3027a157e4543094c344a919905b91f594c5d95962fb33,694d15d8e73d23d7c4c0afa64ad99b85ac571b3c93315349559780590c0aac99,35,36,120,2160,0.07754364277468269,0.013266143700568861,0.06427749941746394,8673,4556,0,54,39,27,0,0,1024.0,1024.0,1024.0,5.28137840471536,52.064571380615234,1.0908065214729997e-05,24.363255363999997,1.3322124481201172,1.361328125
fold0_seed29,cova3d_c50_coh_fold0_seed29,C50_COH,0,29,489370112,8e02f47cff8f58556a3027a157e4543094c344a919905b91f594c5d95962fb33,694d15d8e73d23d7c4c0afa64ad99b85ac571b3c93315349559780590c0aac99,36,37,120,2220,0.04618155055470249,0.015012867421890631,0.031168682873249053,8282,4361,3,60,26,34,0,0,1024.0,1024.0,1024.0,1.9566205561676422,15.144970893859863,7.465773747813819e-06,24.291559286000847,1.3322124481201172,1.361328125
fold0_seed29,cova3d_c50_coh_fold0_seed29,C50_COH,0,29,489370112,8e02f47cff8f58556a3027a157e4543094c344a919905b91f594c5d95962fb33,694d15d8e73d23d7c4c0afa64ad99b85ac571b3c93315349559780590c0aac99,37,38,120,2280,0.09362993894703403,0.030300323943257056,0.06332961469888687,7550,3848,1,55,39,26,0,0,1024.0,1024.0,1024.0,4.403182355956718,38.19017791748047,4.990354727730315e-06,24.349183025999082,1.3322124481201172,1.361328125
fold0_seed29,cova3d_c50_coh_fold0_seed29,C50_COH,0,29,489370112,8e02f47cff8f58556a3027a157e4543094c344a919905b91f594c5d95962fb33,694d15d8e73d23d7c4c0afa64ad99b85ac571b3c93315349559780590c0aac99,38,39,120,2340,0.04195731858887266,0.013442349806698872,0.0285149688522021,8201,4192,1,63,36,21,0,0,1024.0,1024.0,1024.0,2.641542806986642,27.81285858154297,3.498425138561358e-06,24.349808015000235,1.3322124481201172,1.361328125
fold0_seed29,cova3d_c50_coh_fold0_seed29,C50_COH,0,29,489370112,8e02f47cff8f58556a3027a157e4543094c344a919905b91f594c5d95962fb33,694d15d8e73d23d7c4c0afa64ad99b85ac571b3c93315349559780590c0aac99,39,40,120,2400,0.05758160072445002,0.015768727510143753,0.041812873383363085,8239,4276,1,58,34,28,0,0,1024.0,1024.0,1024.0,3.570183228439252,74.72964477539062,3e-06,24.333226242999444,1.3322124481201172,1.361328125
fold0_seed29,cova3d_c50_dis_fold0_seed29,C50_DIS,0,29,489370112,8e02f47cff8f58556a3027a157e4543094c344a919905b91f594c5d95962fb33,694d15d8e73d23d7c4c0afa64ad99b85ac571b3c93315349559780590c0aac99,0,1,120,60,2.543469657232951,2.0260846592292787,0.5173849960168203,7916,3969,1,60,29,31,2,2,1024.0,4096.0,1024.0,106.13817132314047,396.05914306640625,0.00017999999999999998,25.64444850399923,1.3328227996826172,1.37890625
fold0_seed29,cova3d_c50_dis_fold0_seed29,C50_DIS,0,29,489370112,8e02f47cff8f58556a3027a157e4543094c344a919905b91f594c5d95962fb33,694d15d8e73d23d7c4c0afa64ad99b85ac571b3c93315349559780590c0aac99,1,2,120,120,1.518657876458019,1.1274141708466534,0.39124370614687604,7954,4089,2,68,19,33,0,0,1024.0,1024.0,1024.0,48.41396037737528,260.2082214355469,0.0002999445918673937,24.88368055799947,1.3328227996826172,1.37890625
fold0_seed29,cova3d_c50_dis_fold0_seed29,C50_DIS,0,29,489370112,8e02f47cff8f58556a3027a157e4543094c344a919905b91f594c5d95962fb33,694d15d8e73d23d7c4c0afa64ad99b85ac571b3c93315349559780590c0aac99,2,3,120,180,1.1655995329027065,0.751677390759384,0.4139221395055453,8154,4192,0,55,46,19,0,0,1024.0,1024.0,1024.0,18.536502393086753,65.30858612060547,0.0002991142965839822,24.8115842469997,1.3328227996826172,1.37890625
fold0_seed29,cova3d_c50_dis_fold0_seed29,C50_DIS,0,29,489370112,8e02f47cff8f58556a3027a157e4543094c344a919905b91f594c5d95962fb33,694d15d8e73d23d7c4c0afa64ad99b85ac571b3c93315349559780590c0aac99,3,4,120,240,0.8290409561246633,0.5073076206725091,0.32173333168029783,8333,4425,1,55,34,31,0,0,1024.0,1024.0,1024.0,11.180168080329896,31.942163467407227,0.0002972930965702204,24.82422448699981,1.3328227996826172,1.37890625
fold0_seed29,cova3d_c50_dis_fold0_seed29,C50_DIS,0,29,489370112,8e02f47cff8f58556a3027a157e4543094c344a919905b91f594c5d95962fb33,694d15d8e73d23d7c4c0afa64ad99b85ac571b3c93315349559780590c0aac99,4,5,120,300,0.7732974184987446,0.469069840782322,0.30422757416963575,8065,4122,0,68,31,21,0,0,1024.0,1024.0,1024.0,10.145881009101867,52.910484313964844,0.0002944932171711482,24.797087316001125,1.3328227996826172,1.37890625
fold0_seed29,cova3d_c50_dis_fold0_seed29,C50_DIS,0,29,489370112,8e02f47cff8f58556a3027a157e4543094c344a919905b91f594c5d95962fb33,694d15d8e73d23d7c4c0afa64ad99b85ac571b3c93315349559780590c0aac99,5,6,120,360,0.7338336056408783,0.43420488097860166,0.29962872217098874,8242,4141,0,59,38,23,0,0,1024.0,1024.0,1024.0,9.02714900970459,30.52739715576172,0.000290733453407337,24.810351763000654,1.3328227996826172,1.37890625
fold0_seed29,cova3d_c50_dis_fold0_seed29,C50_DIS,0,29,489370112,8e02f47cff8f58556a3027a157e4543094c344a919905b91f594c5d95962fb33,694d15d8e73d23d7c4c0afa64ad99b85ac571b3c93315349559780590c0aac99,6,7,120,420,0.7551232208497822,0.4355699930417662,0.31955323070287706,8290,4304,1,61,25,34,0,0,1024.0,1024.0,1024.0,9.663926740487417,33.420257568359375,0.0002860390438077423,24.75880816499921,1.3328227996826172,1.37890625
fold0_seed29,cova3d_c50_dis_fold0_seed29,C50_DIS,0,29,489370112,8e02f47cff8f58556a3027a157e4543094c344a919905b91f594c5d95962fb33,694d15d8e73d23d7c4c0afa64ad99b85ac571b3c93315349559780590c0aac99,7,8,120,480,0.6213480482033144,0.35078774082357994,0.2705603092908859,7693,3776,2,55,39,26,0,0,1024.0,1024.0,1024.0,8.160287117958068,21.85382843017578,0.00028044150098859483,24.719630227999005,1.3328227996826172,1.37890625
fold0_seed29,cova3d_c50_dis_fold0_seed29,C50_DIS,0,29,489370112,8e02f47cff8f58556a3027a157e4543094c344a919905b91f594c5d95962fb33,694d15d8e73d23d7c4c0afa64ad99b85ac571b3c93315349559780590c0aac99,8,9,120,540,0.5940052298285688,0.3188345631681538,0.2751706684629122,8009,4077,1,68,21,31,0,0,1024.0,1024.0,1024.0,8.366804225494464,36.24344253540039,0.0002739784001156218,24.703260652999234,1.3328227996826172,1.37890625
fold0_seed29,cova3d_c50_dis_fold0_seed29,C50_DIS,0,29,489370112,8e02f47cff8f58556a3027a157e4543094c344a919905b91f594c5d95962fb33,694d15d8e73d23d7c4c0afa64ad99b85ac571b3c93315349559780590c0aac99,9,10,120,600,0.5071344375435729,0.29530070813101095,0.21183372884988785,8134,4114,1,56,30,34,0,0,1024.0,1024.0,1024.0,7.822011282543341,29.507863998413086,0.0002666931266696063,24.684401164999144,1.3328227996826172,1.37890625
fold0_seed29,cova3d_c50_dis_fold0_seed29,C50_DIS,0,29,489370112,8e02f47cff8f58556a3027a157e4543094c344a919905b91f594c5d95962fb33,694d15d8e73d23d7c4c0afa64ad99b85ac571b3c93315349559780590c0aac99,10,11,120,660,0.43401366068622643,0.22818883724927824,0.20582482367753982,8138,4303,5,60,29,31,0,0,1024.0,1024.0,1024.0,6.932475578784943,18.522260665893555,0.0002586345852084849,24.566234645000804,1.3328227996826172,1.37890625
fold0_seed29,cova3d_c50_dis_fold0_seed29,C50_DIS,0,29,489370112,8e02f47cff8f58556a3027a157e4543094c344a919905b91f594c5d95962fb33,694d15d8e73d23d7c4c0afa64ad99b85ac571b3c93315349559780590c0aac99,11,12,120,720,0.539940359769389,0.25918802109566363,0.28075233697891233,7986,4183,1,56,31,33,0,0,1024.0,1024.0,1024.0,8.862962477778394,41.229278564453125,0.0002498568710810032,24.72514954700091,1.3328227996826172,1.37890625
fold0_seed29,cova3d_c50_dis_fold0_seed29,C50_DIS,0,29,489370112,8e02f47cff8f58556a3027a157e4543094c344a919905b91f594c5d95962fb33,694d15d8e73d23d7c4c0afa64ad99b85ac571b3c93315349559780590c0aac99,12,13,120,780,0.3991699763400296,0.2144260421483826,0.18474393437306086,8575,4466,3,65,26,29,0,0,1024.0,1024.0,1024.0,7.886348965267341,28.73589515686035,0.0002404189072956492,24.694162981000773,1.3328227996826172,1.37890625
fold0_seed29,cova3d_c50_dis_fold0_seed29,C50_DIS,0,29,489370112,8e02f47cff8f58556a3027a157e4543094c344a919905b91f594c5d95962fb33,694d15d8e73d23d7c4c0afa64ad99b85ac571b3c93315349559780590c0aac99,13,14,120,840,0.3764572218535856,0.19313058949580106,0.18332663277784983,8272,4346,2,58,29,33,0,0,1024.0,1024.0,1024.0,7.183054480950037,23.729095458984375,0.00023038404898248976,24.60491283400006,1.3328227996826172,1.37890625
fold0_seed29,cova3d_c50_dis_fold0_seed29,C50_DIS,0,29,489370112,8e02f47cff8f58556a3027a157e4543094c344a919905b91f594c5d95962fb33,694d15d8e73d23d7c4c0afa64ad99b85ac571b3c93315349559780590c0aac99,14,15,120,900,0.3638171407044865,0.17827434525097488,0.18554279605547588,7989,4174,0,57,32,31,0,0,1024.0,1024.0,1024.0,8.648189797004063,51.910160064697266,0.00021981965810307605,24.629780572999152,1.3328227996826172,1.37890625
fold0_seed29,cova3d_c50_dis_fold0_seed29,C50_DIS,0,29,489370112,8e02f47cff8f58556a3027a157e4543094c344a919905b91f594c5d95962fb33,694d15d8e73d23d7c4c0afa64ad99b85ac571b3c93315349559780590c0aac99,15,16,120,960,0.36718939191547784,0.17202252302971222,0.19516686648130416,7956,3886,3,51,34,35,0,0,1024.0,1024.0,1024.0,7.2844116188585755,20.05480194091797,0.00020879665126330557,24.587002215999746,1.3328227996826172,1.37890625
fold0_seed29,cova3d_c50_dis_fold0_seed29,C50_DIS,0,29,489370112,8e02f47cff8f58556a3027a157e4543094c344a919905b91f594c5d95962fb33,694d15d8e73d23d7c4c0afa64ad99b85ac571b3c93315349559780590c0aac99,16,17,120,1020,0.3517822753302729,0.15428250491174064,0.1974997689326604,8260,4142,0,59,32,29,0,0,1024.0,1024.0,1024.0,8.712871044874191,29.688629150390625,0.00019738902366467966,24.604961525999897,1.3328227996826172,1.37890625
fold0_seed29,cova3d_c50_dis_fold0_seed29,C50_DIS,0,29,489370112,8e02f47cff8f58556a3027a157e4543094c344a919905b91f594c5d95962fb33,694d15d8e73d23d7c4c0afa64ad99b85ac571b3c93315349559780590c0aac99,17,18,120,1080,0.29197788194837815,0.14723101490155083,0.14474686483542124,8207,4209,2,55,26,39,0,0,1024.0,1024.0,1024.0,7.701297724246979,40.57681655883789,0.00018567335238957547,24.595437525000307,1.3328227996826172,1.37890625
fold0_seed29,cova3d_c50_dis_fold0_seed29,C50_DIS,0,29,489370112,8e02f47cff8f58556a3027a157e4543094c344a919905b91f594c5d95962fb33,694d15d8e73d23d7c4c0afa64ad99b85ac571b3c93315349559780590c0aac99,18,19,120,1140,0.3477585860864944,0.14611688283643312,0.20164170414209365,8058,4159,1,47,40,33,0,0,1024.0,1024.0,1024.0,6.7073781636854015,20.999727249145508,0.0001737282823548769,24.645513299999948,1.3328227996826172,1.37890625
fold0_seed29,cova3d_c50_dis_fold0_seed29,C50_DIS,0,29,489370112,8e02f47cff8f58556a3027a157e4543094c344a919905b91f594c5d95962fb33,694d15d8e73d23d7c4c0afa64ad99b85ac571b3c93315349559780590c0aac99,19,20,120,1200,0.2780915225762328,0.11058403369840258,0.16750748803218204,8242,4298,2,58,33,29,0,0,1024.0,1024.0,1024.0,7.274838573733965,31.632423400878906,0.00016163399838465363,24.62509521999891,1.3328227996826172,1.37890625
fold0_seed29,cova3d_c50_dis_fold0_seed29,C50_DIS,0,29,489370112,8e02f47cff8f58556a3027a157e4543094c344a919905b91f594c5d95962fb33,694d15d8e73d23d7c4c0afa64ad99b85ac571b3c93315349559780590c0aac99,20,21,120,1260,0.29445554390649703,0.11493399342916746,0.17952154974142712,7963,4044,1,62,28,30,0,0,1024.0,1024.0,1024.0,6.895122111092011,35.298988342285156,0.00014947168694575625,24.538567503001104,1.3328227996826172,1.37890625
fold0_seed29,cova3d_c50_dis_fold0_seed29,C50_DIS,0,29,489370112,8e02f47cff8f58556a3027a157e4543094c344a919905b91f594c5d95962fb33,694d15d8e73d23d7c4c0afa64ad99b85ac571b3c93315349559780590c0aac99,21,22,120,1320,0.2223858885456972,0.08697333258650512,0.13541255791982015,8496,4298,0,64,22,34,0,0,1024.0,1024.0,1024.0,5.271304875115553,26.165922164916992,0.0001373229911595876,24.530622280000898,1.3328227996826172,1.37890625
fold0_seed29,cova3d_c50_dis_fold0_seed29,C50_DIS,0,29,489370112,8e02f47cff8f58556a3027a157e4543094c344a919905b91f594c5d95962fb33,694d15d8e73d23d7c4c0afa64ad99b85ac571b3c93315349559780590c0aac99,22,23,120,1380,0.2204975655064724,0.07548837946721203,0.14500918587048847,8279,4137,1,58,34,28,0,0,1024.0,1024.0,1024.0,4.591662685697277,20.810941696166992,0.00012526946274844474,24.653029757000695,1.3328227996826172,1.37890625
fold0_seed29,cova3d_c50_dis_fold0_seed29,C50_DIS,0,29,489370112,8e02f47cff8f58556a3027a157e4543094c344a919905b91f594c5d95962fb33,694d15d8e73d23d7c4c0afa64ad99b85ac571b3c93315349559780590c0aac99,23,24,120,1440,0.17293290706011533,0.06736478578808658,0.10556812236706416,8153,4187,0,64,32,24,0,0,1024.0,1024.0,1024.0,5.202864777420958,21.282140731811523,0.00011339201459540494,24.607657255999584,1.3328227996826172,1.37890625
fold0_seed29,cova3d_c50_dis_fold0_seed29,C50_DIS,0,29,489370112,8e02f47cff8f58556a3027a157e4543094c344a919905b91f594c5d95962fb33,694d15d8e73d23d7c4c0afa64ad99b85ac571b3c93315349559780590c0aac99,24,25,120,1500,0.21927766862980463,0.06473485596143629,0.15454281320174534,8243,4151,1,53,36,31,0,0,1024.0,1024.0,1024.0,4.601377402991057,23.050931930541992,0.00010177037759260854,24.479500334000477,1.3328227996826172,1.37890625
fold0_seed29,cova3d_c50_dis_fold0_seed29,C50_DIS,0,29,489370112,8e02f47cff8f58556a3027a157e4543094c344a919905b91f594c5d95962fb33,694d15d8e73d23d7c4c0afa64ad99b85ac571b3c93315349559780590c0aac99,25,26,120,1560,0.21023877548949865,0.058918128589607474,0.15132064769665401,8190,4308,3,60,31,29,0,0,1024.0,1024.0,1024.0,5.883099568076432,19.595247268676758,9.048256542400759e-05,24.55242914399969,1.3328227996826172,1.37890625
fold0_seed29,cova3d_c50_dis_fold0_seed29,C50_DIS,0,29,489370112,8e02f47cff8f58556a3027a157e4543094c344a919905b91f594c5d95962fb33,694d15d8e73d23d7c4c0afa64ad99b85ac571b3c93315349559780590c0aac99,26,27,120,1620,0.22780231923961386,0.07433165574053505,0.15347066273291907,7599,3809,1,56,32,32,0,0,1024.0,1024.0,1024.0,5.093963624412814,28.596820831298828,7.960435087538242e-05,24.63757029699991,1.3328227996826172,1.37890625
fold0_seed29,cova3d_c50_dis_fold0_seed29,C50_DIS,0,29,489370112,8e02f47cff8f58556a3027a157e4543094c344a919905b91f594c5d95962fb33,694d15d8e73d23d7c4c0afa64ad99b85ac571b3c93315349559780590c0aac99,27,28,120,1680,0.17261297173594534,0.04739280009207292,0.12522017161051432,8384,4524,0,62,27,31,0,0,1024.0,1024.0,1024.0,5.135715386923403,40.62594223022461,6.920875718705205e-05,24.505021569000746,1.3328227996826172,1.37890625
fold0_seed29,cova3d_c50_dis_fold0_seed29,C50_DIS,0,29,489370112,8e02f47cff8f58556a3027a157e4543094c344a919905b91f594c5d95962fb33,694d15d8e73d23d7c4c0afa64ad99b85ac571b3c93315349559780590c0aac99,28,29,120,1740,0.16544977953411527,0.05559586759593564,0.10985391239325205,7913,4120,2,64,30,26,0,0,1024.0,1024.0,1024.0,5.208000632189214,32.14069366455078,5.936556786372413e-05,24.538142217999848,1.3328227996826172,1.37890625
fold0_seed29,cova3d_c50_dis_fold0_seed29,C50_DIS,0,29,489370112,8e02f47cff8f58556a3027a157e4543094c344a919905b91f594c5d95962fb33,694d15d8e73d23d7c4c0afa64ad99b85ac571b3c93315349559780590c0aac99,29,30,120,1800,0.15791282958700753,0.04290615120353465,0.11500667830308278,7872,4187,3,65,34,21,0,0,1024.0,1024.0,1024.0,4.2480968123166045,38.39815139770508,5.014085823202989e-05,24.489756394001233,1.3328227996826172,1.37890625
fold0_seed29,cova3d_c50_dis_fold0_seed29,C50_DIS,0,29,489370112,8e02f47cff8f58556a3027a157e4543094c344a919905b91f594c5d95962fb33,694d15d8e73d23d7c4c0afa64ad99b85ac571b3c93315349559780590c0aac99,30,31,120,1860,0.15180768547667184,0.03954356571730197,0.11226411908864975,8434,4367,1,65,30,25,0,0,1024.0,1024.0,1024.0,4.008287710354974,36.449703216552734,4.159655189030408e-05,24.54928351700073,1.3328227996826172,1.37890625
fold0_seed29,cova3d_c50_dis_fold0_seed29,C50_DIS,0,29,489370112,8e02f47cff8f58556a3027a157e4543094c344a919905b91f594c5d95962fb33,694d15d8e73d23d7c4c0afa64ad99b85ac571b3c93315349559780590c0aac99,31,32,120,1920,0.15802643579401518,0.04342524890372535,0.11460118542114893,7956,4019,2,60,36,24,0,0,1024.0,1024.0,1024.0,5.318953554471955,81.5379638671875,3.379000502807257e-05,24.478188090000913,1.3328227996826172,1.37890625
fold0_seed29,cova3d_c50_dis_fold0_seed29,C50_DIS,0,29,489370112,8e02f47cff8f58556a3027a157e4543094c344a919905b91f594c5d95962fb33,694d15d8e73d23d7c4c0afa64ad99b85ac571b3c93315349559780590c0aac99,32,33,120,1980,0.1435030837313801,0.03331126525515795,0.1101918175816536,7871,4074,2,68,23,29,0,0,1024.0,1024.0,1024.0,4.490000563596065,31.119726181030273,2.6773621405624713e-05,24.483449839999594,1.3328227996826172,1.37890625
fold0_seed29,cova3d_c50_dis_fold0_seed29,C50_DIS,0,29,489370112,8e02f47cff8f58556a3027a157e4543094c344a919905b91f594c5d95962fb33,694d15d8e73d23d7c4c0afa64ad99b85ac571b3c93315349559780590c0aac99,33,34,120,2040,0.14802582268378425,0.04329101397379039,0.10473480820655823,8275,4420,0,61,35,24,0,0,1024.0,1024.0,1024.0,5.9430554063471694,141.43600463867188,2.059450057823627e-05,24.569121008000366,1.3328227996826172,1.37890625
fold0_seed29,cova3d_c50_dis_fold0_seed29,C50_DIS,0,29,489370112,8e02f47cff8f58556a3027a157e4543094c344a919905b91f594c5d95962fb33,694d15d8e73d23d7c4c0afa64ad99b85ac571b3c93315349559780590c0aac99,34,35,120,2100,0.14469519088018606,0.04888735506972317,0.09580783545970917,8315,4193,0,66,24,30,0,0,1024.0,1024.0,1024.0,5.298433126447102,88.96878814697266,1.5294121726440254e-05,24.513926147999882,1.3328227996826172,1.37890625
fold0_seed29,cova3d_c50_dis_fold0_seed29,C50_DIS,0,29,489370112,8e02f47cff8f58556a3027a157e4543094c344a919905b91f594c5d95962fb33,694d15d8e73d23d7c4c0afa64ad99b85ac571b3c93315349559780590c0aac99,35,36,120,2160,0.14503111915490288,0.03441105057265167,0.11062006851037344,8478,4341,0,54,39,27,0,0,1024.0,1024.0,1024.0,4.22429581421117,22.38317108154297,1.0908065214729997e-05,24.598772342998927,1.3328227996826172,1.37890625
fold0_seed29,cova3d_c50_dis_fold0_seed29,C50_DIS,0,29,489370112,8e02f47cff8f58556a3027a157e4543094c344a919905b91f594c5d95962fb33,694d15d8e73d23d7c4c0afa64ad99b85ac571b3c93315349559780590c0aac99,36,37,120,2220,0.104512499717592,0.03089144937849179,0.07362105051676432,8345,4417,2,60,26,34,0,0,1024.0,1024.0,1024.0,4.574036692377801,36.787601470947266,7.465773747813819e-06,24.548591733999274,1.3328227996826172,1.37890625
fold0_seed29,cova3d_c50_dis_fold0_seed29,C50_DIS,0,29,489370112,8e02f47cff8f58556a3027a157e4543094c344a919905b91f594c5d95962fb33,694d15d8e73d23d7c4c0afa64ad99b85ac571b3c93315349559780590c0aac99,37,38,120,2280,0.15324704378178566,0.0434543004038827,0.10979274312655131,7423,3725,1,55,39,26,0,0,1024.0,1024.0,1024.0,3.9444160675009092,31.493671417236328,4.990354727730315e-06,24.449370086000272,1.3328227996826172,1.37890625
fold0_seed29,cova3d_c50_dis_fold0_seed29,C50_DIS,0,29,489370112,8e02f47cff8f58556a3027a157e4543094c344a919905b91f594c5d95962fb33,694d15d8e73d23d7c4c0afa64ad99b85ac571b3c93315349559780590c0aac99,38,39,120,2340,0.11973453025722544,0.029296198972307272,0.09043833166360855,8118,4125,1,63,36,21,0,0,1024.0,1024.0,1024.0,3.575258047847698,21.239530563354492,3.498425138561358e-06,24.52244626100037,1.3328227996826172,1.37890625
fold0_seed29,cova3d_c50_dis_fold0_seed29,C50_DIS,0,29,489370112,8e02f47cff8f58556a3027a157e4543094c344a919905b91f594c5d95962fb33,694d15d8e73d23d7c4c0afa64ad99b85ac571b3c93315349559780590c0aac99,39,40,120,2400,0.10228730916619343,0.03242110815068351,0.06986620128154755,8116,4167,1,58,34,28,0,0,1024.0,1024.0,1024.0,4.522537343827813,46.547035217285156,3e-06,24.538675141000567,1.3328227996826172,1.37890625
fold0_seed29,cova3d_c50_frg_fold0_seed29,C50_FRG,0,29,489370112,8e02f47cff8f58556a3027a157e4543094c344a919905b91f594c5d95962fb33,694d15d8e73d23d7c4c0afa64ad99b85ac571b3c93315349559780590c0aac99,0,1,120,60,2.5371539259524902,2.0262043853796285,0.5109495381514232,7825,3895,1,60,29,31,3,3,512.0,4096.0,512.0,109.52888196309408,374.54486083984375,0.00017999999999999998,25.976636826000686,1.3338756561279297,1.396484375
fold0_seed29,cova3d_c50_frg_fold0_seed29,C50_FRG,0,29,489370112,8e02f47cff8f58556a3027a157e4543094c344a919905b91f594c5d95962fb33,694d15d8e73d23d7c4c0afa64ad99b85ac571b3c93315349559780590c0aac99,1,2,120,120,1.4709689468378202,1.0998452853683072,0.3711236700415611,8028,4124,2,68,19,33,0,0,512.0,512.0,512.0,43.61224778493246,213.70120239257812,0.0002999445918673937,24.74566016100107,1.3338756561279297,1.396484375
fold0_seed29,cova3d_c50_frg_fold0_seed29,C50_FRG,0,29,489370112,8e02f47cff8f58556a3027a157e4543094c344a919905b91f594c5d95962fb33,694d15d8e73d23d7c4c0afa64ad99b85ac571b3c93315349559780590c0aac99,2,3,120,180,1.0801736666976163,0.6793454883154482,0.4008281782269478,8252,4277,0,55,46,19,0,0,512.0,512.0,512.0,16.98797531922658,97.83377075195312,0.0002991142965839822,24.617882435000865,1.3338756561279297,1.396484375
fold0_seed29,cova3d_c50_frg_fold0_seed29,C50_FRG,0,29,489370112,8e02f47cff8f58556a3027a157e4543094c344a919905b91f594c5d95962fb33,694d15d8e73d23d7c4c0afa64ad99b85ac571b3c93315349559780590c0aac99,3,4,120,240,0.7705500521697104,0.4616829812216262,0.30886707206567127,8365,4452,2,55,34,31,0,0,512.0,512.0,512.0,10.728778922557831,61.9074592590332,0.0002972930965702204,24.593221975999768,1.3338756561279297,1.396484375
fold0_seed29,cova3d_c50_frg_fold0_seed29,C50_FRG,0,29,489370112,8e02f47cff8f58556a3027a157e4543094c344a919905b91f594c5d95962fb33,694d15d8e73d23d7c4c0afa64ad99b85ac571b3c93315349559780590c0aac99,4,5,120,300,0.7006125035656926,0.4161503535656569,0.2844621494412422,8058,4138,0,68,31,21,0,0,512.0,512.0,512.0,10.942823894818623,71.68378448486328,0.0002944932171711482,24.64239553399966,1.3338756561279297,1.396484375
fold0_seed29,cova3d_c50_frg_fold0_seed29,C50_FRG,0,29,489370112,8e02f47cff8f58556a3027a157e4543094c344a919905b91f594c5d95962fb33,694d15d8e73d23d7c4c0afa64ad99b85ac571b3c93315349559780590c0aac99,5,6,120,360,0.6152240747624698,0.35145654341516397,0.2637675325075785,8273,4202,0,59,38,23,0,0,512.0,512.0,512.0,9.078715310494106,40.264678955078125,0.000290733453407337,24.579486751999866,1.3338756561279297,1.396484375
fold0_seed29,cova3d_c50_frg_fold0_seed29,C50_FRG,0,29,489370112,8e02f47cff8f58556a3027a157e4543094c344a919905b91f594c5d95962fb33,694d15d8e73d23d7c4c0afa64ad99b85ac571b3c93315349559780590c0aac99,6,7,120,420,0.684229644605269,0.38344866593154925,0.3007809817790985,8278,4343,2,61,25,34,0,0,512.0,512.0,512.0,10.0762239664793,59.378509521484375,0.0002860390438077423,24.532916930000283,1.3338756561279297,1.396484375
fold0_seed29,cova3d_c50_frg_fold0_seed29,C50_FRG,0,29,489370112,8e02f47cff8f58556a3027a157e4543094c344a919905b91f594c5d95962fb33,694d15d8e73d23d7c4c0afa64ad99b85ac571b3c93315349559780590c0aac99,7,8,120,480,0.533529837600266,0.29336588662602786,0.24016395111878713,7691,3784,3,55,39,26,0,0,512.0,512.0,512.0,8.789638672272364,29.358461380004883,0.00028044150098859483,24.496239415000673,1.3338756561279297,1.396484375
fold0_seed29,cova3d_c50_frg_fold0_seed29,C50_FRG,0,29,489370112,8e02f47cff8f58556a3027a157e4543094c344a919905b91f594c5d95962fb33,694d15d8e73d23d7c4c0afa64ad99b85ac571b3c93315349559780590c0aac99,8,9,120,540,0.5454565342088851,0.2764538987811344,0.26900263677040737,7976,4073,1,68,21,31,0,0,512.0,512.0,512.0,7.730836065113545,32.32770538330078,0.0002739784001156218,24.432351942001333,1.3338756561279297,1.396484375
fold0_seed29,cova3d_c50_frg_fold0_seed29,C50_FRG,0,29,489370112,8e02f47cff8f58556a3027a157e4543094c344a919905b91f594c5d95962fb33,694d15d8e73d23d7c4c0afa64ad99b85ac571b3c93315349559780590c0aac99,9,10,120,600,0.46581107402065147,0.2629665067070164,0.20284456859032313,8140,4066,1,56,30,34,0,0,512.0,512.0,512.0,7.398238710065683,40.06201171875,0.0002666931266696063,24.417379370999697,1.3338756561279297,1.396484375
fold0_seed29,cova3d_c50_frg_fold0_seed29,C50_FRG,0,29,489370112,8e02f47cff8f58556a3027a157e4543094c344a919905b91f594c5d95962fb33,694d15d8e73d23d7c4c0afa64ad99b85ac571b3c93315349559780590c0aac99,10,11,120,660,0.42603128923801703,0.21056709189482112,0.21546420057614643,8004,4196,5,60,29,31,0,0,512.0,512.0,512.0,6.575035971899827,22.84480094909668,0.0002586345852084849,24.477951237000525,1.3338756561279297,1.396484375
fold0_seed29,cova3d_c50_frg_fold0_seed29,C50_FRG,0,29,489370112,8e02f47cff8f58556a3027a157e4543094c344a919905b91f594c5d95962fb33,694d15d8e73d23d7c4c0afa64ad99b85ac571b3c93315349559780590c0aac99,11,12,120,720,0.510380026162602,0.2332944772633103,0.2770855476458867,7899,4091,1,56,31,33,0,0,512.0,512.0,512.0,8.782722470661005,50.93257522583008,0.0002498568710810032,24.538911476000067,1.3338756561279297,1.396484375
fold0_seed29,cova3d_c50_frg_fold0_seed29,C50_FRG,0,29,489370112,8e02f47cff8f58556a3027a157e4543094c344a919905b91f594c5d95962fb33,694d15d8e73d23d7c4c0afa64ad99b85ac571b3c93315349559780590c0aac99,12,13,120,780,0.3856951822017436,0.19597258100645074,0.1897226020693779,8534,4443,4,65,26,29,0,0,512.0,512.0,512.0,7.257608352974057,23.048786163330078,0.0002404189072956492,24.5070425899994,1.3338756561279297,1.396484375
fold0_seed29,cova3d_c50_frg_fold0_seed29,C50_FRG,0,29,489370112,8e02f47cff8f58556a3027a157e4543094c344a919905b91f594c5d95962fb33,694d15d8e73d23d7c4c0afa64ad99b85ac571b3c93315349559780590c0aac99,13,14,120,840,0.3480664672650164,0.16734315766249588,0.1807233100136121,8380,4457,2,58,29,33,0,0,512.0,512.0,512.0,6.114701506495476,26.740083694458008,0.00023038404898248976,24.471814613998504,1.3338756561279297,1.396484375
fold0_seed29,cova3d_c50_frg_fold0_seed29,C50_FRG,0,29,489370112,8e02f47cff8f58556a3027a157e4543094c344a919905b91f594c5d95962fb33,694d15d8e73d23d7c4c0afa64ad99b85ac571b3c93315349559780590c0aac99,14,15,120,900,0.33459129168380364,0.15204846918883655,0.1825428232550621,8012,4162,1,57,32,31,0,0,512.0,512.0,512.0,7.691588367025058,41.24009704589844,0.00021981965810307605,24.432716547000382,1.3338756561279297,1.396484375
fold0_seed29,cova3d_c50_frg_fold0_seed29,C50_FRG,0,29,489370112,8e02f47cff8f58556a3027a157e4543094c344a919905b91f594c5d95962fb33,694d15d8e73d23d7c4c0afa64ad99b85ac571b3c93315349559780590c0aac99,15,16,120,960,0.357050807806263,0.15704392656304358,0.20000688185294468,8000,3851,3,51,34,35,0,0,512.0,512.0,512.0,6.880425733824571,21.75025749206543,0.00020879665126330557,24.466830106999623,1.3338756561279297,1.396484375
fold0_seed29,cova3d_c50_frg_fold0_seed29,C50_FRG,0,29,489370112,8e02f47cff8f58556a3027a157e4543094c344a919905b91f594c5d95962fb33,694d15d8e73d23d7c4c0afa64ad99b85ac571b3c93315349559780590c0aac99,16,17,120,1020,0.34159440205703506,0.13924283782165123,0.20235156367222468,8154,4082,2,59,32,29,0,0,512.0,512.0,512.0,6.452708415687084,42.25147247314453,0.00019738902366467966,24.496122389999073,1.3338756561279297,1.396484375
fold0_seed29,cova3d_c50_frg_fold0_seed29,C50_FRG,0,29,489370112,8e02f47cff8f58556a3027a157e4543094c344a919905b91f594c5d95962fb33,694d15d8e73d23d7c4c0afa64ad99b85ac571b3c93315349559780590c0aac99,17,18,120,1080,0.284544523232762,0.1373125529458169,0.14723196973403294,8282,4265,2,55,26,39,0,0,512.0,512.0,512.0,7.086994393294057,32.61622619628906,0.00018567335238957547,24.476463544999206,1.3338756561279297,1.396484375
fold0_seed29,cova3d_c50_frg_fold0_seed29,C50_FRG,0,29,489370112,8e02f47cff8f58556a3027a157e4543094c344a919905b91f594c5d95962fb33,694d15d8e73d23d7c4c0afa64ad99b85ac571b3c93315349559780590c0aac99,18,19,120,1140,0.3296569864784298,0.12338303382708773,0.20627395212650299,8132,4203,1,47,40,33,0,0,512.0,512.0,512.0,5.9138839662075045,18.209609985351562,0.0001737282823548769,24.391343436998795,1.3338756561279297,1.396484375
fold0_seed29,cova3d_c50_frg_fold0_seed29,C50_FRG,0,29,489370112,8e02f47cff8f58556a3027a157e4543094c344a919905b91f594c5d95962fb33,694d15d8e73d23d7c4c0afa64ad99b85ac571b3c93315349559780590c0aac99,19,20,120,1200,0.25855388800700896,0.09565201661735045,0.16290187189976374,8283,4302,3,58,33,29,0,0,512.0,512.0,512.0,5.652208710586032,31.095060348510742,0.00016163399838465363,24.44318596999983,1.3338756561279297,1.396484375
fold0_seed29,cova3d_c50_frg_fold0_seed29,C50_FRG,0,29,489370112,8e02f47cff8f58556a3027a157e4543094c344a919905b91f594c5d95962fb33,694d15d8e73d23d7c4c0afa64ad99b85ac571b3c93315349559780590c0aac99,20,21,120,1260,0.2895004548689485,0.11096803014217281,0.17853242456912993,7944,4010,1,62,28,30,0,0,512.0,512.0,512.0,6.602249772349993,44.14765167236328,0.00014947168694575625,24.448761988000115,1.3338756561279297,1.396484375
fold0_seed29,cova3d_c50_frg_fold0_seed29,C50_FRG,0,29,489370112,8e02f47cff8f58556a3027a157e4543094c344a919905b91f594c5d95962fb33,694d15d8e73d23d7c4c0afa64ad99b85ac571b3c93315349559780590c0aac99,21,22,120,1320,0.22109587925167962,0.07653478616561812,0.14456109305222828,8430,4257,0,64,22,34,0,0,512.0,512.0,512.0,4.369033738101522,21.50605010986328,0.0001373229911595876,24.417085912000402,1.3338756561279297,1.396484375
fold0_seed29,cova3d_c50_frg_fold0_seed29,C50_FRG,0,29,489370112,8e02f47cff8f58556a3027a157e4543094c344a919905b91f594c5d95962fb33,694d15d8e73d23d7c4c0afa64ad99b85ac571b3c93315349559780590c0aac99,22,23,120,1380,0.23460030564114998,0.06898639265171483,0.16561391353607177,8296,4162,1,58,34,28,0,0,512.0,512.0,512.0,4.483739704142014,24.250871658325195,0.00012526946274844474,24.391565599999012,1.3338756561279297,1.396484375
fold0_seed29,cova3d_c50_frg_fold0_seed29,C50_FRG,0,29,489370112,8e02f47cff8f58556a3027a157e4543094c344a919905b91f594c5d95962fb33,694d15d8e73d23d7c4c0afa64ad99b85ac571b3c93315349559780590c0aac99,23,24,120,1440,0.22039567049726733,0.0866297843700219,0.13376588622728983,8101,4138,1,64,32,24,0,0,512.0,512.0,512.0,5.946223612688482,41.269229888916016,0.00011339201459540494,24.39402916600011,1.3338756561279297,1.396484375
fold0_seed29,cova3d_c50_frg_fold0_seed29,C50_FRG,0,29,489370112,8e02f47cff8f58556a3027a157e4543094c344a919905b91f594c5d95962fb33,694d15d8e73d23d7c4c0afa64ad99b85ac571b3c93315349559780590c0aac99,24,25,120,1500,0.23715261093865744,0.06705541345888832,0.17009719759225844,8305,4175,1,53,36,31,0,0,512.0,512.0,512.0,4.220758574207624,22.522409439086914,0.00010177037759260854,24.35529442999905,1.3338756561279297,1.396484375
fold0_seed29,cova3d_c50_frg_fold0_seed29,C50_FRG,0,29,489370112,8e02f47cff8f58556a3027a157e4543094c344a919905b91f594c5d95962fb33,694d15d8e73d23d7c4c0afa64ad99b85ac571b3c93315349559780590c0aac99,25,26,120,1560,0.19647002502188826,0.043083041984792673,0.15338698377211887,8166,4295,3,60,31,29,0,0,512.0,512.0,512.0,3.518766838995119,11.284099578857422,9.048256542400759e-05,24.388596049000625,1.3338756561279297,1.396484375
fold0_seed29,cova3d_c50_frg_fold0_seed29,C50_FRG,0,29,489370112,8e02f47cff8f58556a3027a157e4543094c344a919905b91f594c5d95962fb33,694d15d8e73d23d7c4c0afa64ad99b85ac571b3c93315349559780590c0aac99,26,27,120,1620,0.2344906107788674,0.06721020963707597,0.1672804022828738,7712,3891,1,56,32,32,0,0,512.0,512.0,512.0,4.98318214820077,40.96915054321289,7.960435087538242e-05,24.441062560999853,1.3338756561279297,1.396484375
fold0_seed29,cova3d_c50_frg_fold0_seed29,C50_FRG,0,29,489370112,8e02f47cff8f58556a3027a157e4543094c344a919905b91f594c5d95962fb33,694d15d8e73d23d7c4c0afa64ad99b85ac571b3c93315349559780590c0aac99,27,28,120,1680,0.19488448874086164,0.05536453623033519,0.1395199532310168,8456,4606,1,62,27,31,0,0,512.0,512.0,512.0,5.610937159632643,38.706851959228516,6.920875718705205e-05,24.470181675000276,1.3338756561279297,1.396484375
fold0_seed29,cova3d_c50_frg_fold0_seed29,C50_FRG,0,29,489370112,8e02f47cff8f58556a3027a157e4543094c344a919905b91f594c5d95962fb33,694d15d8e73d23d7c4c0afa64ad99b85ac571b3c93315349559780590c0aac99,28,29,120,1740,0.16784892063015514,0.04207457437348528,0.12577434728542963,7846,4077,2,64,30,26,0,0,512.0,512.0,512.0,3.553449250012636,13.751530647277832,5.936556786372413e-05,24.35979886899986,1.3338756561279297,1.396484375
fold0_seed29,cova3d_c50_frg_fold0_seed29,C50_FRG,0,29,489370112,8e02f47cff8f58556a3027a157e4543094c344a919905b91f594c5d95962fb33,694d15d8e73d23d7c4c0afa64ad99b85ac571b3c93315349559780590c0aac99,29,30,120,1800,0.15074891094755383,0.033577662919140036,0.11717124780019124,7964,4248,3,65,34,21,0,0,512.0,512.0,512.0,2.7028394857460323,12.244735717773438,5.014085823202989e-05,24.34695020899926,1.3338756561279297,1.396484375
fold0_seed29,cova3d_c50_frg_fold0_seed29,C50_FRG,0,29,489370112,8e02f47cff8f58556a3027a157e4543094c344a919905b91f594c5d95962fb33,694d15d8e73d23d7c4c0afa64ad99b85ac571b3c93315349559780590c0aac99,30,31,120,1860,0.1710793111645292,0.036451841358878787,0.13462747037410736,8379,4339,1,65,30,25,0,0,512.0,512.0,512.0,3.8237407935162384,62.8864631652832,4.159655189030408e-05,24.427900867000062,1.3338756561279297,1.396484375
fold0_seed29,cova3d_c50_frg_fold0_seed29,C50_FRG,0,29,489370112,8e02f47cff8f58556a3027a157e4543094c344a919905b91f594c5d95962fb33,694d15d8e73d23d7c4c0afa64ad99b85ac571b3c93315349559780590c0aac99,31,32,120,1920,0.16501701189125034,0.03069618683689157,0.13432082533836365,7811,3914,2,60,36,24,0,0,512.0,512.0,512.0,2.7410804143796366,15.607453346252441,3.379000502807257e-05,24.431474420000086,1.3338756561279297,1.396484375
fold0_seed29,cova3d_c50_frg_fold0_seed29,C50_FRG,0,29,489370112,8e02f47cff8f58556a3027a157e4543094c344a919905b91f594c5d95962fb33,694d15d8e73d23d7c4c0afa64ad99b85ac571b3c93315349559780590c0aac99,32,33,120,1980,0.1602885154730247,0.027301816399261887,0.13298670053482056,7815,4089,2,68,23,29,0,0,512.0,512.0,512.0,2.5450951353879647,10.619095802307129,2.6773621405624713e-05,24.378500103000988,1.3338756561279297,1.396484375
fold0_seed29,cova3d_c50_frg_fold0_seed29,C50_FRG,0,29,489370112,8e02f47cff8f58556a3027a157e4543094c344a919905b91f594c5d95962fb33,694d15d8e73d23d7c4c0afa64ad99b85ac571b3c93315349559780590c0aac99,33,34,120,2040,0.16015103493585195,0.03431717860008843,0.12583385705947875,8313,4428,1,61,35,24,0,0,512.0,512.0,512.0,2.8334113169636113,19.0557861328125,2.059450057823627e-05,24.351434193000387,1.3338756561279297,1.396484375
fold0_seed29,cova3d_c50_frg_fold0_seed29,C50_FRG,0,29,489370112,8e02f47cff8f58556a3027a157e4543094c344a919905b91f594c5d95962fb33,694d15d8e73d23d7c4c0afa64ad99b85ac571b3c93315349559780590c0aac99,34,35,120,2100,0.1591295699963323,0.03255387425099598,0.12657569696505863,8331,4193,0,66,24,30,0,0,512.0,512.0,512.0,3.086770559102297,13.008333206176758,1.5294121726440254e-05,24.39040858699991,1.3338756561279297,1.396484375
fold0_seed29,cova3d_c50_frg_fold0_seed29,C50_FRG,0,29,489370112,8e02f47cff8f58556a3027a157e4543094c344a919905b91f594c5d95962fb33,694d15d8e73d23d7c4c0afa64ad99b85ac571b3c93315349559780590c0aac99,35,36,120,2160,0.17687227370244235,0.031237855415768696,0.14563441822926204,8426,4306,0,54,39,27,0,0,512.0,512.0,512.0,3.3558554211631417,29.51057243347168,1.0908065214729997e-05,24.450532527000178,1.3338756561279297,1.396484375
fold0_seed29,cova3d_c50_frg_fold0_seed29,C50_FRG,0,29,489370112,8e02f47cff8f58556a3027a157e4543094c344a919905b91f594c5d95962fb33,694d15d8e73d23d7c4c0afa64ad99b85ac571b3c93315349559780590c0aac99,36,37,120,2220,0.11111846114321082,0.029030460946874944,0.08208799958229065,8247,4341,3,60,26,34,0,0,512.0,512.0,512.0,2.8086947868888577,19.452930450439453,7.465773747813819e-06,24.374896661000093,1.3338756561279297,1.396484375
fold0_seed29,cova3d_c50_frg_fold0_seed29,C50_FRG,0,29,489370112,8e02f47cff8f58556a3027a157e4543094c344a919905b91f594c5d95962fb33,694d15d8e73d23d7c4c0afa64ad99b85ac571b3c93315349559780590c0aac99,37,38,120,2280,0.189152370306374,0.04043554006431502,0.14871683021386464,7496,3809,1,55,39,26,0,0,512.0,512.0,512.0,3.7443709053099155,44.34799575805664,4.990354727730315e-06,24.396527405999223,1.3338756561279297,1.396484375
fold0_seed29,cova3d_c50_frg_fold0_seed29,C50_FRG,0,29,489370112,8e02f47cff8f58556a3027a157e4543094c344a919905b91f594c5d95962fb33,694d15d8e73d23d7c4c0afa64ad99b85ac571b3c93315349559780590c0aac99,38,39,120,2340,0.15601242109572694,0.0238359857357788,0.13217643549044927,8117,4187,1,63,36,21,0,0,512.0,512.0,512.0,2.7266861090436576,15.07662582397461,3.498425138561358e-06,24.34412284500104,1.3338756561279297,1.396484375
fold0_seed29,cova3d_c50_frg_fold0_seed29,C50_FRG,0,29,489370112,8e02f47cff8f58556a3027a157e4543094c344a919905b91f594c5d95962fb33,694d15d8e73d23d7c4c0afa64ad99b85ac571b3c93315349559780590c0aac99,39,40,120,2400,0.13428085105206644,0.030600094759082215,0.10368075867493948,8134,4215,1,58,34,28,0,0,512.0,512.0,512.0,3.4537821262143553,61.49691390991211,3e-06,24.369633722999424,1.3338756561279297,1.396484375
fold0_seed29,cova3d_c100_coh_fold0_seed29,C100_COH,0,29,489370112,8e02f47cff8f58556a3027a157e4543094c344a919905b91f594c5d95962fb33,694d15d8e73d23d7c4c0afa64ad99b85ac571b3c93315349559780590c0aac99,0,1,120,60,2.296378180332249,1.8213596735828712,0.47501849830150605,7907,3880,2,60,29,31,2,2,1024.0,4096.0,1024.0,101.7545685450236,380.3638000488281,0.00017999999999999998,25.53961921300106,1.332204818725586,1.3984375
fold0_seed29,cova3d_c100_coh_fold0_seed29,C100_COH,0,29,489370112,8e02f47cff8f58556a3027a157e4543094c344a919905b91f594c5d95962fb33,694d15d8e73d23d7c4c0afa64ad99b85ac571b3c93315349559780590c0aac99,1,2,120,120,1.0726315940552544,0.7799261326025999,0.2927054638663928,8074,4157,2,68,19,33,0,0,1024.0,1024.0,1024.0,31.719302360527216,163.40147399902344,0.0002999445918673937,24.736161959999663,1.332204818725586,1.3984375
fold0_seed29,cova3d_c100_coh_fold0_seed29,C100_COH,0,29,489370112,8e02f47cff8f58556a3027a157e4543094c344a919905b91f594c5d95962fb33,694d15d8e73d23d7c4c0afa64ad99b85ac571b3c93315349559780590c0aac99,2,3,120,180,0.7140174788529596,0.44949754998427427,0.26451992938915886,7886,3982,1,55,46,19,0,0,1024.0,1024.0,1024.0,14.823862091700237,43.56970977783203,0.0002991142965839822,24.654463504000887,1.332204818725586,1.3984375
fold0_seed29,cova3d_c100_coh_fold0_seed29,C100_COH,0,29,489370112,8e02f47cff8f58556a3027a157e4543094c344a919905b91f594c5d95962fb33,694d15d8e73d23d7c4c0afa64ad99b85ac571b3c93315349559780590c0aac99,3,4,120,240,0.575848199853984,0.3351118400149668,0.24073635786771774,7793,4010,3,55,34,31,0,0,1024.0,1024.0,1024.0,8.68843739827474,35.91522216796875,0.0002972930965702204,24.63149901900033,1.332204818725586,1.3984375
fold0_seed29,cova3d_c100_coh_fold0_seed29,C100_COH,0,29,489370112,8e02f47cff8f58556a3027a157e4543094c344a919905b91f594c5d95962fb33,694d15d8e73d23d7c4c0afa64ad99b85ac571b3c93315349559780590c0aac99,4,5,120,300,0.45394232219162706,0.2636341687951547,0.19030815362930298,7788,3871,0,68,31,21,0,0,1024.0,1024.0,1024.0,7.5953315893809,24.72956085205078,0.0002944932171711482,24.624730495999756,1.332204818725586,1.3984375
fold0_seed29,cova3d_c100_coh_fold0_seed29,C100_COH,0,29,489370112,8e02f47cff8f58556a3027a157e4543094c344a919905b91f594c5d95962fb33,694d15d8e73d23d7c4c0afa64ad99b85ac571b3c93315349559780590c0aac99,5,6,120,360,0.3941044889026671,0.21117263570534608,0.18293185532093048,7996,3926,0,59,38,23,0,0,1024.0,1024.0,1024.0,7.057350688179334,31.131214141845703,0.000290733453407337,24.65433231699899,1.332204818725586,1.3984375
fold0_seed29,cova3d_c100_coh_fold0_seed29,C100_COH,0,29,489370112,8e02f47cff8f58556a3027a157e4543094c344a919905b91f594c5d95962fb33,694d15d8e73d23d7c4c0afa64ad99b85ac571b3c93315349559780590c0aac99,6,7,120,420,0.3521290317420304,0.18166183689172613,0.1704671954115232,7689,3848,2,61,25,34,0,0,1024.0,1024.0,1024.0,6.237322370707989,18.34654998779297,0.0002860390438077423,24.623638401999415,1.332204818725586,1.3984375
fold0_seed29,cova3d_c100_coh_fold0_seed29,C100_COH,0,29,489370112,8e02f47cff8f58556a3027a157e4543094c344a919905b91f594c5d95962fb33,694d15d8e73d23d7c4c0afa64ad99b85ac571b3c93315349559780590c0aac99,7,8,120,480,0.3261991676549466,0.18504849172216684,0.14115067770083745,7940,3997,3,55,39,26,0,0,1024.0,1024.0,1024.0,6.032650925715765,23.292448043823242,0.00028044150098859483,24.458697994999966,1.332204818725586,1.3984375
fold0_seed29,cova3d_c100_coh_fold0_seed29,C100_COH,0,29,489370112,8e02f47cff8f58556a3027a157e4543094c344a919905b91f594c5d95962fb33,694d15d8e73d23d7c4c0afa64ad99b85ac571b3c93315349559780590c0aac99,8,9,120,540,0.3121173237353408,0.1544119887505076,0.15770533482233684,7764,3684,1,68,21,31,0,0,1024.0,1024.0,1024.0,6.222849050536752,22.653841018676758,0.0002739784001156218,24.534288056998776,1.332204818725586,1.3984375
fold0_seed29,cova3d_c100_coh_fold0_seed29,C100_COH,0,29,489370112,8e02f47cff8f58556a3027a157e4543094c344a919905b91f594c5d95962fb33,694d15d8e73d23d7c4c0afa64ad99b85ac571b3c93315349559780590c0aac99,9,10,120,600,0.26273940414478836,0.14524774075336994,0.11749166299899419,8278,4107,2,56,30,34,0,0,1024.0,1024.0,1024.0,6.177049477770924,30.98735809326172,0.0002666931266696063,24.480656182999155,1.332204818725586,1.3984375
fold0_seed29,cova3d_c100_coh_fold0_seed29,C100_COH,0,29,489370112,8e02f47cff8f58556a3027a157e4543094c344a919905b91f594c5d95962fb33,694d15d8e73d23d7c4c0afa64ad99b85ac571b3c93315349559780590c0aac99,10,11,120,660,0.23306480758584863,0.10658769901870073,0.12647710839907328,7831,3972,6,60,29,31,0,0,1024.0,1024.0,1024.0,4.6682654007648425,22.893230438232422,0.0002586345852084849,24.479829764000897,1.332204818725586,1.3984375
fold0_seed29,cova3d_c100_coh_fold0_seed29,C100_COH,0,29,489370112,8e02f47cff8f58556a3027a157e4543094c344a919905b91f594c5d95962fb33,694d15d8e73d23d7c4c0afa64ad99b85ac571b3c93315349559780590c0aac99,11,12,120,720,0.3108417993536326,0.1289573052463311,0.18188449541727703,7707,3826,2,56,31,33,0,0,1024.0,1024.0,1024.0,6.137215759356817,22.477989196777344,0.0002498568710810032,24.56491968699993,1.332204818725586,1.3984375
fold0_seed29,cova3d_c100_coh_fold0_seed29,C100_COH,0,29,489370112,8e02f47cff8f58556a3027a157e4543094c344a919905b91f594c5d95962fb33,694d15d8e73d23d7c4c0afa64ad99b85ac571b3c93315349559780590c0aac99,12,13,120,780,0.18304417999152064,0.09118140942133929,0.09186277091503144,8177,4030,3,65,26,29,0,0,1024.0,1024.0,1024.0,5.0137533102494976,41.108375549316406,0.0002404189072956492,24.47333091499968,1.332204818725586,1.3984375
fold0_seed29,cova3d_c100_coh_fold0_seed29,C100_COH,0,29,489370112,8e02f47cff8f58556a3027a157e4543094c344a919905b91f594c5d95962fb33,694d15d8e73d23d7c4c0afa64ad99b85ac571b3c93315349559780590c0aac99,13,14,120,840,0.18909533972275766,0.08271736377448632,0.10637797713279724,7752,3914,1,58,29,33,0,0,1024.0,1024.0,1024.0,4.799134433393677,43.044517517089844,0.00023038404898248976,24.424395768000977,1.332204818725586,1.3984375
fold0_seed29,cova3d_c100_coh_fold0_seed29,C100_COH,0,29,489370112,8e02f47cff8f58556a3027a157e4543094c344a919905b91f594c5d95962fb33,694d15d8e73d23d7c4c0afa64ad99b85ac571b3c93315349559780590c0aac99,14,15,120,900,0.18609497991437063,0.07586493173990523,0.11023004998763403,7589,3752,1,57,32,31,0,0,1024.0,1024.0,1024.0,5.338247484217088,42.74384307861328,0.00021981965810307605,24.452447743000448,1.332204818725586,1.3984375
fold0_seed29,cova3d_c100_coh_fold0_seed29,C100_COH,0,29,489370112,8e02f47cff8f58556a3027a157e4543094c344a919905b91f594c5d95962fb33,694d15d8e73d23d7c4c0afa64ad99b85ac571b3c93315349559780590c0aac99,15,16,120,960,0.21433971564157825,0.08439585784311703,0.12994385759035745,8021,3905,3,51,34,35,0,0,1024.0,1024.0,1024.0,5.010464831379553,28.029380798339844,0.00020879665126330557,24.445769792999272,1.332204818725586,1.3984375
fold0_seed29,cova3d_c100_coh_fold0_seed29,C100_COH,0,29,489370112,8e02f47cff8f58556a3027a157e4543094c344a919905b91f594c5d95962fb33,694d15d8e73d23d7c4c0afa64ad99b85ac571b3c93315349559780590c0aac99,16,17,120,1020,0.20001095309024233,0.08768904647036138,0.1123219072818756,8255,4142,2,59,32,29,0,0,1024.0,1024.0,1024.0,5.93199994477133,91.36017608642578,0.00019738902366467966,24.523597642999448,1.332204818725586,1.3984375
fold0_seed29,cova3d_c100_coh_fold0_seed29,C100_COH,0,29,489370112,8e02f47cff8f58556a3027a157e4543094c344a919905b91f594c5d95962fb33,694d15d8e73d23d7c4c0afa64ad99b85ac571b3c93315349559780590c0aac99,17,18,120,1080,0.16740072851015383,0.060269063939756506,0.10713166495164235,7805,3858,2,55,26,39,0,0,1024.0,1024.0,1024.0,4.080235097532083,17.682748794555664,0.00018567335238957547,24.485271659001228,1.332204818725586,1.3984375
fold0_seed29,cova3d_c100_coh_fold0_seed29,C100_COH,0,29,489370112,8e02f47cff8f58556a3027a157e4543094c344a919905b91f594c5d95962fb33,694d15d8e73d23d7c4c0afa64ad99b85ac571b3c93315349559780590c0aac99,18,19,120,1140,0.23293726682289845,0.08260804128570953,0.15032922476530075,7782,3884,0,47,40,33,0,0,1024.0,1024.0,1024.0,4.845825945461789,43.62096405029297,0.0001737282823548769,24.440427665000243,1.332204818725586,1.3984375
fold0_seed29,cova3d_c100_coh_fold0_seed29,C100_COH,0,29,489370112,8e02f47cff8f58556a3027a157e4543094c344a919905b91f594c5d95962fb33,694d15d8e73d23d7c4c0afa64ad99b85ac571b3c93315349559780590c0aac99,19,20,120,1200,0.14848943556908126,0.050182518920466164,0.0983069176475207,8042,4068,3,58,33,29,0,0,1024.0,1024.0,1024.0,3.0625983980794746,11.601790428161621,0.00016163399838465363,24.46855314200002,1.332204818725586,1.3984375
fold0_seed29,cova3d_c100_coh_fold0_seed29,C100_COH,0,29,489370112,8e02f47cff8f58556a3027a157e4543094c344a919905b91f594c5d95962fb33,694d15d8e73d23d7c4c0afa64ad99b85ac571b3c93315349559780590c0aac99,20,21,120,1260,0.15941060750785424,0.03890445570012938,0.12050615102052689,7691,3730,1,62,28,30,0,0,1024.0,1024.0,1024.0,2.925682260716955,14.262463569641113,0.00014947168694575625,24.40355386200099,1.332204818725586,1.3984375
fold0_seed29,cova3d_c100_coh_fold0_seed29,C100_COH,0,29,489370112,8e02f47cff8f58556a3027a157e4543094c344a919905b91f594c5d95962fb33,694d15d8e73d23d7c4c0afa64ad99b85ac571b3c93315349559780590c0aac99,21,22,120,1320,0.09620006844686078,0.030019938269193084,0.06618012934923172,8107,3879,0,64,22,34,0,0,1024.0,1024.0,1024.0,2.197900989744812,8.396726608276367,0.0001373229911595876,24.397979413999565,1.332204818725586,1.3984375
fold0_seed29,cova3d_c100_coh_fold0_seed29,C100_COH,0,29,489370112,8e02f47cff8f58556a3027a157e4543094c344a919905b91f594c5d95962fb33,694d15d8e73d23d7c4c0afa64ad99b85ac571b3c93315349559780590c0aac99,22,23,120,1380,0.12088631727992787,0.034420963523173496,0.0864653542637825,7990,3790,1,58,34,28,0,0,1024.0,1024.0,1024.0,2.5907730419499178,15.015999794006348,0.00012526946274844474,24.392891888999657,1.332204818725586,1.3984375
fold0_seed29,cova3d_c100_coh_fold0_seed29,C100_COH,0,29,489370112,8e02f47cff8f58556a3027a157e4543094c344a919905b91f594c5d95962fb33,694d15d8e73d23d7c4c0afa64ad99b85ac571b3c93315349559780590c0aac99,23,24,120,1440,0.12085176003457414,0.04119594888650348,0.07965581168731053,8009,4004,1,64,32,24,0,0,1024.0,1024.0,1024.0,3.597882132915159,25.62420654296875,0.00011339201459540494,24.37621899899932,1.332204818725586,1.3984375
fold0_seed29,cova3d_c100_coh_fold0_seed29,C100_COH,0,29,489370112,8e02f47cff8f58556a3027a157e4543094c344a919905b91f594c5d95962fb33,694d15d8e73d23d7c4c0afa64ad99b85ac571b3c93315349559780590c0aac99,24,25,120,1500,0.15625206815569623,0.02652767991828438,0.12972438832124075,8073,3948,2,53,36,31,0,0,1024.0,1024.0,1024.0,2.0480643992933136,23.548749923706055,0.00010177037759260854,24.40881297499982,1.332204818725586,1.3984375
fold0_seed29,cova3d_c100_coh_fold0_seed29,C100_COH,0,29,489370112,8e02f47cff8f58556a3027a157e4543094c344a919905b91f594c5d95962fb33,694d15d8e73d23d7c4c0afa64ad99b85ac571b3c93315349559780590c0aac99,25,26,120,1560,0.13882670509719558,0.025069929941609694,0.11375677486260732,7953,3960,3,60,31,29,0,0,1024.0,1024.0,1024.0,2.311222590137428,13.460196495056152,9.048256542400759e-05,24.3816923760005,1.332204818725586,1.3984375
fold0_seed29,cova3d_c100_coh_fold0_seed29,C100_COH,0,29,489370112,8e02f47cff8f58556a3027a157e4543094c344a919905b91f594c5d95962fb33,694d15d8e73d23d7c4c0afa64ad99b85ac571b3c93315349559780590c0aac99,26,27,120,1620,0.12195833332181608,0.02065252163295407,0.10130581210056941,7493,3621,1,56,32,32,0,0,1024.0,1024.0,1024.0,1.8979304692475125,6.183659553527832,7.960435087538242e-05,24.366080647998388,1.332204818725586,1.3984375
fold0_seed29,cova3d_c100_coh_fold0_seed29,C100_COH,0,29,489370112,8e02f47cff8f58556a3027a157e4543094c344a919905b91f594c5d95962fb33,694d15d8e73d23d7c4c0afa64ad99b85ac571b3c93315349559780590c0aac99,27,28,120,1680,0.08906020318404918,0.016839872075946498,0.07222033143043519,7739,3925,1,62,27,31,0,0,1024.0,1024.0,1024.0,2.1264776945036528,36.098018646240234,6.920875718705205e-05,24.341650272999686,1.332204818725586,1.3984375
fold0_seed29,cova3d_c100_coh_fold0_seed29,C100_COH,0,29,489370112,8e02f47cff8f58556a3027a157e4543094c344a919905b91f594c5d95962fb33,694d15d8e73d23d7c4c0afa64ad99b85ac571b3c93315349559780590c0aac99,28,29,120,1740,0.11577131706315343,0.016447116173652472,0.0993242010474205,7743,3861,2,64,30,26,0,0,1024.0,1024.0,1024.0,1.954927561529136,12.08899974822998,5.936556786372413e-05,24.34907022600055,1.332204818725586,1.3984375
fold0_seed29,cova3d_c100_coh_fold0_seed29,C100_COH,0,29,489370112,8e02f47cff8f58556a3027a157e4543094c344a919905b91f594c5d95962fb33,694d15d8e73d23d7c4c0afa64ad99b85ac571b3c93315349559780590c0aac99,29,30,120,1800,0.06833638622810932,0.013935430758910647,0.054400955140590665,7551,3782,3,65,34,21,0,0,1024.0,1024.0,1024.0,2.151761045268116,20.64765739440918,5.014085823202989e-05,24.378771345000132,1.332204818725586,1.3984375
fold0_seed29,cova3d_c100_coh_fold0_seed29,C100_COH,0,29,489370112,8e02f47cff8f58556a3027a157e4543094c344a919905b91f594c5d95962fb33,694d15d8e73d23d7c4c0afa64ad99b85ac571b3c93315349559780590c0aac99,30,31,120,1860,0.09783625247901297,0.020168752196512093,0.07766750007867813,8204,4087,1,65,30,25,0,0,1024.0,1024.0,1024.0,2.752950903369735,46.36758804321289,4.159655189030408e-05,24.380411336998804,1.332204818725586,1.3984375
fold0_seed29,cova3d_c100_coh_fold0_seed29,C100_COH,0,29,489370112,8e02f47cff8f58556a3027a157e4543094c344a919905b91f594c5d95962fb33,694d15d8e73d23d7c4c0afa64ad99b85ac571b3c93315349559780590c0aac99,31,32,120,1920,0.08598504085500182,0.019858799222629654,0.06612624178330104,7972,3931,1,60,36,24,0,0,1024.0,1024.0,1024.0,2.5399424907799886,27.007951736450195,3.379000502807257e-05,24.36950068599981,1.332204818725586,1.3984375
fold0_seed29,cova3d_c100_coh_fold0_seed29,C100_COH,0,29,489370112,8e02f47cff8f58556a3027a157e4543094c344a919905b91f594c5d95962fb33,694d15d8e73d23d7c4c0afa64ad99b85ac571b3c93315349559780590c0aac99,32,33,120,1980,0.11125979005650616,0.029475683908147518,0.08178410728772481,7853,4019,2,68,23,29,0,0,1024.0,1024.0,1024.0,3.5150280217472756,36.23238754272461,2.6773621405624713e-05,24.344324626999878,1.332204818725586,1.3984375
fold0_seed29,cova3d_c100_coh_fold0_seed29,C100_COH,0,29,489370112,8e02f47cff8f58556a3027a157e4543094c344a919905b91f594c5d95962fb33,694d15d8e73d23d7c4c0afa64ad99b85ac571b3c93315349559780590c0aac99,33,34,120,2040,0.0925296474454933,0.02900947297262669,0.06352017372846604,8226,4231,1,61,35,24,0,0,1024.0,1024.0,1024.0,3.562585382378893,32.93506622314453,2.059450057823627e-05,24.35464222599876,1.332204818725586,1.3984375
fold0_seed29,cova3d_c100_coh_fold0_seed29,C100_COH,0,29,489370112,8e02f47cff8f58556a3027a157e4543094c344a919905b91f594c5d95962fb33,694d15d8e73d23d7c4c0afa64ad99b85ac571b3c93315349559780590c0aac99,34,35,120,2100,0.07299900434446709,0.016933980328908936,0.0560650239388148,8253,4053,0,66,24,30,0,0,1024.0,1024.0,1024.0,3.150195466946267,39.35782241821289,1.5294121726440254e-05,24.336851512000067,1.332204818725586,1.3984375
fold0_seed29,cova3d_c100_coh_fold0_seed29,C100_COH,0,29,489370112,8e02f47cff8f58556a3027a157e4543094c344a919905b91f594c5d95962fb33,694d15d8e73d23d7c4c0afa64ad99b85ac571b3c93315349559780590c0aac99,35,36,120,2160,0.061428306834099354,0.011363715746705024,0.05006459107001623,8220,4023,0,54,39,27,0,0,1024.0,1024.0,1024.0,4.291930196100536,66.85041046142578,1.0908065214729997e-05,24.402822935000586,1.332204818725586,1.3984375
fold0_seed29,cova3d_c100_coh_fold0_seed29,C100_COH,0,29,489370112,8e02f47cff8f58556a3027a157e4543094c344a919905b91f594c5d95962fb33,694d15d8e73d23d7c4c0afa64ad99b85ac571b3c93315349559780590c0aac99,36,37,120,2220,0.04505769059556603,0.01478749256794254,0.030270197490851084,8149,4101,3,60,26,34,0,0,1024.0,1024.0,1024.0,1.9579109716340706,18.77056884765625,7.465773747813819e-06,24.63064481800029,1.332204818725586,1.3984375
fold0_seed29,cova3d_c100_coh_fold0_seed29,C100_COH,0,29,489370112,8e02f47cff8f58556a3027a157e4543094c344a919905b91f594c5d95962fb33,694d15d8e73d23d7c4c0afa64ad99b85ac571b3c93315349559780590c0aac99,37,38,120,2280,0.07089645024136514,0.02656405679033007,0.04433239350716273,7278,3563,1,55,39,26,0,0,1024.0,1024.0,1024.0,3.3186522371135654,30.357379913330078,4.990354727730315e-06,24.58774172700032,1.332204818725586,1.3984375
fold0_seed29,cova3d_c100_coh_fold0_seed29,C100_COH,0,29,489370112,8e02f47cff8f58556a3027a157e4543094c344a919905b91f594c5d95962fb33,694d15d8e73d23d7c4c0afa64ad99b85ac571b3c93315349559780590c0aac99,38,39,120,2340,0.06773290458041027,0.012373026030845816,0.05535987863938014,7801,3818,1,63,36,21,0,0,1024.0,1024.0,1024.0,2.3191366829327307,13.400218963623047,3.498425138561358e-06,24.379638643000362,1.332204818725586,1.3984375
fold0_seed29,cova3d_c100_coh_fold0_seed29,C100_COH,0,29,489370112,8e02f47cff8f58556a3027a157e4543094c344a919905b91f594c5d95962fb33,694d15d8e73d23d7c4c0afa64ad99b85ac571b3c93315349559780590c0aac99,39,40,120,2400,0.0671781569996213,0.01697343770350083,0.05020471860965093,7924,3944,1,58,34,28,0,0,1024.0,1024.0,1024.0,3.465611457939182,82.54581451416016,3e-06,24.344971703998453,1.332204818725586,1.3984375
fold0_seed29,cova3d_c100_dis_fold0_seed29,C100_DIS,0,29,489370112,8e02f47cff8f58556a3027a157e4543094c344a919905b91f594c5d95962fb33,694d15d8e73d23d7c4c0afa64ad99b85ac571b3c93315349559780590c0aac99,0,1,120,60,2.718770809156657,2.176077079458001,0.542693733672301,7901,3804,1,60,29,31,3,3,512.0,4096.0,512.0,122.32863871256511,500.1477966308594,0.00017999999999999998,25.845298807998915,1.3335247039794922,1.3984375
fold0_seed29,cova3d_c100_dis_fold0_seed29,C100_DIS,0,29,489370112,8e02f47cff8f58556a3027a157e4543094c344a919905b91f594c5d95962fb33,694d15d8e73d23d7c4c0afa64ad99b85ac571b3c93315349559780590c0aac99,1,2,120,120,1.4638862829073331,1.0964654414642914,0.3674208402633667,7915,4043,2,68,19,33,0,0,512.0,512.0,512.0,43.72679483095805,224.6543731689453,0.0002999445918673937,24.72223821999978,1.3335247039794922,1.3984375
fold0_seed29,cova3d_c100_dis_fold0_seed29,C100_DIS,0,29,489370112,8e02f47cff8f58556a3027a157e4543094c344a919905b91f594c5d95962fb33,694d15d8e73d23d7c4c0afa64ad99b85ac571b3c93315349559780590c0aac99,2,3,120,180,1.0334306692704558,0.6825694100737262,0.35086126228173575,8030,4056,0,55,46,19,0,0,512.0,512.0,512.0,16.607132307688396,51.432334899902344,0.0002991142965839822,24.68780977699862,1.3335247039794922,1.3984375
fold0_seed29,cova3d_c100_dis_fold0_seed29,C100_DIS,0,29,489370112,8e02f47cff8f58556a3027a157e4543094c344a919905b91f594c5d95962fb33,694d15d8e73d23d7c4c0afa64ad99b85ac571b3c93315349559780590c0aac99,3,4,120,240,0.8753564273938537,0.5438878374795119,0.33146858811378477,7618,3921,2,55,34,31,0,0,512.0,512.0,512.0,11.348937606811523,68.30975341796875,0.0002972930965702204,24.61162853699898,1.3335247039794922,1.3984375
fold0_seed29,cova3d_c100_dis_fold0_seed29,C100_DIS,0,29,489370112,8e02f47cff8f58556a3027a157e4543094c344a919905b91f594c5d95962fb33,694d15d8e73d23d7c4c0afa64ad99b85ac571b3c93315349559780590c0aac99,4,5,120,300,0.8194798146995406,0.5271684394528469,0.2923113743464152,7900,3915,0,68,31,21,0,0,512.0,512.0,512.0,11.09543708562851,42.27125930786133,0.0002944932171711482,24.581871925998712,1.3335247039794922,1.3984375
fold0_seed29,cova3d_c100_dis_fold0_seed29,C100_DIS,0,29,489370112,8e02f47cff8f58556a3027a157e4543094c344a919905b91f594c5d95962fb33,694d15d8e73d23d7c4c0afa64ad99b85ac571b3c93315349559780590c0aac99,5,6,120,360,0.7720097782555968,0.4597873582039028,0.31222242017587026,7983,3910,0,59,38,23,0,0,512.0,512.0,512.0,8.074784636497498,19.847522735595703,0.000290733453407337,24.594587757001136,1.3335247039794922,1.3984375
fold0_seed29,cova3d_c100_dis_fold0_seed29,C100_DIS,0,29,489370112,8e02f47cff8f58556a3027a157e4543094c344a919905b91f594c5d95962fb33,694d15d8e73d23d7c4c0afa64ad99b85ac571b3c93315349559780590c0aac99,6,7,120,420,0.7243789867886031,0.4413395740479852,0.28303940991560617,7599,3764,1,61,25,34,0,0,512.0,512.0,512.0,10.234176762898763,82.90261840820312,0.0002860390438077423,24.59675464800057,1.3335247039794922,1.3984375
fold0_seed29,cova3d_c100_dis_fold0_seed29,C100_DIS,0,29,489370112,8e02f47cff8f58556a3027a157e4543094c344a919905b91f594c5d95962fb33,694d15d8e73d23d7c4c0afa64ad99b85ac571b3c93315349559780590c0aac99,7,8,120,480,0.6720554063756329,0.4122128827846609,0.2598425264159838,7739,3786,2,55,39,26,0,0,512.0,512.0,512.0,8.892743527889252,41.56283950805664,0.00028044150098859483,24.512343432001217,1.3335247039794922,1.3984375
fold0_seed29,cova3d_c100_dis_fold0_seed29,C100_DIS,0,29,489370112,8e02f47cff8f58556a3027a157e4543094c344a919905b91f594c5d95962fb33,694d15d8e73d23d7c4c0afa64ad99b85ac571b3c93315349559780590c0aac99,8,9,120,540,0.6490956082590855,0.37558792167886473,0.27350768794616065,7504,3513,1,68,21,31,0,0,512.0,512.0,512.0,8.247521543999513,29.687166213989258,0.0002739784001156218,24.54123328999958,1.3335247039794922,1.3984375
fold0_seed29,cova3d_c100_dis_fold0_seed29,C100_DIS,0,29,489370112,8e02f47cff8f58556a3027a157e4543094c344a919905b91f594c5d95962fb33,694d15d8e73d23d7c4c0afa64ad99b85ac571b3c93315349559780590c0aac99,9,10,120,600,0.540600731454712,0.3328983076440636,0.2077024246255557,7979,3884,1,56,30,34,0,0,512.0,512.0,512.0,7.976868010312319,34.50929641723633,0.0002666931266696063,24.62393614100074,1.3335247039794922,1.3984375
fold0_seed29,cova3d_c100_dis_fold0_seed29,C100_DIS,0,29,489370112,8e02f47cff8f58556a3027a157e4543094c344a919905b91f594c5d95962fb33,694d15d8e73d23d7c4c0afa64ad99b85ac571b3c93315349559780590c0aac99,10,11,120,660,0.4716049952704149,0.28516311493876856,0.1864418814579646,7683,3828,5,60,29,31,0,0,512.0,512.0,512.0,6.51957688331604,13.839631080627441,0.0002586345852084849,24.581933159999608,1.3335247039794922,1.3984375
fold0_seed29,cova3d_c100_dis_fold0_seed29,C100_DIS,0,29,489370112,8e02f47cff8f58556a3027a157e4543094c344a919905b91f594c5d95962fb33,694d15d8e73d23d7c4c0afa64ad99b85ac571b3c93315349559780590c0aac99,11,12,120,720,0.5825140916664774,0.3191251515042192,0.2633889377117157,7773,3839,1,56,31,33,0,0,512.0,512.0,512.0,8.237244606018066,32.528255462646484,0.0002498568710810032,24.508219102999647,1.3335247039794922,1.3984375
fold0_seed29,cova3d_c100_dis_fold0_seed29,C100_DIS,0,29,489370112,8e02f47cff8f58556a3027a157e4543094c344a919905b91f594c5d95962fb33,694d15d8e73d23d7c4c0afa64ad99b85ac571b3c93315349559780590c0aac99,12,13,120,780,0.4466770434444091,0.26653867876229925,0.180138365427653,8137,4003,2,65,26,29,0,0,512.0,512.0,512.0,7.102762701114019,27.369888305664062,0.0002404189072956492,24.508501385000272,1.3335247039794922,1.3984375
fold0_seed29,cova3d_c100_dis_fold0_seed29,C100_DIS,0,29,489370112,8e02f47cff8f58556a3027a157e4543094c344a919905b91f594c5d95962fb33,694d15d8e73d23d7c4c0afa64ad99b85ac571b3c93315349559780590c0aac99,13,14,120,840,0.43662019903519345,0.2632511713765174,0.17336902717749278,7693,3842,1,58,29,33,0,0,512.0,512.0,512.0,7.686875543991724,31.56089210510254,0.00023038404898248976,24.607116831000894,1.3335247039794922,1.3984375
fold0_seed29,cova3d_c100_dis_fold0_seed29,C100_DIS,0,29,489370112,8e02f47cff8f58556a3027a157e4543094c344a919905b91f594c5d95962fb33,694d15d8e73d23d7c4c0afa64ad99b85ac571b3c93315349559780590c0aac99,14,15,120,900,0.4444871201257532,0.2579782946908381,0.18650882790486017,7384,3661,1,57,32,31,0,0,512.0,512.0,512.0,9.717563398679097,31.926607131958008,0.00021981965810307605,24.569821971999772,1.3335247039794922,1.3984375
fold0_seed29,cova3d_c100_dis_fold0_seed29,C100_DIS,0,29,489370112,8e02f47cff8f58556a3027a157e4543094c344a919905b91f594c5d95962fb33,694d15d8e73d23d7c4c0afa64ad99b85ac571b3c93315349559780590c0aac99,15,16,120,960,0.45518590040058676,0.2523670365618576,0.20281886508067448,7836,3744,3,51,34,35,0,0,512.0,512.0,512.0,7.417486615975698,28.536672592163086,0.00020879665126330557,24.475762549000137,1.3335247039794922,1.3984375
fold0_seed29,cova3d_c100_dis_fold0_seed29,C100_DIS,0,29,489370112,8e02f47cff8f58556a3027a157e4543094c344a919905b91f594c5d95962fb33,694d15d8e73d23d7c4c0afa64ad99b85ac571b3c93315349559780590c0aac99,16,17,120,1020,0.4422743263792957,0.24989737595633416,0.1923769493897756,8140,4007,2,59,32,29,0,0,512.0,512.0,512.0,8.807043673594793,52.09221267700195,0.00019738902366467966,24.523396599999614,1.3335247039794922,1.3984375
fold0_seed29,cova3d_c100_dis_fold0_seed29,C100_DIS,0,29,489370112,8e02f47cff8f58556a3027a157e4543094c344a919905b91f594c5d95962fb33,694d15d8e73d23d7c4c0afa64ad99b85ac571b3c93315349559780590c0aac99,17,18,120,1080,0.33729752194776663,0.18577519838163425,0.15152232348918915,7844,3910,1,55,26,39,0,0,512.0,512.0,512.0,5.802900147686402,26.305065155029297,0.00018567335238957547,24.577908840999953,1.3335247039794922,1.3984375
fold0_seed29,cova3d_c100_dis_fold0_seed29,C100_DIS,0,29,489370112,8e02f47cff8f58556a3027a157e4543094c344a919905b91f594c5d95962fb33,694d15d8e73d23d7c4c0afa64ad99b85ac571b3c93315349559780590c0aac99,18,19,120,1140,0.33871848342241717,0.1681143150383529,0.17060416688521704,7791,3884,0,47,40,33,0,0,512.0,512.0,512.0,5.989747099578381,37.411903381347656,0.0001737282823548769,24.59762397399936,1.3335247039794922,1.3984375
fold0_seed29,cova3d_c100_dis_fold0_seed29,C100_DIS,0,29,489370112,8e02f47cff8f58556a3027a157e4543094c344a919905b91f594c5d95962fb33,694d15d8e73d23d7c4c0afa64ad99b85ac571b3c93315349559780590c0aac99,19,20,120,1200,0.4003166312305742,0.23202951435547828,0.16828711380561193,7660,3820,2,58,33,29,0,0,512.0,512.0,512.0,9.258877852683266,102.86007690429688,0.00016163399838465363,24.505827242001033,1.3335247039794922,1.3984375
fold0_seed29,cova3d_c100_dis_fold0_seed29,C100_DIS,0,29,489370112,8e02f47cff8f58556a3027a157e4543094c344a919905b91f594c5d95962fb33,694d15d8e73d23d7c4c0afa64ad99b85ac571b3c93315349559780590c0aac99,20,21,120,1260,0.3118070381217876,0.14953639478647648,0.1622706448038419,7699,3719,1,62,28,30,0,0,512.0,512.0,512.0,6.741968414187431,33.486141204833984,0.00014947168694575625,24.396618623000904,1.3335247039794922,1.3984375
fold0_seed29,cova3d_c100_dis_fold0_seed29,C100_DIS,0,29,489370112,8e02f47cff8f58556a3027a157e4543094c344a919905b91f594c5d95962fb33,694d15d8e73d23d7c4c0afa64ad99b85ac571b3c93315349559780590c0aac99,21,22,120,1320,0.25852390975989387,0.14903557692424746,0.10948833326498668,8080,3834,0,64,22,34,0,0,512.0,512.0,512.0,6.271642814824978,42.225399017333984,0.0001373229911595876,24.51926262699999,1.3335247039794922,1.3984375
fold0_seed29,cova3d_c100_dis_fold0_seed29,C100_DIS,0,29,489370112,8e02f47cff8f58556a3027a157e4543094c344a919905b91f594c5d95962fb33,694d15d8e73d23d7c4c0afa64ad99b85ac571b3c93315349559780590c0aac99,22,23,120,1380,0.25571462464405764,0.130536301947465,0.12517832120259603,8031,3843,1,58,34,28,0,0,512.0,512.0,512.0,5.734078903744618,23.86252212524414,0.00012526946274844474,24.48299823599882,1.3335247039794922,1.3984375
fold0_seed29,cova3d_c100_dis_fold0_seed29,C100_DIS,0,29,489370112,8e02f47cff8f58556a3027a157e4543094c344a919905b91f594c5d95962fb33,694d15d8e73d23d7c4c0afa64ad99b85ac571b3c93315349559780590c0aac99,23,24,120,1440,0.2549460538707232,0.12872902547537707,0.12621702949206035,7866,3875,0,64,32,24,0,0,512.0,512.0,512.0,7.029428370359043,24.017671585083008,0.00011339201459540494,24.516182832001505,1.3335247039794922,1.3984375
fold0_seed29,cova3d_c100_dis_fold0_seed29,C100_DIS,0,29,489370112,8e02f47cff8f58556a3027a157e4543094c344a919905b91f594c5d95962fb33,694d15d8e73d23d7c4c0afa64ad99b85ac571b3c93315349559780590c0aac99,24,25,120,1500,0.22763399360392214,0.1008249935171989,0.1268090009689331,8055,3945,1,53,36,31,0,0,512.0,512.0,512.0,4.895579031606515,18.773191452026367,0.00010177037759260854,24.486866748000466,1.3335247039794922,1.3984375
fold0_seed29,cova3d_c100_dis_fold0_seed29,C100_DIS,0,29,489370112,8e02f47cff8f58556a3027a157e4543094c344a919905b91f594c5d95962fb33,694d15d8e73d23d7c4c0afa64ad99b85ac571b3c93315349559780590c0aac99,25,26,120,1560,0.21547560254766723,0.08463638964046065,0.1308392142256101,7928,3972,1,60,31,29,0,0,512.0,512.0,512.0,4.324540725847085,22.601633071899414,9.048256542400759e-05,24.44374152399905,1.3335247039794922,1.3984375
fold0_seed29,cova3d_c100_dis_fold0_seed29,C100_DIS,0,29,489370112,8e02f47cff8f58556a3027a157e4543094c344a919905b91f594c5d95962fb33,694d15d8e73d23d7c4c0afa64ad99b85ac571b3c93315349559780590c0aac99,26,27,120,1620,0.2349216086648994,0.10419695700181061,0.1307246521115303,7527,3620,0,56,32,32,0,0,512.0,512.0,512.0,5.88353281095624,32.86001205444336,7.960435087538242e-05,24.478445779999674,1.3335247039794922,1.3984375
fold0_seed29,cova3d_c100_dis_fold0_seed29,C100_DIS,0,29,489370112,8e02f47cff8f58556a3027a157e4543094c344a919905b91f594c5d95962fb33,694d15d8e73d23d7c4c0afa64ad99b85ac571b3c93315349559780590c0aac99,27,28,120,1680,0.203456498247967,0.0964554920555751,0.10700100709994634,7802,3940,1,62,27,31,0,0,512.0,512.0,512.0,5.544446590046088,29.76747703552246,6.920875718705205e-05,24.515589997999996,1.3335247039794922,1.3984375
fold0_seed29,cova3d_c100_dis_fold0_seed29,C100_DIS,0,29,489370112,8e02f47cff8f58556a3027a157e4543094c344a919905b91f594c5d95962fb33,694d15d8e73d23d7c4c0afa64ad99b85ac571b3c93315349559780590c0aac99,28,29,120,1740,0.18883327635479646,0.08582351881529272,0.10300975690285365,7720,3850,2,64,30,26,0,0,512.0,512.0,512.0,3.9442226034899552,10.714590072631836,5.936556786372413e-05,24.477638925000065,1.3335247039794922,1.3984375
fold0_seed29,cova3d_c100_dis_fold0_seed29,C100_DIS,0,29,489370112,8e02f47cff8f58556a3027a157e4543094c344a919905b91f594c5d95962fb33,694d15d8e73d23d7c4c0afa64ad99b85ac571b3c93315349559780590c0aac99,29,30,120,1800,0.15171431133883667,0.0746492675257097,0.07706504464149475,7733,3859,2,65,34,21,0,0,512.0,512.0,512.0,5.443401941284537,29.723243713378906,5.014085823202989e-05,24.47241955299978,1.3335247039794922,1.3984375
fold0_seed29,cova3d_c100_dis_fold0_seed29,C100_DIS,0,29,489370112,8e02f47cff8f58556a3027a157e4543094c344a919905b91f594c5d95962fb33,694d15d8e73d23d7c4c0afa64ad99b85ac571b3c93315349559780590c0aac99,30,31,120,1860,0.13610532824372967,0.06645060981912441,0.06965471804141998,8138,4033,1,65,30,25,0,0,512.0,512.0,512.0,3.9973660913606484,15.607579231262207,4.159655189030408e-05,24.48457322899958,1.3335247039794922,1.3984375
fold0_seed29,cova3d_c100_dis_fold0_seed29,C100_DIS,0,29,489370112,8e02f47cff8f58556a3027a157e4543094c344a919905b91f594c5d95962fb33,694d15d8e73d23d7c4c0afa64ad99b85ac571b3c93315349559780590c0aac99,31,32,120,1920,0.18583231424940624,0.07112817620113294,0.11470413903395335,7945,3815,1,60,36,24,0,0,512.0,512.0,512.0,5.0930659810702,28.04420280456543,3.379000502807257e-05,24.38759505300004,1.3335247039794922,1.3984375
fold0_seed29,cova3d_c100_dis_fold0_seed29,C100_DIS,0,29,489370112,8e02f47cff8f58556a3027a157e4543094c344a919905b91f594c5d95962fb33,694d15d8e73d23d7c4c0afa64ad99b85ac571b3c93315349559780590c0aac99,32,33,120,1980,0.15622476918838213,0.06739902327630981,0.08882574488719304,7650,3885,0,68,23,29,0,0,512.0,512.0,512.0,4.7368664689362046,16.093524932861328,2.6773621405624713e-05,24.49199404800129,1.3335247039794922,1.3984375
fold0_seed29,cova3d_c100_dis_fold0_seed29,C100_DIS,0,29,489370112,8e02f47cff8f58556a3027a157e4543094c344a919905b91f594c5d95962fb33,694d15d8e73d23d7c4c0afa64ad99b85ac571b3c93315349559780590c0aac99,33,34,120,2040,0.17856197966920123,0.07896647338025573,0.09959550499916077,8099,4126,0,61,35,24,0,0,512.0,512.0,512.0,5.86420567308863,69.05897521972656,2.059450057823627e-05,24.415210663000835,1.3335247039794922,1.3984375
fold0_seed29,cova3d_c100_dis_fold0_seed29,C100_DIS,0,29,489370112,8e02f47cff8f58556a3027a157e4543094c344a919905b91f594c5d95962fb33,694d15d8e73d23d7c4c0afa64ad99b85ac571b3c93315349559780590c0aac99,34,35,120,2100,0.16786307073572526,0.06480924495398455,0.10305382609367371,7999,3931,0,66,24,30,0,0,512.0,512.0,512.0,4.383452722833803,37.28847885131836,1.5294121726440254e-05,24.456644245999996,1.3335247039794922,1.3984375
fold0_seed29,cova3d_c100_dis_fold0_seed29,C100_DIS,0,29,489370112,8e02f47cff8f58556a3027a157e4543094c344a919905b91f594c5d95962fb33,694d15d8e73d23d7c4c0afa64ad99b85ac571b3c93315349559780590c0aac99,35,36,120,2160,0.18652533916681377,0.06459787396173926,0.12192746351162592,8149,3973,0,54,39,27,0,0,512.0,512.0,512.0,4.379877145712574,36.37702178955078,1.0908065214729997e-05,24.4998087949989,1.3335247039794922,1.3984375
fold0_seed29,cova3d_c100_dis_fold0_seed29,C100_DIS,0,29,489370112,8e02f47cff8f58556a3027a157e4543094c344a919905b91f594c5d95962fb33,694d15d8e73d23d7c4c0afa64ad99b85ac571b3c93315349559780590c0aac99,36,37,120,2220,0.10972334126877097,0.053414402626244355,0.056308938562870024,8241,4162,3,60,26,34,0,0,512.0,512.0,512.0,3.5257273549834887,17.45854949951172,7.465773747813819e-06,24.473014792998583,1.3335247039794922,1.3984375
fold0_seed29,cova3d_c100_dis_fold0_seed29,C100_DIS,0,29,489370112,8e02f47cff8f58556a3027a157e4543094c344a919905b91f594c5d95962fb33,694d15d8e73d23d7c4c0afa64ad99b85ac571b3c93315349559780590c0aac99,37,38,120,2280,0.16723911901403893,0.0642246424071498,0.10301447759071986,7316,3563,1,55,39,26,0,0,512.0,512.0,512.0,4.463441414634387,26.462709426879883,4.990354727730315e-06,24.440508848998434,1.3335247039794922,1.3984375
fold0_seed29,cova3d_c100_dis_fold0_seed29,C100_DIS,0,29,489370112,8e02f47cff8f58556a3027a157e4543094c344a919905b91f594c5d95962fb33,694d15d8e73d23d7c4c0afa64ad99b85ac571b3c93315349559780590c0aac99,38,39,120,2340,0.16783428652643315,0.054466796363160576,0.11336748997370402,7880,3863,0,63,36,21,0,0,512.0,512.0,512.0,3.7177462187906105,18.129024505615234,3.498425138561358e-06,24.449733071000082,1.3335247039794922,1.3984375
fold0_seed29,cova3d_c100_dis_fold0_seed29,C100_DIS,0,29,489370112,8e02f47cff8f58556a3027a157e4543094c344a919905b91f594c5d95962fb33,694d15d8e73d23d7c4c0afa64ad99b85ac571b3c93315349559780590c0aac99,39,40,120,2400,0.13982925475237,0.05651727788129695,0.08331197748581569,7581,3720,1,58,34,28,0,0,512.0,512.0,512.0,5.220052952629825,65.57205200195312,3e-06,24.431939746000353,1.3335247039794922,1.3984375
fold0_seed29,cova3d_c100_frg_fold0_seed29,C100_FRG,0,29,489370112,8e02f47cff8f58556a3027a157e4543094c344a919905b91f594c5d95962fb33,694d15d8e73d23d7c4c0afa64ad99b85ac571b3c93315349559780590c0aac99,0,1,120,60,2.339699094086912,1.8625034231655566,0.47719566772381466,7857,3840,1,60,29,31,3,3,512.0,4096.0,512.0,103.41772778828938,381.76763916015625,0.00017999999999999998,25.923856798999623,1.3339366912841797,1.37109375
fold0_seed29,cova3d_c100_frg_fold0_seed29,C100_FRG,0,29,489370112,8e02f47cff8f58556a3027a157e4543094c344a919905b91f594c5d95962fb33,694d15d8e73d23d7c4c0afa64ad99b85ac571b3c93315349559780590c0aac99,1,2,120,120,1.4963818156214983,1.1340053655027684,0.3623764524857203,8164,4145,2,68,19,33,0,0,512.0,512.0,512.0,43.5209886153539,230.74900817871094,0.0002999445918673937,24.760962668000502,1.3339366912841797,1.37109375
fold0_seed29,cova3d_c100_frg_fold0_seed29,C100_FRG,0,29,489370112,8e02f47cff8f58556a3027a157e4543094c344a919905b91f594c5d95962fb33,694d15d8e73d23d7c4c0afa64ad99b85ac571b3c93315349559780590c0aac99,2,3,120,180,1.0201795980819346,0.6739166339723549,0.3462629680832227,7981,4035,0,55,46,19,0,0,512.0,512.0,512.0,18.145500763257346,152.3839111328125,0.0002991142965839822,24.709206253000957,1.3339366912841797,1.37109375
fold0_seed29,cova3d_c100_frg_fold0_seed29,C100_FRG,0,29,489370112,8e02f47cff8f58556a3027a157e4543094c344a919905b91f594c5d95962fb33,694d15d8e73d23d7c4c0afa64ad99b85ac571b3c93315349559780590c0aac99,3,4,120,240,0.7993871988728642,0.48418070081000525,0.3152064964175224,7578,3840,2,55,34,31,0,0,512.0,512.0,512.0,11.62643876473109,84.47774505615234,0.0002972930965702204,24.60158430299998,1.3339366912841797,1.37109375
fold0_seed29,cova3d_c100_frg_fold0_seed29,C100_FRG,0,29,489370112,8e02f47cff8f58556a3027a157e4543094c344a919905b91f594c5d95962fb33,694d15d8e73d23d7c4c0afa64ad99b85ac571b3c93315349559780590c0aac99,4,5,120,300,0.6936792801988001,0.43144897037224533,0.2622303088506063,7918,3924,0,68,31,21,0,0,512.0,512.0,512.0,9.954941610495249,41.93958282470703,0.0002944932171711482,24.658649238999715,1.3339366912841797,1.37109375
fold0_seed29,cova3d_c100_frg_fold0_seed29,C100_FRG,0,29,489370112,8e02f47cff8f58556a3027a157e4543094c344a919905b91f594c5d95962fb33,694d15d8e73d23d7c4c0afa64ad99b85ac571b3c93315349559780590c0aac99,5,6,120,360,0.6924436041891264,0.4236259171855636,0.2688176860411962,7962,3936,0,59,38,23,0,0,512.0,512.0,512.0,9.909265750646592,45.50456237792969,0.000290733453407337,24.647981694999544,1.3339366912841797,1.37109375
fold0_seed29,cova3d_c100_frg_fold0_seed29,C100_FRG,0,29,489370112,8e02f47cff8f58556a3027a157e4543094c344a919905b91f594c5d95962fb33,694d15d8e73d23d7c4c0afa64ad99b85ac571b3c93315349559780590c0aac99,6,7,120,420,0.66197578132463,0.4001865656735996,0.2617892170945803,7696,3808,2,61,25,34,0,0,512.0,512.0,512.0,10.359070084492366,78.69818115234375,0.0002860390438077423,24.60700154999904,1.3339366912841797,1.37109375
fold0_seed29,cova3d_c100_frg_fold0_seed29,C100_FRG,0,29,489370112,8e02f47cff8f58556a3027a157e4543094c344a919905b91f594c5d95962fb33,694d15d8e73d23d7c4c0afa64ad99b85ac571b3c93315349559780590c0aac99,7,8,120,480,0.5525483316819494,0.3386104775728503,0.2139378547668457,8029,4055,3,55,39,26,0,0,512.0,512.0,512.0,7.404618585109711,18.31873893737793,0.00028044150098859483,24.599119680000513,1.3339366912841797,1.37109375
fold0_seed29,cova3d_c100_frg_fold0_seed29,C100_FRG,0,29,489370112,8e02f47cff8f58556a3027a157e4543094c344a919905b91f594c5d95962fb33,694d15d8e73d23d7c4c0afa64ad99b85ac571b3c93315349559780590c0aac99,8,9,120,540,0.5381967016534569,0.2978052167881591,0.24039148688316345,7551,3583,1,68,21,31,0,0,512.0,512.0,512.0,8.141282481948535,41.64995193481445,0.0002739784001156218,24.64405928999986,1.3339366912841797,1.37109375
fold0_seed29,cova3d_c100_frg_fold0_seed29,C100_FRG,0,29,489370112,8e02f47cff8f58556a3027a157e4543094c344a919905b91f594c5d95962fb33,694d15d8e73d23d7c4c0afa64ad99b85ac571b3c93315349559780590c0aac99,9,10,120,600,0.4958685526054524,0.3029215338729803,0.19294702261686325,8112,3988,1,56,30,34,0,0,512.0,512.0,512.0,8.361509778102238,41.687660217285156,0.0002666931266696063,24.48139587699916,1.3339366912841797,1.37109375
fold0_seed29,cova3d_c100_frg_fold0_seed29,C100_FRG,0,29,489370112,8e02f47cff8f58556a3027a157e4543094c344a919905b91f594c5d95962fb33,694d15d8e73d23d7c4c0afa64ad99b85ac571b3c93315349559780590c0aac99,10,11,120,660,0.4265232258393856,0.2600384234096661,0.16648480395476023,7686,3827,4,60,29,31,0,0,512.0,512.0,512.0,8.731107517083485,37.52653884887695,0.0002586345852084849,24.514602700000978,1.3339366912841797,1.37109375
fold0_seed29,cova3d_c100_frg_fold0_seed29,C100_FRG,0,29,489370112,8e02f47cff8f58556a3027a157e4543094c344a919905b91f594c5d95962fb33,694d15d8e73d23d7c4c0afa64ad99b85ac571b3c93315349559780590c0aac99,11,12,120,720,0.4999302762606021,0.2437973220684095,0.25613295535246533,7546,3658,1,56,31,33,0,0,512.0,512.0,512.0,8.82575618525346,28.542932510375977,0.0002498568710810032,24.57285107899952,1.3339366912841797,1.37109375
fold0_seed29,cova3d_c100_frg_fold0_seed29,C100_FRG,0,29,489370112,8e02f47cff8f58556a3027a157e4543094c344a919905b91f594c5d95962fb33,694d15d8e73d23d7c4c0afa64ad99b85ac571b3c93315349559780590c0aac99,12,13,120,780,0.37302713193251597,0.22225335898935253,0.15077377210060755,8144,4006,3,65,26,29,0,0,512.0,512.0,512.0,8.039636092384656,69.02741241455078,0.0002404189072956492,24.450705486000516,1.3339366912841797,1.37109375
fold0_seed29,cova3d_c100_frg_fold0_seed29,C100_FRG,0,29,489370112,8e02f47cff8f58556a3027a157e4543094c344a919905b91f594c5d95962fb33,694d15d8e73d23d7c4c0afa64ad99b85ac571b3c93315349559780590c0aac99,13,14,120,840,0.3544830068679251,0.2030309199952323,0.15145208388566972,7606,3831,1,58,29,33,0,0,512.0,512.0,512.0,8.527824211120606,81.10001373291016,0.00023038404898248976,24.462265617999947,1.3339366912841797,1.37109375
fold0_seed29,cova3d_c100_frg_fold0_seed29,C100_FRG,0,29,489370112,8e02f47cff8f58556a3027a157e4543094c344a919905b91f594c5d95962fb33,694d15d8e73d23d7c4c0afa64ad99b85ac571b3c93315349559780590c0aac99,14,15,120,900,0.3769714205687099,0.21436946000576426,0.16260196169217428,7467,3701,1,57,32,31,0,0,512.0,512.0,512.0,10.296351456642151,70.2711181640625,0.00021981965810307605,24.463815786999476,1.3339366912841797,1.37109375
fold0_seed29,cova3d_c100_frg_fold0_seed29,C100_FRG,0,29,489370112,8e02f47cff8f58556a3027a157e4543094c344a919905b91f594c5d95962fb33,694d15d8e73d23d7c4c0afa64ad99b85ac571b3c93315349559780590c0aac99,15,16,120,960,0.3714260316499955,0.18626044132615788,0.18516559054454168,7993,3853,3,51,34,35,0,0,512.0,512.0,512.0,6.969075877095262,27.944969177246094,0.00020879665126330557,24.49400936300117,1.3339366912841797,1.37109375
fold0_seed29,cova3d_c100_frg_fold0_seed29,C100_FRG,0,29,489370112,8e02f47cff8f58556a3027a157e4543094c344a919905b91f594c5d95962fb33,694d15d8e73d23d7c4c0afa64ad99b85ac571b3c93315349559780590c0aac99,16,17,120,1020,0.3732886723146123,0.22419164861013505,0.14909702042738596,8235,4119,2,59,32,29,0,0,512.0,512.0,512.0,8.97654009560744,69.2157211303711,0.00019738902366467966,24.517420195999875,1.3339366912841797,1.37109375
fold0_seed29,cova3d_c100_frg_fold0_seed29,C100_FRG,0,29,489370112,8e02f47cff8f58556a3027a157e4543094c344a919905b91f594c5d95962fb33,694d15d8e73d23d7c4c0afa64ad99b85ac571b3c93315349559780590c0aac99,17,18,120,1080,0.27211031759585846,0.13769964759903436,0.13441067039966584,7725,3816,1,55,26,39,0,0,512.0,512.0,512.0,6.42202785188953,21.05980110168457,0.00018567335238957547,24.426095045000693,1.3339366912841797,1.37109375
fold0_seed29,cova3d_c100_frg_fold0_seed29,C100_FRG,0,29,489370112,8e02f47cff8f58556a3027a157e4543094c344a919905b91f594c5d95962fb33,694d15d8e73d23d7c4c0afa64ad99b85ac571b3c93315349559780590c0aac99,18,19,120,1140,0.29337949906892696,0.1423301368521758,0.15104936311642328,7806,3886,0,47,40,33,0,0,512.0,512.0,512.0,6.118416297932466,27.977535247802734,0.0001737282823548769,24.442804770000294,1.3339366912841797,1.37109375
fold0_seed29,cova3d_c100_frg_fold0_seed29,C100_FRG,0,29,489370112,8e02f47cff8f58556a3027a157e4543094c344a919905b91f594c5d95962fb33,694d15d8e73d23d7c4c0afa64ad99b85ac571b3c93315349559780590c0aac99,19,20,120,1200,0.2738244034516356,0.1401297044006848,0.13369469741980236,7706,3775,2,58,33,29,0,0,512.0,512.0,512.0,6.3684952646493915,45.8824577331543,0.00016163399838465363,24.43511205499999,1.3339366912841797,1.37109375
fold0_seed29,cova3d_c100_frg_fold0_seed29,C100_FRG,0,29,489370112,8e02f47cff8f58556a3027a157e4543094c344a919905b91f594c5d95962fb33,694d15d8e73d23d7c4c0afa64ad99b85ac571b3c93315349559780590c0aac99,20,21,120,1260,0.25531770160315925,0.10973641908893418,0.14558128118515015,7639,3672,1,62,28,30,0,0,512.0,512.0,512.0,6.971977593004704,30.98301887512207,0.00014947168694575625,24.47594744699927,1.3339366912841797,1.37109375
fold0_seed29,cova3d_c100_frg_fold0_seed29,C100_FRG,0,29,489370112,8e02f47cff8f58556a3027a157e4543094c344a919905b91f594c5d95962fb33,694d15d8e73d23d7c4c0afa64ad99b85ac571b3c93315349559780590c0aac99,21,22,120,1320,0.20854186587112053,0.11392351731004359,0.09461835026741028,7977,3773,0,64,22,34,0,0,512.0,512.0,512.0,5.359269302090009,19.94939422607422,0.0001373229911595876,24.499945933001072,1.3339366912841797,1.37109375
fold0_seed29,cova3d_c100_frg_fold0_seed29,C100_FRG,0,29,489370112,8e02f47cff8f58556a3027a157e4543094c344a919905b91f594c5d95962fb33,694d15d8e73d23d7c4c0afa64ad99b85ac571b3c93315349559780590c0aac99,22,23,120,1380,0.21216746334668338,0.1012799044956561,0.11088755975166957,8096,3833,1,58,34,28,0,0,512.0,512.0,512.0,5.835972339008004,39.52014923095703,0.00012526946274844474,24.588395579999997,1.3339366912841797,1.37109375
fold0_seed29,cova3d_c100_frg_fold0_seed29,C100_FRG,0,29,489370112,8e02f47cff8f58556a3027a157e4543094c344a919905b91f594c5d95962fb33,694d15d8e73d23d7c4c0afa64ad99b85ac571b3c93315349559780590c0aac99,23,24,120,1440,0.19754174630041538,0.09452842519447889,0.10301332275072733,7803,3825,1,64,32,24,0,0,512.0,512.0,512.0,5.954382900024454,27.71712875366211,0.00011339201459540494,24.448547295000026,1.3339366912841797,1.37109375
fold0_seed29,cova3d_c100_frg_fold0_seed29,C100_FRG,0,29,489370112,8e02f47cff8f58556a3027a157e4543094c344a919905b91f594c5d95962fb33,694d15d8e73d23d7c4c0afa64ad99b85ac571b3c93315349559780590c0aac99,24,25,120,1500,0.20651713592030774,0.0850669715556857,0.12145016541083654,8166,3999,1,53,36,31,0,0,512.0,512.0,512.0,5.065301916375756,19.028888702392578,0.00010177037759260854,24.454419219000556,1.3339366912841797,1.37109375
fold0_seed29,cova3d_c100_frg_fold0_seed29,C100_FRG,0,29,489370112,8e02f47cff8f58556a3027a157e4543094c344a919905b91f594c5d95962fb33,694d15d8e73d23d7c4c0afa64ad99b85ac571b3c93315349559780590c0aac99,25,26,120,1560,0.21354203075710151,0.08940210684804697,0.12413992633422216,7914,3898,1,60,31,29,0,0,512.0,512.0,512.0,6.42520317682065,55.12315368652344,9.048256542400759e-05,24.495641071000136,1.3339366912841797,1.37109375
fold0_seed29,cova3d_c100_frg_fold0_seed29,C100_FRG,0,29,489370112,8e02f47cff8f58556a3027a157e4543094c344a919905b91f594c5d95962fb33,694d15d8e73d23d7c4c0afa64ad99b85ac571b3c93315349559780590c0aac99,26,27,120,1620,0.19874673081997116,0.08026922614414313,0.11847750494877497,7502,3633,0,56,32,32,0,0,512.0,512.0,512.0,5.862324252600471,40.164432525634766,7.960435087538242e-05,24.41367218200139,1.3339366912841797,1.37109375
fold0_seed29,cova3d_c100_frg_fold0_seed29,C100_FRG,0,29,489370112,8e02f47cff8f58556a3027a157e4543094c344a919905b91f594c5d95962fb33,694d15d8e73d23d7c4c0afa64ad99b85ac571b3c93315349559780590c0aac99,27,28,120,1680,0.1481176848115638,0.070446883936908,0.0776708001891772,7751,3929,1,62,27,31,0,0,512.0,512.0,512.0,5.802946463103096,31.431364059448242,6.920875718705205e-05,24.39315740800157,1.3339366912841797,1.37109375
fold0_seed29,cova3d_c100_frg_fold0_seed29,C100_FRG,0,29,489370112,8e02f47cff8f58556a3027a157e4543094c344a919905b91f594c5d95962fb33,694d15d8e73d23d7c4c0afa64ad99b85ac571b3c93315349559780590c0aac99,28,29,120,1740,0.17286723800120427,0.06965676968780284,0.10321046710014344,7883,3977,2,64,30,26,0,0,512.0,512.0,512.0,3.9492561001641056,17.42664337158203,5.936556786372413e-05,24.37340107900127,1.3339366912841797,1.37109375
fold0_seed29,cova3d_c100_frg_fold0_seed29,C100_FRG,0,29,489370112,8e02f47cff8f58556a3027a157e4543094c344a919905b91f594c5d95962fb33,694d15d8e73d23d7c4c0afa64ad99b85ac571b3c93315349559780590c0aac99,29,30,120,1800,0.11396079329603263,0.05214520537995829,0.061815588176250456,7686,3861,2,65,34,21,0,0,512.0,512.0,512.0,3.9481864699783427,18.454986572265625,5.014085823202989e-05,24.411344617001305,1.3339366912841797,1.37109375
fold0_seed29,cova3d_c100_frg_fold0_seed29,C100_FRG,0,29,489370112,8e02f47cff8f58556a3027a157e4543094c344a919905b91f594c5d95962fb33,694d15d8e73d23d7c4c0afa64ad99b85ac571b3c93315349559780590c0aac99,30,31,120,1860,0.10394299267450245,0.04565125028289098,0.05829174170891444,8066,4001,1,65,30,25,0,0,512.0,512.0,512.0,3.488301466032863,10.189079284667969,4.159655189030408e-05,24.3819113260015,1.3339366912841797,1.37109375
fold0_seed29,cova3d_c100_frg_fold0_seed29,C100_FRG,0,29,489370112,8e02f47cff8f58556a3027a157e4543094c344a919905b91f594c5d95962fb33,694d15d8e73d23d7c4c0afa64ad99b85ac571b3c93315349559780590c0aac99,31,32,120,1920,0.1438570531592859,0.04972003312836174,0.09413701792558034,7711,3731,1,60,36,24,0,0,512.0,512.0,512.0,3.933388237686207,32.8252067565918,3.379000502807257e-05,24.364111262000733,1.3339366912841797,1.37109375
fold0_seed29,cova3d_c100_frg_fold0_seed29,C100_FRG,0,29,489370112,8e02f47cff8f58556a3027a157e4543094c344a919905b91f594c5d95962fb33,694d15d8e73d23d7c4c0afa64ad99b85ac571b3c93315349559780590c0aac99,32,33,120,1980,0.14479099889013108,0.060659351156665535,0.0841316486398379,7596,3825,2,68,23,29,0,0,512.0,512.0,512.0,5.673365213877211,54.46733474731445,2.6773621405624713e-05,24.34387561999938,1.3339366912841797,1.37109375
fold0_seed29,cova3d_c100_frg_fold0_seed29,C100_FRG,0,29,489370112,8e02f47cff8f58556a3027a157e4543094c344a919905b91f594c5d95962fb33,694d15d8e73d23d7c4c0afa64ad99b85ac571b3c93315349559780590c0aac99,33,34,120,2040,0.1403236846684268,0.053035864047565204,0.08728782137235006,8118,4164,1,61,35,24,0,0,512.0,512.0,512.0,4.112179329901119,18.86359977722168,2.059450057823627e-05,24.408069658000386,1.3339366912841797,1.37109375
fold0_seed29,cova3d_c100_frg_fold0_seed29,C100_FRG,0,29,489370112,8e02f47cff8f58556a3027a157e4543094c344a919905b91f594c5d95962fb33,694d15d8e73d23d7c4c0afa64ad99b85ac571b3c93315349559780590c0aac99,34,35,120,2100,0.14759804630277576,0.05199280215361028,0.09560524374246597,8144,3983,0,66,24,30,0,0,512.0,512.0,512.0,3.5270871984461944,19.6690731048584,1.5294121726440254e-05,24.38002183000026,1.3339366912841797,1.37109375
fold0_seed29,cova3d_c100_frg_fold0_seed29,C100_FRG,0,29,489370112,8e02f47cff8f58556a3027a157e4543094c344a919905b91f594c5d95962fb33,694d15d8e73d23d7c4c0afa64ad99b85ac571b3c93315349559780590c0aac99,35,36,120,2160,0.15290586341161544,0.05012858829619896,0.10277727395296096,8110,3966,0,54,39,27,0,0,512.0,512.0,512.0,3.5781684493025145,20.010305404663086,1.0908065214729997e-05,24.374719264000305,1.3339366912841797,1.37109375
fold0_seed29,cova3d_c100_frg_fold0_seed29,C100_FRG,0,29,489370112,8e02f47cff8f58556a3027a157e4543094c344a919905b91f594c5d95962fb33,694d15d8e73d23d7c4c0afa64ad99b85ac571b3c93315349559780590c0aac99,36,37,120,2220,0.09599291704856797,0.03992452034275023,0.05606839706500371,8196,4150,3,60,26,34,0,0,512.0,512.0,512.0,3.1570794409140945,24.769432067871094,7.465773747813819e-06,24.33505500299907,1.3339366912841797,1.37109375
fold0_seed29,cova3d_c100_frg_fold0_seed29,C100_FRG,0,29,489370112,8e02f47cff8f58556a3027a157e4543094c344a919905b91f594c5d95962fb33,694d15d8e73d23d7c4c0afa64ad99b85ac571b3c93315349559780590c0aac99,37,38,120,2280,0.13440477128492603,0.04773883075908998,0.086665940284729,7320,3551,1,55,39,26,0,0,512.0,512.0,512.0,3.9206841226667164,26.19782829284668,4.990354727730315e-06,24.398937633999594,1.3339366912841797,1.37109375
fold0_seed29,cova3d_c100_frg_fold0_seed29,C100_FRG,0,29,489370112,8e02f47cff8f58556a3027a157e4543094c344a919905b91f594c5d95962fb33,694d15d8e73d23d7c4c0afa64ad99b85ac571b3c93315349559780590c0aac99,38,39,120,2340,0.1350159269261932,0.03774308316751937,0.09727284262577693,7741,3765,0,63,36,21,0,0,512.0,512.0,512.0,3.014964211732149,9.92769718170166,3.498425138561358e-06,24.461429848999614,1.3339366912841797,1.37109375
fold0_seed29,cova3d_c100_frg_fold0_seed29,C100_FRG,0,29,489370112,8e02f47cff8f58556a3027a157e4543094c344a919905b91f594c5d95962fb33,694d15d8e73d23d7c4c0afa64ad99b85ac571b3c93315349559780590c0aac99,39,40,120,2400,0.1341101698284471,0.0527289940933097,0.08138117541869481,7848,3834,1,58,34,28,0,0,512.0,512.0,512.0,3.668890900040666,42.82463836669922,3e-06,24.44664116900094,1.3339366912841797,1.37109375
