batch_id,run_id,condition,outer_fold,seed,initialization_seed,shared_initialization_sha256,paired_plan_sha256,epoch,epoch_1based,logical_microbatches,successful_optimizer_steps_total,mean_loss,mean_partial_bce,mean_partial_dice_fp32,labelled_voxels_seen,foreground_voxels_seen,zero_label_microbatches,foreground_centered,background_centered,uniform_crop,amp_overflow_events,amp_retry_attempts,amp_scale_min,amp_scale_max,amp_scale_end,mean_preclip_grad_norm,max_preclip_grad_norm,learning_rate_end,epoch_seconds,peak_allocated_gb,peak_reserved_gb
fold0_seed43,cova3d_c50_coh_fold0_seed43,C50_COH,0,43,3037986844,7867253cd03cdbae0ae68868c43e5b28e3558428f7a4b939da65fcfb42973194,aa8a8fda9b0b9f826033bf5511d1a9a49841e086699f3325b6b3d60c374b0dc4,0,1,120,60,1.9192399544098104,1.4012596921937075,0.517980266114076,8141,4029,0,66,27,27,2,2,1024.0,4096.0,1024.0,69.31753880182902,168.1005096435547,0.00017999999999999998,25.516636145000007,1.3346080780029297,1.361328125
fold0_seed43,cova3d_c50_coh_fold0_seed43,C50_COH,0,43,3037986844,7867253cd03cdbae0ae68868c43e5b28e3558428f7a4b939da65fcfb42973194,aa8a8fda9b0b9f826033bf5511d1a9a49841e086699f3325b6b3d60c374b0dc4,1,2,120,120,0.9427244135605481,0.6139367735430521,0.3287876402338346,7860,4030,3,57,29,34,0,0,1024.0,1024.0,1024.0,26.539781335989634,105.96757507324219,0.0002999445918673937,23.618516879000026,1.3346080780029297,1.361328125
fold0_seed43,cova3d_c50_coh_fold0_seed43,C50_COH,0,43,3037986844,7867253cd03cdbae0ae68868c43e5b28e3558428f7a4b939da65fcfb42973194,aa8a8fda9b0b9f826033bf5511d1a9a49841e086699f3325b6b3d60c374b0dc4,2,3,120,180,0.7607307367108357,0.46504454699705394,0.29568619032700855,8163,4351,3,64,28,28,0,0,1024.0,1024.0,1024.0,16.47090855439504,43.95386505126953,0.0002991142965839822,24.703974120999987,1.3346080780029297,1.361328125
fold0_seed43,cova3d_c50_coh_fold0_seed43,C50_COH,0,43,3037986844,7867253cd03cdbae0ae68868c43e5b28e3558428f7a4b939da65fcfb42973194,aa8a8fda9b0b9f826033bf5511d1a9a49841e086699f3325b6b3d60c374b0dc4,3,4,120,240,0.5713800054480278,0.3188683164660574,0.2525116855899493,8251,4237,1,61,29,30,0,0,1024.0,1024.0,1024.0,9.706455236673355,23.383943557739258,0.0002972930965702204,25.453450301999965,1.3346080780029297,1.361328125
fold0_seed43,cova3d_c50_coh_fold0_seed43,C50_COH,0,43,3037986844,7867253cd03cdbae0ae68868c43e5b28e3558428f7a4b939da65fcfb42973194,aa8a8fda9b0b9f826033bf5511d1a9a49841e086699f3325b6b3d60c374b0dc4,4,5,120,300,0.5168008873522089,0.30703547481213983,0.2097654124101003,7795,3961,3,54,29,37,0,0,1024.0,1024.0,1024.0,9.22912145058314,40.57793045043945,0.0002944932171711482,26.76834876800001,1.3346080780029297,1.361328125
fold0_seed43,cova3d_c50_coh_fold0_seed43,C50_COH,0,43,3037986844,7867253cd03cdbae0ae68868c43e5b28e3558428f7a4b939da65fcfb42973194,aa8a8fda9b0b9f826033bf5511d1a9a49841e086699f3325b6b3d60c374b0dc4,5,6,120,360,0.4857809853399279,0.24611864341362283,0.23966234227021535,8146,4284,6,62,24,34,0,0,1024.0,1024.0,1024.0,8.032209863762061,50.637237548828125,0.000290733453407337,26.60673735900002,1.3346080780029297,1.361328125
fold0_seed43,cova3d_c50_coh_fold0_seed43,C50_COH,0,43,3037986844,7867253cd03cdbae0ae68868c43e5b28e3558428f7a4b939da65fcfb42973194,aa8a8fda9b0b9f826033bf5511d1a9a49841e086699f3325b6b3d60c374b0dc4,6,7,120,420,0.4214484352535161,0.22520156998256954,0.19624686638514202,7906,4015,2,62,27,31,0,0,1024.0,1024.0,1024.0,7.339696274201075,33.97487258911133,0.0002860390438077423,25.82213168499993,1.3346080780029297,1.361328125
fold0_seed43,cova3d_c50_coh_fold0_seed43,C50_COH,0,43,3037986844,7867253cd03cdbae0ae68868c43e5b28e3558428f7a4b939da65fcfb42973194,aa8a8fda9b0b9f826033bf5511d1a9a49841e086699f3325b6b3d60c374b0dc4,7,8,120,480,0.3213079152684865,0.15427128797142112,0.16703662574291228,8309,4550,3,56,26,38,0,0,1024.0,1024.0,1024.0,5.924382306150316,29.651634216308594,0.00028044150098859483,26.198507094999968,1.3346080780029297,1.361328125
fold0_seed43,cova3d_c50_coh_fold0_seed43,C50_COH,0,43,3037986844,7867253cd03cdbae0ae68868c43e5b28e3558428f7a4b939da65fcfb42973194,aa8a8fda9b0b9f826033bf5511d1a9a49841e086699f3325b6b3d60c374b0dc4,8,9,120,540,0.3153642852231125,0.16094267537805157,0.15442161113023758,8162,4092,0,61,30,29,0,0,1024.0,1024.0,1024.0,5.692434897646308,32.78886795043945,0.0002739784001156218,26.42608631199994,1.3346080780029297,1.361328125
fold0_seed43,cova3d_c50_coh_fold0_seed43,C50_COH,0,43,3037986844,7867253cd03cdbae0ae68868c43e5b28e3558428f7a4b939da65fcfb42973194,aa8a8fda9b0b9f826033bf5511d1a9a49841e086699f3325b6b3d60c374b0dc4,9,10,120,600,0.41275346128347035,0.17580845715990942,0.23694500277439753,8257,4290,0,62,29,29,0,0,1024.0,1024.0,1024.0,7.17288348885874,39.23659133911133,0.0002666931266696063,25.943430540999998,1.3346080780029297,1.361328125
fold0_seed43,cova3d_c50_coh_fold0_seed43,C50_COH,0,43,3037986844,7867253cd03cdbae0ae68868c43e5b28e3558428f7a4b939da65fcfb42973194,aa8a8fda9b0b9f826033bf5511d1a9a49841e086699f3325b6b3d60c374b0dc4,10,11,120,660,0.2793162956827615,0.12744513031826063,0.15187116513649623,8294,4239,2,57,30,33,0,0,1024.0,1024.0,1024.0,5.010941538090507,59.59162902832031,0.0002586345852084849,25.983559611000032,1.3346080780029297,1.361328125
fold0_seed43,cova3d_c50_coh_fold0_seed43,C50_COH,0,43,3037986844,7867253cd03cdbae0ae68868c43e5b28e3558428f7a4b939da65fcfb42973194,aa8a8fda9b0b9f826033bf5511d1a9a49841e086699f3325b6b3d60c374b0dc4,11,12,120,720,0.30205297581149915,0.10672768675011853,0.19532528916994732,8132,4190,1,47,31,42,0,0,1024.0,1024.0,1024.0,4.994742808997277,28.869598388671875,0.0002498568710810032,26.361657280999907,1.3346080780029297,1.361328125
fold0_seed43,cova3d_c50_coh_fold0_seed43,C50_COH,0,43,3037986844,7867253cd03cdbae0ae68868c43e5b28e3558428f7a4b939da65fcfb42973194,aa8a8fda9b0b9f826033bf5511d1a9a49841e086699f3325b6b3d60c374b0dc4,12,13,120,780,0.22323765157693268,0.08293227503028054,0.14030537605285645,8220,4199,6,58,29,33,0,0,1024.0,1024.0,1024.0,3.621750087539355,16.970590591430664,0.0002404189072956492,25.88936363699986,1.3346080780029297,1.361328125
fold0_seed43,cova3d_c50_coh_fold0_seed43,C50_COH,0,43,3037986844,7867253cd03cdbae0ae68868c43e5b28e3558428f7a4b939da65fcfb42973194,aa8a8fda9b0b9f826033bf5511d1a9a49841e086699f3325b6b3d60c374b0dc4,13,14,120,840,0.26045050645384893,0.09026009286246489,0.17019041528304418,8161,4132,4,52,27,41,0,0,1024.0,1024.0,1024.0,5.702902931238835,34.423274993896484,0.00023038404898248976,25.97321040099996,1.3346080780029297,1.361328125
fold0_seed43,cova3d_c50_coh_fold0_seed43,C50_COH,0,43,3037986844,7867253cd03cdbae0ae68868c43e5b28e3558428f7a4b939da65fcfb42973194,aa8a8fda9b0b9f826033bf5511d1a9a49841e086699f3325b6b3d60c374b0dc4,14,15,120,900,0.16957413098263222,0.0676131632147925,0.10196096847454707,8052,4042,2,59,36,25,0,0,1024.0,1024.0,1024.0,4.602346599938028,18.9696102142334,0.00021981965810307605,26.191189670000085,1.3346080780029297,1.361328125
fold0_seed43,cova3d_c50_coh_fold0_seed43,C50_COH,0,43,3037986844,7867253cd03cdbae0ae68868c43e5b28e3558428f7a4b939da65fcfb42973194,aa8a8fda9b0b9f826033bf5511d1a9a49841e086699f3325b6b3d60c374b0dc4,15,16,120,960,0.1945157786498397,0.07245848310464596,0.12205729683240255,8417,4415,1,60,33,27,0,0,1024.0,1024.0,1024.0,5.345106970798224,45.99075698852539,0.00020879665126330557,25.909646804999966,1.3346080780029297,1.361328125
fold0_seed43,cova3d_c50_coh_fold0_seed43,C50_COH,0,43,3037986844,7867253cd03cdbae0ae68868c43e5b28e3558428f7a4b939da65fcfb42973194,aa8a8fda9b0b9f826033bf5511d1a9a49841e086699f3325b6b3d60c374b0dc4,16,17,120,1020,0.23540915852102237,0.0681549496368221,0.16725420902172725,7784,3827,3,66,26,28,0,0,1024.0,1024.0,1024.0,4.07053529661304,43.35228729248047,0.00019738902366467966,25.985505044000092,1.3346080780029297,1.361328125
fold0_seed43,cova3d_c50_coh_fold0_seed43,C50_COH,0,43,3037986844,7867253cd03cdbae0ae68868c43e5b28e3558428f7a4b939da65fcfb42973194,aa8a8fda9b0b9f826033bf5511d1a9a49841e086699f3325b6b3d60c374b0dc4,17,18,120,1080,0.16695639062984938,0.04846638892445879,0.11849000255266826,7820,3901,1,62,31,27,0,0,1024.0,1024.0,1024.0,3.4019581634997547,20.26693344116211,0.00018567335238957547,26.210171403999993,1.3346080780029297,1.361328125
fold0_seed43,cova3d_c50_coh_fold0_seed43,C50_COH,0,43,3037986844,7867253cd03cdbae0ae68868c43e5b28e3558428f7a4b939da65fcfb42973194,aa8a8fda9b0b9f826033bf5511d1a9a49841e086699f3325b6b3d60c374b0dc4,18,19,120,1140,0.16564697304229103,0.02913212583208705,0.13651484847068787,8124,4070,5,62,26,32,0,0,1024.0,1024.0,1024.0,2.4884059473794573,23.96787452697754,0.0001737282823548769,25.930949026999997,1.3346080780029297,1.361328125
fold0_seed43,cova3d_c50_coh_fold0_seed43,C50_COH,0,43,3037986844,7867253cd03cdbae0ae68868c43e5b28e3558428f7a4b939da65fcfb42973194,aa8a8fda9b0b9f826033bf5511d1a9a49841e086699f3325b6b3d60c374b0dc4,19,20,120,1200,0.13966219258497503,0.045090054827722104,0.09457213828961054,8357,4319,0,66,30,24,0,0,1024.0,1024.0,1024.0,3.3794110483761566,22.89820671081543,0.00016163399838465363,25.829777914000033,1.3346080780029297,1.361328125
fold0_seed43,cova3d_c50_coh_fold0_seed43,C50_COH,0,43,3037986844,7867253cd03cdbae0ae68868c43e5b28e3558428f7a4b939da65fcfb42973194,aa8a8fda9b0b9f826033bf5511d1a9a49841e086699f3325b6b3d60c374b0dc4,20,21,120,1260,0.12153585391846007,0.03132076165073724,0.09021509140729904,8242,4276,0,69,23,28,0,0,1024.0,1024.0,1024.0,2.564030732649068,12.672625541687012,0.00014947168694575625,26.18702107099989,1.3346080780029297,1.361328125
fold0_seed43,cova3d_c50_coh_fold0_seed43,C50_COH,0,43,3037986844,7867253cd03cdbae0ae68868c43e5b28e3558428f7a4b939da65fcfb42973194,aa8a8fda9b0b9f826033bf5511d1a9a49841e086699f3325b6b3d60c374b0dc4,21,22,120,1320,0.1387822689583345,0.02689014508044787,0.11189212302366892,8388,4215,0,63,37,20,0,0,1024.0,1024.0,1024.0,2.2142810356492797,9.567198753356934,0.0001373229911595876,25.795151465000117,1.3346080780029297,1.361328125
fold0_seed43,cova3d_c50_coh_fold0_seed43,C50_COH,0,43,3037986844,7867253cd03cdbae0ae68868c43e5b28e3558428f7a4b939da65fcfb42973194,aa8a8fda9b0b9f826033bf5511d1a9a49841e086699f3325b6b3d60c374b0dc4,22,23,120,1380,0.20308544637123346,0.033156521748560944,0.1699289247393608,8434,4374,1,52,43,25,0,0,1024.0,1024.0,1024.0,3.312917908577332,24.47425651550293,0.00012526946274844474,25.822500363000017,1.3346080780029297,1.361328125
fold0_seed43,cova3d_c50_coh_fold0_seed43,C50_COH,0,43,3037986844,7867253cd03cdbae0ae68868c43e5b28e3558428f7a4b939da65fcfb42973194,aa8a8fda9b0b9f826033bf5511d1a9a49841e086699f3325b6b3d60c374b0dc4,23,24,120,1440,0.16211325933355514,0.04387225776691476,0.11824100116888682,8215,4114,2,63,28,29,0,0,1024.0,1024.0,1024.0,4.306213024902778,25.222871780395508,0.00011339201459540494,26.15289198100004,1.3346080780029297,1.361328125
fold0_seed43,cova3d_c50_coh_fold0_seed43,C50_COH,0,43,3037986844,7867253cd03cdbae0ae68868c43e5b28e3558428f7a4b939da65fcfb42973194,aa8a8fda9b0b9f826033bf5511d1a9a49841e086699f3325b6b3d60c374b0dc4,24,25,120,1500,0.08674140128901965,0.020025589483198544,0.06671581119298935,8555,4480,4,63,33,24,0,0,1024.0,1024.0,1024.0,1.6553367250443747,7.478829860687256,0.00010177037759260854,25.70764435000001,1.3346080780029297,1.361328125
fold0_seed43,cova3d_c50_coh_fold0_seed43,C50_COH,0,43,3037986844,7867253cd03cdbae0ae68868c43e5b28e3558428f7a4b939da65fcfb42973194,aa8a8fda9b0b9f826033bf5511d1a9a49841e086699f3325b6b3d60c374b0dc4,25,26,120,1560,0.10817503733901006,0.030567946435543777,0.07760709126790365,8199,4314,2,60,34,26,0,0,1024.0,1024.0,1024.0,4.313120166771114,45.712013244628906,9.048256542400759e-05,25.751914102,1.3346080780029297,1.361328125
fold0_seed43,cova3d_c50_coh_fold0_seed43,C50_COH,0,43,3037986844,7867253cd03cdbae0ae68868c43e5b28e3558428f7a4b939da65fcfb42973194,aa8a8fda9b0b9f826033bf5511d1a9a49841e086699f3325b6b3d60c374b0dc4,26,27,120,1620,0.121797098840749,0.037383552408996615,0.0844135453303655,8718,4430,0,58,29,33,0,0,1024.0,1024.0,1024.0,5.268547218007128,94.1974868774414,7.960435087538242e-05,26.1133810849999,1.3346080780029297,1.361328125
fold0_seed43,cova3d_c50_coh_fold0_seed43,C50_COH,0,43,3037986844,7867253cd03cdbae0ae68868c43e5b28e3558428f7a4b939da65fcfb42973194,aa8a8fda9b0b9f826033bf5511d1a9a49841e086699f3325b6b3d60c374b0dc4,27,28,120,1680,0.1322161416444658,0.039996431063906386,0.09221970935662588,8388,4338,3,58,30,32,0,0,1024.0,1024.0,1024.0,5.813850234200557,87.99812316894531,6.920875718705205e-05,25.754776338000056,1.3346080780029297,1.361328125
fold0_seed43,cova3d_c50_coh_fold0_seed43,C50_COH,0,43,3037986844,7867253cd03cdbae0ae68868c43e5b28e3558428f7a4b939da65fcfb42973194,aa8a8fda9b0b9f826033bf5511d1a9a49841e086699f3325b6b3d60c374b0dc4,28,29,120,1740,0.09180788515689352,0.01509834773877868,0.07670953820149104,8394,4327,2,58,40,22,0,0,1024.0,1024.0,1024.0,3.1035617861431093,25.453054428100586,5.936556786372413e-05,25.699501585999997,1.3346080780029297,1.361328125
fold0_seed43,cova3d_c50_coh_fold0_seed43,C50_COH,0,43,3037986844,7867253cd03cdbae0ae68868c43e5b28e3558428f7a4b939da65fcfb42973194,aa8a8fda9b0b9f826033bf5511d1a9a49841e086699f3325b6b3d60c374b0dc4,29,30,120,1800,0.1043656807451908,0.028692405629771427,0.07567327519257863,8335,4279,1,66,27,27,0,0,1024.0,1024.0,1024.0,4.757416802055862,48.78971862792969,5.014085823202989e-05,25.895596855999884,1.3346080780029297,1.361328125
fold0_seed43,cova3d_c50_coh_fold0_seed43,C50_COH,0,43,3037986844,7867253cd03cdbae0ae68868c43e5b28e3558428f7a4b939da65fcfb42973194,aa8a8fda9b0b9f826033bf5511d1a9a49841e086699f3325b6b3d60c374b0dc4,30,31,120,1860,0.1090348656263431,0.02092659066649955,0.08810827483733495,8474,4439,2,63,29,28,0,0,1024.0,1024.0,1024.0,4.88276166330082,43.088531494140625,4.159655189030408e-05,25.79603985200015,1.3346080780029297,1.361328125
fold0_seed43,cova3d_c50_coh_fold0_seed43,C50_COH,0,43,3037986844,7867253cd03cdbae0ae68868c43e5b28e3558428f7a4b939da65fcfb42973194,aa8a8fda9b0b9f826033bf5511d1a9a49841e086699f3325b6b3d60c374b0dc4,31,32,120,1920,0.07992468584117438,0.016576359812970017,0.06334832658370336,7877,3910,3,66,28,26,0,0,1024.0,1024.0,1024.0,3.2599795000575322,31.63384437561035,3.379000502807257e-05,25.640788463999797,1.3346080780029297,1.361328125
fold0_seed43,cova3d_c50_coh_fold0_seed43,C50_COH,0,43,3037986844,7867253cd03cdbae0ae68868c43e5b28e3558428f7a4b939da65fcfb42973194,aa8a8fda9b0b9f826033bf5511d1a9a49841e086699f3325b6b3d60c374b0dc4,32,33,120,1980,0.05761390837242258,0.025537049871548752,0.03207685798406601,8040,4233,3,57,31,32,0,0,1024.0,1024.0,1024.0,3.759037732720996,33.75595474243164,2.6773621405624713e-05,25.96370809799987,1.3346080780029297,1.361328125
fold0_seed43,cova3d_c50_coh_fold0_seed43,C50_COH,0,43,3037986844,7867253cd03cdbae0ae68868c43e5b28e3558428f7a4b939da65fcfb42973194,aa8a8fda9b0b9f826033bf5511d1a9a49841e086699f3325b6b3d60c374b0dc4,33,34,120,2040,0.09439223479358914,0.02169924831610409,0.07269298682610194,8350,4390,2,63,32,25,0,0,1024.0,1024.0,1024.0,2.310581160836591,15.286208152770996,2.059450057823627e-05,25.658551221000153,1.3346080780029297,1.361328125
fold0_seed43,cova3d_c50_coh_fold0_seed43,C50_COH,0,43,3037986844,7867253cd03cdbae0ae68868c43e5b28e3558428f7a4b939da65fcfb42973194,aa8a8fda9b0b9f826033bf5511d1a9a49841e086699f3325b6b3d60c374b0dc4,34,35,120,2100,0.060817755496464725,0.01543448028590649,0.04538327554861705,8812,4774,2,70,28,22,0,0,1024.0,1024.0,1024.0,2.9751315975872177,43.13449478149414,1.5294121726440254e-05,25.577649377999933,1.3346080780029297,1.361328125
fold0_seed43,cova3d_c50_coh_fold0_seed43,C50_COH,0,43,3037986844,7867253cd03cdbae0ae68868c43e5b28e3558428f7a4b939da65fcfb42973194,aa8a8fda9b0b9f826033bf5511d1a9a49841e086699f3325b6b3d60c374b0dc4,35,36,120,2160,0.05857818953943665,0.015538410612780988,0.04303977886835734,8277,4294,5,50,33,37,0,0,1024.0,1024.0,1024.0,4.758604318089783,36.24424362182617,1.0908065214729997e-05,25.88731861899987,1.3346080780029297,1.361328125
fold0_seed43,cova3d_c50_coh_fold0_seed43,C50_COH,0,43,3037986844,7867253cd03cdbae0ae68868c43e5b28e3558428f7a4b939da65fcfb42973194,aa8a8fda9b0b9f826033bf5511d1a9a49841e086699f3325b6b3d60c374b0dc4,36,37,120,2220,0.040969065983102064,0.00986239777226535,0.031106668710708617,8381,4500,0,65,33,22,0,0,1024.0,1024.0,1024.0,2.0015635524779403,30.716157913208008,7.465773747813819e-06,25.583164068000087,1.3346080780029297,1.361328125
fold0_seed43,cova3d_c50_coh_fold0_seed43,C50_COH,0,43,3037986844,7867253cd03cdbae0ae68868c43e5b28e3558428f7a4b939da65fcfb42973194,aa8a8fda9b0b9f826033bf5511d1a9a49841e086699f3325b6b3d60c374b0dc4,37,38,120,2280,0.06861369232587468,0.02220333002609161,0.04641036242246628,8455,4481,0,67,30,23,0,0,1024.0,1024.0,1024.0,2.9944893299834803,45.2718391418457,4.990354727730315e-06,25.542452816999912,1.3346080780029297,1.361328125
fold0_seed43,cova3d_c50_coh_fold0_seed43,C50_COH,0,43,3037986844,7867253cd03cdbae0ae68868c43e5b28e3558428f7a4b939da65fcfb42973194,aa8a8fda9b0b9f826033bf5511d1a9a49841e086699f3325b6b3d60c374b0dc4,38,39,120,2340,0.08207024109972938,0.018051561294030124,0.06401867965857187,8280,4407,2,55,31,34,0,0,1024.0,1024.0,1024.0,4.122160300166433,82.166748046875,3.498425138561358e-06,25.869663347999904,1.3346080780029297,1.361328125
fold0_seed43,cova3d_c50_coh_fold0_seed43,C50_COH,0,43,3037986844,7867253cd03cdbae0ae68868c43e5b28e3558428f7a4b939da65fcfb42973194,aa8a8fda9b0b9f826033bf5511d1a9a49841e086699f3325b6b3d60c374b0dc4,39,40,120,2400,0.05678205597770342,0.013131703872310763,0.04365035245815913,8779,4574,2,67,27,26,0,0,1024.0,1024.0,1024.0,2.84153927850017,38.13282012939453,3e-06,25.54388158400002,1.3346080780029297,1.361328125
fold0_seed43,cova3d_c50_dis_fold0_seed43,C50_DIS,0,43,3037986844,7867253cd03cdbae0ae68868c43e5b28e3558428f7a4b939da65fcfb42973194,aa8a8fda9b0b9f826033bf5511d1a9a49841e086699f3325b6b3d60c374b0dc4,0,1,120,60,2.2599265815069276,1.672609799603621,0.5873167862494787,7941,3851,0,66,27,27,2,2,1024.0,4096.0,1024.0,76.51512912114461,189.4879608154297,0.00017999999999999998,27.40363242100011,1.3361949920654297,1.361328125
fold0_seed43,cova3d_c50_dis_fold0_seed43,C50_DIS,0,43,3037986844,7867253cd03cdbae0ae68868c43e5b28e3558428f7a4b939da65fcfb42973194,aa8a8fda9b0b9f826033bf5511d1a9a49841e086699f3325b6b3d60c374b0dc4,1,2,120,120,1.304135564538107,0.8937258539197501,0.41040971378485364,7733,3879,2,57,29,34,0,0,1024.0,1024.0,1024.0,35.83761984507243,128.71673583984375,0.0002999445918673937,26.44291571100007,1.3361949920654297,1.361328125
fold0_seed43,cova3d_c50_dis_fold0_seed43,C50_DIS,0,43,3037986844,7867253cd03cdbae0ae68868c43e5b28e3558428f7a4b939da65fcfb42973194,aa8a8fda9b0b9f826033bf5511d1a9a49841e086699f3325b6b3d60c374b0dc4,2,3,120,180,0.9910764510549295,0.6385480877710507,0.35252837389707564,8090,4294,2,64,28,28,0,0,1024.0,1024.0,1024.0,19.207767554124196,125.3318099975586,0.0002991142965839822,26.37468032400011,1.3361949920654297,1.361328125
fold0_seed43,cova3d_c50_dis_fold0_seed43,C50_DIS,0,43,3037986844,7867253cd03cdbae0ae68868c43e5b28e3558428f7a4b939da65fcfb42973194,aa8a8fda9b0b9f826033bf5511d1a9a49841e086699f3325b6b3d60c374b0dc4,3,4,120,240,0.88049328851824,0.5434557659551501,0.3370375211040179,8309,4386,0,61,29,30,0,0,1024.0,1024.0,1024.0,12.16593389113744,31.938140869140625,0.0002972930965702204,26.228089210999997,1.3361949920654297,1.361328125
fold0_seed43,cova3d_c50_dis_fold0_seed43,C50_DIS,0,43,3037986844,7867253cd03cdbae0ae68868c43e5b28e3558428f7a4b939da65fcfb42973194,aa8a8fda9b0b9f826033bf5511d1a9a49841e086699f3325b6b3d60c374b0dc4,4,5,120,300,0.7343732065686103,0.4511335081704601,0.28323969691991807,7686,3842,3,54,29,37,0,0,1024.0,1024.0,1024.0,10.000849024454753,62.06173324584961,0.0002944932171711482,26.154956318999893,1.3361949920654297,1.361328125
fold0_seed43,cova3d_c50_dis_fold0_seed43,C50_DIS,0,43,3037986844,7867253cd03cdbae0ae68868c43e5b28e3558428f7a4b939da65fcfb42973194,aa8a8fda9b0b9f826033bf5511d1a9a49841e086699f3325b6b3d60c374b0dc4,5,6,120,360,0.7939666133606806,0.45965919353766366,0.33430742273728054,8022,4168,5,62,24,34,0,0,1024.0,1024.0,1024.0,10.054434581597645,36.23744201660156,0.000290733453407337,26.236507706999873,1.3361949920654297,1.361328125
fold0_seed43,cova3d_c50_dis_fold0_seed43,C50_DIS,0,43,3037986844,7867253cd03cdbae0ae68868c43e5b28e3558428f7a4b939da65fcfb42973194,aa8a8fda9b0b9f826033bf5511d1a9a49841e086699f3325b6b3d60c374b0dc4,6,7,120,420,0.6541122645139694,0.383999519716599,0.27011274347702663,7784,3939,2,62,27,31,0,0,1024.0,1024.0,1024.0,8.519605565071107,37.80675506591797,0.0002860390438077423,26.314308503999882,1.3361949920654297,1.361328125
fold0_seed43,cova3d_c50_dis_fold0_seed43,C50_DIS,0,43,3037986844,7867253cd03cdbae0ae68868c43e5b28e3558428f7a4b939da65fcfb42973194,aa8a8fda9b0b9f826033bf5511d1a9a49841e086699f3325b6b3d60c374b0dc4,7,8,120,480,0.5401191486045718,0.3143721077387454,0.2257470443844795,8447,4664,2,56,26,38,0,0,1024.0,1024.0,1024.0,8.089864528179168,22.813875198364258,0.00028044150098859483,26.3582896920002,1.3361949920654297,1.361328125
fold0_seed43,cova3d_c50_dis_fold0_seed43,C50_DIS,0,43,3037986844,7867253cd03cdbae0ae68868c43e5b28e3558428f7a4b939da65fcfb42973194,aa8a8fda9b0b9f826033bf5511d1a9a49841e086699f3325b6b3d60c374b0dc4,8,9,120,540,0.5406425676851844,0.3144694260292454,0.22617313911517462,8247,4131,0,61,30,29,0,0,1024.0,1024.0,1024.0,7.530462098121643,27.36697769165039,0.0002739784001156218,26.162148132999846,1.3361949920654297,1.361328125
fold0_seed43,cova3d_c50_dis_fold0_seed43,C50_DIS,0,43,3037986844,7867253cd03cdbae0ae68868c43e5b28e3558428f7a4b939da65fcfb42973194,aa8a8fda9b0b9f826033bf5511d1a9a49841e086699f3325b6b3d60c374b0dc4,9,10,120,600,0.5681381080551849,0.3001874640477278,0.26795064508914945,8233,4286,0,62,29,29,0,0,1024.0,1024.0,1024.0,7.986856139699618,26.65365982055664,0.0002666931266696063,26.218734164000125,1.3361949920654297,1.361328125
fold0_seed43,cova3d_c50_dis_fold0_seed43,C50_DIS,0,43,3037986844,7867253cd03cdbae0ae68868c43e5b28e3558428f7a4b939da65fcfb42973194,aa8a8fda9b0b9f826033bf5511d1a9a49841e086699f3325b6b3d60c374b0dc4,10,11,120,660,0.44740372268667367,0.2430889531543168,0.2043147678176562,8105,4038,1,57,30,33,0,0,1024.0,1024.0,1024.0,6.566879347960154,29.202465057373047,0.0002586345852084849,26.086920183000075,1.3361949920654297,1.361328125
fold0_seed43,cova3d_c50_dis_fold0_seed43,C50_DIS,0,43,3037986844,7867253cd03cdbae0ae68868c43e5b28e3558428f7a4b939da65fcfb42973194,aa8a8fda9b0b9f826033bf5511d1a9a49841e086699f3325b6b3d60c374b0dc4,11,12,120,720,0.4994144510885235,0.24414583951099,0.2552686110138893,7949,4045,0,47,31,42,0,0,1024.0,1024.0,1024.0,7.483510519067447,40.935611724853516,0.0002498568710810032,26.151613564999934,1.3361949920654297,1.361328125
fold0_seed43,cova3d_c50_dis_fold0_seed43,C50_DIS,0,43,3037986844,7867253cd03cdbae0ae68868c43e5b28e3558428f7a4b939da65fcfb42973194,aa8a8fda9b0b9f826033bf5511d1a9a49841e086699f3325b6b3d60c374b0dc4,12,13,120,780,0.41909654656871376,0.22062582215536775,0.19847072511911393,7921,3953,4,58,29,33,0,0,1024.0,1024.0,1024.0,6.813175558050474,28.214927673339844,0.0002404189072956492,26.072437556000295,1.3361949920654297,1.361328125
fold0_seed43,cova3d_c50_dis_fold0_seed43,C50_DIS,0,43,3037986844,7867253cd03cdbae0ae68868c43e5b28e3558428f7a4b939da65fcfb42973194,aa8a8fda9b0b9f826033bf5511d1a9a49841e086699f3325b6b3d60c374b0dc4,13,14,120,840,0.45292947681246004,0.21223741078156308,0.2406920686364174,8002,4003,2,52,27,41,0,0,1024.0,1024.0,1024.0,8.044239670038223,47.31798553466797,0.00023038404898248976,26.074985171999742,1.3361949920654297,1.361328125
fold0_seed43,cova3d_c50_dis_fold0_seed43,C50_DIS,0,43,3037986844,7867253cd03cdbae0ae68868c43e5b28e3558428f7a4b939da65fcfb42973194,aa8a8fda9b0b9f826033bf5511d1a9a49841e086699f3325b6b3d60c374b0dc4,14,15,120,900,0.32933430716960477,0.16987059382724207,0.15946371257305145,8055,4028,2,59,36,25,0,0,1024.0,1024.0,1024.0,7.680049387179315,51.246280670166016,0.00021981965810307605,26.067698286999985,1.3361949920654297,1.361328125
fold0_seed43,cova3d_c50_dis_fold0_seed43,C50_DIS,0,43,3037986844,7867253cd03cdbae0ae68868c43e5b28e3558428f7a4b939da65fcfb42973194,aa8a8fda9b0b9f826033bf5511d1a9a49841e086699f3325b6b3d60c374b0dc4,15,16,120,960,0.32210991471165473,0.16958102319290447,0.1525288924574852,8328,4390,1,60,33,27,0,0,1024.0,1024.0,1024.0,7.526806145037214,27.72381591796875,0.00020879665126330557,26.068787717000305,1.3361949920654297,1.361328125
fold0_seed43,cova3d_c50_dis_fold0_seed43,C50_DIS,0,43,3037986844,7867253cd03cdbae0ae68868c43e5b28e3558428f7a4b939da65fcfb42973194,aa8a8fda9b0b9f826033bf5511d1a9a49841e086699f3325b6b3d60c374b0dc4,16,17,120,1020,0.28314855757991303,0.1163242559203809,0.16682430158058803,7710,3873,3,66,26,28,0,0,1024.0,1024.0,1024.0,6.362545212109883,40.7211799621582,0.00019738902366467966,25.998253900000236,1.3361949920654297,1.361328125
fold0_seed43,cova3d_c50_dis_fold0_seed43,C50_DIS,0,43,3037986844,7867253cd03cdbae0ae68868c43e5b28e3558428f7a4b939da65fcfb42973194,aa8a8fda9b0b9f826033bf5511d1a9a49841e086699f3325b6b3d60c374b0dc4,17,18,120,1080,0.3022922670049108,0.13753280901110163,0.16475945810476939,7944,4028,0,62,31,27,0,0,1024.0,1024.0,1024.0,6.994511342172822,29.500186920166016,0.00018567335238957547,26.10776374399984,1.3361949920654297,1.361328125
fold0_seed43,cova3d_c50_dis_fold0_seed43,C50_DIS,0,43,3037986844,7867253cd03cdbae0ae68868c43e5b28e3558428f7a4b939da65fcfb42973194,aa8a8fda9b0b9f826033bf5511d1a9a49841e086699f3325b6b3d60c374b0dc4,18,19,120,1140,0.2720639838127075,0.11408527647296675,0.1579787070552508,8174,4101,4,62,26,32,0,0,1024.0,1024.0,1024.0,5.968013373017311,21.790603637695312,0.0001737282823548769,26.049206701999992,1.3361949920654297,1.361328125
fold0_seed43,cova3d_c50_dis_fold0_seed43,C50_DIS,0,43,3037986844,7867253cd03cdbae0ae68868c43e5b28e3558428f7a4b939da65fcfb42973194,aa8a8fda9b0b9f826033bf5511d1a9a49841e086699f3325b6b3d60c374b0dc4,19,20,120,1200,0.20455647384915968,0.09574369260142059,0.10881278018156687,8162,4160,0,66,30,24,0,0,1024.0,1024.0,1024.0,5.084901713331541,42.97978973388672,0.00016163399838465363,26.065390769999794,1.3361949920654297,1.361328125
fold0_seed43,cova3d_c50_dis_fold0_seed43,C50_DIS,0,43,3037986844,7867253cd03cdbae0ae68868c43e5b28e3558428f7a4b939da65fcfb42973194,aa8a8fda9b0b9f826033bf5511d1a9a49841e086699f3325b6b3d60c374b0dc4,20,21,120,1260,0.1917148230870301,0.08853073923931068,0.1031840831041336,8259,4289,0,69,23,28,0,0,1024.0,1024.0,1024.0,5.533486951887608,34.51374435424805,0.00014947168694575625,26.064412191999963,1.3361949920654297,1.361328125
fold0_seed43,cova3d_c50_dis_fold0_seed43,C50_DIS,0,43,3037986844,7867253cd03cdbae0ae68868c43e5b28e3558428f7a4b939da65fcfb42973194,aa8a8fda9b0b9f826033bf5511d1a9a49841e086699f3325b6b3d60c374b0dc4,21,22,120,1320,0.1763373985149002,0.0672101209672301,0.10912727812925975,8339,4192,0,63,37,20,0,0,1024.0,1024.0,1024.0,4.736372910564144,29.184207916259766,0.0001373229911595876,25.881102311000177,1.3361949920654297,1.361328125
fold0_seed43,cova3d_c50_dis_fold0_seed43,C50_DIS,0,43,3037986844,7867253cd03cdbae0ae68868c43e5b28e3558428f7a4b939da65fcfb42973194,aa8a8fda9b0b9f826033bf5511d1a9a49841e086699f3325b6b3d60c374b0dc4,22,23,120,1380,0.25731111781574184,0.07087599126223906,0.18643512775500615,8245,4265,1,52,43,25,0,0,1024.0,1024.0,1024.0,4.206598217350014,24.477275848388672,0.00012526946274844474,25.903865620000033,1.3361949920654297,1.361328125
fold0_seed43,cova3d_c50_dis_fold0_seed43,C50_DIS,0,43,3037986844,7867253cd03cdbae0ae68868c43e5b28e3558428f7a4b939da65fcfb42973194,aa8a8fda9b0b9f826033bf5511d1a9a49841e086699f3325b6b3d60c374b0dc4,23,24,120,1440,0.23409877617218297,0.07721733342100807,0.15688144365946452,8107,4039,2,63,28,29,0,0,1024.0,1024.0,1024.0,4.314927597095569,17.84701919555664,0.00011339201459540494,25.957761305000076,1.3361949920654297,1.361328125
fold0_seed43,cova3d_c50_dis_fold0_seed43,C50_DIS,0,43,3037986844,7867253cd03cdbae0ae68868c43e5b28e3558428f7a4b939da65fcfb42973194,aa8a8fda9b0b9f826033bf5511d1a9a49841e086699f3325b6b3d60c374b0dc4,24,25,120,1500,0.15154103936427887,0.059402684992403226,0.09213835448026657,8443,4421,3,63,33,24,0,0,1024.0,1024.0,1024.0,4.5455721489774685,33.51551818847656,0.00010177037759260854,25.988692267999795,1.3361949920654297,1.361328125
fold0_seed43,cova3d_c50_dis_fold0_seed43,C50_DIS,0,43,3037986844,7867253cd03cdbae0ae68868c43e5b28e3558428f7a4b939da65fcfb42973194,aa8a8fda9b0b9f826033bf5511d1a9a49841e086699f3325b6b3d60c374b0dc4,25,26,120,1560,0.16054130756115773,0.06130808773240304,0.09923322002092998,8014,4220,2,60,34,26,0,0,1024.0,1024.0,1024.0,4.1932030074298385,22.362411499023438,9.048256542400759e-05,25.969166437999775,1.3361949920654297,1.361328125
fold0_seed43,cova3d_c50_dis_fold0_seed43,C50_DIS,0,43,3037986844,7867253cd03cdbae0ae68868c43e5b28e3558428f7a4b939da65fcfb42973194,aa8a8fda9b0b9f826033bf5511d1a9a49841e086699f3325b6b3d60c374b0dc4,26,27,120,1620,0.17581087103422607,0.07695122526524353,0.09885964592297872,8639,4382,0,58,29,33,0,0,1024.0,1024.0,1024.0,6.334552112873643,35.40243911743164,7.960435087538242e-05,25.954056950999984,1.3361949920654297,1.361328125
fold0_seed43,cova3d_c50_dis_fold0_seed43,C50_DIS,0,43,3037986844,7867253cd03cdbae0ae68868c43e5b28e3558428f7a4b939da65fcfb42973194,aa8a8fda9b0b9f826033bf5511d1a9a49841e086699f3325b6b3d60c374b0dc4,27,28,120,1680,0.12427560656133624,0.053577284209469646,0.07069832185904185,8306,4283,1,58,30,32,0,0,1024.0,1024.0,1024.0,4.275220772561927,27.315608978271484,6.920875718705205e-05,25.9641395120002,1.3361949920654297,1.361328125
fold0_seed43,cova3d_c50_dis_fold0_seed43,C50_DIS,0,43,3037986844,7867253cd03cdbae0ae68868c43e5b28e3558428f7a4b939da65fcfb42973194,aa8a8fda9b0b9f826033bf5511d1a9a49841e086699f3325b6b3d60c374b0dc4,28,29,120,1740,0.16721518084485573,0.04502806129053294,0.12218711872895559,8323,4263,1,58,40,22,0,0,1024.0,1024.0,1024.0,3.5636344859575426,22.029067993164062,5.936556786372413e-05,25.965371043000232,1.3361949920654297,1.361328125
fold0_seed43,cova3d_c50_dis_fold0_seed43,C50_DIS,0,43,3037986844,7867253cd03cdbae0ae68868c43e5b28e3558428f7a4b939da65fcfb42973194,aa8a8fda9b0b9f826033bf5511d1a9a49841e086699f3325b6b3d60c374b0dc4,29,30,120,1800,0.1617465535227047,0.0481176449473186,0.11362890849510829,8168,4133,1,66,27,27,0,0,1024.0,1024.0,1024.0,3.8299990493804215,39.44395065307617,5.014085823202989e-05,25.920621055000083,1.3361949920654297,1.361328125
fold0_seed43,cova3d_c50_dis_fold0_seed43,C50_DIS,0,43,3037986844,7867253cd03cdbae0ae68868c43e5b28e3558428f7a4b939da65fcfb42973194,aa8a8fda9b0b9f826033bf5511d1a9a49841e086699f3325b6b3d60c374b0dc4,30,31,120,1860,0.14495903246875824,0.03911026819835843,0.10584876537322999,8359,4396,1,63,29,28,0,0,1024.0,1024.0,1024.0,6.486242150763671,54.107093811035156,4.159655189030408e-05,25.94865840700004,1.3361949920654297,1.361328125
fold0_seed43,cova3d_c50_dis_fold0_seed43,C50_DIS,0,43,3037986844,7867253cd03cdbae0ae68868c43e5b28e3558428f7a4b939da65fcfb42973194,aa8a8fda9b0b9f826033bf5511d1a9a49841e086699f3325b6b3d60c374b0dc4,31,32,120,1920,0.16866263852421726,0.04988204669159376,0.11878059208393096,7788,3856,1,66,28,26,0,0,1024.0,1024.0,1024.0,4.76421456708728,38.95586395263672,3.379000502807257e-05,25.78795361499988,1.3361949920654297,1.361328125
fold0_seed43,cova3d_c50_dis_fold0_seed43,C50_DIS,0,43,3037986844,7867253cd03cdbae0ae68868c43e5b28e3558428f7a4b939da65fcfb42973194,aa8a8fda9b0b9f826033bf5511d1a9a49841e086699f3325b6b3d60c374b0dc4,32,33,120,1980,0.12106708469953557,0.04468301975366365,0.07638406554857889,7955,4216,2,57,31,32,0,0,1024.0,1024.0,1024.0,5.04114200634261,40.69640350341797,2.6773621405624713e-05,25.982263061999674,1.3361949920654297,1.361328125
fold0_seed43,cova3d_c50_dis_fold0_seed43,C50_DIS,0,43,3037986844,7867253cd03cdbae0ae68868c43e5b28e3558428f7a4b939da65fcfb42973194,aa8a8fda9b0b9f826033bf5511d1a9a49841e086699f3325b6b3d60c374b0dc4,33,34,120,2040,0.15869933103459175,0.03721972485610839,0.12147960563500722,8176,4232,1,63,32,25,0,0,1024.0,1024.0,1024.0,3.6152473011286927,40.277740478515625,2.059450057823627e-05,25.856505135000134,1.3361949920654297,1.361328125
fold0_seed43,cova3d_c50_dis_fold0_seed43,C50_DIS,0,43,3037986844,7867253cd03cdbae0ae68868c43e5b28e3558428f7a4b939da65fcfb42973194,aa8a8fda9b0b9f826033bf5511d1a9a49841e086699f3325b6b3d60c374b0dc4,34,35,120,2100,0.12824749936255814,0.03478120063906329,0.0934662992755572,8869,4707,2,70,28,22,0,0,1024.0,1024.0,1024.0,3.5650141180803376,37.240108489990234,1.5294121726440254e-05,25.91675879100012,1.3361949920654297,1.361328125
fold0_seed43,cova3d_c50_dis_fold0_seed43,C50_DIS,0,43,3037986844,7867253cd03cdbae0ae68868c43e5b28e3558428f7a4b939da65fcfb42973194,aa8a8fda9b0b9f826033bf5511d1a9a49841e086699f3325b6b3d60c374b0dc4,35,36,120,2160,0.15220828419455804,0.03565283802196208,0.11655544638633727,8238,4247,4,50,33,37,0,0,1024.0,1024.0,1024.0,5.0487313345695535,42.660465240478516,1.0908065214729997e-05,25.94320692400015,1.3361949920654297,1.361328125
fold0_seed43,cova3d_c50_dis_fold0_seed43,C50_DIS,0,43,3037986844,7867253cd03cdbae0ae68868c43e5b28e3558428f7a4b939da65fcfb42973194,aa8a8fda9b0b9f826033bf5511d1a9a49841e086699f3325b6b3d60c374b0dc4,36,37,120,2220,0.11189401963894648,0.029158996705322737,0.08273502290248871,8286,4347,0,65,33,22,0,0,1024.0,1024.0,1024.0,3.0412181888706984,27.418994903564453,7.465773747813819e-06,25.905258907999723,1.3361949920654297,1.361328125
fold0_seed43,cova3d_c50_dis_fold0_seed43,C50_DIS,0,43,3037986844,7867253cd03cdbae0ae68868c43e5b28e3558428f7a4b939da65fcfb42973194,aa8a8fda9b0b9f826033bf5511d1a9a49841e086699f3325b6b3d60c374b0dc4,37,38,120,2280,0.08836847326964327,0.02881884995620657,0.05954962323109309,8323,4313,0,67,30,23,0,0,1024.0,1024.0,1024.0,2.841230459883809,46.84659194946289,4.990354727730315e-06,25.84364374300003,1.3361949920654297,1.361328125
fold0_seed43,cova3d_c50_dis_fold0_seed43,C50_DIS,0,43,3037986844,7867253cd03cdbae0ae68868c43e5b28e3558428f7a4b939da65fcfb42973194,aa8a8fda9b0b9f826033bf5511d1a9a49841e086699f3325b6b3d60c374b0dc4,38,39,120,2340,0.14241263744548485,0.036080752689902844,0.1063318853576978,8263,4365,2,55,31,34,0,0,1024.0,1024.0,1024.0,4.435789553836609,51.97151184082031,3.498425138561358e-06,25.824475062000147,1.3361949920654297,1.361328125
fold0_seed43,cova3d_c50_dis_fold0_seed43,C50_DIS,0,43,3037986844,7867253cd03cdbae0ae68868c43e5b28e3558428f7a4b939da65fcfb42973194,aa8a8fda9b0b9f826033bf5511d1a9a49841e086699f3325b6b3d60c374b0dc4,39,40,120,2400,0.12170108645594277,0.043057843882262,0.07864324152469634,8541,4369,1,67,27,26,0,0,1024.0,1024.0,1024.0,4.2767740125457445,53.34367370605469,3e-06,25.85755195999991,1.3361949920654297,1.361328125
fold0_seed43,cova3d_c50_frg_fold0_seed43,C50_FRG,0,43,3037986844,7867253cd03cdbae0ae68868c43e5b28e3558428f7a4b939da65fcfb42973194,aa8a8fda9b0b9f826033bf5511d1a9a49841e086699f3325b6b3d60c374b0dc4,0,1,120,60,2.097079929286459,1.551416267916405,0.545663661758105,7960,3900,0,66,27,27,1,1,2048.0,4096.0,2048.0,71.39950202306112,158.61434936523438,0.00017999999999999998,26.881336309999824,1.3300151824951172,1.373046875
fold0_seed43,cova3d_c50_frg_fold0_seed43,C50_FRG,0,43,3037986844,7867253cd03cdbae0ae68868c43e5b28e3558428f7a4b939da65fcfb42973194,aa8a8fda9b0b9f826033bf5511d1a9a49841e086699f3325b6b3d60c374b0dc4,1,2,120,120,1.235929470337093,0.8464407334087203,0.38948873430490494,7627,3806,2,57,29,34,0,0,2048.0,2048.0,2048.0,36.16713853677114,179.85220336914062,0.0002999445918673937,26.335119587999998,1.3300151824951172,1.373046875
fold0_seed43,cova3d_c50_frg_fold0_seed43,C50_FRG,0,43,3037986844,7867253cd03cdbae0ae68868c43e5b28e3558428f7a4b939da65fcfb42973194,aa8a8fda9b0b9f826033bf5511d1a9a49841e086699f3325b6b3d60c374b0dc4,2,3,120,180,0.9288510960468557,0.5813514059196071,0.34749968846638996,8016,4265,2,64,28,28,0,0,2048.0,2048.0,2048.0,18.85053752263387,63.316349029541016,0.0002991142965839822,26.262525704999916,1.3300151824951172,1.373046875
fold0_seed43,cova3d_c50_frg_fold0_seed43,C50_FRG,0,43,3037986844,7867253cd03cdbae0ae68868c43e5b28e3558428f7a4b939da65fcfb42973194,aa8a8fda9b0b9f826033bf5511d1a9a49841e086699f3325b6b3d60c374b0dc4,3,4,120,240,0.7937867043695103,0.48975924045662395,0.3040274644891421,8312,4363,1,61,29,30,0,0,2048.0,2048.0,2048.0,12.637495017051696,63.44709396362305,0.0002972930965702204,26.310954306999975,1.3300151824951172,1.373046875
fold0_seed43,cova3d_c50_frg_fold0_seed43,C50_FRG,0,43,3037986844,7867253cd03cdbae0ae68868c43e5b28e3558428f7a4b939da65fcfb42973194,aa8a8fda9b0b9f826033bf5511d1a9a49841e086699f3325b6b3d60c374b0dc4,4,5,120,300,0.6803725516132545,0.4014657780469861,0.27890677402416864,7762,3901,2,54,29,37,0,0,2048.0,2048.0,2048.0,10.58705946803093,42.89107894897461,0.0002944932171711482,26.232832415999837,1.3300151824951172,1.373046875
fold0_seed43,cova3d_c50_frg_fold0_seed43,C50_FRG,0,43,3037986844,7867253cd03cdbae0ae68868c43e5b28e3558428f7a4b939da65fcfb42973194,aa8a8fda9b0b9f826033bf5511d1a9a49841e086699f3325b6b3d60c374b0dc4,5,6,120,360,0.7382278097618837,0.42582806887609576,0.3123997400204341,7989,4162,5,62,24,34,0,0,2048.0,2048.0,2048.0,11.572176742553712,61.457496643066406,0.000290733453407337,26.263479552999797,1.3300151824951172,1.373046875
fold0_seed43,cova3d_c50_frg_fold0_seed43,C50_FRG,0,43,3037986844,7867253cd03cdbae0ae68868c43e5b28e3558428f7a4b939da65fcfb42973194,aa8a8fda9b0b9f826033bf5511d1a9a49841e086699f3325b6b3d60c374b0dc4,6,7,120,420,0.5833697399386437,0.3289839726377977,0.254385773340861,7934,4037,2,62,27,31,0,0,2048.0,2048.0,2048.0,8.520547010501225,39.9714241027832,0.0002860390438077423,26.266087581999727,1.3300151824951172,1.373046875
fold0_seed43,cova3d_c50_frg_fold0_seed43,C50_FRG,0,43,3037986844,7867253cd03cdbae0ae68868c43e5b28e3558428f7a4b939da65fcfb42973194,aa8a8fda9b0b9f826033bf5511d1a9a49841e086699f3325b6b3d60c374b0dc4,7,8,120,480,0.4999740714765115,0.2840339057511301,0.21594016353289286,8476,4672,3,56,26,38,0,0,2048.0,2048.0,2048.0,8.202416244645914,35.68334197998047,0.00028044150098859483,26.216151437999997,1.3300151824951172,1.373046875
fold0_seed43,cova3d_c50_frg_fold0_seed43,C50_FRG,0,43,3037986844,7867253cd03cdbae0ae68868c43e5b28e3558428f7a4b939da65fcfb42973194,aa8a8fda9b0b9f826033bf5511d1a9a49841e086699f3325b6b3d60c374b0dc4,8,9,120,540,0.46457652680880224,0.2672432478536242,0.19733328074216844,8288,4209,0,61,30,29,0,0,2048.0,2048.0,2048.0,7.741939318180084,36.14150619506836,0.0002739784001156218,26.208530097999756,1.3300151824951172,1.373046875
fold0_seed43,cova3d_c50_frg_fold0_seed43,C50_FRG,0,43,3037986844,7867253cd03cdbae0ae68868c43e5b28e3558428f7a4b939da65fcfb42973194,aa8a8fda9b0b9f826033bf5511d1a9a49841e086699f3325b6b3d60c374b0dc4,9,10,120,600,0.5665676848497242,0.28260549550662595,0.2839621881643931,8142,4212,0,62,29,29,0,0,2048.0,2048.0,2048.0,8.147511545817057,47.48521423339844,0.0002666931266696063,26.176413741000033,1.3300151824951172,1.373046875
fold0_seed43,cova3d_c50_frg_fold0_seed43,C50_FRG,0,43,3037986844,7867253cd03cdbae0ae68868c43e5b28e3558428f7a4b939da65fcfb42973194,aa8a8fda9b0b9f826033bf5511d1a9a49841e086699f3325b6b3d60c374b0dc4,10,11,120,660,0.3979267654756162,0.2103101634430156,0.18761660009622574,8118,4102,1,57,30,33,0,0,2048.0,2048.0,2048.0,6.940559842934211,35.56174087524414,0.0002586345852084849,26.191972267999972,1.3300151824951172,1.373046875
fold0_seed43,cova3d_c50_frg_fold0_seed43,C50_FRG,0,43,3037986844,7867253cd03cdbae0ae68868c43e5b28e3558428f7a4b939da65fcfb42973194,aa8a8fda9b0b9f826033bf5511d1a9a49841e086699f3325b6b3d60c374b0dc4,11,12,120,720,0.4439841959026429,0.1975251656560431,0.24645903160174687,7878,3976,0,47,31,42,0,0,2048.0,2048.0,2048.0,6.662553719182809,44.57430648803711,0.0002498568710810032,26.165259298000365,1.3300151824951172,1.373046875
fold0_seed43,cova3d_c50_frg_fold0_seed43,C50_FRG,0,43,3037986844,7867253cd03cdbae0ae68868c43e5b28e3558428f7a4b939da65fcfb42973194,aa8a8fda9b0b9f826033bf5511d1a9a49841e086699f3325b6b3d60c374b0dc4,12,13,120,780,0.3409450091613204,0.15552178422925256,0.18542322566111882,7914,3945,5,58,29,33,0,0,2048.0,2048.0,2048.0,5.594132496913274,34.364898681640625,0.0002404189072956492,26.05925900400007,1.3300151824951172,1.373046875
fold0_seed43,cova3d_c50_frg_fold0_seed43,C50_FRG,0,43,3037986844,7867253cd03cdbae0ae68868c43e5b28e3558428f7a4b939da65fcfb42973194,aa8a8fda9b0b9f826033bf5511d1a9a49841e086699f3325b6b3d60c374b0dc4,13,14,120,840,0.42106433001451177,0.20590596865889285,0.2151583616932233,8102,4132,2,52,27,41,0,0,2048.0,2048.0,2048.0,8.028663525668284,86.31803894042969,0.00023038404898248976,26.120896596999955,1.3300151824951172,1.373046875
fold0_seed43,cova3d_c50_frg_fold0_seed43,C50_FRG,0,43,3037986844,7867253cd03cdbae0ae68868c43e5b28e3558428f7a4b939da65fcfb42973194,aa8a8fda9b0b9f826033bf5511d1a9a49841e086699f3325b6b3d60c374b0dc4,14,15,120,900,0.30479503065192454,0.15170897894458904,0.15308605134487152,8045,4042,2,59,36,25,0,0,2048.0,2048.0,2048.0,6.056455816794187,25.670114517211914,0.00021981965810307605,26.13793920299986,1.3300151824951172,1.373046875
fold0_seed43,cova3d_c50_frg_fold0_seed43,C50_FRG,0,43,3037986844,7867253cd03cdbae0ae68868c43e5b28e3558428f7a4b939da65fcfb42973194,aa8a8fda9b0b9f826033bf5511d1a9a49841e086699f3325b6b3d60c374b0dc4,15,16,120,960,0.28608772462903287,0.1315779279993876,0.1545097957054774,8193,4281,1,60,33,27,0,0,2048.0,2048.0,2048.0,5.097783504550656,17.215023040771484,0.00020879665126330557,26.1530008499999,1.3300151824951172,1.373046875
fold0_seed43,cova3d_c50_frg_fold0_seed43,C50_FRG,0,43,3037986844,7867253cd03cdbae0ae68868c43e5b28e3558428f7a4b939da65fcfb42973194,aa8a8fda9b0b9f826033bf5511d1a9a49841e086699f3325b6b3d60c374b0dc4,16,17,120,1020,0.2839513830043264,0.10040381168698029,0.183547572294871,7806,3942,3,66,26,28,0,0,2048.0,2048.0,2048.0,4.88559627023836,11.993200302124023,0.00019738902366467966,26.1717090799998,1.3300151824951172,1.373046875
fold0_seed43,cova3d_c50_frg_fold0_seed43,C50_FRG,0,43,3037986844,7867253cd03cdbae0ae68868c43e5b28e3558428f7a4b939da65fcfb42973194,aa8a8fda9b0b9f826033bf5511d1a9a49841e086699f3325b6b3d60c374b0dc4,17,18,120,1080,0.2462696712496798,0.09676003362331281,0.1495096375544866,7835,3953,0,62,31,27,0,0,2048.0,2048.0,2048.0,5.8858484820773205,31.847694396972656,0.00018567335238957547,26.154745421999905,1.3300151824951172,1.373046875
fold0_seed43,cova3d_c50_frg_fold0_seed43,C50_FRG,0,43,3037986844,7867253cd03cdbae0ae68868c43e5b28e3558428f7a4b939da65fcfb42973194,aa8a8fda9b0b9f826033bf5511d1a9a49841e086699f3325b6b3d60c374b0dc4,18,19,120,1140,0.2474626941845713,0.08391639378140023,0.16354629943768184,8010,3994,4,62,26,32,0,0,2048.0,2048.0,2048.0,5.774978348861138,43.40262222290039,0.0001737282823548769,26.031315774000177,1.3300151824951172,1.373046875
fold0_seed43,cova3d_c50_frg_fold0_seed43,C50_FRG,0,43,3037986844,7867253cd03cdbae0ae68868c43e5b28e3558428f7a4b939da65fcfb42973194,aa8a8fda9b0b9f826033bf5511d1a9a49841e086699f3325b6b3d60c374b0dc4,19,20,120,1200,0.18400876547222347,0.07453649680914794,0.10947226782639821,8263,4269,0,66,30,24,0,0,2048.0,2048.0,2048.0,4.134563200967387,18.42279815673828,0.00016163399838465363,25.99927166999987,1.3300151824951172,1.373046875
fold0_seed43,cova3d_c50_frg_fold0_seed43,C50_FRG,0,43,3037986844,7867253cd03cdbae0ae68868c43e5b28e3558428f7a4b939da65fcfb42973194,aa8a8fda9b0b9f826033bf5511d1a9a49841e086699f3325b6b3d60c374b0dc4,20,21,120,1260,0.18383226871914454,0.07371670779898144,0.11011555989583334,8256,4211,0,69,23,28,0,0,2048.0,2048.0,2048.0,5.322845760298272,42.517791748046875,0.00014947168694575625,26.141101438000078,1.3300151824951172,1.373046875
fold0_seed43,cova3d_c50_frg_fold0_seed43,C50_FRG,0,43,3037986844,7867253cd03cdbae0ae68868c43e5b28e3558428f7a4b939da65fcfb42973194,aa8a8fda9b0b9f826033bf5511d1a9a49841e086699f3325b6b3d60c374b0dc4,21,22,120,1320,0.17417928508566358,0.05109065775022638,0.12308862656354905,8246,4130,0,63,37,20,0,0,2048.0,2048.0,2048.0,3.2922053762711583,25.89956283569336,0.0001373229911595876,25.99684972299974,1.3300151824951172,1.373046875
fold0_seed43,cova3d_c50_frg_fold0_seed43,C50_FRG,0,43,3037986844,7867253cd03cdbae0ae68868c43e5b28e3558428f7a4b939da65fcfb42973194,aa8a8fda9b0b9f826033bf5511d1a9a49841e086699f3325b6b3d60c374b0dc4,22,23,120,1380,0.24365362785890265,0.052619388464885,0.19103424102067948,7962,4012,1,52,43,25,0,0,2048.0,2048.0,2048.0,4.037004990503192,19.111745834350586,0.00012526946274844474,26.05680645600023,1.3300151824951172,1.373046875
fold0_seed43,cova3d_c50_frg_fold0_seed43,C50_FRG,0,43,3037986844,7867253cd03cdbae0ae68868c43e5b28e3558428f7a4b939da65fcfb42973194,aa8a8fda9b0b9f826033bf5511d1a9a49841e086699f3325b6b3d60c374b0dc4,23,24,120,1440,0.21702066116138877,0.06244182904748925,0.15457883179187776,8116,4046,2,63,28,29,0,0,2048.0,2048.0,2048.0,4.065495056845248,28.261993408203125,0.00011339201459540494,25.974841346000176,1.3300151824951172,1.373046875
fold0_seed43,cova3d_c50_frg_fold0_seed43,C50_FRG,0,43,3037986844,7867253cd03cdbae0ae68868c43e5b28e3558428f7a4b939da65fcfb42973194,aa8a8fda9b0b9f826033bf5511d1a9a49841e086699f3325b6b3d60c374b0dc4,24,25,120,1500,0.14115658041739432,0.04497852869888576,0.09617805282274881,8501,4452,3,63,33,24,0,0,2048.0,2048.0,2048.0,3.2634058845622347,38.27916717529297,0.00010177037759260854,25.90411208400019,1.3300151824951172,1.373046875
fold0_seed43,cova3d_c50_frg_fold0_seed43,C50_FRG,0,43,3037986844,7867253cd03cdbae0ae68868c43e5b28e3558428f7a4b939da65fcfb42973194,aa8a8fda9b0b9f826033bf5511d1a9a49841e086699f3325b6b3d60c374b0dc4,25,26,120,1560,0.1413963936721435,0.03240217655300626,0.10899421721696853,7990,4198,2,60,34,26,0,0,2048.0,2048.0,2048.0,3.025658778504779,15.994148254394531,9.048256542400759e-05,25.94544137799994,1.3300151824951172,1.373046875
fold0_seed43,cova3d_c50_frg_fold0_seed43,C50_FRG,0,43,3037986844,7867253cd03cdbae0ae68868c43e5b28e3558428f7a4b939da65fcfb42973194,aa8a8fda9b0b9f826033bf5511d1a9a49841e086699f3325b6b3d60c374b0dc4,26,27,120,1620,0.15387260687167453,0.049990768240176515,0.1038818379243215,8603,4366,0,58,29,33,0,0,2048.0,2048.0,2048.0,4.3663345636799935,27.0784854888916,7.960435087538242e-05,26.055368573000123,1.3300151824951172,1.373046875
fold0_seed43,cova3d_c50_frg_fold0_seed43,C50_FRG,0,43,3037986844,7867253cd03cdbae0ae68868c43e5b28e3558428f7a4b939da65fcfb42973194,aa8a8fda9b0b9f826033bf5511d1a9a49841e086699f3325b6b3d60c374b0dc4,27,28,120,1680,0.14161844820480596,0.038129477721007575,0.10348897029956182,8303,4342,2,58,30,32,0,0,2048.0,2048.0,2048.0,3.003826807315151,9.907151222229004,6.920875718705205e-05,25.981180610000138,1.3300151824951172,1.373046875
fold0_seed43,cova3d_c50_frg_fold0_seed43,C50_FRG,0,43,3037986844,7867253cd03cdbae0ae68868c43e5b28e3558428f7a4b939da65fcfb42973194,aa8a8fda9b0b9f826033bf5511d1a9a49841e086699f3325b6b3d60c374b0dc4,28,29,120,1740,0.15043533231905826,0.02840498110038201,0.12203035106261571,8325,4258,1,58,40,22,0,0,2048.0,2048.0,2048.0,2.914359193278506,20.939836502075195,5.936556786372413e-05,25.870084868999584,1.3300151824951172,1.373046875
fold0_seed43,cova3d_c50_frg_fold0_seed43,C50_FRG,0,43,3037986844,7867253cd03cdbae0ae68868c43e5b28e3558428f7a4b939da65fcfb42973194,aa8a8fda9b0b9f826033bf5511d1a9a49841e086699f3325b6b3d60c374b0dc4,29,30,120,1800,0.15568307402763062,0.03958749870394064,0.11609557618697484,8266,4227,1,66,27,27,0,0,2048.0,2048.0,2048.0,4.094786751037463,87.58785247802734,5.014085823202989e-05,25.9369353699999,1.3300151824951172,1.373046875
fold0_seed43,cova3d_c50_frg_fold0_seed43,C50_FRG,0,43,3037986844,7867253cd03cdbae0ae68868c43e5b28e3558428f7a4b939da65fcfb42973194,aa8a8fda9b0b9f826033bf5511d1a9a49841e086699f3325b6b3d60c374b0dc4,30,31,120,1860,0.19404195911431218,0.06979183613354649,0.12425012290477752,8472,4483,1,63,29,28,0,0,2048.0,2048.0,2048.0,7.55090208388865,142.65481567382812,4.159655189030408e-05,25.972210255999926,1.3300151824951172,1.373046875
fold0_seed43,cova3d_c50_frg_fold0_seed43,C50_FRG,0,43,3037986844,7867253cd03cdbae0ae68868c43e5b28e3558428f7a4b939da65fcfb42973194,aa8a8fda9b0b9f826033bf5511d1a9a49841e086699f3325b6b3d60c374b0dc4,31,32,120,1920,0.14703517959634146,0.038368315092590484,0.10866686354080836,7859,3905,2,66,28,26,0,0,2048.0,2048.0,2048.0,3.940494786477211,32.21841812133789,3.379000502807257e-05,25.86264750400005,1.3300151824951172,1.373046875
fold0_seed43,cova3d_c50_frg_fold0_seed43,C50_FRG,0,43,3037986844,7867253cd03cdbae0ae68868c43e5b28e3558428f7a4b939da65fcfb42973194,aa8a8fda9b0b9f826033bf5511d1a9a49841e086699f3325b6b3d60c374b0dc4,32,33,120,1980,0.12465398202609283,0.05894041617517474,0.06571356753508249,7767,4081,2,57,31,32,0,0,2048.0,2048.0,2048.0,5.515157125791302,84.32771301269531,2.6773621405624713e-05,25.860325256000124,1.3300151824951172,1.373046875
fold0_seed43,cova3d_c50_frg_fold0_seed43,C50_FRG,0,43,3037986844,7867253cd03cdbae0ae68868c43e5b28e3558428f7a4b939da65fcfb42973194,aa8a8fda9b0b9f826033bf5511d1a9a49841e086699f3325b6b3d60c374b0dc4,33,34,120,2040,0.17352295807483245,0.03696839344803446,0.13655456453561782,7904,4081,1,63,32,25,0,0,2048.0,2048.0,2048.0,5.151940136239864,74.23247528076172,2.059450057823627e-05,25.874893448999956,1.3300151824951172,1.373046875
fold0_seed43,cova3d_c50_frg_fold0_seed43,C50_FRG,0,43,3037986844,7867253cd03cdbae0ae68868c43e5b28e3558428f7a4b939da65fcfb42973194,aa8a8fda9b0b9f826033bf5511d1a9a49841e086699f3325b6b3d60c374b0dc4,34,35,120,2100,0.11719473258093584,0.03462865956861841,0.08256607353687287,8733,4642,2,70,28,22,0,0,2048.0,2048.0,2048.0,4.403352702820363,45.31926727294922,1.5294121726440254e-05,25.75310565100017,1.3300151824951172,1.373046875
fold0_seed43,cova3d_c50_frg_fold0_seed43,C50_FRG,0,43,3037986844,7867253cd03cdbae0ae68868c43e5b28e3558428f7a4b939da65fcfb42973194,aa8a8fda9b0b9f826033bf5511d1a9a49841e086699f3325b6b3d60c374b0dc4,35,36,120,2160,0.13918846598340698,0.028751745862532797,0.11043672015269597,8152,4154,4,50,33,37,0,0,2048.0,2048.0,2048.0,6.0227529463513445,48.925819396972656,1.0908065214729997e-05,25.869742151000082,1.3300151824951172,1.373046875
fold0_seed43,cova3d_c50_frg_fold0_seed43,C50_FRG,0,43,3037986844,7867253cd03cdbae0ae68868c43e5b28e3558428f7a4b939da65fcfb42973194,aa8a8fda9b0b9f826033bf5511d1a9a49841e086699f3325b6b3d60c374b0dc4,36,37,120,2220,0.09547415598664696,0.020733346589479,0.07474081019560495,8101,4243,0,65,33,22,0,0,2048.0,2048.0,2048.0,4.0319521168867745,34.20590591430664,7.465773747813819e-06,25.89723263299993,1.3300151824951172,1.373046875
fold0_seed43,cova3d_c50_frg_fold0_seed43,C50_FRG,0,43,3037986844,7867253cd03cdbae0ae68868c43e5b28e3558428f7a4b939da65fcfb42973194,aa8a8fda9b0b9f826033bf5511d1a9a49841e086699f3325b6b3d60c374b0dc4,37,38,120,2280,0.06510053009783988,0.020863074437896353,0.04423745572566986,8427,4415,0,67,30,23,0,0,2048.0,2048.0,2048.0,2.1836953441922864,36.1266975402832,4.990354727730315e-06,25.833351998000126,1.3300151824951172,1.373046875
fold0_seed43,cova3d_c50_frg_fold0_seed43,C50_FRG,0,43,3037986844,7867253cd03cdbae0ae68868c43e5b28e3558428f7a4b939da65fcfb42973194,aa8a8fda9b0b9f826033bf5511d1a9a49841e086699f3325b6b3d60c374b0dc4,38,39,120,2340,0.12412538653707042,0.022918785655029705,0.10120660116275151,8105,4263,2,55,31,34,0,0,2048.0,2048.0,2048.0,4.358122532684502,41.09827423095703,3.498425138561358e-06,25.79831711099996,1.3300151824951172,1.373046875
fold0_seed43,cova3d_c50_frg_fold0_seed43,C50_FRG,0,43,3037986844,7867253cd03cdbae0ae68868c43e5b28e3558428f7a4b939da65fcfb42973194,aa8a8fda9b0b9f826033bf5511d1a9a49841e086699f3325b6b3d60c374b0dc4,39,40,120,2400,0.11743495281537848,0.05314934611220322,0.06428560763597488,8463,4376,1,67,27,26,0,0,2048.0,2048.0,2048.0,5.952577223011758,136.76568603515625,3e-06,25.907270764999794,1.3300151824951172,1.373046875
fold0_seed43,cova3d_c100_coh_fold0_seed43,C100_COH,0,43,3037986844,7867253cd03cdbae0ae68868c43e5b28e3558428f7a4b939da65fcfb42973194,aa8a8fda9b0b9f826033bf5511d1a9a49841e086699f3325b6b3d60c374b0dc4,0,1,120,60,1.8517526039630563,1.3379872984999868,0.5137653072675069,8101,3940,0,66,27,27,2,2,1024.0,4096.0,1024.0,70.57128779093425,176.14321899414062,0.00017999999999999998,27.237966698000037,1.3335704803466797,1.37890625
fold0_seed43,cova3d_c100_coh_fold0_seed43,C100_COH,0,43,3037986844,7867253cd03cdbae0ae68868c43e5b28e3558428f7a4b939da65fcfb42973194,aa8a8fda9b0b9f826033bf5511d1a9a49841e086699f3325b6b3d60c374b0dc4,1,2,120,120,0.9295676989289556,0.6183749335005814,0.31119276682535807,7274,3564,3,57,29,34,0,0,1024.0,1024.0,1024.0,31.55079050064087,95.80084228515625,0.0002999445918673937,26.26551250600005,1.3335704803466797,1.37890625
fold0_seed43,cova3d_c100_coh_fold0_seed43,C100_COH,0,43,3037986844,7867253cd03cdbae0ae68868c43e5b28e3558428f7a4b939da65fcfb42973194,aa8a8fda9b0b9f826033bf5511d1a9a49841e086699f3325b6b3d60c374b0dc4,2,3,120,180,0.6757138075374466,0.42214787308277363,0.2535659343004227,7346,3682,3,64,28,28,0,0,1024.0,1024.0,1024.0,16.460899206002555,73.28465270996094,0.0002991142965839822,26.145295573000112,1.3335704803466797,1.37890625
fold0_seed43,cova3d_c100_coh_fold0_seed43,C100_COH,0,43,3037986844,7867253cd03cdbae0ae68868c43e5b28e3558428f7a4b939da65fcfb42973194,aa8a8fda9b0b9f826033bf5511d1a9a49841e086699f3325b6b3d60c374b0dc4,3,4,120,240,0.4857704916454395,0.2746722464468727,0.2110982432961464,8062,3992,1,61,29,30,0,0,1024.0,1024.0,1024.0,9.198413974046707,43.54490280151367,0.0002972930965702204,26.05584065899984,1.3335704803466797,1.37890625
fold0_seed43,cova3d_c100_coh_fold0_seed43,C100_COH,0,43,3037986844,7867253cd03cdbae0ae68868c43e5b28e3558428f7a4b939da65fcfb42973194,aa8a8fda9b0b9f826033bf5511d1a9a49841e086699f3325b6b3d60c374b0dc4,4,5,120,300,0.4466490131090211,0.26993435226519863,0.176714659233888,7567,3632,1,54,29,37,0,0,1024.0,1024.0,1024.0,9.472112595041592,31.98011016845703,0.0002944932171711482,26.00579449299994,1.3335704803466797,1.37890625
fold0_seed43,cova3d_c100_coh_fold0_seed43,C100_COH,0,43,3037986844,7867253cd03cdbae0ae68868c43e5b28e3558428f7a4b939da65fcfb42973194,aa8a8fda9b0b9f826033bf5511d1a9a49841e086699f3325b6b3d60c374b0dc4,5,6,120,360,0.49352042092406617,0.270164926383571,0.2233554924527804,7823,3956,5,62,24,34,0,0,1024.0,1024.0,1024.0,10.028456754982471,60.19377517700195,0.000290733453407337,26.003004678999787,1.3335704803466797,1.37890625
fold0_seed43,cova3d_c100_coh_fold0_seed43,C100_COH,0,43,3037986844,7867253cd03cdbae0ae68868c43e5b28e3558428f7a4b939da65fcfb42973194,aa8a8fda9b0b9f826033bf5511d1a9a49841e086699f3325b6b3d60c374b0dc4,6,7,120,420,0.39876194865634507,0.21826760737491688,0.18049434175093967,7817,3889,2,62,27,31,0,0,1024.0,1024.0,1024.0,8.230027377605438,38.247371673583984,0.0002860390438077423,25.993843916999595,1.3335704803466797,1.37890625
fold0_seed43,cova3d_c100_coh_fold0_seed43,C100_COH,0,43,3037986844,7867253cd03cdbae0ae68868c43e5b28e3558428f7a4b939da65fcfb42973194,aa8a8fda9b0b9f826033bf5511d1a9a49841e086699f3325b6b3d60c374b0dc4,7,8,120,480,0.30419282670996306,0.1596614284725168,0.14453140050172805,7667,3740,3,56,26,38,0,0,1024.0,1024.0,1024.0,6.3554541316766215,57.49032974243164,0.00028044150098859483,26.000395702000333,1.3335704803466797,1.37890625
fold0_seed43,cova3d_c100_coh_fold0_seed43,C100_COH,0,43,3037986844,7867253cd03cdbae0ae68868c43e5b28e3558428f7a4b939da65fcfb42973194,aa8a8fda9b0b9f826033bf5511d1a9a49841e086699f3325b6b3d60c374b0dc4,8,9,120,540,0.32676437758552007,0.19439899229694976,0.13236538618803023,7859,3769,0,61,30,29,0,0,1024.0,1024.0,1024.0,7.479554768403371,63.438472747802734,0.0002739784001156218,26.178266994000296,1.3335704803466797,1.37890625
fold0_seed43,cova3d_c100_coh_fold0_seed43,C100_COH,0,43,3037986844,7867253cd03cdbae0ae68868c43e5b28e3558428f7a4b939da65fcfb42973194,aa8a8fda9b0b9f826033bf5511d1a9a49841e086699f3325b6b3d60c374b0dc4,9,10,120,600,0.33559105536871575,0.14835717767690682,0.1872338781754176,7587,3650,0,62,29,29,0,0,1024.0,1024.0,1024.0,6.5803319836656256,22.132490158081055,0.0002666931266696063,26.15132981699935,1.3335704803466797,1.37890625
fold0_seed43,cova3d_c100_coh_fold0_seed43,C100_COH,0,43,3037986844,7867253cd03cdbae0ae68868c43e5b28e3558428f7a4b939da65fcfb42973194,aa8a8fda9b0b9f826033bf5511d1a9a49841e086699f3325b6b3d60c374b0dc4,10,11,120,660,0.25720048235545223,0.13642435553260743,0.12077612777551015,7957,3864,2,57,30,33,0,0,1024.0,1024.0,1024.0,6.51779054403305,44.05246353149414,0.0002586345852084849,26.100387253000008,1.3335704803466797,1.37890625
fold0_seed43,cova3d_c100_coh_fold0_seed43,C100_COH,0,43,3037986844,7867253cd03cdbae0ae68868c43e5b28e3558428f7a4b939da65fcfb42973194,aa8a8fda9b0b9f826033bf5511d1a9a49841e086699f3325b6b3d60c374b0dc4,11,12,120,720,0.29371648675902856,0.1169762619459417,0.17674022515614826,7841,3934,1,47,31,42,0,0,1024.0,1024.0,1024.0,5.906319810077548,30.00250816345215,0.0002498568710810032,26.139586829999644,1.3335704803466797,1.37890625
fold0_seed43,cova3d_c100_coh_fold0_seed43,C100_COH,0,43,3037986844,7867253cd03cdbae0ae68868c43e5b28e3558428f7a4b939da65fcfb42973194,aa8a8fda9b0b9f826033bf5511d1a9a49841e086699f3325b6b3d60c374b0dc4,12,13,120,780,0.2075630207515398,0.0969902927635881,0.1105727270245552,8080,3970,6,58,29,33,0,0,1024.0,1024.0,1024.0,5.894813343385855,34.4449348449707,0.0002404189072956492,26.042326468999818,1.3335704803466797,1.37890625
fold0_seed43,cova3d_c100_coh_fold0_seed43,C100_COH,0,43,3037986844,7867253cd03cdbae0ae68868c43e5b28e3558428f7a4b939da65fcfb42973194,aa8a8fda9b0b9f826033bf5511d1a9a49841e086699f3325b6b3d60c374b0dc4,13,14,120,840,0.30643755759779195,0.13400918760200967,0.1724283700188001,7944,3866,4,52,27,41,0,0,1024.0,1024.0,1024.0,7.004657160739104,43.554805755615234,0.00023038404898248976,26.10668815600002,1.3335704803466797,1.37890625
fold0_seed43,cova3d_c100_coh_fold0_seed43,C100_COH,0,43,3037986844,7867253cd03cdbae0ae68868c43e5b28e3558428f7a4b939da65fcfb42973194,aa8a8fda9b0b9f826033bf5511d1a9a49841e086699f3325b6b3d60c374b0dc4,14,15,120,900,0.15367234908992108,0.06686541514496487,0.08680693407853445,7877,3883,2,59,36,25,0,0,1024.0,1024.0,1024.0,4.3742899793510635,19.11713981628418,0.00021981965810307605,26.002866169999834,1.3335704803466797,1.37890625
fold0_seed43,cova3d_c100_coh_fold0_seed43,C100_COH,0,43,3037986844,7867253cd03cdbae0ae68868c43e5b28e3558428f7a4b939da65fcfb42973194,aa8a8fda9b0b9f826033bf5511d1a9a49841e086699f3325b6b3d60c374b0dc4,15,16,120,960,0.1511132873629167,0.08371514670466211,0.06739814132452011,8203,4199,1,60,33,27,0,0,1024.0,1024.0,1024.0,5.162464292021468,31.412569046020508,0.00020879665126330557,26.01176927599954,1.3335704803466797,1.37890625
fold0_seed43,cova3d_c100_coh_fold0_seed43,C100_COH,0,43,3037986844,7867253cd03cdbae0ae68868c43e5b28e3558428f7a4b939da65fcfb42973194,aa8a8fda9b0b9f826033bf5511d1a9a49841e086699f3325b6b3d60c374b0dc4,16,17,120,1020,0.17772762607026776,0.05659507078906643,0.12113255510727565,7768,3785,2,66,26,28,0,0,1024.0,1024.0,1024.0,3.766249542745451,25.627256393432617,0.00019738902366467966,25.98028872299983,1.3335704803466797,1.37890625
fold0_seed43,cova3d_c100_coh_fold0_seed43,C100_COH,0,43,3037986844,7867253cd03cdbae0ae68868c43e5b28e3558428f7a4b939da65fcfb42973194,aa8a8fda9b0b9f826033bf5511d1a9a49841e086699f3325b6b3d60c374b0dc4,17,18,120,1080,0.1684102270846277,0.06419339683478616,0.104216830432415,7505,3531,1,62,31,27,0,0,1024.0,1024.0,1024.0,4.663807969105741,63.48202896118164,0.00018567335238957547,26.03919995599972,1.3335704803466797,1.37890625
fold0_seed43,cova3d_c100_coh_fold0_seed43,C100_COH,0,43,3037986844,7867253cd03cdbae0ae68868c43e5b28e3558428f7a4b939da65fcfb42973194,aa8a8fda9b0b9f826033bf5511d1a9a49841e086699f3325b6b3d60c374b0dc4,18,19,120,1140,0.16096591969922644,0.07613980818581947,0.08482611080010732,7894,3804,4,62,26,32,0,0,1024.0,1024.0,1024.0,5.079202868323773,29.285146713256836,0.0001737282823548769,26.087725166999917,1.3335704803466797,1.37890625
fold0_seed43,cova3d_c100_coh_fold0_seed43,C100_COH,0,43,3037986844,7867253cd03cdbae0ae68868c43e5b28e3558428f7a4b939da65fcfb42973194,aa8a8fda9b0b9f826033bf5511d1a9a49841e086699f3325b6b3d60c374b0dc4,19,20,120,1200,0.11739812418785434,0.05558411833370679,0.061814005672931674,8067,3975,0,66,30,24,0,0,1024.0,1024.0,1024.0,4.1270205338640755,35.48804473876953,0.00016163399838465363,25.961525659000472,1.3335704803466797,1.37890625
fold0_seed43,cova3d_c100_coh_fold0_seed43,C100_COH,0,43,3037986844,7867253cd03cdbae0ae68868c43e5b28e3558428f7a4b939da65fcfb42973194,aa8a8fda9b0b9f826033bf5511d1a9a49841e086699f3325b6b3d60c374b0dc4,20,21,120,1260,0.12821145020260225,0.056844938065720524,0.07136651277542114,7912,3885,0,69,23,28,0,0,1024.0,1024.0,1024.0,4.672520048140238,30.641870498657227,0.00014947168694575625,26.022921899999346,1.3335704803466797,1.37890625
fold0_seed43,cova3d_c100_coh_fold0_seed43,C100_COH,0,43,3037986844,7867253cd03cdbae0ae68868c43e5b28e3558428f7a4b939da65fcfb42973194,aa8a8fda9b0b9f826033bf5511d1a9a49841e086699f3325b6b3d60c374b0dc4,21,22,120,1320,0.10121918248171571,0.030300007293204232,0.07091917544603348,8186,4028,0,63,37,20,0,0,1024.0,1024.0,1024.0,3.7449547446526896,20.550662994384766,0.0001373229911595876,25.909436429999914,1.3335704803466797,1.37890625
fold0_seed43,cova3d_c100_coh_fold0_seed43,C100_COH,0,43,3037986844,7867253cd03cdbae0ae68868c43e5b28e3558428f7a4b939da65fcfb42973194,aa8a8fda9b0b9f826033bf5511d1a9a49841e086699f3325b6b3d60c374b0dc4,22,23,120,1380,0.12799041648143505,0.04646745959029783,0.0815229574839274,8152,4031,1,52,43,25,0,0,1024.0,1024.0,1024.0,7.175155020592986,36.7308464050293,0.00012526946274844474,26.071095964999586,1.3335704803466797,1.37890625
fold0_seed43,cova3d_c100_coh_fold0_seed43,C100_COH,0,43,3037986844,7867253cd03cdbae0ae68868c43e5b28e3558428f7a4b939da65fcfb42973194,aa8a8fda9b0b9f826033bf5511d1a9a49841e086699f3325b6b3d60c374b0dc4,23,24,120,1440,0.13912838623069568,0.05917187022745393,0.07995651612679164,8170,4064,2,63,28,29,0,0,1024.0,1024.0,1024.0,7.469909140341527,77.40367889404297,0.00011339201459540494,26.079860054000164,1.3335704803466797,1.37890625
fold0_seed43,cova3d_c100_coh_fold0_seed43,C100_COH,0,43,3037986844,7867253cd03cdbae0ae68868c43e5b28e3558428f7a4b939da65fcfb42973194,aa8a8fda9b0b9f826033bf5511d1a9a49841e086699f3325b6b3d60c374b0dc4,24,25,120,1500,0.06913162496438871,0.032007658807021194,0.03712396621704102,7834,3883,4,63,33,24,0,0,1024.0,1024.0,1024.0,4.536055861359151,41.753910064697266,0.00010177037759260854,25.91715627600024,1.3335704803466797,1.37890625
fold0_seed43,cova3d_c100_coh_fold0_seed43,C100_COH,0,43,3037986844,7867253cd03cdbae0ae68868c43e5b28e3558428f7a4b939da65fcfb42973194,aa8a8fda9b0b9f826033bf5511d1a9a49841e086699f3325b6b3d60c374b0dc4,25,26,120,1560,0.08046356395707634,0.04660835844268184,0.03385520577430725,7806,3910,2,60,34,26,0,0,1024.0,1024.0,1024.0,4.382402482721955,35.62948989868164,9.048256542400759e-05,25.81687224899997,1.3335704803466797,1.37890625
fold0_seed43,cova3d_c100_coh_fold0_seed43,C100_COH,0,43,3037986844,7867253cd03cdbae0ae68868c43e5b28e3558428f7a4b939da65fcfb42973194,aa8a8fda9b0b9f826033bf5511d1a9a49841e086699f3325b6b3d60c374b0dc4,26,27,120,1620,0.07573701482465904,0.04156818310544321,0.03416883200407028,8635,4312,0,58,29,33,0,0,1024.0,1024.0,1024.0,4.068634383085494,71.61006164550781,7.960435087538242e-05,25.796719289000066,1.3335704803466797,1.37890625
fold0_seed43,cova3d_c100_coh_fold0_seed43,C100_COH,0,43,3037986844,7867253cd03cdbae0ae68868c43e5b28e3558428f7a4b939da65fcfb42973194,aa8a8fda9b0b9f826033bf5511d1a9a49841e086699f3325b6b3d60c374b0dc4,27,28,120,1680,0.07329831740135416,0.029625801615617307,0.04367251495520274,7767,3871,2,58,30,32,0,0,1024.0,1024.0,1024.0,3.0683465730107855,28.544775009155273,6.920875718705205e-05,25.86319089100016,1.3335704803466797,1.37890625
fold0_seed43,cova3d_c100_coh_fold0_seed43,C100_COH,0,43,3037986844,7867253cd03cdbae0ae68868c43e5b28e3558428f7a4b939da65fcfb42973194,aa8a8fda9b0b9f826033bf5511d1a9a49841e086699f3325b6b3d60c374b0dc4,28,29,120,1740,0.03874892825684295,0.01412920531499875,0.02461972286303838,8021,4035,2,58,40,22,0,0,1024.0,1024.0,1024.0,2.005423857147495,26.965604782104492,5.936556786372413e-05,25.831051807999756,1.3335704803466797,1.37890625
fold0_seed43,cova3d_c100_coh_fold0_seed43,C100_COH,0,43,3037986844,7867253cd03cdbae0ae68868c43e5b28e3558428f7a4b939da65fcfb42973194,aa8a8fda9b0b9f826033bf5511d1a9a49841e086699f3325b6b3d60c374b0dc4,29,30,120,1800,0.03558208690523713,0.01800061364304411,0.017581473290920257,8123,4040,1,66,27,27,0,0,1024.0,1024.0,1024.0,2.119764459505677,12.771445274353027,5.014085823202989e-05,25.84341903800032,1.3335704803466797,1.37890625
fold0_seed43,cova3d_c100_coh_fold0_seed43,C100_COH,0,43,3037986844,7867253cd03cdbae0ae68868c43e5b28e3558428f7a4b939da65fcfb42973194,aa8a8fda9b0b9f826033bf5511d1a9a49841e086699f3325b6b3d60c374b0dc4,30,31,120,1860,0.06146694125631884,0.02405040551400506,0.03741653561592102,7850,3806,1,63,29,28,0,0,1024.0,1024.0,1024.0,3.5653502551141476,40.22209930419922,4.159655189030408e-05,25.865171670000564,1.3335704803466797,1.37890625
fold0_seed43,cova3d_c100_coh_fold0_seed43,C100_COH,0,43,3037986844,7867253cd03cdbae0ae68868c43e5b28e3558428f7a4b939da65fcfb42973194,aa8a8fda9b0b9f826033bf5511d1a9a49841e086699f3325b6b3d60c374b0dc4,31,32,120,1920,0.04263512184574381,0.01636073638238946,0.02627438505490621,7831,3849,2,66,28,26,0,0,1024.0,1024.0,1024.0,2.5745776675151624,28.58525848388672,3.379000502807257e-05,25.781502713999544,1.3335704803466797,1.37890625
fold0_seed43,cova3d_c100_coh_fold0_seed43,C100_COH,0,43,3037986844,7867253cd03cdbae0ae68868c43e5b28e3558428f7a4b939da65fcfb42973194,aa8a8fda9b0b9f826033bf5511d1a9a49841e086699f3325b6b3d60c374b0dc4,32,33,120,1980,0.058135931331119946,0.02495954270618632,0.033176387349764504,7762,3922,3,57,31,32,0,0,1024.0,1024.0,1024.0,5.611505673018595,106.76464080810547,2.6773621405624713e-05,25.852912348000245,1.3335704803466797,1.37890625
fold0_seed43,cova3d_c100_coh_fold0_seed43,C100_COH,0,43,3037986844,7867253cd03cdbae0ae68868c43e5b28e3558428f7a4b939da65fcfb42973194,aa8a8fda9b0b9f826033bf5511d1a9a49841e086699f3325b6b3d60c374b0dc4,33,34,120,2040,0.04279429383897213,0.016151634623078042,0.026642659306526185,7689,3775,2,63,32,25,0,0,1024.0,1024.0,1024.0,3.6068257405238304,35.63054656982422,2.059450057823627e-05,25.852526756999396,1.3335704803466797,1.37890625
fold0_seed43,cova3d_c100_coh_fold0_seed43,C100_COH,0,43,3037986844,7867253cd03cdbae0ae68868c43e5b28e3558428f7a4b939da65fcfb42973194,aa8a8fda9b0b9f826033bf5511d1a9a49841e086699f3325b6b3d60c374b0dc4,34,35,120,2100,0.02902688400496008,0.016125389870967594,0.012901494403680165,8281,4161,1,70,28,22,0,0,1024.0,1024.0,1024.0,2.6392399659962393,38.5967903137207,1.5294121726440254e-05,25.726296239000476,1.3335704803466797,1.37890625
fold0_seed43,cova3d_c100_coh_fold0_seed43,C100_COH,0,43,3037986844,7867253cd03cdbae0ae68868c43e5b28e3558428f7a4b939da65fcfb42973194,aa8a8fda9b0b9f826033bf5511d1a9a49841e086699f3325b6b3d60c374b0dc4,35,36,120,2160,0.023919553011604845,0.01168538316427555,0.012234169741471608,7969,3977,5,50,33,37,0,0,1024.0,1024.0,1024.0,2.677031835707021,61.49679183959961,1.0908065214729997e-05,25.734287438000138,1.3335704803466797,1.37890625
fold0_seed43,cova3d_c100_coh_fold0_seed43,C100_COH,0,43,3037986844,7867253cd03cdbae0ae68868c43e5b28e3558428f7a4b939da65fcfb42973194,aa8a8fda9b0b9f826033bf5511d1a9a49841e086699f3325b6b3d60c374b0dc4,36,37,120,2220,0.01830786708566854,0.01273340022142692,0.005574466784795126,7852,4020,0,65,33,22,0,0,1024.0,1024.0,1024.0,1.363567418488674,4.77772331237793,7.465773747813819e-06,25.77041483499943,1.3335704803466797,1.37890625
fold0_seed43,cova3d_c100_coh_fold0_seed43,C100_COH,0,43,3037986844,7867253cd03cdbae0ae68868c43e5b28e3558428f7a4b939da65fcfb42973194,aa8a8fda9b0b9f826033bf5511d1a9a49841e086699f3325b6b3d60c374b0dc4,37,38,120,2280,0.014267221434432676,0.009257154603362886,0.00501006692647934,8274,4271,0,67,30,23,0,0,1024.0,1024.0,1024.0,1.5430998722983835,10.333438873291016,4.990354727730315e-06,25.69180546000007,1.3335704803466797,1.37890625
fold0_seed43,cova3d_c100_coh_fold0_seed43,C100_COH,0,43,3037986844,7867253cd03cdbae0ae68868c43e5b28e3558428f7a4b939da65fcfb42973194,aa8a8fda9b0b9f826033bf5511d1a9a49841e086699f3325b6b3d60c374b0dc4,38,39,120,2340,0.040706853217440254,0.01133995852393249,0.029366895059744515,7869,3987,2,55,31,34,0,0,1024.0,1024.0,1024.0,2.196136475534998,24.341686248779297,3.498425138561358e-06,25.72731750999992,1.3335704803466797,1.37890625
fold0_seed43,cova3d_c100_coh_fold0_seed43,C100_COH,0,43,3037986844,7867253cd03cdbae0ae68868c43e5b28e3558428f7a4b939da65fcfb42973194,aa8a8fda9b0b9f826033bf5511d1a9a49841e086699f3325b6b3d60c374b0dc4,39,40,120,2400,0.017801491022063586,0.011822451728206928,0.005979039271672567,8267,4120,2,67,27,26,0,0,1024.0,1024.0,1024.0,1.3319513549984852,7.77229118347168,3e-06,25.660038528999394,1.3335704803466797,1.37890625
fold0_seed43,cova3d_c100_dis_fold0_seed43,C100_DIS,0,43,3037986844,7867253cd03cdbae0ae68868c43e5b28e3558428f7a4b939da65fcfb42973194,aa8a8fda9b0b9f826033bf5511d1a9a49841e086699f3325b6b3d60c374b0dc4,0,1,120,60,2.1819439030368812,1.619431330434357,0.5625125750899315,7951,3835,0,66,27,27,1,1,2048.0,4096.0,2048.0,75.9037641207377,189.13607788085938,0.00017999999999999998,26.763543838999794,1.3383617401123047,1.404296875
fold0_seed43,cova3d_c100_dis_fold0_seed43,C100_DIS,0,43,3037986844,7867253cd03cdbae0ae68868c43e5b28e3558428f7a4b939da65fcfb42973194,aa8a8fda9b0b9f826033bf5511d1a9a49841e086699f3325b6b3d60c374b0dc4,1,2,120,120,1.2715855397924316,0.8635298054354886,0.4080557311574618,7223,3524,2,57,29,34,0,0,2048.0,2048.0,2048.0,33.50994633038839,114.62174224853516,0.0002999445918673937,26.4122970920007,1.3383617401123047,1.404296875
fold0_seed43,cova3d_c100_dis_fold0_seed43,C100_DIS,0,43,3037986844,7867253cd03cdbae0ae68868c43e5b28e3558428f7a4b939da65fcfb42973194,aa8a8fda9b0b9f826033bf5511d1a9a49841e086699f3325b6b3d60c374b0dc4,2,3,120,180,1.0506313464410293,0.6821666830869314,0.36846466809511186,7248,3626,2,64,28,28,0,0,2048.0,2048.0,2048.0,18.203825155893963,60.491722106933594,0.0002991142965839822,26.299033143999623,1.3383617401123047,1.404296875
fold0_seed43,cova3d_c100_dis_fold0_seed43,C100_DIS,0,43,3037986844,7867253cd03cdbae0ae68868c43e5b28e3558428f7a4b939da65fcfb42973194,aa8a8fda9b0b9f826033bf5511d1a9a49841e086699f3325b6b3d60c374b0dc4,3,4,120,240,0.8942102717856566,0.5599474289648545,0.3342628424366315,7864,3834,1,61,29,30,0,0,2048.0,2048.0,2048.0,12.436731616655985,33.893470764160156,0.0002972930965702204,26.38901868999983,1.3383617401123047,1.404296875
fold0_seed43,cova3d_c100_dis_fold0_seed43,C100_DIS,0,43,3037986844,7867253cd03cdbae0ae68868c43e5b28e3558428f7a4b939da65fcfb42973194,aa8a8fda9b0b9f826033bf5511d1a9a49841e086699f3325b6b3d60c374b0dc4,4,5,120,300,0.7778077831322056,0.48400669374435284,0.29380108912785846,7335,3447,1,54,29,37,0,0,2048.0,2048.0,2048.0,10.795479869842529,31.90252685546875,0.0002944932171711482,26.4017074329995,1.3383617401123047,1.404296875
fold0_seed43,cova3d_c100_dis_fold0_seed43,C100_DIS,0,43,3037986844,7867253cd03cdbae0ae68868c43e5b28e3558428f7a4b939da65fcfb42973194,aa8a8fda9b0b9f826033bf5511d1a9a49841e086699f3325b6b3d60c374b0dc4,5,6,120,360,0.7387338312187542,0.4485711588601892,0.2901626735925674,7778,3957,4,62,24,34,0,0,2048.0,2048.0,2048.0,10.01536821126938,35.21548843383789,0.000290733453407337,26.402029173999836,1.3383617401123047,1.404296875
fold0_seed43,cova3d_c100_dis_fold0_seed43,C100_DIS,0,43,3037986844,7867253cd03cdbae0ae68868c43e5b28e3558428f7a4b939da65fcfb42973194,aa8a8fda9b0b9f826033bf5511d1a9a49841e086699f3325b6b3d60c374b0dc4,6,7,120,420,0.6929468027781696,0.42944001673410337,0.2635067840417226,7702,3793,2,62,27,31,0,0,2048.0,2048.0,2048.0,9.104418806234996,28.619457244873047,0.0002860390438077423,26.456051600999672,1.3383617401123047,1.404296875
fold0_seed43,cova3d_c100_dis_fold0_seed43,C100_DIS,0,43,3037986844,7867253cd03cdbae0ae68868c43e5b28e3558428f7a4b939da65fcfb42973194,aa8a8fda9b0b9f826033bf5511d1a9a49841e086699f3325b6b3d60c374b0dc4,7,8,120,480,0.5675873287662399,0.34277992334391455,0.22480740596850712,7680,3767,2,56,26,38,0,0,2048.0,2048.0,2048.0,9.050865679979324,52.44591522216797,0.00028044150098859483,26.31673485600004,1.3383617401123047,1.404296875
fold0_seed43,cova3d_c100_dis_fold0_seed43,C100_DIS,0,43,3037986844,7867253cd03cdbae0ae68868c43e5b28e3558428f7a4b939da65fcfb42973194,aa8a8fda9b0b9f826033bf5511d1a9a49841e086699f3325b6b3d60c374b0dc4,8,9,120,540,0.5572033008715759,0.33960370217682795,0.21759959956010183,7845,3737,0,61,30,29,0,0,2048.0,2048.0,2048.0,7.643890142440796,21.480121612548828,0.0002739784001156218,26.310479099000077,1.3383617401123047,1.404296875
fold0_seed43,cova3d_c100_dis_fold0_seed43,C100_DIS,0,43,3037986844,7867253cd03cdbae0ae68868c43e5b28e3558428f7a4b939da65fcfb42973194,aa8a8fda9b0b9f826033bf5511d1a9a49841e086699f3325b6b3d60c374b0dc4,9,10,120,600,0.5860324606590439,0.33238236447796227,0.2536500945687294,7654,3699,0,62,29,29,0,0,2048.0,2048.0,2048.0,9.934000168244044,39.75263595581055,0.0002666931266696063,26.279951747999803,1.3383617401123047,1.404296875
fold0_seed43,cova3d_c100_dis_fold0_seed43,C100_DIS,0,43,3037986844,7867253cd03cdbae0ae68868c43e5b28e3558428f7a4b939da65fcfb42973194,aa8a8fda9b0b9f826033bf5511d1a9a49841e086699f3325b6b3d60c374b0dc4,10,11,120,660,0.46004105797280015,0.27097683657290567,0.18906422307093937,7872,3812,1,57,30,33,0,0,2048.0,2048.0,2048.0,7.140857003132502,28.545848846435547,0.0002586345852084849,26.472254513000735,1.3383617401123047,1.404296875
fold0_seed43,cova3d_c100_dis_fold0_seed43,C100_DIS,0,43,3037986844,7867253cd03cdbae0ae68868c43e5b28e3558428f7a4b939da65fcfb42973194,aa8a8fda9b0b9f826033bf5511d1a9a49841e086699f3325b6b3d60c374b0dc4,11,12,120,720,0.507711812328489,0.2812755035163718,0.2264363095164299,7713,3884,0,47,31,42,0,0,2048.0,2048.0,2048.0,9.245154611269633,61.31428527832031,0.0002498568710810032,26.43991204699978,1.3383617401123047,1.404296875
fold0_seed43,cova3d_c100_dis_fold0_seed43,C100_DIS,0,43,3037986844,7867253cd03cdbae0ae68868c43e5b28e3558428f7a4b939da65fcfb42973194,aa8a8fda9b0b9f826033bf5511d1a9a49841e086699f3325b6b3d60c374b0dc4,12,13,120,780,0.35937231142112674,0.21351060634139382,0.14586170464754106,8087,3985,4,58,29,33,0,0,2048.0,2048.0,2048.0,6.054978710412979,16.885948181152344,0.0002404189072956492,26.17711431799944,1.3383617401123047,1.404296875
fold0_seed43,cova3d_c100_dis_fold0_seed43,C100_DIS,0,43,3037986844,7867253cd03cdbae0ae68868c43e5b28e3558428f7a4b939da65fcfb42973194,aa8a8fda9b0b9f826033bf5511d1a9a49841e086699f3325b6b3d60c374b0dc4,13,14,120,840,0.48616034529089425,0.26220405037432404,0.22395629435777664,7767,3747,2,52,27,41,0,0,2048.0,2048.0,2048.0,7.269150599837303,43.4842643737793,0.00023038404898248976,26.218321471999843,1.3383617401123047,1.404296875
fold0_seed43,cova3d_c100_dis_fold0_seed43,C100_DIS,0,43,3037986844,7867253cd03cdbae0ae68868c43e5b28e3558428f7a4b939da65fcfb42973194,aa8a8fda9b0b9f826033bf5511d1a9a49841e086699f3325b6b3d60c374b0dc4,14,15,120,900,0.38202771844723127,0.21492285199553104,0.16710486859083176,7799,3769,2,59,36,25,0,0,2048.0,2048.0,2048.0,6.840024495124817,38.31114196777344,0.00021981965810307605,26.327839500000664,1.3383617401123047,1.404296875
fold0_seed43,cova3d_c100_dis_fold0_seed43,C100_DIS,0,43,3037986844,7867253cd03cdbae0ae68868c43e5b28e3558428f7a4b939da65fcfb42973194,aa8a8fda9b0b9f826033bf5511d1a9a49841e086699f3325b6b3d60c374b0dc4,15,16,120,960,0.35229634213689376,0.20832529902842603,0.14397104183832804,8068,4067,1,60,33,27,0,0,2048.0,2048.0,2048.0,7.219222809374332,35.91291809082031,0.00020879665126330557,26.35591734099944,1.3383617401123047,1.404296875
fold0_seed43,cova3d_c100_dis_fold0_seed43,C100_DIS,0,43,3037986844,7867253cd03cdbae0ae68868c43e5b28e3558428f7a4b939da65fcfb42973194,aa8a8fda9b0b9f826033bf5511d1a9a49841e086699f3325b6b3d60c374b0dc4,16,17,120,1020,0.3476717069754765,0.16686839560958713,0.18080330888430277,7618,3680,2,66,26,28,0,0,2048.0,2048.0,2048.0,6.347950319449107,25.031063079833984,0.00019738902366467966,26.367746259999876,1.3383617401123047,1.404296875
fold0_seed43,cova3d_c100_dis_fold0_seed43,C100_DIS,0,43,3037986844,7867253cd03cdbae0ae68868c43e5b28e3558428f7a4b939da65fcfb42973194,aa8a8fda9b0b9f826033bf5511d1a9a49841e086699f3325b6b3d60c374b0dc4,17,18,120,1080,0.31689307271347694,0.1683513979485724,0.14854167501131693,7953,3848,0,62,31,27,0,0,2048.0,2048.0,2048.0,6.429351329803467,20.403432846069336,0.00018567335238957547,26.32209790199977,1.3383617401123047,1.404296875
fold0_seed43,cova3d_c100_dis_fold0_seed43,C100_DIS,0,43,3037986844,7867253cd03cdbae0ae68868c43e5b28e3558428f7a4b939da65fcfb42973194,aa8a8fda9b0b9f826033bf5511d1a9a49841e086699f3325b6b3d60c374b0dc4,18,19,120,1140,0.30307486370353826,0.15995154946419157,0.14312331328789393,7815,3686,1,62,26,32,0,0,2048.0,2048.0,2048.0,7.7492956757545475,62.655860900878906,0.0001737282823548769,26.297735559000103,1.3383617401123047,1.404296875
fold0_seed43,cova3d_c100_dis_fold0_seed43,C100_DIS,0,43,3037986844,7867253cd03cdbae0ae68868c43e5b28e3558428f7a4b939da65fcfb42973194,aa8a8fda9b0b9f826033bf5511d1a9a49841e086699f3325b6b3d60c374b0dc4,19,20,120,1200,0.24408872897567163,0.12846966494372794,0.11561906486749648,7994,3885,0,66,30,24,0,0,2048.0,2048.0,2048.0,5.369506281614304,17.05014991760254,0.00016163399838465363,26.30258830100047,1.3383617401123047,1.404296875
fold0_seed43,cova3d_c100_dis_fold0_seed43,C100_DIS,0,43,3037986844,7867253cd03cdbae0ae68868c43e5b28e3558428f7a4b939da65fcfb42973194,aa8a8fda9b0b9f826033bf5511d1a9a49841e086699f3325b6b3d60c374b0dc4,20,21,120,1260,0.25826507234096424,0.13769297930372584,0.12057209263245265,7976,3985,0,69,23,28,0,0,2048.0,2048.0,2048.0,6.485261925061544,28.69086265563965,0.00014947168694575625,26.48125620600058,1.3383617401123047,1.404296875
fold0_seed43,cova3d_c100_dis_fold0_seed43,C100_DIS,0,43,3037986844,7867253cd03cdbae0ae68868c43e5b28e3558428f7a4b939da65fcfb42973194,aa8a8fda9b0b9f826033bf5511d1a9a49841e086699f3325b6b3d60c374b0dc4,21,22,120,1320,0.21060273028933807,0.10362642621582079,0.10697630494832992,8098,3943,0,63,37,20,0,0,2048.0,2048.0,2048.0,4.5957547804961605,26.369140625,0.0001373229911595876,26.507777255999827,1.3383617401123047,1.404296875
fold0_seed43,cova3d_c100_dis_fold0_seed43,C100_DIS,0,43,3037986844,7867253cd03cdbae0ae68868c43e5b28e3558428f7a4b939da65fcfb42973194,aa8a8fda9b0b9f826033bf5511d1a9a49841e086699f3325b6b3d60c374b0dc4,22,23,120,1380,0.2651388966782387,0.10512611076624694,0.16001278559366863,8215,4069,0,52,43,25,0,0,2048.0,2048.0,2048.0,5.619850694186365,41.81989288330078,0.00012526946274844474,26.251576372999807,1.3383617401123047,1.404296875
fold0_seed43,cova3d_c100_dis_fold0_seed43,C100_DIS,0,43,3037986844,7867253cd03cdbae0ae68868c43e5b28e3558428f7a4b939da65fcfb42973194,aa8a8fda9b0b9f826033bf5511d1a9a49841e086699f3325b6b3d60c374b0dc4,23,24,120,1440,0.24504975153237563,0.09979745747647636,0.14525229384501775,8081,4007,2,63,28,29,0,0,2048.0,2048.0,2048.0,5.304278026769558,25.40233612060547,0.00011339201459540494,26.27566250700056,1.3383617401123047,1.404296875
fold0_seed43,cova3d_c100_dis_fold0_seed43,C100_DIS,0,43,3037986844,7867253cd03cdbae0ae68868c43e5b28e3558428f7a4b939da65fcfb42973194,aa8a8fda9b0b9f826033bf5511d1a9a49841e086699f3325b6b3d60c374b0dc4,24,25,120,1500,0.19219107455872594,0.0868591242784305,0.10533194988965988,7787,3850,3,63,33,24,0,0,2048.0,2048.0,2048.0,4.977965916134417,20.181730270385742,0.00010177037759260854,26.229790497000067,1.3383617401123047,1.404296875
fold0_seed43,cova3d_c100_dis_fold0_seed43,C100_DIS,0,43,3037986844,7867253cd03cdbae0ae68868c43e5b28e3558428f7a4b939da65fcfb42973194,aa8a8fda9b0b9f826033bf5511d1a9a49841e086699f3325b6b3d60c374b0dc4,25,26,120,1560,0.17742769964600788,0.0927432658282972,0.08468443403641383,7619,3774,2,60,34,26,0,0,2048.0,2048.0,2048.0,4.839209809650978,16.633583068847656,9.048256542400759e-05,26.170900320999863,1.3383617401123047,1.404296875
fold0_seed43,cova3d_c100_dis_fold0_seed43,C100_DIS,0,43,3037986844,7867253cd03cdbae0ae68868c43e5b28e3558428f7a4b939da65fcfb42973194,aa8a8fda9b0b9f826033bf5511d1a9a49841e086699f3325b6b3d60c374b0dc4,26,27,120,1620,0.19050189909775764,0.08335748169246908,0.10714441736539206,8401,4139,0,58,29,33,0,0,2048.0,2048.0,2048.0,4.614310798421502,16.614961624145508,7.960435087538242e-05,26.179213145000176,1.3383617401123047,1.404296875
fold0_seed43,cova3d_c100_dis_fold0_seed43,C100_DIS,0,43,3037986844,7867253cd03cdbae0ae68868c43e5b28e3558428f7a4b939da65fcfb42973194,aa8a8fda9b0b9f826033bf5511d1a9a49841e086699f3325b6b3d60c374b0dc4,27,28,120,1680,0.17436125224651894,0.06882719086876297,0.10553406129280726,7908,4016,0,58,30,32,0,0,2048.0,2048.0,2048.0,3.9319674876828987,21.335731506347656,6.920875718705205e-05,26.232219704999807,1.3383617401123047,1.404296875
fold0_seed43,cova3d_c100_dis_fold0_seed43,C100_DIS,0,43,3037986844,7867253cd03cdbae0ae68868c43e5b28e3558428f7a4b939da65fcfb42973194,aa8a8fda9b0b9f826033bf5511d1a9a49841e086699f3325b6b3d60c374b0dc4,28,29,120,1740,0.16413374555737337,0.0699923280553402,0.09414141724507014,8069,4030,1,58,40,22,0,0,2048.0,2048.0,2048.0,3.564263510517776,22.062999725341797,5.936556786372413e-05,26.086273222999807,1.3383617401123047,1.404296875
fold0_seed43,cova3d_c100_dis_fold0_seed43,C100_DIS,0,43,3037986844,7867253cd03cdbae0ae68868c43e5b28e3558428f7a4b939da65fcfb42973194,aa8a8fda9b0b9f826033bf5511d1a9a49841e086699f3325b6b3d60c374b0dc4,29,30,120,1800,0.15602167637789938,0.07770538219426323,0.07831629365682602,8057,4002,1,66,27,27,0,0,2048.0,2048.0,2048.0,5.16125855644544,35.963863372802734,5.014085823202989e-05,26.188152713999443,1.3383617401123047,1.404296875
fold0_seed43,cova3d_c100_dis_fold0_seed43,C100_DIS,0,43,3037986844,7867253cd03cdbae0ae68868c43e5b28e3558428f7a4b939da65fcfb42973194,aa8a8fda9b0b9f826033bf5511d1a9a49841e086699f3325b6b3d60c374b0dc4,30,31,120,1860,0.19381080829237665,0.0833347734416653,0.11047603537638982,7778,3682,0,63,29,28,0,0,2048.0,2048.0,2048.0,6.0478261778752005,40.24604797363281,4.159655189030408e-05,26.233648057999744,1.3383617401123047,1.404296875
fold0_seed43,cova3d_c100_dis_fold0_seed43,C100_DIS,0,43,3037986844,7867253cd03cdbae0ae68868c43e5b28e3558428f7a4b939da65fcfb42973194,aa8a8fda9b0b9f826033bf5511d1a9a49841e086699f3325b6b3d60c374b0dc4,31,32,120,1920,0.13885262654211358,0.06650642822796052,0.07234619955221812,7746,3723,2,66,28,26,0,0,2048.0,2048.0,2048.0,3.8140098180621864,14.307992935180664,3.379000502807257e-05,26.16853219299992,1.3383617401123047,1.404296875
fold0_seed43,cova3d_c100_dis_fold0_seed43,C100_DIS,0,43,3037986844,7867253cd03cdbae0ae68868c43e5b28e3558428f7a4b939da65fcfb42973194,aa8a8fda9b0b9f826033bf5511d1a9a49841e086699f3325b6b3d60c374b0dc4,32,33,120,1980,0.14828828522623122,0.06199392238368571,0.08629436244567236,7656,3841,2,57,31,32,0,0,2048.0,2048.0,2048.0,4.147606303170323,14.342763900756836,2.6773621405624713e-05,26.128372695000508,1.3383617401123047,1.404296875
fold0_seed43,cova3d_c100_dis_fold0_seed43,C100_DIS,0,43,3037986844,7867253cd03cdbae0ae68868c43e5b28e3558428f7a4b939da65fcfb42973194,aa8a8fda9b0b9f826033bf5511d1a9a49841e086699f3325b6b3d60c374b0dc4,33,34,120,2040,0.1633779818007658,0.060435147749978074,0.10294283479452133,7675,3773,1,63,32,25,0,0,2048.0,2048.0,2048.0,4.338314193859697,18.074748992919922,2.059450057823627e-05,26.135119593000127,1.3383617401123047,1.404296875
fold0_seed43,cova3d_c100_dis_fold0_seed43,C100_DIS,0,43,3037986844,7867253cd03cdbae0ae68868c43e5b28e3558428f7a4b939da65fcfb42973194,aa8a8fda9b0b9f826033bf5511d1a9a49841e086699f3325b6b3d60c374b0dc4,34,35,120,2100,0.1412095611465813,0.04405357589755911,0.09715598573287328,8313,4166,1,70,28,22,0,0,2048.0,2048.0,2048.0,2.730715877811114,13.272482872009277,1.5294121726440254e-05,26.1102052490005,1.3383617401123047,1.404296875
fold0_seed43,cova3d_c100_dis_fold0_seed43,C100_DIS,0,43,3037986844,7867253cd03cdbae0ae68868c43e5b28e3558428f7a4b939da65fcfb42973194,aa8a8fda9b0b9f826033bf5511d1a9a49841e086699f3325b6b3d60c374b0dc4,35,36,120,2160,0.15180981300631136,0.059853788444045604,0.09195602486530939,8003,3979,3,50,33,37,0,0,2048.0,2048.0,2048.0,4.448863189419111,37.30788040161133,1.0908065214729997e-05,26.167234361000737,1.3383617401123047,1.404296875
fold0_seed43,cova3d_c100_dis_fold0_seed43,C100_DIS,0,43,3037986844,7867253cd03cdbae0ae68868c43e5b28e3558428f7a4b939da65fcfb42973194,aa8a8fda9b0b9f826033bf5511d1a9a49841e086699f3325b6b3d60c374b0dc4,36,37,120,2220,0.15256654573738898,0.059872569698220225,0.09269397705793381,7778,3917,0,65,33,22,0,0,2048.0,2048.0,2048.0,3.5711964557568234,24.358802795410156,7.465773747813819e-06,26.11024612700021,1.3383617401123047,1.404296875
fold0_seed43,cova3d_c100_dis_fold0_seed43,C100_DIS,0,43,3037986844,7867253cd03cdbae0ae68868c43e5b28e3558428f7a4b939da65fcfb42973194,aa8a8fda9b0b9f826033bf5511d1a9a49841e086699f3325b6b3d60c374b0dc4,37,38,120,2280,0.09582526979814125,0.045158023895116646,0.05066724568605423,8098,4078,0,67,30,23,0,0,2048.0,2048.0,2048.0,3.6554041465123492,17.692636489868164,4.990354727730315e-06,26.128573443000278,1.3383617401123047,1.404296875
fold0_seed43,cova3d_c100_dis_fold0_seed43,C100_DIS,0,43,3037986844,7867253cd03cdbae0ae68868c43e5b28e3558428f7a4b939da65fcfb42973194,aa8a8fda9b0b9f826033bf5511d1a9a49841e086699f3325b6b3d60c374b0dc4,38,39,120,2340,0.12127095388184568,0.05930184803340837,0.0619691068927447,7791,3898,2,55,31,34,0,0,2048.0,2048.0,2048.0,4.8578760044649245,64.44204711914062,3.498425138561358e-06,26.05320979699991,1.3383617401123047,1.404296875
fold0_seed43,cova3d_c100_dis_fold0_seed43,C100_DIS,0,43,3037986844,7867253cd03cdbae0ae68868c43e5b28e3558428f7a4b939da65fcfb42973194,aa8a8fda9b0b9f826033bf5511d1a9a49841e086699f3325b6b3d60c374b0dc4,39,40,120,2400,0.1310304454472905,0.051921113533646875,0.07910933196544648,8373,4175,1,67,27,26,0,0,2048.0,2048.0,2048.0,3.9900202340135973,23.812767028808594,3e-06,26.052308907000224,1.3383617401123047,1.404296875
fold0_seed43,cova3d_c100_frg_fold0_seed43,C100_FRG,0,43,3037986844,7867253cd03cdbae0ae68868c43e5b28e3558428f7a4b939da65fcfb42973194,aa8a8fda9b0b9f826033bf5511d1a9a49841e086699f3325b6b3d60c374b0dc4,0,1,120,60,2.1141314373972517,1.5723222181433811,0.5418092176318169,7981,3864,0,66,27,27,2,2,1024.0,4096.0,1024.0,74.78060221672058,198.74839782714844,0.00017999999999999998,27.26668695399985,1.335988998413086,1.396484375
fold0_seed43,cova3d_c100_frg_fold0_seed43,C100_FRG,0,43,3037986844,7867253cd03cdbae0ae68868c43e5b28e3558428f7a4b939da65fcfb42973194,aa8a8fda9b0b9f826033bf5511d1a9a49841e086699f3325b6b3d60c374b0dc4,1,2,120,120,1.3109508588655445,0.9159437282377743,0.3950071374575297,7303,3583,2,57,29,34,0,0,1024.0,1024.0,1024.0,40.725500186284386,283.1659240722656,0.0002999445918673937,26.373124010000538,1.335988998413086,1.396484375
fold0_seed43,cova3d_c100_frg_fold0_seed43,C100_FRG,0,43,3037986844,7867253cd03cdbae0ae68868c43e5b28e3558428f7a4b939da65fcfb42973194,aa8a8fda9b0b9f826033bf5511d1a9a49841e086699f3325b6b3d60c374b0dc4,2,3,120,180,0.9761204635278167,0.6279690412045359,0.34815142254034676,7298,3683,2,64,28,28,0,0,1024.0,1024.0,1024.0,18.095116504033406,64.90089416503906,0.0002991142965839822,26.31345228399914,1.335988998413086,1.396484375
fold0_seed43,cova3d_c100_frg_fold0_seed43,C100_FRG,0,43,3037986844,7867253cd03cdbae0ae68868c43e5b28e3558428f7a4b939da65fcfb42973194,aa8a8fda9b0b9f826033bf5511d1a9a49841e086699f3325b6b3d60c374b0dc4,3,4,120,240,0.8320718155368619,0.5147168290384191,0.3173549850781759,7924,3865,1,61,29,30,0,0,1024.0,1024.0,1024.0,12.327236791451773,41.138526916503906,0.0002972930965702204,26.093302681999376,1.335988998413086,1.396484375
fold0_seed43,cova3d_c100_frg_fold0_seed43,C100_FRG,0,43,3037986844,7867253cd03cdbae0ae68868c43e5b28e3558428f7a4b939da65fcfb42973194,aa8a8fda9b0b9f826033bf5511d1a9a49841e086699f3325b6b3d60c374b0dc4,4,5,120,300,0.7669529500960682,0.4793035928955457,0.287649359802405,7660,3645,1,54,29,37,0,0,1024.0,1024.0,1024.0,11.675530234972635,48.305702209472656,0.0002944932171711482,26.15548775300067,1.335988998413086,1.396484375
fold0_seed43,cova3d_c100_frg_fold0_seed43,C100_FRG,0,43,3037986844,7867253cd03cdbae0ae68868c43e5b28e3558428f7a4b939da65fcfb42973194,aa8a8fda9b0b9f826033bf5511d1a9a49841e086699f3325b6b3d60c374b0dc4,5,6,120,360,0.7352177762115996,0.43986014860371747,0.29535762816667555,7953,4072,4,62,24,34,0,0,1024.0,1024.0,1024.0,10.915490166346233,66.50321197509766,0.000290733453407337,26.13420027600023,1.335988998413086,1.396484375
fold0_seed43,cova3d_c100_frg_fold0_seed43,C100_FRG,0,43,3037986844,7867253cd03cdbae0ae68868c43e5b28e3558428f7a4b939da65fcfb42973194,aa8a8fda9b0b9f826033bf5511d1a9a49841e086699f3325b6b3d60c374b0dc4,6,7,120,420,0.596922657295363,0.36817543069482783,0.22874722580115,7809,3883,2,62,27,31,0,0,1024.0,1024.0,1024.0,8.606838198502858,30.7707576751709,0.0002860390438077423,26.183937342000718,1.335988998413086,1.396484375
fold0_seed43,cova3d_c100_frg_fold0_seed43,C100_FRG,0,43,3037986844,7867253cd03cdbae0ae68868c43e5b28e3558428f7a4b939da65fcfb42973194,aa8a8fda9b0b9f826033bf5511d1a9a49841e086699f3325b6b3d60c374b0dc4,7,8,120,480,0.5362120244438605,0.32603291087410374,0.21017911533514658,7820,3845,3,56,26,38,0,0,1024.0,1024.0,1024.0,8.34797162115574,24.505149841308594,0.00028044150098859483,26.143806113999744,1.335988998413086,1.396484375
fold0_seed43,cova3d_c100_frg_fold0_seed43,C100_FRG,0,43,3037986844,7867253cd03cdbae0ae68868c43e5b28e3558428f7a4b939da65fcfb42973194,aa8a8fda9b0b9f826033bf5511d1a9a49841e086699f3325b6b3d60c374b0dc4,8,9,120,540,0.5440176798496396,0.3206981372864296,0.22331953942775726,7962,3827,0,61,30,29,0,0,1024.0,1024.0,1024.0,8.477200510104497,41.03207015991211,0.0002739784001156218,26.179710467000405,1.335988998413086,1.396484375
fold0_seed43,cova3d_c100_frg_fold0_seed43,C100_FRG,0,43,3037986844,7867253cd03cdbae0ae68868c43e5b28e3558428f7a4b939da65fcfb42973194,aa8a8fda9b0b9f826033bf5511d1a9a49841e086699f3325b6b3d60c374b0dc4,9,10,120,600,0.5524292677218909,0.29655279971048004,0.2558764681220055,7561,3663,0,62,29,29,0,0,1024.0,1024.0,1024.0,8.909584389130275,44.749305725097656,0.0002666931266696063,26.12536444699981,1.335988998413086,1.396484375
fold0_seed43,cova3d_c100_frg_fold0_seed43,C100_FRG,0,43,3037986844,7867253cd03cdbae0ae68868c43e5b28e3558428f7a4b939da65fcfb42973194,aa8a8fda9b0b9f826033bf5511d1a9a49841e086699f3325b6b3d60c374b0dc4,10,11,120,660,0.4097389175930099,0.24340403337700992,0.16633488237857819,8040,3910,1,57,30,33,0,0,1024.0,1024.0,1024.0,7.296438290675481,30.580673217773438,0.0002586345852084849,26.17069137999988,1.335988998413086,1.396484375
fold0_seed43,cova3d_c100_frg_fold0_seed43,C100_FRG,0,43,3037986844,7867253cd03cdbae0ae68868c43e5b28e3558428f7a4b939da65fcfb42973194,aa8a8fda9b0b9f826033bf5511d1a9a49841e086699f3325b6b3d60c374b0dc4,11,12,120,720,0.4666225221380766,0.2588980172793943,0.20772450516621271,7652,3797,0,47,31,42,0,0,1024.0,1024.0,1024.0,8.124238122502963,37.26241683959961,0.0002498568710810032,26.0897960530001,1.335988998413086,1.396484375
fold0_seed43,cova3d_c100_frg_fold0_seed43,C100_FRG,0,43,3037986844,7867253cd03cdbae0ae68868c43e5b28e3558428f7a4b939da65fcfb42973194,aa8a8fda9b0b9f826033bf5511d1a9a49841e086699f3325b6b3d60c374b0dc4,12,13,120,780,0.33811056925975813,0.1846075816423157,0.1535029888153076,8060,3958,5,58,29,33,0,0,1024.0,1024.0,1024.0,5.221696571509043,10.954815864562988,0.0002404189072956492,26.00125644899981,1.335988998413086,1.396484375
fold0_seed43,cova3d_c100_frg_fold0_seed43,C100_FRG,0,43,3037986844,7867253cd03cdbae0ae68868c43e5b28e3558428f7a4b939da65fcfb42973194,aa8a8fda9b0b9f826033bf5511d1a9a49841e086699f3325b6b3d60c374b0dc4,13,14,120,840,0.4347496877713032,0.2239845718407499,0.21076511591672897,7952,3900,2,52,27,41,0,0,1024.0,1024.0,1024.0,9.613198114931583,108.99201965332031,0.00023038404898248976,26.094693179000387,1.335988998413086,1.396484375
fold0_seed43,cova3d_c100_frg_fold0_seed43,C100_FRG,0,43,3037986844,7867253cd03cdbae0ae68868c43e5b28e3558428f7a4b939da65fcfb42973194,aa8a8fda9b0b9f826033bf5511d1a9a49841e086699f3325b6b3d60c374b0dc4,14,15,120,900,0.3747533066104855,0.2102971762277169,0.16445613255103428,7742,3774,2,59,36,25,0,0,1024.0,1024.0,1024.0,8.186116028825442,76.97162628173828,0.00021981965810307605,26.07757577099983,1.335988998413086,1.396484375
fold0_seed43,cova3d_c100_frg_fold0_seed43,C100_FRG,0,43,3037986844,7867253cd03cdbae0ae68868c43e5b28e3558428f7a4b939da65fcfb42973194,aa8a8fda9b0b9f826033bf5511d1a9a49841e086699f3325b6b3d60c374b0dc4,15,16,120,960,0.29307179461405514,0.17195602575411992,0.12111576944589615,8100,4102,1,60,33,27,0,0,1024.0,1024.0,1024.0,6.391929032529394,28.63941192626953,0.00020879665126330557,26.112833957000475,1.335988998413086,1.396484375
fold0_seed43,cova3d_c100_frg_fold0_seed43,C100_FRG,0,43,3037986844,7867253cd03cdbae0ae68868c43e5b28e3558428f7a4b939da65fcfb42973194,aa8a8fda9b0b9f826033bf5511d1a9a49841e086699f3325b6b3d60c374b0dc4,16,17,120,1020,0.3279788758935562,0.16853472883206752,0.1594441458582878,7676,3703,2,66,26,28,0,0,1024.0,1024.0,1024.0,7.068792406966289,65.26787567138672,0.00019738902366467966,26.04911053700016,1.335988998413086,1.396484375
fold0_seed43,cova3d_c100_frg_fold0_seed43,C100_FRG,0,43,3037986844,7867253cd03cdbae0ae68868c43e5b28e3558428f7a4b939da65fcfb42973194,aa8a8fda9b0b9f826033bf5511d1a9a49841e086699f3325b6b3d60c374b0dc4,17,18,120,1080,0.29587707759410337,0.14987985767126258,0.14599721829096476,7685,3658,0,62,31,27,0,0,1024.0,1024.0,1024.0,6.549703552325567,27.231727600097656,0.00018567335238957547,26.049492320000354,1.335988998413086,1.396484375
fold0_seed43,cova3d_c100_frg_fold0_seed43,C100_FRG,0,43,3037986844,7867253cd03cdbae0ae68868c43e5b28e3558428f7a4b939da65fcfb42973194,aa8a8fda9b0b9f826033bf5511d1a9a49841e086699f3325b6b3d60c374b0dc4,18,19,120,1140,0.2588113180054582,0.12967564787550145,0.1291356697678566,7621,3566,3,62,26,32,0,0,1024.0,1024.0,1024.0,5.457589939733347,14.421887397766113,0.0001737282823548769,25.977038612999422,1.335988998413086,1.396484375
fold0_seed43,cova3d_c100_frg_fold0_seed43,C100_FRG,0,43,3037986844,7867253cd03cdbae0ae68868c43e5b28e3558428f7a4b939da65fcfb42973194,aa8a8fda9b0b9f826033bf5511d1a9a49841e086699f3325b6b3d60c374b0dc4,19,20,120,1200,0.21821798111224708,0.1145300646228127,0.10368791669607162,8073,3976,0,66,30,24,0,0,1024.0,1024.0,1024.0,5.173763119180998,37.96474075317383,0.00016163399838465363,25.99804997299998,1.335988998413086,1.396484375
fold0_seed43,cova3d_c100_frg_fold0_seed43,C100_FRG,0,43,3037986844,7867253cd03cdbae0ae68868c43e5b28e3558428f7a4b939da65fcfb42973194,aa8a8fda9b0b9f826033bf5511d1a9a49841e086699f3325b6b3d60c374b0dc4,20,21,120,1260,0.232483131757366,0.11346514634633754,0.11901798595984776,7950,3950,0,69,23,28,0,0,1024.0,1024.0,1024.0,5.477104074259599,22.629091262817383,0.00014947168694575625,26.000051347999943,1.335988998413086,1.396484375
fold0_seed43,cova3d_c100_frg_fold0_seed43,C100_FRG,0,43,3037986844,7867253cd03cdbae0ae68868c43e5b28e3558428f7a4b939da65fcfb42973194,aa8a8fda9b0b9f826033bf5511d1a9a49841e086699f3325b6b3d60c374b0dc4,21,22,120,1320,0.18542209338503426,0.08101395689646959,0.1044081375002861,8112,3948,0,63,37,20,0,0,1024.0,1024.0,1024.0,4.353143292292953,17.619831085205078,0.0001373229911595876,26.006610116000047,1.335988998413086,1.396484375
fold0_seed43,cova3d_c100_frg_fold0_seed43,C100_FRG,0,43,3037986844,7867253cd03cdbae0ae68868c43e5b28e3558428f7a4b939da65fcfb42973194,aa8a8fda9b0b9f826033bf5511d1a9a49841e086699f3325b6b3d60c374b0dc4,22,23,120,1380,0.28153807826983956,0.11694887756960408,0.16458919992049534,8145,4012,1,52,43,25,0,0,1024.0,1024.0,1024.0,8.228743323202556,162.1636199951172,0.00012526946274844474,26.140757817999656,1.335988998413086,1.396484375
fold0_seed43,cova3d_c100_frg_fold0_seed43,C100_FRG,0,43,3037986844,7867253cd03cdbae0ae68868c43e5b28e3558428f7a4b939da65fcfb42973194,aa8a8fda9b0b9f826033bf5511d1a9a49841e086699f3325b6b3d60c374b0dc4,23,24,120,1440,0.21545739062574334,0.07740616458851104,0.1380512257417043,8041,4005,2,63,28,29,0,0,1024.0,1024.0,1024.0,4.197444068392118,21.614904403686523,0.00011339201459540494,25.919715722000547,1.335988998413086,1.396484375
fold0_seed43,cova3d_c100_frg_fold0_seed43,C100_FRG,0,43,3037986844,7867253cd03cdbae0ae68868c43e5b28e3558428f7a4b939da65fcfb42973194,aa8a8fda9b0b9f826033bf5511d1a9a49841e086699f3325b6b3d60c374b0dc4,24,25,120,1500,0.16763354171555053,0.07237593190607576,0.09525761157274246,7857,3919,3,63,33,24,0,0,1024.0,1024.0,1024.0,4.498243721326192,25.285491943359375,0.00010177037759260854,25.96276331900026,1.335988998413086,1.396484375
fold0_seed43,cova3d_c100_frg_fold0_seed43,C100_FRG,0,43,3037986844,7867253cd03cdbae0ae68868c43e5b28e3558428f7a4b939da65fcfb42973194,aa8a8fda9b0b9f826033bf5511d1a9a49841e086699f3325b6b3d60c374b0dc4,25,26,120,1560,0.18034537471209358,0.09312123143615736,0.08722414225339889,7815,3858,2,60,34,26,0,0,1024.0,1024.0,1024.0,5.3014140761767825,33.34714889526367,9.048256542400759e-05,26.019871086999956,1.335988998413086,1.396484375
fold0_seed43,cova3d_c100_frg_fold0_seed43,C100_FRG,0,43,3037986844,7867253cd03cdbae0ae68868c43e5b28e3558428f7a4b939da65fcfb42973194,aa8a8fda9b0b9f826033bf5511d1a9a49841e086699f3325b6b3d60c374b0dc4,26,27,120,1620,0.17564641183236468,0.07018999313933519,0.10545641879240672,8556,4200,0,58,29,33,0,0,1024.0,1024.0,1024.0,4.851966769993306,33.69916915893555,7.960435087538242e-05,26.075732343999334,1.335988998413086,1.396484375
fold0_seed43,cova3d_c100_frg_fold0_seed43,C100_FRG,0,43,3037986844,7867253cd03cdbae0ae68868c43e5b28e3558428f7a4b939da65fcfb42973194,aa8a8fda9b0b9f826033bf5511d1a9a49841e086699f3325b6b3d60c374b0dc4,27,28,120,1680,0.15811871597018198,0.05725077473812782,0.1008679414788882,7952,4002,1,58,30,32,0,0,1024.0,1024.0,1024.0,5.1488519921898845,49.44019317626953,6.920875718705205e-05,25.929459545999634,1.335988998413086,1.396484375
fold0_seed43,cova3d_c100_frg_fold0_seed43,C100_FRG,0,43,3037986844,7867253cd03cdbae0ae68868c43e5b28e3558428f7a4b939da65fcfb42973194,aa8a8fda9b0b9f826033bf5511d1a9a49841e086699f3325b6b3d60c374b0dc4,28,29,120,1740,0.16664045823702153,0.06154773859897686,0.10509271870056788,8074,4046,1,58,40,22,0,0,1024.0,1024.0,1024.0,3.708152051231203,14.435114860534668,5.936556786372413e-05,25.831219865000094,1.335988998413086,1.396484375
fold0_seed43,cova3d_c100_frg_fold0_seed43,C100_FRG,0,43,3037986844,7867253cd03cdbae0ae68868c43e5b28e3558428f7a4b939da65fcfb42973194,aa8a8fda9b0b9f826033bf5511d1a9a49841e086699f3325b6b3d60c374b0dc4,29,30,120,1800,0.13937397381357833,0.06829010578080862,0.07108386804660162,7825,3790,1,66,27,27,0,0,1024.0,1024.0,1024.0,5.04208566993475,51.816200256347656,5.014085823202989e-05,25.876236515000528,1.335988998413086,1.396484375
fold0_seed43,cova3d_c100_frg_fold0_seed43,C100_FRG,0,43,3037986844,7867253cd03cdbae0ae68868c43e5b28e3558428f7a4b939da65fcfb42973194,aa8a8fda9b0b9f826033bf5511d1a9a49841e086699f3325b6b3d60c374b0dc4,30,31,120,1860,0.20504059138118352,0.09824852418982992,0.10679206848144532,7711,3646,0,63,29,28,0,0,1024.0,1024.0,1024.0,10.64662565390269,124.58570098876953,4.159655189030408e-05,25.894583615000556,1.335988998413086,1.396484375
fold0_seed43,cova3d_c100_frg_fold0_seed43,C100_FRG,0,43,3037986844,7867253cd03cdbae0ae68868c43e5b28e3558428f7a4b939da65fcfb42973194,aa8a8fda9b0b9f826033bf5511d1a9a49841e086699f3325b6b3d60c374b0dc4,31,32,120,1920,0.13532523725145154,0.053933509504097955,0.0813917264342308,7709,3714,2,66,28,26,0,0,1024.0,1024.0,1024.0,3.8350620825464525,30.096153259277344,3.379000502807257e-05,25.841857690000325,1.335988998413086,1.396484375
fold0_seed43,cova3d_c100_frg_fold0_seed43,C100_FRG,0,43,3037986844,7867253cd03cdbae0ae68868c43e5b28e3558428f7a4b939da65fcfb42973194,aa8a8fda9b0b9f826033bf5511d1a9a49841e086699f3325b6b3d60c374b0dc4,32,33,120,1980,0.15527856323336048,0.07171496390432613,0.083563598493735,7495,3680,2,57,31,32,0,0,1024.0,1024.0,1024.0,6.81511751289169,83.58826446533203,2.6773621405624713e-05,25.910917379999773,1.335988998413086,1.396484375
fold0_seed43,cova3d_c100_frg_fold0_seed43,C100_FRG,0,43,3037986844,7867253cd03cdbae0ae68868c43e5b28e3558428f7a4b939da65fcfb42973194,aa8a8fda9b0b9f826033bf5511d1a9a49841e086699f3325b6b3d60c374b0dc4,33,34,120,2040,0.1476669472195516,0.04570342566595642,0.10196352303028107,7603,3748,1,63,32,25,0,0,1024.0,1024.0,1024.0,3.9640772436667855,30.67603302001953,2.059450057823627e-05,25.970212093000555,1.335988998413086,1.396484375
fold0_seed43,cova3d_c100_frg_fold0_seed43,C100_FRG,0,43,3037986844,7867253cd03cdbae0ae68868c43e5b28e3558428f7a4b939da65fcfb42973194,aa8a8fda9b0b9f826033bf5511d1a9a49841e086699f3325b6b3d60c374b0dc4,34,35,120,2100,0.12994151381309074,0.034494998574395315,0.09544651558001836,8077,4071,1,70,28,22,0,0,1024.0,1024.0,1024.0,2.860538139815132,22.12952423095703,1.5294121726440254e-05,25.820064317999822,1.335988998413086,1.396484375
fold0_seed43,cova3d_c100_frg_fold0_seed43,C100_FRG,0,43,3037986844,7867253cd03cdbae0ae68868c43e5b28e3558428f7a4b939da65fcfb42973194,aa8a8fda9b0b9f826033bf5511d1a9a49841e086699f3325b6b3d60c374b0dc4,35,36,120,2160,0.1999554866445275,0.10265205660020153,0.09730342924594879,7953,3936,4,50,33,37,0,0,1024.0,1024.0,1024.0,8.515424030988166,216.61380004882812,1.0908065214729997e-05,25.84647304000009,1.335988998413086,1.396484375
fold0_seed43,cova3d_c100_frg_fold0_seed43,C100_FRG,0,43,3037986844,7867253cd03cdbae0ae68868c43e5b28e3558428f7a4b939da65fcfb42973194,aa8a8fda9b0b9f826033bf5511d1a9a49841e086699f3325b6b3d60c374b0dc4,36,37,120,2220,0.0986302352618831,0.03856450253064168,0.060065733393033345,8061,4096,0,65,33,22,0,0,1024.0,1024.0,1024.0,3.0404641730089983,11.736541748046875,7.465773747813819e-06,25.818146537999382,1.335988998413086,1.396484375
fold0_seed43,cova3d_c100_frg_fold0_seed43,C100_FRG,0,43,3037986844,7867253cd03cdbae0ae68868c43e5b28e3558428f7a4b939da65fcfb42973194,aa8a8fda9b0b9f826033bf5511d1a9a49841e086699f3325b6b3d60c374b0dc4,37,38,120,2280,0.09341281896464108,0.03964849992423849,0.05376431991656621,8159,4164,0,67,30,23,0,0,1024.0,1024.0,1024.0,4.428768414817751,31.849830627441406,4.990354727730315e-06,25.827207885000462,1.335988998413086,1.396484375
fold0_seed43,cova3d_c100_frg_fold0_seed43,C100_FRG,0,43,3037986844,7867253cd03cdbae0ae68868c43e5b28e3558428f7a4b939da65fcfb42973194,aa8a8fda9b0b9f826033bf5511d1a9a49841e086699f3325b6b3d60c374b0dc4,38,39,120,2340,0.10120482417877506,0.04518078048231218,0.05602404326200485,7851,3930,2,55,31,34,0,0,1024.0,1024.0,1024.0,4.5363997904739035,38.22146987915039,3.498425138561358e-06,25.84540906700022,1.335988998413086,1.396484375
fold0_seed43,cova3d_c100_frg_fold0_seed43,C100_FRG,0,43,3037986844,7867253cd03cdbae0ae68868c43e5b28e3558428f7a4b939da65fcfb42973194,aa8a8fda9b0b9f826033bf5511d1a9a49841e086699f3325b6b3d60c374b0dc4,39,40,120,2400,0.1493049235347674,0.08329042328488162,0.06601450244585673,8235,4088,1,67,27,26,0,0,1024.0,1024.0,1024.0,6.6288993864009775,176.3578643798828,3e-06,25.79704581399983,1.335988998413086,1.396484375
