batch_id,run_id,condition,outer_fold,seed,initialization_seed,shared_initialization_sha256,paired_plan_sha256,epoch,epoch_1based,logical_microbatches,successful_optimizer_steps_total,mean_loss,mean_partial_bce,mean_partial_dice_fp32,labelled_voxels_seen,foreground_voxels_seen,zero_label_microbatches,foreground_centered,background_centered,uniform_crop,amp_overflow_events,amp_retry_attempts,amp_scale_min,amp_scale_max,amp_scale_end,mean_preclip_grad_norm,max_preclip_grad_norm,learning_rate_end,epoch_seconds,peak_allocated_gb,peak_reserved_gb
fold3_seed43,cova3d_c50_coh_fold3_seed43,C50_COH,3,43,3973010882,ceb8281d0005ac653bb0204f085c0f4c050eb0e926e22aec433020e005874350,3733319e86c521bfe7a665965e8e78ae85eccbb27a5861f94b5fad76ff3913ae,0,1,120,60,2.0013473495375367,1.5927371275456002,0.40861021826664606,4999,2879,0,59,36,25,2,2,1024.0,4096.0,1024.0,93.18548580805461,341.7657165527344,0.00017999999999999998,25.740275384000597,1.3346080780029297,1.361328125
fold3_seed43,cova3d_c50_coh_fold3_seed43,C50_COH,3,43,3973010882,ceb8281d0005ac653bb0204f085c0f4c050eb0e926e22aec433020e005874350,3733319e86c521bfe7a665965e8e78ae85eccbb27a5861f94b5fad76ff3913ae,1,2,120,120,0.8494613428056861,0.5335712592020475,0.3158900797367096,4828,2692,3,68,30,22,0,0,1024.0,1024.0,1024.0,22.880360207955043,100.87093353271484,0.0002999445918673937,25.150256673000513,1.3346080780029297,1.361328125
fold3_seed43,cova3d_c50_coh_fold3_seed43,C50_COH,3,43,3973010882,ceb8281d0005ac653bb0204f085c0f4c050eb0e926e22aec433020e005874350,3733319e86c521bfe7a665965e8e78ae85eccbb27a5861f94b5fad76ff3913ae,2,3,120,180,0.5869016904655534,0.31682269427304466,0.27007899930079776,5027,2649,2,57,39,24,0,0,1024.0,1024.0,1024.0,11.962451495726903,88.14015197753906,0.0002991142965839822,26.39422663000005,1.3346080780029297,1.361328125
fold3_seed43,cova3d_c50_coh_fold3_seed43,C50_COH,3,43,3973010882,ceb8281d0005ac653bb0204f085c0f4c050eb0e926e22aec433020e005874350,3733319e86c521bfe7a665965e8e78ae85eccbb27a5861f94b5fad76ff3913ae,3,4,120,240,0.5453514743673925,0.2899351132102311,0.25541636099418,4770,2662,2,59,29,32,0,0,1024.0,1024.0,1024.0,8.198250678181648,26.00482177734375,0.0002972930965702204,27.432840924999255,1.3346080780029297,1.361328125
fold3_seed43,cova3d_c50_coh_fold3_seed43,C50_COH,3,43,3973010882,ceb8281d0005ac653bb0204f085c0f4c050eb0e926e22aec433020e005874350,3733319e86c521bfe7a665965e8e78ae85eccbb27a5861f94b5fad76ff3913ae,4,5,120,300,0.44081257392341894,0.19607803817634703,0.2447345346212387,5070,2760,4,52,25,43,0,0,1024.0,1024.0,1024.0,7.245028408865134,42.17400360107422,0.0002944932171711482,26.250118404000204,1.3346080780029297,1.361328125
fold3_seed43,cova3d_c50_coh_fold3_seed43,C50_COH,3,43,3973010882,ceb8281d0005ac653bb0204f085c0f4c050eb0e926e22aec433020e005874350,3733319e86c521bfe7a665965e8e78ae85eccbb27a5861f94b5fad76ff3913ae,5,6,120,360,0.4043212202959391,0.1717641690669249,0.2325570523738861,4742,2453,3,54,27,39,0,0,1024.0,1024.0,1024.0,5.447400609652202,23.506210327148438,0.000290733453407337,26.173616852000123,1.3346080780029297,1.361328125
fold3_seed43,cova3d_c50_coh_fold3_seed43,C50_COH,3,43,3973010882,ceb8281d0005ac653bb0204f085c0f4c050eb0e926e22aec433020e005874350,3733319e86c521bfe7a665965e8e78ae85eccbb27a5861f94b5fad76ff3913ae,6,7,120,420,0.35887038175957664,0.13894886439205342,0.21992151538530985,4615,2463,3,53,36,31,0,0,1024.0,1024.0,1024.0,5.341586207598448,33.40625,0.0002860390438077423,26.704183149000528,1.3346080780029297,1.361328125
fold3_seed43,cova3d_c50_coh_fold3_seed43,C50_COH,3,43,3973010882,ceb8281d0005ac653bb0204f085c0f4c050eb0e926e22aec433020e005874350,3733319e86c521bfe7a665965e8e78ae85eccbb27a5861f94b5fad76ff3913ae,7,8,120,480,0.3028417099567984,0.11424903052344841,0.18859267880519232,4845,2697,0,63,30,27,0,0,1024.0,1024.0,1024.0,4.491757620871067,20.391448974609375,0.00028044150098859483,26.376296655999795,1.3346080780029297,1.361328125
fold3_seed43,cova3d_c50_coh_fold3_seed43,C50_COH,3,43,3973010882,ceb8281d0005ac653bb0204f085c0f4c050eb0e926e22aec433020e005874350,3733319e86c521bfe7a665965e8e78ae85eccbb27a5861f94b5fad76ff3913ae,8,9,120,540,0.30855789388078847,0.125009189308048,0.18354870279630026,4909,2643,2,69,24,27,0,0,1024.0,1024.0,1024.0,4.721424533426761,17.584714889526367,0.0002739784001156218,26.257448395999745,1.3346080780029297,1.361328125
fold3_seed43,cova3d_c50_coh_fold3_seed43,C50_COH,3,43,3973010882,ceb8281d0005ac653bb0204f085c0f4c050eb0e926e22aec433020e005874350,3733319e86c521bfe7a665965e8e78ae85eccbb27a5861f94b5fad76ff3913ae,9,10,120,600,0.33773332641406645,0.13917856677726376,0.19855476121107737,4546,2330,2,54,35,31,0,0,1024.0,1024.0,1024.0,6.331352038681507,48.94887924194336,0.0002666931266696063,26.3602938970007,1.3346080780029297,1.361328125
fold3_seed43,cova3d_c50_coh_fold3_seed43,C50_COH,3,43,3973010882,ceb8281d0005ac653bb0204f085c0f4c050eb0e926e22aec433020e005874350,3733319e86c521bfe7a665965e8e78ae85eccbb27a5861f94b5fad76ff3913ae,10,11,120,660,0.33417441751347116,0.11107548300963875,0.2230989341934522,4853,2522,0,56,35,29,0,0,1024.0,1024.0,1024.0,3.749346399307251,18.838607788085938,0.0002586345852084849,26.467726580999624,1.3346080780029297,1.361328125
fold3_seed43,cova3d_c50_coh_fold3_seed43,C50_COH,3,43,3973010882,ceb8281d0005ac653bb0204f085c0f4c050eb0e926e22aec433020e005874350,3733319e86c521bfe7a665965e8e78ae85eccbb27a5861f94b5fad76ff3913ae,11,12,120,720,0.27545504207610066,0.09650579010425038,0.17894924978415172,4646,2564,1,62,27,31,0,0,1024.0,1024.0,1024.0,3.7229624768408636,24.422962188720703,0.0002498568710810032,26.310515248999764,1.3346080780029297,1.361328125
fold3_seed43,cova3d_c50_coh_fold3_seed43,C50_COH,3,43,3973010882,ceb8281d0005ac653bb0204f085c0f4c050eb0e926e22aec433020e005874350,3733319e86c521bfe7a665965e8e78ae85eccbb27a5861f94b5fad76ff3913ae,12,13,120,780,0.2936260032421615,0.06159673149894237,0.23202927360932032,4623,2539,2,49,30,41,0,0,1024.0,1024.0,1024.0,2.3475188566565826,12.518688201904297,0.0002404189072956492,26.203792379000333,1.3346080780029297,1.361328125
fold3_seed43,cova3d_c50_coh_fold3_seed43,C50_COH,3,43,3973010882,ceb8281d0005ac653bb0204f085c0f4c050eb0e926e22aec433020e005874350,3733319e86c521bfe7a665965e8e78ae85eccbb27a5861f94b5fad76ff3913ae,13,14,120,840,0.2206693715815201,0.05862444921656713,0.16204492300748824,4843,2654,2,60,30,30,0,0,1024.0,1024.0,1024.0,3.288841741035382,30.43668556213379,0.00023038404898248976,26.20561876100055,1.3346080780029297,1.361328125
fold3_seed43,cova3d_c50_coh_fold3_seed43,C50_COH,3,43,3973010882,ceb8281d0005ac653bb0204f085c0f4c050eb0e926e22aec433020e005874350,3733319e86c521bfe7a665965e8e78ae85eccbb27a5861f94b5fad76ff3913ae,14,15,120,900,0.20282488129281925,0.06017410372381846,0.1426507756114006,4843,2649,3,60,34,26,0,0,1024.0,1024.0,1024.0,2.8204000726963083,17.837135314941406,0.00021981965810307605,26.186677924999458,1.3346080780029297,1.361328125
fold3_seed43,cova3d_c50_coh_fold3_seed43,C50_COH,3,43,3973010882,ceb8281d0005ac653bb0204f085c0f4c050eb0e926e22aec433020e005874350,3733319e86c521bfe7a665965e8e78ae85eccbb27a5861f94b5fad76ff3913ae,15,16,120,960,0.26363418911878017,0.07181971950970288,0.1918144697944323,4864,2663,4,55,34,31,0,0,1024.0,1024.0,1024.0,3.889370581631859,32.23862075805664,0.00020879665126330557,26.230473878999874,1.3346080780029297,1.361328125
fold3_seed43,cova3d_c50_coh_fold3_seed43,C50_COH,3,43,3973010882,ceb8281d0005ac653bb0204f085c0f4c050eb0e926e22aec433020e005874350,3733319e86c521bfe7a665965e8e78ae85eccbb27a5861f94b5fad76ff3913ae,16,17,120,1020,0.20285145075200336,0.06688473191327754,0.13596672018369038,5183,2979,2,61,24,35,0,0,1024.0,1024.0,1024.0,3.433653715030717,21.96680450439453,0.00019738902366467966,26.16865011200025,1.3346080780029297,1.361328125
fold3_seed43,cova3d_c50_coh_fold3_seed43,C50_COH,3,43,3973010882,ceb8281d0005ac653bb0204f085c0f4c050eb0e926e22aec433020e005874350,3733319e86c521bfe7a665965e8e78ae85eccbb27a5861f94b5fad76ff3913ae,17,18,120,1080,0.23109067969847577,0.053871880207922614,0.1772187978029251,4485,2334,2,69,20,31,0,0,1024.0,1024.0,1024.0,3.586948162658761,29.77863311767578,0.00018567335238957547,26.241897847000473,1.3346080780029297,1.361328125
fold3_seed43,cova3d_c50_coh_fold3_seed43,C50_COH,3,43,3973010882,ceb8281d0005ac653bb0204f085c0f4c050eb0e926e22aec433020e005874350,3733319e86c521bfe7a665965e8e78ae85eccbb27a5861f94b5fad76ff3913ae,18,19,120,1140,0.15564018651268768,0.04522139694999412,0.11041878759860993,4892,2766,3,69,30,21,0,0,1024.0,1024.0,1024.0,3.125472905505497,31.955181121826172,0.0001737282823548769,26.100322436999704,1.3346080780029297,1.361328125
fold3_seed43,cova3d_c50_coh_fold3_seed43,C50_COH,3,43,3973010882,ceb8281d0005ac653bb0204f085c0f4c050eb0e926e22aec433020e005874350,3733319e86c521bfe7a665965e8e78ae85eccbb27a5861f94b5fad76ff3913ae,19,20,120,1200,0.23783885901881127,0.05062843453441075,0.18721042474110922,4548,2480,4,54,33,33,0,0,1024.0,1024.0,1024.0,3.1148676738142966,21.59672737121582,0.00016163399838465363,26.131413434000024,1.3346080780029297,1.361328125
fold3_seed43,cova3d_c50_coh_fold3_seed43,C50_COH,3,43,3973010882,ceb8281d0005ac653bb0204f085c0f4c050eb0e926e22aec433020e005874350,3733319e86c521bfe7a665965e8e78ae85eccbb27a5861f94b5fad76ff3913ae,20,21,120,1260,0.19020616150069714,0.040115682909555514,0.15009047637383144,4685,2311,4,61,30,29,0,0,1024.0,1024.0,1024.0,2.718664719926892,32.70196533203125,0.00014947168694575625,26.370589030999326,1.3346080780029297,1.361328125
fold3_seed43,cova3d_c50_coh_fold3_seed43,C50_COH,3,43,3973010882,ceb8281d0005ac653bb0204f085c0f4c050eb0e926e22aec433020e005874350,3733319e86c521bfe7a665965e8e78ae85eccbb27a5861f94b5fad76ff3913ae,21,22,120,1320,0.18605645250690847,0.0323259602074297,0.15373049279054005,4884,2490,4,62,33,25,0,0,1024.0,1024.0,1024.0,3.133971245835225,63.16045379638672,0.0001373229911595876,26.172929931,1.3346080780029297,1.361328125
fold3_seed43,cova3d_c50_coh_fold3_seed43,C50_COH,3,43,3973010882,ceb8281d0005ac653bb0204f085c0f4c050eb0e926e22aec433020e005874350,3733319e86c521bfe7a665965e8e78ae85eccbb27a5861f94b5fad76ff3913ae,22,23,120,1380,0.16589149446218887,0.028171133878436193,0.13772035886844,4914,2699,2,57,31,32,0,0,1024.0,1024.0,1024.0,2.4875440873603414,22.734573364257812,0.00012526946274844474,26.241489989999536,1.3346080780029297,1.361328125
fold3_seed43,cova3d_c50_coh_fold3_seed43,C50_COH,3,43,3973010882,ceb8281d0005ac653bb0204f085c0f4c050eb0e926e22aec433020e005874350,3733319e86c521bfe7a665965e8e78ae85eccbb27a5861f94b5fad76ff3913ae,23,24,120,1440,0.14314090560284976,0.019678441860230777,0.12346246341864268,4701,2590,2,54,30,36,0,0,1024.0,1024.0,1024.0,2.404531686345581,27.055957794189453,0.00011339201459540494,26.19235349200062,1.3346080780029297,1.361328125
fold3_seed43,cova3d_c50_coh_fold3_seed43,C50_COH,3,43,3973010882,ceb8281d0005ac653bb0204f085c0f4c050eb0e926e22aec433020e005874350,3733319e86c521bfe7a665965e8e78ae85eccbb27a5861f94b5fad76ff3913ae,24,25,120,1500,0.15615589013708206,0.0340266484013852,0.12212924162546794,4687,2531,1,58,38,24,0,0,1024.0,1024.0,1024.0,2.327508127777643,25.226381301879883,0.00010177037759260854,26.081392634000622,1.3346080780029297,1.361328125
fold3_seed43,cova3d_c50_coh_fold3_seed43,C50_COH,3,43,3973010882,ceb8281d0005ac653bb0204f085c0f4c050eb0e926e22aec433020e005874350,3733319e86c521bfe7a665965e8e78ae85eccbb27a5861f94b5fad76ff3913ae,25,26,120,1560,0.14426627776887446,0.029408300077732954,0.11485797862211863,4234,2326,1,58,33,29,0,0,1024.0,1024.0,1024.0,2.513789221974245,20.139270782470703,9.048256542400759e-05,26.030767049000133,1.3346080780029297,1.361328125
fold3_seed43,cova3d_c50_coh_fold3_seed43,C50_COH,3,43,3973010882,ceb8281d0005ac653bb0204f085c0f4c050eb0e926e22aec433020e005874350,3733319e86c521bfe7a665965e8e78ae85eccbb27a5861f94b5fad76ff3913ae,26,27,120,1620,0.08185743512909435,0.021235267552816357,0.0606221670905749,4841,2804,3,66,29,25,0,0,1024.0,1024.0,1024.0,2.7256031895415314,23.83624267578125,7.960435087538242e-05,26.054015952000555,1.3346080780029297,1.361328125
fold3_seed43,cova3d_c50_coh_fold3_seed43,C50_COH,3,43,3973010882,ceb8281d0005ac653bb0204f085c0f4c050eb0e926e22aec433020e005874350,3733319e86c521bfe7a665965e8e78ae85eccbb27a5861f94b5fad76ff3913ae,27,28,120,1680,0.08640028349038545,0.020301286481225856,0.06609899799029033,5059,2753,2,57,31,32,0,0,1024.0,1024.0,1024.0,2.398768689301505,25.210033416748047,6.920875718705205e-05,26.02445214399995,1.3346080780029297,1.361328125
fold3_seed43,cova3d_c50_coh_fold3_seed43,C50_COH,3,43,3973010882,ceb8281d0005ac653bb0204f085c0f4c050eb0e926e22aec433020e005874350,3733319e86c521bfe7a665965e8e78ae85eccbb27a5861f94b5fad76ff3913ae,28,29,120,1740,0.1482246881108921,0.026364225588240822,0.12186046242713929,5089,2769,1,59,35,26,0,0,1024.0,1024.0,1024.0,3.065087963237117,48.01555252075195,5.936556786372413e-05,26.017527954000798,1.3346080780029297,1.361328125
fold3_seed43,cova3d_c50_coh_fold3_seed43,C50_COH,3,43,3973010882,ceb8281d0005ac653bb0204f085c0f4c050eb0e926e22aec433020e005874350,3733319e86c521bfe7a665965e8e78ae85eccbb27a5861f94b5fad76ff3913ae,29,30,120,1800,0.15173813724622504,0.015779881026262137,0.1359582578142484,5047,2656,2,48,41,31,0,0,1024.0,1024.0,1024.0,2.2955677522601037,25.68233299255371,5.014085823202989e-05,26.020072756000445,1.3346080780029297,1.361328125
fold3_seed43,cova3d_c50_coh_fold3_seed43,C50_COH,3,43,3973010882,ceb8281d0005ac653bb0204f085c0f4c050eb0e926e22aec433020e005874350,3733319e86c521bfe7a665965e8e78ae85eccbb27a5861f94b5fad76ff3913ae,30,31,120,1860,0.08659636577081359,0.0070546970084621515,0.07954166879256566,4776,2649,2,80,16,24,0,0,1024.0,1024.0,1024.0,0.988635646525654,7.398708343505859,4.159655189030408e-05,25.874763488999633,1.3346080780029297,1.361328125
fold3_seed43,cova3d_c50_coh_fold3_seed43,C50_COH,3,43,3973010882,ceb8281d0005ac653bb0204f085c0f4c050eb0e926e22aec433020e005874350,3733319e86c521bfe7a665965e8e78ae85eccbb27a5861f94b5fad76ff3913ae,31,32,120,1920,0.11215043052419058,0.012655812176119675,0.09949461867411931,4878,2630,1,56,32,32,0,0,1024.0,1024.0,1024.0,2.1391745099346737,28.18454360961914,3.379000502807257e-05,25.954173476000506,1.3346080780029297,1.361328125
fold3_seed43,cova3d_c50_coh_fold3_seed43,C50_COH,3,43,3973010882,ceb8281d0005ac653bb0204f085c0f4c050eb0e926e22aec433020e005874350,3733319e86c521bfe7a665965e8e78ae85eccbb27a5861f94b5fad76ff3913ae,32,33,120,1980,0.09872039386288103,0.017788529589305647,0.08093186467885971,5100,2691,5,57,25,38,0,0,1024.0,1024.0,1024.0,2.821154116844506,30.80255126953125,2.6773621405624713e-05,25.993394029999763,1.3346080780029297,1.361328125
fold3_seed43,cova3d_c50_coh_fold3_seed43,C50_COH,3,43,3973010882,ceb8281d0005ac653bb0204f085c0f4c050eb0e926e22aec433020e005874350,3733319e86c521bfe7a665965e8e78ae85eccbb27a5861f94b5fad76ff3913ae,33,34,120,2040,0.08627435491991389,0.012389565749752996,0.07388479014237721,4883,2644,4,66,31,23,0,0,1024.0,1024.0,1024.0,2.3396140856157217,34.822357177734375,2.059450057823627e-05,25.889685167000607,1.3346080780029297,1.361328125
fold3_seed43,cova3d_c50_coh_fold3_seed43,C50_COH,3,43,3973010882,ceb8281d0005ac653bb0204f085c0f4c050eb0e926e22aec433020e005874350,3733319e86c521bfe7a665965e8e78ae85eccbb27a5861f94b5fad76ff3913ae,34,35,120,2100,0.1395540643374464,0.04351668459626469,0.09603738139073054,4666,2547,3,51,33,36,0,0,1024.0,1024.0,1024.0,3.881712935010061,39.9621467590332,1.5294121726440254e-05,25.919733866999195,1.3346080780029297,1.361328125
fold3_seed43,cova3d_c50_coh_fold3_seed43,C50_COH,3,43,3973010882,ceb8281d0005ac653bb0204f085c0f4c050eb0e926e22aec433020e005874350,3733319e86c521bfe7a665965e8e78ae85eccbb27a5861f94b5fad76ff3913ae,35,36,120,2160,0.06336714993112734,0.006069524589258584,0.05729762464761734,4845,2559,0,65,29,26,0,0,1024.0,1024.0,1024.0,1.754913804641304,24.55286979675293,1.0908065214729997e-05,25.83815278699967,1.3346080780029297,1.361328125
fold3_seed43,cova3d_c50_coh_fold3_seed43,C50_COH,3,43,3973010882,ceb8281d0005ac653bb0204f085c0f4c050eb0e926e22aec433020e005874350,3733319e86c521bfe7a665965e8e78ae85eccbb27a5861f94b5fad76ff3913ae,36,37,120,2220,0.08000304539894301,0.010359914160667975,0.06964313238859177,4835,2889,2,70,22,28,0,0,1024.0,1024.0,1024.0,2.326042841348802,33.85480499267578,7.465773747813819e-06,25.790329075000045,1.3346080780029297,1.361328125
fold3_seed43,cova3d_c50_coh_fold3_seed43,C50_COH,3,43,3973010882,ceb8281d0005ac653bb0204f085c0f4c050eb0e926e22aec433020e005874350,3733319e86c521bfe7a665965e8e78ae85eccbb27a5861f94b5fad76ff3913ae,37,38,120,2280,0.10595594484038055,0.028068078688037623,0.07788786540428798,4856,2569,1,59,31,30,0,0,1024.0,1024.0,1024.0,4.011706629629771,83.356201171875,4.990354727730315e-06,25.837961412999903,1.3346080780029297,1.361328125
fold3_seed43,cova3d_c50_coh_fold3_seed43,C50_COH,3,43,3973010882,ceb8281d0005ac653bb0204f085c0f4c050eb0e926e22aec433020e005874350,3733319e86c521bfe7a665965e8e78ae85eccbb27a5861f94b5fad76ff3913ae,38,39,120,2340,0.08672885333775465,0.01809881322735594,0.06863004068533579,5007,2730,2,69,19,32,0,0,1024.0,1024.0,1024.0,1.9077953650019481,28.35236358642578,3.498425138561358e-06,25.99133835399971,1.3346080780029297,1.361328125
fold3_seed43,cova3d_c50_coh_fold3_seed43,C50_COH,3,43,3973010882,ceb8281d0005ac653bb0204f085c0f4c050eb0e926e22aec433020e005874350,3733319e86c521bfe7a665965e8e78ae85eccbb27a5861f94b5fad76ff3913ae,39,40,120,2400,0.08680679711807278,0.02054545756911983,0.0662613386909167,5180,2803,3,69,27,24,0,0,1024.0,1024.0,1024.0,2.9569354062578594,33.06962966918945,3e-06,25.860152954000114,1.3346080780029297,1.361328125
fold3_seed43,cova3d_c50_dis_fold3_seed43,C50_DIS,3,43,3973010882,ceb8281d0005ac653bb0204f085c0f4c050eb0e926e22aec433020e005874350,3733319e86c521bfe7a665965e8e78ae85eccbb27a5861f94b5fad76ff3913ae,0,1,120,60,2.0786143496632574,1.6444844572494428,0.4341298907995224,4866,2749,0,59,36,25,2,2,1024.0,4096.0,1024.0,95.54336061477662,338.0157165527344,0.00017999999999999998,27.194946734999576,1.3343944549560547,1.361328125
fold3_seed43,cova3d_c50_dis_fold3_seed43,C50_DIS,3,43,3973010882,ceb8281d0005ac653bb0204f085c0f4c050eb0e926e22aec433020e005874350,3733319e86c521bfe7a665965e8e78ae85eccbb27a5861f94b5fad76ff3913ae,1,2,120,120,1.0706262233744686,0.7074625378940255,0.3631636823217074,5011,2873,2,68,30,22,0,0,1024.0,1024.0,1024.0,26.103727618853252,90.1611099243164,0.0002999445918673937,26.31462850600019,1.3343944549560547,1.361328125
fold3_seed43,cova3d_c50_dis_fold3_seed43,C50_DIS,3,43,3973010882,ceb8281d0005ac653bb0204f085c0f4c050eb0e926e22aec433020e005874350,3733319e86c521bfe7a665965e8e78ae85eccbb27a5861f94b5fad76ff3913ae,2,3,120,180,0.856447015524221,0.5096605764469132,0.3467864394187927,5052,2692,1,57,39,24,0,0,1024.0,1024.0,1024.0,10.72835480372111,31.266613006591797,0.0002991142965839822,26.086934997000753,1.3343944549560547,1.361328125
fold3_seed43,cova3d_c50_dis_fold3_seed43,C50_DIS,3,43,3973010882,ceb8281d0005ac653bb0204f085c0f4c050eb0e926e22aec433020e005874350,3733319e86c521bfe7a665965e8e78ae85eccbb27a5861f94b5fad76ff3913ae,3,4,120,240,0.790174724192669,0.461005667798842,0.3291690563162168,4748,2643,2,59,29,32,0,0,1024.0,1024.0,1024.0,8.190553913513819,38.88843536376953,0.0002972930965702204,26.13676365900028,1.3343944549560547,1.361328125
fold3_seed43,cova3d_c50_dis_fold3_seed43,C50_DIS,3,43,3973010882,ceb8281d0005ac653bb0204f085c0f4c050eb0e926e22aec433020e005874350,3733319e86c521bfe7a665965e8e78ae85eccbb27a5861f94b5fad76ff3913ae,4,5,120,300,0.6685300812746088,0.37577082283096386,0.29275925904512407,5077,2763,2,52,25,43,0,0,1024.0,1024.0,1024.0,6.760583142439525,21.252695083618164,0.0002944932171711482,26.236221174999628,1.3343944549560547,1.361328125
fold3_seed43,cova3d_c50_dis_fold3_seed43,C50_DIS,3,43,3973010882,ceb8281d0005ac653bb0204f085c0f4c050eb0e926e22aec433020e005874350,3733319e86c521bfe7a665965e8e78ae85eccbb27a5861f94b5fad76ff3913ae,5,6,120,360,0.6112106482265517,0.3142983637129267,0.29691228369871775,4771,2493,2,54,27,39,0,0,1024.0,1024.0,1024.0,6.411913591623306,21.601652145385742,0.000290733453407337,26.162774778999847,1.3343944549560547,1.361328125
fold3_seed43,cova3d_c50_dis_fold3_seed43,C50_DIS,3,43,3973010882,ceb8281d0005ac653bb0204f085c0f4c050eb0e926e22aec433020e005874350,3733319e86c521bfe7a665965e8e78ae85eccbb27a5861f94b5fad76ff3913ae,6,7,120,420,0.6683363377970333,0.3597905439712728,0.3085457925995191,4735,2583,3,53,36,31,0,0,1024.0,1024.0,1024.0,8.502858583132426,24.494585037231445,0.0002860390438077423,26.226432693999413,1.3343944549560547,1.361328125
fold3_seed43,cova3d_c50_dis_fold3_seed43,C50_DIS,3,43,3973010882,ceb8281d0005ac653bb0204f085c0f4c050eb0e926e22aec433020e005874350,3733319e86c521bfe7a665965e8e78ae85eccbb27a5861f94b5fad76ff3913ae,7,8,120,480,0.5247326968819834,0.267618395331859,0.25711430261532464,4888,2744,0,63,30,27,0,0,1024.0,1024.0,1024.0,6.2673191130161285,21.11280632019043,0.00028044150098859483,26.347302249999302,1.3343944549560547,1.361328125
fold3_seed43,cova3d_c50_dis_fold3_seed43,C50_DIS,3,43,3973010882,ceb8281d0005ac653bb0204f085c0f4c050eb0e926e22aec433020e005874350,3733319e86c521bfe7a665965e8e78ae85eccbb27a5861f94b5fad76ff3913ae,8,9,120,540,0.48435789296248305,0.2594445935334079,0.22491329809029897,4898,2671,2,69,24,27,0,0,1024.0,1024.0,1024.0,6.650072467327118,25.18631362915039,0.0002739784001156218,26.24136845799967,1.3343944549560547,1.361328125
fold3_seed43,cova3d_c50_dis_fold3_seed43,C50_DIS,3,43,3973010882,ceb8281d0005ac653bb0204f085c0f4c050eb0e926e22aec433020e005874350,3733319e86c521bfe7a665965e8e78ae85eccbb27a5861f94b5fad76ff3913ae,9,10,120,600,0.5083203138085082,0.25633438970932426,0.2519859239459038,4536,2299,1,54,35,31,0,0,1024.0,1024.0,1024.0,6.303044109543165,32.41292953491211,0.0002666931266696063,26.09108561299945,1.3343944549560547,1.361328125
fold3_seed43,cova3d_c50_dis_fold3_seed43,C50_DIS,3,43,3973010882,ceb8281d0005ac653bb0204f085c0f4c050eb0e926e22aec433020e005874350,3733319e86c521bfe7a665965e8e78ae85eccbb27a5861f94b5fad76ff3913ae,10,11,120,660,0.5052378054979878,0.23158415765501558,0.2736536497871081,5072,2705,0,56,35,29,0,0,1024.0,1024.0,1024.0,6.7302093287309015,49.863731384277344,0.0002586345852084849,26.04077593799957,1.3343944549560547,1.361328125
fold3_seed43,cova3d_c50_dis_fold3_seed43,C50_DIS,3,43,3973010882,ceb8281d0005ac653bb0204f085c0f4c050eb0e926e22aec433020e005874350,3733319e86c521bfe7a665965e8e78ae85eccbb27a5861f94b5fad76ff3913ae,11,12,120,720,0.42977137710355845,0.2120626021157174,0.2177087773879369,4520,2467,1,62,27,31,0,0,1024.0,1024.0,1024.0,6.310148629546165,20.843076705932617,0.0002498568710810032,26.077060687000085,1.3343944549560547,1.361328125
fold3_seed43,cova3d_c50_dis_fold3_seed43,C50_DIS,3,43,3973010882,ceb8281d0005ac653bb0204f085c0f4c050eb0e926e22aec433020e005874350,3733319e86c521bfe7a665965e8e78ae85eccbb27a5861f94b5fad76ff3913ae,12,13,120,780,0.41519879586606595,0.17623257817206953,0.23896621813376745,4573,2489,1,49,30,41,0,0,1024.0,1024.0,1024.0,6.696280179421107,34.420562744140625,0.0002404189072956492,26.214660992000063,1.3343944549560547,1.361328125
fold3_seed43,cova3d_c50_dis_fold3_seed43,C50_DIS,3,43,3973010882,ceb8281d0005ac653bb0204f085c0f4c050eb0e926e22aec433020e005874350,3733319e86c521bfe7a665965e8e78ae85eccbb27a5861f94b5fad76ff3913ae,13,14,120,840,0.34417224525483714,0.1497832150758768,0.19438902934392294,4830,2644,2,60,30,30,0,0,1024.0,1024.0,1024.0,5.298212125400702,24.66339874267578,0.00023038404898248976,26.11573352600044,1.3343944549560547,1.361328125
fold3_seed43,cova3d_c50_dis_fold3_seed43,C50_DIS,3,43,3973010882,ceb8281d0005ac653bb0204f085c0f4c050eb0e926e22aec433020e005874350,3733319e86c521bfe7a665965e8e78ae85eccbb27a5861f94b5fad76ff3913ae,14,15,120,900,0.2816886772906097,0.12267347856880709,0.15901519805192948,4946,2709,3,60,34,26,0,0,1024.0,1024.0,1024.0,5.525538126875957,33.93027114868164,0.00021981965810307605,26.02510928599986,1.3343944549560547,1.361328125
fold3_seed43,cova3d_c50_dis_fold3_seed43,C50_DIS,3,43,3973010882,ceb8281d0005ac653bb0204f085c0f4c050eb0e926e22aec433020e005874350,3733319e86c521bfe7a665965e8e78ae85eccbb27a5861f94b5fad76ff3913ae,15,16,120,960,0.35093174397574484,0.13484769735948798,0.2160840441783269,4853,2655,2,55,34,31,0,0,1024.0,1024.0,1024.0,5.304327533642451,35.07518768310547,0.00020879665126330557,25.998139989000265,1.3343944549560547,1.361328125
fold3_seed43,cova3d_c50_dis_fold3_seed43,C50_DIS,3,43,3973010882,ceb8281d0005ac653bb0204f085c0f4c050eb0e926e22aec433020e005874350,3733319e86c521bfe7a665965e8e78ae85eccbb27a5861f94b5fad76ff3913ae,16,17,120,1020,0.25564560872180664,0.10611261433141408,0.14953299562136332,4986,2840,2,61,24,35,0,0,1024.0,1024.0,1024.0,4.8079382276783384,18.88416290283203,0.00019738902366467966,25.868321916999776,1.3343944549560547,1.361328125
fold3_seed43,cova3d_c50_dis_fold3_seed43,C50_DIS,3,43,3973010882,ceb8281d0005ac653bb0204f085c0f4c050eb0e926e22aec433020e005874350,3733319e86c521bfe7a665965e8e78ae85eccbb27a5861f94b5fad76ff3913ae,17,18,120,1080,0.24409483739012405,0.09911868130525363,0.14497615645329157,4448,2284,2,69,20,31,0,0,1024.0,1024.0,1024.0,5.963215672845641,48.878395080566406,0.00018567335238957547,25.943979480000053,1.3343944549560547,1.361328125
fold3_seed43,cova3d_c50_dis_fold3_seed43,C50_DIS,3,43,3973010882,ceb8281d0005ac653bb0204f085c0f4c050eb0e926e22aec433020e005874350,3733319e86c521bfe7a665965e8e78ae85eccbb27a5861f94b5fad76ff3913ae,18,19,120,1140,0.266505269947235,0.11183799848904527,0.15466726968685787,4947,2835,2,69,30,21,0,0,1024.0,1024.0,1024.0,5.678439724134902,33.261940002441406,0.0001737282823548769,25.77595361800013,1.3343944549560547,1.361328125
fold3_seed43,cova3d_c50_dis_fold3_seed43,C50_DIS,3,43,3973010882,ceb8281d0005ac653bb0204f085c0f4c050eb0e926e22aec433020e005874350,3733319e86c521bfe7a665965e8e78ae85eccbb27a5861f94b5fad76ff3913ae,19,20,120,1200,0.26106502650679125,0.09908702561000003,0.1619780013958613,4680,2601,2,54,33,33,0,0,1024.0,1024.0,1024.0,4.533963406831026,28.091228485107422,0.00016163399838465363,25.789821798999583,1.3343944549560547,1.361328125
fold3_seed43,cova3d_c50_dis_fold3_seed43,C50_DIS,3,43,3973010882,ceb8281d0005ac653bb0204f085c0f4c050eb0e926e22aec433020e005874350,3733319e86c521bfe7a665965e8e78ae85eccbb27a5861f94b5fad76ff3913ae,20,21,120,1260,0.2445555546392522,0.07704181396487304,0.16751374204953512,4795,2356,2,61,30,29,0,0,1024.0,1024.0,1024.0,4.283615562878549,16.335018157958984,0.00014947168694575625,25.89241519299958,1.3343944549560547,1.361328125
fold3_seed43,cova3d_c50_dis_fold3_seed43,C50_DIS,3,43,3973010882,ceb8281d0005ac653bb0204f085c0f4c050eb0e926e22aec433020e005874350,3733319e86c521bfe7a665965e8e78ae85eccbb27a5861f94b5fad76ff3913ae,21,22,120,1320,0.2202805415355518,0.07223307750444595,0.14804746210575104,4905,2466,4,62,33,25,0,0,1024.0,1024.0,1024.0,4.074843510861198,31.22418975830078,0.0001373229911595876,25.852001511999333,1.3343944549560547,1.361328125
fold3_seed43,cova3d_c50_dis_fold3_seed43,C50_DIS,3,43,3973010882,ceb8281d0005ac653bb0204f085c0f4c050eb0e926e22aec433020e005874350,3733319e86c521bfe7a665965e8e78ae85eccbb27a5861f94b5fad76ff3913ae,22,23,120,1380,0.19984742112615284,0.052474529955166285,0.14737289051214855,4934,2752,0,57,31,32,0,0,1024.0,1024.0,1024.0,3.7382482762138047,20.075151443481445,0.00012526946274844474,25.861993858999995,1.3343944549560547,1.361328125
fold3_seed43,cova3d_c50_dis_fold3_seed43,C50_DIS,3,43,3973010882,ceb8281d0005ac653bb0204f085c0f4c050eb0e926e22aec433020e005874350,3733319e86c521bfe7a665965e8e78ae85eccbb27a5861f94b5fad76ff3913ae,23,24,120,1440,0.18748254849159215,0.05232321457272444,0.13515933404366176,4629,2539,1,54,30,36,0,0,1024.0,1024.0,1024.0,5.032395741033057,69.77767181396484,0.00011339201459540494,25.728465860999677,1.3343944549560547,1.361328125
fold3_seed43,cova3d_c50_dis_fold3_seed43,C50_DIS,3,43,3973010882,ceb8281d0005ac653bb0204f085c0f4c050eb0e926e22aec433020e005874350,3733319e86c521bfe7a665965e8e78ae85eccbb27a5861f94b5fad76ff3913ae,24,25,120,1500,0.18349129486081212,0.049741830418565766,0.1337494636575381,4630,2466,1,58,38,24,0,0,1024.0,1024.0,1024.0,3.209968640791097,12.370453834533691,0.00010177037759260854,25.74554035700021,1.3343944549560547,1.361328125
fold3_seed43,cova3d_c50_dis_fold3_seed43,C50_DIS,3,43,3973010882,ceb8281d0005ac653bb0204f085c0f4c050eb0e926e22aec433020e005874350,3733319e86c521bfe7a665965e8e78ae85eccbb27a5861f94b5fad76ff3913ae,25,26,120,1560,0.15577151917525878,0.03360903123132554,0.12216248760620753,4418,2470,1,58,33,29,0,0,1024.0,1024.0,1024.0,2.518376068829093,10.208696365356445,9.048256542400759e-05,25.929065166000328,1.3343944549560547,1.361328125
fold3_seed43,cova3d_c50_dis_fold3_seed43,C50_DIS,3,43,3973010882,ceb8281d0005ac653bb0204f085c0f4c050eb0e926e22aec433020e005874350,3733319e86c521bfe7a665965e8e78ae85eccbb27a5861f94b5fad76ff3913ae,26,27,120,1620,0.1512263561661314,0.05155635478449175,0.09967000037431717,4922,2871,2,66,29,25,0,0,1024.0,1024.0,1024.0,4.44144309029604,32.602169036865234,7.960435087538242e-05,25.930068992000088,1.3343944549560547,1.361328125
fold3_seed43,cova3d_c50_dis_fold3_seed43,C50_DIS,3,43,3973010882,ceb8281d0005ac653bb0204f085c0f4c050eb0e926e22aec433020e005874350,3733319e86c521bfe7a665965e8e78ae85eccbb27a5861f94b5fad76ff3913ae,27,28,120,1680,0.13675234015919385,0.040272467552418804,0.09647987286249797,4866,2587,2,57,31,32,0,0,1024.0,1024.0,1024.0,3.148732273063312,18.39521026611328,6.920875718705205e-05,25.81117831300071,1.3343944549560547,1.361328125
fold3_seed43,cova3d_c50_dis_fold3_seed43,C50_DIS,3,43,3973010882,ceb8281d0005ac653bb0204f085c0f4c050eb0e926e22aec433020e005874350,3733319e86c521bfe7a665965e8e78ae85eccbb27a5861f94b5fad76ff3913ae,28,29,120,1740,0.19395620889910106,0.055315070282144066,0.13864113887151083,5177,2864,0,59,35,26,0,0,1024.0,1024.0,1024.0,4.776122242771089,34.87187576293945,5.936556786372413e-05,26.002215629000602,1.3343944549560547,1.361328125
fold3_seed43,cova3d_c50_dis_fold3_seed43,C50_DIS,3,43,3973010882,ceb8281d0005ac653bb0204f085c0f4c050eb0e926e22aec433020e005874350,3733319e86c521bfe7a665965e8e78ae85eccbb27a5861f94b5fad76ff3913ae,29,30,120,1800,0.1638132145981975,0.028167694152766622,0.1356455196936925,5014,2613,2,48,41,31,0,0,1024.0,1024.0,1024.0,3.707558906575044,22.271299362182617,5.014085823202989e-05,25.841305637000005,1.3343944549560547,1.361328125
fold3_seed43,cova3d_c50_dis_fold3_seed43,C50_DIS,3,43,3973010882,ceb8281d0005ac653bb0204f085c0f4c050eb0e926e22aec433020e005874350,3733319e86c521bfe7a665965e8e78ae85eccbb27a5861f94b5fad76ff3913ae,30,31,120,1860,0.11158972791095796,0.031848605282417945,0.07974112282196681,4700,2630,1,80,16,24,0,0,1024.0,1024.0,1024.0,3.549037669839648,40.724727630615234,4.159655189030408e-05,25.654952644999867,1.3343944549560547,1.361328125
fold3_seed43,cova3d_c50_dis_fold3_seed43,C50_DIS,3,43,3973010882,ceb8281d0005ac653bb0204f085c0f4c050eb0e926e22aec433020e005874350,3733319e86c521bfe7a665965e8e78ae85eccbb27a5861f94b5fad76ff3913ae,31,32,120,1920,0.17101021865269103,0.02894150902555642,0.142068708439668,5019,2757,1,56,32,32,0,0,1024.0,1024.0,1024.0,4.312077199527994,34.877349853515625,3.379000502807257e-05,25.762126083999647,1.3343944549560547,1.361328125
fold3_seed43,cova3d_c50_dis_fold3_seed43,C50_DIS,3,43,3973010882,ceb8281d0005ac653bb0204f085c0f4c050eb0e926e22aec433020e005874350,3733319e86c521bfe7a665965e8e78ae85eccbb27a5861f94b5fad76ff3913ae,32,33,120,1980,0.139554316895322,0.024620195726235642,0.1149341215689977,4961,2567,2,57,25,38,0,0,1024.0,1024.0,1024.0,3.6477974796900527,25.735567092895508,2.6773621405624713e-05,25.741466183999364,1.3343944549560547,1.361328125
fold3_seed43,cova3d_c50_dis_fold3_seed43,C50_DIS,3,43,3973010882,ceb8281d0005ac653bb0204f085c0f4c050eb0e926e22aec433020e005874350,3733319e86c521bfe7a665965e8e78ae85eccbb27a5861f94b5fad76ff3913ae,33,34,120,2040,0.1223926904186688,0.039287706068070825,0.08310498396555582,4763,2532,2,66,31,23,0,0,1024.0,1024.0,1024.0,3.713065104399963,27.85824203491211,2.059450057823627e-05,25.77503232199888,1.3343944549560547,1.361328125
fold3_seed43,cova3d_c50_dis_fold3_seed43,C50_DIS,3,43,3973010882,ceb8281d0005ac653bb0204f085c0f4c050eb0e926e22aec433020e005874350,3733319e86c521bfe7a665965e8e78ae85eccbb27a5861f94b5fad76ff3913ae,34,35,120,2100,0.11446139807316248,0.026597853983800827,0.08786354412635168,4516,2431,2,51,33,36,0,0,1024.0,1024.0,1024.0,3.7260223222586015,28.081462860107422,1.5294121726440254e-05,25.82076930599942,1.3343944549560547,1.361328125
fold3_seed43,cova3d_c50_dis_fold3_seed43,C50_DIS,3,43,3973010882,ceb8281d0005ac653bb0204f085c0f4c050eb0e926e22aec433020e005874350,3733319e86c521bfe7a665965e8e78ae85eccbb27a5861f94b5fad76ff3913ae,35,36,120,2160,0.09436332252628646,0.0252375090220634,0.06912581274906794,4883,2585,0,65,29,26,0,0,1024.0,1024.0,1024.0,2.7936282602138816,27.511255264282227,1.0908065214729997e-05,25.683595619000698,1.3343944549560547,1.361328125
fold3_seed43,cova3d_c50_dis_fold3_seed43,C50_DIS,3,43,3973010882,ceb8281d0005ac653bb0204f085c0f4c050eb0e926e22aec433020e005874350,3733319e86c521bfe7a665965e8e78ae85eccbb27a5861f94b5fad76ff3913ae,36,37,120,2220,0.10002149464188909,0.031994377623593334,0.06802711834510168,4759,2852,2,70,22,28,0,0,1024.0,1024.0,1024.0,2.357519207894802,29.464197158813477,7.465773747813819e-06,25.63434036400031,1.3343944549560547,1.361328125
fold3_seed43,cova3d_c50_dis_fold3_seed43,C50_DIS,3,43,3973010882,ceb8281d0005ac653bb0204f085c0f4c050eb0e926e22aec433020e005874350,3733319e86c521bfe7a665965e8e78ae85eccbb27a5861f94b5fad76ff3913ae,37,38,120,2280,0.1900960970821539,0.05987116028968629,0.13022493720054626,4579,2335,1,59,31,30,0,0,1024.0,1024.0,1024.0,4.62133822205166,48.25570297241211,4.990354727730315e-06,25.761620142999163,1.3343944549560547,1.361328125
fold3_seed43,cova3d_c50_dis_fold3_seed43,C50_DIS,3,43,3973010882,ceb8281d0005ac653bb0204f085c0f4c050eb0e926e22aec433020e005874350,3733319e86c521bfe7a665965e8e78ae85eccbb27a5861f94b5fad76ff3913ae,38,39,120,2340,0.12631955695808184,0.03270282670797423,0.09361673096815745,5029,2771,2,69,19,32,0,0,1024.0,1024.0,1024.0,3.8286961231070262,37.65672302246094,3.498425138561358e-06,25.762929763999637,1.3343944549560547,1.361328125
fold3_seed43,cova3d_c50_dis_fold3_seed43,C50_DIS,3,43,3973010882,ceb8281d0005ac653bb0204f085c0f4c050eb0e926e22aec433020e005874350,3733319e86c521bfe7a665965e8e78ae85eccbb27a5861f94b5fad76ff3913ae,39,40,120,2400,0.07082433661647276,0.018891377507649545,0.051932960251967114,5098,2773,2,69,27,24,0,0,1024.0,1024.0,1024.0,1.6410830525681377,7.350907802581787,3e-06,25.73122763900028,1.3343944549560547,1.361328125
fold3_seed43,cova3d_c50_frg_fold3_seed43,C50_FRG,3,43,3973010882,ceb8281d0005ac653bb0204f085c0f4c050eb0e926e22aec433020e005874350,3733319e86c521bfe7a665965e8e78ae85eccbb27a5861f94b5fad76ff3913ae,0,1,120,60,2.1700023049488664,1.7296072212203095,0.44039508352677026,4850,2711,0,59,36,25,3,3,512.0,4096.0,512.0,104.1612600962321,428.7008972167969,0.00017999999999999998,27.56006229600098,1.3350353240966797,1.357421875
fold3_seed43,cova3d_c50_frg_fold3_seed43,C50_FRG,3,43,3973010882,ceb8281d0005ac653bb0204f085c0f4c050eb0e926e22aec433020e005874350,3733319e86c521bfe7a665965e8e78ae85eccbb27a5861f94b5fad76ff3913ae,1,2,120,120,1.0400014359814425,0.6855102384074901,0.3544911935925484,4979,2852,2,68,30,22,0,0,512.0,512.0,512.0,27.860929266611734,101.43343353271484,0.0002999445918673937,26.2673967110004,1.3350353240966797,1.357421875
fold3_seed43,cova3d_c50_frg_fold3_seed43,C50_FRG,3,43,3973010882,ceb8281d0005ac653bb0204f085c0f4c050eb0e926e22aec433020e005874350,3733319e86c521bfe7a665965e8e78ae85eccbb27a5861f94b5fad76ff3913ae,2,3,120,180,0.786236788937822,0.4597569496681293,0.32647983680168785,4995,2640,2,57,39,24,0,0,512.0,512.0,512.0,12.67912499109904,36.950252532958984,0.0002991142965839822,26.132545606998974,1.3350353240966797,1.357421875
fold3_seed43,cova3d_c50_frg_fold3_seed43,C50_FRG,3,43,3973010882,ceb8281d0005ac653bb0204f085c0f4c050eb0e926e22aec433020e005874350,3733319e86c521bfe7a665965e8e78ae85eccbb27a5861f94b5fad76ff3913ae,3,4,120,240,0.7375658129031459,0.43388122112179794,0.3036845902601878,4706,2620,2,59,29,32,0,0,512.0,512.0,512.0,10.962783966461817,67.0789794921875,0.0002972930965702204,26.132180361999417,1.3350353240966797,1.357421875
fold3_seed43,cova3d_c50_frg_fold3_seed43,C50_FRG,3,43,3973010882,ceb8281d0005ac653bb0204f085c0f4c050eb0e926e22aec433020e005874350,3733319e86c521bfe7a665965e8e78ae85eccbb27a5861f94b5fad76ff3913ae,4,5,120,300,0.6084531598724425,0.30889396701628963,0.29955919484297433,4950,2663,3,52,25,43,0,0,512.0,512.0,512.0,7.1993026415507,38.07129669189453,0.0002944932171711482,26.014902048000295,1.3350353240966797,1.357421875
fold3_seed43,cova3d_c50_frg_fold3_seed43,C50_FRG,3,43,3973010882,ceb8281d0005ac653bb0204f085c0f4c050eb0e926e22aec433020e005874350,3733319e86c521bfe7a665965e8e78ae85eccbb27a5861f94b5fad76ff3913ae,5,6,120,360,0.5547781813259159,0.2758465613102696,0.2789316197236379,4771,2470,2,54,27,39,0,0,512.0,512.0,512.0,7.2948172211647035,34.25769805908203,0.000290733453407337,25.938421977998587,1.3350353240966797,1.357421875
fold3_seed43,cova3d_c50_frg_fold3_seed43,C50_FRG,3,43,3973010882,ceb8281d0005ac653bb0204f085c0f4c050eb0e926e22aec433020e005874350,3733319e86c521bfe7a665965e8e78ae85eccbb27a5861f94b5fad76ff3913ae,6,7,120,420,0.5459242683452127,0.271862121698238,0.274062147239844,4650,2505,3,53,36,31,0,0,512.0,512.0,512.0,7.576203912496567,31.01828384399414,0.0002860390438077423,26.015944965000017,1.3350353240966797,1.357421875
fold3_seed43,cova3d_c50_frg_fold3_seed43,C50_FRG,3,43,3973010882,ceb8281d0005ac653bb0204f085c0f4c050eb0e926e22aec433020e005874350,3733319e86c521bfe7a665965e8e78ae85eccbb27a5861f94b5fad76ff3913ae,7,8,120,480,0.46124087523009316,0.21981967435664654,0.24142119983832042,4862,2723,0,63,30,27,0,0,512.0,512.0,512.0,6.377122491598129,30.14937973022461,0.00028044150098859483,26.118359475000034,1.3350353240966797,1.357421875
fold3_seed43,cova3d_c50_frg_fold3_seed43,C50_FRG,3,43,3973010882,ceb8281d0005ac653bb0204f085c0f4c050eb0e926e22aec433020e005874350,3733319e86c521bfe7a665965e8e78ae85eccbb27a5861f94b5fad76ff3913ae,8,9,120,540,0.3916262300151478,0.18403307116611056,0.2075931598742803,4901,2649,2,69,24,27,0,0,512.0,512.0,512.0,5.953837863604227,31.82892417907715,0.0002739784001156218,26.097099937000166,1.3350353240966797,1.357421875
fold3_seed43,cova3d_c50_frg_fold3_seed43,C50_FRG,3,43,3973010882,ceb8281d0005ac653bb0204f085c0f4c050eb0e926e22aec433020e005874350,3733319e86c521bfe7a665965e8e78ae85eccbb27a5861f94b5fad76ff3913ae,9,10,120,600,0.4485191442804838,0.21782155548329077,0.23069759011268615,4505,2275,2,54,35,31,0,0,512.0,512.0,512.0,7.379243428011735,30.30033302307129,0.0002666931266696063,26.06558087099984,1.3350353240966797,1.357421875
fold3_seed43,cova3d_c50_frg_fold3_seed43,C50_FRG,3,43,3973010882,ceb8281d0005ac653bb0204f085c0f4c050eb0e926e22aec433020e005874350,3733319e86c521bfe7a665965e8e78ae85eccbb27a5861f94b5fad76ff3913ae,10,11,120,660,0.4721272455494424,0.20973968748439803,0.2623875548442205,5052,2704,0,56,35,29,0,0,512.0,512.0,512.0,7.617841958999634,54.795387268066406,0.0002586345852084849,25.94569993799996,1.3350353240966797,1.357421875
fold3_seed43,cova3d_c50_frg_fold3_seed43,C50_FRG,3,43,3973010882,ceb8281d0005ac653bb0204f085c0f4c050eb0e926e22aec433020e005874350,3733319e86c521bfe7a665965e8e78ae85eccbb27a5861f94b5fad76ff3913ae,11,12,120,720,0.3634847655814762,0.15294228097191082,0.2105424816409747,4474,2437,1,62,27,31,0,0,512.0,512.0,512.0,6.019226709008217,35.086143493652344,0.0002498568710810032,25.976430120999794,1.3350353240966797,1.357421875
fold3_seed43,cova3d_c50_frg_fold3_seed43,C50_FRG,3,43,3973010882,ceb8281d0005ac653bb0204f085c0f4c050eb0e926e22aec433020e005874350,3733319e86c521bfe7a665965e8e78ae85eccbb27a5861f94b5fad76ff3913ae,12,13,120,780,0.369653844974808,0.12607893521942515,0.24357490887244543,4602,2517,1,49,30,41,0,0,512.0,512.0,512.0,5.106043154622117,22.994409561157227,0.0002404189072956492,25.938125557000603,1.3350353240966797,1.357421875
fold3_seed43,cova3d_c50_frg_fold3_seed43,C50_FRG,3,43,3973010882,ceb8281d0005ac653bb0204f085c0f4c050eb0e926e22aec433020e005874350,3733319e86c521bfe7a665965e8e78ae85eccbb27a5861f94b5fad76ff3913ae,13,14,120,840,0.287576436422205,0.10453940305612074,0.1830370326836904,4863,2717,2,60,30,30,0,0,512.0,512.0,512.0,4.848023166010777,18.745956420898438,0.00023038404898248976,25.9221491649987,1.3350353240966797,1.357421875
fold3_seed43,cova3d_c50_frg_fold3_seed43,C50_FRG,3,43,3973010882,ceb8281d0005ac653bb0204f085c0f4c050eb0e926e22aec433020e005874350,3733319e86c521bfe7a665965e8e78ae85eccbb27a5861f94b5fad76ff3913ae,14,15,120,900,0.2347891828543595,0.08532139904115041,0.14946778515974682,4862,2665,3,60,34,26,0,0,512.0,512.0,512.0,4.349268530060848,17.903961181640625,0.00021981965810307605,25.91948718399908,1.3350353240966797,1.357421875
fold3_seed43,cova3d_c50_frg_fold3_seed43,C50_FRG,3,43,3973010882,ceb8281d0005ac653bb0204f085c0f4c050eb0e926e22aec433020e005874350,3733319e86c521bfe7a665965e8e78ae85eccbb27a5861f94b5fad76ff3913ae,15,16,120,960,0.267428252960129,0.07656982119456188,0.1908584326505661,4877,2686,4,55,34,31,0,0,512.0,512.0,512.0,3.8816113618512946,30.913742065429688,0.00020879665126330557,25.790536967999287,1.3350353240966797,1.357421875
fold3_seed43,cova3d_c50_frg_fold3_seed43,C50_FRG,3,43,3973010882,ceb8281d0005ac653bb0204f085c0f4c050eb0e926e22aec433020e005874350,3733319e86c521bfe7a665965e8e78ae85eccbb27a5861f94b5fad76ff3913ae,16,17,120,1020,0.22433211478288512,0.08340876461304182,0.14092334856589636,4968,2837,2,61,24,35,0,0,512.0,512.0,512.0,3.720476392113293,15.079894065856934,0.00019738902366467966,25.800517577999926,1.3350353240966797,1.357421875
fold3_seed43,cova3d_c50_frg_fold3_seed43,C50_FRG,3,43,3973010882,ceb8281d0005ac653bb0204f085c0f4c050eb0e926e22aec433020e005874350,3733319e86c521bfe7a665965e8e78ae85eccbb27a5861f94b5fad76ff3913ae,17,18,120,1080,0.23184027110164535,0.06466305923743908,0.1671772117416064,4437,2335,1,69,20,31,0,0,512.0,512.0,512.0,4.690228631595771,41.987693786621094,0.00018567335238957547,25.878388858000108,1.3350353240966797,1.357421875
fold3_seed43,cova3d_c50_frg_fold3_seed43,C50_FRG,3,43,3973010882,ceb8281d0005ac653bb0204f085c0f4c050eb0e926e22aec433020e005874350,3733319e86c521bfe7a665965e8e78ae85eccbb27a5861f94b5fad76ff3913ae,18,19,120,1140,0.18228617541108755,0.050030389041611154,0.13225578665733337,4970,2849,2,69,30,21,0,0,512.0,512.0,512.0,2.7470419220218902,10.685955047607422,0.0001737282823548769,25.65052332399864,1.3350353240966797,1.357421875
fold3_seed43,cova3d_c50_frg_fold3_seed43,C50_FRG,3,43,3973010882,ceb8281d0005ac653bb0204f085c0f4c050eb0e926e22aec433020e005874350,3733319e86c521bfe7a665965e8e78ae85eccbb27a5861f94b5fad76ff3913ae,19,20,120,1200,0.28339667415249703,0.10789463746185675,0.1755020350217819,4582,2516,3,54,33,33,0,0,512.0,512.0,512.0,7.186511662788689,94.80255889892578,0.00016163399838465363,25.730853070001103,1.3350353240966797,1.357421875
fold3_seed43,cova3d_c50_frg_fold3_seed43,C50_FRG,3,43,3973010882,ceb8281d0005ac653bb0204f085c0f4c050eb0e926e22aec433020e005874350,3733319e86c521bfe7a665965e8e78ae85eccbb27a5861f94b5fad76ff3913ae,20,21,120,1260,0.22910646142611313,0.06163861976804128,0.16746784299612044,4717,2302,2,61,30,29,0,0,512.0,512.0,512.0,4.208663525929054,29.571107864379883,0.00014947168694575625,25.896201827001278,1.3350353240966797,1.357421875
fold3_seed43,cova3d_c50_frg_fold3_seed43,C50_FRG,3,43,3973010882,ceb8281d0005ac653bb0204f085c0f4c050eb0e926e22aec433020e005874350,3733319e86c521bfe7a665965e8e78ae85eccbb27a5861f94b5fad76ff3913ae,21,22,120,1320,0.19869142085487965,0.04534351350170785,0.15334790895382563,4885,2445,4,62,33,25,0,0,512.0,512.0,512.0,3.6695626634483536,40.16498947143555,0.0001373229911595876,25.81454354900052,1.3350353240966797,1.357421875
fold3_seed43,cova3d_c50_frg_fold3_seed43,C50_FRG,3,43,3973010882,ceb8281d0005ac653bb0204f085c0f4c050eb0e926e22aec433020e005874350,3733319e86c521bfe7a665965e8e78ae85eccbb27a5861f94b5fad76ff3913ae,22,23,120,1380,0.20046038560788396,0.04747245278437046,0.1529879316687584,4923,2733,1,57,31,32,0,0,512.0,512.0,512.0,3.7743265183952945,25.383054733276367,0.00012526946274844474,25.773566522000692,1.3350353240966797,1.357421875
fold3_seed43,cova3d_c50_frg_fold3_seed43,C50_FRG,3,43,3973010882,ceb8281d0005ac653bb0204f085c0f4c050eb0e926e22aec433020e005874350,3733319e86c521bfe7a665965e8e78ae85eccbb27a5861f94b5fad76ff3913ae,23,24,120,1440,0.1698071131318026,0.0408274675117885,0.1289796456694603,4692,2600,2,54,30,36,0,0,512.0,512.0,512.0,3.2247746357228606,22.07252311706543,0.00011339201459540494,25.725554278000345,1.3350353240966797,1.357421875
fold3_seed43,cova3d_c50_frg_fold3_seed43,C50_FRG,3,43,3973010882,ceb8281d0005ac653bb0204f085c0f4c050eb0e926e22aec433020e005874350,3733319e86c521bfe7a665965e8e78ae85eccbb27a5861f94b5fad76ff3913ae,24,25,120,1500,0.18128162605532172,0.04375573922578179,0.13752588828404744,4597,2469,1,58,38,24,0,0,512.0,512.0,512.0,3.3285871684900483,19.547704696655273,0.00010177037759260854,25.74872557499839,1.3350353240966797,1.357421875
fold3_seed43,cova3d_c50_frg_fold3_seed43,C50_FRG,3,43,3973010882,ceb8281d0005ac653bb0204f085c0f4c050eb0e926e22aec433020e005874350,3733319e86c521bfe7a665965e8e78ae85eccbb27a5861f94b5fad76ff3913ae,25,26,120,1560,0.1811371779820061,0.03777107618531912,0.1433661033709844,4423,2470,1,58,33,29,0,0,512.0,512.0,512.0,3.0989534340488416,26.802330017089844,9.048256542400759e-05,25.744506627999726,1.3350353240966797,1.357421875
fold3_seed43,cova3d_c50_frg_fold3_seed43,C50_FRG,3,43,3973010882,ceb8281d0005ac653bb0204f085c0f4c050eb0e926e22aec433020e005874350,3733319e86c521bfe7a665965e8e78ae85eccbb27a5861f94b5fad76ff3913ae,26,27,120,1620,0.14322450520092314,0.03600767348578226,0.10721683154503504,4940,2878,2,66,29,25,0,0,512.0,512.0,512.0,2.5994901142393547,17.70409393310547,7.960435087538242e-05,25.678261426999597,1.3350353240966797,1.357421875
fold3_seed43,cova3d_c50_frg_fold3_seed43,C50_FRG,3,43,3973010882,ceb8281d0005ac653bb0204f085c0f4c050eb0e926e22aec433020e005874350,3733319e86c521bfe7a665965e8e78ae85eccbb27a5861f94b5fad76ff3913ae,27,28,120,1680,0.13249606253918575,0.03230912182336473,0.10018694053093592,4896,2595,2,57,31,32,0,0,512.0,512.0,512.0,2.239357248786837,14.938718795776367,6.920875718705205e-05,25.674820901000203,1.3350353240966797,1.357421875
fold3_seed43,cova3d_c50_frg_fold3_seed43,C50_FRG,3,43,3973010882,ceb8281d0005ac653bb0204f085c0f4c050eb0e926e22aec433020e005874350,3733319e86c521bfe7a665965e8e78ae85eccbb27a5861f94b5fad76ff3913ae,28,29,120,1740,0.21727851138424417,0.03969309671042455,0.1775854175289472,5068,2770,0,59,35,26,0,0,512.0,512.0,512.0,3.2116057583130897,30.909738540649414,5.936556786372413e-05,25.669905758000823,1.3350353240966797,1.357421875
fold3_seed43,cova3d_c50_frg_fold3_seed43,C50_FRG,3,43,3973010882,ceb8281d0005ac653bb0204f085c0f4c050eb0e926e22aec433020e005874350,3733319e86c521bfe7a665965e8e78ae85eccbb27a5861f94b5fad76ff3913ae,29,30,120,1800,0.20568284194983733,0.025413493245829956,0.18026935011148454,5017,2627,2,48,41,31,0,0,512.0,512.0,512.0,2.305324813708042,21.00006103515625,5.014085823202989e-05,25.71661127600055,1.3350353240966797,1.357421875
fold3_seed43,cova3d_c50_frg_fold3_seed43,C50_FRG,3,43,3973010882,ceb8281d0005ac653bb0204f085c0f4c050eb0e926e22aec433020e005874350,3733319e86c521bfe7a665965e8e78ae85eccbb27a5861f94b5fad76ff3913ae,30,31,120,1860,0.124842285798024,0.026648757996337955,0.09819352676471074,4643,2576,1,80,16,24,0,0,512.0,512.0,512.0,3.4661808433011174,73.0889892578125,4.159655189030408e-05,25.63311068599978,1.3350353240966797,1.357421875
fold3_seed43,cova3d_c50_frg_fold3_seed43,C50_FRG,3,43,3973010882,ceb8281d0005ac653bb0204f085c0f4c050eb0e926e22aec433020e005874350,3733319e86c521bfe7a665965e8e78ae85eccbb27a5861f94b5fad76ff3913ae,31,32,120,1920,0.19907243079514766,0.022508910190010074,0.17656351874272028,4993,2734,1,56,32,32,0,0,512.0,512.0,512.0,1.4439772735505054,11.359004020690918,3.379000502807257e-05,25.586396099000922,1.3350353240966797,1.357421875
fold3_seed43,cova3d_c50_frg_fold3_seed43,C50_FRG,3,43,3973010882,ceb8281d0005ac653bb0204f085c0f4c050eb0e926e22aec433020e005874350,3733319e86c521bfe7a665965e8e78ae85eccbb27a5861f94b5fad76ff3913ae,32,33,120,1980,0.1556433717074448,0.020136932729108284,0.13550643821557362,5005,2603,5,57,25,38,0,0,512.0,512.0,512.0,2.371148820842306,37.80344009399414,2.6773621405624713e-05,25.650760946000446,1.3350353240966797,1.357421875
fold3_seed43,cova3d_c50_frg_fold3_seed43,C50_FRG,3,43,3973010882,ceb8281d0005ac653bb0204f085c0f4c050eb0e926e22aec433020e005874350,3733319e86c521bfe7a665965e8e78ae85eccbb27a5861f94b5fad76ff3913ae,33,34,120,2040,0.15097526907407477,0.02375801091560698,0.1272172580162684,4819,2596,4,66,31,23,0,0,512.0,512.0,512.0,1.8038682497681597,12.981351852416992,2.059450057823627e-05,25.58640212499995,1.3350353240966797,1.357421875
fold3_seed43,cova3d_c50_frg_fold3_seed43,C50_FRG,3,43,3973010882,ceb8281d0005ac653bb0204f085c0f4c050eb0e926e22aec433020e005874350,3733319e86c521bfe7a665965e8e78ae85eccbb27a5861f94b5fad76ff3913ae,34,35,120,2100,0.16334997567951698,0.01616919329807492,0.14718078126509984,4540,2448,3,51,33,36,0,0,512.0,512.0,512.0,2.928041704262917,26.342880249023438,1.5294121726440254e-05,25.62058025799888,1.3350353240966797,1.357421875
fold3_seed43,cova3d_c50_frg_fold3_seed43,C50_FRG,3,43,3973010882,ceb8281d0005ac653bb0204f085c0f4c050eb0e926e22aec433020e005874350,3733319e86c521bfe7a665965e8e78ae85eccbb27a5861f94b5fad76ff3913ae,35,36,120,2160,0.10596379255758019,0.013937716499987355,0.09202607572078705,4898,2609,0,65,29,26,0,0,512.0,512.0,512.0,1.7559316077599456,12.754384994506836,1.0908065214729997e-05,25.58664038200004,1.3350353240966797,1.357421875
fold3_seed43,cova3d_c50_frg_fold3_seed43,C50_FRG,3,43,3973010882,ceb8281d0005ac653bb0204f085c0f4c050eb0e926e22aec433020e005874350,3733319e86c521bfe7a665965e8e78ae85eccbb27a5861f94b5fad76ff3913ae,36,37,120,2220,0.11365918245229285,0.014276685199119161,0.0993824968735377,4745,2832,2,70,22,28,0,0,512.0,512.0,512.0,1.5179144176344077,14.521409034729004,7.465773747813819e-06,25.48810311899979,1.3350353240966797,1.357421875
fold3_seed43,cova3d_c50_frg_fold3_seed43,C50_FRG,3,43,3973010882,ceb8281d0005ac653bb0204f085c0f4c050eb0e926e22aec433020e005874350,3733319e86c521bfe7a665965e8e78ae85eccbb27a5861f94b5fad76ff3913ae,37,38,120,2280,0.21112068471569476,0.03611683915328641,0.17500384499629337,4396,2181,1,59,31,30,0,0,512.0,512.0,512.0,3.1753273176029326,67.61009979248047,4.990354727730315e-06,25.861991345000206,1.3350353240966797,1.357421875
fold3_seed43,cova3d_c50_frg_fold3_seed43,C50_FRG,3,43,3973010882,ceb8281d0005ac653bb0204f085c0f4c050eb0e926e22aec433020e005874350,3733319e86c521bfe7a665965e8e78ae85eccbb27a5861f94b5fad76ff3913ae,38,39,120,2340,0.15458418514629893,0.0360767034596706,0.11850748260815938,4964,2706,2,69,19,32,0,0,512.0,512.0,512.0,1.9166062120678058,21.512514114379883,3.498425138561358e-06,25.887679669000136,1.3350353240966797,1.357421875
fold3_seed43,cova3d_c50_frg_fold3_seed43,C50_FRG,3,43,3973010882,ceb8281d0005ac653bb0204f085c0f4c050eb0e926e22aec433020e005874350,3733319e86c521bfe7a665965e8e78ae85eccbb27a5861f94b5fad76ff3913ae,39,40,120,2400,0.10478898074799398,0.013460550298203759,0.09132843067248662,5031,2768,3,69,27,24,0,0,512.0,512.0,512.0,1.337542917020619,15.712532043457031,3e-06,25.426352286998736,1.3350353240966797,1.357421875
fold3_seed43,cova3d_c100_coh_fold3_seed43,C100_COH,3,43,3973010882,ceb8281d0005ac653bb0204f085c0f4c050eb0e926e22aec433020e005874350,3733319e86c521bfe7a665965e8e78ae85eccbb27a5861f94b5fad76ff3913ae,0,1,120,60,2.050322431046516,1.631382123968797,0.4189403086900711,4834,2696,0,59,36,25,3,3,512.0,4096.0,512.0,97.11529610951742,350.6316833496094,0.00017999999999999998,27.64452055199945,1.3355693817138672,1.380859375
fold3_seed43,cova3d_c100_coh_fold3_seed43,C100_COH,3,43,3973010882,ceb8281d0005ac653bb0204f085c0f4c050eb0e926e22aec433020e005874350,3733319e86c521bfe7a665965e8e78ae85eccbb27a5861f94b5fad76ff3913ae,1,2,120,120,0.8857093535140544,0.5770334538023841,0.3086758961280187,5007,2836,2,68,30,22,0,0,512.0,512.0,512.0,25.78674507935842,71.22137451171875,0.0002999445918673937,26.18658944100025,1.3355693817138672,1.380859375
fold3_seed43,cova3d_c100_coh_fold3_seed43,C100_COH,3,43,3973010882,ceb8281d0005ac653bb0204f085c0f4c050eb0e926e22aec433020e005874350,3733319e86c521bfe7a665965e8e78ae85eccbb27a5861f94b5fad76ff3913ae,2,3,120,180,0.5543161784706172,0.30077927520227,0.2535369028647741,5149,2735,2,57,39,24,0,0,512.0,512.0,512.0,10.440987914800644,27.413124084472656,0.0002991142965839822,26.03351233900139,1.3355693817138672,1.380859375
fold3_seed43,cova3d_c100_coh_fold3_seed43,C100_COH,3,43,3973010882,ceb8281d0005ac653bb0204f085c0f4c050eb0e926e22aec433020e005874350,3733319e86c521bfe7a665965e8e78ae85eccbb27a5861f94b5fad76ff3913ae,3,4,120,240,0.487884692409231,0.2620463214067665,0.22583837459484737,4392,2271,2,59,29,32,0,0,512.0,512.0,512.0,7.96759677529335,23.55659294128418,0.0002972930965702204,26.0535942610004,1.3355693817138672,1.380859375
fold3_seed43,cova3d_c100_coh_fold3_seed43,C100_COH,3,43,3973010882,ceb8281d0005ac653bb0204f085c0f4c050eb0e926e22aec433020e005874350,3733319e86c521bfe7a665965e8e78ae85eccbb27a5861f94b5fad76ff3913ae,4,5,120,300,0.4192510686295767,0.21356134847301292,0.20568972130616506,5066,2593,3,52,25,43,0,0,512.0,512.0,512.0,6.907790422439575,26.211097717285156,0.0002944932171711482,25.994470752999405,1.3355693817138672,1.380859375
fold3_seed43,cova3d_c100_coh_fold3_seed43,C100_COH,3,43,3973010882,ceb8281d0005ac653bb0204f085c0f4c050eb0e926e22aec433020e005874350,3733319e86c521bfe7a665965e8e78ae85eccbb27a5861f94b5fad76ff3913ae,5,6,120,360,0.3439769387395548,0.14352601324984182,0.2004509265224139,4505,2237,3,54,27,39,0,0,512.0,512.0,512.0,5.434135437260071,38.39820861816406,0.000290733453407337,25.880635847999656,1.3355693817138672,1.380859375
fold3_seed43,cova3d_c100_coh_fold3_seed43,C100_COH,3,43,3973010882,ceb8281d0005ac653bb0204f085c0f4c050eb0e926e22aec433020e005874350,3733319e86c521bfe7a665965e8e78ae85eccbb27a5861f94b5fad76ff3913ae,6,7,120,420,0.34237445560089935,0.1716517000189924,0.17072275380293528,4563,2410,3,53,36,31,0,0,512.0,512.0,512.0,6.76850371658802,39.87782669067383,0.0002860390438077423,25.90345363800043,1.3355693817138672,1.380859375
fold3_seed43,cova3d_c100_coh_fold3_seed43,C100_COH,3,43,3973010882,ceb8281d0005ac653bb0204f085c0f4c050eb0e926e22aec433020e005874350,3733319e86c521bfe7a665965e8e78ae85eccbb27a5861f94b5fad76ff3913ae,7,8,120,480,0.2852168586782985,0.10891475097814692,0.1763021061817805,4631,2495,0,63,30,27,0,0,512.0,512.0,512.0,4.673454338187972,19.810577392578125,0.00028044150098859483,25.978390457001296,1.3355693817138672,1.380859375
fold3_seed43,cova3d_c100_coh_fold3_seed43,C100_COH,3,43,3973010882,ceb8281d0005ac653bb0204f085c0f4c050eb0e926e22aec433020e005874350,3733319e86c521bfe7a665965e8e78ae85eccbb27a5861f94b5fad76ff3913ae,8,9,120,540,0.2643486890129983,0.10664914888608716,0.15769953777392706,5003,2614,2,69,24,27,0,0,512.0,512.0,512.0,4.787103314573566,33.17205047607422,0.0002739784001156218,25.87789114000043,1.3355693817138672,1.380859375
fold3_seed43,cova3d_c100_coh_fold3_seed43,C100_COH,3,43,3973010882,ceb8281d0005ac653bb0204f085c0f4c050eb0e926e22aec433020e005874350,3733319e86c521bfe7a665965e8e78ae85eccbb27a5861f94b5fad76ff3913ae,9,10,120,600,0.31155529877287336,0.14479738716011828,0.1667579119404157,4639,2428,1,54,35,31,0,0,512.0,512.0,512.0,5.672504780565699,48.43611526489258,0.0002666931266696063,26.008020655999644,1.3355693817138672,1.380859375
fold3_seed43,cova3d_c100_coh_fold3_seed43,C100_COH,3,43,3973010882,ceb8281d0005ac653bb0204f085c0f4c050eb0e926e22aec433020e005874350,3733319e86c521bfe7a665965e8e78ae85eccbb27a5861f94b5fad76ff3913ae,10,11,120,660,0.27533553515653086,0.09597720647938862,0.1793583318591118,4635,2266,0,56,35,29,0,0,512.0,512.0,512.0,4.767374160389106,25.461299896240234,0.0002586345852084849,25.863277387999915,1.3355693817138672,1.380859375
fold3_seed43,cova3d_c100_coh_fold3_seed43,C100_COH,3,43,3973010882,ceb8281d0005ac653bb0204f085c0f4c050eb0e926e22aec433020e005874350,3733319e86c521bfe7a665965e8e78ae85eccbb27a5861f94b5fad76ff3913ae,11,12,120,720,0.28711475434295913,0.14041911936476245,0.14669563273588818,4739,2642,0,62,27,31,0,0,512.0,512.0,512.0,6.907504939039549,69.42520141601562,0.0002498568710810032,25.813039935999768,1.3355693817138672,1.380859375
fold3_seed43,cova3d_c100_coh_fold3_seed43,C100_COH,3,43,3973010882,ceb8281d0005ac653bb0204f085c0f4c050eb0e926e22aec433020e005874350,3733319e86c521bfe7a665965e8e78ae85eccbb27a5861f94b5fad76ff3913ae,12,13,120,780,0.2834531860279336,0.0791263246652458,0.20432686309019724,4619,2537,2,49,30,41,0,0,512.0,512.0,512.0,3.6351441552784913,21.633792877197266,0.0002404189072956492,25.838966319000974,1.3355693817138672,1.380859375
fold3_seed43,cova3d_c100_coh_fold3_seed43,C100_COH,3,43,3973010882,ceb8281d0005ac653bb0204f085c0f4c050eb0e926e22aec433020e005874350,3733319e86c521bfe7a665965e8e78ae85eccbb27a5861f94b5fad76ff3913ae,13,14,120,840,0.21182423981190368,0.057023836758495844,0.15480040311813353,4750,2494,1,60,30,30,0,0,512.0,512.0,512.0,4.410623949207365,27.22167205810547,0.00023038404898248976,25.770262723999622,1.3355693817138672,1.380859375
fold3_seed43,cova3d_c100_coh_fold3_seed43,C100_COH,3,43,3973010882,ceb8281d0005ac653bb0204f085c0f4c050eb0e926e22aec433020e005874350,3733319e86c521bfe7a665965e8e78ae85eccbb27a5861f94b5fad76ff3913ae,14,15,120,900,0.17104968574625065,0.06773941809930571,0.10331026713053386,4814,2680,2,60,34,26,0,0,512.0,512.0,512.0,4.753032144407431,56.11761474609375,0.00021981965810307605,25.68576882799971,1.3355693817138672,1.380859375
fold3_seed43,cova3d_c100_coh_fold3_seed43,C100_COH,3,43,3973010882,ceb8281d0005ac653bb0204f085c0f4c050eb0e926e22aec433020e005874350,3733319e86c521bfe7a665965e8e78ae85eccbb27a5861f94b5fad76ff3913ae,15,16,120,960,0.24480838748263814,0.08300782122412807,0.16180056631565093,4768,2479,3,55,34,31,0,0,512.0,512.0,512.0,4.978082190826536,31.433826446533203,0.00020879665126330557,25.784596928999235,1.3355693817138672,1.380859375
fold3_seed43,cova3d_c100_coh_fold3_seed43,C100_COH,3,43,3973010882,ceb8281d0005ac653bb0204f085c0f4c050eb0e926e22aec433020e005874350,3733319e86c521bfe7a665965e8e78ae85eccbb27a5861f94b5fad76ff3913ae,16,17,120,1020,0.14764914322205033,0.05912476898533138,0.08852437535921732,5031,2775,2,61,24,35,0,0,512.0,512.0,512.0,2.869544919549177,14.208162307739258,0.00019738902366467966,25.70014818100026,1.3355693817138672,1.380859375
fold3_seed43,cova3d_c100_coh_fold3_seed43,C100_COH,3,43,3973010882,ceb8281d0005ac653bb0204f085c0f4c050eb0e926e22aec433020e005874350,3733319e86c521bfe7a665965e8e78ae85eccbb27a5861f94b5fad76ff3913ae,17,18,120,1080,0.20495020723087692,0.05135307673453535,0.1535971313714981,4536,2361,1,69,20,31,0,0,512.0,512.0,512.0,3.903116291637222,22.345603942871094,0.00018567335238957547,25.658509651000713,1.3355693817138672,1.380859375
fold3_seed43,cova3d_c100_coh_fold3_seed43,C100_COH,3,43,3973010882,ceb8281d0005ac653bb0204f085c0f4c050eb0e926e22aec433020e005874350,3733319e86c521bfe7a665965e8e78ae85eccbb27a5861f94b5fad76ff3913ae,18,19,120,1140,0.1819944459118839,0.09592782236395578,0.08606662402550379,5016,2849,3,69,30,21,0,0,512.0,512.0,512.0,4.5839778899253965,38.12959289550781,0.0001737282823548769,25.69774861699989,1.3355693817138672,1.380859375
fold3_seed43,cova3d_c100_coh_fold3_seed43,C100_COH,3,43,3973010882,ceb8281d0005ac653bb0204f085c0f4c050eb0e926e22aec433020e005874350,3733319e86c521bfe7a665965e8e78ae85eccbb27a5861f94b5fad76ff3913ae,19,20,120,1200,0.153940413300874,0.04327623791931394,0.11066417594750723,4498,2387,4,54,33,33,0,0,512.0,512.0,512.0,3.689157016683991,36.28976058959961,0.00016163399838465363,25.594594526999572,1.3355693817138672,1.380859375
fold3_seed43,cova3d_c100_coh_fold3_seed43,C100_COH,3,43,3973010882,ceb8281d0005ac653bb0204f085c0f4c050eb0e926e22aec433020e005874350,3733319e86c521bfe7a665965e8e78ae85eccbb27a5861f94b5fad76ff3913ae,20,21,120,1260,0.1297968147914967,0.04256767367337654,0.08722914059956868,4733,2338,3,61,30,29,0,0,512.0,512.0,512.0,3.3997499083518052,22.149782180786133,0.00014947168694575625,25.552763990999665,1.3355693817138672,1.380859375
fold3_seed43,cova3d_c100_coh_fold3_seed43,C100_COH,3,43,3973010882,ceb8281d0005ac653bb0204f085c0f4c050eb0e926e22aec433020e005874350,3733319e86c521bfe7a665965e8e78ae85eccbb27a5861f94b5fad76ff3913ae,21,22,120,1320,0.14225621453999412,0.03556736109163126,0.10668885360161463,4995,2649,3,62,33,25,0,0,512.0,512.0,512.0,3.4577925271199397,43.48234176635742,0.0001373229911595876,25.634562605999236,1.3355693817138672,1.380859375
fold3_seed43,cova3d_c100_coh_fold3_seed43,C100_COH,3,43,3973010882,ceb8281d0005ac653bb0204f085c0f4c050eb0e926e22aec433020e005874350,3733319e86c521bfe7a665965e8e78ae85eccbb27a5861f94b5fad76ff3913ae,22,23,120,1380,0.1333006346186418,0.02838783825804967,0.10491279611984888,4961,2706,2,57,31,32,0,0,512.0,512.0,512.0,2.2784138944077617,33.15853500366211,0.00012526946274844474,25.64058898300027,1.3355693817138672,1.380859375
fold3_seed43,cova3d_c100_coh_fold3_seed43,C100_COH,3,43,3973010882,ceb8281d0005ac653bb0204f085c0f4c050eb0e926e22aec433020e005874350,3733319e86c521bfe7a665965e8e78ae85eccbb27a5861f94b5fad76ff3913ae,23,24,120,1440,0.13938068948515744,0.027577777823831202,0.1118029107650121,4698,2589,1,54,30,36,0,0,512.0,512.0,512.0,2.3217329712157757,30.24797821044922,0.00011339201459540494,25.49804752700038,1.3355693817138672,1.380859375
fold3_seed43,cova3d_c100_coh_fold3_seed43,C100_COH,3,43,3973010882,ceb8281d0005ac653bb0204f085c0f4c050eb0e926e22aec433020e005874350,3733319e86c521bfe7a665965e8e78ae85eccbb27a5861f94b5fad76ff3913ae,24,25,120,1500,0.13991991462141157,0.027492964254048267,0.11242695053418478,4500,2299,1,58,38,24,0,0,512.0,512.0,512.0,2.4662724602773474,29.518861770629883,0.00010177037759260854,25.504496100000324,1.3355693817138672,1.380859375
fold3_seed43,cova3d_c100_coh_fold3_seed43,C100_COH,3,43,3973010882,ceb8281d0005ac653bb0204f085c0f4c050eb0e926e22aec433020e005874350,3733319e86c521bfe7a665965e8e78ae85eccbb27a5861f94b5fad76ff3913ae,25,26,120,1560,0.09477675026305904,0.018909968698315197,0.07586678167184194,4293,2330,1,58,33,29,0,0,512.0,512.0,512.0,1.5303478712914511,16.047067642211914,9.048256542400759e-05,25.507633111999894,1.3355693817138672,1.380859375
fold3_seed43,cova3d_c100_coh_fold3_seed43,C100_COH,3,43,3973010882,ceb8281d0005ac653bb0204f085c0f4c050eb0e926e22aec433020e005874350,3733319e86c521bfe7a665965e8e78ae85eccbb27a5861f94b5fad76ff3913ae,26,27,120,1620,0.0740650342792776,0.024017116743195763,0.05004791667064031,4816,2798,3,66,29,25,0,0,512.0,512.0,512.0,1.9943398694934633,24.930086135864258,7.960435087538242e-05,25.607387854999615,1.3355693817138672,1.380859375
fold3_seed43,cova3d_c100_coh_fold3_seed43,C100_COH,3,43,3973010882,ceb8281d0005ac653bb0204f085c0f4c050eb0e926e22aec433020e005874350,3733319e86c521bfe7a665965e8e78ae85eccbb27a5861f94b5fad76ff3913ae,27,28,120,1680,0.08048527394373864,0.012850446645845833,0.06763482640186945,4827,2534,2,57,31,32,0,0,512.0,512.0,512.0,1.5981290802534205,31.32805633544922,6.920875718705205e-05,25.499182925999776,1.3355693817138672,1.380859375
fold3_seed43,cova3d_c100_coh_fold3_seed43,C100_COH,3,43,3973010882,ceb8281d0005ac653bb0204f085c0f4c050eb0e926e22aec433020e005874350,3733319e86c521bfe7a665965e8e78ae85eccbb27a5861f94b5fad76ff3913ae,28,29,120,1740,0.12213874735586856,0.013652626988765525,0.10848612040281295,5135,2724,1,59,35,26,0,0,512.0,512.0,512.0,1.9480864687046657,16.81544303894043,5.936556786372413e-05,25.558536561999063,1.3355693817138672,1.380859375
fold3_seed43,cova3d_c100_coh_fold3_seed43,C100_COH,3,43,3973010882,ceb8281d0005ac653bb0204f085c0f4c050eb0e926e22aec433020e005874350,3733319e86c521bfe7a665965e8e78ae85eccbb27a5861f94b5fad76ff3913ae,29,30,120,1800,0.12461334346901368,0.012013081091594083,0.1126002624630928,4795,2351,1,48,41,31,0,0,512.0,512.0,512.0,1.7174529035110027,18.89038848876953,5.014085823202989e-05,25.547275830000217,1.3355693817138672,1.380859375
fold3_seed43,cova3d_c100_coh_fold3_seed43,C100_COH,3,43,3973010882,ceb8281d0005ac653bb0204f085c0f4c050eb0e926e22aec433020e005874350,3733319e86c521bfe7a665965e8e78ae85eccbb27a5861f94b5fad76ff3913ae,30,31,120,1860,0.07584521856309508,0.015374862835950154,0.06047035654385884,4800,2626,2,80,16,24,0,0,512.0,512.0,512.0,1.5073521050721561,27.079126358032227,4.159655189030408e-05,25.537159759000133,1.3355693817138672,1.380859375
fold3_seed43,cova3d_c100_coh_fold3_seed43,C100_COH,3,43,3973010882,ceb8281d0005ac653bb0204f085c0f4c050eb0e926e22aec433020e005874350,3733319e86c521bfe7a665965e8e78ae85eccbb27a5861f94b5fad76ff3913ae,31,32,120,1920,0.09054982293233943,0.01299188303136276,0.07755793929100037,4809,2567,0,56,32,32,0,0,512.0,512.0,512.0,1.9308251110681642,12.473841667175293,3.379000502807257e-05,25.48034899400045,1.3355693817138672,1.380859375
fold3_seed43,cova3d_c100_coh_fold3_seed43,C100_COH,3,43,3973010882,ceb8281d0005ac653bb0204f085c0f4c050eb0e926e22aec433020e005874350,3733319e86c521bfe7a665965e8e78ae85eccbb27a5861f94b5fad76ff3913ae,32,33,120,1980,0.08801843759316626,0.017591351332246555,0.07042708645264308,4855,2481,4,57,25,38,0,0,512.0,512.0,512.0,2.3847500719595702,48.66278839111328,2.6773621405624713e-05,25.509601937999832,1.3355693817138672,1.380859375
fold3_seed43,cova3d_c100_coh_fold3_seed43,C100_COH,3,43,3973010882,ceb8281d0005ac653bb0204f085c0f4c050eb0e926e22aec433020e005874350,3733319e86c521bfe7a665965e8e78ae85eccbb27a5861f94b5fad76ff3913ae,33,34,120,2040,0.07653129727131461,0.019918822245965685,0.05661247670650482,4734,2552,3,66,31,23,0,0,512.0,512.0,512.0,2.504028204465673,37.81911087036133,2.059450057823627e-05,25.52127176799877,1.3355693817138672,1.380859375
fold3_seed43,cova3d_c100_coh_fold3_seed43,C100_COH,3,43,3973010882,ceb8281d0005ac653bb0204f085c0f4c050eb0e926e22aec433020e005874350,3733319e86c521bfe7a665965e8e78ae85eccbb27a5861f94b5fad76ff3913ae,34,35,120,2100,0.08317028190123779,0.023232433077129373,0.0599378486474355,4876,2748,3,51,33,36,0,0,512.0,512.0,512.0,2.439401028039477,37.861793518066406,1.5294121726440254e-05,25.479868717999125,1.3355693817138672,1.380859375
fold3_seed43,cova3d_c100_coh_fold3_seed43,C100_COH,3,43,3973010882,ceb8281d0005ac653bb0204f085c0f4c050eb0e926e22aec433020e005874350,3733319e86c521bfe7a665965e8e78ae85eccbb27a5861f94b5fad76ff3913ae,35,36,120,2160,0.061866617050114314,0.009434590563886047,0.05243202696243922,4997,2711,0,65,29,26,0,0,512.0,512.0,512.0,1.6566014379747989,21.962736129760742,1.0908065214729997e-05,25.40771567900083,1.3355693817138672,1.380859375
fold3_seed43,cova3d_c100_coh_fold3_seed43,C100_COH,3,43,3973010882,ceb8281d0005ac653bb0204f085c0f4c050eb0e926e22aec433020e005874350,3733319e86c521bfe7a665965e8e78ae85eccbb27a5861f94b5fad76ff3913ae,36,37,120,2220,0.06279699023497402,0.01552742821203809,0.04726956288019816,4743,2655,2,70,22,28,0,0,512.0,512.0,512.0,1.5680635785334744,22.711008071899414,7.465773747813819e-06,25.41480755199882,1.3355693817138672,1.380859375
fold3_seed43,cova3d_c100_coh_fold3_seed43,C100_COH,3,43,3973010882,ceb8281d0005ac653bb0204f085c0f4c050eb0e926e22aec433020e005874350,3733319e86c521bfe7a665965e8e78ae85eccbb27a5861f94b5fad76ff3913ae,37,38,120,2280,0.07746593845050415,0.013814038989809428,0.06365189949671428,4942,2639,0,59,31,30,0,0,512.0,512.0,512.0,3.316435679976712,35.489601135253906,4.990354727730315e-06,25.49155853999946,1.3355693817138672,1.380859375
fold3_seed43,cova3d_c100_coh_fold3_seed43,C100_COH,3,43,3973010882,ceb8281d0005ac653bb0204f085c0f4c050eb0e926e22aec433020e005874350,3733319e86c521bfe7a665965e8e78ae85eccbb27a5861f94b5fad76ff3913ae,38,39,120,2340,0.07307147911096946,0.010426203841348259,0.0626452753941218,4700,2427,2,69,19,32,0,0,512.0,512.0,512.0,1.7891794286942362,19.588909149169922,3.498425138561358e-06,25.433526322000034,1.3355693817138672,1.380859375
fold3_seed43,cova3d_c100_coh_fold3_seed43,C100_COH,3,43,3973010882,ceb8281d0005ac653bb0204f085c0f4c050eb0e926e22aec433020e005874350,3733319e86c521bfe7a665965e8e78ae85eccbb27a5861f94b5fad76ff3913ae,39,40,120,2400,0.05735045467566536,0.01706759941888445,0.04028285543123881,4936,2583,3,69,27,24,0,0,512.0,512.0,512.0,2.204485319754652,42.43270492553711,3e-06,25.35036012799901,1.3355693817138672,1.380859375
fold3_seed43,cova3d_c100_dis_fold3_seed43,C100_DIS,3,43,3973010882,ceb8281d0005ac653bb0204f085c0f4c050eb0e926e22aec433020e005874350,3733319e86c521bfe7a665965e8e78ae85eccbb27a5861f94b5fad76ff3913ae,0,1,120,60,2.2861536854567626,1.845583450087967,0.44057023525238037,4829,2661,0,59,36,25,2,2,1024.0,4096.0,1024.0,100.29355303446452,319.58441162109375,0.00017999999999999998,27.100469131000864,1.3345470428466797,1.380859375
fold3_seed43,cova3d_c100_dis_fold3_seed43,C100_DIS,3,43,3973010882,ceb8281d0005ac653bb0204f085c0f4c050eb0e926e22aec433020e005874350,3733319e86c521bfe7a665965e8e78ae85eccbb27a5861f94b5fad76ff3913ae,1,2,120,120,1.0910100633200879,0.7471631959662772,0.34384687542915343,4992,2785,1,68,30,22,0,0,1024.0,1024.0,1024.0,34.362705492973326,93.8050537109375,0.0002999445918673937,26.427503900000374,1.3345470428466797,1.380859375
fold3_seed43,cova3d_c100_dis_fold3_seed43,C100_DIS,3,43,3973010882,ceb8281d0005ac653bb0204f085c0f4c050eb0e926e22aec433020e005874350,3733319e86c521bfe7a665965e8e78ae85eccbb27a5861f94b5fad76ff3913ae,2,3,120,180,0.8756435217491041,0.5287785161131372,0.3468650052944819,5172,2759,2,57,39,24,0,0,1024.0,1024.0,1024.0,14.267680335044862,54.095436096191406,0.0002991142965839822,26.15172488600001,1.3345470428466797,1.380859375
fold3_seed43,cova3d_c100_dis_fold3_seed43,C100_DIS,3,43,3973010882,ceb8281d0005ac653bb0204f085c0f4c050eb0e926e22aec433020e005874350,3733319e86c521bfe7a665965e8e78ae85eccbb27a5861f94b5fad76ff3913ae,3,4,120,240,0.8054523672598104,0.48271730345052977,0.3227350642283758,4540,2386,2,59,29,32,0,0,1024.0,1024.0,1024.0,10.942145033677418,39.971248626708984,0.0002972930965702204,26.071287205999397,1.3345470428466797,1.380859375
fold3_seed43,cova3d_c100_dis_fold3_seed43,C100_DIS,3,43,3973010882,ceb8281d0005ac653bb0204f085c0f4c050eb0e926e22aec433020e005874350,3733319e86c521bfe7a665965e8e78ae85eccbb27a5861f94b5fad76ff3913ae,4,5,120,300,0.6963060870456199,0.40546855455419667,0.290837532778581,5112,2669,2,52,25,43,0,0,1024.0,1024.0,1024.0,8.936911058425903,53.063262939453125,0.0002944932171711482,26.149547877999794,1.3345470428466797,1.380859375
fold3_seed43,cova3d_c100_dis_fold3_seed43,C100_DIS,3,43,3973010882,ceb8281d0005ac653bb0204f085c0f4c050eb0e926e22aec433020e005874350,3733319e86c521bfe7a665965e8e78ae85eccbb27a5861f94b5fad76ff3913ae,5,6,120,360,0.6195075802349795,0.34869036295761663,0.27081721822420757,4511,2236,1,54,27,39,0,0,1024.0,1024.0,1024.0,9.35393755833308,51.86695098876953,0.000290733453407337,26.078039185000307,1.3345470428466797,1.380859375
fold3_seed43,cova3d_c100_dis_fold3_seed43,C100_DIS,3,43,3973010882,ceb8281d0005ac653bb0204f085c0f4c050eb0e926e22aec433020e005874350,3733319e86c521bfe7a665965e8e78ae85eccbb27a5861f94b5fad76ff3913ae,6,7,120,420,0.6348600818853204,0.3783773288754067,0.2564827526609103,4535,2363,3,53,36,31,0,0,1024.0,1024.0,1024.0,10.513473840554555,56.985992431640625,0.0002860390438077423,26.001494938998803,1.3345470428466797,1.380859375
fold3_seed43,cova3d_c100_dis_fold3_seed43,C100_DIS,3,43,3973010882,ceb8281d0005ac653bb0204f085c0f4c050eb0e926e22aec433020e005874350,3733319e86c521bfe7a665965e8e78ae85eccbb27a5861f94b5fad76ff3913ae,7,8,120,480,0.5605565939564258,0.30156055809153864,0.2589960366487503,4697,2492,0,63,30,27,0,0,1024.0,1024.0,1024.0,8.520839369297027,54.344425201416016,0.00028044150098859483,26.064126770999792,1.3345470428466797,1.380859375
fold3_seed43,cova3d_c100_dis_fold3_seed43,C100_DIS,3,43,3973010882,ceb8281d0005ac653bb0204f085c0f4c050eb0e926e22aec433020e005874350,3733319e86c521bfe7a665965e8e78ae85eccbb27a5861f94b5fad76ff3913ae,8,9,120,540,0.4678891806281172,0.2565293163943958,0.2113598644733429,4911,2555,2,69,24,27,0,0,1024.0,1024.0,1024.0,7.8159925480683645,34.28883361816406,0.0002739784001156218,26.045073602999764,1.3345470428466797,1.380859375
fold3_seed43,cova3d_c100_dis_fold3_seed43,C100_DIS,3,43,3973010882,ceb8281d0005ac653bb0204f085c0f4c050eb0e926e22aec433020e005874350,3733319e86c521bfe7a665965e8e78ae85eccbb27a5861f94b5fad76ff3913ae,9,10,120,600,0.5710744347888976,0.3276763239797826,0.2433981085817019,4520,2323,1,54,35,31,0,0,1024.0,1024.0,1024.0,11.662005412578583,66.70320892333984,0.0002666931266696063,26.169152477999887,1.3345470428466797,1.380859375
fold3_seed43,cova3d_c100_dis_fold3_seed43,C100_DIS,3,43,3973010882,ceb8281d0005ac653bb0204f085c0f4c050eb0e926e22aec433020e005874350,3733319e86c521bfe7a665965e8e78ae85eccbb27a5861f94b5fad76ff3913ae,10,11,120,660,0.5149757645189917,0.2811891339622283,0.23378663063049315,4793,2372,0,56,35,29,0,0,1024.0,1024.0,1024.0,9.526068313916523,62.80431365966797,0.0002586345852084849,26.020142125000348,1.3345470428466797,1.380859375
fold3_seed43,cova3d_c100_dis_fold3_seed43,C100_DIS,3,43,3973010882,ceb8281d0005ac653bb0204f085c0f4c050eb0e926e22aec433020e005874350,3733319e86c521bfe7a665965e8e78ae85eccbb27a5861f94b5fad76ff3913ae,11,12,120,720,0.49004303008550776,0.28527819394075776,0.20476483503977458,4671,2593,0,62,27,31,0,0,1024.0,1024.0,1024.0,8.650099217891693,34.05276107788086,0.0002498568710810032,26.075689839000916,1.3345470428466797,1.380859375
fold3_seed43,cova3d_c100_dis_fold3_seed43,C100_DIS,3,43,3973010882,ceb8281d0005ac653bb0204f085c0f4c050eb0e926e22aec433020e005874350,3733319e86c521bfe7a665965e8e78ae85eccbb27a5861f94b5fad76ff3913ae,12,13,120,780,0.38078662943735253,0.1886645565855967,0.19212207347154617,4619,2548,1,49,30,41,0,0,1024.0,1024.0,1024.0,7.064549624919891,31.86713409423828,0.0002404189072956492,26.108142965000297,1.3345470428466797,1.380859375
fold3_seed43,cova3d_c100_dis_fold3_seed43,C100_DIS,3,43,3973010882,ceb8281d0005ac653bb0204f085c0f4c050eb0e926e22aec433020e005874350,3733319e86c521bfe7a665965e8e78ae85eccbb27a5861f94b5fad76ff3913ae,13,14,120,840,0.36468469487444966,0.1718377073664063,0.19284698714812595,4902,2654,1,60,30,30,0,0,1024.0,1024.0,1024.0,6.571565561244885,47.119781494140625,0.00023038404898248976,25.99800420199972,1.3345470428466797,1.380859375
fold3_seed43,cova3d_c100_dis_fold3_seed43,C100_DIS,3,43,3973010882,ceb8281d0005ac653bb0204f085c0f4c050eb0e926e22aec433020e005874350,3733319e86c521bfe7a665965e8e78ae85eccbb27a5861f94b5fad76ff3913ae,14,15,120,900,0.325602671753101,0.17390695513798468,0.15169571787118913,4811,2652,1,60,34,26,0,0,1024.0,1024.0,1024.0,7.193882290025552,32.133121490478516,0.00021981965810307605,26.081275954000375,1.3345470428466797,1.380859375
fold3_seed43,cova3d_c100_dis_fold3_seed43,C100_DIS,3,43,3973010882,ceb8281d0005ac653bb0204f085c0f4c050eb0e926e22aec433020e005874350,3733319e86c521bfe7a665965e8e78ae85eccbb27a5861f94b5fad76ff3913ae,15,16,120,960,0.39766252509628736,0.17795793649529515,0.21970458974440893,4834,2516,3,55,34,31,0,0,1024.0,1024.0,1024.0,8.507682270805041,41.973506927490234,0.00020879665126330557,26.031561959998726,1.3345470428466797,1.380859375
fold3_seed43,cova3d_c100_dis_fold3_seed43,C100_DIS,3,43,3973010882,ceb8281d0005ac653bb0204f085c0f4c050eb0e926e22aec433020e005874350,3733319e86c521bfe7a665965e8e78ae85eccbb27a5861f94b5fad76ff3913ae,16,17,120,1020,0.23189629897096892,0.11963666246204714,0.1122596358259519,4903,2688,1,61,24,35,0,0,1024.0,1024.0,1024.0,4.947796486318111,13.205410957336426,0.00019738902366467966,25.91980636900007,1.3345470428466797,1.380859375
fold3_seed43,cova3d_c100_dis_fold3_seed43,C100_DIS,3,43,3973010882,ceb8281d0005ac653bb0204f085c0f4c050eb0e926e22aec433020e005874350,3733319e86c521bfe7a665965e8e78ae85eccbb27a5861f94b5fad76ff3913ae,17,18,120,1080,0.3230934478901569,0.16229060137993656,0.1608028476436933,4653,2425,0,69,20,31,0,0,1024.0,1024.0,1024.0,8.91824811597665,106.46159362792969,0.00018567335238957547,25.950763238000945,1.3345470428466797,1.380859375
fold3_seed43,cova3d_c100_dis_fold3_seed43,C100_DIS,3,43,3973010882,ceb8281d0005ac653bb0204f085c0f4c050eb0e926e22aec433020e005874350,3733319e86c521bfe7a665965e8e78ae85eccbb27a5861f94b5fad76ff3913ae,18,19,120,1140,0.22732853678820295,0.11916774349865591,0.1081607922911644,4768,2621,2,69,30,21,0,0,1024.0,1024.0,1024.0,5.965205410122872,27.863536834716797,0.0001737282823548769,26.009791348000363,1.3345470428466797,1.380859375
fold3_seed43,cova3d_c100_dis_fold3_seed43,C100_DIS,3,43,3973010882,ceb8281d0005ac653bb0204f085c0f4c050eb0e926e22aec433020e005874350,3733319e86c521bfe7a665965e8e78ae85eccbb27a5861f94b5fad76ff3913ae,19,20,120,1200,0.2358944057773139,0.12033884613950553,0.11555555909872055,4508,2421,3,54,33,33,0,0,1024.0,1024.0,1024.0,7.232563074305654,58.74192810058594,0.00016163399838465363,25.96132798599865,1.3345470428466797,1.380859375
fold3_seed43,cova3d_c100_dis_fold3_seed43,C100_DIS,3,43,3973010882,ceb8281d0005ac653bb0204f085c0f4c050eb0e926e22aec433020e005874350,3733319e86c521bfe7a665965e8e78ae85eccbb27a5861f94b5fad76ff3913ae,20,21,120,1260,0.2530728985255261,0.12027676966553523,0.13279612759749096,4804,2361,2,61,30,29,0,0,1024.0,1024.0,1024.0,5.455308815588554,21.94351577758789,0.00014947168694575625,25.938821476000157,1.3345470428466797,1.380859375
fold3_seed43,cova3d_c100_dis_fold3_seed43,C100_DIS,3,43,3973010882,ceb8281d0005ac653bb0204f085c0f4c050eb0e926e22aec433020e005874350,3733319e86c521bfe7a665965e8e78ae85eccbb27a5861f94b5fad76ff3913ae,21,22,120,1320,0.20708530453480306,0.09755296888702106,0.10953233490387598,4905,2503,2,62,33,25,0,0,1024.0,1024.0,1024.0,5.428912613540888,33.44935607910156,0.0001373229911595876,25.907442603000163,1.3345470428466797,1.380859375
fold3_seed43,cova3d_c100_dis_fold3_seed43,C100_DIS,3,43,3973010882,ceb8281d0005ac653bb0204f085c0f4c050eb0e926e22aec433020e005874350,3733319e86c521bfe7a665965e8e78ae85eccbb27a5861f94b5fad76ff3913ae,22,23,120,1380,0.2218012202319746,0.08061060248128248,0.14119061877330144,4701,2502,1,57,31,32,0,0,1024.0,1024.0,1024.0,4.369700685267647,22.5492000579834,0.00012526946274844474,25.829471959999864,1.3345470428466797,1.380859375
fold3_seed43,cova3d_c100_dis_fold3_seed43,C100_DIS,3,43,3973010882,ceb8281d0005ac653bb0204f085c0f4c050eb0e926e22aec433020e005874350,3733319e86c521bfe7a665965e8e78ae85eccbb27a5861f94b5fad76ff3913ae,23,24,120,1440,0.1802027392957522,0.06896320651179243,0.11123953213294348,4639,2527,1,54,30,36,0,0,1024.0,1024.0,1024.0,5.639974428713321,47.227577209472656,0.00011339201459540494,25.92408306299876,1.3345470428466797,1.380859375
fold3_seed43,cova3d_c100_dis_fold3_seed43,C100_DIS,3,43,3973010882,ceb8281d0005ac653bb0204f085c0f4c050eb0e926e22aec433020e005874350,3733319e86c521bfe7a665965e8e78ae85eccbb27a5861f94b5fad76ff3913ae,24,25,120,1500,0.18988559279907993,0.07079216142328164,0.11909343004226684,4608,2388,1,58,38,24,0,0,1024.0,1024.0,1024.0,4.5790622336169085,22.220949172973633,0.00010177037759260854,25.874697729001127,1.3345470428466797,1.380859375
fold3_seed43,cova3d_c100_dis_fold3_seed43,C100_DIS,3,43,3973010882,ceb8281d0005ac653bb0204f085c0f4c050eb0e926e22aec433020e005874350,3733319e86c521bfe7a665965e8e78ae85eccbb27a5861f94b5fad76ff3913ae,25,26,120,1560,0.19494784254987962,0.06926364967612623,0.12568419327338537,4342,2407,0,58,33,29,0,0,1024.0,1024.0,1024.0,5.394059329479933,44.089874267578125,9.048256542400759e-05,25.960828830000537,1.3345470428466797,1.380859375
fold3_seed43,cova3d_c100_dis_fold3_seed43,C100_DIS,3,43,3973010882,ceb8281d0005ac653bb0204f085c0f4c050eb0e926e22aec433020e005874350,3733319e86c521bfe7a665965e8e78ae85eccbb27a5861f94b5fad76ff3913ae,26,27,120,1620,0.16604127144367642,0.0542230800608498,0.11181819140911102,4743,2735,2,66,29,25,0,0,1024.0,1024.0,1024.0,3.4425694808363914,15.156797409057617,7.960435087538242e-05,25.878425501001402,1.3345470428466797,1.380859375
fold3_seed43,cova3d_c100_dis_fold3_seed43,C100_DIS,3,43,3973010882,ceb8281d0005ac653bb0204f085c0f4c050eb0e926e22aec433020e005874350,3733319e86c521bfe7a665965e8e78ae85eccbb27a5861f94b5fad76ff3913ae,27,28,120,1680,0.1615786790909245,0.06122990401491961,0.10034877409537633,4842,2576,2,57,31,32,0,0,1024.0,1024.0,1024.0,4.2010727649282975,22.181631088256836,6.920875718705205e-05,25.857395660999828,1.3345470428466797,1.380859375
fold3_seed43,cova3d_c100_dis_fold3_seed43,C100_DIS,3,43,3973010882,ceb8281d0005ac653bb0204f085c0f4c050eb0e926e22aec433020e005874350,3733319e86c521bfe7a665965e8e78ae85eccbb27a5861f94b5fad76ff3913ae,28,29,120,1740,0.1956092400401303,0.06572736437567528,0.12988187472025553,5168,2756,0,59,35,26,0,0,1024.0,1024.0,1024.0,4.567942279701431,36.3770751953125,5.936556786372413e-05,25.833754013001453,1.3345470428466797,1.380859375
fold3_seed43,cova3d_c100_dis_fold3_seed43,C100_DIS,3,43,3973010882,ceb8281d0005ac653bb0204f085c0f4c050eb0e926e22aec433020e005874350,3733319e86c521bfe7a665965e8e78ae85eccbb27a5861f94b5fad76ff3913ae,29,30,120,1800,0.1656720929634048,0.04704886578852173,0.11862322737773259,4860,2424,0,48,41,31,0,0,1024.0,1024.0,1024.0,3.0198015148440995,15.68353271484375,5.014085823202989e-05,25.749641069000063,1.3345470428466797,1.380859375
fold3_seed43,cova3d_c100_dis_fold3_seed43,C100_DIS,3,43,3973010882,ceb8281d0005ac653bb0204f085c0f4c050eb0e926e22aec433020e005874350,3733319e86c521bfe7a665965e8e78ae85eccbb27a5861f94b5fad76ff3913ae,30,31,120,1860,0.12249013589351562,0.05278322832126179,0.06970690737167994,4733,2562,1,80,16,24,0,0,1024.0,1024.0,1024.0,4.707068527800342,92.1916732788086,4.159655189030408e-05,25.747089963999315,1.3345470428466797,1.380859375
fold3_seed43,cova3d_c100_dis_fold3_seed43,C100_DIS,3,43,3973010882,ceb8281d0005ac653bb0204f085c0f4c050eb0e926e22aec433020e005874350,3733319e86c521bfe7a665965e8e78ae85eccbb27a5861f94b5fad76ff3913ae,31,32,120,1920,0.15545069664591818,0.036096713115997166,0.11935398280620575,4830,2604,0,56,32,32,0,0,1024.0,1024.0,1024.0,3.0755792359511056,14.118186950683594,3.379000502807257e-05,25.787808712000697,1.3345470428466797,1.380859375
fold3_seed43,cova3d_c100_dis_fold3_seed43,C100_DIS,3,43,3973010882,ceb8281d0005ac653bb0204f085c0f4c050eb0e926e22aec433020e005874350,3733319e86c521bfe7a665965e8e78ae85eccbb27a5861f94b5fad76ff3913ae,32,33,120,1980,0.16526189906632946,0.05003255149041668,0.11522934784491858,4822,2478,2,57,25,38,0,0,1024.0,1024.0,1024.0,3.52697393403699,18.89457893371582,2.6773621405624713e-05,25.81814415900044,1.3345470428466797,1.380859375
fold3_seed43,cova3d_c100_dis_fold3_seed43,C100_DIS,3,43,3973010882,ceb8281d0005ac653bb0204f085c0f4c050eb0e926e22aec433020e005874350,3733319e86c521bfe7a665965e8e78ae85eccbb27a5861f94b5fad76ff3913ae,33,34,120,2040,0.1504191823345023,0.050455623254591186,0.09996355921030045,4723,2504,1,66,31,23,0,0,1024.0,1024.0,1024.0,3.301955571718281,33.682640075683594,2.059450057823627e-05,25.7077143789993,1.3345470428466797,1.380859375
fold3_seed43,cova3d_c100_dis_fold3_seed43,C100_DIS,3,43,3973010882,ceb8281d0005ac653bb0204f085c0f4c050eb0e926e22aec433020e005874350,3733319e86c521bfe7a665965e8e78ae85eccbb27a5861f94b5fad76ff3913ae,34,35,120,2100,0.14537980206825504,0.03836952701610225,0.10701027512550354,4789,2665,2,51,33,36,0,0,1024.0,1024.0,1024.0,3.9809852744763097,37.35908889770508,1.5294121726440254e-05,25.720579332999478,1.3345470428466797,1.380859375
fold3_seed43,cova3d_c100_dis_fold3_seed43,C100_DIS,3,43,3973010882,ceb8281d0005ac653bb0204f085c0f4c050eb0e926e22aec433020e005874350,3733319e86c521bfe7a665965e8e78ae85eccbb27a5861f94b5fad76ff3913ae,35,36,120,2160,0.14245995250415527,0.04171332448631991,0.1007466271519661,4973,2635,0,65,29,26,0,0,1024.0,1024.0,1024.0,3.043370224100848,18.457618713378906,1.0908065214729997e-05,25.800594238000485,1.3345470428466797,1.380859375
fold3_seed43,cova3d_c100_dis_fold3_seed43,C100_DIS,3,43,3973010882,ceb8281d0005ac653bb0204f085c0f4c050eb0e926e22aec433020e005874350,3733319e86c521bfe7a665965e8e78ae85eccbb27a5861f94b5fad76ff3913ae,36,37,120,2220,0.11458987225722224,0.03864558639070218,0.07594428608814875,4677,2642,2,70,22,28,0,0,1024.0,1024.0,1024.0,2.8734545168466865,22.833890914916992,7.465773747813819e-06,25.83887465800035,1.3345470428466797,1.380859375
fold3_seed43,cova3d_c100_dis_fold3_seed43,C100_DIS,3,43,3973010882,ceb8281d0005ac653bb0204f085c0f4c050eb0e926e22aec433020e005874350,3733319e86c521bfe7a665965e8e78ae85eccbb27a5861f94b5fad76ff3913ae,37,38,120,2280,0.145011993393463,0.0464793961667804,0.09853259772062302,4906,2585,0,59,31,30,0,0,1024.0,1024.0,1024.0,3.2281135932852822,35.94874572753906,4.990354727730315e-06,25.785157898999387,1.3345470428466797,1.380859375
fold3_seed43,cova3d_c100_dis_fold3_seed43,C100_DIS,3,43,3973010882,ceb8281d0005ac653bb0204f085c0f4c050eb0e926e22aec433020e005874350,3733319e86c521bfe7a665965e8e78ae85eccbb27a5861f94b5fad76ff3913ae,38,39,120,2340,0.09837556739111501,0.03674447589494291,0.06163109044233958,4970,2650,2,69,19,32,0,0,1024.0,1024.0,1024.0,2.8985312625144917,19.869718551635742,3.498425138561358e-06,25.716841910001676,1.3345470428466797,1.380859375
fold3_seed43,cova3d_c100_dis_fold3_seed43,C100_DIS,3,43,3973010882,ceb8281d0005ac653bb0204f085c0f4c050eb0e926e22aec433020e005874350,3733319e86c521bfe7a665965e8e78ae85eccbb27a5861f94b5fad76ff3913ae,39,40,120,2400,0.09252311640980466,0.033051443454090015,0.059471674263477325,4895,2552,2,69,27,24,0,0,1024.0,1024.0,1024.0,2.210247607777516,9.005191802978516,3e-06,25.73131756500152,1.3345470428466797,1.380859375
fold3_seed43,cova3d_c100_frg_fold3_seed43,C100_FRG,3,43,3973010882,ceb8281d0005ac653bb0204f085c0f4c050eb0e926e22aec433020e005874350,3733319e86c521bfe7a665965e8e78ae85eccbb27a5861f94b5fad76ff3913ae,0,1,120,60,2.190359719687452,1.7515155700035394,0.4388441542784373,4804,2610,0,59,36,25,2,2,1024.0,4096.0,1024.0,105.11331221262614,288.7418518066406,0.00017999999999999998,27.174881245000506,1.3353557586669922,1.380859375
fold3_seed43,cova3d_c100_frg_fold3_seed43,C100_FRG,3,43,3973010882,ceb8281d0005ac653bb0204f085c0f4c050eb0e926e22aec433020e005874350,3733319e86c521bfe7a665965e8e78ae85eccbb27a5861f94b5fad76ff3913ae,1,2,120,120,1.0813710301842852,0.738449567296387,0.3429214636484782,4810,2640,1,68,30,22,0,0,1024.0,1024.0,1024.0,34.494329849878945,107.7269287109375,0.0002999445918673937,26.33138727900041,1.3353557586669922,1.380859375
fold3_seed43,cova3d_c100_frg_fold3_seed43,C100_FRG,3,43,3973010882,ceb8281d0005ac653bb0204f085c0f4c050eb0e926e22aec433020e005874350,3733319e86c521bfe7a665965e8e78ae85eccbb27a5861f94b5fad76ff3913ae,2,3,120,180,0.8804748277335117,0.5428378342223975,0.33763699332873026,5077,2712,2,57,39,24,0,0,1024.0,1024.0,1024.0,14.476127624511719,68.94758605957031,0.0002991142965839822,26.215152290000333,1.3353557586669922,1.380859375
fold3_seed43,cova3d_c100_frg_fold3_seed43,C100_FRG,3,43,3973010882,ceb8281d0005ac653bb0204f085c0f4c050eb0e926e22aec433020e005874350,3733319e86c521bfe7a665965e8e78ae85eccbb27a5861f94b5fad76ff3913ae,3,4,120,240,0.7487171247291068,0.44374754633754493,0.3049695799748103,4676,2489,2,59,29,32,0,0,1024.0,1024.0,1024.0,9.285329143206278,26.366968154907227,0.0002972930965702204,26.1137249530002,1.3353557586669922,1.380859375
fold3_seed43,cova3d_c100_frg_fold3_seed43,C100_FRG,3,43,3973010882,ceb8281d0005ac653bb0204f085c0f4c050eb0e926e22aec433020e005874350,3733319e86c521bfe7a665965e8e78ae85eccbb27a5861f94b5fad76ff3913ae,4,5,120,300,0.6883905555121601,0.3979088666383177,0.29048168708880745,5016,2598,2,52,25,43,0,0,1024.0,1024.0,1024.0,10.123431253433228,52.195438385009766,0.0002944932171711482,26.06396640299863,1.3353557586669922,1.380859375
fold3_seed43,cova3d_c100_frg_fold3_seed43,C100_FRG,3,43,3973010882,ceb8281d0005ac653bb0204f085c0f4c050eb0e926e22aec433020e005874350,3733319e86c521bfe7a665965e8e78ae85eccbb27a5861f94b5fad76ff3913ae,5,6,120,360,0.5784815044297527,0.3172264980074639,0.26125500748554864,4667,2360,1,54,27,39,0,0,1024.0,1024.0,1024.0,8.093547415733337,51.985172271728516,0.000290733453407337,26.074438923000343,1.3353557586669922,1.380859375
fold3_seed43,cova3d_c100_frg_fold3_seed43,C100_FRG,3,43,3973010882,ceb8281d0005ac653bb0204f085c0f4c050eb0e926e22aec433020e005874350,3733319e86c521bfe7a665965e8e78ae85eccbb27a5861f94b5fad76ff3913ae,6,7,120,420,0.5667729057371617,0.32364093604458805,0.24313197135925294,4619,2423,3,53,36,31,0,0,1024.0,1024.0,1024.0,8.232536043723425,31.979936599731445,0.0002860390438077423,26.1730063670002,1.3353557586669922,1.380859375
fold3_seed43,cova3d_c100_frg_fold3_seed43,C100_FRG,3,43,3973010882,ceb8281d0005ac653bb0204f085c0f4c050eb0e926e22aec433020e005874350,3733319e86c521bfe7a665965e8e78ae85eccbb27a5861f94b5fad76ff3913ae,7,8,120,480,0.48321368915494534,0.2448355959340309,0.23837809214989344,4783,2558,0,63,30,27,0,0,1024.0,1024.0,1024.0,6.251407421628634,33.649234771728516,0.00028044150098859483,26.043827391000377,1.3353557586669922,1.380859375
fold3_seed43,cova3d_c100_frg_fold3_seed43,C100_FRG,3,43,3973010882,ceb8281d0005ac653bb0204f085c0f4c050eb0e926e22aec433020e005874350,3733319e86c521bfe7a665965e8e78ae85eccbb27a5861f94b5fad76ff3913ae,8,9,120,540,0.46690559093064316,0.2575599182746373,0.20934567203124363,4896,2546,2,69,24,27,0,0,1024.0,1024.0,1024.0,8.706933788458507,67.30525970458984,0.0002739784001156218,26.174426960000346,1.3353557586669922,1.380859375
fold3_seed43,cova3d_c100_frg_fold3_seed43,C100_FRG,3,43,3973010882,ceb8281d0005ac653bb0204f085c0f4c050eb0e926e22aec433020e005874350,3733319e86c521bfe7a665965e8e78ae85eccbb27a5861f94b5fad76ff3913ae,9,10,120,600,0.47080835997282217,0.25020765740773643,0.22060070435206094,4666,2412,1,54,35,31,0,0,1024.0,1024.0,1024.0,8.386401136716207,30.400718688964844,0.0002666931266696063,26.136975471999904,1.3353557586669922,1.380859375
fold3_seed43,cova3d_c100_frg_fold3_seed43,C100_FRG,3,43,3973010882,ceb8281d0005ac653bb0204f085c0f4c050eb0e926e22aec433020e005874350,3733319e86c521bfe7a665965e8e78ae85eccbb27a5861f94b5fad76ff3913ae,10,11,120,660,0.42010307154171944,0.22652520792592742,0.1935778632760048,4761,2398,0,56,35,29,0,0,1024.0,1024.0,1024.0,8.304605358839035,44.745140075683594,0.0002586345852084849,26.062144748999344,1.3353557586669922,1.380859375
fold3_seed43,cova3d_c100_frg_fold3_seed43,C100_FRG,3,43,3973010882,ceb8281d0005ac653bb0204f085c0f4c050eb0e926e22aec433020e005874350,3733319e86c521bfe7a665965e8e78ae85eccbb27a5861f94b5fad76ff3913ae,11,12,120,720,0.485863331592797,0.27792569778005904,0.20793762902418772,4780,2667,0,62,27,31,0,0,1024.0,1024.0,1024.0,8.0800421555837,63.07540512084961,0.0002498568710810032,26.084293024001454,1.3353557586669922,1.380859375
fold3_seed43,cova3d_c100_frg_fold3_seed43,C100_FRG,3,43,3973010882,ceb8281d0005ac653bb0204f085c0f4c050eb0e926e22aec433020e005874350,3733319e86c521bfe7a665965e8e78ae85eccbb27a5861f94b5fad76ff3913ae,12,13,120,780,0.3866874724856946,0.1909505745403294,0.19573689649502438,4688,2598,1,49,30,41,0,0,1024.0,1024.0,1024.0,6.699067771434784,26.19246482849121,0.0002404189072956492,26.08195113400143,1.3353557586669922,1.380859375
fold3_seed43,cova3d_c100_frg_fold3_seed43,C100_FRG,3,43,3973010882,ceb8281d0005ac653bb0204f085c0f4c050eb0e926e22aec433020e005874350,3733319e86c521bfe7a665965e8e78ae85eccbb27a5861f94b5fad76ff3913ae,13,14,120,840,0.3505108979608243,0.1627449311982976,0.1877659673492114,4815,2551,1,60,30,30,0,0,1024.0,1024.0,1024.0,5.485266755521297,32.38998794555664,0.00023038404898248976,26.001894610999443,1.3353557586669922,1.380859375
fold3_seed43,cova3d_c100_frg_fold3_seed43,C100_FRG,3,43,3973010882,ceb8281d0005ac653bb0204f085c0f4c050eb0e926e22aec433020e005874350,3733319e86c521bfe7a665965e8e78ae85eccbb27a5861f94b5fad76ff3913ae,14,15,120,900,0.282328809085296,0.1423033291248127,0.14002547909816107,4867,2742,2,60,34,26,0,0,1024.0,1024.0,1024.0,6.069022670388222,36.2062873840332,0.00021981965810307605,25.941297119999945,1.3353557586669922,1.380859375
fold3_seed43,cova3d_c100_frg_fold3_seed43,C100_FRG,3,43,3973010882,ceb8281d0005ac653bb0204f085c0f4c050eb0e926e22aec433020e005874350,3733319e86c521bfe7a665965e8e78ae85eccbb27a5861f94b5fad76ff3913ae,15,16,120,960,0.3450178166411206,0.14870244251066347,0.19631537447373074,4762,2489,3,55,34,31,0,0,1024.0,1024.0,1024.0,6.082365598281225,40.30615997314453,0.00020879665126330557,25.999624115998813,1.3353557586669922,1.380859375
fold3_seed43,cova3d_c100_frg_fold3_seed43,C100_FRG,3,43,3973010882,ceb8281d0005ac653bb0204f085c0f4c050eb0e926e22aec433020e005874350,3733319e86c521bfe7a665965e8e78ae85eccbb27a5861f94b5fad76ff3913ae,16,17,120,1020,0.19174491698722704,0.1047400583772287,0.08700485875209173,4942,2733,2,61,24,35,0,0,1024.0,1024.0,1024.0,3.9812818775574366,14.43563175201416,0.00019738902366467966,25.988656650999474,1.3353557586669922,1.380859375
fold3_seed43,cova3d_c100_frg_fold3_seed43,C100_FRG,3,43,3973010882,ceb8281d0005ac653bb0204f085c0f4c050eb0e926e22aec433020e005874350,3733319e86c521bfe7a665965e8e78ae85eccbb27a5861f94b5fad76ff3913ae,17,18,120,1080,0.26478782986707,0.12228629426113002,0.14250153601169585,4693,2496,1,69,20,31,0,0,1024.0,1024.0,1024.0,7.915557868282,108.00040435791016,0.00018567335238957547,26.058507321000434,1.3353557586669922,1.380859375
fold3_seed43,cova3d_c100_frg_fold3_seed43,C100_FRG,3,43,3973010882,ceb8281d0005ac653bb0204f085c0f4c050eb0e926e22aec433020e005874350,3733319e86c521bfe7a665965e8e78ae85eccbb27a5861f94b5fad76ff3913ae,18,19,120,1140,0.20400451627608618,0.10318420393900093,0.10082031339406967,4793,2669,2,69,30,21,0,0,1024.0,1024.0,1024.0,4.559568294992399,66.29546356201172,0.0001737282823548769,25.953812759000357,1.3353557586669922,1.380859375
fold3_seed43,cova3d_c100_frg_fold3_seed43,C100_FRG,3,43,3973010882,ceb8281d0005ac653bb0204f085c0f4c050eb0e926e22aec433020e005874350,3733319e86c521bfe7a665965e8e78ae85eccbb27a5861f94b5fad76ff3913ae,19,20,120,1200,0.2609424714893066,0.13323604646784587,0.12770642439524332,4502,2427,3,54,33,33,0,0,1024.0,1024.0,1024.0,7.231254957988858,49.134422302246094,0.00016163399838465363,25.979617816001337,1.3353557586669922,1.380859375
fold3_seed43,cova3d_c100_frg_fold3_seed43,C100_FRG,3,43,3973010882,ceb8281d0005ac653bb0204f085c0f4c050eb0e926e22aec433020e005874350,3733319e86c521bfe7a665965e8e78ae85eccbb27a5861f94b5fad76ff3913ae,20,21,120,1260,0.21781867416545234,0.08817345715257639,0.12964521547158558,4732,2313,2,61,30,29,0,0,1024.0,1024.0,1024.0,5.001343897730112,46.06336212158203,0.00014947168694575625,25.982567720999214,1.3353557586669922,1.380859375
fold3_seed43,cova3d_c100_frg_fold3_seed43,C100_FRG,3,43,3973010882,ceb8281d0005ac653bb0204f085c0f4c050eb0e926e22aec433020e005874350,3733319e86c521bfe7a665965e8e78ae85eccbb27a5861f94b5fad76ff3913ae,21,22,120,1320,0.20540938064423245,0.08544682107670572,0.11996255864699681,5037,2659,3,62,33,25,0,0,1024.0,1024.0,1024.0,4.956809972474972,69.23286437988281,0.0001373229911595876,25.980363115000728,1.3353557586669922,1.380859375
fold3_seed43,cova3d_c100_frg_fold3_seed43,C100_FRG,3,43,3973010882,ceb8281d0005ac653bb0204f085c0f4c050eb0e926e22aec433020e005874350,3733319e86c521bfe7a665965e8e78ae85eccbb27a5861f94b5fad76ff3913ae,22,23,120,1380,0.19550322769731185,0.06663630356282131,0.1288669263323148,4730,2475,1,57,31,32,0,0,1024.0,1024.0,1024.0,3.6591787661115327,20.100696563720703,0.00012526946274844474,25.931339579999985,1.3353557586669922,1.380859375
fold3_seed43,cova3d_c100_frg_fold3_seed43,C100_FRG,3,43,3973010882,ceb8281d0005ac653bb0204f085c0f4c050eb0e926e22aec433020e005874350,3733319e86c521bfe7a665965e8e78ae85eccbb27a5861f94b5fad76ff3913ae,23,24,120,1440,0.20439703978230075,0.08490793440613516,0.11948910504579544,4710,2592,1,54,30,36,0,0,1024.0,1024.0,1024.0,4.35487636619558,31.23475456237793,0.00011339201459540494,25.862630096999055,1.3353557586669922,1.380859375
fold3_seed43,cova3d_c100_frg_fold3_seed43,C100_FRG,3,43,3973010882,ceb8281d0005ac653bb0204f085c0f4c050eb0e926e22aec433020e005874350,3733319e86c521bfe7a665965e8e78ae85eccbb27a5861f94b5fad76ff3913ae,24,25,120,1500,0.18622245899461518,0.06707552937735622,0.11914692769447963,4613,2407,1,58,38,24,0,0,1024.0,1024.0,1024.0,4.008725194660171,32.74619674682617,0.00010177037759260854,25.76472801000091,1.3353557586669922,1.380859375
fold3_seed43,cova3d_c100_frg_fold3_seed43,C100_FRG,3,43,3973010882,ceb8281d0005ac653bb0204f085c0f4c050eb0e926e22aec433020e005874350,3733319e86c521bfe7a665965e8e78ae85eccbb27a5861f94b5fad76ff3913ae,25,26,120,1560,0.1611274007870482,0.04931905327054362,0.11180834621191024,4304,2351,1,58,33,29,0,0,1024.0,1024.0,1024.0,3.1310261755560833,23.195711135864258,9.048256542400759e-05,25.791077777999817,1.3353557586669922,1.380859375
fold3_seed43,cova3d_c100_frg_fold3_seed43,C100_FRG,3,43,3973010882,ceb8281d0005ac653bb0204f085c0f4c050eb0e926e22aec433020e005874350,3733319e86c521bfe7a665965e8e78ae85eccbb27a5861f94b5fad76ff3913ae,26,27,120,1620,0.1541033877216705,0.055926608581179,0.0981767788529396,4755,2775,2,66,29,25,0,0,1024.0,1024.0,1024.0,3.233126363903284,24.178911209106445,7.960435087538242e-05,25.941061503001038,1.3353557586669922,1.380859375
fold3_seed43,cova3d_c100_frg_fold3_seed43,C100_FRG,3,43,3973010882,ceb8281d0005ac653bb0204f085c0f4c050eb0e926e22aec433020e005874350,3733319e86c521bfe7a665965e8e78ae85eccbb27a5861f94b5fad76ff3913ae,27,28,120,1680,0.14920081784680406,0.050532160269305376,0.09866865624984106,4841,2567,2,57,31,32,0,0,1024.0,1024.0,1024.0,3.0724667141834896,33.8099479675293,6.920875718705205e-05,25.827670575999946,1.3353557586669922,1.380859375
fold3_seed43,cova3d_c100_frg_fold3_seed43,C100_FRG,3,43,3973010882,ceb8281d0005ac653bb0204f085c0f4c050eb0e926e22aec433020e005874350,3733319e86c521bfe7a665965e8e78ae85eccbb27a5861f94b5fad76ff3913ae,28,29,120,1740,0.1699417415891124,0.0444205350028767,0.1255212073524793,5097,2710,0,59,35,26,0,0,1024.0,1024.0,1024.0,4.0851774447908005,35.68635559082031,5.936556786372413e-05,25.89441512400117,1.3353557586669922,1.380859375
fold3_seed43,cova3d_c100_frg_fold3_seed43,C100_FRG,3,43,3973010882,ceb8281d0005ac653bb0204f085c0f4c050eb0e926e22aec433020e005874350,3733319e86c521bfe7a665965e8e78ae85eccbb27a5861f94b5fad76ff3913ae,29,30,120,1800,0.1604525662915705,0.043965851620561124,0.11648671527703604,4795,2372,1,48,41,31,0,0,1024.0,1024.0,1024.0,2.9305934470146893,18.725059509277344,5.014085823202989e-05,25.89198318599847,1.3353557586669922,1.380859375
fold3_seed43,cova3d_c100_frg_fold3_seed43,C100_FRG,3,43,3973010882,ceb8281d0005ac653bb0204f085c0f4c050eb0e926e22aec433020e005874350,3733319e86c521bfe7a665965e8e78ae85eccbb27a5861f94b5fad76ff3913ae,30,31,120,1860,0.12753756506023894,0.06437167809909093,0.06316588670015336,4834,2632,1,80,16,24,0,0,1024.0,1024.0,1024.0,5.72289064967384,156.4925994873047,4.159655189030408e-05,25.729068548000214,1.3353557586669922,1.380859375
fold3_seed43,cova3d_c100_frg_fold3_seed43,C100_FRG,3,43,3973010882,ceb8281d0005ac653bb0204f085c0f4c050eb0e926e22aec433020e005874350,3733319e86c521bfe7a665965e8e78ae85eccbb27a5861f94b5fad76ff3913ae,31,32,120,1920,0.15442005117195853,0.030737149717242573,0.123682901263237,4915,2670,0,56,32,32,0,0,1024.0,1024.0,1024.0,1.999787577893585,6.0962677001953125,3.379000502807257e-05,25.802617418999944,1.3353557586669922,1.380859375
fold3_seed43,cova3d_c100_frg_fold3_seed43,C100_FRG,3,43,3973010882,ceb8281d0005ac653bb0204f085c0f4c050eb0e926e22aec433020e005874350,3733319e86c521bfe7a665965e8e78ae85eccbb27a5861f94b5fad76ff3913ae,32,33,120,1980,0.15834362374324656,0.0437037954791208,0.11463982810576757,4774,2411,4,57,25,38,0,0,1024.0,1024.0,1024.0,3.2029636391438543,40.87831497192383,2.6773621405624713e-05,25.8118976450005,1.3353557586669922,1.380859375
fold3_seed43,cova3d_c100_frg_fold3_seed43,C100_FRG,3,43,3973010882,ceb8281d0005ac653bb0204f085c0f4c050eb0e926e22aec433020e005874350,3733319e86c521bfe7a665965e8e78ae85eccbb27a5861f94b5fad76ff3913ae,33,34,120,2040,0.14877804144533338,0.04644367553027407,0.10233436475197474,4718,2532,3,66,31,23,0,0,1024.0,1024.0,1024.0,3.3992222483250467,44.833824157714844,2.059450057823627e-05,25.870319273999485,1.3353557586669922,1.380859375
fold3_seed43,cova3d_c100_frg_fold3_seed43,C100_FRG,3,43,3973010882,ceb8281d0005ac653bb0204f085c0f4c050eb0e926e22aec433020e005874350,3733319e86c521bfe7a665965e8e78ae85eccbb27a5861f94b5fad76ff3913ae,34,35,120,2100,0.1821001423354422,0.07135068103350856,0.11074946026007335,4946,2782,2,51,33,36,0,0,1024.0,1024.0,1024.0,5.4293484373639025,65.53093719482422,1.5294121726440254e-05,25.85656356400068,1.3353557586669922,1.380859375
fold3_seed43,cova3d_c100_frg_fold3_seed43,C100_FRG,3,43,3973010882,ceb8281d0005ac653bb0204f085c0f4c050eb0e926e22aec433020e005874350,3733319e86c521bfe7a665965e8e78ae85eccbb27a5861f94b5fad76ff3913ae,35,36,120,2160,0.10775444946485398,0.029933909957291387,0.0778205394744873,5062,2720,0,65,29,26,0,0,1024.0,1024.0,1024.0,2.3548835010578233,9.5693359375,1.0908065214729997e-05,25.772460378000687,1.3353557586669922,1.380859375
fold3_seed43,cova3d_c100_frg_fold3_seed43,C100_FRG,3,43,3973010882,ceb8281d0005ac653bb0204f085c0f4c050eb0e926e22aec433020e005874350,3733319e86c521bfe7a665965e8e78ae85eccbb27a5861f94b5fad76ff3913ae,36,37,120,2220,0.1071536188036248,0.03285339019230757,0.07430022905270259,4545,2514,2,70,22,28,0,0,1024.0,1024.0,1024.0,3.1262513265013694,27.90521812438965,7.465773747813819e-06,25.78302734099998,1.3353557586669922,1.380859375
fold3_seed43,cova3d_c100_frg_fold3_seed43,C100_FRG,3,43,3973010882,ceb8281d0005ac653bb0204f085c0f4c050eb0e926e22aec433020e005874350,3733319e86c521bfe7a665965e8e78ae85eccbb27a5861f94b5fad76ff3913ae,37,38,120,2280,0.14538810686711562,0.03410581491972001,0.11128229300181071,4823,2544,0,59,31,30,0,0,1024.0,1024.0,1024.0,3.1192569533983865,35.25345993041992,4.990354727730315e-06,25.825589647000015,1.3353557586669922,1.380859375
fold3_seed43,cova3d_c100_frg_fold3_seed43,C100_FRG,3,43,3973010882,ceb8281d0005ac653bb0204f085c0f4c050eb0e926e22aec433020e005874350,3733319e86c521bfe7a665965e8e78ae85eccbb27a5861f94b5fad76ff3913ae,38,39,120,2340,0.08519804371742717,0.030728511579282743,0.05446953276793162,4949,2620,2,69,19,32,0,0,1024.0,1024.0,1024.0,2.727097517531365,18.848649978637695,3.498425138561358e-06,25.733148067000002,1.3353557586669922,1.380859375
fold3_seed43,cova3d_c100_frg_fold3_seed43,C100_FRG,3,43,3973010882,ceb8281d0005ac653bb0204f085c0f4c050eb0e926e22aec433020e005874350,3733319e86c521bfe7a665965e8e78ae85eccbb27a5861f94b5fad76ff3913ae,39,40,120,2400,0.0818194963820531,0.028080723849637935,0.05373877336581548,4882,2570,3,69,27,24,0,0,1024.0,1024.0,1024.0,2.370021955482662,29.99684715270996,3e-06,25.72809961600069,1.3353557586669922,1.380859375
