case_id,role,coverage_fraction,component_native_id,resolution_class,quota,coh_connected_sets,dis_connected_sets,frg_connected_sets,coh_component_sizes,dis_component_sizes,frg_component_sizes,coh_mean_nn_mm,dis_mean_nn_mm,frg_mean_nn_mm,coh_equals_dis,coh_equals_frg,dis_equals_frg,any_pairwise_alias,jaccard_coh_dis,jaccard_coh_frg,jaccard_dis_frg,geometry_claim_COH,geometry_claim_DIS,geometry_claim_FRG,limited_identity_pass,geometry_claim_pass,topology_pass,operational_distinct_pass,component_operationality_pass,common_capacity
coronacases_001,final_outer_cv,0.5,1,GLOBAL_GEOMETRY_RESOLVABLE,5,1,5,3,5,1;1;1;1;1,2;2;1,1.5,61.55150484393304,19.843497525947217,False,False,False,False,0.0,0.25,0.25,True,True,True,True,True,True,True,True,5
coronacases_001,final_outer_cv,0.5,3,GLOBAL_GEOMETRY_RESOLVABLE,6,1,5,3,6,2;1;1;1;1,2;2;2,1.5,4.636015109176129,1.5,False,False,False,False,0.0,0.2,0.2,True,True,True,True,True,True,True,True,6
coronacases_001,final_outer_cv,0.5,4,GLOBAL_RESOLUTION_LIMITED,42,1,1,1,42,42,42,1.5,1.5,1.5,True,True,True,True,1.0,1.0,1.0,False,False,False,True,True,True,True,True,42
coronacases_001,final_outer_cv,0.5,6,GLOBAL_GEOMETRY_RESOLVABLE,6,1,6,3,6,1;1;1;1;1;1,2;2;2,1.5,6.123105625617659,1.5,False,False,False,False,0.0,0.2,0.09090909090909091,True,True,True,True,True,True,True,True,6
coronacases_001,final_outer_cv,0.5,7,GLOBAL_GEOMETRY_RESOLVABLE,5,1,5,3,5,1;1;1;1;1,2;2;1,1.7485281374238568,9.4645028402014,3.543074902771996,False,False,False,False,0.0,0.1111111111111111,0.25,True,True,True,True,True,True,True,True,5
coronacases_001,final_outer_cv,0.5,10,GLOBAL_GEOMETRY_RESOLVABLE,4,1,4,3,4,1;1;1;1,2;1;1,1.5,6.18465843842649,3.0,False,False,False,False,0.0,0.14285714285714285,0.3333333333333333,True,True,True,True,True,True,True,True,4
coronacases_001,final_outer_cv,0.5,14,GLOBAL_GEOMETRY_RESOLVABLE,5,1,5,3,5,1;1;1;1;1,2;2;1,1.5,6.764595962508632,2.3224972160321826,False,False,False,False,0.0,0.25,0.1111111111111111,True,True,True,True,True,True,True,True,5
coronacases_001,final_outer_cv,0.5,15,GLOBAL_GEOMETRY_RESOLVABLE,5,1,2,3,5,4;1,2;2;1,1.5,2.7787216574869107,1.870820393249937,False,False,False,False,0.25,0.1111111111111111,0.25,True,True,True,True,True,True,True,True,5
coronacases_001,final_outer_cv,0.5,16,GLOBAL_GEOMETRY_RESOLVABLE,6,1,6,3,6,1;1;1;1;1;1,3;2;1,1.5,5.955765028725062,2.3106601717798214,False,False,False,False,0.0,0.09090909090909091,0.2,True,True,True,True,True,True,True,True,6
coronacases_001,final_outer_cv,0.5,17,GLOBAL_RESOLUTION_LIMITED,43,1,1,1,43,43,43,1.5,1.5,1.5,True,True,True,True,1.0,1.0,1.0,False,False,False,True,True,True,True,True,43
coronacases_001,final_outer_cv,0.5,21,GLOBAL_GEOMETRY_RESOLVABLE,5,1,5,3,5,1;1;1;1;1,2;2;1,1.5,5.408326913195984,2.1,False,False,False,False,0.0,0.1111111111111111,0.25,True,True,True,True,True,True,True,True,5
coronacases_001,final_outer_cv,0.5,23,GLOBAL_GEOMETRY_RESOLVABLE,5,1,5,3,5,1;1;1;1;1,2;2;1,1.870820393249937,8.01387938639778,2.7,False,False,False,False,0.0,0.1111111111111111,0.25,True,True,True,True,True,True,True,True,5
coronacases_001,final_outer_cv,0.5,24,GLOBAL_GEOMETRY_RESOLVABLE,4,1,3,2,4,2;1;1,3;1,1.5,2.7377111549046633,1.9635254915624212,False,False,False,False,0.0,0.3333333333333333,0.14285714285714285,True,True,True,True,True,True,True,True,4
coronacases_001,final_outer_cv,0.5,25,GLOBAL_GEOMETRY_RESOLVABLE,6,1,6,3,6,1;1;1;1;1;1,3;2;1,1.5,36.09835885752732,9.222609359550987,False,False,False,False,0.0,0.09090909090909091,0.09090909090909091,True,True,True,True,True,True,True,True,6
coronacases_001,final_outer_cv,0.5,26,GLOBAL_GEOMETRY_RESOLVABLE,5,1,5,3,5,1;1;1;1;1,2;2;1,1.5,38.872695254644235,9.410359310042406,False,False,False,False,0.0,0.1111111111111111,0.0,True,True,True,True,True,True,True,True,5
coronacases_001,final_outer_cv,0.5,27,GLOBAL_GEOMETRY_RESOLVABLE,5,1,5,3,5,1;1;1;1;1,2;2;1,1.5,5.281665382639197,2.4,False,False,False,False,0.0,0.0,0.25,True,True,True,True,True,True,True,True,5
coronacases_001,final_outer_cv,0.5,28,GLOBAL_GEOMETRY_RESOLVABLE,4,1,4,3,4,1;1;1;1,2;1;1,1.5,14.500242575897289,6.796693311223912,False,False,False,False,0.0,0.14285714285714285,0.14285714285714285,True,True,True,True,True,True,True,True,4
coronacases_001,final_outer_cv,0.5,30,GLOBAL_GEOMETRY_RESOLVABLE,4,1,4,3,4,1;1;1;1,2;1;1,1.875,5.473215592731465,3.0,False,False,False,False,0.0,0.14285714285714285,0.3333333333333333,True,True,True,True,True,True,True,True,4
coronacases_001,final_outer_cv,0.5,31,GLOBAL_GEOMETRY_RESOLVABLE,4,1,4,2,4,1;1;1;1,2;2,1.5,3.1770509831248424,1.5,False,False,False,False,0.3333333333333333,0.14285714285714285,0.0,True,True,True,True,True,True,True,True,4
coronacases_001,final_outer_cv,0.5,32,GLOBAL_GEOMETRY_RESOLVABLE,4,1,4,3,4,1;1;1;1,2;1;1,1.5,22.13217688421578,13.170259426754466,False,False,False,False,0.0,0.3333333333333333,0.14285714285714285,True,True,True,True,True,True,True,True,4
coronacases_001,final_outer_cv,0.5,37,GLOBAL_GEOMETRY_RESOLVABLE,4,1,4,3,4,1;1;1;1,2;1;1,1.5,23.414737573918032,12.271718621802913,False,False,False,False,0.0,0.14285714285714285,0.14285714285714285,True,True,True,True,True,True,True,True,4
coronacases_001,final_outer_cv,0.5,51,GLOBAL_GEOMETRY_RESOLVABLE,3,1,3,3,3,1;1;1,1;1;1,1.5,8.201562118716424,6.478708664619075,False,False,False,False,0.0,0.2,0.2,True,True,True,True,True,True,True,True,3
coronacases_001,final_outer_cv,1.0,1,GLOBAL_GEOMETRY_RESOLVABLE,2,1,2,2,2,1;1,1;1,1.5,110.97972787856348,93.21748762973608,False,False,False,False,0.0,0.0,0.3333333333333333,True,True,True,True,True,True,True,True,2
coronacases_001,final_outer_cv,1.0,2,GLOBAL_GEOMETRY_RESOLVABLE,3,1,3,3,3,1;1;1,1;1;1,1.5,42.69796749463256,42.69796749463256,False,False,True,True,0.2,0.2,1.0,True,True,True,True,True,True,False,False,3
coronacases_001,final_outer_cv,1.0,3,GLOBAL_GEOMETRY_RESOLVABLE,3,1,3,3,3,1;1;1,1;1;1,2.118033988749895,5.950759155375704,5.854860063735631,False,False,False,False,0.0,0.2,0.5,True,True,True,True,True,True,True,True,3
coronacases_001,final_outer_cv,1.0,4,GLOBAL_RESOLUTION_LIMITED,17,1,1,1,17,17,17,1.5,1.5,1.5,True,True,True,True,1.0,1.0,1.0,False,False,False,True,True,True,True,True,42
coronacases_001,final_outer_cv,1.0,6,GLOBAL_GEOMETRY_RESOLVABLE,3,1,3,3,3,1;1;1,1;1;1,2.0,8.701789597489904,5.854860063735631,False,False,False,False,0.0,0.2,0.5,True,True,True,True,True,True,True,True,3
coronacases_001,final_outer_cv,1.0,7,GLOBAL_GEOMETRY_RESOLVABLE,4,1,4,3,4,1;1;1;1,2;1;1,2.1213203435596424,10.41482925823555,5.996540211665006,False,False,False,False,0.0,0.14285714285714285,0.3333333333333333,True,True,True,True,True,True,True,True,4
coronacases_001,final_outer_cv,1.0,8,GLOBAL_GEOMETRY_RESOLVABLE,3,1,3,3,3,1;1;1,1;1;1,2.0,10.195542877118251,10.195542877118251,False,False,True,True,0.2,0.2,1.0,True,True,True,True,True,True,False,False,3
coronacases_001,final_outer_cv,1.0,9,GLOBAL_RESOLUTION_LIMITED,17,1,1,1,17,17,17,1.5,1.5,1.5,True,True,True,True,1.0,1.0,1.0,False,False,False,True,True,True,True,True,39
coronacases_001,final_outer_cv,1.0,10,GLOBAL_GEOMETRY_RESOLVABLE,2,1,2,2,2,1;1,1;1,1.5,9.486832980505138,6.708203932499369,False,False,False,False,0.0,0.3333333333333333,0.3333333333333333,True,True,True,True,True,True,True,True,2
coronacases_001,final_outer_cv,1.0,11,GLOBAL_GEOMETRY_RESOLVABLE,3,1,3,3,3,1;1;1,1;1;1,1.5,42.13399278740289,34.129123401368936,False,False,False,False,0.0,0.2,0.5,True,True,True,True,True,True,True,True,3
coronacases_001,final_outer_cv,1.0,12,GLOBAL_GEOMETRY_RESOLVABLE,3,1,3,3,3,1;1;1,1;1;1,1.5,6.184658438426491,4.5,False,False,False,False,0.0,0.0,0.2,True,True,True,True,True,True,True,True,3
coronacases_001,final_outer_cv,1.0,14,GLOBAL_GEOMETRY_RESOLVABLE,3,1,3,3,3,1;1;1,1;1;1,1.5,8.63950323522004,6.35917360311745,False,False,False,False,0.0,0.2,0.2,True,True,True,True,True,True,True,True,3
coronacases_001,final_outer_cv,1.0,15,GLOBAL_GEOMETRY_RESOLVABLE,3,1,3,3,3,1;1;1,1;1;1,2.1213203435596424,4.965053297900375,4.40956595483038,False,False,False,False,0.2,0.5,0.5,True,True,True,True,True,True,True,True,3
coronacases_001,final_outer_cv,1.0,16,GLOBAL_GEOMETRY_RESOLVABLE,4,1,4,3,4,1;1;1;1,2;1;1,1.875,6.732771570173609,4.5275972182367195,False,False,False,False,0.14285714285714285,0.14285714285714285,0.6,True,True,True,True,True,True,True,True,4
coronacases_001,final_outer_cv,1.0,17,GLOBAL_RESOLUTION_LIMITED,17,1,1,1,17,17,17,1.5,1.5,1.5,True,True,True,True,1.0,1.0,1.0,False,False,False,True,True,True,True,True,43
coronacases_001,final_outer_cv,1.0,21,GLOBAL_GEOMETRY_RESOLVABLE,3,1,3,3,3,1;1;1,1;1;1,2.118033988749895,6.433978400210179,6.156684018705007,False,False,False,False,0.0,0.2,0.5,True,True,True,True,True,True,True,True,3
coronacases_001,final_outer_cv,1.0,23,GLOBAL_GEOMETRY_RESOLVABLE,3,1,3,3,3,1;1;1,1;1;1,2.118033988749895,10.354334875184472,8.634553419525522,False,False,False,False,0.0,0.2,0.2,True,True,True,True,True,True,True,True,3
coronacases_001,final_outer_cv,1.0,24,GLOBAL_GEOMETRY_RESOLVABLE,3,1,3,2,3,1;1;1,2;1,1.5,3.8172068075839793,2.53224755112299,False,False,False,False,0.0,0.2,0.5,True,True,True,True,True,True,True,True,3
coronacases_001,final_outer_cv,1.0,25,GLOBAL_GEOMETRY_RESOLVABLE,3,1,3,3,3,1;1;1,1;1;1,1.5,49.081488743593106,49.081488743593106,False,False,True,True,0.2,0.2,1.0,True,True,True,True,True,True,False,False,3
coronacases_001,final_outer_cv,1.0,26,GLOBAL_GEOMETRY_RESOLVABLE,3,1,3,3,3,1;1;1,1;1;1,1.5,46.91268465250008,35.70664772894924,False,False,False,False,0.0,0.2,0.0,True,True,True,True,True,True,True,True,3
coronacases_001,final_outer_cv,1.0,27,GLOBAL_GEOMETRY_RESOLVABLE,3,1,3,3,3,1;1;1,1;1;1,1.5,6.41439347309558,6.29128784747792,False,False,False,False,0.2,0.2,0.5,True,True,True,True,True,True,True,True,3
coronacases_001,final_outer_cv,1.0,28,GLOBAL_GEOMETRY_RESOLVABLE,3,1,3,3,3,1;1;1,1;1;1,1.7071067811865472,16.237378881101986,12.672029976944993,False,False,False,False,0.0,0.2,0.5,True,True,True,True,True,True,True,True,3
coronacases_001,final_outer_cv,1.0,29,GLOBAL_GEOMETRY_RESOLVABLE,2,1,2,2,2,1;1,1;1,2.1213203435596424,11.423659658795863,4.743416490252569,False,False,False,False,0.0,0.0,0.3333333333333333,True,True,True,True,True,True,True,True,2
coronacases_001,final_outer_cv,1.0,30,GLOBAL_GEOMETRY_RESOLVABLE,2,1,2,2,2,1;1,1;1,3.0,8.48528137423857,5.408326913195984,False,False,False,False,0.0,0.3333333333333333,0.0,True,True,True,True,True,True,True,True,2
coronacases_001,final_outer_cv,1.0,31,GLOBAL_GEOMETRY_RESOLVABLE,2,1,2,2,2,1;1,1;1,1.5,5.408326913195984,3.0,False,False,False,False,0.3333333333333333,0.3333333333333333,0.3333333333333333,True,True,True,True,True,True,True,True,2
coronacases_001,final_outer_cv,1.0,32,GLOBAL_GEOMETRY_RESOLVABLE,3,1,3,3,3,1;1;1,1;1;1,1.5,25.15441496631222,24.250987394161005,False,False,False,False,0.2,0.2,0.5,True,True,True,True,True,True,True,True,3
coronacases_001,final_outer_cv,1.0,33,GLOBAL_GEOMETRY_RESOLVABLE,3,1,3,3,3,1;1;1,1;1;1,1.5,5.408326913195984,5.408326913195984,False,False,True,True,0.2,0.2,1.0,True,True,True,True,True,True,False,False,3
coronacases_001,final_outer_cv,1.0,35,GLOBAL_GEOMETRY_RESOLVABLE,4,1,4,3,4,1;1;1;1,2;1;1,1.5,20.300434133407162,11.202465059924887,False,False,False,False,0.14285714285714285,0.14285714285714285,0.3333333333333333,True,True,True,True,True,True,True,True,4
coronacases_001,final_outer_cv,1.0,37,GLOBAL_GEOMETRY_RESOLVABLE,3,1,3,3,3,1;1;1,1;1;1,1.7071067811865472,28.49142084544413,24.54017641702886,False,False,False,False,0.0,0.2,0.5,True,True,True,True,True,True,True,True,3
coronacases_001,final_outer_cv,1.0,38,GLOBAL_GEOMETRY_RESOLVABLE,2,1,2,2,2,1;1,1;1,1.5,8.74642784226795,5.408326913195984,False,False,False,False,0.0,0.3333333333333333,0.3333333333333333,True,True,True,True,True,True,True,True,2
coronacases_001,final_outer_cv,1.0,39,GLOBAL_GEOMETRY_RESOLVABLE,4,1,4,3,4,1;1;1;1,2;1;1,1.5,22.343168133619272,11.874866369996615,False,False,False,False,0.0,0.14285714285714285,0.3333333333333333,True,True,True,True,True,True,True,True,4
coronacases_001,final_outer_cv,1.0,40,GLOBAL_GEOMETRY_RESOLVABLE,3,1,3,3,3,1;1;1,1;1;1,1.5,6.298133679031242,4.965053297900375,False,False,False,False,0.0,0.0,0.5,True,True,True,True,True,True,True,True,3
coronacases_001,final_outer_cv,1.0,42,GLOBAL_GEOMETRY_RESOLVABLE,3,1,3,3,3,1;1;1,1;1;1,1.5,3.8172068075839793,3.118033988749895,False,False,False,False,0.2,0.2,0.2,True,True,True,True,True,True,True,True,3
coronacases_001,final_outer_cv,1.0,43,GLOBAL_GEOMETRY_RESOLVABLE,3,1,3,3,3,1;1;1,1;1;1,1.5,22.10758338401382,22.10758338401382,False,False,True,True,0.2,0.2,1.0,True,True,True,True,True,True,False,False,3
coronacases_001,final_outer_cv,1.0,44,GLOBAL_RESOLUTION_LIMITED,16,1,1,1,16,16,16,1.5,1.5,1.5,True,True,True,True,1.0,1.0,1.0,False,False,False,True,True,True,True,True,101
coronacases_001,final_outer_cv,1.0,45,GLOBAL_GEOMETRY_RESOLVABLE,3,1,3,2,3,1;1;1,2;1,1.5,3.118033988749895,2.118033988749895,False,False,False,False,0.2,0.2,0.2,True,True,True,True,True,True,True,True,3
coronacases_001,final_outer_cv,1.0,46,GLOBAL_GEOMETRY_RESOLVABLE,3,1,2,2,3,2;1,2;1,1.5,2.414213562373095,2.414213562373095,False,False,True,True,0.2,0.2,1.0,True,True,True,True,True,True,False,False,3
coronacases_001,final_outer_cv,1.0,48,GLOBAL_GEOMETRY_RESOLVABLE,3,1,3,3,3,1;1;1,1;1;1,1.5,16.923760650273476,13.821825380496477,False,False,False,False,0.0,0.2,0.5,True,True,True,True,True,True,True,True,3
coronacases_001,final_outer_cv,1.0,50,GLOBAL_GEOMETRY_RESOLVABLE,3,1,2,2,3,2;1,2;1,2.0,4.038843615231785,3.3541019662496847,False,False,False,False,0.0,0.2,0.5,True,True,True,True,True,True,True,True,3
coronacases_001,final_outer_cv,1.0,51,GLOBAL_GEOMETRY_RESOLVABLE,2,1,2,2,2,1;1,1;1,1.5,12.0,6.708203932499369,False,False,False,False,0.0,0.3333333333333333,0.0,True,True,True,True,True,True,True,True,2
coronacases_001,final_outer_cv,1.0,53,GLOBAL_GEOMETRY_RESOLVABLE,2,1,2,2,2,1;1,1;1,1.5,6.87386354243376,4.743416490252569,False,False,False,False,0.0,0.0,0.3333333333333333,True,True,True,True,True,True,True,True,2
coronacases_001,final_outer_cv,1.0,55,GLOBAL_GEOMETRY_RESOLVABLE,3,1,2,2,3,2;1,2;1,2.0,3.460812848891379,3.460812848891379,False,False,False,False,0.0,0.2,0.5,True,True,True,True,True,True,True,True,3
coronacases_001,final_outer_cv,1.0,56,GLOBAL_GEOMETRY_RESOLVABLE,3,1,3,3,3,1;1;1,1;1;1,1.5,9.244562646538029,5.977725364273732,False,False,False,False,0.0,0.2,0.5,True,True,True,True,True,True,True,True,3
coronacases_002,final_outer_cv,0.5,1,GLOBAL_GEOMETRY_RESOLVABLE,5,1,5,3,5,1;1;1;1;1,2;2;1,1.5,23.365441334655532,5.236087214122113,False,False,False,False,0.0,0.25,0.1111111111111111,True,True,True,True,True,True,True,True,5
coronacases_002,final_outer_cv,0.5,2,GLOBAL_GEOMETRY_RESOLVABLE,9,1,9,3,9,1;1;1;1;1;1;1;1;1,4;3;2,1.5,21.14194166198429,1.5,False,False,False,False,0.0,0.2857142857142857,0.058823529411764705,True,True,True,True,True,True,True,True,9
coronacases_002,final_outer_cv,0.5,6,GLOBAL_GEOMETRY_RESOLVABLE,10,1,7,3,10,3;2;1;1;1;1;1,4;3;3,1.6242640687119283,3.5327182992097326,1.5,False,False,False,False,0.0,0.25,0.1111111111111111,True,True,True,True,True,True,True,True,10
coronacases_002,final_outer_cv,0.5,12,GLOBAL_GEOMETRY_RESOLVABLE,10,1,9,3,10,2;1;1;1;1;1;1;1;1,4;3;3,1.5,4.154695403818453,1.65,False,False,False,False,0.0,0.1111111111111111,0.1111111111111111,True,True,True,True,True,True,True,True,10
coronacases_002,final_outer_cv,0.5,14,GLOBAL_GEOMETRY_RESOLVABLE,6,1,6,2,6,1;1;1;1;1;1,3;3,1.5,3.349586409417043,1.6035533905932737,False,False,False,False,0.09090909090909091,0.2,0.2,True,True,True,True,True,True,True,True,6
coronacases_002,final_outer_cv,0.5,15,GLOBAL_GEOMETRY_RESOLVABLE,7,1,7,3,7,1;1;1;1;1;1;1,3;2;2,1.7648717094642408,5.474571753925535,1.5,False,False,False,False,0.0,0.16666666666666666,0.16666666666666666,True,True,True,True,True,True,True,True,7
coronacases_002,final_outer_cv,0.5,16,GLOBAL_GEOMETRY_RESOLVABLE,8,1,8,3,8,1;1;1;1;1;1;1;1,4;2;2,1.6875,19.693020995324776,1.5,False,False,False,False,0.0,0.14285714285714285,0.14285714285714285,True,True,True,True,True,True,True,True,8
coronacases_002,final_outer_cv,0.5,18,GLOBAL_GEOMETRY_RESOLVABLE,11,1,9,3,11,3;1;1;1;1;1;1;1;1,4;4;3,1.5,3.522187117581035,1.5,False,False,False,False,0.047619047619047616,0.15789473684210525,0.047619047619047616,True,True,True,True,True,True,True,True,11
coronacases_002,final_outer_cv,0.5,19,GLOBAL_GEOMETRY_RESOLVABLE,10,1,10,3,10,1;1;1;1;1;1;1;1;1;1,4;3;3,1.5621320343559641,7.760780184336008,1.5,False,False,False,False,0.0,0.1111111111111111,0.1111111111111111,True,True,True,True,True,True,True,True,10
coronacases_002,final_outer_cv,0.5,20,GLOBAL_GEOMETRY_RESOLVABLE,11,1,11,3,11,1;1;1;1;1;1;1;1;1;1;1,4;4;3,1.612967335192662,9.856358113223047,1.5,False,False,False,False,0.0,0.1,0.1,True,True,True,True,True,True,True,True,11
coronacases_002,final_outer_cv,0.5,21,GLOBAL_GEOMETRY_RESOLVABLE,10,1,10,3,10,1;1;1;1;1;1;1;1;1;1,4;3;3,1.5,7.534101241965705,1.5,False,False,False,False,0.0,0.1111111111111111,0.1111111111111111,True,True,True,True,True,True,True,True,10
coronacases_002,final_outer_cv,0.5,23,GLOBAL_GEOMETRY_RESOLVABLE,7,1,7,3,7,1;1;1;1;1;1;1,3;2;2,1.588760049079949,8.166180506404798,1.5,False,False,False,False,0.0,0.16666666666666666,0.0,True,True,True,True,True,True,True,True,7
coronacases_002,final_outer_cv,0.5,26,GLOBAL_GEOMETRY_RESOLVABLE,10,1,10,3,10,1;1;1;1;1;1;1;1;1;1,4;3;3,1.5,5.286604497402567,1.5,False,False,False,False,0.05263157894736842,0.1111111111111111,0.1111111111111111,True,True,True,True,True,True,True,True,10
coronacases_002,final_outer_cv,0.5,27,GLOBAL_RESOLUTION_LIMITED,30,1,1,1,30,30,30,1.5,1.5,1.5,True,True,True,True,1.0,1.0,1.0,False,False,False,True,True,True,True,True,30
coronacases_002,final_outer_cv,1.0,1,GLOBAL_GEOMETRY_RESOLVABLE,4,1,4,3,4,1;1;1;1,2;1;1,1.5,22.79610323875549,10.612071234652063,False,False,False,False,0.0,0.14285714285714285,0.14285714285714285,True,True,True,True,True,True,True,True,4
coronacases_002,final_outer_cv,1.0,2,GLOBAL_GEOMETRY_RESOLVABLE,6,1,6,3,6,1;1;1;1;1;1,3;2;1,1.5,25.1137393851602,6.422040216394301,False,False,False,False,0.0,0.2,0.2,True,True,True,True,True,True,True,True,6
coronacases_002,final_outer_cv,1.0,3,GLOBAL_GEOMETRY_RESOLVABLE,4,1,4,3,4,1;1;1;1,2;1;1,1.6553300858899105,29.2829139804758,15.0,False,False,False,False,0.0,0.3333333333333333,0.14285714285714285,True,True,True,True,True,True,True,True,4
coronacases_002,final_outer_cv,1.0,4,GLOBAL_GEOMETRY_RESOLVABLE,3,1,3,3,3,1;1;1,1;1;1,1.5,8.849266422272258,7.021645711795972,False,False,False,False,0.0,0.2,0.2,True,True,True,True,True,True,True,True,3
coronacases_002,final_outer_cv,1.0,5,GLOBAL_GEOMETRY_RESOLVABLE,6,1,6,3,6,1;1;1;1;1;1,2;2;2,1.8090169943749475,6.5336887678084095,1.5,False,False,False,False,0.0,0.2,0.2,True,True,True,True,True,True,True,True,6
coronacases_002,final_outer_cv,1.0,6,GLOBAL_GEOMETRY_RESOLVABLE,4,1,4,3,4,1;1;1;1,2;1;1,2.25,7.768023825005685,3.1217082451262845,False,False,False,False,0.0,0.14285714285714285,0.0,True,True,True,True,True,True,True,True,4
coronacases_002,final_outer_cv,1.0,7,GLOBAL_GEOMETRY_RESOLVABLE,5,1,5,3,5,1;1;1;1;1,2;2;1,1.7485281374238568,12.594365436914405,3.9166155414412245,False,False,False,False,0.0,0.1111111111111111,0.25,True,True,True,True,True,True,True,True,5
coronacases_002,final_outer_cv,1.0,8,GLOBAL_GEOMETRY_RESOLVABLE,6,1,6,3,6,1;1;1;1;1;1,2;2;2,1.5,27.43281166623149,1.5,False,False,False,False,0.0,0.2,0.2,True,True,True,True,True,True,True,True,6
coronacases_002,final_outer_cv,1.0,9,GLOBAL_GEOMETRY_RESOLVABLE,4,1,4,3,4,1;1;1;1,2;1;1,1.8106601717798212,18.445060854994438,8.897085368400163,False,False,False,False,0.0,0.14285714285714285,0.0,True,True,True,True,True,True,True,True,4
coronacases_002,final_outer_cv,1.0,10,GLOBAL_GEOMETRY_RESOLVABLE,5,1,5,3,5,1;1;1;1;1,2;2;1,1.5,12.111090561532873,3.3840329667841558,False,False,False,False,0.0,0.25,0.1111111111111111,True,True,True,True,True,True,True,True,5
coronacases_002,final_outer_cv,1.0,11,GLOBAL_RESOLUTION_LIMITED,11,1,1,1,11,11,11,1.5,1.5,1.5,True,True,True,True,1.0,1.0,1.0,False,False,False,True,True,True,True,True,41
coronacases_002,final_outer_cv,1.0,12,GLOBAL_GEOMETRY_RESOLVABLE,6,1,6,3,6,1;1;1;1;1;1,3;2;1,1.75,5.004847454889565,2.368033988749895,False,False,False,False,0.0,0.0,0.3333333333333333,True,True,True,True,True,True,True,True,6
coronacases_002,final_outer_cv,1.0,13,GLOBAL_GEOMETRY_RESOLVABLE,6,1,6,3,6,1;1;1;1;1;1,2;2;2,1.8090169943749475,7.165403174820021,1.5,False,False,False,False,0.09090909090909091,0.2,0.09090909090909091,True,True,True,True,True,True,True,True,6
coronacases_002,final_outer_cv,1.0,14,GLOBAL_GEOMETRY_RESOLVABLE,3,1,3,3,3,1;1;1,1;1;1,1.5,5.22383047297721,3.5811388300841895,False,False,False,False,0.0,0.2,0.0,True,True,True,True,True,True,True,True,3
coronacases_002,final_outer_cv,1.0,15,GLOBAL_GEOMETRY_RESOLVABLE,6,1,6,3,6,1;1;1;1;1;1,3;2;1,1.5,6.955572638964868,2.280776406404415,False,False,False,False,0.0,0.2,0.2,True,True,True,True,True,True,True,True,6
coronacases_002,final_outer_cv,1.0,16,GLOBAL_GEOMETRY_RESOLVABLE,6,1,6,3,6,1;1;1;1;1;1,3;2;1,1.6035533905932737,20.664698168906337,5.947073557013984,False,False,False,False,0.0,0.2,0.2,True,True,True,True,True,True,True,True,6
coronacases_002,final_outer_cv,1.0,17,GLOBAL_GEOMETRY_RESOLVABLE,6,1,5,3,6,2;1;1;1;1,2;2;2,1.75,3.9804064244456896,1.5,False,False,False,False,0.0,0.2,0.2,True,True,True,True,True,True,True,True,6
coronacases_002,final_outer_cv,1.0,18,GLOBAL_GEOMETRY_RESOLVABLE,6,1,6,3,6,1;1;1;1;1;1,2;2;2,1.8090169943749475,5.4309462104211415,1.5,False,False,False,False,0.09090909090909091,0.2,0.3333333333333333,True,True,True,True,True,True,True,True,6
coronacases_002,final_outer_cv,1.0,19,GLOBAL_GEOMETRY_RESOLVABLE,5,1,5,3,5,1;1;1;1;1,2;2;1,1.8727922061357856,10.501625519641385,3.363330765278394,False,False,False,False,0.0,0.1111111111111111,0.25,True,True,True,True,True,True,True,True,5
coronacases_002,final_outer_cv,1.0,20,GLOBAL_GEOMETRY_RESOLVABLE,4,1,4,3,4,1;1;1;1,2;1;1,1.875,16.025052343558016,8.518555786126363,False,False,False,False,0.0,0.14285714285714285,0.3333333333333333,True,True,True,True,True,True,True,True,4
coronacases_002,final_outer_cv,1.0,21,GLOBAL_GEOMETRY_RESOLVABLE,4,1,4,3,4,1;1;1;1,2;1;1,1.875,13.632461039987913,6.441783234309364,False,False,False,False,0.0,0.14285714285714285,0.14285714285714285,True,True,True,True,True,True,True,True,4
coronacases_002,final_outer_cv,1.0,22,GLOBAL_GEOMETRY_RESOLVABLE,4,1,4,3,4,1;1;1;1,2;1;1,1.875,44.36467074420909,22.870613034542103,False,False,False,False,0.0,0.0,0.3333333333333333,True,True,True,True,True,True,True,True,4
coronacases_002,final_outer_cv,1.0,23,GLOBAL_GEOMETRY_RESOLVABLE,5,1,5,3,5,1;1;1;1;1,2;2;1,1.7485281374238568,8.580348979385525,3.637211521390788,False,False,False,False,0.0,0.25,0.0,True,True,True,True,True,True,True,True,5
coronacases_002,final_outer_cv,1.0,24,GLOBAL_GEOMETRY_RESOLVABLE,4,1,4,3,4,1;1;1;1,2;1;1,1.5,16.551702999370832,9.695646988798973,False,False,False,False,0.14285714285714285,0.14285714285714285,0.6,True,True,True,True,True,True,True,True,4
coronacases_002,final_outer_cv,1.0,25,GLOBAL_GEOMETRY_RESOLVABLE,4,1,4,3,4,1;1;1;1,2;1;1,1.5,31.015991375611538,13.4114572621006,False,False,False,False,0.0,0.14285714285714285,0.3333333333333333,True,True,True,True,True,True,True,True,4
coronacases_002,final_outer_cv,1.0,26,GLOBAL_GEOMETRY_RESOLVABLE,6,1,6,3,6,1;1;1;1;1;1,3;2;1,1.5,6.70554267905104,2.5,False,False,False,False,0.0,0.09090909090909091,0.2,True,True,True,True,True,True,True,True,6
coronacases_002,final_outer_cv,1.0,27,GLOBAL_RESOLUTION_LIMITED,11,1,1,1,11,11,11,1.5,1.5,1.5,True,True,True,True,1.0,1.0,1.0,False,False,False,True,True,True,True,True,30
coronacases_003,final_outer_cv,0.5,2,GLOBAL_GEOMETRY_RESOLVABLE,10,1,10,3,10,1;1;1;1;1;1;1;1;1;1,4;3;3,1.5,4.607581788751304,1.5,False,False,False,False,0.0,0.25,0.1111111111111111,True,True,True,True,True,True,True,True,10
coronacases_003,final_outer_cv,0.5,4,GLOBAL_RESOLUTION_LIMITED,39,1,1,1,39,39,39,1.5,1.5,1.5,True,True,True,True,1.0,1.0,1.0,False,False,False,True,True,True,True,True,39
coronacases_003,final_outer_cv,0.5,5,GLOBAL_GEOMETRY_RESOLVABLE,11,1,5,3,11,4;3;2;1;1,4;4;3,1.5,3.5699526566925375,1.6363636363636365,False,False,False,False,0.047619047619047616,0.15789473684210525,0.15789473684210525,True,True,True,True,True,True,True,True,11
coronacases_003,final_outer_cv,0.5,6,GLOBAL_GEOMETRY_RESOLVABLE,8,1,8,3,8,1;1;1;1;1;1;1;1,3;3;2,1.5,6.789083027531929,1.5,False,False,False,False,0.0,0.23076923076923078,0.06666666666666667,True,True,True,True,True,True,True,True,8
coronacases_003,final_outer_cv,0.5,12,GLOBAL_GEOMETRY_RESOLVABLE,7,1,6,3,7,2;1;1;1;1;1,3;2;2,1.5,3.8084355074454317,1.5,False,False,False,False,0.0,0.16666666666666666,0.16666666666666666,True,True,True,True,True,True,True,True,7
coronacases_003,final_outer_cv,0.5,14,GLOBAL_GEOMETRY_RESOLVABLE,9,1,9,3,9,1;1;1;1;1;1;1;1;1,3;3;3,1.5,9.797754097044399,1.5,False,False,False,False,0.0,0.2,0.125,True,True,True,True,True,True,True,True,9
coronacases_003,final_outer_cv,0.5,16,GLOBAL_RESOLUTION_LIMITED,33,1,1,1,33,33,33,1.5,1.5,1.5,True,True,True,True,1.0,1.0,1.0,False,False,False,True,True,True,True,True,33
coronacases_003,final_outer_cv,0.5,20,GLOBAL_GEOMETRY_RESOLVABLE,12,1,12,3,12,1;1;1;1;1;1;1;1;1;1;1;1,4;4;4,1.625,4.666431744557413,1.5,False,False,False,False,0.043478260869565216,0.09090909090909091,0.14285714285714285,True,True,True,True,True,True,True,True,12
coronacases_003,final_outer_cv,0.5,26,GLOBAL_GEOMETRY_RESOLVABLE,9,1,9,3,9,1;1;1;1;1;1;1;1;1,3;3;3,1.6666666666666667,6.997380227932445,1.5,False,False,False,False,0.0,0.2,0.125,True,True,True,True,True,True,True,True,9
coronacases_003,final_outer_cv,0.5,27,GLOBAL_GEOMETRY_RESOLVABLE,9,1,9,3,9,1;1;1;1;1;1;1;1;1,3;3;3,1.5,4.468306115762555,1.5,False,False,False,False,0.0,0.2,0.125,True,True,True,True,True,True,True,True,9
coronacases_003,final_outer_cv,0.5,29,GLOBAL_GEOMETRY_RESOLVABLE,10,1,10,3,10,1;1;1;1;1;1;1;1;1;1,4;3;3,1.6242640687119283,56.19308316254738,1.65,False,False,False,False,0.0,0.05263157894736842,0.05263157894736842,True,True,True,True,True,True,True,True,10
coronacases_003,final_outer_cv,0.5,30,GLOBAL_GEOMETRY_RESOLVABLE,9,1,9,3,9,1;1;1;1;1;1;1;1;1,3;3;3,1.5,12.939582908707166,1.5,False,False,False,False,0.0,0.2,0.125,True,True,True,True,True,True,True,True,9
coronacases_003,final_outer_cv,0.5,34,GLOBAL_GEOMETRY_RESOLVABLE,9,1,9,3,9,1;1;1;1;1;1;1;1;1,3;3;3,1.6666666666666667,5.576363820977475,1.5,False,False,False,False,0.0,0.2,0.125,True,True,True,True,True,True,True,True,9
coronacases_003,final_outer_cv,0.5,35,GLOBAL_GEOMETRY_RESOLVABLE,8,1,8,3,8,1;1;1;1;1;1;1;1,3;3;2,1.5,6.146863514394112,1.5,False,False,False,False,0.0,0.14285714285714285,0.14285714285714285,True,True,True,True,True,True,True,True,8
coronacases_003,final_outer_cv,0.5,37,GLOBAL_GEOMETRY_RESOLVABLE,9,1,9,3,9,1;1;1;1;1;1;1;1;1,3;3;3,1.6666666666666667,4.6840858659078,1.5,False,False,False,False,0.0,0.2,0.125,True,True,True,True,True,True,True,True,9
coronacases_003,final_outer_cv,0.5,38,GLOBAL_GEOMETRY_RESOLVABLE,5,1,4,2,5,2;1;1;1,3;2,1.5,3.8124611797498105,2.1193485306737943,False,False,False,False,0.0,0.25,0.0,True,True,True,True,True,True,True,True,5
coronacases_003,final_outer_cv,0.5,39,GLOBAL_RESOLUTION_LIMITED,39,1,1,1,39,39,39,1.5,1.5,1.5,True,True,True,True,1.0,1.0,1.0,False,False,False,True,True,True,True,True,39
coronacases_003,final_outer_cv,0.5,40,GLOBAL_GEOMETRY_RESOLVABLE,8,1,8,3,8,1;1;1;1;1;1;1;1,3;3;2,1.5,7.244674544469712,1.5,False,False,False,False,0.0,0.23076923076923078,0.14285714285714285,True,True,True,True,True,True,True,True,8
coronacases_003,final_outer_cv,0.5,42,GLOBAL_GEOMETRY_RESOLVABLE,9,1,9,3,9,1;1;1;1;1;1;1;1;1,3;3;3,1.5,4.830716345648871,1.5,False,False,False,False,0.058823529411764705,0.2,0.2,True,True,True,True,True,True,True,True,9
coronacases_003,final_outer_cv,0.5,43,GLOBAL_GEOMETRY_RESOLVABLE,8,1,3,2,8,6;1;1,5;3,1.5,2.8475461119597085,1.5,False,False,False,False,0.06666666666666667,0.23076923076923078,0.14285714285714285,True,True,True,True,True,True,True,True,8
coronacases_003,final_outer_cv,1.0,1,GLOBAL_GEOMETRY_RESOLVABLE,4,1,4,3,4,1;1;1;1,2;1;1,1.9635254915624212,100.18032348127697,54.77684194663124,False,False,False,False,0.0,0.14285714285714285,0.14285714285714285,True,True,True,True,True,True,True,True,4
coronacases_003,final_outer_cv,1.0,2,GLOBAL_GEOMETRY_RESOLVABLE,5,1,5,3,5,1;1;1;1;1,2;2;1,1.8,6.933879371667606,2.541640786499874,False,False,False,False,0.0,0.1111111111111111,0.25,True,True,True,True,True,True,True,True,5
coronacases_003,final_outer_cv,1.0,3,GLOBAL_GEOMETRY_RESOLVABLE,5,1,5,3,5,1;1;1;1;1,2;2;1,1.5,27.93838229126077,8.22922470831599,False,False,False,False,0.0,0.25,0.25,True,True,True,True,True,True,True,True,5
coronacases_003,final_outer_cv,1.0,4,GLOBAL_RESOLUTION_LIMITED,19,1,1,1,19,19,19,1.5,1.5,1.5,True,True,True,True,1.0,1.0,1.0,False,False,False,True,True,True,True,True,39
coronacases_003,final_outer_cv,1.0,5,GLOBAL_GEOMETRY_RESOLVABLE,7,1,6,3,7,2;1;1;1;1;1,3;2;2,1.5,4.8746241231082745,1.5,False,False,False,False,0.07692307692307693,0.2727272727272727,0.2727272727272727,True,True,True,True,True,True,True,True,7
coronacases_003,final_outer_cv,1.0,6,GLOBAL_GEOMETRY_RESOLVABLE,4,1,4,3,4,1;1;1;1,2;1;1,1.5,10.722416904053807,6.174518244649274,False,False,False,False,0.0,0.3333333333333333,0.3333333333333333,True,True,True,True,True,True,True,True,4
coronacases_003,final_outer_cv,1.0,8,GLOBAL_GEOMETRY_RESOLVABLE,6,1,6,3,6,1;1;1;1;1;1,2;2;2,1.7071067811865472,4.371320343559642,1.5,False,False,False,False,0.09090909090909091,0.2,0.3333333333333333,True,True,True,True,True,True,True,True,6
coronacases_003,final_outer_cv,1.0,9,GLOBAL_GEOMETRY_RESOLVABLE,5,1,5,3,5,1;1;1;1;1,2;2;1,1.5,4.3970562748477136,2.048528137423857,False,False,False,False,0.0,0.1111111111111111,0.25,True,True,True,True,True,True,True,True,5
coronacases_003,final_outer_cv,1.0,10,GLOBAL_GEOMETRY_RESOLVABLE,6,1,6,3,6,1;1;1;1;1;1,2;2;2,1.5,6.04163831986886,1.5,False,False,False,False,0.0,0.09090909090909091,0.2,True,True,True,True,True,True,True,True,6
coronacases_003,final_outer_cv,1.0,12,GLOBAL_GEOMETRY_RESOLVABLE,5,1,5,3,5,1;1;1;1;1,2;2;1,1.5,4.5,2.1486832980505137,False,False,False,False,0.0,0.1111111111111111,0.25,True,True,True,True,True,True,True,True,5
coronacases_003,final_outer_cv,1.0,13,GLOBAL_RESOLUTION_LIMITED,19,1,1,1,19,19,19,1.5,1.5,1.5,True,True,True,True,1.0,1.0,1.0,False,False,False,True,True,True,True,True,34
coronacases_003,final_outer_cv,1.0,14,GLOBAL_GEOMETRY_RESOLVABLE,5,1,5,3,5,1;1;1;1;1,2;2;1,1.5,12.967949956610829,4.0301943396169815,False,False,False,False,0.0,0.1111111111111111,0.25,True,True,True,True,True,True,True,True,5
coronacases_003,final_outer_cv,1.0,15,GLOBAL_GEOMETRY_RESOLVABLE,5,1,5,3,5,1;1;1;1;1,2;2;1,1.5,7.93258293081806,2.843167672515498,False,False,False,False,0.0,0.1111111111111111,0.25,True,True,True,True,True,True,True,True,5
coronacases_003,final_outer_cv,1.0,16,GLOBAL_RESOLUTION_LIMITED,19,1,1,1,19,19,19,1.5,1.5,1.5,True,True,True,True,1.0,1.0,1.0,False,False,False,True,True,True,True,True,33
coronacases_003,final_outer_cv,1.0,18,GLOBAL_GEOMETRY_RESOLVABLE,6,1,6,3,6,1;1;1;1;1;1,3;2;1,1.7071067811865472,11.378133598703945,3.872022120425379,False,False,False,False,0.0,0.2,0.09090909090909091,True,True,True,True,True,True,True,True,6
coronacases_003,final_outer_cv,1.0,20,GLOBAL_GEOMETRY_RESOLVABLE,5,1,5,3,5,1;1;1;1;1,2;2;1,1.6242640687119283,7.330791109277065,2.94928556845359,False,False,False,False,0.0,0.1111111111111111,0.1111111111111111,True,True,True,True,True,True,True,True,5
coronacases_003,final_outer_cv,1.0,21,GLOBAL_GEOMETRY_RESOLVABLE,4,1,4,3,4,1;1;1;1,2;1;1,1.875,10.99888612801213,6.692262074721599,False,False,False,False,0.0,0.3333333333333333,0.14285714285714285,True,True,True,True,True,True,True,True,4
coronacases_003,final_outer_cv,1.0,22,GLOBAL_GEOMETRY_RESOLVABLE,5,1,5,3,5,1;1;1;1;1,2;2;1,1.8,9.47956306685541,3.7806975801127876,False,False,False,False,0.0,0.1111111111111111,0.1111111111111111,True,True,True,True,True,True,True,True,5
coronacases_003,final_outer_cv,1.0,23,GLOBAL_GEOMETRY_RESOLVABLE,5,1,5,3,5,1;1;1;1;1,2;2;1,1.5,14.02283156993711,4.389043743820395,False,False,False,False,0.0,0.25,0.1111111111111111,True,True,True,True,True,True,True,True,5
coronacases_003,final_outer_cv,1.0,25,GLOBAL_GEOMETRY_RESOLVABLE,5,1,5,2,5,1;1;1;1;1,3;2,1.5,3.070820393249937,1.5,False,False,False,False,0.1111111111111111,0.42857142857142855,0.0,True,True,True,True,True,True,True,True,5
coronacases_003,final_outer_cv,1.0,26,GLOBAL_GEOMETRY_RESOLVABLE,7,1,7,3,7,1;1;1;1;1;1;1,3;2;2,1.5,8.229224916583755,1.5,False,False,False,False,0.07692307692307693,0.2727272727272727,0.2727272727272727,True,True,True,True,True,True,True,True,7
coronacases_003,final_outer_cv,1.0,27,GLOBAL_GEOMETRY_RESOLVABLE,6,1,6,3,6,1;1;1;1;1;1,3;2;1,1.5,5.5006125693120085,2.5962912017836257,False,False,False,False,0.09090909090909091,0.3333333333333333,0.2,True,True,True,True,True,True,True,True,6
coronacases_003,final_outer_cv,1.0,28,GLOBAL_GEOMETRY_RESOLVABLE,6,1,4,2,6,3;1;1;1,3;3,1.5,3.4074574075705315,1.5,False,False,False,False,0.09090909090909091,0.09090909090909091,0.09090909090909091,True,True,True,True,True,True,True,True,6
coronacases_003,final_outer_cv,1.0,29,GLOBAL_GEOMETRY_RESOLVABLE,5,1,5,3,5,1;1;1;1;1,2;2;1,1.5,81.77097741349692,19.966193007640094,False,False,False,False,0.0,0.1111111111111111,0.25,True,True,True,True,True,True,True,True,5
coronacases_003,final_outer_cv,1.0,30,GLOBAL_GEOMETRY_RESOLVABLE,5,1,5,3,5,1;1;1;1;1,2;2;1,1.5,16.5109297573755,4.659768778401238,False,False,False,False,0.1111111111111111,0.25,0.25,True,True,True,True,True,True,True,True,5
coronacases_003,final_outer_cv,1.0,31,GLOBAL_GEOMETRY_RESOLVABLE,7,1,7,3,7,1;1;1;1;1;1;1,3;2;2,1.5,4.844917325827351,1.5,False,False,False,False,0.07692307692307693,0.16666666666666666,0.2727272727272727,True,True,True,True,True,True,True,True,7
coronacases_003,final_outer_cv,1.0,32,GLOBAL_GEOMETRY_RESOLVABLE,5,1,5,3,5,1;1;1;1;1,2;2;1,1.6242640687119283,14.169908249233595,5.1344631145812,False,False,False,False,0.0,0.25,0.25,True,True,True,True,True,True,True,True,5
coronacases_003,final_outer_cv,1.0,33,GLOBAL_GEOMETRY_RESOLVABLE,5,1,5,3,5,1;1;1;1;1,2;2;1,1.5,5.322497216032183,2.4,False,False,False,False,0.0,0.1111111111111111,0.25,True,True,True,True,True,True,True,True,5
coronacases_003,final_outer_cv,1.0,34,GLOBAL_GEOMETRY_RESOLVABLE,7,1,7,3,7,1;1;1;1;1;1;1,3;2;2,1.5,6.259450651865473,1.5,False,False,False,False,0.0,0.16666666666666666,0.16666666666666666,True,True,True,True,True,True,True,True,7
coronacases_003,final_outer_cv,1.0,35,GLOBAL_GEOMETRY_RESOLVABLE,5,1,5,3,5,1;1;1;1;1,2;2;1,1.5,8.428010621890161,3.6,False,False,False,False,0.0,0.1111111111111111,0.25,True,True,True,True,True,True,True,True,5
coronacases_003,final_outer_cv,1.0,36,GLOBAL_GEOMETRY_RESOLVABLE,6,1,6,3,6,1;1;1;1;1;1,3;2;1,1.5,14.383105100669177,3.954163456597992,False,False,False,False,0.0,0.0,0.09090909090909091,True,True,True,True,True,True,True,True,6
coronacases_003,final_outer_cv,1.0,37,GLOBAL_GEOMETRY_RESOLVABLE,4,1,4,3,4,1;1;1;1,2;1;1,1.5,8.35977792688076,4.446487785800281,False,False,False,False,0.0,0.0,0.3333333333333333,True,True,True,True,True,True,True,True,4
coronacases_003,final_outer_cv,1.0,38,GLOBAL_GEOMETRY_RESOLVABLE,3,1,3,3,3,1;1;1,1;1;1,1.5,5.809309495049469,5.525654427946584,False,False,False,False,0.0,0.2,0.5,True,True,True,True,True,True,True,True,3
coronacases_003,final_outer_cv,1.0,39,GLOBAL_RESOLUTION_LIMITED,20,1,1,1,20,20,20,1.5,1.5,1.5,True,True,True,True,1.0,1.0,1.0,False,False,False,True,True,True,True,True,39
coronacases_003,final_outer_cv,1.0,40,GLOBAL_GEOMETRY_RESOLVABLE,6,1,6,3,6,1;1;1;1;1;1,2;2;2,1.5,8.35669649861272,1.5,False,False,False,False,0.0,0.09090909090909091,0.2,True,True,True,True,True,True,True,True,6
coronacases_003,final_outer_cv,1.0,41,GLOBAL_GEOMETRY_RESOLVABLE,5,1,5,3,5,1;1;1;1;1,2;2;1,1.5,14.443416405172362,4.389043743820395,False,False,False,False,0.0,0.25,0.1111111111111111,True,True,True,True,True,True,True,True,5
coronacases_003,final_outer_cv,1.0,42,GLOBAL_GEOMETRY_RESOLVABLE,5,1,5,3,5,1;1;1;1;1,2;2;1,1.5,6.617833069963671,2.541640786499874,False,False,False,False,0.0,0.1111111111111111,0.25,True,True,True,True,True,True,True,True,5
coronacases_003,final_outer_cv,1.0,43,GLOBAL_GEOMETRY_RESOLVABLE,5,1,4,2,5,2;1;1;1,4;1,1.5,3.3901689239237314,2.241640786499874,False,False,False,False,0.1111111111111111,0.25,0.1111111111111111,True,True,True,True,True,True,True,True,5
coronacases_003,final_outer_cv,1.0,44,GLOBAL_GEOMETRY_RESOLVABLE,5,1,3,2,5,3;1;1,3;2,1.5,3.5832815729997476,1.5,False,False,False,False,0.25,0.0,0.1111111111111111,True,True,True,True,True,True,True,True,5
coronacases_004,permanent_development,0.5,2,GLOBAL_GEOMETRY_RESOLVABLE,8,1,8,3,8,1;1;1;1;1;1;1;1,3;3;2,1.5,9.0406514926912,1.5,False,False,False,False,0.0,0.23076923076923078,0.06666666666666667,True,True,True,True,True,True,True,True,8
coronacases_004,permanent_development,0.5,4,GLOBAL_RESOLUTION_LIMITED,33,1,1,1,33,33,33,1.5,1.5,1.5,True,True,True,True,1.0,1.0,1.0,False,False,False,True,True,True,True,True,68
coronacases_004,permanent_development,0.5,5,GLOBAL_GEOMETRY_RESOLVABLE,6,1,6,3,6,1;1;1;1;1;1,2;2;2,1.5,4.86338638120718,1.5,False,False,False,False,0.0,0.2,0.09090909090909091,True,True,True,True,True,True,True,True,6
coronacases_004,permanent_development,0.5,9,GLOBAL_RESOLUTION_LIMITED,33,1,1,1,33,33,33,1.5,1.5,1.5,True,True,True,True,1.0,1.0,1.0,False,False,False,True,True,True,True,True,94
coronacases_004,permanent_development,1.0,1,GLOBAL_GEOMETRY_RESOLVABLE,6,1,6,3,6,1;1;1;1;1;1,2;2;2,1.5,6.790329721115835,1.5,False,False,False,False,0.09090909090909091,0.2,0.3333333333333333,True,True,True,True,True,True,True,True,6
coronacases_004,permanent_development,1.0,2,GLOBAL_GEOMETRY_RESOLVABLE,4,1,4,3,4,1;1;1;1,2;1;1,1.8106601717798212,13.564944436061051,7.478089112275492,False,False,False,False,0.0,0.14285714285714285,0.14285714285714285,True,True,True,True,True,True,True,True,4
coronacases_004,permanent_development,1.0,3,GLOBAL_GEOMETRY_RESOLVABLE,6,1,6,3,6,1;1;1;1;1;1,2;2;2,1.75,48.92219936797284,1.5,False,False,False,False,0.09090909090909091,0.2,0.3333333333333333,True,True,True,True,True,True,True,True,6
coronacases_004,permanent_development,1.0,4,GLOBAL_RESOLUTION_LIMITED,27,1,1,1,27,27,27,1.5,1.5,1.5,True,True,True,True,1.0,1.0,1.0,False,False,False,True,True,True,True,True,68
coronacases_004,permanent_development,1.0,5,GLOBAL_GEOMETRY_RESOLVABLE,4,1,4,3,4,1;1;1;1,2;1;1,1.5,7.412248622543011,3.454163456597992,False,False,False,False,0.0,0.3333333333333333,0.14285714285714285,True,True,True,True,True,True,True,True,4
coronacases_004,permanent_development,1.0,6,GLOBAL_GEOMETRY_RESOLVABLE,4,1,4,3,4,1;1;1;1,2;1;1,1.5,5.951073907674347,4.958170583096134,False,False,False,False,0.14285714285714285,0.14285714285714285,0.3333333333333333,True,True,True,True,True,True,True,True,4
coronacases_004,permanent_development,1.0,9,GLOBAL_RESOLUTION_LIMITED,26,1,1,1,26,26,26,1.5,1.5,1.5,True,True,True,True,1.0,1.0,1.0,False,False,False,True,True,True,True,True,94
coronacases_004,permanent_development,1.0,12,GLOBAL_GEOMETRY_RESOLVABLE,3,1,3,3,3,1;1;1,1;1;1,2.0,10.236074461757257,8.426546072283614,False,False,False,False,0.0,0.2,0.5,True,True,True,True,True,True,True,True,3
coronacases_005,final_outer_cv,0.5,2,GLOBAL_GEOMETRY_RESOLVABLE,8,1,8,3,8,1;1;1;1;1;1;1;1,3;3;2,1.5,32.30411172644117,1.5,False,False,False,False,0.0,0.14285714285714285,0.06666666666666667,True,True,True,True,True,True,True,True,8
coronacases_005,final_outer_cv,0.5,3,GLOBAL_RESOLUTION_LIMITED,32,1,1,1,32,32,32,1.5,1.5,1.5,True,True,True,True,1.0,1.0,1.0,False,False,False,True,True,True,True,True,81
coronacases_005,final_outer_cv,1.0,1,GLOBAL_GEOMETRY_RESOLVABLE,6,1,6,3,6,1;1;1;1;1;1,2;2;2,1.5,9.847703633078341,1.5,False,False,False,False,0.0,0.2,0.2,True,True,True,True,True,True,True,True,6
coronacases_005,final_outer_cv,1.0,2,GLOBAL_GEOMETRY_RESOLVABLE,8,1,8,3,8,1;1;1;1;1;1;1;1,3;3;2,1.5,32.30411172644117,1.5,False,False,False,False,0.0,0.06666666666666667,0.14285714285714285,True,True,True,True,True,True,True,True,8
coronacases_005,final_outer_cv,1.0,3,GLOBAL_RESOLUTION_LIMITED,26,1,1,1,26,26,26,1.5,1.5,1.5,True,True,True,True,1.0,1.0,1.0,False,False,False,True,True,True,True,True,81
coronacases_006,final_outer_cv,0.5,1,GLOBAL_GEOMETRY_RESOLVABLE,10,1,10,3,10,1;1;1;1;1;1;1;1;1;1,4;3;3,1.5,11.55216269300504,1.5,False,False,False,False,0.0,0.17647058823529413,0.1111111111111111,True,True,True,True,True,True,True,True,10
coronacases_006,final_outer_cv,1.0,1,GLOBAL_GEOMETRY_RESOLVABLE,5,1,5,3,5,1;1;1;1;1,2;2;1,1.5,18.55753044263963,5.5058100283221965,False,False,False,False,0.0,0.25,0.25,True,True,True,True,True,True,True,True,6
coronacases_006,final_outer_cv,1.0,2,GLOBAL_GEOMETRY_RESOLVABLE,5,1,5,3,5,1;1;1;1;1,2;2;1,1.5,56.98015259054919,15.801712228365549,False,False,False,False,0.0,0.1111111111111111,0.0,True,True,True,True,True,True,True,True,6
coronacases_007,final_outer_cv,0.5,2,GLOBAL_GEOMETRY_RESOLVABLE,9,1,9,3,9,1;1;1;1;1;1;1;1;1,4;3;2,1.5,17.102612647057736,1.6666666666666667,False,False,False,False,0.0,0.2,0.125,True,True,True,True,True,True,True,True,9
coronacases_007,final_outer_cv,0.5,4,GLOBAL_GEOMETRY_RESOLVABLE,8,1,8,3,8,1;1;1;1;1;1;1;1,4;2;2,1.5,6.60658742197127,1.6875,False,False,False,False,0.0,0.3333333333333333,0.14285714285714285,True,True,True,True,True,True,True,True,8
coronacases_007,final_outer_cv,0.5,5,GLOBAL_GEOMETRY_RESOLVABLE,8,1,8,3,8,1;1;1;1;1;1;1;1,3;3;2,1.5,5.5003171768290775,1.5,False,False,False,False,0.0,0.23076923076923078,0.06666666666666667,True,True,True,True,True,True,True,True,8
coronacases_007,final_outer_cv,0.5,8,GLOBAL_GEOMETRY_RESOLVABLE,8,1,5,3,8,3;2;1;1;1,4;2;2,1.6875,3.6484231415678092,2.0625,False,False,False,False,0.0,0.23076923076923078,0.06666666666666667,True,True,True,True,True,True,True,True,8
coronacases_007,final_outer_cv,0.5,9,GLOBAL_GEOMETRY_RESOLVABLE,8,1,8,3,8,1;1;1;1;1;1;1;1,3;3;2,1.9969277887261658,22.00775861695122,1.5,False,False,False,False,0.0,0.06666666666666667,0.06666666666666667,True,True,True,True,True,True,True,True,8
coronacases_007,final_outer_cv,1.0,1,GLOBAL_RESOLUTION_LIMITED,4,1,1,1,4,4,4,1.5,1.5,1.5,True,True,True,True,1.0,1.0,1.0,False,False,False,True,True,True,True,True,72
coronacases_007,final_outer_cv,1.0,2,GLOBAL_GEOMETRY_RESOLVABLE,5,1,5,3,5,1;1;1;1;1,2;2;1,1.5,30.461110440433067,8.505477397131553,False,False,False,False,0.0,0.1111111111111111,0.25,True,True,True,True,True,True,True,True,6
coronacases_007,final_outer_cv,1.0,3,GLOBAL_GEOMETRY_RESOLVABLE,4,1,4,3,4,1;1;1;1,2;1;1,1.5,42.409339159895985,23.70899118998834,False,False,False,False,0.0,0.14285714285714285,0.14285714285714285,True,True,True,True,True,True,True,True,5
coronacases_007,final_outer_cv,1.0,4,GLOBAL_GEOMETRY_RESOLVABLE,5,1,5,3,5,1;1;1;1;1,2;2;1,1.5,7.91973667072534,2.815549442140351,False,False,False,False,0.0,0.25,0.25,True,True,True,True,True,True,True,True,6
coronacases_007,final_outer_cv,1.0,5,GLOBAL_GEOMETRY_RESOLVABLE,5,1,5,3,5,1;1;1;1;1,2;2;1,1.5,8.19431388965674,3.4847319317591725,False,False,False,False,0.0,0.1111111111111111,0.25,True,True,True,True,True,True,True,True,6
coronacases_007,final_outer_cv,1.0,6,GLOBAL_GEOMETRY_RESOLVABLE,4,1,4,3,4,1;1;1;1,2;1;1,1.5,5.653449586244843,4.145516868733282,False,False,False,False,0.0,0.0,0.3333333333333333,True,True,True,True,True,True,True,True,7
coronacases_007,final_outer_cv,1.0,7,GLOBAL_GEOMETRY_RESOLVABLE,5,1,5,3,5,1;1;1;1;1,2;2;1,1.6242640687119283,5.715392656767951,2.281665382639197,False,False,False,False,0.0,0.1111111111111111,0.25,True,True,True,True,True,True,True,True,6
coronacases_007,final_outer_cv,1.0,8,GLOBAL_GEOMETRY_RESOLVABLE,4,1,4,3,4,1;1;1;1,2;1;1,1.5,4.960683887729655,3.8717082451262845,False,False,False,False,0.14285714285714285,0.14285714285714285,0.6,True,True,True,True,True,True,True,True,4
coronacases_007,final_outer_cv,1.0,9,GLOBAL_GEOMETRY_RESOLVABLE,5,1,5,3,5,1;1;1;1;1,2;2;1,1.8727922061357856,31.672621381299297,7.908203932499369,False,False,False,False,0.0,0.1111111111111111,0.25,True,True,True,True,True,True,True,True,5
coronacases_008,permanent_development,0.5,1,GLOBAL_GEOMETRY_RESOLVABLE,5,1,5,2,5,1;1;1;1;1,3;2,1.5,4.1808712710412,1.8,False,False,False,False,0.0,0.25,0.1111111111111111,True,True,True,True,True,True,True,True,5
coronacases_008,permanent_development,0.5,4,GLOBAL_RESOLUTION_LIMITED,44,1,1,1,44,44,44,1.5,1.5,1.5,True,True,True,True,1.0,1.0,1.0,False,False,False,True,True,True,True,True,46
coronacases_008,permanent_development,0.5,7,GLOBAL_GEOMETRY_RESOLVABLE,6,1,6,3,6,1;1;1;1;1;1,2;2;2,1.6035533905932737,9.742677375568887,1.5,False,False,False,False,0.0,0.2,0.09090909090909091,True,True,True,True,True,True,True,True,6
coronacases_008,permanent_development,0.5,12,GLOBAL_GEOMETRY_RESOLVABLE,4,1,3,2,4,2;1;1,2;2,1.875,4.592320555426608,2.4270509831248424,False,False,False,False,0.14285714285714285,0.14285714285714285,0.14285714285714285,True,True,True,True,True,True,True,True,4
coronacases_008,permanent_development,0.5,13,GLOBAL_GEOMETRY_RESOLVABLE,6,1,6,3,6,1;1;1;1;1;1,2;2;2,1.8535533905932737,6.223669353673721,1.5,False,False,False,False,0.09090909090909091,0.2,0.3333333333333333,True,True,True,True,True,True,True,True,6
coronacases_008,permanent_development,0.5,19,GLOBAL_GEOMETRY_RESOLVABLE,6,1,6,3,6,1;1;1;1;1;1,3;2;1,1.5,5.034826445300872,2.1513878188659974,False,False,False,False,0.0,0.09090909090909091,0.2,True,True,True,True,True,True,True,True,6
coronacases_008,permanent_development,0.5,20,GLOBAL_GEOMETRY_RESOLVABLE,6,1,5,2,6,2;1;1;1;1,5;1,1.5,3.9893543323095373,2.118033988749895,False,False,False,False,0.0,0.09090909090909091,0.2,True,True,True,True,True,True,True,True,6
coronacases_008,permanent_development,0.5,21,GLOBAL_GEOMETRY_RESOLVABLE,6,1,6,3,6,1;1;1;1;1;1,2;2;2,1.5,4.78224755112299,1.5,False,False,False,False,0.0,0.2,0.2,True,True,True,True,True,True,True,True,6
coronacases_008,permanent_development,0.5,22,GLOBAL_GEOMETRY_RESOLVABLE,5,1,5,3,5,1;1;1;1;1,3;1;1,1.6242640687119283,6.741640786499874,3.25942890371748,False,False,False,False,0.0,0.1111111111111111,0.1111111111111111,True,True,True,True,True,True,True,True,5
coronacases_008,permanent_development,0.5,28,GLOBAL_GEOMETRY_RESOLVABLE,5,1,5,3,5,1;1;1;1;1,2;2;1,1.5,14.938344230417176,4.5,False,False,False,False,0.0,0.1111111111111111,0.25,True,True,True,True,True,True,True,True,5
coronacases_008,permanent_development,0.5,31,GLOBAL_GEOMETRY_RESOLVABLE,6,1,6,3,6,1;1;1;1;1;1,2;2;2,1.5,7.363278481212785,1.5,False,False,False,False,0.0,0.09090909090909091,0.09090909090909091,True,True,True,True,True,True,True,True,6
coronacases_008,permanent_development,0.5,33,GLOBAL_RESOLUTION_LIMITED,38,1,1,1,38,38,38,1.5,1.5,1.5,True,True,True,True,1.0,1.0,1.0,False,False,False,True,True,True,True,True,38
coronacases_008,permanent_development,0.5,35,GLOBAL_GEOMETRY_RESOLVABLE,4,1,4,3,4,1;1;1;1,2;1;1,1.5,24.07282773793705,14.303222944314799,False,False,False,False,0.0,0.14285714285714285,0.3333333333333333,True,True,True,True,True,True,True,True,4
coronacases_008,permanent_development,0.5,36,GLOBAL_GEOMETRY_RESOLVABLE,5,1,5,3,5,1;1;1;1;1,2;2;1,1.8,9.88551535205349,3.618677324489565,False,False,False,False,0.0,0.25,0.1111111111111111,True,True,True,True,True,True,True,True,5
coronacases_008,permanent_development,0.5,37,GLOBAL_GEOMETRY_RESOLVABLE,6,1,6,3,6,1;1;1;1;1;1,3;2;1,1.75,9.448043331698925,3.0871173070873836,False,False,False,False,0.09090909090909091,0.2,0.3333333333333333,True,True,True,True,True,True,True,True,6
coronacases_008,permanent_development,0.5,39,GLOBAL_GEOMETRY_RESOLVABLE,5,1,5,3,5,1;1;1;1;1,2;2;1,1.5,3.354101966249685,1.8,False,False,False,False,0.1111111111111111,0.1111111111111111,0.1111111111111111,True,True,True,True,True,True,True,True,5
coronacases_008,permanent_development,0.5,40,GLOBAL_RESOLUTION_LIMITED,45,1,1,1,45,45,45,1.5,1.5,1.5,True,True,True,True,1.0,1.0,1.0,False,False,False,True,True,True,True,True,92
coronacases_008,permanent_development,1.0,1,GLOBAL_GEOMETRY_RESOLVABLE,3,1,3,2,3,1;1;1,2;1,1.5,6.35917360311745,3.6502815398728843,False,False,False,False,0.0,0.2,0.2,True,True,True,True,True,True,True,True,3
coronacases_008,permanent_development,1.0,2,GLOBAL_GEOMETRY_RESOLVABLE,3,1,3,3,3,1;1;1,1;1;1,2.0,15.714038754232329,12.363420381819862,False,False,False,False,0.0,0.2,0.2,True,True,True,True,True,True,True,True,3
coronacases_008,permanent_development,1.0,3,GLOBAL_GEOMETRY_RESOLVABLE,4,1,4,3,4,1;1;1;1,2;1;1,1.875,16.019387228824385,8.856478877150657,False,False,False,False,0.14285714285714285,0.14285714285714285,0.3333333333333333,True,True,True,True,True,True,True,True,4
coronacases_008,permanent_development,1.0,4,GLOBAL_RESOLUTION_LIMITED,33,1,1,1,33,33,33,1.5,1.5,1.5,True,True,True,True,1.0,1.0,1.0,False,False,False,True,True,True,True,True,46
coronacases_008,permanent_development,1.0,5,GLOBAL_GEOMETRY_RESOLVABLE,4,1,4,3,4,1;1;1;1,2;1;1,1.875,61.59093156019713,39.8904923047178,False,False,False,False,0.14285714285714285,0.14285714285714285,0.6,True,True,True,True,True,True,True,True,4
coronacases_008,permanent_development,1.0,6,GLOBAL_GEOMETRY_RESOLVABLE,3,1,3,3,3,1;1;1,1;1;1,2.0,4.69925581813316,3.118033988749895,False,False,False,False,0.0,0.2,0.2,True,True,True,True,True,True,True,True,3
coronacases_008,permanent_development,1.0,7,GLOBAL_GEOMETRY_RESOLVABLE,4,1,4,3,4,1;1;1;1,2;1;1,1.5,13.119384975503039,6.796693311223912,False,False,False,False,0.0,0.14285714285714285,0.14285714285714285,True,True,True,True,True,True,True,True,4
coronacases_008,permanent_development,1.0,8,GLOBAL_GEOMETRY_RESOLVABLE,3,1,2,2,3,2;1,2;1,2.118033988749895,4.252265380515173,2.0,False,False,False,False,0.0,0.0,0.2,True,True,True,True,True,True,True,True,3
coronacases_008,permanent_development,1.0,11,GLOBAL_GEOMETRY_RESOLVABLE,4,1,4,3,4,1;1;1;1,2;1;1,1.5,6.618912286556345,3.4541634565979926,False,False,False,False,0.0,0.3333333333333333,0.14285714285714285,True,True,True,True,True,True,True,True,4
coronacases_008,permanent_development,1.0,12,GLOBAL_GEOMETRY_RESOLVABLE,3,1,3,3,3,1;1;1,1;1;1,1.5,6.184658438426491,5.47637996885096,False,False,False,False,0.0,0.2,0.5,True,True,True,True,True,True,True,True,3
coronacases_008,permanent_development,1.0,13,GLOBAL_GEOMETRY_RESOLVABLE,3,1,3,3,3,1;1;1,1;1;1,1.5,8.415644303948184,7.038581573040311,False,False,False,False,0.0,0.2,0.2,True,True,True,True,True,True,True,True,3
coronacases_008,permanent_development,1.0,16,GLOBAL_GEOMETRY_RESOLVABLE,4,1,4,3,4,1;1;1;1,2;1;1,1.5,13.75685436988299,6.526555610218679,False,False,False,False,0.0,0.14285714285714285,0.3333333333333333,True,True,True,True,True,True,True,True,4
coronacases_008,permanent_development,1.0,17,GLOBAL_GEOMETRY_RESOLVABLE,4,1,4,3,4,1;1;1;1,2;1;1,1.875,11.520063083383054,7.069455614842247,False,False,False,False,0.14285714285714285,0.3333333333333333,0.3333333333333333,True,True,True,True,True,True,True,True,4
coronacases_008,permanent_development,1.0,18,GLOBAL_GEOMETRY_RESOLVABLE,4,1,4,3,4,1;1;1;1,2;1;1,1.6553300858899105,6.528286112271873,3.6992861296468504,False,False,False,False,0.14285714285714285,0.14285714285714285,0.14285714285714285,True,True,True,True,True,True,True,True,4
coronacases_008,permanent_development,1.0,19,GLOBAL_GEOMETRY_RESOLVABLE,3,1,3,3,3,1;1;1,1;1;1,1.5,7.634413615167959,5.977725364273732,False,False,False,False,0.0,0.2,0.5,True,True,True,True,True,True,True,True,3
coronacases_008,permanent_development,1.0,20,GLOBAL_GEOMETRY_RESOLVABLE,4,1,4,3,4,1;1;1;1,2;1;1,1.9635254915624212,4.598402071858638,2.8713203435596424,False,False,False,False,0.0,0.14285714285714285,0.3333333333333333,True,True,True,True,True,True,True,True,4
coronacases_008,permanent_development,1.0,21,GLOBAL_GEOMETRY_RESOLVABLE,3,1,3,3,3,1;1;1,1;1;1,1.5,7.19041575982343,5.977725364273732,False,False,False,False,0.0,0.2,0.2,True,True,True,True,True,True,True,True,3
coronacases_008,permanent_development,1.0,22,GLOBAL_GEOMETRY_RESOLVABLE,3,1,3,3,3,1;1;1,1;1;1,2.0,8.0,6.41439347309558,False,False,False,False,0.0,0.2,0.2,True,True,True,True,True,True,True,True,3
coronacases_008,permanent_development,1.0,23,GLOBAL_GEOMETRY_RESOLVABLE,4,1,4,3,4,1;1;1;1,2;1;1,1.5,4.743416490252569,3.4541634565979926,False,False,False,False,0.0,0.0,0.3333333333333333,True,True,True,True,True,True,True,True,4
coronacases_008,permanent_development,1.0,24,GLOBAL_GEOMETRY_RESOLVABLE,4,1,4,3,4,1;1;1;1,2;1;1,1.5,5.8062430400804566,4.499249624684678,False,False,False,False,0.14285714285714285,0.3333333333333333,0.3333333333333333,True,True,True,True,True,True,True,True,4
coronacases_008,permanent_development,1.0,25,GLOBAL_GEOMETRY_RESOLVABLE,2,1,2,2,2,1;1,1;1,3.6742346141747673,21.529050141610984,12.36931687685298,False,False,False,False,0.0,0.3333333333333333,0.0,True,True,True,True,True,True,True,True,2
coronacases_008,permanent_development,1.0,26,GLOBAL_GEOMETRY_RESOLVABLE,3,1,3,3,3,1;1;1,1;1;1,2.0,63.46832416551579,57.78397603917065,False,False,False,False,0.0,0.0,0.2,True,True,True,True,True,True,True,True,3
coronacases_008,permanent_development,1.0,27,GLOBAL_GEOMETRY_RESOLVABLE,4,1,4,3,4,1;1;1;1,2;1;1,1.5,6.841578843897922,6.406149737043933,False,False,False,False,0.0,0.14285714285714285,0.3333333333333333,True,True,True,True,True,True,True,True,4
coronacases_008,permanent_development,1.0,28,GLOBAL_GEOMETRY_RESOLVABLE,4,1,4,3,4,1;1;1;1,2;1;1,1.5,15.451052995337808,8.897085368400163,False,False,False,False,0.14285714285714285,0.14285714285714285,0.3333333333333333,True,True,True,True,True,True,True,True,4
coronacases_008,permanent_development,1.0,31,GLOBAL_GEOMETRY_RESOLVABLE,2,1,2,2,2,1;1,1;1,1.5,18.24828759089466,12.186057606953941,False,False,False,False,0.0,0.3333333333333333,0.0,True,True,True,True,True,True,True,True,2
coronacases_008,permanent_development,1.0,33,GLOBAL_RESOLUTION_LIMITED,33,1,1,1,33,33,33,1.5,1.5,1.5,True,True,True,True,1.0,1.0,1.0,False,False,False,True,True,True,True,True,38
coronacases_008,permanent_development,1.0,34,GLOBAL_GEOMETRY_RESOLVABLE,4,1,4,3,4,1;1;1;1,2;1;1,1.5,7.782153795463513,4.18693177121688,False,False,False,False,0.0,0.14285714285714285,0.14285714285714285,True,True,True,True,True,True,True,True,4
coronacases_008,permanent_development,1.0,35,GLOBAL_GEOMETRY_RESOLVABLE,3,1,3,3,3,1;1;1,1;1;1,1.5,24.908281410686076,26.82613855450764,False,False,False,False,0.0,0.2,0.2,True,True,True,True,True,True,True,True,3
coronacases_008,permanent_development,1.0,36,GLOBAL_GEOMETRY_RESOLVABLE,4,1,4,3,4,1;1;1;1,2;1;1,1.5,11.489253502947578,7.394174207655505,False,False,False,False,0.0,0.14285714285714285,0.3333333333333333,True,True,True,True,True,True,True,True,4
coronacases_008,permanent_development,1.0,37,GLOBAL_GEOMETRY_RESOLVABLE,4,1,4,3,4,1;1;1;1,2;1;1,1.5,11.797144518587402,6.2613519212621505,False,False,False,False,0.0,0.14285714285714285,0.3333333333333333,True,True,True,True,True,True,True,True,4
coronacases_008,permanent_development,1.0,38,GLOBAL_GEOMETRY_RESOLVABLE,3,1,3,3,3,1;1;1,1;1;1,2.0,9.34166020071207,8.349506898320675,False,False,False,False,0.0,0.2,0.2,True,True,True,True,True,True,True,True,3
coronacases_008,permanent_development,1.0,39,GLOBAL_GEOMETRY_RESOLVABLE,2,1,2,2,2,1;1,1;1,1.5,7.5,5.408326913195984,False,False,False,False,0.0,0.0,0.3333333333333333,True,True,True,True,True,True,True,True,2
coronacases_008,permanent_development,1.0,40,GLOBAL_RESOLUTION_LIMITED,34,1,1,1,34,34,34,1.5,1.5,1.5,True,True,True,True,1.0,1.0,1.0,False,False,False,True,True,True,True,True,92
coronacases_009,final_outer_cv,0.5,2,GLOBAL_GEOMETRY_RESOLVABLE,3,1,3,3,3,1;1;1,1;1;1,1.5,9.518515969218662,5.803210199582772,False,False,False,False,0.0,0.2,0.0,True,True,True,True,True,True,True,True,3
coronacases_009,final_outer_cv,0.5,4,GLOBAL_GEOMETRY_RESOLVABLE,6,1,5,3,6,2;1;1;1;1,2;2;2,1.5,2.9976761962286425,1.5,False,False,False,False,0.09090909090909091,0.2,0.2,True,True,True,True,True,True,True,True,6
coronacases_009,final_outer_cv,0.5,5,GLOBAL_GEOMETRY_RESOLVABLE,4,1,3,2,4,2;1;1,2;2,1.5,4.087117307087384,1.5,False,False,False,False,0.0,0.3333333333333333,0.0,True,True,True,True,True,True,True,True,4
coronacases_009,final_outer_cv,0.5,6,GLOBAL_RESOLUTION_LIMITED,32,1,1,1,32,32,32,1.5,1.5,1.5,True,True,True,True,1.0,1.0,1.0,False,False,False,True,True,True,True,True,50
coronacases_009,final_outer_cv,0.5,9,GLOBAL_GEOMETRY_RESOLVABLE,3,1,3,3,3,1;1;1,1;1;1,2.118033988749895,9.032514013561723,5.854860063735631,False,False,False,False,0.0,0.2,0.2,True,True,True,True,True,True,True,True,3
coronacases_009,final_outer_cv,1.0,1,GLOBAL_GEOMETRY_RESOLVABLE,2,1,2,2,2,1;1,1;1,2.1213203435596424,74.75961476626267,54.04165060395547,False,False,False,False,0.3333333333333333,0.3333333333333333,0.3333333333333333,True,True,True,True,True,True,True,True,2
coronacases_009,final_outer_cv,1.0,2,GLOBAL_GEOMETRY_RESOLVABLE,2,1,2,2,2,1;1,1;1,1.5,13.82931668593933,6.87386354243376,False,False,False,False,0.0,0.0,0.3333333333333333,True,True,True,True,True,True,True,True,2
coronacases_009,final_outer_cv,1.0,3,GLOBAL_GEOMETRY_RESOLVABLE,2,1,2,2,2,1;1,1;1,1.5,79.44337606119217,44.54772721475249,False,False,False,False,0.0,0.3333333333333333,0.0,True,True,True,True,True,True,True,True,2
coronacases_009,final_outer_cv,1.0,4,GLOBAL_GEOMETRY_RESOLVABLE,4,1,4,3,4,1;1;1;1,2;1;1,1.5,4.575297321030461,2.8713203435596424,False,False,False,False,0.0,0.14285714285714285,0.3333333333333333,True,True,True,True,True,True,True,True,4
coronacases_009,final_outer_cv,1.0,5,GLOBAL_GEOMETRY_RESOLVABLE,3,1,3,3,3,1;1;1,1;1;1,1.5,4.5,4.5,False,False,False,False,0.0,0.2,0.5,True,True,True,True,True,True,True,True,3
coronacases_009,final_outer_cv,1.0,6,GLOBAL_RESOLUTION_LIMITED,26,1,1,1,26,26,26,1.5,1.5,1.5,True,True,True,True,1.0,1.0,1.0,False,False,False,True,True,True,True,True,50
coronacases_009,final_outer_cv,1.0,7,GLOBAL_GEOMETRY_RESOLVABLE,3,1,3,3,3,1;1;1,1;1;1,2.0,5.854860063735631,3.73606797749979,False,False,False,False,0.0,0.2,0.2,True,True,True,True,True,True,True,True,3
coronacases_009,final_outer_cv,1.0,8,GLOBAL_GEOMETRY_RESOLVABLE,3,1,3,3,3,1;1;1,1;1;1,1.5,13.643023258910317,7.791601917160037,False,False,False,False,0.0,0.2,0.2,True,True,True,True,True,True,True,True,3
coronacases_009,final_outer_cv,1.0,9,GLOBAL_GEOMETRY_RESOLVABLE,3,1,3,3,3,1;1;1,1;1;1,2.118033988749895,8.377260792952907,5.8416192529637785,False,False,False,False,0.0,0.2,0.5,True,True,True,True,True,True,True,True,3
coronacases_010,final_outer_cv,0.5,1,GLOBAL_GEOMETRY_RESOLVABLE,6,1,6,3,6,1;1;1;1;1;1,2;2;2,1.5,70.03769207752298,1.5,False,False,False,False,0.0,0.2,0.2,True,True,True,True,True,True,True,True,6
coronacases_010,final_outer_cv,0.5,2,GLOBAL_GEOMETRY_RESOLVABLE,5,1,5,3,5,1;1;1;1;1,2;2;1,1.8,9.840723247537204,3.0,False,False,False,False,0.0,0.25,0.1111111111111111,True,True,True,True,True,True,True,True,5
coronacases_010,final_outer_cv,0.5,4,GLOBAL_GEOMETRY_RESOLVABLE,9,1,9,3,9,1;1;1;1;1;1;1;1;1,3;3;3,1.5,4.80803199376388,1.6666666666666667,False,False,False,False,0.0,0.125,0.058823529411764705,True,True,True,True,True,True,True,True,9
coronacases_010,final_outer_cv,1.0,1,GLOBAL_GEOMETRY_RESOLVABLE,3,1,3,3,3,1;1;1,1;1;1,2.0,99.26678757426589,89.6157248345025,False,False,False,False,0.0,0.2,0.2,True,True,True,True,True,True,True,True,3
coronacases_010,final_outer_cv,1.0,2,GLOBAL_GEOMETRY_RESOLVABLE,3,1,3,3,3,1;1;1,1;1;1,2.414213562373095,13.06785706919441,10.434253111582123,False,False,False,False,0.0,0.2,0.2,True,True,True,True,True,True,True,True,3
coronacases_010,final_outer_cv,1.0,3,GLOBAL_GEOMETRY_RESOLVABLE,3,1,3,2,3,1;1;1,2;1,1.7071067811865472,6.1055512754639905,3.5495097567963927,False,False,False,False,0.0,0.2,0.2,True,True,True,True,True,True,True,True,4
coronacases_010,final_outer_cv,1.0,4,GLOBAL_GEOMETRY_RESOLVABLE,4,1,4,3,4,1;1;1;1,2;1;1,1.5,7.706368573892319,4.816343310049055,False,False,False,False,0.0,0.14285714285714285,0.3333333333333333,True,True,True,True,True,True,True,True,4
coronacases_010,final_outer_cv,1.0,5,GLOBAL_GEOMETRY_RESOLVABLE,3,1,3,3,3,1;1;1,1;1;1,2.0,101.83563948128153,79.57543144413567,False,False,False,False,0.0,0.2,0.0,True,True,True,True,True,True,True,True,6
coronacases_010,final_outer_cv,1.0,6,GLOBAL_GEOMETRY_RESOLVABLE,4,1,4,3,4,1;1;1;1,2;1;1,1.5,8.032435218290722,4.446487785800281,False,False,False,False,0.0,0.3333333333333333,0.0,True,True,True,True,True,True,True,True,5
radiopaedia_10_85902_1,final_outer_cv,0.5,1,GLOBAL_GEOMETRY_RESOLVABLE,4,1,4,3,4,1;1;1;1,2;1;1,1.5,7.811606960566987,3.931980515339464,False,False,False,False,0.0,0.3333333333333333,0.14285714285714285,True,True,True,True,True,True,True,True,4
radiopaedia_10_85902_1,final_outer_cv,1.0,1,GLOBAL_GEOMETRY_RESOLVABLE,2,1,2,2,2,1;1,1;1,1.5,12.093386622447824,8.48528137423857,False,False,False,False,0.0,0.3333333333333333,0.3333333333333333,True,True,True,True,True,True,True,True,4
radiopaedia_10_85902_1,final_outer_cv,1.0,2,GLOBAL_GEOMETRY_RESOLVABLE,2,1,2,2,2,1;1,1;1,1.5,105.94928031846182,62.94640577507186,False,False,False,False,0.0,0.3333333333333333,0.0,True,True,True,True,True,True,True,True,3
radiopaedia_10_85902_3,final_outer_cv,0.5,2,GLOBAL_GEOMETRY_RESOLVABLE,7,1,7,3,7,1;1;1;1;1;1;1,4;2;1,1.5,48.23660667932598,11.56472996160982,False,False,False,False,0.0,0.07692307692307693,0.16666666666666666,True,True,True,True,True,True,True,True,7
radiopaedia_10_85902_3,final_outer_cv,1.0,1,GLOBAL_GEOMETRY_RESOLVABLE,3,1,3,3,3,1;1;1,1;1;1,2.0,11.814484302118045,9.004144351546111,False,False,False,False,0.0,0.0,0.2,True,True,True,True,True,True,True,True,4
radiopaedia_10_85902_3,final_outer_cv,1.0,2,GLOBAL_GEOMETRY_RESOLVABLE,4,1,4,3,4,1;1;1;1,2;1;1,1.5,67.97584108877697,36.72655486563437,False,False,False,False,0.14285714285714285,0.14285714285714285,0.6,True,True,True,True,True,True,True,True,5
radiopaedia_14_85914_0,permanent_development,0.5,1,GLOBAL_GEOMETRY_RESOLVABLE,11,1,11,3,11,1;1;1;1;1;1;1;1;1;1;1,4;4;3,1.5564836675963312,62.17928529193023,1.5,False,False,False,False,0.0,0.2222222222222222,0.1,True,True,True,True,True,True,True,True,11
radiopaedia_14_85914_0,permanent_development,0.5,3,GLOBAL_GEOMETRY_RESOLVABLE,9,1,9,3,9,1;1;1;1;1;1;1;1;1,3;3;3,1.5690355937288492,4.951050679240165,1.5,False,False,False,False,0.0,0.125,0.125,True,True,True,True,True,True,True,True,9
radiopaedia_14_85914_0,permanent_development,0.5,4,GLOBAL_GEOMETRY_RESOLVABLE,7,1,7,3,7,1;1;1;1;1;1;1,3;2;2,1.5,17.653799101794593,1.5,False,False,False,False,0.0,0.16666666666666666,0.07692307692307693,True,True,True,True,True,True,True,True,7
radiopaedia_14_85914_0,permanent_development,0.5,5,GLOBAL_GEOMETRY_RESOLVABLE,8,1,8,3,8,1;1;1;1;1;1;1;1,3;3;2,1.6553300858899105,10.596063390600321,1.5,False,False,False,False,0.0,0.14285714285714285,0.06666666666666667,True,True,True,True,True,True,True,True,8
radiopaedia_14_85914_0,permanent_development,0.5,10,GLOBAL_GEOMETRY_RESOLVABLE,8,1,5,2,8,4;1;1;1;1,4;4,1.5776650429449552,2.6491856633422426,1.5,False,False,False,False,0.14285714285714285,0.6,0.14285714285714285,True,True,True,True,True,True,True,True,8
radiopaedia_14_85914_0,permanent_development,0.5,13,GLOBAL_GEOMETRY_RESOLVABLE,9,1,9,3,9,1;1;1;1;1;1;1;1;1,3;3;3,1.5,4.442809041582063,1.5,False,False,False,False,0.0,0.2,0.125,True,True,True,True,True,True,True,True,9
radiopaedia_14_85914_0,permanent_development,0.5,14,GLOBAL_GEOMETRY_RESOLVABLE,7,1,7,3,7,1;1;1;1;1;1;1,3;2;2,1.5,4.76398511802217,1.5,False,False,False,False,0.07692307692307693,0.16666666666666666,0.16666666666666666,True,True,True,True,True,True,True,True,7
radiopaedia_14_85914_0,permanent_development,0.5,17,GLOBAL_GEOMETRY_RESOLVABLE,10,1,10,3,10,1;1;1;1;1;1;1;1;1;1,4;3;3,1.5,66.11351941120286,1.5,False,False,False,False,0.05263157894736842,0.17647058823529413,0.17647058823529413,True,True,True,True,True,True,True,True,10
radiopaedia_14_85914_0,permanent_development,0.5,21,GLOBAL_GEOMETRY_RESOLVABLE,9,1,9,3,9,1;1;1;1;1;1;1;1;1,4;3;2,1.5,6.568298123917263,1.5,False,False,False,False,0.0,0.125,0.125,True,True,True,True,True,True,True,True,9
radiopaedia_14_85914_0,permanent_development,0.5,22,GLOBAL_GEOMETRY_RESOLVABLE,9,1,9,3,9,1;1;1;1;1;1;1;1;1,4;3;2,1.5,6.969391713297044,1.5,False,False,False,False,0.0,0.2857142857142857,0.125,True,True,True,True,True,True,True,True,9
radiopaedia_14_85914_0,permanent_development,0.5,24,GLOBAL_RESOLUTION_LIMITED,48,1,1,1,48,48,48,1.5,1.5,1.5,True,True,True,True,1.0,1.0,1.0,False,False,False,True,True,True,True,True,48
radiopaedia_14_85914_0,permanent_development,0.5,26,GLOBAL_GEOMETRY_RESOLVABLE,8,1,6,3,8,2;2;1;1;1;1,3;3;2,1.5,3.9045941430902387,1.5,False,False,False,False,0.0,0.14285714285714285,0.14285714285714285,True,True,True,True,True,True,True,True,8
radiopaedia_14_85914_0,permanent_development,0.5,28,GLOBAL_GEOMETRY_RESOLVABLE,10,1,8,3,10,2;2;1;1;1;1;1;1,4;3;3,1.7121320343559643,3.767266650678105,1.5,False,False,False,False,0.05263157894736842,0.1111111111111111,0.1111111111111111,True,True,True,True,True,True,True,True,10
radiopaedia_14_85914_0,permanent_development,0.5,30,GLOBAL_GEOMETRY_RESOLVABLE,9,1,8,3,9,2;1;1;1;1;1;1;1,3;3;3,1.5,3.70376005900311,1.5,False,False,False,False,0.058823529411764705,0.125,0.2,True,True,True,True,True,True,True,True,9
radiopaedia_14_85914_0,permanent_development,1.0,1,GLOBAL_GEOMETRY_RESOLVABLE,6,1,6,3,6,1;1;1;1;1;1,3;2;1,1.6035533905932737,89.95454215701835,25.785688292770597,False,False,False,False,0.0,0.3333333333333333,0.2,True,True,True,True,True,True,True,True,6
radiopaedia_14_85914_0,permanent_development,1.0,2,GLOBAL_GEOMETRY_RESOLVABLE,4,1,4,3,4,1;1;1;1,2;1;1,1.6553300858899105,24.3788964688921,17.418086865204927,False,False,False,False,0.0,0.14285714285714285,0.3333333333333333,True,True,True,True,True,True,True,True,4
radiopaedia_14_85914_0,permanent_development,1.0,3,GLOBAL_GEOMETRY_RESOLVABLE,5,1,5,3,5,1;1;1;1;1,2;2;1,1.5,6.577925618702662,2.669693845669907,False,False,False,False,0.0,0.25,0.1111111111111111,True,True,True,True,True,True,True,True,5
radiopaedia_14_85914_0,permanent_development,1.0,4,GLOBAL_GEOMETRY_RESOLVABLE,5,1,5,3,5,1;1;1;1;1,2;2;1,1.6242640687119283,20.67225908724177,8.63370701601832,False,False,False,False,0.0,0.25,0.25,True,True,True,True,True,True,True,True,5
radiopaedia_14_85914_0,permanent_development,1.0,5,GLOBAL_GEOMETRY_RESOLVABLE,6,1,6,3,6,1;1;1;1;1;1,2;2;2,1.5,10.765359126018879,1.5,False,False,False,False,0.09090909090909091,0.09090909090909091,0.3333333333333333,True,True,True,True,True,True,True,True,6
radiopaedia_14_85914_0,permanent_development,1.0,6,GLOBAL_GEOMETRY_RESOLVABLE,5,1,5,3,5,1;1;1;1;1,3;1;1,1.5,5.297629049064719,3.0486832980505136,False,False,False,False,0.1111111111111111,0.1111111111111111,0.42857142857142855,True,True,True,True,True,True,True,True,5
radiopaedia_14_85914_0,permanent_development,1.0,7,GLOBAL_GEOMETRY_RESOLVABLE,6,1,6,3,6,1;1;1;1;1;1,3;2;1,1.5,4.316321989581803,1.8090169943749475,False,False,False,False,0.0,0.3333333333333333,0.09090909090909091,True,True,True,True,True,True,True,True,6
radiopaedia_14_85914_0,permanent_development,1.0,9,GLOBAL_GEOMETRY_RESOLVABLE,5,1,5,3,5,1;1;1;1;1,3;1;1,1.5,10.701342018681867,5.226661530556788,False,False,False,False,0.0,0.1111111111111111,0.25,True,True,True,True,True,True,True,True,5
radiopaedia_14_85914_0,permanent_development,1.0,10,GLOBAL_GEOMETRY_RESOLVABLE,4,1,4,3,4,1;1;1;1,2;1;1,1.5,4.381214439722835,3.0,False,False,False,False,0.0,0.3333333333333333,0.14285714285714285,True,True,True,True,True,True,True,True,4
radiopaedia_14_85914_0,permanent_development,1.0,11,GLOBAL_GEOMETRY_RESOLVABLE,4,1,4,3,4,1;1;1;1,2;1;1,1.6553300858899105,27.58755591370509,12.982129822725067,False,False,False,False,0.0,0.14285714285714285,0.14285714285714285,True,True,True,True,True,True,True,True,4
radiopaedia_14_85914_0,permanent_development,1.0,12,GLOBAL_GEOMETRY_RESOLVABLE,3,1,3,3,3,1;1;1,1;1;1,1.5,6.623105625617661,4.743416490252569,False,False,False,False,0.0,0.2,0.2,True,True,True,True,True,True,True,True,3
radiopaedia_14_85914_0,permanent_development,1.0,13,GLOBAL_GEOMETRY_RESOLVABLE,5,1,5,3,5,1;1;1;1;1,2;2;1,1.5,6.410664883374109,2.7297058540778356,False,False,False,False,0.0,0.25,0.25,True,True,True,True,True,True,True,True,5
radiopaedia_14_85914_0,permanent_development,1.0,14,GLOBAL_GEOMETRY_RESOLVABLE,4,1,4,3,4,1;1;1;1,2;1;1,1.5,6.356959714428308,3.6543200081715823,False,False,False,False,0.14285714285714285,0.14285714285714285,0.0,True,True,True,True,True,True,True,True,4
radiopaedia_14_85914_0,permanent_development,1.0,15,GLOBAL_GEOMETRY_RESOLVABLE,6,1,6,3,6,1;1;1;1;1;1,2;2;2,1.5,12.512790404841837,1.5,False,False,False,False,0.09090909090909091,0.2,0.3333333333333333,True,True,True,True,True,True,True,True,6
radiopaedia_14_85914_0,permanent_development,1.0,16,GLOBAL_GEOMETRY_RESOLVABLE,5,1,5,3,5,1;1;1;1;1,2;2;1,1.5,22.033281280695636,8.72994023880668,False,False,False,False,0.0,0.25,0.25,True,True,True,True,True,True,True,True,5
radiopaedia_14_85914_0,permanent_development,1.0,17,GLOBAL_GEOMETRY_RESOLVABLE,5,1,5,3,5,1;1;1;1;1,2;2;1,1.8727922061357851,95.66559693440863,23.66196785680186,False,False,False,False,0.0,0.1111111111111111,0.25,True,True,True,True,True,True,True,True,5
radiopaedia_14_85914_0,permanent_development,1.0,19,GLOBAL_GEOMETRY_RESOLVABLE,5,1,5,3,5,1;1;1;1;1,2;2;1,1.5,4.934298283786326,2.541640786499874,False,False,False,False,0.1111111111111111,0.0,0.1111111111111111,True,True,True,True,True,True,True,True,5
radiopaedia_14_85914_0,permanent_development,1.0,20,GLOBAL_GEOMETRY_RESOLVABLE,5,1,5,3,5,1;1;1;1;1,2;2;1,1.5,8.921282545815082,4.711409973215888,False,False,False,False,0.0,0.1111111111111111,0.25,True,True,True,True,True,True,True,True,5
radiopaedia_14_85914_0,permanent_development,1.0,21,GLOBAL_GEOMETRY_RESOLVABLE,4,1,4,3,4,1;1;1;1,2;1;1,1.875,12.70690192540399,8.335418553335622,False,False,False,False,0.0,0.14285714285714285,0.3333333333333333,True,True,True,True,True,True,True,True,4
radiopaedia_14_85914_0,permanent_development,1.0,22,GLOBAL_GEOMETRY_RESOLVABLE,5,1,5,3,5,1;1;1;1;1,2;2;1,1.8,10.667563046618906,3.0,False,False,False,False,0.0,0.25,0.1111111111111111,True,True,True,True,True,True,True,True,5
radiopaedia_14_85914_0,permanent_development,1.0,23,GLOBAL_GEOMETRY_RESOLVABLE,5,1,5,3,5,1;1;1;1;1,2;2;1,1.8,5.709134150449647,2.436931687685298,False,False,False,False,0.0,0.25,0.25,True,True,True,True,True,True,True,True,5
radiopaedia_14_85914_0,permanent_development,1.0,24,GLOBAL_RESOLUTION_LIMITED,38,1,1,1,38,38,38,1.5,1.5,1.5,True,True,True,True,1.0,1.0,1.0,False,False,False,True,True,True,True,True,48
radiopaedia_14_85914_0,permanent_development,1.0,25,GLOBAL_GEOMETRY_RESOLVABLE,3,1,3,3,3,1;1;1,1;1;1,1.5,8.16227766016838,4.631202762478185,False,False,False,False,0.0,0.2,0.5,True,True,True,True,True,True,True,True,3
radiopaedia_14_85914_0,permanent_development,1.0,26,GLOBAL_GEOMETRY_RESOLVABLE,4,1,4,3,4,1;1;1;1,2;1;1,1.810660171779821,6.856215129514231,3.75,False,False,False,False,0.0,0.14285714285714285,0.14285714285714285,True,True,True,True,True,True,True,True,4
radiopaedia_14_85914_0,permanent_development,1.0,27,GLOBAL_GEOMETRY_RESOLVABLE,3,1,3,2,3,1;1;1,2;1,1.7071067811865472,6.184658438426491,2.8027756377319952,False,False,False,False,0.0,0.2,0.0,True,True,True,True,True,True,True,True,3
radiopaedia_14_85914_0,permanent_development,1.0,28,GLOBAL_GEOMETRY_RESOLVABLE,4,1,4,3,4,1;1;1;1,2;1;1,1.875,5.9290407576182735,3.842329219213245,False,False,False,False,0.0,0.14285714285714285,0.14285714285714285,True,True,True,True,True,True,True,True,4
radiopaedia_14_85914_0,permanent_development,1.0,29,GLOBAL_GEOMETRY_RESOLVABLE,4,1,4,3,4,1;1;1;1,2;1;1,1.5,4.575297321030461,3.0,False,False,False,False,0.0,0.3333333333333333,0.14285714285714285,True,True,True,True,True,True,True,True,4
radiopaedia_14_85914_0,permanent_development,1.0,30,GLOBAL_GEOMETRY_RESOLVABLE,4,1,4,3,4,1;1;1;1,2;1;1,1.5,5.898572259293701,3.842329219213245,False,False,False,False,0.14285714285714285,0.14285714285714285,0.6,True,True,True,True,True,True,True,True,4
radiopaedia_27_86410_0,permanent_development,0.5,2,GLOBAL_GEOMETRY_RESOLVABLE,6,1,6,3,6,1;1;1;1;1;1,2;2;2,1.5,8.655479589410723,1.5,False,False,False,False,0.0,0.2,0.2,True,True,True,True,True,True,True,True,6
radiopaedia_27_86410_0,permanent_development,0.5,3,GLOBAL_GEOMETRY_RESOLVABLE,8,1,4,3,8,5;1;1;1,3;3;2,1.5,2.583613452068408,1.5,False,False,False,False,0.06666666666666667,0.45454545454545453,0.14285714285714285,True,True,True,True,True,True,True,True,8
radiopaedia_27_86410_0,permanent_development,0.5,4,GLOBAL_GEOMETRY_RESOLVABLE,5,1,5,3,5,1;1;1;1;1,2;2;1,1.5,22.1646780804088,5.629446918070021,False,False,False,False,0.0,0.1111111111111111,0.0,True,True,True,True,True,True,True,True,5
radiopaedia_27_86410_0,permanent_development,0.5,7,GLOBAL_GEOMETRY_RESOLVABLE,9,1,8,3,9,2;1;1;1;1;1;1;1,4;3;2,1.5,3.1164847862356564,1.5,False,False,False,False,0.125,0.5,0.2,True,True,True,True,True,True,True,True,9
radiopaedia_27_86410_0,permanent_development,0.5,8,GLOBAL_GEOMETRY_RESOLVABLE,9,1,9,3,9,1;1;1;1;1;1;1;1;1,4;3;2,1.5,3.4891627824856215,1.5,False,False,False,False,0.0,0.2,0.125,True,True,True,True,True,True,True,True,9
radiopaedia_27_86410_0,permanent_development,0.5,13,GLOBAL_GEOMETRY_RESOLVABLE,6,1,6,3,6,1;1;1;1;1;1,2;2;2,1.5,6.817074090604834,1.5,False,False,False,False,0.0,0.2,0.2,True,True,True,True,True,True,True,True,6
radiopaedia_27_86410_0,permanent_development,0.5,14,GLOBAL_GEOMETRY_RESOLVABLE,10,1,10,3,10,1;1;1;1;1;1;1;1;1;1,4;3;3,1.5,3.697871376374779,1.5,False,False,False,False,0.0,0.1111111111111111,0.1111111111111111,True,True,True,True,True,True,True,True,10
radiopaedia_27_86410_0,permanent_development,1.0,1,GLOBAL_GEOMETRY_RESOLVABLE,4,1,4,3,4,1;1;1;1,2;1;1,1.5,107.23052781101987,51.7115516219928,False,False,False,False,0.0,0.0,0.3333333333333333,True,True,True,True,True,True,True,True,5
radiopaedia_27_86410_0,permanent_development,1.0,2,GLOBAL_GEOMETRY_RESOLVABLE,5,1,5,3,5,1;1;1;1;1,2;2;1,1.5,9.358227210069131,3.883281572999748,False,False,False,False,0.0,0.25,0.1111111111111111,True,True,True,True,True,True,True,True,5
radiopaedia_27_86410_0,permanent_development,1.0,3,GLOBAL_GEOMETRY_RESOLVABLE,5,1,5,3,5,1;1;1;1;1,2;2;1,1.5,3.764946955638945,1.8,False,False,False,False,0.0,0.42857142857142855,0.1111111111111111,True,True,True,True,True,True,True,True,5
radiopaedia_27_86410_0,permanent_development,1.0,4,GLOBAL_GEOMETRY_RESOLVABLE,4,1,4,3,4,1;1;1;1,2;1;1,1.5,26.924479205787556,12.18405159125842,False,False,False,False,0.0,0.14285714285714285,0.14285714285714285,True,True,True,True,True,True,True,True,4
radiopaedia_27_86410_0,permanent_development,1.0,5,GLOBAL_GEOMETRY_RESOLVABLE,3,1,3,3,3,1;1;1,1;1;1,1.5,12.746211251235321,12.633693444931382,False,False,False,False,0.2,0.2,0.0,True,True,True,True,True,True,True,True,3
radiopaedia_27_86410_0,permanent_development,1.0,7,GLOBAL_GEOMETRY_RESOLVABLE,4,1,4,3,4,1;1;1;1,2;1;1,1.5,6.095498218551565,3.722792489377116,False,False,False,False,0.0,0.14285714285714285,0.3333333333333333,True,True,True,True,True,True,True,True,4
radiopaedia_27_86410_0,permanent_development,1.0,8,GLOBAL_GEOMETRY_RESOLVABLE,5,1,5,3,5,1;1;1;1;1,2;2;1,1.5,5.534081221174365,2.436931687685298,False,False,False,False,0.0,0.1111111111111111,0.25,True,True,True,True,True,True,True,True,5
radiopaedia_27_86410_0,permanent_development,1.0,9,GLOBAL_GEOMETRY_RESOLVABLE,4,1,4,3,4,1;1;1;1,2;1;1,1.5,25.097388208254614,10.295941546018392,False,False,False,False,0.0,0.14285714285714285,0.0,True,True,True,True,True,True,True,True,6
radiopaedia_27_86410_0,permanent_development,1.0,10,GLOBAL_GEOMETRY_RESOLVABLE,4,1,4,3,4,1;1;1;1,2;1;1,1.5,46.7453144025517,23.1623291962259,False,False,False,False,0.0,0.14285714285714285,0.0,True,True,True,True,True,True,True,True,5
radiopaedia_27_86410_0,permanent_development,1.0,11,GLOBAL_GEOMETRY_RESOLVABLE,4,1,4,3,4,1;1;1;1,2;1;1,1.5,23.5894147216364,12.386707328205524,False,False,False,False,0.0,0.14285714285714285,0.3333333333333333,True,True,True,True,True,True,True,True,5
radiopaedia_27_86410_0,permanent_development,1.0,12,GLOBAL_GEOMETRY_RESOLVABLE,3,1,3,3,3,1;1;1,1;1;1,1.7071067811865472,177.74083330584781,129.96712693703844,False,False,False,False,0.0,0.2,0.5,True,True,True,True,True,True,True,True,3
radiopaedia_27_86410_0,permanent_development,1.0,13,GLOBAL_GEOMETRY_RESOLVABLE,4,1,4,3,4,1;1;1;1,2;1;1,1.5,7.863138240545466,4.574264635194589,False,False,False,False,0.0,0.3333333333333333,0.14285714285714285,True,True,True,True,True,True,True,True,4
radiopaedia_27_86410_0,permanent_development,1.0,14,GLOBAL_GEOMETRY_RESOLVABLE,4,1,4,3,4,1;1;1;1,2;1;1,1.6553300858899105,7.889115243612387,5.154210992451761,False,False,False,False,0.0,0.0,0.3333333333333333,True,True,True,True,True,True,True,True,7
radiopaedia_29_86490_1,final_outer_cv,0.5,2,GLOBAL_RESOLUTION_LIMITED,20,1,1,1,20,20,20,1.5,1.5,1.5,True,True,True,True,1.0,1.0,1.0,False,False,False,True,True,True,True,True,26
radiopaedia_29_86490_1,final_outer_cv,1.0,1,GLOBAL_RESOLUTION_LIMITED,10,1,1,1,10,10,10,1.5,1.5,1.5,True,True,True,True,1.0,1.0,1.0,False,False,False,True,True,True,True,True,17
radiopaedia_29_86490_1,final_outer_cv,1.0,2,GLOBAL_RESOLUTION_LIMITED,10,1,1,1,10,10,10,1.5,1.5,1.5,True,True,True,True,1.0,1.0,1.0,False,False,False,True,True,True,True,True,26
radiopaedia_29_86491_1,final_outer_cv,0.5,1,GLOBAL_GEOMETRY_RESOLVABLE,5,1,5,3,5,1;1;1;1;1,2;2;1,1.5,19.93691540899346,4.898648401781386,False,False,False,False,0.0,0.25,0.1111111111111111,True,True,True,True,True,True,True,True,5
radiopaedia_29_86491_1,final_outer_cv,0.5,3,GLOBAL_GEOMETRY_RESOLVABLE,7,1,7,2,7,1;1;1;1;1;1;1,4;3,1.5,3.67950957266004,1.588760049079949,False,False,False,False,0.07692307692307693,0.2727272727272727,0.07692307692307693,True,True,True,True,True,True,True,True,7
radiopaedia_29_86491_1,final_outer_cv,1.0,1,GLOBAL_GEOMETRY_RESOLVABLE,4,1,4,3,4,1;1;1;1,2;1;1,1.5,18.747601539273607,10.265698749302548,False,False,False,False,0.14285714285714285,0.14285714285714285,0.3333333333333333,True,True,True,True,True,True,True,True,4
radiopaedia_29_86491_1,final_outer_cv,1.0,2,GLOBAL_GEOMETRY_RESOLVABLE,4,1,4,3,4,1;1;1;1,2;1;1,1.5,31.46725900882241,15.741717873177386,False,False,False,False,0.0,0.0,0.3333333333333333,True,True,True,True,True,True,True,True,4
radiopaedia_29_86491_1,final_outer_cv,1.0,3,GLOBAL_GEOMETRY_RESOLVABLE,4,1,4,3,4,1;1;1;1,2;1;1,1.5,5.841318323874347,3.375,False,False,False,False,0.0,0.14285714285714285,0.14285714285714285,True,True,True,True,True,True,True,True,7
radiopaedia_36_86526_0,final_outer_cv,0.5,2,GLOBAL_GEOMETRY_RESOLVABLE,6,1,6,3,6,1;1;1;1;1;1,2;2;2,1.5,3.354101966249685,1.5,False,False,False,False,0.09090909090909091,0.2,0.2,True,True,True,True,True,True,True,True,6
radiopaedia_36_86526_0,final_outer_cv,0.5,4,GLOBAL_GEOMETRY_RESOLVABLE,6,1,6,3,6,1;1;1;1;1;1,2;2;2,1.5,16.822662624749494,1.5,False,False,False,False,0.0,0.2,0.09090909090909091,True,True,True,True,True,True,True,True,6
radiopaedia_36_86526_0,final_outer_cv,0.5,5,GLOBAL_GEOMETRY_RESOLVABLE,7,1,7,3,7,1;1;1;1;1;1;1,3;2;2,1.5,23.171228886387418,1.5,False,False,False,False,0.0,0.16666666666666666,0.07692307692307693,True,True,True,True,True,True,True,True,7
radiopaedia_36_86526_0,final_outer_cv,0.5,7,GLOBAL_GEOMETRY_RESOLVABLE,7,1,7,2,7,1;1;1;1;1;1;1,5;2,1.5,3.3946326970636673,1.5,False,False,False,False,0.07692307692307693,0.16666666666666666,0.2727272727272727,True,True,True,True,True,True,True,True,7
radiopaedia_36_86526_0,final_outer_cv,0.5,9,GLOBAL_GEOMETRY_RESOLVABLE,5,1,5,3,5,1;1;1;1;1,2;2;1,1.5,4.904757077186048,2.1486832980505137,False,False,False,False,0.1111111111111111,0.25,0.1111111111111111,True,True,True,True,True,True,True,True,5
radiopaedia_36_86526_0,final_outer_cv,0.5,16,GLOBAL_GEOMETRY_RESOLVABLE,5,1,5,3,5,1;1;1;1;1,2;2;1,1.5,5.978431678487968,2.574772708486752,False,False,False,False,0.0,0.0,0.0,True,True,True,True,True,True,True,True,5
radiopaedia_36_86526_0,final_outer_cv,0.5,17,GLOBAL_GEOMETRY_RESOLVABLE,6,1,6,3,6,1;1;1;1;1;1,2;2;2,1.5,5.382005993226332,1.5,False,False,False,False,0.0,0.2,0.09090909090909091,True,True,True,True,True,True,True,True,6
radiopaedia_36_86526_0,final_outer_cv,0.5,19,GLOBAL_RESOLUTION_LIMITED,19,1,1,1,19,19,19,1.5,1.5,1.5,True,True,True,True,1.0,1.0,1.0,False,False,False,True,True,True,True,True,19
radiopaedia_36_86526_0,final_outer_cv,0.5,20,GLOBAL_GEOMETRY_RESOLVABLE,5,1,5,3,5,1;1;1;1;1,2;2;1,1.5,19.118447678034254,8.26116137756389,False,False,False,False,0.0,0.25,0.1111111111111111,True,True,True,True,True,True,True,True,5
radiopaedia_36_86526_0,final_outer_cv,0.5,21,GLOBAL_GEOMETRY_RESOLVABLE,5,1,5,3,5,1;1;1;1;1,2;2;1,1.5,26.520942924959247,6.473518749374084,False,False,False,False,0.0,0.1111111111111111,0.0,True,True,True,True,True,True,True,True,5
radiopaedia_36_86526_0,final_outer_cv,0.5,25,GLOBAL_GEOMETRY_RESOLVABLE,6,1,6,3,6,1;1;1;1;1;1,3;2;1,1.5,18.962059646054243,6.349019513592785,False,False,False,False,0.0,0.2,0.09090909090909091,True,True,True,True,True,True,True,True,6
radiopaedia_36_86526_0,final_outer_cv,0.5,27,GLOBAL_GEOMETRY_RESOLVABLE,6,1,6,3,6,1;1;1;1;1;1,2;2;2,1.5,14.290304302476224,1.5,False,False,False,False,0.0,0.2,0.0,True,True,True,True,True,True,True,True,6
radiopaedia_36_86526_0,final_outer_cv,0.5,28,GLOBAL_GEOMETRY_RESOLVABLE,5,1,5,3,5,1;1;1;1;1,2;2;1,1.5,4.578721657486911,1.8,False,False,False,False,0.0,0.42857142857142855,0.0,True,True,True,True,True,True,True,True,5
radiopaedia_36_86526_0,final_outer_cv,0.5,29,GLOBAL_GEOMETRY_RESOLVABLE,5,1,5,3,5,1;1;1;1;1,2;2;1,1.5,13.901229483923377,4.093095228297886,False,False,False,False,0.0,0.25,0.1111111111111111,True,True,True,True,True,True,True,True,5
radiopaedia_36_86526_0,final_outer_cv,0.5,30,GLOBAL_GEOMETRY_RESOLVABLE,5,1,5,3,5,1;1;1;1;1,2;2;1,1.5,8.780732051715313,3.144222209522358,False,False,False,False,0.0,0.25,0.25,True,True,True,True,True,True,True,True,5
radiopaedia_36_86526_0,final_outer_cv,0.5,32,GLOBAL_GEOMETRY_RESOLVABLE,5,1,5,3,5,1;1;1;1;1,2;2;1,1.5,14.64557946674977,3.8324893162176368,False,False,False,False,0.0,0.1111111111111111,0.25,True,True,True,True,True,True,True,True,5
radiopaedia_36_86526_0,final_outer_cv,0.5,33,GLOBAL_GEOMETRY_RESOLVABLE,7,1,7,3,7,1;1;1;1;1;1;1,3;3;1,1.5,5.779340420030731,2.3783613243413106,False,False,False,False,0.0,0.2727272727272727,0.16666666666666666,True,True,True,True,True,True,True,True,7
radiopaedia_36_86526_0,final_outer_cv,1.0,1,GLOBAL_GEOMETRY_RESOLVABLE,3,1,3,3,3,1;1;1,1;1;1,1.5,23.786907674751543,19.972037286458832,False,False,False,False,0.0,0.0,0.5,True,True,True,True,True,True,True,True,4
radiopaedia_36_86526_0,final_outer_cv,1.0,2,GLOBAL_GEOMETRY_RESOLVABLE,3,1,3,3,3,1;1;1,1;1;1,1.5,5.283598003728022,3.8172068075839793,False,False,False,False,0.0,0.2,0.5,True,True,True,True,True,True,True,True,3
radiopaedia_36_86526_0,final_outer_cv,1.0,3,GLOBAL_GEOMETRY_RESOLVABLE,4,1,4,3,4,1;1;1;1,2;1;1,1.5,16.607919313507445,10.614338989435087,False,False,False,False,0.14285714285714285,0.14285714285714285,0.6,True,True,True,True,True,True,True,True,4
radiopaedia_36_86526_0,final_outer_cv,1.0,4,GLOBAL_GEOMETRY_RESOLVABLE,4,1,4,3,4,1;1;1;1,2;1;1,1.5,19.283235705734487,11.641794609617204,False,False,False,False,0.0,0.3333333333333333,0.14285714285714285,True,True,True,True,True,True,True,True,5
radiopaedia_36_86526_0,final_outer_cv,1.0,5,GLOBAL_GEOMETRY_RESOLVABLE,3,1,3,3,3,1;1;1,1;1;1,1.5,42.14025833182536,34.41640786499874,False,False,False,False,0.0,0.2,0.0,True,True,True,True,True,True,True,True,3
radiopaedia_36_86526_0,final_outer_cv,1.0,6,GLOBAL_GEOMETRY_RESOLVABLE,2,1,2,2,2,1;1,1;1,1.5,32.657311585615865,19.267848867997692,False,False,False,False,0.0,0.3333333333333333,0.0,True,True,True,True,True,True,True,True,2
radiopaedia_36_86526_0,final_outer_cv,1.0,7,GLOBAL_GEOMETRY_RESOLVABLE,4,1,4,2,4,1;1;1;1,2;2,1.5,6.18465843842649,1.5,False,False,False,False,0.0,0.0,0.3333333333333333,True,True,True,True,True,True,True,True,4
radiopaedia_36_86526_0,final_outer_cv,1.0,8,GLOBAL_GEOMETRY_RESOLVABLE,3,1,3,3,3,1;1;1,1;1;1,1.5,9.686327440655816,7.728656901081649,False,False,False,False,0.0,0.2,0.5,True,True,True,True,True,True,True,True,4
radiopaedia_36_86526_0,final_outer_cv,1.0,9,GLOBAL_GEOMETRY_RESOLVABLE,4,1,4,3,4,1;1;1;1,2;1;1,1.5,6.909685158945508,3.7791327114238387,False,False,False,False,0.0,0.14285714285714285,0.3333333333333333,True,True,True,True,True,True,True,True,4
radiopaedia_36_86526_0,final_outer_cv,1.0,10,GLOBAL_GEOMETRY_RESOLVABLE,3,1,3,3,3,1;1;1,1;1;1,1.7071067811865472,23.967663639674427,18.169956413803295,False,False,False,False,0.0,0.2,0.2,True,True,True,True,True,True,True,True,3
radiopaedia_36_86526_0,final_outer_cv,1.0,11,GLOBAL_GEOMETRY_RESOLVABLE,3,1,3,3,3,1;1;1,1;1;1,1.5,26.23928352680385,25.509482456508163,False,False,False,False,0.2,0.2,0.5,True,True,True,True,True,True,True,True,3
radiopaedia_36_86526_0,final_outer_cv,1.0,12,GLOBAL_GEOMETRY_RESOLVABLE,4,1,4,3,4,1;1;1;1,2;1;1,1.5,9.426035939620846,5.401171589037318,False,False,False,False,0.0,0.0,0.14285714285714285,True,True,True,True,True,True,True,True,5
radiopaedia_36_86526_0,final_outer_cv,1.0,13,GLOBAL_GEOMETRY_RESOLVABLE,4,1,4,3,4,1;1;1;1,2;1;1,1.5,11.452234764977309,6.510031541691527,False,False,False,False,0.0,0.14285714285714285,0.3333333333333333,True,True,True,True,True,True,True,True,4
radiopaedia_36_86526_0,final_outer_cv,1.0,14,GLOBAL_GEOMETRY_RESOLVABLE,3,1,3,3,3,1;1;1,1;1;1,1.5,9.564925669540688,9.564925669540688,False,False,True,True,0.2,0.2,1.0,True,True,True,True,True,True,False,False,5
radiopaedia_36_86526_0,final_outer_cv,1.0,15,GLOBAL_GEOMETRY_RESOLVABLE,4,1,4,3,4,1;1;1;1,2;1;1,1.5,13.336131386568661,6.440405430566561,False,False,False,False,0.0,0.14285714285714285,0.3333333333333333,True,True,True,True,True,True,True,True,4
radiopaedia_36_86526_0,final_outer_cv,1.0,16,GLOBAL_GEOMETRY_RESOLVABLE,3,1,3,3,3,1;1;1,1;1;1,1.5,8.139349834770286,6.35917360311745,False,False,False,False,0.0,0.0,0.0,True,True,True,True,True,True,True,True,3
radiopaedia_36_86526_0,final_outer_cv,1.0,17,GLOBAL_GEOMETRY_RESOLVABLE,4,1,4,3,4,1;1;1;1,2;1;1,1.5,6.734031498464306,2.8713203435596424,False,False,False,False,0.0,0.14285714285714285,0.14285714285714285,True,True,True,True,True,True,True,True,4
radiopaedia_36_86526_0,final_outer_cv,1.0,18,GLOBAL_GEOMETRY_RESOLVABLE,3,1,3,3,3,1;1;1,1;1;1,1.5,20.435658236562617,20.905694150420945,False,False,False,False,0.0,0.2,0.5,True,True,True,True,True,True,True,True,4
radiopaedia_36_86526_0,final_outer_cv,1.0,19,GLOBAL_RESOLUTION_LIMITED,3,1,1,1,3,3,3,1.5,1.5,1.5,True,True,True,True,1.0,1.0,1.0,False,False,False,True,True,True,True,True,19
radiopaedia_36_86526_0,final_outer_cv,1.0,20,GLOBAL_GEOMETRY_RESOLVABLE,3,1,3,3,3,1;1;1,1;1;1,1.5,21.99325415222029,26.901348246361376,False,False,False,False,0.0,0.2,0.2,True,True,True,True,True,True,True,True,3
radiopaedia_36_86526_0,final_outer_cv,1.0,21,GLOBAL_GEOMETRY_RESOLVABLE,2,1,2,2,2,1;1,1;1,1.5,47.74149138851865,26.36759374687042,False,False,False,False,0.0,0.3333333333333333,0.0,True,True,True,True,True,True,True,True,2
radiopaedia_36_86526_0,final_outer_cv,1.0,22,GLOBAL_GEOMETRY_RESOLVABLE,3,1,3,3,3,1;1;1,1;1;1,1.5,22.032002542760704,14.458918942617048,False,False,False,False,0.0,0.2,0.2,True,True,True,True,True,True,True,True,3
radiopaedia_36_86526_0,final_outer_cv,1.0,23,GLOBAL_GEOMETRY_RESOLVABLE,3,1,3,3,3,1;1;1,1;1;1,1.7071067811865472,34.1690412625722,22.04244201680251,False,False,False,False,0.0,0.2,0.2,True,True,True,True,True,True,True,True,3
radiopaedia_36_86526_0,final_outer_cv,1.0,24,GLOBAL_GEOMETRY_RESOLVABLE,3,1,3,3,3,1;1;1,1;1;1,1.5,24.095077004153286,22.379449133045412,False,False,False,False,0.0,0.2,0.2,True,True,True,True,True,True,True,True,3
radiopaedia_36_86526_0,final_outer_cv,1.0,25,GLOBAL_GEOMETRY_RESOLVABLE,4,1,4,3,4,1;1;1;1,2;1;1,1.5,24.282995378406188,14.95835015209014,False,False,False,False,0.14285714285714285,0.14285714285714285,0.3333333333333333,True,True,True,True,True,True,True,True,4
radiopaedia_36_86526_0,final_outer_cv,1.0,26,GLOBAL_GEOMETRY_RESOLVABLE,3,1,3,3,3,1;1;1,1;1;1,1.5,23.1542044415035,18.262314573971523,False,False,False,False,0.0,0.2,0.5,True,True,True,True,True,True,True,True,3
radiopaedia_36_86526_0,final_outer_cv,1.0,27,GLOBAL_GEOMETRY_RESOLVABLE,4,1,4,3,4,1;1;1;1,2;1;1,1.5,18.293495017703275,9.469468737345363,False,False,False,False,0.0,0.3333333333333333,0.14285714285714285,True,True,True,True,True,True,True,True,5
radiopaedia_36_86526_0,final_outer_cv,1.0,28,GLOBAL_GEOMETRY_RESOLVABLE,3,1,3,3,3,1;1;1,1;1;1,1.5,7.398979485566357,5.23606797749979,False,False,False,False,0.0,0.2,0.0,True,True,True,True,True,True,True,True,3
radiopaedia_36_86526_0,final_outer_cv,1.0,29,GLOBAL_GEOMETRY_RESOLVABLE,4,1,4,3,4,1;1;1;1,2;1;1,1.5,13.117355595554015,8.604320982674597,False,False,False,False,0.0,0.14285714285714285,0.3333333333333333,True,True,True,True,True,True,True,True,4
radiopaedia_36_86526_0,final_outer_cv,1.0,30,GLOBAL_GEOMETRY_RESOLVABLE,4,1,4,3,4,1;1;1;1,2;1;1,1.5,8.57388688271358,5.092410079500242,False,False,False,False,0.14285714285714285,0.3333333333333333,0.3333333333333333,True,True,True,True,True,True,True,True,4
radiopaedia_36_86526_0,final_outer_cv,1.0,31,GLOBAL_GEOMETRY_RESOLVABLE,3,1,3,2,3,1;1;1,2;1,1.5,3.73606797749979,2.414213562373095,False,False,False,False,0.0,0.2,0.2,True,True,True,True,True,True,True,True,3
radiopaedia_36_86526_0,final_outer_cv,1.0,32,GLOBAL_GEOMETRY_RESOLVABLE,3,1,3,3,3,1;1;1,1;1;1,1.5,18.043174589482234,15.120876336044617,False,False,False,False,0.0,0.2,0.0,True,True,True,True,True,True,True,True,3
radiopaedia_36_86526_0,final_outer_cv,1.0,33,GLOBAL_GEOMETRY_RESOLVABLE,4,1,4,3,4,1;1;1;1,2;1;1,1.5,7.975810211375969,4.537132317597294,False,False,False,False,0.0,0.14285714285714285,0.14285714285714285,True,True,True,True,True,True,True,True,5
radiopaedia_40_86625_0,final_outer_cv,0.5,1,GLOBAL_GEOMETRY_RESOLVABLE,6,1,6,3,6,1;1;1;1;1;1,3;2;1,1.5,104.2350800783841,26.385880728552163,False,False,False,False,0.0,0.2,0.2,True,True,True,True,True,True,True,True,6
radiopaedia_40_86625_0,final_outer_cv,0.5,3,GLOBAL_GEOMETRY_RESOLVABLE,6,1,6,3,6,1;1;1;1;1;1,2;2;2,1.5,4.440850954914979,1.5,False,False,False,False,0.09090909090909091,0.2,0.3333333333333333,True,True,True,True,True,True,True,True,6
radiopaedia_40_86625_0,final_outer_cv,0.5,4,GLOBAL_GEOMETRY_RESOLVABLE,7,1,2,2,7,6;1,5;2,1.5,2.297432003943934,1.5,False,False,False,False,0.07692307692307693,0.4,0.16666666666666666,True,True,True,True,True,True,True,True,7
radiopaedia_40_86625_0,final_outer_cv,0.5,6,GLOBAL_RESOLUTION_LIMITED,18,1,1,1,18,18,18,1.5,1.5,1.5,True,True,True,True,1.0,1.0,1.0,False,False,False,True,True,True,True,True,18
radiopaedia_40_86625_0,final_outer_cv,0.5,7,GLOBAL_GEOMETRY_RESOLVABLE,6,1,6,3,6,1;1;1;1;1;1,2;2;2,1.5,4.489742233876179,1.5,False,False,False,False,0.0,0.2,0.09090909090909091,True,True,True,True,True,True,True,True,6
radiopaedia_40_86625_0,final_outer_cv,0.5,8,GLOBAL_GEOMETRY_RESOLVABLE,6,1,3,2,6,4;1;1,5;1,1.5,2.53224755112299,1.8090169943749475,False,False,False,False,0.0,0.2,0.2,True,True,True,True,True,True,True,True,6
radiopaedia_40_86625_0,final_outer_cv,1.0,1,GLOBAL_GEOMETRY_RESOLVABLE,4,1,4,3,4,1;1;1;1,2;1;1,1.5,142.7588133870629,76.84510428315676,False,False,False,False,0.0,0.14285714285714285,0.3333333333333333,True,True,True,True,True,True,True,True,4
radiopaedia_40_86625_0,final_outer_cv,1.0,2,GLOBAL_GEOMETRY_RESOLVABLE,2,1,2,2,2,1;1,1;1,1.5,15.443445211480501,8.48528137423857,False,False,False,False,0.0,0.3333333333333333,0.0,True,True,True,True,True,True,True,True,2
radiopaedia_40_86625_0,final_outer_cv,1.0,3,GLOBAL_GEOMETRY_RESOLVABLE,4,1,4,3,4,1;1;1;1,2;1;1,1.5,6.947567851858125,4.162132317597294,False,False,False,False,0.14285714285714285,0.14285714285714285,0.6,True,True,True,True,True,True,True,True,4
radiopaedia_40_86625_0,final_outer_cv,1.0,4,GLOBAL_GEOMETRY_RESOLVABLE,3,1,3,2,3,1;1;1,2;1,1.5,5.32842712474619,2.8027756377319952,False,False,False,False,0.0,0.2,0.2,True,True,True,True,True,True,True,True,3
radiopaedia_40_86625_0,final_outer_cv,1.0,5,GLOBAL_GEOMETRY_RESOLVABLE,2,1,2,2,2,1;1,1;1,1.5,7.648529270389178,6.18465843842649,False,False,False,False,0.0,0.0,0.3333333333333333,True,True,True,True,True,True,True,True,2
radiopaedia_40_86625_0,final_outer_cv,1.0,6,GLOBAL_RESOLUTION_LIMITED,8,1,1,1,8,8,8,1.5,1.5,1.5,True,True,True,True,1.0,1.0,1.0,False,False,False,True,True,True,True,True,18
radiopaedia_40_86625_0,final_outer_cv,1.0,7,GLOBAL_GEOMETRY_RESOLVABLE,4,1,4,3,4,1;1;1;1,2;1;1,1.5,6.36037046000782,4.104101966249685,False,False,False,False,0.0,0.14285714285714285,0.14285714285714285,True,True,True,True,True,True,True,True,4
radiopaedia_40_86625_0,final_outer_cv,1.0,8,GLOBAL_GEOMETRY_RESOLVABLE,4,1,4,3,4,1;1;1;1,2;1;1,1.5,3.7983713266844847,2.4270509831248424,False,False,False,False,0.0,0.14285714285714285,0.3333333333333333,True,True,True,True,True,True,True,True,4
radiopaedia_40_86625_0,final_outer_cv,1.0,9,GLOBAL_RESOLUTION_LIMITED,8,1,1,1,8,8,8,1.5,1.5,1.5,True,True,True,True,1.0,1.0,1.0,False,False,False,True,True,True,True,True,20
radiopaedia_40_86625_0,final_outer_cv,1.0,10,GLOBAL_GEOMETRY_RESOLVABLE,3,1,3,3,3,1;1;1,1;1;1,1.5,18.933367639270557,18.933367639270557,False,False,True,True,0.2,0.2,1.0,True,True,True,True,True,True,False,False,3
radiopaedia_40_86625_0,final_outer_cv,1.0,11,GLOBAL_GEOMETRY_RESOLVABLE,3,1,3,3,3,1;1;1,1;1;1,1.5,169.93133569708155,152.14721411795202,False,False,False,False,0.0,0.2,0.2,True,True,True,True,True,True,True,True,3
radiopaedia_40_86625_0,final_outer_cv,1.0,12,GLOBAL_GEOMETRY_RESOLVABLE,4,1,4,3,4,1;1;1;1,2;1;1,1.875,25.128558806751975,15.200408025496861,False,False,False,False,0.14285714285714285,0.14285714285714285,0.6,True,True,True,True,True,True,True,True,4
radiopaedia_4_85506_1,final_outer_cv,0.5,4,GLOBAL_GEOMETRY_RESOLVABLE,6,1,6,3,6,1;1;1;1;1;1,2;2;2,1.5,5.7221351462804355,1.5,False,False,False,False,0.09090909090909091,0.0,0.2,True,True,True,True,True,True,True,True,6
radiopaedia_4_85506_1,final_outer_cv,0.5,7,GLOBAL_GEOMETRY_RESOLVABLE,8,1,8,3,8,1;1;1;1;1;1;1;1,3;3;2,1.5,4.645429267855628,1.5,False,False,False,False,0.06666666666666667,0.14285714285714285,0.14285714285714285,True,True,True,True,True,True,True,True,8
radiopaedia_4_85506_1,final_outer_cv,0.5,9,GLOBAL_GEOMETRY_RESOLVABLE,7,1,7,3,7,1;1;1;1;1;1;1,3;2;2,1.5,6.16652092780459,1.5,False,False,False,False,0.0,0.16666666666666666,0.16666666666666666,True,True,True,True,True,True,True,True,7
radiopaedia_4_85506_1,final_outer_cv,0.5,10,GLOBAL_GEOMETRY_RESOLVABLE,5,1,5,3,5,1;1;1;1;1,2;2;1,1.5,6.146655581506382,2.7,False,False,False,False,0.0,0.25,0.25,True,True,True,True,True,True,True,True,5
radiopaedia_4_85506_1,final_outer_cv,0.5,11,GLOBAL_GEOMETRY_RESOLVABLE,9,1,9,3,9,1;1;1;1;1;1;1;1;1,3;3;3,1.5,6.414807966291498,1.5,False,False,False,False,0.0,0.2,0.058823529411764705,True,True,True,True,True,True,True,True,9
radiopaedia_4_85506_1,final_outer_cv,0.5,12,GLOBAL_GEOMETRY_RESOLVABLE,6,1,6,3,6,1;1;1;1;1;1,2;2;2,1.5,4.052775637731995,1.5,False,False,False,False,0.0,0.2,0.2,True,True,True,True,True,True,True,True,6
radiopaedia_4_85506_1,final_outer_cv,0.5,13,GLOBAL_GEOMETRY_RESOLVABLE,5,1,5,3,5,1;1;1;1;1,2;2;1,1.5,15.950748534272606,4.824913792078371,False,False,False,False,0.0,0.1111111111111111,0.1111111111111111,True,True,True,True,True,True,True,True,5
radiopaedia_4_85506_1,final_outer_cv,0.5,17,GLOBAL_RESOLUTION_LIMITED,23,1,1,1,23,23,23,1.5,1.5,1.5,True,True,True,True,1.0,1.0,1.0,False,False,False,True,True,True,True,True,23
radiopaedia_4_85506_1,final_outer_cv,0.5,18,GLOBAL_GEOMETRY_RESOLVABLE,7,1,7,3,7,1;1;1;1;1;1;1,3;2;2,1.5,76.19782662910782,1.5,False,False,False,False,0.0,0.16666666666666666,0.0,True,True,True,True,True,True,True,True,7
radiopaedia_4_85506_1,final_outer_cv,0.5,20,GLOBAL_GEOMETRY_RESOLVABLE,7,1,7,3,7,1;1;1;1;1;1;1,3;3;1,1.5,4.1920647010076015,1.963345212893224,False,False,False,False,0.07692307692307693,0.2727272727272727,0.16666666666666666,True,True,True,True,True,True,True,True,7
radiopaedia_4_85506_1,final_outer_cv,0.5,21,GLOBAL_GEOMETRY_RESOLVABLE,7,1,7,3,7,1;1;1;1;1;1;1,3;2;2,1.5,4.250401386696255,1.5,False,False,False,False,0.0,0.16666666666666666,0.16666666666666666,True,True,True,True,True,True,True,True,7
radiopaedia_4_85506_1,final_outer_cv,0.5,22,GLOBAL_GEOMETRY_RESOLVABLE,8,1,8,3,8,1;1;1;1;1;1;1;1,3;3;2,1.5,13.792396083506926,1.5,False,False,False,False,0.0,0.23076923076923078,0.14285714285714285,True,True,True,True,True,True,True,True,8
radiopaedia_4_85506_1,final_outer_cv,0.5,26,GLOBAL_RESOLUTION_LIMITED,41,1,1,1,41,41,41,1.5,1.5,1.5,True,True,True,True,1.0,1.0,1.0,False,False,False,True,True,True,True,True,41
radiopaedia_4_85506_1,final_outer_cv,0.5,27,GLOBAL_RESOLUTION_LIMITED,35,1,1,1,35,35,35,1.5,1.5,1.5,True,True,True,True,1.0,1.0,1.0,False,False,False,True,True,True,True,True,35
radiopaedia_4_85506_1,final_outer_cv,0.5,30,GLOBAL_GEOMETRY_RESOLVABLE,6,1,5,3,6,2;1;1;1;1,3;2;1,1.5,3.0751407699364424,2.25,False,False,False,False,0.09090909090909091,0.09090909090909091,0.3333333333333333,True,True,True,True,True,True,True,True,6
radiopaedia_4_85506_1,final_outer_cv,1.0,1,GLOBAL_GEOMETRY_RESOLVABLE,4,1,4,3,4,1;1;1;1,2;1;1,1.5,152.46752192897424,85.51100943729003,False,False,False,False,0.14285714285714285,0.14285714285714285,0.6,True,True,True,True,True,True,True,True,4
radiopaedia_4_85506_1,final_outer_cv,1.0,2,GLOBAL_GEOMETRY_RESOLVABLE,6,1,6,3,6,1;1;1;1;1;1,3;2;1,1.6035533905932737,3.23606797749979,2.0,False,False,False,False,0.0,0.2,0.09090909090909091,True,True,True,True,True,True,True,True,6
radiopaedia_4_85506_1,final_outer_cv,1.0,3,GLOBAL_GEOMETRY_RESOLVABLE,6,1,6,3,6,1;1;1;1;1;1,2;2;2,1.5,12.483167338680223,1.5,False,False,False,False,0.09090909090909091,0.2,0.3333333333333333,True,True,True,True,True,True,True,True,6
radiopaedia_4_85506_1,final_outer_cv,1.0,4,GLOBAL_GEOMETRY_RESOLVABLE,4,1,4,3,4,1;1;1;1,2;1;1,1.5,8.538873605350878,4.5,False,False,False,False,0.0,0.3333333333333333,0.14285714285714285,True,True,True,True,True,True,True,True,4
radiopaedia_4_85506_1,final_outer_cv,1.0,5,GLOBAL_GEOMETRY_RESOLVABLE,5,1,5,3,5,1;1;1;1;1,2;2;1,1.5,7.080954676137085,2.7,False,False,False,False,0.0,0.1111111111111111,0.25,True,True,True,True,True,True,True,True,5
radiopaedia_4_85506_1,final_outer_cv,1.0,6,GLOBAL_GEOMETRY_RESOLVABLE,5,1,5,3,5,1;1;1;1;1,2;2;1,1.5,9.180384452734291,3.4847319317591725,False,False,False,False,0.0,0.1111111111111111,0.25,True,True,True,True,True,True,True,True,5
radiopaedia_4_85506_1,final_outer_cv,1.0,7,GLOBAL_GEOMETRY_RESOLVABLE,5,1,5,3,5,1;1;1;1;1,2;2;1,1.5,7.298692134460062,2.7,False,False,False,False,0.0,0.25,0.1111111111111111,True,True,True,True,True,True,True,True,5
radiopaedia_4_85506_1,final_outer_cv,1.0,8,GLOBAL_GEOMETRY_RESOLVABLE,3,1,3,2,3,1;1;1,2;1,1.5,4.58113883008419,2.0,False,False,False,False,0.0,0.2,0.0,True,True,True,True,True,True,True,True,3
radiopaedia_4_85506_1,final_outer_cv,1.0,9,GLOBAL_GEOMETRY_RESOLVABLE,4,1,4,3,4,1;1;1;1,2;1;1,1.5,9.45135254105885,6.144436802675439,False,False,False,False,0.0,0.3333333333333333,0.3333333333333333,True,True,True,True,True,True,True,True,4
radiopaedia_4_85506_1,final_outer_cv,1.0,10,GLOBAL_GEOMETRY_RESOLVABLE,4,1,4,3,4,1;1;1;1,2;1;1,1.5,6.9921618467070505,4.171164609606622,False,False,False,False,0.0,0.3333333333333333,0.3333333333333333,True,True,True,True,True,True,True,True,4
radiopaedia_4_85506_1,final_outer_cv,1.0,11,GLOBAL_GEOMETRY_RESOLVABLE,4,1,4,3,4,1;1;1;1,2;1;1,1.5,13.749558039838528,8.722609359550987,False,False,False,False,0.0,0.3333333333333333,0.14285714285714285,True,True,True,True,True,True,True,True,4
radiopaedia_4_85506_1,final_outer_cv,1.0,12,GLOBAL_GEOMETRY_RESOLVABLE,4,1,4,3,4,1;1;1;1,2;1;1,1.5,6.092329219213244,3.4211646096066226,False,False,False,False,0.0,0.14285714285714285,0.3333333333333333,True,True,True,True,True,True,True,True,4
radiopaedia_4_85506_1,final_outer_cv,1.0,13,GLOBAL_GEOMETRY_RESOLVABLE,5,1,5,3,5,1;1;1;1;1,3;1;1,1.5,15.422302329521784,7.0481704595757595,False,False,False,False,0.1111111111111111,0.1111111111111111,0.42857142857142855,True,True,True,True,True,True,True,True,5
radiopaedia_4_85506_1,final_outer_cv,1.0,14,GLOBAL_GEOMETRY_RESOLVABLE,5,1,5,3,5,1;1;1;1;1,2;2;1,1.5,4.461144477800325,2.1486832980505137,False,False,False,False,0.0,0.1111111111111111,0.25,True,True,True,True,True,True,True,True,5
radiopaedia_4_85506_1,final_outer_cv,1.0,15,GLOBAL_GEOMETRY_RESOLVABLE,5,1,5,3,5,1;1;1;1;1,2;2;1,1.5,29.31869851030809,7.731462317123173,False,False,False,False,0.0,0.25,0.25,True,True,True,True,True,True,True,True,5
radiopaedia_4_85506_1,final_outer_cv,1.0,16,GLOBAL_GEOMETRY_RESOLVABLE,4,1,4,3,4,1;1;1;1,2;1;1,1.5,16.054853635714124,8.827125342823855,False,False,False,False,0.14285714285714285,0.3333333333333333,0.3333333333333333,True,True,True,True,True,True,True,True,4
radiopaedia_4_85506_1,final_outer_cv,1.0,17,GLOBAL_RESOLUTION_LIMITED,17,1,1,1,17,17,17,1.5,1.5,1.5,True,True,True,True,1.0,1.0,1.0,False,False,False,True,True,True,True,True,23
radiopaedia_4_85506_1,final_outer_cv,1.0,18,GLOBAL_GEOMETRY_RESOLVABLE,5,1,5,3,5,1;1;1;1;1,2;2;1,1.5,96.98015474970202,27.552229507197296,False,False,False,False,0.0,0.1111111111111111,0.1111111111111111,True,True,True,True,True,True,True,True,5
radiopaedia_4_85506_1,final_outer_cv,1.0,19,GLOBAL_GEOMETRY_RESOLVABLE,4,1,4,3,4,1;1;1;1,2;1;1,1.5,5.51421404589629,3.454163456597992,False,False,False,False,0.14285714285714285,0.14285714285714285,0.6,True,True,True,True,True,True,True,True,4
radiopaedia_4_85506_1,final_outer_cv,1.0,20,GLOBAL_GEOMETRY_RESOLVABLE,4,1,4,3,4,1;1;1;1,2;1;1,1.5,7.46554314034722,3.842329219213245,False,False,False,False,0.0,0.3333333333333333,0.3333333333333333,True,True,True,True,True,True,True,True,4
radiopaedia_4_85506_1,final_outer_cv,1.0,21,GLOBAL_GEOMETRY_RESOLVABLE,5,1,5,3,5,1;1;1;1;1,2;2;1,1.5,5.729705854077835,2.281665382639197,False,False,False,False,0.0,0.1111111111111111,0.25,True,True,True,True,True,True,True,True,5
radiopaedia_4_85506_1,final_outer_cv,1.0,22,GLOBAL_GEOMETRY_RESOLVABLE,6,1,6,3,6,1;1;1;1;1;1,2;2;2,1.5,15.91131355444135,1.5,False,False,False,False,0.0,0.2,0.09090909090909091,True,True,True,True,True,True,True,True,6
radiopaedia_4_85506_1,final_outer_cv,1.0,23,GLOBAL_GEOMETRY_RESOLVABLE,4,1,4,3,4,1;1;1;1,2;1;1,1.5,12.218907419928248,7.8122202609628335,False,False,False,False,0.14285714285714285,0.14285714285714285,0.3333333333333333,True,True,True,True,True,True,True,True,4
radiopaedia_4_85506_1,final_outer_cv,1.0,24,GLOBAL_RESOLUTION_LIMITED,16,1,1,1,16,16,16,1.5,1.5,1.5,True,True,True,True,1.0,1.0,1.0,False,False,False,True,True,True,True,True,18
radiopaedia_4_85506_1,final_outer_cv,1.0,25,GLOBAL_GEOMETRY_RESOLVABLE,5,1,5,3,5,1;1;1;1;1,2;2;1,1.5,23.187744895490976,5.943416490252568,False,False,False,False,0.1111111111111111,0.1111111111111111,0.42857142857142855,True,True,True,True,True,True,True,True,5
radiopaedia_4_85506_1,final_outer_cv,1.0,26,GLOBAL_RESOLUTION_LIMITED,16,1,1,1,16,16,16,1.5,1.5,1.5,True,True,True,True,1.0,1.0,1.0,False,False,False,True,True,True,True,True,41
radiopaedia_4_85506_1,final_outer_cv,1.0,27,GLOBAL_RESOLUTION_LIMITED,16,1,1,1,16,16,16,1.5,1.5,1.5,True,True,True,True,1.0,1.0,1.0,False,False,False,True,True,True,True,True,35
radiopaedia_4_85506_1,final_outer_cv,1.0,28,GLOBAL_GEOMETRY_RESOLVABLE,3,1,3,3,3,1;1;1,1;1;1,1.5,10.556436168891885,9.604686356149273,False,False,False,False,0.0,0.2,0.5,True,True,True,True,True,True,True,True,3
radiopaedia_4_85506_1,final_outer_cv,1.0,29,GLOBAL_GEOMETRY_RESOLVABLE,3,1,3,3,3,1;1;1,1;1;1,1.5,13.949747468305832,12.358917621421481,False,False,False,False,0.0,0.2,0.2,True,True,True,True,True,True,True,True,3
radiopaedia_4_85506_1,final_outer_cv,1.0,30,GLOBAL_GEOMETRY_RESOLVABLE,3,1,3,3,3,1;1;1,1;1;1,1.5,7.6485292703891785,7.5,False,False,False,False,0.2,0.2,0.5,True,True,True,True,True,True,True,True,3
radiopaedia_7_85703_0,final_outer_cv,0.5,2,GLOBAL_GEOMETRY_RESOLVABLE,7,1,7,3,7,1;1;1;1;1;1;1,3;2;2,1.5,9.281912030449888,1.5,False,False,False,False,0.0,0.16666666666666666,0.07692307692307693,True,True,True,True,True,True,True,True,7
radiopaedia_7_85703_0,final_outer_cv,0.5,4,GLOBAL_GEOMETRY_RESOLVABLE,9,1,9,3,9,1;1;1;1;1;1;1;1;1,3;3;3,1.5,53.277864062128884,1.5,False,False,False,False,0.0,0.2,0.058823529411764705,True,True,True,True,True,True,True,True,9
radiopaedia_7_85703_0,final_outer_cv,1.0,1,GLOBAL_GEOMETRY_RESOLVABLE,4,1,4,3,4,1;1;1;1,2;1;1,1.5,148.46374740227833,70.10776813018136,False,False,False,False,0.0,0.0,0.14285714285714285,True,True,True,True,True,True,True,True,5
radiopaedia_7_85703_0,final_outer_cv,1.0,2,GLOBAL_GEOMETRY_RESOLVABLE,4,1,4,3,4,1;1;1;1,2;1;1,1.5,13.844643928437081,7.785623639735144,False,False,False,False,0.0,0.0,0.14285714285714285,True,True,True,True,True,True,True,True,4
radiopaedia_7_85703_0,final_outer_cv,1.0,3,GLOBAL_GEOMETRY_RESOLVABLE,4,1,4,3,4,1;1;1;1,2;1;1,1.5,6.75,3.375,False,False,False,False,0.0,0.14285714285714285,0.3333333333333333,True,True,True,True,True,True,True,True,5
radiopaedia_7_85703_0,final_outer_cv,1.0,4,GLOBAL_GEOMETRY_RESOLVABLE,4,1,4,3,4,1;1;1;1,2;1;1,1.5,113.96885867550418,61.54887615956103,False,False,False,False,0.0,0.14285714285714285,0.14285714285714285,True,True,True,True,True,True,True,True,6
