batch_id,run_id,condition,outer_fold,seed,initialization_seed,shared_initialization_sha256,paired_plan_sha256,epoch,epoch_1based,logical_microbatches,successful_optimizer_steps_total,mean_loss,mean_partial_bce,mean_partial_dice_fp32,labelled_voxels_seen,foreground_voxels_seen,zero_label_microbatches,foreground_centered,background_centered,uniform_crop,amp_overflow_events,amp_retry_attempts,amp_scale_min,amp_scale_max,amp_scale_end,mean_preclip_grad_norm,max_preclip_grad_norm,learning_rate_end,epoch_seconds,peak_allocated_gb,peak_reserved_gb
fold2_seed43,cova3d_c50_coh_fold2_seed43,C50_COH,2,43,2566699473,2833beb246c110df1399ce4e8e829b50cdcd77e817b1ba03e60c4ef864ae4b3e,3fe847a8cc092a34110933bc8917ad3184bb0dc0690dd584d58dbd2562bffe68,0,1,120,60,1.5378641781639695,1.076477663445045,0.4613865092396736,8078,4057,0,55,38,27,3,3,512.0,4096.0,512.0,71.24219171206157,416.7410888671875,0.00017999999999999998,24.446179679999887,2.1207618713378906,2.140625
fold2_seed43,cova3d_c50_coh_fold2_seed43,C50_COH,2,43,2566699473,2833beb246c110df1399ce4e8e829b50cdcd77e817b1ba03e60c4ef864ae4b3e,3fe847a8cc092a34110933bc8917ad3184bb0dc0690dd584d58dbd2562bffe68,1,2,120,120,0.9180128098853554,0.5833846892195652,0.3346281225482623,8044,4109,3,58,37,25,0,0,512.0,512.0,512.0,25.336278170502435,83.30622863769531,0.0002999445918673937,23.574937335000186,2.1207618713378906,2.140625
fold2_seed43,cova3d_c50_coh_fold2_seed43,C50_COH,2,43,2566699473,2833beb246c110df1399ce4e8e829b50cdcd77e817b1ba03e60c4ef864ae4b3e,3fe847a8cc092a34110933bc8917ad3184bb0dc0690dd584d58dbd2562bffe68,2,3,120,180,0.7561056999838911,0.4542075091449078,0.3018981878956159,8437,4381,2,60,29,31,0,0,512.0,512.0,512.0,13.8900403936704,70.38517761230469,0.0002991142965839822,23.97537833699994,2.1207618713378906,2.140625
fold2_seed43,cova3d_c50_coh_fold2_seed43,C50_COH,2,43,2566699473,2833beb246c110df1399ce4e8e829b50cdcd77e817b1ba03e60c4ef864ae4b3e,3fe847a8cc092a34110933bc8917ad3184bb0dc0690dd584d58dbd2562bffe68,3,4,120,240,0.5987475280734846,0.33039280920953995,0.2683547188838323,8778,4485,2,61,23,36,0,0,512.0,512.0,512.0,8.312512656052908,24.353649139404297,0.0002972930965702204,24.25009796900008,2.1207618713378906,2.140625
fold2_seed43,cova3d_c50_coh_fold2_seed43,C50_COH,2,43,2566699473,2833beb246c110df1399ce4e8e829b50cdcd77e817b1ba03e60c4ef864ae4b3e,3fe847a8cc092a34110933bc8917ad3184bb0dc0690dd584d58dbd2562bffe68,4,5,120,300,0.510744722686862,0.23998510320256325,0.2707596187790235,8287,4255,2,54,35,31,0,0,512.0,512.0,512.0,7.551327694455782,27.23801040649414,0.0002944932171711482,24.29436547399996,2.1207618713378906,2.140625
fold2_seed43,cova3d_c50_coh_fold2_seed43,C50_COH,2,43,2566699473,2833beb246c110df1399ce4e8e829b50cdcd77e817b1ba03e60c4ef864ae4b3e,3fe847a8cc092a34110933bc8917ad3184bb0dc0690dd584d58dbd2562bffe68,5,6,120,360,0.3749656696307435,0.19330785844439713,0.1816578095157941,8391,4351,2,63,27,30,0,0,512.0,512.0,512.0,6.35747584377726,25.28070640563965,0.000290733453407337,24.034803246000138,2.1207618713378906,2.140625
fold2_seed43,cova3d_c50_coh_fold2_seed43,C50_COH,2,43,2566699473,2833beb246c110df1399ce4e8e829b50cdcd77e817b1ba03e60c4ef864ae4b3e,3fe847a8cc092a34110933bc8917ad3184bb0dc0690dd584d58dbd2562bffe68,6,7,120,420,0.4051829172503024,0.17759677154430922,0.22758614520231882,8105,4293,2,46,39,35,0,0,512.0,512.0,512.0,6.366900505622228,17.137462615966797,0.0002860390438077423,24.063694106000185,2.1207618713378906,2.140625
fold2_seed43,cova3d_c50_coh_fold2_seed43,C50_COH,2,43,2566699473,2833beb246c110df1399ce4e8e829b50cdcd77e817b1ba03e60c4ef864ae4b3e,3fe847a8cc092a34110933bc8917ad3184bb0dc0690dd584d58dbd2562bffe68,7,8,120,480,0.3329363910965342,0.14796972528936733,0.18496666649977367,8162,4117,2,62,36,22,0,0,512.0,512.0,512.0,6.24608342833817,21.13258934020996,0.00028044150098859483,24.050908332000063,2.1207618713378906,2.140625
fold2_seed43,cova3d_c50_coh_fold2_seed43,C50_COH,2,43,2566699473,2833beb246c110df1399ce4e8e829b50cdcd77e817b1ba03e60c4ef864ae4b3e,3fe847a8cc092a34110933bc8917ad3184bb0dc0690dd584d58dbd2562bffe68,8,9,120,540,0.3480835267106926,0.14167554671216795,0.20640798111756642,8205,4132,1,57,32,31,0,0,512.0,512.0,512.0,6.495536081244548,26.627050399780273,0.0002739784001156218,23.997759796000082,2.1207618713378906,2.140625
fold2_seed43,cova3d_c50_coh_fold2_seed43,C50_COH,2,43,2566699473,2833beb246c110df1399ce4e8e829b50cdcd77e817b1ba03e60c4ef864ae4b3e,3fe847a8cc092a34110933bc8917ad3184bb0dc0690dd584d58dbd2562bffe68,9,10,120,600,0.23516681936210043,0.10019488921678033,0.13497192958990734,8651,4506,1,67,23,30,0,0,512.0,512.0,512.0,4.228497249384721,17.39988136291504,0.0002666931266696063,23.89825638299999,2.1207618713378906,2.140625
fold2_seed43,cova3d_c50_coh_fold2_seed43,C50_COH,2,43,2566699473,2833beb246c110df1399ce4e8e829b50cdcd77e817b1ba03e60c4ef864ae4b3e,3fe847a8cc092a34110933bc8917ad3184bb0dc0690dd584d58dbd2562bffe68,10,11,120,660,0.35798916141000775,0.13468539181051115,0.22330376803874968,8671,4477,3,56,36,28,0,0,512.0,512.0,512.0,5.6586707048118114,27.084732055664062,0.0002586345852084849,23.952850764999994,2.1207618713378906,2.140625
fold2_seed43,cova3d_c50_coh_fold2_seed43,C50_COH,2,43,2566699473,2833beb246c110df1399ce4e8e829b50cdcd77e817b1ba03e60c4ef864ae4b3e,3fe847a8cc092a34110933bc8917ad3184bb0dc0690dd584d58dbd2562bffe68,11,12,120,720,0.24311043213511,0.08751919380820397,0.1555912380417188,8036,3947,2,61,29,30,0,0,512.0,512.0,512.0,4.953990827446008,15.456875801086426,0.0002498568710810032,23.916424609999922,2.1207618713378906,2.140625
fold2_seed43,cova3d_c50_coh_fold2_seed43,C50_COH,2,43,2566699473,2833beb246c110df1399ce4e8e829b50cdcd77e817b1ba03e60c4ef864ae4b3e,3fe847a8cc092a34110933bc8917ad3184bb0dc0690dd584d58dbd2562bffe68,12,13,120,780,0.22289437039656493,0.07473286382222227,0.14816150516271592,8822,4631,4,60,24,36,0,0,512.0,512.0,512.0,4.633010251820087,15.88696575164795,0.0002404189072956492,23.904308940999726,2.1207618713378906,2.140625
fold2_seed43,cova3d_c50_coh_fold2_seed43,C50_COH,2,43,2566699473,2833beb246c110df1399ce4e8e829b50cdcd77e817b1ba03e60c4ef864ae4b3e,3fe847a8cc092a34110933bc8917ad3184bb0dc0690dd584d58dbd2562bffe68,13,14,120,840,0.25826242001068694,0.08939979641180651,0.16886262446641923,8476,4386,0,55,28,37,0,0,512.0,512.0,512.0,5.411617656890303,33.19565963745117,0.00023038404898248976,23.954910584000118,2.1207618713378906,2.140625
fold2_seed43,cova3d_c50_coh_fold2_seed43,C50_COH,2,43,2566699473,2833beb246c110df1399ce4e8e829b50cdcd77e817b1ba03e60c4ef864ae4b3e,3fe847a8cc092a34110933bc8917ad3184bb0dc0690dd584d58dbd2562bffe68,14,15,120,900,0.2012437549401251,0.047605095321815886,0.15363866239786148,8577,4404,2,61,38,21,0,0,512.0,512.0,512.0,3.2708837860574325,14.231077194213867,0.00021981965810307605,23.901123481000013,2.1207618713378906,2.140625
fold2_seed43,cova3d_c50_coh_fold2_seed43,C50_COH,2,43,2566699473,2833beb246c110df1399ce4e8e829b50cdcd77e817b1ba03e60c4ef864ae4b3e,3fe847a8cc092a34110933bc8917ad3184bb0dc0690dd584d58dbd2562bffe68,15,16,120,960,0.21129061707806238,0.05561724596414357,0.15567337324221928,8395,4316,0,55,33,32,0,0,512.0,512.0,512.0,3.8081459703292544,32.67826843261719,0.00020879665126330557,23.831702777000373,2.1207618713378906,2.140625
fold2_seed43,cova3d_c50_coh_fold2_seed43,C50_COH,2,43,2566699473,2833beb246c110df1399ce4e8e829b50cdcd77e817b1ba03e60c4ef864ae4b3e,3fe847a8cc092a34110933bc8917ad3184bb0dc0690dd584d58dbd2562bffe68,16,17,120,1020,0.14987165581907502,0.039288791875483724,0.1105828657746315,8485,4315,4,55,34,31,0,0,512.0,512.0,512.0,3.0716845309982697,19.32852554321289,0.00019738902366467966,23.860420777999934,2.1207618713378906,2.140625
fold2_seed43,cova3d_c50_coh_fold2_seed43,C50_COH,2,43,2566699473,2833beb246c110df1399ce4e8e829b50cdcd77e817b1ba03e60c4ef864ae4b3e,3fe847a8cc092a34110933bc8917ad3184bb0dc0690dd584d58dbd2562bffe68,17,18,120,1080,0.16217697204914874,0.04218411718304717,0.11999285568793615,8689,4575,0,65,19,36,0,0,512.0,512.0,512.0,3.9793680564500393,27.154489517211914,0.00018567335238957547,23.847467199999755,2.1207618713378906,2.140625
fold2_seed43,cova3d_c50_coh_fold2_seed43,C50_COH,2,43,2566699473,2833beb246c110df1399ce4e8e829b50cdcd77e817b1ba03e60c4ef864ae4b3e,3fe847a8cc092a34110933bc8917ad3184bb0dc0690dd584d58dbd2562bffe68,18,19,120,1140,0.2139283833675103,0.04003921242936712,0.1738891715804736,8051,3988,1,56,35,29,0,0,512.0,512.0,512.0,3.695015537769844,33.51486587524414,0.0001737282823548769,23.892127071000232,2.1207618713378906,2.140625
fold2_seed43,cova3d_c50_coh_fold2_seed43,C50_COH,2,43,2566699473,2833beb246c110df1399ce4e8e829b50cdcd77e817b1ba03e60c4ef864ae4b3e,3fe847a8cc092a34110933bc8917ad3184bb0dc0690dd584d58dbd2562bffe68,19,20,120,1200,0.13252602717517054,0.02583872096895431,0.10668730686108271,8747,4434,0,66,28,26,0,0,512.0,512.0,512.0,2.31579079881,8.760375022888184,0.00016163399838465363,23.809806453999954,2.1207618713378906,2.140625
fold2_seed43,cova3d_c50_coh_fold2_seed43,C50_COH,2,43,2566699473,2833beb246c110df1399ce4e8e829b50cdcd77e817b1ba03e60c4ef864ae4b3e,3fe847a8cc092a34110933bc8917ad3184bb0dc0690dd584d58dbd2562bffe68,20,21,120,1260,0.12331956417935194,0.03971154956356316,0.08360801438490549,8349,4292,2,62,20,38,0,0,512.0,512.0,512.0,3.722264239215292,27.00946044921875,0.00014947168694575625,23.806157183999858,2.1207618713378906,2.140625
fold2_seed43,cova3d_c50_coh_fold2_seed43,C50_COH,2,43,2566699473,2833beb246c110df1399ce4e8e829b50cdcd77e817b1ba03e60c4ef864ae4b3e,3fe847a8cc092a34110933bc8917ad3184bb0dc0690dd584d58dbd2562bffe68,21,22,120,1320,0.12466048111727399,0.03087139652595993,0.09378908425569535,8216,4229,0,66,35,19,0,0,512.0,512.0,512.0,3.3581713947157064,28.91292381286621,0.0001373229911595876,23.8813703779997,2.1207618713378906,2.140625
fold2_seed43,cova3d_c50_coh_fold2_seed43,C50_COH,2,43,2566699473,2833beb246c110df1399ce4e8e829b50cdcd77e817b1ba03e60c4ef864ae4b3e,3fe847a8cc092a34110933bc8917ad3184bb0dc0690dd584d58dbd2562bffe68,22,23,120,1380,0.18366665678467908,0.030471660531656588,0.15319499721129734,8719,4570,2,62,30,28,0,0,512.0,512.0,512.0,2.3595304902177303,13.732508659362793,0.00012526946274844474,23.796546883000246,2.1207618713378906,2.140625
fold2_seed43,cova3d_c50_coh_fold2_seed43,C50_COH,2,43,2566699473,2833beb246c110df1399ce4e8e829b50cdcd77e817b1ba03e60c4ef864ae4b3e,3fe847a8cc092a34110933bc8917ad3184bb0dc0690dd584d58dbd2562bffe68,23,24,120,1440,0.17802151612779651,0.03537056280669426,0.14265095392862956,8279,4207,1,62,30,28,0,0,512.0,512.0,512.0,2.9866958903917595,29.670068740844727,0.00011339201459540494,23.833553967999705,2.1207618713378906,2.140625
fold2_seed43,cova3d_c50_coh_fold2_seed43,C50_COH,2,43,2566699473,2833beb246c110df1399ce4e8e829b50cdcd77e817b1ba03e60c4ef864ae4b3e,3fe847a8cc092a34110933bc8917ad3184bb0dc0690dd584d58dbd2562bffe68,24,25,120,1500,0.17598969104451012,0.024703545068195745,0.1512861450513204,8756,4587,2,62,31,27,0,0,512.0,512.0,512.0,2.2586713069002142,21.857763290405273,0.00010177037759260854,23.7769098939998,2.1207618713378906,2.140625
fold2_seed43,cova3d_c50_coh_fold2_seed43,C50_COH,2,43,2566699473,2833beb246c110df1399ce4e8e829b50cdcd77e817b1ba03e60c4ef864ae4b3e,3fe847a8cc092a34110933bc8917ad3184bb0dc0690dd584d58dbd2562bffe68,25,26,120,1560,0.15517557111902988,0.013119911408309605,0.1420556589961052,8323,4288,1,61,31,28,0,0,512.0,512.0,512.0,2.484405808779411,16.362112045288086,9.048256542400759e-05,23.796152172999882,2.1207618713378906,2.140625
fold2_seed43,cova3d_c50_coh_fold2_seed43,C50_COH,2,43,2566699473,2833beb246c110df1399ce4e8e829b50cdcd77e817b1ba03e60c4ef864ae4b3e,3fe847a8cc092a34110933bc8917ad3184bb0dc0690dd584d58dbd2562bffe68,26,27,120,1620,0.14669211423298395,0.018211939239066697,0.12848017464081446,8789,4738,0,56,36,28,0,0,512.0,512.0,512.0,3.172512831450634,23.136802673339844,7.960435087538242e-05,23.839230183999916,2.1207618713378906,2.140625
fold2_seed43,cova3d_c50_coh_fold2_seed43,C50_COH,2,43,2566699473,2833beb246c110df1399ce4e8e829b50cdcd77e817b1ba03e60c4ef864ae4b3e,3fe847a8cc092a34110933bc8917ad3184bb0dc0690dd584d58dbd2562bffe68,27,28,120,1680,0.17353341489346855,0.04053258650044403,0.1330008293191592,8135,4016,3,59,29,32,0,0,512.0,512.0,512.0,3.4756158314528873,69.62596893310547,6.920875718705205e-05,23.75317742900006,2.1207618713378906,2.140625
fold2_seed43,cova3d_c50_coh_fold2_seed43,C50_COH,2,43,2566699473,2833beb246c110df1399ce4e8e829b50cdcd77e817b1ba03e60c4ef864ae4b3e,3fe847a8cc092a34110933bc8917ad3184bb0dc0690dd584d58dbd2562bffe68,28,29,120,1740,0.12969226211088686,0.025042946847130675,0.10464931478103003,8591,4479,2,46,32,42,0,0,512.0,512.0,512.0,3.923807527065704,31.104177474975586,5.936556786372413e-05,23.742982031999873,2.1207618713378906,2.140625
fold2_seed43,cova3d_c50_coh_fold2_seed43,C50_COH,2,43,2566699473,2833beb246c110df1399ce4e8e829b50cdcd77e817b1ba03e60c4ef864ae4b3e,3fe847a8cc092a34110933bc8917ad3184bb0dc0690dd584d58dbd2562bffe68,29,30,120,1800,0.1156330812567802,0.016974171020185256,0.09865891138712565,8536,4259,2,53,34,33,0,0,512.0,512.0,512.0,2.2575117909815163,13.693872451782227,5.014085823202989e-05,23.764085802999944,2.1207618713378906,2.140625
fold2_seed43,cova3d_c50_coh_fold2_seed43,C50_COH,2,43,2566699473,2833beb246c110df1399ce4e8e829b50cdcd77e817b1ba03e60c4ef864ae4b3e,3fe847a8cc092a34110933bc8917ad3184bb0dc0690dd584d58dbd2562bffe68,30,31,120,1860,0.09976344644880669,0.02076760292896417,0.07899584372838338,8316,4365,1,61,38,21,0,0,512.0,512.0,512.0,3.599048181572774,27.423320770263672,4.159655189030408e-05,23.877418402999865,2.1207618713378906,2.140625
fold2_seed43,cova3d_c50_coh_fold2_seed43,C50_COH,2,43,2566699473,2833beb246c110df1399ce4e8e829b50cdcd77e817b1ba03e60c4ef864ae4b3e,3fe847a8cc092a34110933bc8917ad3184bb0dc0690dd584d58dbd2562bffe68,31,32,120,1920,0.0623919321933513,0.014361638222443629,0.048030293981234234,8388,4270,2,68,22,30,0,0,512.0,512.0,512.0,2.045577061518755,13.064249038696289,3.379000502807257e-05,23.949223373000223,2.1207618713378906,2.140625
fold2_seed43,cova3d_c50_coh_fold2_seed43,C50_COH,2,43,2566699473,2833beb246c110df1399ce4e8e829b50cdcd77e817b1ba03e60c4ef864ae4b3e,3fe847a8cc092a34110933bc8917ad3184bb0dc0690dd584d58dbd2562bffe68,32,33,120,1980,0.08447134014297383,0.010322643124946719,0.07414869616429011,8301,4114,1,59,39,22,0,0,512.0,512.0,512.0,2.0420373248649413,24.834394454956055,2.6773621405624713e-05,23.84424980299991,2.1207618713378906,2.140625
fold2_seed43,cova3d_c50_coh_fold2_seed43,C50_COH,2,43,2566699473,2833beb246c110df1399ce4e8e829b50cdcd77e817b1ba03e60c4ef864ae4b3e,3fe847a8cc092a34110933bc8917ad3184bb0dc0690dd584d58dbd2562bffe68,33,34,120,2040,0.0621394081136501,0.009237663162220355,0.052901744345823926,7850,4024,1,55,30,35,0,0,512.0,512.0,512.0,2.3800270071917717,36.1488037109375,2.059450057823627e-05,23.93735309700014,2.1207618713378906,2.140625
fold2_seed43,cova3d_c50_coh_fold2_seed43,C50_COH,2,43,2566699473,2833beb246c110df1399ce4e8e829b50cdcd77e817b1ba03e60c4ef864ae4b3e,3fe847a8cc092a34110933bc8917ad3184bb0dc0690dd584d58dbd2562bffe68,34,35,120,2100,0.09282255677008476,0.014945243676433824,0.07787731339534124,8448,4557,4,57,33,30,0,0,512.0,512.0,512.0,2.3796450792783217,30.183534622192383,1.5294121726440254e-05,23.988198280999768,2.1207618713378906,2.140625
fold2_seed43,cova3d_c50_coh_fold2_seed43,C50_COH,2,43,2566699473,2833beb246c110df1399ce4e8e829b50cdcd77e817b1ba03e60c4ef864ae4b3e,3fe847a8cc092a34110933bc8917ad3184bb0dc0690dd584d58dbd2562bffe68,35,36,120,2160,0.1383352205398153,0.013468831339513588,0.12486638973156611,8356,4173,1,69,33,18,0,0,512.0,512.0,512.0,2.555244282755666,24.49672508239746,1.0908065214729997e-05,23.78718942100022,2.1207618713378906,2.140625
fold2_seed43,cova3d_c50_coh_fold2_seed43,C50_COH,2,43,2566699473,2833beb246c110df1399ce4e8e829b50cdcd77e817b1ba03e60c4ef864ae4b3e,3fe847a8cc092a34110933bc8917ad3184bb0dc0690dd584d58dbd2562bffe68,36,37,120,2220,0.06949652006068294,0.01401700505911497,0.05547951509555181,8943,4680,1,64,27,29,0,0,512.0,512.0,512.0,3.02507353946033,40.43434524536133,7.465773747813819e-06,23.837561066000035,2.1207618713378906,2.140625
fold2_seed43,cova3d_c50_coh_fold2_seed43,C50_COH,2,43,2566699473,2833beb246c110df1399ce4e8e829b50cdcd77e817b1ba03e60c4ef864ae4b3e,3fe847a8cc092a34110933bc8917ad3184bb0dc0690dd584d58dbd2562bffe68,37,38,120,2280,0.12246526493421513,0.026508127461399012,0.09595713913440704,8036,4157,1,65,25,30,0,0,512.0,512.0,512.0,5.290953329806992,94.9952392578125,4.990354727730315e-06,23.82808839900008,2.1207618713378906,2.140625
fold2_seed43,cova3d_c50_coh_fold2_seed43,C50_COH,2,43,2566699473,2833beb246c110df1399ce4e8e829b50cdcd77e817b1ba03e60c4ef864ae4b3e,3fe847a8cc092a34110933bc8917ad3184bb0dc0690dd584d58dbd2562bffe68,38,39,120,2340,0.07162687684454191,0.009639768989988294,0.06198710848887761,8151,4325,4,63,23,34,0,0,512.0,512.0,512.0,2.9528749804449035,30.4400691986084,3.498425138561358e-06,23.78508666400012,2.1207618713378906,2.140625
fold2_seed43,cova3d_c50_coh_fold2_seed43,C50_COH,2,43,2566699473,2833beb246c110df1399ce4e8e829b50cdcd77e817b1ba03e60c4ef864ae4b3e,3fe847a8cc092a34110933bc8917ad3184bb0dc0690dd584d58dbd2562bffe68,39,40,120,2400,0.05693238236892166,0.012303134107455042,0.04462924798329671,8450,4422,2,63,23,34,0,0,512.0,512.0,512.0,2.68987198092218,34.33904266357422,3e-06,23.812068192000424,2.1207618713378906,2.140625
fold2_seed43,cova3d_c50_dis_fold2_seed43,C50_DIS,2,43,2566699473,2833beb246c110df1399ce4e8e829b50cdcd77e817b1ba03e60c4ef864ae4b3e,3fe847a8cc092a34110933bc8917ad3184bb0dc0690dd584d58dbd2562bffe68,0,1,120,60,1.740757140951852,1.25221631086121,0.48854083319505054,8086,4081,0,55,38,27,3,3,512.0,4096.0,512.0,76.69475380579631,396.4870300292969,0.00017999999999999998,25.488601379999636,2.124858856201172,2.240234375
fold2_seed43,cova3d_c50_dis_fold2_seed43,C50_DIS,2,43,2566699473,2833beb246c110df1399ce4e8e829b50cdcd77e817b1ba03e60c4ef864ae4b3e,3fe847a8cc092a34110933bc8917ad3184bb0dc0690dd584d58dbd2562bffe68,1,2,120,120,1.1886759091789523,0.7928274193468193,0.395848485827446,8215,4266,3,58,37,25,0,0,512.0,512.0,512.0,29.125985447565714,87.95134735107422,0.0002999445918673937,24.352403228000185,2.124858856201172,2.240234375
fold2_seed43,cova3d_c50_dis_fold2_seed43,C50_DIS,2,43,2566699473,2833beb246c110df1399ce4e8e829b50cdcd77e817b1ba03e60c4ef864ae4b3e,3fe847a8cc092a34110933bc8917ad3184bb0dc0690dd584d58dbd2562bffe68,2,3,120,180,1.0017160816894224,0.6268063210727026,0.37490976303815843,8388,4421,1,60,29,31,0,0,512.0,512.0,512.0,15.950992174943288,62.10406494140625,0.0002991142965839822,24.307839754999804,2.124858856201172,2.240234375
fold2_seed43,cova3d_c50_dis_fold2_seed43,C50_DIS,2,43,2566699473,2833beb246c110df1399ce4e8e829b50cdcd77e817b1ba03e60c4ef864ae4b3e,3fe847a8cc092a34110933bc8917ad3184bb0dc0690dd584d58dbd2562bffe68,3,4,120,240,0.7777539017765472,0.466538868797943,0.3112150371074677,8977,4655,1,61,23,36,0,0,512.0,512.0,512.0,10.890243144830068,34.67653274536133,0.0002972930965702204,24.30675255699998,2.124858856201172,2.240234375
fold2_seed43,cova3d_c50_dis_fold2_seed43,C50_DIS,2,43,2566699473,2833beb246c110df1399ce4e8e829b50cdcd77e817b1ba03e60c4ef864ae4b3e,3fe847a8cc092a34110933bc8917ad3184bb0dc0690dd584d58dbd2562bffe68,4,5,120,300,0.7205442763709774,0.37856937165682514,0.341974904636542,8230,4223,2,54,35,31,0,0,512.0,512.0,512.0,8.524629346529643,18.04714012145996,0.0002944932171711482,24.26841040799991,2.124858856201172,2.240234375
fold2_seed43,cova3d_c50_dis_fold2_seed43,C50_DIS,2,43,2566699473,2833beb246c110df1399ce4e8e829b50cdcd77e817b1ba03e60c4ef864ae4b3e,3fe847a8cc092a34110933bc8917ad3184bb0dc0690dd584d58dbd2562bffe68,5,6,120,360,0.6081680974263387,0.34629744369303805,0.26187065690755845,8388,4308,2,63,27,30,0,0,512.0,512.0,512.0,7.807785303394,27.438356399536133,0.000290733453407337,24.166824089999864,2.124858856201172,2.240234375
fold2_seed43,cova3d_c50_dis_fold2_seed43,C50_DIS,2,43,2566699473,2833beb246c110df1399ce4e8e829b50cdcd77e817b1ba03e60c4ef864ae4b3e,3fe847a8cc092a34110933bc8917ad3184bb0dc0690dd584d58dbd2562bffe68,6,7,120,420,0.5754340582139169,0.3018875793437473,0.27354648063580195,7939,4137,2,46,39,35,0,0,512.0,512.0,512.0,7.8795042077700295,17.20012664794922,0.0002860390438077423,24.175384760999805,2.124858856201172,2.240234375
fold2_seed43,cova3d_c50_dis_fold2_seed43,C50_DIS,2,43,2566699473,2833beb246c110df1399ce4e8e829b50cdcd77e817b1ba03e60c4ef864ae4b3e,3fe847a8cc092a34110933bc8917ad3184bb0dc0690dd584d58dbd2562bffe68,7,8,120,480,0.5149205073306803,0.27219502624551145,0.24272547662258148,8139,4159,1,62,36,22,0,0,512.0,512.0,512.0,7.489774902661641,37.05690383911133,0.00028044150098859483,24.113866001999668,2.124858856201172,2.240234375
fold2_seed43,cova3d_c50_dis_fold2_seed43,C50_DIS,2,43,2566699473,2833beb246c110df1399ce4e8e829b50cdcd77e817b1ba03e60c4ef864ae4b3e,3fe847a8cc092a34110933bc8917ad3184bb0dc0690dd584d58dbd2562bffe68,8,9,120,540,0.5989281225173424,0.3205204762634821,0.27840764373540877,8116,4065,0,57,32,31,0,0,512.0,512.0,512.0,9.656160913904507,42.68334197998047,0.0002739784001156218,24.225864085000012,2.124858856201172,2.240234375
fold2_seed43,cova3d_c50_dis_fold2_seed43,C50_DIS,2,43,2566699473,2833beb246c110df1399ce4e8e829b50cdcd77e817b1ba03e60c4ef864ae4b3e,3fe847a8cc092a34110933bc8917ad3184bb0dc0690dd584d58dbd2562bffe68,9,10,120,600,0.400474516278094,0.21283529510401422,0.18763922055562338,8471,4398,1,67,23,30,0,0,512.0,512.0,512.0,5.991860930124918,23.942537307739258,0.0002666931266696063,24.065557863999857,2.124858856201172,2.240234375
fold2_seed43,cova3d_c50_dis_fold2_seed43,C50_DIS,2,43,2566699473,2833beb246c110df1399ce4e8e829b50cdcd77e817b1ba03e60c4ef864ae4b3e,3fe847a8cc092a34110933bc8917ad3184bb0dc0690dd584d58dbd2562bffe68,10,11,120,660,0.5332739047715829,0.2659646138592507,0.2673092911640803,8608,4376,2,56,36,28,0,0,512.0,512.0,512.0,8.520668858289719,49.94307327270508,0.0002586345852084849,24.40489197099987,2.124858856201172,2.240234375
fold2_seed43,cova3d_c50_dis_fold2_seed43,C50_DIS,2,43,2566699473,2833beb246c110df1399ce4e8e829b50cdcd77e817b1ba03e60c4ef864ae4b3e,3fe847a8cc092a34110933bc8917ad3184bb0dc0690dd584d58dbd2562bffe68,11,12,120,720,0.3835740903329376,0.19055798161425627,0.19301610539356867,7934,3880,2,61,29,30,0,0,512.0,512.0,512.0,6.003734758185844,18.126436233520508,0.0002498568710810032,24.29134534900004,2.124858856201172,2.240234375
fold2_seed43,cova3d_c50_dis_fold2_seed43,C50_DIS,2,43,2566699473,2833beb246c110df1399ce4e8e829b50cdcd77e817b1ba03e60c4ef864ae4b3e,3fe847a8cc092a34110933bc8917ad3184bb0dc0690dd584d58dbd2562bffe68,12,13,120,780,0.3499731419090191,0.16743815542261775,0.1825349857409795,8739,4574,3,60,24,36,0,0,512.0,512.0,512.0,6.067110845881204,28.495729446411133,0.0002404189072956492,24.26320418599971,2.124858856201172,2.240234375
fold2_seed43,cova3d_c50_dis_fold2_seed43,C50_DIS,2,43,2566699473,2833beb246c110df1399ce4e8e829b50cdcd77e817b1ba03e60c4ef864ae4b3e,3fe847a8cc092a34110933bc8917ad3184bb0dc0690dd584d58dbd2562bffe68,13,14,120,840,0.3655981474369279,0.16640451584989932,0.1991936316092809,8475,4391,0,55,28,37,0,0,512.0,512.0,512.0,6.138763410349687,30.13667869567871,0.00023038404898248976,24.304115747000196,2.124858856201172,2.240234375
fold2_seed43,cova3d_c50_dis_fold2_seed43,C50_DIS,2,43,2566699473,2833beb246c110df1399ce4e8e829b50cdcd77e817b1ba03e60c4ef864ae4b3e,3fe847a8cc092a34110933bc8917ad3184bb0dc0690dd584d58dbd2562bffe68,14,15,120,900,0.2875594337392007,0.11147271791117722,0.17608671536048254,8602,4407,2,61,38,21,0,0,512.0,512.0,512.0,5.112131484846274,16.82781219482422,0.00021981965810307605,24.435244436000175,2.124858856201172,2.240234375
fold2_seed43,cova3d_c50_dis_fold2_seed43,C50_DIS,2,43,2566699473,2833beb246c110df1399ce4e8e829b50cdcd77e817b1ba03e60c4ef864ae4b3e,3fe847a8cc092a34110933bc8917ad3184bb0dc0690dd584d58dbd2562bffe68,15,16,120,960,0.29344002510903616,0.12123030026571845,0.17220972577730814,8411,4374,0,55,33,32,0,0,512.0,512.0,512.0,5.529907352601488,30.973907470703125,0.00020879665126330557,24.41867380900021,2.124858856201172,2.240234375
fold2_seed43,cova3d_c50_dis_fold2_seed43,C50_DIS,2,43,2566699473,2833beb246c110df1399ce4e8e829b50cdcd77e817b1ba03e60c4ef864ae4b3e,3fe847a8cc092a34110933bc8917ad3184bb0dc0690dd584d58dbd2562bffe68,16,17,120,1020,0.26179673136650006,0.14142244396575734,0.1203742891550064,8471,4335,2,55,34,31,0,0,512.0,512.0,512.0,5.992818047602971,34.46548080444336,0.00019738902366467966,24.37199783599999,2.124858856201172,2.240234375
fold2_seed43,cova3d_c50_dis_fold2_seed43,C50_DIS,2,43,2566699473,2833beb246c110df1399ce4e8e829b50cdcd77e817b1ba03e60c4ef864ae4b3e,3fe847a8cc092a34110933bc8917ad3184bb0dc0690dd584d58dbd2562bffe68,17,18,120,1080,0.2645139538669961,0.1242170456376698,0.1402969092130661,8525,4444,0,65,19,36,0,0,512.0,512.0,512.0,6.541961442927519,22.707780838012695,0.00018567335238957547,24.408802734000346,2.124858856201172,2.240234375
fold2_seed43,cova3d_c50_dis_fold2_seed43,C50_DIS,2,43,2566699473,2833beb246c110df1399ce4e8e829b50cdcd77e817b1ba03e60c4ef864ae4b3e,3fe847a8cc092a34110933bc8917ad3184bb0dc0690dd584d58dbd2562bffe68,18,19,120,1140,0.28628258651725297,0.10840615609441594,0.1778764302531878,8141,4052,0,56,35,29,0,0,512.0,512.0,512.0,5.940767997503281,45.264286041259766,0.0001737282823548769,24.255889774000025,2.124858856201172,2.240234375
fold2_seed43,cova3d_c50_dis_fold2_seed43,C50_DIS,2,43,2566699473,2833beb246c110df1399ce4e8e829b50cdcd77e817b1ba03e60c4ef864ae4b3e,3fe847a8cc092a34110933bc8917ad3184bb0dc0690dd584d58dbd2562bffe68,19,20,120,1200,0.21628633134241682,0.08464225281544108,0.13164407809575399,8629,4365,0,66,28,26,0,0,512.0,512.0,512.0,4.692690701161822,48.67311477661133,0.00016163399838465363,24.234728571999767,2.124858856201172,2.240234375
fold2_seed43,cova3d_c50_dis_fold2_seed43,C50_DIS,2,43,2566699473,2833beb246c110df1399ce4e8e829b50cdcd77e817b1ba03e60c4ef864ae4b3e,3fe847a8cc092a34110933bc8917ad3184bb0dc0690dd584d58dbd2562bffe68,20,21,120,1260,0.14881926455245018,0.06447586942314652,0.08434339414040247,8508,4399,2,62,20,38,0,0,512.0,512.0,512.0,4.045947771410768,30.170970916748047,0.00014947168694575625,24.04370795199975,2.124858856201172,2.240234375
fold2_seed43,cova3d_c50_dis_fold2_seed43,C50_DIS,2,43,2566699473,2833beb246c110df1399ce4e8e829b50cdcd77e817b1ba03e60c4ef864ae4b3e,3fe847a8cc092a34110933bc8917ad3184bb0dc0690dd584d58dbd2562bffe68,21,22,120,1320,0.18242814522670112,0.07696375614502245,0.10546438793341319,8321,4352,0,66,35,19,0,0,512.0,512.0,512.0,4.437309905087265,26.64802360534668,0.0001373229911595876,24.04268236100006,2.124858856201172,2.240234375
fold2_seed43,cova3d_c50_dis_fold2_seed43,C50_DIS,2,43,2566699473,2833beb246c110df1399ce4e8e829b50cdcd77e817b1ba03e60c4ef864ae4b3e,3fe847a8cc092a34110933bc8917ad3184bb0dc0690dd584d58dbd2562bffe68,22,23,120,1380,0.17495436231721442,0.063197407481231,0.11175695558389027,8774,4591,1,62,30,28,0,0,512.0,512.0,512.0,4.109128393108646,36.112239837646484,0.00012526946274844474,24.060229229000015,2.124858856201172,2.240234375
fold2_seed43,cova3d_c50_dis_fold2_seed43,C50_DIS,2,43,2566699473,2833beb246c110df1399ce4e8e829b50cdcd77e817b1ba03e60c4ef864ae4b3e,3fe847a8cc092a34110933bc8917ad3184bb0dc0690dd584d58dbd2562bffe68,23,24,120,1440,0.2232381239429401,0.06640337849424137,0.15683474391698837,8255,4150,0,62,30,28,0,0,512.0,512.0,512.0,4.03684684947754,22.14295768737793,0.00011339201459540494,24.117518548000135,2.124858856201172,2.240234375
fold2_seed43,cova3d_c50_dis_fold2_seed43,C50_DIS,2,43,2566699473,2833beb246c110df1399ce4e8e829b50cdcd77e817b1ba03e60c4ef864ae4b3e,3fe847a8cc092a34110933bc8917ad3184bb0dc0690dd584d58dbd2562bffe68,24,25,120,1500,0.19569760802808295,0.05266293918358921,0.14303467124700547,8628,4470,2,62,31,27,0,0,512.0,512.0,512.0,4.463299684474865,44.86321258544922,0.00010177037759260854,24.044470105000073,2.124858856201172,2.240234375
fold2_seed43,cova3d_c50_dis_fold2_seed43,C50_DIS,2,43,2566699473,2833beb246c110df1399ce4e8e829b50cdcd77e817b1ba03e60c4ef864ae4b3e,3fe847a8cc092a34110933bc8917ad3184bb0dc0690dd584d58dbd2562bffe68,25,26,120,1560,0.17867264318029186,0.04686819040021343,0.1318044513463974,8311,4258,1,61,31,28,0,0,512.0,512.0,512.0,3.039818570824961,22.75885581970215,9.048256542400759e-05,24.019050261999837,2.124858856201172,2.240234375
fold2_seed43,cova3d_c50_dis_fold2_seed43,C50_DIS,2,43,2566699473,2833beb246c110df1399ce4e8e829b50cdcd77e817b1ba03e60c4ef864ae4b3e,3fe847a8cc092a34110933bc8917ad3184bb0dc0690dd584d58dbd2562bffe68,26,27,120,1620,0.18249039005328432,0.04825863490274435,0.13423175662755965,8729,4712,0,56,36,28,0,0,512.0,512.0,512.0,3.8335226176306607,19.45125961303711,7.960435087538242e-05,24.10323233700001,2.124858856201172,2.240234375
fold2_seed43,cova3d_c50_dis_fold2_seed43,C50_DIS,2,43,2566699473,2833beb246c110df1399ce4e8e829b50cdcd77e817b1ba03e60c4ef864ae4b3e,3fe847a8cc092a34110933bc8917ad3184bb0dc0690dd584d58dbd2562bffe68,27,28,120,1680,0.15517681752557758,0.038299400096106,0.11687741627295813,8368,4177,2,59,29,32,0,0,512.0,512.0,512.0,3.560862496246894,44.379051208496094,6.920875718705205e-05,23.98289760500029,2.124858856201172,2.240234375
fold2_seed43,cova3d_c50_dis_fold2_seed43,C50_DIS,2,43,2566699473,2833beb246c110df1399ce4e8e829b50cdcd77e817b1ba03e60c4ef864ae4b3e,3fe847a8cc092a34110933bc8917ad3184bb0dc0690dd584d58dbd2562bffe68,28,29,120,1740,0.17662632572163753,0.05689919561398119,0.11972713122765223,8606,4498,1,46,32,42,0,0,512.0,512.0,512.0,5.370659688611825,69.48884582519531,5.936556786372413e-05,24.134356243000184,2.124858856201172,2.240234375
fold2_seed43,cova3d_c50_dis_fold2_seed43,C50_DIS,2,43,2566699473,2833beb246c110df1399ce4e8e829b50cdcd77e817b1ba03e60c4ef864ae4b3e,3fe847a8cc092a34110933bc8917ad3184bb0dc0690dd584d58dbd2562bffe68,29,30,120,1800,0.16937114502340525,0.03942416292548524,0.12994698385397593,8552,4276,2,53,34,33,0,0,512.0,512.0,512.0,3.175962811956803,11.644563674926758,5.014085823202989e-05,23.89880865799978,2.124858856201172,2.240234375
fold2_seed43,cova3d_c50_dis_fold2_seed43,C50_DIS,2,43,2566699473,2833beb246c110df1399ce4e8e829b50cdcd77e817b1ba03e60c4ef864ae4b3e,3fe847a8cc092a34110933bc8917ad3184bb0dc0690dd584d58dbd2562bffe68,30,31,120,1860,0.16241123288016468,0.03590862830602582,0.12650260378917058,8228,4302,0,61,38,21,0,0,512.0,512.0,512.0,2.862883276771754,17.415279388427734,4.159655189030408e-05,23.95867606799993,2.124858856201172,2.240234375
fold2_seed43,cova3d_c50_dis_fold2_seed43,C50_DIS,2,43,2566699473,2833beb246c110df1399ce4e8e829b50cdcd77e817b1ba03e60c4ef864ae4b3e,3fe847a8cc092a34110933bc8917ad3184bb0dc0690dd584d58dbd2562bffe68,31,32,120,1920,0.11284311117254214,0.03368779060071011,0.07915532092253368,8377,4238,2,68,22,30,0,0,512.0,512.0,512.0,3.4563730957141767,29.900264739990234,3.379000502807257e-05,23.96797198599961,2.124858856201172,2.240234375
fold2_seed43,cova3d_c50_dis_fold2_seed43,C50_DIS,2,43,2566699473,2833beb246c110df1399ce4e8e829b50cdcd77e817b1ba03e60c4ef864ae4b3e,3fe847a8cc092a34110933bc8917ad3184bb0dc0690dd584d58dbd2562bffe68,32,33,120,1980,0.15094761122153386,0.038320494089149545,0.11262711584568023,8343,4185,1,59,39,22,0,0,512.0,512.0,512.0,3.674006241684159,38.31596755981445,2.6773621405624713e-05,23.95392887099979,2.124858856201172,2.240234375
fold2_seed43,cova3d_c50_dis_fold2_seed43,C50_DIS,2,43,2566699473,2833beb246c110df1399ce4e8e829b50cdcd77e817b1ba03e60c4ef864ae4b3e,3fe847a8cc092a34110933bc8917ad3184bb0dc0690dd584d58dbd2562bffe68,33,34,120,2040,0.14048132867789487,0.032051681687608635,0.10842964599529901,7756,4001,1,55,30,35,0,0,512.0,512.0,512.0,2.895417607886096,18.897369384765625,2.059450057823627e-05,24.002673713999684,2.124858856201172,2.240234375
fold2_seed43,cova3d_c50_dis_fold2_seed43,C50_DIS,2,43,2566699473,2833beb246c110df1399ce4e8e829b50cdcd77e817b1ba03e60c4ef864ae4b3e,3fe847a8cc092a34110933bc8917ad3184bb0dc0690dd584d58dbd2562bffe68,34,35,120,2100,0.12949794233967396,0.043362959290762976,0.08613498459259669,8361,4524,3,57,33,30,0,0,512.0,512.0,512.0,4.616276952096571,38.9083366394043,1.5294121726440254e-05,23.956868199999917,2.124858856201172,2.240234375
fold2_seed43,cova3d_c50_dis_fold2_seed43,C50_DIS,2,43,2566699473,2833beb246c110df1399ce4e8e829b50cdcd77e817b1ba03e60c4ef864ae4b3e,3fe847a8cc092a34110933bc8917ad3184bb0dc0690dd584d58dbd2562bffe68,35,36,120,2160,0.15185946885242813,0.029889240800581498,0.12197022785743078,8436,4259,1,69,33,18,0,0,512.0,512.0,512.0,2.5661963146179914,13.90141487121582,1.0908065214729997e-05,23.974126227000397,2.124858856201172,2.240234375
fold2_seed43,cova3d_c50_dis_fold2_seed43,C50_DIS,2,43,2566699473,2833beb246c110df1399ce4e8e829b50cdcd77e817b1ba03e60c4ef864ae4b3e,3fe847a8cc092a34110933bc8917ad3184bb0dc0690dd584d58dbd2562bffe68,36,37,120,2220,0.1482684790986357,0.023337402907999898,0.12493107716242473,8924,4754,1,64,27,29,0,0,512.0,512.0,512.0,2.693768285808619,21.64121437072754,7.465773747813819e-06,23.981336819999797,2.124858856201172,2.240234375
fold2_seed43,cova3d_c50_dis_fold2_seed43,C50_DIS,2,43,2566699473,2833beb246c110df1399ce4e8e829b50cdcd77e817b1ba03e60c4ef864ae4b3e,3fe847a8cc092a34110933bc8917ad3184bb0dc0690dd584d58dbd2562bffe68,37,38,120,2280,0.13521029808635632,0.03103935175065485,0.10417094677686692,8184,4237,1,65,25,30,0,0,512.0,512.0,512.0,4.3519347379294535,29.887514114379883,4.990354727730315e-06,23.97367255800009,2.124858856201172,2.240234375
fold2_seed43,cova3d_c50_dis_fold2_seed43,C50_DIS,2,43,2566699473,2833beb246c110df1399ce4e8e829b50cdcd77e817b1ba03e60c4ef864ae4b3e,3fe847a8cc092a34110933bc8917ad3184bb0dc0690dd584d58dbd2562bffe68,38,39,120,2340,0.14161202564033945,0.02755987805769055,0.11405214766661326,7920,4203,3,63,23,34,0,0,512.0,512.0,512.0,2.8016809578907367,13.388851165771484,3.498425138561358e-06,23.930426264999824,2.124858856201172,2.240234375
fold2_seed43,cova3d_c50_dis_fold2_seed43,C50_DIS,2,43,2566699473,2833beb246c110df1399ce4e8e829b50cdcd77e817b1ba03e60c4ef864ae4b3e,3fe847a8cc092a34110933bc8917ad3184bb0dc0690dd584d58dbd2562bffe68,39,40,120,2400,0.11380602321927177,0.02669290490816074,0.08711311866839727,8465,4427,2,63,23,34,0,0,512.0,512.0,512.0,2.156926385476254,14.96168327331543,3e-06,23.912111658000413,2.124858856201172,2.240234375
fold2_seed43,cova3d_c50_frg_fold2_seed43,C50_FRG,2,43,2566699473,2833beb246c110df1399ce4e8e829b50cdcd77e817b1ba03e60c4ef864ae4b3e,3fe847a8cc092a34110933bc8917ad3184bb0dc0690dd584d58dbd2562bffe68,0,1,120,60,1.766058506479021,1.2802537519523562,0.48580475250879923,8031,4048,0,55,38,27,3,3,512.0,4096.0,512.0,80.52236034075419,298.3009033203125,0.00017999999999999998,25.41648188399995,2.1237449645996094,2.2421875
fold2_seed43,cova3d_c50_frg_fold2_seed43,C50_FRG,2,43,2566699473,2833beb246c110df1399ce4e8e829b50cdcd77e817b1ba03e60c4ef864ae4b3e,3fe847a8cc092a34110933bc8917ad3184bb0dc0690dd584d58dbd2562bffe68,1,2,120,120,1.1443487339730685,0.7598313292876507,0.3845174044370651,8248,4293,3,58,37,25,0,0,512.0,512.0,512.0,28.542551243305205,82.90473937988281,0.0002999445918673937,24.25511470099991,2.1237449645996094,2.2421875
fold2_seed43,cova3d_c50_frg_fold2_seed43,C50_FRG,2,43,2566699473,2833beb246c110df1399ce4e8e829b50cdcd77e817b1ba03e60c4ef864ae4b3e,3fe847a8cc092a34110933bc8917ad3184bb0dc0690dd584d58dbd2562bffe68,2,3,120,180,0.9676867642207071,0.6056429769067715,0.3620437870422999,8265,4286,1,60,29,31,0,0,512.0,512.0,512.0,15.685997613271077,45.225059509277344,0.0002991142965839822,24.223223658999814,2.1237449645996094,2.2421875
fold2_seed43,cova3d_c50_frg_fold2_seed43,C50_FRG,2,43,2566699473,2833beb246c110df1399ce4e8e829b50cdcd77e817b1ba03e60c4ef864ae4b3e,3fe847a8cc092a34110933bc8917ad3184bb0dc0690dd584d58dbd2562bffe68,3,4,120,240,0.7885033635810639,0.4616603709155849,0.32684299200773237,8968,4659,1,61,23,36,0,0,512.0,512.0,512.0,9.43309644460678,30.02098846435547,0.0002972930965702204,24.171639424000205,2.1237449645996094,2.2421875
fold2_seed43,cova3d_c50_frg_fold2_seed43,C50_FRG,2,43,2566699473,2833beb246c110df1399ce4e8e829b50cdcd77e817b1ba03e60c4ef864ae4b3e,3fe847a8cc092a34110933bc8917ad3184bb0dc0690dd584d58dbd2562bffe68,4,5,120,300,0.7087455161381513,0.37850007560725013,0.33024543623129526,8267,4254,2,54,35,31,0,0,512.0,512.0,512.0,8.157903383175531,32.53407669067383,0.0002944932171711482,24.131740593999893,2.1237449645996094,2.2421875
fold2_seed43,cova3d_c50_frg_fold2_seed43,C50_FRG,2,43,2566699473,2833beb246c110df1399ce4e8e829b50cdcd77e817b1ba03e60c4ef864ae4b3e,3fe847a8cc092a34110933bc8917ad3184bb0dc0690dd584d58dbd2562bffe68,5,6,120,360,0.6161917377753222,0.3636352021698258,0.25255653262138367,8415,4351,2,63,27,30,0,0,512.0,512.0,512.0,8.161227772633234,35.734161376953125,0.000290733453407337,24.158412164999845,2.1237449645996094,2.2421875
fold2_seed43,cova3d_c50_frg_fold2_seed43,C50_FRG,2,43,2566699473,2833beb246c110df1399ce4e8e829b50cdcd77e817b1ba03e60c4ef864ae4b3e,3fe847a8cc092a34110933bc8917ad3184bb0dc0690dd584d58dbd2562bffe68,6,7,120,420,0.5510873522949017,0.28057984503684563,0.2705075070261955,7923,4105,2,46,39,35,0,0,512.0,512.0,512.0,6.537937458356222,12.487610816955566,0.0002860390438077423,24.1321002159998,2.1237449645996094,2.2421875
fold2_seed43,cova3d_c50_frg_fold2_seed43,C50_FRG,2,43,2566699473,2833beb246c110df1399ce4e8e829b50cdcd77e817b1ba03e60c4ef864ae4b3e,3fe847a8cc092a34110933bc8917ad3184bb0dc0690dd584d58dbd2562bffe68,7,8,120,480,0.5243266682625592,0.2749922643924947,0.24933440387248992,8011,4050,1,62,36,22,0,0,512.0,512.0,512.0,8.022848705450693,57.618865966796875,0.00028044150098859483,24.077884811999866,2.1237449645996094,2.2421875
fold2_seed43,cova3d_c50_frg_fold2_seed43,C50_FRG,2,43,2566699473,2833beb246c110df1399ce4e8e829b50cdcd77e817b1ba03e60c4ef864ae4b3e,3fe847a8cc092a34110933bc8917ad3184bb0dc0690dd584d58dbd2562bffe68,8,9,120,540,0.5513587597466539,0.26879230375828533,0.28256645798683167,8121,4040,0,57,32,31,0,0,512.0,512.0,512.0,7.622880441447099,27.295108795166016,0.0002739784001156218,24.220190272999844,2.1237449645996094,2.2421875
fold2_seed43,cova3d_c50_frg_fold2_seed43,C50_FRG,2,43,2566699473,2833beb246c110df1399ce4e8e829b50cdcd77e817b1ba03e60c4ef864ae4b3e,3fe847a8cc092a34110933bc8917ad3184bb0dc0690dd584d58dbd2562bffe68,9,10,120,600,0.36633317623927725,0.1960225893703561,0.17031058619419734,8479,4422,1,67,23,30,0,0,512.0,512.0,512.0,5.716299829880397,16.700857162475586,0.0002666931266696063,24.112582256999758,2.1237449645996094,2.2421875
fold2_seed43,cova3d_c50_frg_fold2_seed43,C50_FRG,2,43,2566699473,2833beb246c110df1399ce4e8e829b50cdcd77e817b1ba03e60c4ef864ae4b3e,3fe847a8cc092a34110933bc8917ad3184bb0dc0690dd584d58dbd2562bffe68,10,11,120,660,0.47615303565204764,0.20891909386967503,0.2672339384754499,8550,4398,2,56,36,28,0,0,512.0,512.0,512.0,6.907257155577342,18.36522674560547,0.0002586345852084849,24.09973410199973,2.1237449645996094,2.2421875
fold2_seed43,cova3d_c50_frg_fold2_seed43,C50_FRG,2,43,2566699473,2833beb246c110df1399ce4e8e829b50cdcd77e817b1ba03e60c4ef864ae4b3e,3fe847a8cc092a34110933bc8917ad3184bb0dc0690dd584d58dbd2562bffe68,11,12,120,720,0.36863131089400364,0.1663462027463235,0.20228510896364849,8017,3958,2,61,29,30,0,0,512.0,512.0,512.0,6.191507823113352,31.9773006439209,0.0002498568710810032,24.075276266999936,2.1237449645996094,2.2421875
fold2_seed43,cova3d_c50_frg_fold2_seed43,C50_FRG,2,43,2566699473,2833beb246c110df1399ce4e8e829b50cdcd77e817b1ba03e60c4ef864ae4b3e,3fe847a8cc092a34110933bc8917ad3184bb0dc0690dd584d58dbd2562bffe68,12,13,120,780,0.3274847025959692,0.14610598331701113,0.1813787192106247,8736,4613,3,60,24,36,0,0,512.0,512.0,512.0,5.549365576356649,20.297212600708008,0.0002404189072956492,24.03620581799987,2.1237449645996094,2.2421875
fold2_seed43,cova3d_c50_frg_fold2_seed43,C50_FRG,2,43,2566699473,2833beb246c110df1399ce4e8e829b50cdcd77e817b1ba03e60c4ef864ae4b3e,3fe847a8cc092a34110933bc8917ad3184bb0dc0690dd584d58dbd2562bffe68,13,14,120,840,0.3847467926248252,0.18120760597471416,0.20353918621937434,8452,4374,0,55,28,37,0,0,512.0,512.0,512.0,7.086552779873212,60.154354095458984,0.00023038404898248976,24.125788996999745,2.1237449645996094,2.2421875
fold2_seed43,cova3d_c50_frg_fold2_seed43,C50_FRG,2,43,2566699473,2833beb246c110df1399ce4e8e829b50cdcd77e817b1ba03e60c4ef864ae4b3e,3fe847a8cc092a34110933bc8917ad3184bb0dc0690dd584d58dbd2562bffe68,14,15,120,900,0.2917081627600358,0.1160263213832574,0.1756818433602651,8568,4365,2,61,38,21,0,0,512.0,512.0,512.0,5.381316548585891,19.71323585510254,0.00021981965810307605,24.020624895999845,2.1237449645996094,2.2421875
fold2_seed43,cova3d_c50_frg_fold2_seed43,C50_FRG,2,43,2566699473,2833beb246c110df1399ce4e8e829b50cdcd77e817b1ba03e60c4ef864ae4b3e,3fe847a8cc092a34110933bc8917ad3184bb0dc0690dd584d58dbd2562bffe68,15,16,120,960,0.3125435249229061,0.11881606033706096,0.19372746447722117,8360,4333,0,55,33,32,0,0,512.0,512.0,512.0,5.474261980441709,36.22751235961914,0.00020879665126330557,24.11395888099969,2.1237449645996094,2.2421875
fold2_seed43,cova3d_c50_frg_fold2_seed43,C50_FRG,2,43,2566699473,2833beb246c110df1399ce4e8e829b50cdcd77e817b1ba03e60c4ef864ae4b3e,3fe847a8cc092a34110933bc8917ad3184bb0dc0690dd584d58dbd2562bffe68,16,17,120,1020,0.23189598700403924,0.10422779606230202,0.12766819049914677,8418,4305,4,55,34,31,0,0,512.0,512.0,512.0,5.0088292472064495,36.54471206665039,0.00019738902366467966,24.07592462299999,2.1237449645996094,2.2421875
fold2_seed43,cova3d_c50_frg_fold2_seed43,C50_FRG,2,43,2566699473,2833beb246c110df1399ce4e8e829b50cdcd77e817b1ba03e60c4ef864ae4b3e,3fe847a8cc092a34110933bc8917ad3184bb0dc0690dd584d58dbd2562bffe68,17,18,120,1080,0.24802870326559515,0.1030314956255097,0.1449972078204155,8653,4578,0,65,19,36,0,0,512.0,512.0,512.0,4.8302761408112325,25.02178192138672,0.00018567335238957547,24.136865208000017,2.1237449645996094,2.2421875
fold2_seed43,cova3d_c50_frg_fold2_seed43,C50_FRG,2,43,2566699473,2833beb246c110df1399ce4e8e829b50cdcd77e817b1ba03e60c4ef864ae4b3e,3fe847a8cc092a34110933bc8917ad3184bb0dc0690dd584d58dbd2562bffe68,18,19,120,1140,0.2676498858828874,0.08349517703810913,0.18415470918019614,8158,4064,0,56,35,29,0,0,512.0,512.0,512.0,5.225702195366224,43.521446228027344,0.0001737282823548769,24.304513086000043,2.1237449645996094,2.2421875
fold2_seed43,cova3d_c50_frg_fold2_seed43,C50_FRG,2,43,2566699473,2833beb246c110df1399ce4e8e829b50cdcd77e817b1ba03e60c4ef864ae4b3e,3fe847a8cc092a34110933bc8917ad3184bb0dc0690dd584d58dbd2562bffe68,19,20,120,1200,0.18756081317098203,0.05852650640927095,0.1290343056122462,8656,4357,0,66,28,26,0,0,512.0,512.0,512.0,3.8743175069491067,23.883073806762695,0.00016163399838465363,24.260167235000154,2.1237449645996094,2.2421875
fold2_seed43,cova3d_c50_frg_fold2_seed43,C50_FRG,2,43,2566699473,2833beb246c110df1399ce4e8e829b50cdcd77e817b1ba03e60c4ef864ae4b3e,3fe847a8cc092a34110933bc8917ad3184bb0dc0690dd584d58dbd2562bffe68,20,21,120,1260,0.18373298005380032,0.08371395046378301,0.10001902878284455,8466,4402,1,62,20,38,0,0,512.0,512.0,512.0,6.875019074386606,88.24002838134766,0.00014947168694575625,24.26280314700034,2.1237449645996094,2.2421875
fold2_seed43,cova3d_c50_frg_fold2_seed43,C50_FRG,2,43,2566699473,2833beb246c110df1399ce4e8e829b50cdcd77e817b1ba03e60c4ef864ae4b3e,3fe847a8cc092a34110933bc8917ad3184bb0dc0690dd584d58dbd2562bffe68,21,22,120,1320,0.1719075899280938,0.06631110347633941,0.10559648623069127,8243,4307,0,66,35,19,0,0,512.0,512.0,512.0,4.102153852510188,23.14676856994629,0.0001373229911595876,24.26280349100034,2.1237449645996094,2.2421875
fold2_seed43,cova3d_c50_frg_fold2_seed43,C50_FRG,2,43,2566699473,2833beb246c110df1399ce4e8e829b50cdcd77e817b1ba03e60c4ef864ae4b3e,3fe847a8cc092a34110933bc8917ad3184bb0dc0690dd584d58dbd2562bffe68,22,23,120,1380,0.21770402605342412,0.05586088951900621,0.16184313843647638,8623,4478,2,62,30,28,0,0,512.0,512.0,512.0,3.3060179918383557,11.682272911071777,0.00012526946274844474,24.0804825919995,2.1237449645996094,2.2421875
fold2_seed43,cova3d_c50_frg_fold2_seed43,C50_FRG,2,43,2566699473,2833beb246c110df1399ce4e8e829b50cdcd77e817b1ba03e60c4ef864ae4b3e,3fe847a8cc092a34110933bc8917ad3184bb0dc0690dd584d58dbd2562bffe68,23,24,120,1440,0.22120939333201026,0.0660315925605073,0.15517780234416326,8150,4037,0,62,30,28,0,0,512.0,512.0,512.0,4.04839297949026,31.18277359008789,0.00011339201459540494,24.192491325000447,2.1237449645996094,2.2421875
fold2_seed43,cova3d_c50_frg_fold2_seed43,C50_FRG,2,43,2566699473,2833beb246c110df1399ce4e8e829b50cdcd77e817b1ba03e60c4ef864ae4b3e,3fe847a8cc092a34110933bc8917ad3184bb0dc0690dd584d58dbd2562bffe68,24,25,120,1500,0.19467103883060113,0.038957372754049875,0.1557136669754982,8613,4443,2,62,31,27,0,0,512.0,512.0,512.0,3.549221715548386,22.904083251953125,0.00010177037759260854,24.08536710899989,2.1237449645996094,2.2421875
fold2_seed43,cova3d_c50_frg_fold2_seed43,C50_FRG,2,43,2566699473,2833beb246c110df1399ce4e8e829b50cdcd77e817b1ba03e60c4ef864ae4b3e,3fe847a8cc092a34110933bc8917ad3184bb0dc0690dd584d58dbd2562bffe68,25,26,120,1560,0.17246866921876175,0.029687122502905082,0.1427815482020378,8213,4167,1,61,31,28,0,0,512.0,512.0,512.0,2.3384506702733536,8.62767219543457,9.048256542400759e-05,24.04528188400036,2.1237449645996094,2.2421875
fold2_seed43,cova3d_c50_frg_fold2_seed43,C50_FRG,2,43,2566699473,2833beb246c110df1399ce4e8e829b50cdcd77e817b1ba03e60c4ef864ae4b3e,3fe847a8cc092a34110933bc8917ad3184bb0dc0690dd584d58dbd2562bffe68,26,27,120,1620,0.18661011738779412,0.0350623180325698,0.1515477995077769,8764,4726,0,56,36,28,0,0,512.0,512.0,512.0,3.4667888514697554,35.208614349365234,7.960435087538242e-05,24.1185571470005,2.1237449645996094,2.2421875
fold2_seed43,cova3d_c50_frg_fold2_seed43,C50_FRG,2,43,2566699473,2833beb246c110df1399ce4e8e829b50cdcd77e817b1ba03e60c4ef864ae4b3e,3fe847a8cc092a34110933bc8917ad3184bb0dc0690dd584d58dbd2562bffe68,27,28,120,1680,0.17945227323693633,0.044238009217494795,0.135214264690876,8329,4157,2,59,29,32,0,0,512.0,512.0,512.0,4.04013295819362,64.7095947265625,6.920875718705205e-05,24.056265453999913,2.1237449645996094,2.2421875
fold2_seed43,cova3d_c50_frg_fold2_seed43,C50_FRG,2,43,2566699473,2833beb246c110df1399ce4e8e829b50cdcd77e817b1ba03e60c4ef864ae4b3e,3fe847a8cc092a34110933bc8917ad3184bb0dc0690dd584d58dbd2562bffe68,28,29,120,1740,0.16731267924696264,0.02820080068952393,0.13911187946796416,8614,4504,1,46,32,42,0,0,512.0,512.0,512.0,2.6556693854741753,19.429492950439453,5.936556786372413e-05,24.048406101000182,2.1237449645996094,2.2421875
fold2_seed43,cova3d_c50_frg_fold2_seed43,C50_FRG,2,43,2566699473,2833beb246c110df1399ce4e8e829b50cdcd77e817b1ba03e60c4ef864ae4b3e,3fe847a8cc092a34110933bc8917ad3184bb0dc0690dd584d58dbd2562bffe68,29,30,120,1800,0.1541117435617809,0.02374105373499115,0.1303706909219424,8586,4315,2,53,34,33,0,0,512.0,512.0,512.0,2.0763263607397677,13.128591537475586,5.014085823202989e-05,23.982379003999995,2.1237449645996094,2.2421875
fold2_seed43,cova3d_c50_frg_fold2_seed43,C50_FRG,2,43,2566699473,2833beb246c110df1399ce4e8e829b50cdcd77e817b1ba03e60c4ef864ae4b3e,3fe847a8cc092a34110933bc8917ad3184bb0dc0690dd584d58dbd2562bffe68,30,31,120,1860,0.16226030793189422,0.025140531968953907,0.13711977501710257,8205,4284,0,61,38,21,0,0,512.0,512.0,512.0,2.8842023850108185,44.468658447265625,4.159655189030408e-05,24.240527413000564,2.1237449645996094,2.2421875
fold2_seed43,cova3d_c50_frg_fold2_seed43,C50_FRG,2,43,2566699473,2833beb246c110df1399ce4e8e829b50cdcd77e817b1ba03e60c4ef864ae4b3e,3fe847a8cc092a34110933bc8917ad3184bb0dc0690dd584d58dbd2562bffe68,31,32,120,1920,0.0975718833159173,0.020398181058718972,0.07717370241880417,8334,4210,2,68,22,30,0,0,512.0,512.0,512.0,2.05290872293214,20.679296493530273,3.379000502807257e-05,24.319388206999974,2.1237449645996094,2.2421875
fold2_seed43,cova3d_c50_frg_fold2_seed43,C50_FRG,2,43,2566699473,2833beb246c110df1399ce4e8e829b50cdcd77e817b1ba03e60c4ef864ae4b3e,3fe847a8cc092a34110933bc8917ad3184bb0dc0690dd584d58dbd2562bffe68,32,33,120,1980,0.149659502167403,0.023555066609920534,0.12610443582137426,8324,4212,1,59,39,22,0,0,512.0,512.0,512.0,2.3162664141195517,29.432052612304688,2.6773621405624713e-05,24.29409333700005,2.1237449645996094,2.2421875
fold2_seed43,cova3d_c50_frg_fold2_seed43,C50_FRG,2,43,2566699473,2833beb246c110df1399ce4e8e829b50cdcd77e817b1ba03e60c4ef864ae4b3e,3fe847a8cc092a34110933bc8917ad3184bb0dc0690dd584d58dbd2562bffe68,33,34,120,2040,0.13029140649029286,0.021134568910020354,0.1091568370660146,7727,3953,1,55,30,35,0,0,512.0,512.0,512.0,1.9365999636085083,7.680837154388428,2.059450057823627e-05,24.296970993000286,2.1237449645996094,2.2421875
fold2_seed43,cova3d_c50_frg_fold2_seed43,C50_FRG,2,43,2566699473,2833beb246c110df1399ce4e8e829b50cdcd77e817b1ba03e60c4ef864ae4b3e,3fe847a8cc092a34110933bc8917ad3184bb0dc0690dd584d58dbd2562bffe68,34,35,120,2100,0.12001588186040048,0.020975524760900064,0.09904035677512486,8388,4516,3,57,33,30,0,0,512.0,512.0,512.0,3.5260439555781584,21.33629608154297,1.5294121726440254e-05,24.222853334999854,2.1237449645996094,2.2421875
fold2_seed43,cova3d_c50_frg_fold2_seed43,C50_FRG,2,43,2566699473,2833beb246c110df1399ce4e8e829b50cdcd77e817b1ba03e60c4ef864ae4b3e,3fe847a8cc092a34110933bc8917ad3184bb0dc0690dd584d58dbd2562bffe68,35,36,120,2160,0.18287160330065141,0.015536629383501458,0.16733497381210327,8430,4282,1,69,33,18,0,0,512.0,512.0,512.0,3.525096839371448,33.4764289855957,1.0908065214729997e-05,24.261050629000238,2.1237449645996094,2.2421875
fold2_seed43,cova3d_c50_frg_fold2_seed43,C50_FRG,2,43,2566699473,2833beb246c110df1399ce4e8e829b50cdcd77e817b1ba03e60c4ef864ae4b3e,3fe847a8cc092a34110933bc8917ad3184bb0dc0690dd584d58dbd2562bffe68,36,37,120,2220,0.15910345540394816,0.024375962361450832,0.13472749292850494,9002,4759,1,64,27,29,0,0,512.0,512.0,512.0,2.7530068134578567,24.073959350585938,7.465773747813819e-06,24.47348030699959,2.1237449645996094,2.2421875
fold2_seed43,cova3d_c50_frg_fold2_seed43,C50_FRG,2,43,2566699473,2833beb246c110df1399ce4e8e829b50cdcd77e817b1ba03e60c4ef864ae4b3e,3fe847a8cc092a34110933bc8917ad3184bb0dc0690dd584d58dbd2562bffe68,37,38,120,2280,0.1318281694046659,0.013863815763856143,0.11796435316403707,8255,4246,1,65,25,30,0,0,512.0,512.0,512.0,1.930784458698084,20.69849395751953,4.990354727730315e-06,24.383245382000496,2.1237449645996094,2.2421875
fold2_seed43,cova3d_c50_frg_fold2_seed43,C50_FRG,2,43,2566699473,2833beb246c110df1399ce4e8e829b50cdcd77e817b1ba03e60c4ef864ae4b3e,3fe847a8cc092a34110933bc8917ad3184bb0dc0690dd584d58dbd2562bffe68,38,39,120,2340,0.12349051773817835,0.016557749355630116,0.10693276872237524,7880,4158,4,63,23,34,0,0,512.0,512.0,512.0,1.9213616052564855,14.393330574035645,3.498425138561358e-06,24.40431660500053,2.1237449645996094,2.2421875
fold2_seed43,cova3d_c50_frg_fold2_seed43,C50_FRG,2,43,2566699473,2833beb246c110df1399ce4e8e829b50cdcd77e817b1ba03e60c4ef864ae4b3e,3fe847a8cc092a34110933bc8917ad3184bb0dc0690dd584d58dbd2562bffe68,39,40,120,2400,0.09757764829083408,0.016962717535053327,0.08061493188142776,8306,4355,2,63,23,34,0,0,512.0,512.0,512.0,2.0647746046927447,11.563051223754883,3e-06,24.40163007800038,2.1237449645996094,2.2421875
fold2_seed43,cova3d_c100_coh_fold2_seed43,C100_COH,2,43,2566699473,2833beb246c110df1399ce4e8e829b50cdcd77e817b1ba03e60c4ef864ae4b3e,3fe847a8cc092a34110933bc8917ad3184bb0dc0690dd584d58dbd2562bffe68,0,1,120,60,1.6081665500173585,1.1462366050487314,0.461929951608181,7652,3723,0,55,38,27,2,2,1024.0,4096.0,1024.0,70.20649766921997,197.64585876464844,0.00017999999999999998,25.630031055000472,2.123088836669922,2.2109375
fold2_seed43,cova3d_c100_coh_fold2_seed43,C100_COH,2,43,2566699473,2833beb246c110df1399ce4e8e829b50cdcd77e817b1ba03e60c4ef864ae4b3e,3fe847a8cc092a34110933bc8917ad3184bb0dc0690dd584d58dbd2562bffe68,1,2,120,120,0.8806031542277196,0.5739580562968816,0.30664510279893875,7911,4071,3,58,37,25,0,0,1024.0,1024.0,1024.0,22.420962286368013,92.82547760009766,0.0002999445918673937,24.83145382099974,2.123088836669922,2.2109375
fold2_seed43,cova3d_c100_coh_fold2_seed43,C100_COH,2,43,2566699473,2833beb246c110df1399ce4e8e829b50cdcd77e817b1ba03e60c4ef864ae4b3e,3fe847a8cc092a34110933bc8917ad3184bb0dc0690dd584d58dbd2562bffe68,2,3,120,180,0.7139977509708842,0.43198493697855156,0.2820128088196119,8086,4098,1,60,29,31,0,0,1024.0,1024.0,1024.0,11.870896955331167,59.461299896240234,0.0002991142965839822,24.581016013999943,2.123088836669922,2.2109375
fold2_seed43,cova3d_c100_coh_fold2_seed43,C100_COH,2,43,2566699473,2833beb246c110df1399ce4e8e829b50cdcd77e817b1ba03e60c4ef864ae4b3e,3fe847a8cc092a34110933bc8917ad3184bb0dc0690dd584d58dbd2562bffe68,3,4,120,240,0.5135810980069536,0.2789476820598286,0.2346334179242452,8255,4025,1,61,23,36,0,0,1024.0,1024.0,1024.0,6.340822002788385,22.727468490600586,0.0002972930965702204,24.96374689700042,2.123088836669922,2.2109375
fold2_seed43,cova3d_c100_coh_fold2_seed43,C100_COH,2,43,2566699473,2833beb246c110df1399ce4e8e829b50cdcd77e817b1ba03e60c4ef864ae4b3e,3fe847a8cc092a34110933bc8917ad3184bb0dc0690dd584d58dbd2562bffe68,4,5,120,300,0.5012170239759144,0.2649461444860208,0.23627087821563084,8186,4240,2,54,35,31,0,0,1024.0,1024.0,1024.0,7.640308449665706,20.915313720703125,0.0002944932171711482,24.693537749000825,2.123088836669922,2.2109375
fold2_seed43,cova3d_c100_coh_fold2_seed43,C100_COH,2,43,2566699473,2833beb246c110df1399ce4e8e829b50cdcd77e817b1ba03e60c4ef864ae4b3e,3fe847a8cc092a34110933bc8917ad3184bb0dc0690dd584d58dbd2562bffe68,5,6,120,360,0.38534753349002054,0.21333383432536646,0.1720136990149816,7923,3938,1,63,27,30,0,0,1024.0,1024.0,1024.0,5.9991761865715185,29.411645889282227,0.000290733453407337,24.985796423000465,2.123088836669922,2.2109375
fold2_seed43,cova3d_c100_coh_fold2_seed43,C100_COH,2,43,2566699473,2833beb246c110df1399ce4e8e829b50cdcd77e817b1ba03e60c4ef864ae4b3e,3fe847a8cc092a34110933bc8917ad3184bb0dc0690dd584d58dbd2562bffe68,6,7,120,420,0.4155616976012425,0.21318217059036518,0.20237952570120493,7849,4086,1,46,39,35,0,0,1024.0,1024.0,1024.0,6.4881286948919294,17.644664764404297,0.0002860390438077423,25.31637410500025,2.123088836669922,2.2109375
fold2_seed43,cova3d_c100_coh_fold2_seed43,C100_COH,2,43,2566699473,2833beb246c110df1399ce4e8e829b50cdcd77e817b1ba03e60c4ef864ae4b3e,3fe847a8cc092a34110933bc8917ad3184bb0dc0690dd584d58dbd2562bffe68,7,8,120,480,0.34368537175032543,0.17385903019433802,0.16982634067535402,7668,3778,2,62,36,22,0,0,1024.0,1024.0,1024.0,6.582502472400665,26.100126266479492,0.00028044150098859483,24.953076214999783,2.123088836669922,2.2109375
fold2_seed43,cova3d_c100_coh_fold2_seed43,C100_COH,2,43,2566699473,2833beb246c110df1399ce4e8e829b50cdcd77e817b1ba03e60c4ef864ae4b3e,3fe847a8cc092a34110933bc8917ad3184bb0dc0690dd584d58dbd2562bffe68,8,9,120,540,0.36321794865599866,0.18561447915437082,0.1776034673055013,7676,3699,0,57,32,31,0,0,1024.0,1024.0,1024.0,7.065158604333798,53.49336624145508,0.0002739784001156218,24.957852737000394,2.123088836669922,2.2109375
fold2_seed43,cova3d_c100_coh_fold2_seed43,C100_COH,2,43,2566699473,2833beb246c110df1399ce4e8e829b50cdcd77e817b1ba03e60c4ef864ae4b3e,3fe847a8cc092a34110933bc8917ad3184bb0dc0690dd584d58dbd2562bffe68,9,10,120,600,0.19526931089919042,0.1115652954221332,0.08370401610930761,8068,4095,1,67,23,30,0,0,1024.0,1024.0,1024.0,4.829021591693163,20.259449005126953,0.0002666931266696063,25.147290656000223,2.123088836669922,2.2109375
fold2_seed43,cova3d_c100_coh_fold2_seed43,C100_COH,2,43,2566699473,2833beb246c110df1399ce4e8e829b50cdcd77e817b1ba03e60c4ef864ae4b3e,3fe847a8cc092a34110933bc8917ad3184bb0dc0690dd584d58dbd2562bffe68,10,11,120,660,0.29618536786014527,0.12140182968494931,0.17478353828191756,8237,4078,3,56,36,28,0,0,1024.0,1024.0,1024.0,5.6053597837686535,32.03004837036133,0.0002586345852084849,24.73290171000008,2.123088836669922,2.2109375
fold2_seed43,cova3d_c100_coh_fold2_seed43,C100_COH,2,43,2566699473,2833beb246c110df1399ce4e8e829b50cdcd77e817b1ba03e60c4ef864ae4b3e,3fe847a8cc092a34110933bc8917ad3184bb0dc0690dd584d58dbd2562bffe68,11,12,120,720,0.2170595136476095,0.1101504533191625,0.10690906047821044,7806,3739,1,61,29,30,0,0,1024.0,1024.0,1024.0,5.579816918012996,37.90828323364258,0.0002498568710810032,24.706926894999924,2.123088836669922,2.2109375
fold2_seed43,cova3d_c100_coh_fold2_seed43,C100_COH,2,43,2566699473,2833beb246c110df1399ce4e8e829b50cdcd77e817b1ba03e60c4ef864ae4b3e,3fe847a8cc092a34110933bc8917ad3184bb0dc0690dd584d58dbd2562bffe68,12,13,120,780,0.21743447357743736,0.0900893145582927,0.12734515964984894,8498,4416,3,60,24,36,0,0,1024.0,1024.0,1024.0,3.9939542933056753,37.72918701171875,0.0002404189072956492,24.98418859100002,2.123088836669922,2.2109375
fold2_seed43,cova3d_c100_coh_fold2_seed43,C100_COH,2,43,2566699473,2833beb246c110df1399ce4e8e829b50cdcd77e817b1ba03e60c4ef864ae4b3e,3fe847a8cc092a34110933bc8917ad3184bb0dc0690dd584d58dbd2562bffe68,13,14,120,840,0.23845382827497208,0.10523692814207,0.13321690013011298,7778,3855,0,55,28,37,0,0,1024.0,1024.0,1024.0,5.081099589805429,24.738733291625977,0.00023038404898248976,24.670312394000575,2.123088836669922,2.2109375
fold2_seed43,cova3d_c100_coh_fold2_seed43,C100_COH,2,43,2566699473,2833beb246c110df1399ce4e8e829b50cdcd77e817b1ba03e60c4ef864ae4b3e,3fe847a8cc092a34110933bc8917ad3184bb0dc0690dd584d58dbd2562bffe68,14,15,120,900,0.18333143074464242,0.05853294837592766,0.12479848464330037,8137,3973,1,61,38,21,0,0,1024.0,1024.0,1024.0,3.48451352417469,16.397144317626953,0.00021981965810307605,24.559597587999633,2.123088836669922,2.2109375
fold2_seed43,cova3d_c100_coh_fold2_seed43,C100_COH,2,43,2566699473,2833beb246c110df1399ce4e8e829b50cdcd77e817b1ba03e60c4ef864ae4b3e,3fe847a8cc092a34110933bc8917ad3184bb0dc0690dd584d58dbd2562bffe68,15,16,120,960,0.1794088298484889,0.052033193215204644,0.12737563649813335,8068,4059,0,55,33,32,0,0,1024.0,1024.0,1024.0,3.3224828754396487,12.466289520263672,0.00020879665126330557,24.755035720000706,2.123088836669922,2.2109375
fold2_seed43,cova3d_c100_coh_fold2_seed43,C100_COH,2,43,2566699473,2833beb246c110df1399ce4e8e829b50cdcd77e817b1ba03e60c4ef864ae4b3e,3fe847a8cc092a34110933bc8917ad3184bb0dc0690dd584d58dbd2562bffe68,16,17,120,1020,0.14534318651443887,0.06334503764922657,0.08199814955393474,8429,4249,4,55,34,31,0,0,1024.0,1024.0,1024.0,4.477763579599559,27.836318969726562,0.00019738902366467966,24.46744097699957,2.123088836669922,2.2109375
fold2_seed43,cova3d_c100_coh_fold2_seed43,C100_COH,2,43,2566699473,2833beb246c110df1399ce4e8e829b50cdcd77e817b1ba03e60c4ef864ae4b3e,3fe847a8cc092a34110933bc8917ad3184bb0dc0690dd584d58dbd2562bffe68,17,18,120,1080,0.16017090659236904,0.06279102625333811,0.09737988114356995,7971,4008,0,65,19,36,0,0,1024.0,1024.0,1024.0,4.167032393068075,15.089007377624512,0.00018567335238957547,24.520696162000604,2.123088836669922,2.2109375
fold2_seed43,cova3d_c100_coh_fold2_seed43,C100_COH,2,43,2566699473,2833beb246c110df1399ce4e8e829b50cdcd77e817b1ba03e60c4ef864ae4b3e,3fe847a8cc092a34110933bc8917ad3184bb0dc0690dd584d58dbd2562bffe68,18,19,120,1140,0.2049702123168401,0.06794347389436167,0.13702673862377804,8293,4336,1,56,35,29,0,0,1024.0,1024.0,1024.0,4.185510301838319,39.13603210449219,0.0001737282823548769,24.872564846000387,2.123088836669922,2.2109375
fold2_seed43,cova3d_c100_coh_fold2_seed43,C100_COH,2,43,2566699473,2833beb246c110df1399ce4e8e829b50cdcd77e817b1ba03e60c4ef864ae4b3e,3fe847a8cc092a34110933bc8917ad3184bb0dc0690dd584d58dbd2562bffe68,19,20,120,1200,0.16839045786626297,0.05898947890836818,0.10940097818771997,8375,4129,0,66,28,26,0,0,1024.0,1024.0,1024.0,4.6054254778971275,44.54437255859375,0.00016163399838465363,24.573239301000285,2.123088836669922,2.2109375
fold2_seed43,cova3d_c100_coh_fold2_seed43,C100_COH,2,43,2566699473,2833beb246c110df1399ce4e8e829b50cdcd77e817b1ba03e60c4ef864ae4b3e,3fe847a8cc092a34110933bc8917ad3184bb0dc0690dd584d58dbd2562bffe68,20,21,120,1260,0.09703772987453159,0.02925027049617924,0.06778745899597803,7825,3808,1,62,20,38,0,0,1024.0,1024.0,1024.0,2.24658300341495,8.56639289855957,0.00014947168694575625,24.436091049000424,2.123088836669922,2.2109375
fold2_seed43,cova3d_c100_coh_fold2_seed43,C100_COH,2,43,2566699473,2833beb246c110df1399ce4e8e829b50cdcd77e817b1ba03e60c4ef864ae4b3e,3fe847a8cc092a34110933bc8917ad3184bb0dc0690dd584d58dbd2562bffe68,21,22,120,1320,0.08558858055985373,0.029136621216819474,0.056451959908008574,7972,3960,0,66,35,19,0,0,1024.0,1024.0,1024.0,2.087870877076057,13.405065536499023,0.0001373229911595876,24.79975345999992,2.123088836669922,2.2109375
fold2_seed43,cova3d_c100_coh_fold2_seed43,C100_COH,2,43,2566699473,2833beb246c110df1399ce4e8e829b50cdcd77e817b1ba03e60c4ef864ae4b3e,3fe847a8cc092a34110933bc8917ad3184bb0dc0690dd584d58dbd2562bffe68,22,23,120,1380,0.12152584855538705,0.03215312529779202,0.08937272230784098,8247,4300,2,62,30,28,0,0,1024.0,1024.0,1024.0,2.3895374704462786,15.772360801696777,0.00012526946274844474,24.582187041000907,2.123088836669922,2.2109375
fold2_seed43,cova3d_c100_coh_fold2_seed43,C100_COH,2,43,2566699473,2833beb246c110df1399ce4e8e829b50cdcd77e817b1ba03e60c4ef864ae4b3e,3fe847a8cc092a34110933bc8917ad3184bb0dc0690dd584d58dbd2562bffe68,23,24,120,1440,0.10979054153494494,0.022599085629152204,0.08719145605961481,8090,4030,1,62,30,28,0,0,1024.0,1024.0,1024.0,2.5464750057513204,14.713767051696777,0.00011339201459540494,24.427601168000365,2.123088836669922,2.2109375
fold2_seed43,cova3d_c100_coh_fold2_seed43,C100_COH,2,43,2566699473,2833beb246c110df1399ce4e8e829b50cdcd77e817b1ba03e60c4ef864ae4b3e,3fe847a8cc092a34110933bc8917ad3184bb0dc0690dd584d58dbd2562bffe68,24,25,120,1500,0.1299436720128891,0.02200485673596643,0.10793881465991338,7791,3764,2,62,31,27,0,0,1024.0,1024.0,1024.0,3.0612420761843775,49.20458221435547,0.00010177037759260854,24.761673330999656,2.123088836669922,2.2109375
fold2_seed43,cova3d_c100_coh_fold2_seed43,C100_COH,2,43,2566699473,2833beb246c110df1399ce4e8e829b50cdcd77e817b1ba03e60c4ef864ae4b3e,3fe847a8cc092a34110933bc8917ad3184bb0dc0690dd584d58dbd2562bffe68,25,26,120,1560,0.13739549909466256,0.02679819522593962,0.11059730499982834,7973,3969,1,61,31,28,0,0,1024.0,1024.0,1024.0,2.8360697010532023,15.360343933105469,9.048256542400759e-05,24.46558757599996,2.123088836669922,2.2109375
fold2_seed43,cova3d_c100_coh_fold2_seed43,C100_COH,2,43,2566699473,2833beb246c110df1399ce4e8e829b50cdcd77e817b1ba03e60c4ef864ae4b3e,3fe847a8cc092a34110933bc8917ad3184bb0dc0690dd584d58dbd2562bffe68,26,27,120,1620,0.12132990261266667,0.020554625768474628,0.10077527711788813,8074,4125,0,56,36,28,0,0,1024.0,1024.0,1024.0,3.9892373263447856,37.902008056640625,7.960435087538242e-05,24.471537326000544,2.123088836669922,2.2109375
fold2_seed43,cova3d_c100_coh_fold2_seed43,C100_COH,2,43,2566699473,2833beb246c110df1399ce4e8e829b50cdcd77e817b1ba03e60c4ef864ae4b3e,3fe847a8cc092a34110933bc8917ad3184bb0dc0690dd584d58dbd2562bffe68,27,28,120,1680,0.108125486194323,0.042988257915299574,0.06513722687959671,7860,3818,3,59,29,32,0,0,1024.0,1024.0,1024.0,4.943992985218453,37.55216979980469,6.920875718705205e-05,24.677674847999697,2.123088836669922,2.2109375
fold2_seed43,cova3d_c100_coh_fold2_seed43,C100_COH,2,43,2566699473,2833beb246c110df1399ce4e8e829b50cdcd77e817b1ba03e60c4ef864ae4b3e,3fe847a8cc092a34110933bc8917ad3184bb0dc0690dd584d58dbd2562bffe68,28,29,120,1740,0.0892685912325773,0.021393207533964533,0.06787538379430771,8118,4095,1,46,32,42,0,0,1024.0,1024.0,1024.0,2.3952276629861444,15.76666259765625,5.936556786372413e-05,24.285680562999914,2.123088836669922,2.2109375
fold2_seed43,cova3d_c100_coh_fold2_seed43,C100_COH,2,43,2566699473,2833beb246c110df1399ce4e8e829b50cdcd77e817b1ba03e60c4ef864ae4b3e,3fe847a8cc092a34110933bc8917ad3184bb0dc0690dd584d58dbd2562bffe68,29,30,120,1800,0.10876467592702557,0.018764389232891563,0.09000028570493063,8256,4007,1,53,34,33,0,0,1024.0,1024.0,1024.0,3.0044082018197513,29.899322509765625,5.014085823202989e-05,24.436218259999805,2.123088836669922,2.2109375
fold2_seed43,cova3d_c100_coh_fold2_seed43,C100_COH,2,43,2566699473,2833beb246c110df1399ce4e8e829b50cdcd77e817b1ba03e60c4ef864ae4b3e,3fe847a8cc092a34110933bc8917ad3184bb0dc0690dd584d58dbd2562bffe68,30,31,120,1860,0.06921832220243816,0.016287375182502586,0.05293094664812088,7974,4036,0,61,38,21,0,0,1024.0,1024.0,1024.0,3.3794360713567584,32.157833099365234,4.159655189030408e-05,24.747455803000776,2.123088836669922,2.2109375
fold2_seed43,cova3d_c100_coh_fold2_seed43,C100_COH,2,43,2566699473,2833beb246c110df1399ce4e8e829b50cdcd77e817b1ba03e60c4ef864ae4b3e,3fe847a8cc092a34110933bc8917ad3184bb0dc0690dd584d58dbd2562bffe68,31,32,120,1920,0.050155686625143,0.010415291139515238,0.03974039604266485,8108,3950,2,68,22,30,0,0,1024.0,1024.0,1024.0,1.6459809256019071,7.700850009918213,3.379000502807257e-05,24.366410314999484,2.123088836669922,2.2109375
fold2_seed43,cova3d_c100_coh_fold2_seed43,C100_COH,2,43,2566699473,2833beb246c110df1399ce4e8e829b50cdcd77e817b1ba03e60c4ef864ae4b3e,3fe847a8cc092a34110933bc8917ad3184bb0dc0690dd584d58dbd2562bffe68,32,33,120,1980,0.06219710174405111,0.01436882114167826,0.04782828042904536,7985,3904,1,59,39,22,0,0,1024.0,1024.0,1024.0,2.645663738421475,22.767810821533203,2.6773621405624713e-05,24.373064844999135,2.123088836669922,2.2109375
fold2_seed43,cova3d_c100_coh_fold2_seed43,C100_COH,2,43,2566699473,2833beb246c110df1399ce4e8e829b50cdcd77e817b1ba03e60c4ef864ae4b3e,3fe847a8cc092a34110933bc8917ad3184bb0dc0690dd584d58dbd2562bffe68,33,34,120,2040,0.032722807409979834,0.009463369215843979,0.023259438574314117,7597,3826,1,55,30,35,0,0,1024.0,1024.0,1024.0,1.7584501825588328,16.824323654174805,2.059450057823627e-05,24.531701673000498,2.123088836669922,2.2109375
fold2_seed43,cova3d_c100_coh_fold2_seed43,C100_COH,2,43,2566699473,2833beb246c110df1399ce4e8e829b50cdcd77e817b1ba03e60c4ef864ae4b3e,3fe847a8cc092a34110933bc8917ad3184bb0dc0690dd584d58dbd2562bffe68,34,35,120,2100,0.07117657087862625,0.02059636645315603,0.05058020452658336,8134,4248,2,57,33,30,0,0,1024.0,1024.0,1024.0,2.614723316129918,26.223453521728516,1.5294121726440254e-05,24.2163897370001,2.123088836669922,2.2109375
fold2_seed43,cova3d_c100_coh_fold2_seed43,C100_COH,2,43,2566699473,2833beb246c110df1399ce4e8e829b50cdcd77e817b1ba03e60c4ef864ae4b3e,3fe847a8cc092a34110933bc8917ad3184bb0dc0690dd584d58dbd2562bffe68,35,36,120,2160,0.08395936172299417,0.01690926115387262,0.06705010185639064,8380,4224,1,69,33,18,0,0,1024.0,1024.0,1024.0,3.2393143801144713,35.472251892089844,1.0908065214729997e-05,24.239164714999788,2.123088836669922,2.2109375
fold2_seed43,cova3d_c100_coh_fold2_seed43,C100_COH,2,43,2566699473,2833beb246c110df1399ce4e8e829b50cdcd77e817b1ba03e60c4ef864ae4b3e,3fe847a8cc092a34110933bc8917ad3184bb0dc0690dd584d58dbd2562bffe68,36,37,120,2220,0.05825164942774409,0.0236284725800207,0.034623176356156665,8202,4075,1,64,27,29,0,0,1024.0,1024.0,1024.0,3.3459626019835316,52.31692123413086,7.465773747813819e-06,24.46796735299995,2.123088836669922,2.2109375
fold2_seed43,cova3d_c100_coh_fold2_seed43,C100_COH,2,43,2566699473,2833beb246c110df1399ce4e8e829b50cdcd77e817b1ba03e60c4ef864ae4b3e,3fe847a8cc092a34110933bc8917ad3184bb0dc0690dd584d58dbd2562bffe68,37,38,120,2280,0.06849018464671112,0.01699390947374455,0.05149627476930618,7880,3997,1,65,25,30,0,0,1024.0,1024.0,1024.0,2.8244936116563624,37.07154846191406,4.990354727730315e-06,24.301257596999676,2.123088836669922,2.2109375
fold2_seed43,cova3d_c100_coh_fold2_seed43,C100_COH,2,43,2566699473,2833beb246c110df1399ce4e8e829b50cdcd77e817b1ba03e60c4ef864ae4b3e,3fe847a8cc092a34110933bc8917ad3184bb0dc0690dd584d58dbd2562bffe68,38,39,120,2340,0.05660570090572655,0.01818324316098343,0.03842245737711589,7552,3927,4,63,23,34,0,0,1024.0,1024.0,1024.0,2.996616909299094,33.17037582397461,3.498425138561358e-06,24.214747982000517,2.123088836669922,2.2109375
fold2_seed43,cova3d_c100_coh_fold2_seed43,C100_COH,2,43,2566699473,2833beb246c110df1399ce4e8e829b50cdcd77e817b1ba03e60c4ef864ae4b3e,3fe847a8cc092a34110933bc8917ad3184bb0dc0690dd584d58dbd2562bffe68,39,40,120,2400,0.046594546410575303,0.01578899916648784,0.03080554703871409,8063,4086,2,63,23,34,0,0,1024.0,1024.0,1024.0,1.736178645477048,12.74023151397705,3e-06,24.606372809000277,2.123088836669922,2.2109375
fold2_seed43,cova3d_c100_dis_fold2_seed43,C100_DIS,2,43,2566699473,2833beb246c110df1399ce4e8e829b50cdcd77e817b1ba03e60c4ef864ae4b3e,3fe847a8cc092a34110933bc8917ad3184bb0dc0690dd584d58dbd2562bffe68,0,1,120,60,1.847582297027111,1.3544305796269327,0.4931517218550046,7568,3697,0,55,38,27,2,2,1024.0,4096.0,1024.0,83.9672043800354,248.67945861816406,0.00017999999999999998,25.735679850999986,2.123493194580078,2.1796875
fold2_seed43,cova3d_c100_dis_fold2_seed43,C100_DIS,2,43,2566699473,2833beb246c110df1399ce4e8e829b50cdcd77e817b1ba03e60c4ef864ae4b3e,3fe847a8cc092a34110933bc8917ad3184bb0dc0690dd584d58dbd2562bffe68,1,2,120,120,1.1487239807688943,0.7825909556665768,0.3661330247918765,7856,4039,3,58,37,25,0,0,1024.0,1024.0,1024.0,30.306514175732932,72.40304565429688,0.0002999445918673937,25.00897521799925,2.123493194580078,2.1796875
fold2_seed43,cova3d_c100_dis_fold2_seed43,C100_DIS,2,43,2566699473,2833beb246c110df1399ce4e8e829b50cdcd77e817b1ba03e60c4ef864ae4b3e,3fe847a8cc092a34110933bc8917ad3184bb0dc0690dd584d58dbd2562bffe68,2,3,120,180,1.0435656097484753,0.6656947567515696,0.37787084728479386,8122,4099,0,60,29,31,0,0,1024.0,1024.0,1024.0,17.234273076057434,45.152244567871094,0.0002991142965839822,24.686046175999763,2.123493194580078,2.1796875
fold2_seed43,cova3d_c100_dis_fold2_seed43,C100_DIS,2,43,2566699473,2833beb246c110df1399ce4e8e829b50cdcd77e817b1ba03e60c4ef864ae4b3e,3fe847a8cc092a34110933bc8917ad3184bb0dc0690dd584d58dbd2562bffe68,3,4,120,240,0.8568353731088185,0.5208310903147019,0.33600428303082785,8062,3918,1,61,23,36,0,0,1024.0,1024.0,1024.0,12.037856996059418,43.30572509765625,0.0002972930965702204,24.55267693299993,2.123493194580078,2.1796875
fold2_seed43,cova3d_c100_dis_fold2_seed43,C100_DIS,2,43,2566699473,2833beb246c110df1399ce4e8e829b50cdcd77e817b1ba03e60c4ef864ae4b3e,3fe847a8cc092a34110933bc8917ad3184bb0dc0690dd584d58dbd2562bffe68,4,5,120,300,0.8065610462023566,0.47299551372416315,0.3335655296842257,8077,4175,2,54,35,31,0,0,1024.0,1024.0,1024.0,9.61612271865209,45.549747467041016,0.0002944932171711482,24.61482411399993,2.123493194580078,2.1796875
fold2_seed43,cova3d_c100_dis_fold2_seed43,C100_DIS,2,43,2566699473,2833beb246c110df1399ce4e8e829b50cdcd77e817b1ba03e60c4ef864ae4b3e,3fe847a8cc092a34110933bc8917ad3184bb0dc0690dd584d58dbd2562bffe68,5,6,120,360,0.6065994761069305,0.3606484480939495,0.24595102916161218,8038,4019,1,63,27,30,0,0,1024.0,1024.0,1024.0,6.981310472885768,24.395366668701172,0.000290733453407337,24.36434994999945,2.123493194580078,2.1796875
fold2_seed43,cova3d_c100_dis_fold2_seed43,C100_DIS,2,43,2566699473,2833beb246c110df1399ce4e8e829b50cdcd77e817b1ba03e60c4ef864ae4b3e,3fe847a8cc092a34110933bc8917ad3184bb0dc0690dd584d58dbd2562bffe68,6,7,120,420,0.6365384689697142,0.3705802944731355,0.26595817257960636,8056,4213,1,46,39,35,0,0,1024.0,1024.0,1024.0,7.6913064360618595,20.0548095703125,0.0002860390438077423,24.388864943000044,2.123493194580078,2.1796875
fold2_seed43,cova3d_c100_dis_fold2_seed43,C100_DIS,2,43,2566699473,2833beb246c110df1399ce4e8e829b50cdcd77e817b1ba03e60c4ef864ae4b3e,3fe847a8cc092a34110933bc8917ad3184bb0dc0690dd584d58dbd2562bffe68,7,8,120,480,0.601187085849233,0.34731115921555705,0.25387592216332755,7658,3774,1,62,36,22,0,0,1024.0,1024.0,1024.0,7.507890804608663,34.63968276977539,0.00028044150098859483,24.56167679400005,2.123493194580078,2.1796875
fold2_seed43,cova3d_c100_dis_fold2_seed43,C100_DIS,2,43,2566699473,2833beb246c110df1399ce4e8e829b50cdcd77e817b1ba03e60c4ef864ae4b3e,3fe847a8cc092a34110933bc8917ad3184bb0dc0690dd584d58dbd2562bffe68,8,9,120,540,0.6125247279220881,0.34642223911941983,0.26610248784224194,7647,3681,0,57,32,31,0,0,1024.0,1024.0,1024.0,8.834893329938252,34.17524337768555,0.0002739784001156218,24.367956005999986,2.123493194580078,2.1796875
fold2_seed43,cova3d_c100_dis_fold2_seed43,C100_DIS,2,43,2566699473,2833beb246c110df1399ce4e8e829b50cdcd77e817b1ba03e60c4ef864ae4b3e,3fe847a8cc092a34110933bc8917ad3184bb0dc0690dd584d58dbd2562bffe68,9,10,120,600,0.39538365214211807,0.2417945454997001,0.15358910659948985,8125,4146,1,67,23,30,0,0,1024.0,1024.0,1024.0,6.094315022230148,18.00920295715332,0.0002666931266696063,24.325716016000115,2.123493194580078,2.1796875
fold2_seed43,cova3d_c100_dis_fold2_seed43,C100_DIS,2,43,2566699473,2833beb246c110df1399ce4e8e829b50cdcd77e817b1ba03e60c4ef864ae4b3e,3fe847a8cc092a34110933bc8917ad3184bb0dc0690dd584d58dbd2562bffe68,10,11,120,660,0.5605596417949225,0.31127025933237745,0.24928938547770182,8370,4169,2,56,36,28,0,0,1024.0,1024.0,1024.0,8.545378337303797,58.718936920166016,0.0002586345852084849,24.533874071000355,2.123493194580078,2.1796875
fold2_seed43,cova3d_c100_dis_fold2_seed43,C100_DIS,2,43,2566699473,2833beb246c110df1399ce4e8e829b50cdcd77e817b1ba03e60c4ef864ae4b3e,3fe847a8cc092a34110933bc8917ad3184bb0dc0690dd584d58dbd2562bffe68,11,12,120,720,0.41064120044660135,0.2337823499867227,0.17685885181029637,8009,3884,1,61,29,30,0,0,1024.0,1024.0,1024.0,6.754677383601665,23.306236267089844,0.0002498568710810032,24.311671899999965,2.123493194580078,2.1796875
fold2_seed43,cova3d_c100_dis_fold2_seed43,C100_DIS,2,43,2566699473,2833beb246c110df1399ce4e8e829b50cdcd77e817b1ba03e60c4ef864ae4b3e,3fe847a8cc092a34110933bc8917ad3184bb0dc0690dd584d58dbd2562bffe68,12,13,120,780,0.3885650425875307,0.20657170320901058,0.18199333896239597,8458,4355,2,60,24,36,0,0,1024.0,1024.0,1024.0,6.393620251615842,24.24296760559082,0.0002404189072956492,24.252654720000464,2.123493194580078,2.1796875
fold2_seed43,cova3d_c100_dis_fold2_seed43,C100_DIS,2,43,2566699473,2833beb246c110df1399ce4e8e829b50cdcd77e817b1ba03e60c4ef864ae4b3e,3fe847a8cc092a34110933bc8917ad3184bb0dc0690dd584d58dbd2562bffe68,13,14,120,840,0.40832508567242864,0.21864652916350072,0.1896785577138265,8081,4005,0,55,28,37,0,0,1024.0,1024.0,1024.0,7.301157630483309,35.04507064819336,0.00023038404898248976,24.47078768600022,2.123493194580078,2.1796875
fold2_seed43,cova3d_c100_dis_fold2_seed43,C100_DIS,2,43,2566699473,2833beb246c110df1399ce4e8e829b50cdcd77e817b1ba03e60c4ef864ae4b3e,3fe847a8cc092a34110933bc8917ad3184bb0dc0690dd584d58dbd2562bffe68,14,15,120,900,0.3639301793028911,0.17477900612381442,0.18915117432673773,7825,3793,1,61,38,21,0,0,1024.0,1024.0,1024.0,6.259772775570552,56.75300979614258,0.00021981965810307605,24.313954921000004,2.123493194580078,2.1796875
fold2_seed43,cova3d_c100_dis_fold2_seed43,C100_DIS,2,43,2566699473,2833beb246c110df1399ce4e8e829b50cdcd77e817b1ba03e60c4ef864ae4b3e,3fe847a8cc092a34110933bc8917ad3184bb0dc0690dd584d58dbd2562bffe68,15,16,120,960,0.3384664106439838,0.1576611017109523,0.18080531060695648,7933,3963,0,55,33,32,0,0,1024.0,1024.0,1024.0,5.994244177142779,23.09712791442871,0.00020879665126330557,24.286605229000088,2.123493194580078,2.1796875
fold2_seed43,cova3d_c100_dis_fold2_seed43,C100_DIS,2,43,2566699473,2833beb246c110df1399ce4e8e829b50cdcd77e817b1ba03e60c4ef864ae4b3e,3fe847a8cc092a34110933bc8917ad3184bb0dc0690dd584d58dbd2562bffe68,16,17,120,1020,0.27635210923161535,0.15802057596182215,0.11833153267701467,8330,4166,3,55,34,31,0,0,1024.0,1024.0,1024.0,5.623694337159395,33.62343215942383,0.00019738902366467966,24.68601450300048,2.123493194580078,2.1796875
fold2_seed43,cova3d_c100_dis_fold2_seed43,C100_DIS,2,43,2566699473,2833beb246c110df1399ce4e8e829b50cdcd77e817b1ba03e60c4ef864ae4b3e,3fe847a8cc092a34110933bc8917ad3184bb0dc0690dd584d58dbd2562bffe68,17,18,120,1080,0.2741715372618671,0.14811417859683448,0.1260573590795199,8164,4153,0,65,19,36,0,0,1024.0,1024.0,1024.0,5.447695816059907,17.19655418395996,0.00018567335238957547,24.458923937999316,2.123493194580078,2.1796875
fold2_seed43,cova3d_c100_dis_fold2_seed43,C100_DIS,2,43,2566699473,2833beb246c110df1399ce4e8e829b50cdcd77e817b1ba03e60c4ef864ae4b3e,3fe847a8cc092a34110933bc8917ad3184bb0dc0690dd584d58dbd2562bffe68,18,19,120,1140,0.32711127476943697,0.15475076023409146,0.1723605121175448,8146,4172,0,56,35,29,0,0,1024.0,1024.0,1024.0,6.016165273388227,33.39484405517578,0.0001737282823548769,24.42829127999994,2.123493194580078,2.1796875
fold2_seed43,cova3d_c100_dis_fold2_seed43,C100_DIS,2,43,2566699473,2833beb246c110df1399ce4e8e829b50cdcd77e817b1ba03e60c4ef864ae4b3e,3fe847a8cc092a34110933bc8917ad3184bb0dc0690dd584d58dbd2562bffe68,19,20,120,1200,0.24413909419899937,0.11661088804788354,0.12752820601065953,8623,4225,0,66,28,26,0,0,1024.0,1024.0,1024.0,5.194646660486857,34.688621520996094,0.00016163399838465363,24.827506071000244,2.123493194580078,2.1796875
fold2_seed43,cova3d_c100_dis_fold2_seed43,C100_DIS,2,43,2566699473,2833beb246c110df1399ce4e8e829b50cdcd77e817b1ba03e60c4ef864ae4b3e,3fe847a8cc092a34110933bc8917ad3184bb0dc0690dd584d58dbd2562bffe68,20,21,120,1260,0.20727051143832492,0.10748992233752688,0.09978058884541194,8117,4042,1,62,20,38,0,0,1024.0,1024.0,1024.0,5.216587562610706,36.03729248046875,0.00014947168694575625,24.73251743200035,2.123493194580078,2.1796875
fold2_seed43,cova3d_c100_dis_fold2_seed43,C100_DIS,2,43,2566699473,2833beb246c110df1399ce4e8e829b50cdcd77e817b1ba03e60c4ef864ae4b3e,3fe847a8cc092a34110933bc8917ad3184bb0dc0690dd584d58dbd2562bffe68,21,22,120,1320,0.18862491888709343,0.09708720208739266,0.0915377159913381,7942,3942,0,66,35,19,0,0,1024.0,1024.0,1024.0,4.352310276031494,19.266550064086914,0.0001373229911595876,24.526248381000187,2.123493194580078,2.1796875
fold2_seed43,cova3d_c100_dis_fold2_seed43,C100_DIS,2,43,2566699473,2833beb246c110df1399ce4e8e829b50cdcd77e817b1ba03e60c4ef864ae4b3e,3fe847a8cc092a34110933bc8917ad3184bb0dc0690dd584d58dbd2562bffe68,22,23,120,1380,0.19106613313096735,0.07480215402316806,0.11626397967338561,8185,4274,1,62,30,28,0,0,1024.0,1024.0,1024.0,3.2299815873305002,9.381036758422852,0.00012526946274844474,24.772900367000148,2.123493194580078,2.1796875
fold2_seed43,cova3d_c100_dis_fold2_seed43,C100_DIS,2,43,2566699473,2833beb246c110df1399ce4e8e829b50cdcd77e817b1ba03e60c4ef864ae4b3e,3fe847a8cc092a34110933bc8917ad3184bb0dc0690dd584d58dbd2562bffe68,23,24,120,1440,0.20827278056898044,0.0884696408891936,0.11980314006408056,7990,3933,0,62,30,28,0,0,1024.0,1024.0,1024.0,4.716097839300831,29.139244079589844,0.00011339201459540494,24.463715310000225,2.123493194580078,2.1796875
fold2_seed43,cova3d_c100_dis_fold2_seed43,C100_DIS,2,43,2566699473,2833beb246c110df1399ce4e8e829b50cdcd77e817b1ba03e60c4ef864ae4b3e,3fe847a8cc092a34110933bc8917ad3184bb0dc0690dd584d58dbd2562bffe68,24,25,120,1500,0.18225415168747836,0.06769259880944295,0.11456155280272166,8112,3978,1,62,31,27,0,0,1024.0,1024.0,1024.0,4.0867408784727255,24.10678482055664,0.00010177037759260854,24.53309774199988,2.123493194580078,2.1796875
fold2_seed43,cova3d_c100_dis_fold2_seed43,C100_DIS,2,43,2566699473,2833beb246c110df1399ce4e8e829b50cdcd77e817b1ba03e60c4ef864ae4b3e,3fe847a8cc092a34110933bc8917ad3184bb0dc0690dd584d58dbd2562bffe68,25,26,120,1560,0.20246882879260777,0.07692088817292225,0.12554794152577717,7944,3986,1,61,31,28,0,0,1024.0,1024.0,1024.0,3.7976171656201285,12.435321807861328,9.048256542400759e-05,24.8487356859996,2.123493194580078,2.1796875
fold2_seed43,cova3d_c100_dis_fold2_seed43,C100_DIS,2,43,2566699473,2833beb246c110df1399ce4e8e829b50cdcd77e817b1ba03e60c4ef864ae4b3e,3fe847a8cc092a34110933bc8917ad3184bb0dc0690dd584d58dbd2562bffe68,26,27,120,1620,0.20407776084052215,0.07578446768479997,0.1282932937145233,8003,4071,0,56,36,28,0,0,1024.0,1024.0,1024.0,4.612400184571743,52.13822937011719,7.960435087538242e-05,24.440444353000203,2.123493194580078,2.1796875
fold2_seed43,cova3d_c100_dis_fold2_seed43,C100_DIS,2,43,2566699473,2833beb246c110df1399ce4e8e829b50cdcd77e817b1ba03e60c4ef864ae4b3e,3fe847a8cc092a34110933bc8917ad3184bb0dc0690dd584d58dbd2562bffe68,27,28,120,1680,0.1540896625473806,0.07250349681046372,0.08158616522947947,8062,3967,2,59,29,32,0,0,1024.0,1024.0,1024.0,6.1901953086256984,47.69324493408203,6.920875718705205e-05,24.370202000000063,2.123493194580078,2.1796875
fold2_seed43,cova3d_c100_dis_fold2_seed43,C100_DIS,2,43,2566699473,2833beb246c110df1399ce4e8e829b50cdcd77e817b1ba03e60c4ef864ae4b3e,3fe847a8cc092a34110933bc8917ad3184bb0dc0690dd584d58dbd2562bffe68,28,29,120,1740,0.14015080955770523,0.0635956807399225,0.07655512889226278,8222,4160,0,46,32,42,0,0,1024.0,1024.0,1024.0,4.553763031152387,50.023651123046875,5.936556786372413e-05,24.62283962299989,2.123493194580078,2.1796875
fold2_seed43,cova3d_c100_dis_fold2_seed43,C100_DIS,2,43,2566699473,2833beb246c110df1399ce4e8e829b50cdcd77e817b1ba03e60c4ef864ae4b3e,3fe847a8cc092a34110933bc8917ad3184bb0dc0690dd584d58dbd2562bffe68,29,30,120,1800,0.161266258528696,0.05257809414091098,0.10868816475073496,8247,3974,1,53,34,33,0,0,1024.0,1024.0,1024.0,3.8758785982305803,32.82544708251953,5.014085823202989e-05,24.38338437099992,2.123493194580078,2.1796875
fold2_seed43,cova3d_c100_dis_fold2_seed43,C100_DIS,2,43,2566699473,2833beb246c110df1399ce4e8e829b50cdcd77e817b1ba03e60c4ef864ae4b3e,3fe847a8cc092a34110933bc8917ad3184bb0dc0690dd584d58dbd2562bffe68,30,31,120,1860,0.16669520090415293,0.047676572615718386,0.1190186267097791,8072,4048,0,61,38,21,0,0,1024.0,1024.0,1024.0,3.835074660802881,37.660274505615234,4.159655189030408e-05,24.390174633000242,2.123493194580078,2.1796875
fold2_seed43,cova3d_c100_dis_fold2_seed43,C100_DIS,2,43,2566699473,2833beb246c110df1399ce4e8e829b50cdcd77e817b1ba03e60c4ef864ae4b3e,3fe847a8cc092a34110933bc8917ad3184bb0dc0690dd584d58dbd2562bffe68,31,32,120,1920,0.11257889736040637,0.04481688176645952,0.06776201526323954,8059,3895,2,68,22,30,0,0,1024.0,1024.0,1024.0,2.8305378813917437,11.27871322631836,3.379000502807257e-05,24.633941719000177,2.123493194580078,2.1796875
fold2_seed43,cova3d_c100_dis_fold2_seed43,C100_DIS,2,43,2566699473,2833beb246c110df1399ce4e8e829b50cdcd77e817b1ba03e60c4ef864ae4b3e,3fe847a8cc092a34110933bc8917ad3184bb0dc0690dd584d58dbd2562bffe68,32,33,120,1980,0.14303980199471714,0.04519903852923093,0.09784076313177745,8029,3914,1,59,39,22,0,0,1024.0,1024.0,1024.0,3.983020300604403,29.241947174072266,2.6773621405624713e-05,24.352384386999802,2.123493194580078,2.1796875
fold2_seed43,cova3d_c100_dis_fold2_seed43,C100_DIS,2,43,2566699473,2833beb246c110df1399ce4e8e829b50cdcd77e817b1ba03e60c4ef864ae4b3e,3fe847a8cc092a34110933bc8917ad3184bb0dc0690dd584d58dbd2562bffe68,33,34,120,2040,0.1233168371639731,0.04159289247529432,0.0817239448428154,7579,3828,1,55,30,35,0,0,1024.0,1024.0,1024.0,3.607152886657665,33.917293548583984,2.059450057823627e-05,24.328545844000473,2.123493194580078,2.1796875
fold2_seed43,cova3d_c100_dis_fold2_seed43,C100_DIS,2,43,2566699473,2833beb246c110df1399ce4e8e829b50cdcd77e817b1ba03e60c4ef864ae4b3e,3fe847a8cc092a34110933bc8917ad3184bb0dc0690dd584d58dbd2562bffe68,34,35,120,2100,0.13027276849375274,0.04518642103022898,0.08508634815613429,8116,4258,2,57,33,30,0,0,1024.0,1024.0,1024.0,3.383691728487611,17.907583236694336,1.5294121726440254e-05,24.640859051000007,2.123493194580078,2.1796875
fold2_seed43,cova3d_c100_dis_fold2_seed43,C100_DIS,2,43,2566699473,2833beb246c110df1399ce4e8e829b50cdcd77e817b1ba03e60c4ef864ae4b3e,3fe847a8cc092a34110933bc8917ad3184bb0dc0690dd584d58dbd2562bffe68,35,36,120,2160,0.17947018798016265,0.04621058697360544,0.13325959940751395,8268,4162,1,69,33,18,0,0,1024.0,1024.0,1024.0,3.1350100338459015,20.73967933654785,1.0908065214729997e-05,24.357825293000133,2.123493194580078,2.1796875
fold2_seed43,cova3d_c100_dis_fold2_seed43,C100_DIS,2,43,2566699473,2833beb246c110df1399ce4e8e829b50cdcd77e817b1ba03e60c4ef864ae4b3e,3fe847a8cc092a34110933bc8917ad3184bb0dc0690dd584d58dbd2562bffe68,36,37,120,2220,0.14499120923568018,0.03922013586056892,0.10577107469240825,8379,4209,1,64,27,29,0,0,1024.0,1024.0,1024.0,2.590815174051871,17.930660247802734,7.465773747813819e-06,24.269010279999748,2.123493194580078,2.1796875
fold2_seed43,cova3d_c100_dis_fold2_seed43,C100_DIS,2,43,2566699473,2833beb246c110df1399ce4e8e829b50cdcd77e817b1ba03e60c4ef864ae4b3e,3fe847a8cc092a34110933bc8917ad3184bb0dc0690dd584d58dbd2562bffe68,37,38,120,2280,0.12001109430321352,0.043386678793608864,0.07662441432476044,7898,4068,1,65,25,30,0,0,1024.0,1024.0,1024.0,3.2395218811618784,21.34116554260254,4.990354727730315e-06,24.66153828700044,2.123493194580078,2.1796875
fold2_seed43,cova3d_c100_dis_fold2_seed43,C100_DIS,2,43,2566699473,2833beb246c110df1399ce4e8e829b50cdcd77e817b1ba03e60c4ef864ae4b3e,3fe847a8cc092a34110933bc8917ad3184bb0dc0690dd584d58dbd2562bffe68,38,39,120,2340,0.12042679973984664,0.04194069992834161,0.07848609983921051,7612,3942,4,63,23,34,0,0,1024.0,1024.0,1024.0,4.036047958706816,64.02269744873047,3.498425138561358e-06,24.32705029600038,2.123493194580078,2.1796875
fold2_seed43,cova3d_c100_dis_fold2_seed43,C100_DIS,2,43,2566699473,2833beb246c110df1399ce4e8e829b50cdcd77e817b1ba03e60c4ef864ae4b3e,3fe847a8cc092a34110933bc8917ad3184bb0dc0690dd584d58dbd2562bffe68,39,40,120,2400,0.11665580992334676,0.040071343708598106,0.07658446480830511,8051,4038,2,63,23,34,0,0,1024.0,1024.0,1024.0,2.6918404161619645,23.2653751373291,3e-06,24.226249697999265,2.123493194580078,2.1796875
fold2_seed43,cova3d_c100_frg_fold2_seed43,C100_FRG,2,43,2566699473,2833beb246c110df1399ce4e8e829b50cdcd77e817b1ba03e60c4ef864ae4b3e,3fe847a8cc092a34110933bc8917ad3184bb0dc0690dd584d58dbd2562bffe68,0,1,120,60,1.7953902886598372,1.315137016963369,0.48025326679150265,7671,3741,0,55,38,27,2,2,1024.0,4096.0,1024.0,81.04578517278036,199.2222900390625,0.00017999999999999998,25.16437798900006,2.123058319091797,2.162109375
fold2_seed43,cova3d_c100_frg_fold2_seed43,C100_FRG,2,43,2566699473,2833beb246c110df1399ce4e8e829b50cdcd77e817b1ba03e60c4ef864ae4b3e,3fe847a8cc092a34110933bc8917ad3184bb0dc0690dd584d58dbd2562bffe68,1,2,120,120,1.1232200343675989,0.7716655809946436,0.35155445436636606,7829,4073,3,58,37,25,0,0,1024.0,1024.0,1024.0,28.586817285418512,75.73297882080078,0.0002999445918673937,24.42261960900032,2.123058319091797,2.162109375
fold2_seed43,cova3d_c100_frg_fold2_seed43,C100_FRG,2,43,2566699473,2833beb246c110df1399ce4e8e829b50cdcd77e817b1ba03e60c4ef864ae4b3e,3fe847a8cc092a34110933bc8917ad3184bb0dc0690dd584d58dbd2562bffe68,2,3,120,180,0.9628241590689868,0.6050558569879892,0.3577682986855507,8009,4075,0,60,29,31,0,0,1024.0,1024.0,1024.0,15.904871773719787,73.5081558227539,0.0002991142965839822,24.33007933100089,2.123058319091797,2.162109375
fold2_seed43,cova3d_c100_frg_fold2_seed43,C100_FRG,2,43,2566699473,2833beb246c110df1399ce4e8e829b50cdcd77e817b1ba03e60c4ef864ae4b3e,3fe847a8cc092a34110933bc8917ad3184bb0dc0690dd584d58dbd2562bffe68,3,4,120,240,0.7631948185386136,0.4559028719784692,0.3072919428348541,8276,4024,1,61,23,36,0,0,1024.0,1024.0,1024.0,11.455160057544708,38.424076080322266,0.0002972930965702204,24.410134115999426,2.123058319091797,2.162109375
fold2_seed43,cova3d_c100_frg_fold2_seed43,C100_FRG,2,43,2566699473,2833beb246c110df1399ce4e8e829b50cdcd77e817b1ba03e60c4ef864ae4b3e,3fe847a8cc092a34110933bc8917ad3184bb0dc0690dd584d58dbd2562bffe68,4,5,120,300,0.7123284127150934,0.41271845423664977,0.2996099586288134,8204,4276,2,54,35,31,0,0,1024.0,1024.0,1024.0,8.906862715880075,38.84995651245117,0.0002944932171711482,24.368340025999714,2.123058319091797,2.162109375
fold2_seed43,cova3d_c100_frg_fold2_seed43,C100_FRG,2,43,2566699473,2833beb246c110df1399ce4e8e829b50cdcd77e817b1ba03e60c4ef864ae4b3e,3fe847a8cc092a34110933bc8917ad3184bb0dc0690dd584d58dbd2562bffe68,5,6,120,360,0.5952975539451776,0.3531266310636056,0.24217092047135036,8058,4058,1,63,27,30,0,0,1024.0,1024.0,1024.0,7.286998814344406,28.89801788330078,0.000290733453407337,24.326451547999568,2.123058319091797,2.162109375
fold2_seed43,cova3d_c100_frg_fold2_seed43,C100_FRG,2,43,2566699473,2833beb246c110df1399ce4e8e829b50cdcd77e817b1ba03e60c4ef864ae4b3e,3fe847a8cc092a34110933bc8917ad3184bb0dc0690dd584d58dbd2562bffe68,6,7,120,420,0.592212378148785,0.33898334745366204,0.25322903096675875,7896,4102,1,46,39,35,0,0,1024.0,1024.0,1024.0,7.744943352540334,26.481063842773438,0.0002860390438077423,24.359023437999895,2.123058319091797,2.162109375
fold2_seed43,cova3d_c100_frg_fold2_seed43,C100_FRG,2,43,2566699473,2833beb246c110df1399ce4e8e829b50cdcd77e817b1ba03e60c4ef864ae4b3e,3fe847a8cc092a34110933bc8917ad3184bb0dc0690dd584d58dbd2562bffe68,7,8,120,480,0.5204542386782123,0.2921908626689401,0.22826337864001592,7570,3700,1,62,36,22,0,0,1024.0,1024.0,1024.0,7.283453965187073,23.42508316040039,0.00028044150098859483,24.33683615300015,2.123058319091797,2.162109375
fold2_seed43,cova3d_c100_frg_fold2_seed43,C100_FRG,2,43,2566699473,2833beb246c110df1399ce4e8e829b50cdcd77e817b1ba03e60c4ef864ae4b3e,3fe847a8cc092a34110933bc8917ad3184bb0dc0690dd584d58dbd2562bffe68,8,9,120,540,0.511291848011994,0.2824232428193985,0.22886860817670823,7681,3765,0,57,32,31,0,0,1024.0,1024.0,1024.0,7.564044088125229,28.450206756591797,0.0002739784001156218,24.407739075999416,2.123058319091797,2.162109375
fold2_seed43,cova3d_c100_frg_fold2_seed43,C100_FRG,2,43,2566699473,2833beb246c110df1399ce4e8e829b50cdcd77e817b1ba03e60c4ef864ae4b3e,3fe847a8cc092a34110933bc8917ad3184bb0dc0690dd584d58dbd2562bffe68,9,10,120,600,0.32755159061731925,0.20085675154599206,0.12669483870267867,8101,4113,1,67,23,30,0,0,1024.0,1024.0,1024.0,5.729430556297302,24.662012100219727,0.0002666931266696063,24.265759700999297,2.123058319091797,2.162109375
fold2_seed43,cova3d_c100_frg_fold2_seed43,C100_FRG,2,43,2566699473,2833beb246c110df1399ce4e8e829b50cdcd77e817b1ba03e60c4ef864ae4b3e,3fe847a8cc092a34110933bc8917ad3184bb0dc0690dd584d58dbd2562bffe68,10,11,120,660,0.46131079758439836,0.2415009248497275,0.21980987389882406,8291,4141,2,56,36,28,0,0,1024.0,1024.0,1024.0,7.376155038177967,27.26264762878418,0.0002586345852084849,24.216499729000134,2.123058319091797,2.162109375
fold2_seed43,cova3d_c100_frg_fold2_seed43,C100_FRG,2,43,2566699473,2833beb246c110df1399ce4e8e829b50cdcd77e817b1ba03e60c4ef864ae4b3e,3fe847a8cc092a34110933bc8917ad3184bb0dc0690dd584d58dbd2562bffe68,11,12,120,720,0.40904599984399587,0.2328430085653963,0.176202991604805,7905,3833,1,61,29,30,0,0,1024.0,1024.0,1024.0,6.85713347842296,21.85594940185547,0.0002498568710810032,24.387533658999928,2.123058319091797,2.162109375
fold2_seed43,cova3d_c100_frg_fold2_seed43,C100_FRG,2,43,2566699473,2833beb246c110df1399ce4e8e829b50cdcd77e817b1ba03e60c4ef864ae4b3e,3fe847a8cc092a34110933bc8917ad3184bb0dc0690dd584d58dbd2562bffe68,12,13,120,780,0.2975653516790847,0.14944748543591685,0.14811786512533823,8449,4368,2,60,24,36,0,0,1024.0,1024.0,1024.0,4.639312155048052,13.7311429977417,0.0002404189072956492,24.570826581999427,2.123058319091797,2.162109375
fold2_seed43,cova3d_c100_frg_fold2_seed43,C100_FRG,2,43,2566699473,2833beb246c110df1399ce4e8e829b50cdcd77e817b1ba03e60c4ef864ae4b3e,3fe847a8cc092a34110933bc8917ad3184bb0dc0690dd584d58dbd2562bffe68,13,14,120,840,0.36364458512515135,0.1960907857345622,0.1675538018345833,8008,3970,0,55,28,37,0,0,1024.0,1024.0,1024.0,7.39882640466094,41.38090515136719,0.00023038404898248976,24.488341453999965,2.123058319091797,2.162109375
fold2_seed43,cova3d_c100_frg_fold2_seed43,C100_FRG,2,43,2566699473,2833beb246c110df1399ce4e8e829b50cdcd77e817b1ba03e60c4ef864ae4b3e,3fe847a8cc092a34110933bc8917ad3184bb0dc0690dd584d58dbd2562bffe68,14,15,120,900,0.3293576335962219,0.15892850608721953,0.170429128408432,8078,3993,1,61,38,21,0,0,1024.0,1024.0,1024.0,6.757028897603353,29.273883819580078,0.00021981965810307605,24.447065235999617,2.123058319091797,2.162109375
fold2_seed43,cova3d_c100_frg_fold2_seed43,C100_FRG,2,43,2566699473,2833beb246c110df1399ce4e8e829b50cdcd77e817b1ba03e60c4ef864ae4b3e,3fe847a8cc092a34110933bc8917ad3184bb0dc0690dd584d58dbd2562bffe68,15,16,120,960,0.3015468166400241,0.13564553537254193,0.16590127994616827,8042,4077,0,55,33,32,0,0,1024.0,1024.0,1024.0,6.301561801880598,22.363910675048828,0.00020879665126330557,24.53860720600005,2.123058319091797,2.162109375
fold2_seed43,cova3d_c100_frg_fold2_seed43,C100_FRG,2,43,2566699473,2833beb246c110df1399ce4e8e829b50cdcd77e817b1ba03e60c4ef864ae4b3e,3fe847a8cc092a34110933bc8917ad3184bb0dc0690dd584d58dbd2562bffe68,16,17,120,1020,0.2526776858821298,0.1390265879058764,0.1136510968208313,8228,4023,4,55,34,31,0,0,1024.0,1024.0,1024.0,7.044273698329926,26.481348037719727,0.00019738902366467966,24.367353014999935,2.123058319091797,2.162109375
fold2_seed43,cova3d_c100_frg_fold2_seed43,C100_FRG,2,43,2566699473,2833beb246c110df1399ce4e8e829b50cdcd77e817b1ba03e60c4ef864ae4b3e,3fe847a8cc092a34110933bc8917ad3184bb0dc0690dd584d58dbd2562bffe68,17,18,120,1080,0.2312252823471984,0.11873461808960807,0.11249066491921743,8125,4100,0,65,19,36,0,0,1024.0,1024.0,1024.0,6.1941560392578445,21.176549911499023,0.00018567335238957547,24.492360674000338,2.123058319091797,2.162109375
fold2_seed43,cova3d_c100_frg_fold2_seed43,C100_FRG,2,43,2566699473,2833beb246c110df1399ce4e8e829b50cdcd77e817b1ba03e60c4ef864ae4b3e,3fe847a8cc092a34110933bc8917ad3184bb0dc0690dd584d58dbd2562bffe68,18,19,120,1140,0.3228954859881223,0.15399742265659028,0.16889806538820268,8272,4274,0,56,35,29,0,0,1024.0,1024.0,1024.0,7.2467070502539475,42.54530715942383,0.0001737282823548769,24.44848851000006,2.123058319091797,2.162109375
fold2_seed43,cova3d_c100_frg_fold2_seed43,C100_FRG,2,43,2566699473,2833beb246c110df1399ce4e8e829b50cdcd77e817b1ba03e60c4ef864ae4b3e,3fe847a8cc092a34110933bc8917ad3184bb0dc0690dd584d58dbd2562bffe68,19,20,120,1200,0.2003210448484746,0.08282476653275997,0.11749627987543741,8515,4187,0,66,28,26,0,0,1024.0,1024.0,1024.0,4.2401231795549394,31.329496383666992,0.00016163399838465363,24.474507617999734,2.123058319091797,2.162109375
fold2_seed43,cova3d_c100_frg_fold2_seed43,C100_FRG,2,43,2566699473,2833beb246c110df1399ce4e8e829b50cdcd77e817b1ba03e60c4ef864ae4b3e,3fe847a8cc092a34110933bc8917ad3184bb0dc0690dd584d58dbd2562bffe68,20,21,120,1260,0.16003463005284477,0.07483780511996277,0.08519682586193085,8072,4024,1,62,20,38,0,0,1024.0,1024.0,1024.0,4.651577495907744,15.96834659576416,0.00014947168694575625,24.462821867000457,2.123058319091797,2.162109375
fold2_seed43,cova3d_c100_frg_fold2_seed43,C100_FRG,2,43,2566699473,2833beb246c110df1399ce4e8e829b50cdcd77e817b1ba03e60c4ef864ae4b3e,3fe847a8cc092a34110933bc8917ad3184bb0dc0690dd584d58dbd2562bffe68,21,22,120,1320,0.15632134913508935,0.07753613592770327,0.07878521382808686,7848,3875,0,66,35,19,0,0,1024.0,1024.0,1024.0,4.859206435332696,27.988996505737305,0.0001373229911595876,24.44142148299943,2.123058319091797,2.162109375
fold2_seed43,cova3d_c100_frg_fold2_seed43,C100_FRG,2,43,2566699473,2833beb246c110df1399ce4e8e829b50cdcd77e817b1ba03e60c4ef864ae4b3e,3fe847a8cc092a34110933bc8917ad3184bb0dc0690dd584d58dbd2562bffe68,22,23,120,1380,0.18012377734703572,0.07192999112436098,0.10819378644227981,8261,4311,2,62,30,28,0,0,1024.0,1024.0,1024.0,4.227246161426107,29.760852813720703,0.00012526946274844474,24.35905479899975,2.123058319091797,2.162109375
fold2_seed43,cova3d_c100_frg_fold2_seed43,C100_FRG,2,43,2566699473,2833beb246c110df1399ce4e8e829b50cdcd77e817b1ba03e60c4ef864ae4b3e,3fe847a8cc092a34110933bc8917ad3184bb0dc0690dd584d58dbd2562bffe68,23,24,120,1440,0.17789387482714236,0.06933233585696565,0.10856153815984726,7998,3952,0,62,30,28,0,0,1024.0,1024.0,1024.0,4.172013060251872,25.356529235839844,0.00011339201459540494,24.296441408000646,2.123058319091797,2.162109375
fold2_seed43,cova3d_c100_frg_fold2_seed43,C100_FRG,2,43,2566699473,2833beb246c110df1399ce4e8e829b50cdcd77e817b1ba03e60c4ef864ae4b3e,3fe847a8cc092a34110933bc8917ad3184bb0dc0690dd584d58dbd2562bffe68,24,25,120,1500,0.16346997076678538,0.05657087343947751,0.10689909905195236,7979,3867,2,62,31,27,0,0,1024.0,1024.0,1024.0,4.237753565671543,22.190166473388672,0.00010177037759260854,24.44981200500024,2.123058319091797,2.162109375
fold2_seed43,cova3d_c100_frg_fold2_seed43,C100_FRG,2,43,2566699473,2833beb246c110df1399ce4e8e829b50cdcd77e817b1ba03e60c4ef864ae4b3e,3fe847a8cc092a34110933bc8917ad3184bb0dc0690dd584d58dbd2562bffe68,25,26,120,1560,0.16351704789361673,0.05118206084723177,0.11233498652776082,7833,3868,1,61,31,28,0,0,1024.0,1024.0,1024.0,3.266614071900646,11.479692459106445,9.048256542400759e-05,24.361108254999635,2.123058319091797,2.162109375
fold2_seed43,cova3d_c100_frg_fold2_seed43,C100_FRG,2,43,2566699473,2833beb246c110df1399ce4e8e829b50cdcd77e817b1ba03e60c4ef864ae4b3e,3fe847a8cc092a34110933bc8917ad3184bb0dc0690dd584d58dbd2562bffe68,26,27,120,1620,0.16687931370615652,0.05006777870021135,0.11681153525908788,8030,4099,0,56,36,28,0,0,1024.0,1024.0,1024.0,4.268072955434521,48.117313385009766,7.960435087538242e-05,24.348857421000503,2.123058319091797,2.162109375
fold2_seed43,cova3d_c100_frg_fold2_seed43,C100_FRG,2,43,2566699473,2833beb246c110df1399ce4e8e829b50cdcd77e817b1ba03e60c4ef864ae4b3e,3fe847a8cc092a34110933bc8917ad3184bb0dc0690dd584d58dbd2562bffe68,27,28,120,1680,0.1295776024655498,0.05475412864792947,0.07482347339391708,7924,3867,2,59,29,32,0,0,1024.0,1024.0,1024.0,4.465830610319972,25.919790267944336,6.920875718705205e-05,24.39545320399975,2.123058319091797,2.162109375
fold2_seed43,cova3d_c100_frg_fold2_seed43,C100_FRG,2,43,2566699473,2833beb246c110df1399ce4e8e829b50cdcd77e817b1ba03e60c4ef864ae4b3e,3fe847a8cc092a34110933bc8917ad3184bb0dc0690dd584d58dbd2562bffe68,28,29,120,1740,0.1044627836808028,0.04215223000345911,0.06231055458386739,8171,4129,0,46,32,42,0,0,1024.0,1024.0,1024.0,3.451021348312497,28.82421875,5.936556786372413e-05,24.342765344000327,2.123058319091797,2.162109375
fold2_seed43,cova3d_c100_frg_fold2_seed43,C100_FRG,2,43,2566699473,2833beb246c110df1399ce4e8e829b50cdcd77e817b1ba03e60c4ef864ae4b3e,3fe847a8cc092a34110933bc8917ad3184bb0dc0690dd584d58dbd2562bffe68,29,30,120,1800,0.17683379946978448,0.06045213473720328,0.1163816640774409,8292,3997,1,53,34,33,0,0,1024.0,1024.0,1024.0,5.367424320305387,70.83682250976562,5.014085823202989e-05,24.454902436999873,2.123058319091797,2.162109375
fold2_seed43,cova3d_c100_frg_fold2_seed43,C100_FRG,2,43,2566699473,2833beb246c110df1399ce4e8e829b50cdcd77e817b1ba03e60c4ef864ae4b3e,3fe847a8cc092a34110933bc8917ad3184bb0dc0690dd584d58dbd2562bffe68,30,31,120,1860,0.1533069712904221,0.04055768895633005,0.11274928251902262,7860,3958,0,61,38,21,0,0,1024.0,1024.0,1024.0,4.050461790586511,29.253896713256836,4.159655189030408e-05,24.37191097499999,2.123058319091797,2.162109375
fold2_seed43,cova3d_c100_frg_fold2_seed43,C100_FRG,2,43,2566699473,2833beb246c110df1399ce4e8e829b50cdcd77e817b1ba03e60c4ef864ae4b3e,3fe847a8cc092a34110933bc8917ad3184bb0dc0690dd584d58dbd2562bffe68,31,32,120,1920,0.08988136263459433,0.030031239372230564,0.05985012402137121,8099,3959,2,68,22,30,0,0,1024.0,1024.0,1024.0,2.2805671783785026,8.84524154663086,3.379000502807257e-05,24.46437425699969,2.123058319091797,2.162109375
fold2_seed43,cova3d_c100_frg_fold2_seed43,C100_FRG,2,43,2566699473,2833beb246c110df1399ce4e8e829b50cdcd77e817b1ba03e60c4ef864ae4b3e,3fe847a8cc092a34110933bc8917ad3184bb0dc0690dd584d58dbd2562bffe68,32,33,120,1980,0.10831547560714366,0.025521147910013038,0.08279432753721873,8025,3929,1,59,39,22,0,0,1024.0,1024.0,1024.0,2.1783706904699405,9.189565658569336,2.6773621405624713e-05,24.34120314499978,2.123058319091797,2.162109375
fold2_seed43,cova3d_c100_frg_fold2_seed43,C100_FRG,2,43,2566699473,2833beb246c110df1399ce4e8e829b50cdcd77e817b1ba03e60c4ef864ae4b3e,3fe847a8cc092a34110933bc8917ad3184bb0dc0690dd584d58dbd2562bffe68,33,34,120,2040,0.10656537122561428,0.026089560473515617,0.08047581066687902,7518,3783,1,55,30,35,0,0,1024.0,1024.0,1024.0,1.8802201812465986,10.901451110839844,2.059450057823627e-05,24.3891248559994,2.123058319091797,2.162109375
fold2_seed43,cova3d_c100_frg_fold2_seed43,C100_FRG,2,43,2566699473,2833beb246c110df1399ce4e8e829b50cdcd77e817b1ba03e60c4ef864ae4b3e,3fe847a8cc092a34110933bc8917ad3184bb0dc0690dd584d58dbd2562bffe68,34,35,120,2100,0.10571203038880413,0.025079829639450206,0.08063219835360845,8065,4216,2,57,33,30,0,0,1024.0,1024.0,1024.0,2.3961539968227346,12.811507225036621,1.5294121726440254e-05,24.331075007000436,2.123058319091797,2.162109375
fold2_seed43,cova3d_c100_frg_fold2_seed43,C100_FRG,2,43,2566699473,2833beb246c110df1399ce4e8e829b50cdcd77e817b1ba03e60c4ef864ae4b3e,3fe847a8cc092a34110933bc8917ad3184bb0dc0690dd584d58dbd2562bffe68,35,36,120,2160,0.16186821334142187,0.035957837124975654,0.12591037700573604,8280,4148,1,69,33,18,0,0,1024.0,1024.0,1024.0,2.664662229642272,13.282155990600586,1.0908065214729997e-05,24.273293133000152,2.123058319091797,2.162109375
fold2_seed43,cova3d_c100_frg_fold2_seed43,C100_FRG,2,43,2566699473,2833beb246c110df1399ce4e8e829b50cdcd77e817b1ba03e60c4ef864ae4b3e,3fe847a8cc092a34110933bc8917ad3184bb0dc0690dd584d58dbd2562bffe68,36,37,120,2220,0.1433576644402504,0.02823793290518845,0.11511973142623902,8404,4231,1,64,27,29,0,0,1024.0,1024.0,1024.0,2.3486838754887382,32.067787170410156,7.465773747813819e-06,24.365267060000406,2.123058319091797,2.162109375
fold2_seed43,cova3d_c100_frg_fold2_seed43,C100_FRG,2,43,2566699473,2833beb246c110df1399ce4e8e829b50cdcd77e817b1ba03e60c4ef864ae4b3e,3fe847a8cc092a34110933bc8917ad3184bb0dc0690dd584d58dbd2562bffe68,37,38,120,2280,0.10258459346683821,0.03404155004340718,0.06854304373264312,7764,3920,1,65,25,30,0,0,1024.0,1024.0,1024.0,3.2456288795918224,53.96468734741211,4.990354727730315e-06,24.21229247300016,2.123058319091797,2.162109375
fold2_seed43,cova3d_c100_frg_fold2_seed43,C100_FRG,2,43,2566699473,2833beb246c110df1399ce4e8e829b50cdcd77e817b1ba03e60c4ef864ae4b3e,3fe847a8cc092a34110933bc8917ad3184bb0dc0690dd584d58dbd2562bffe68,38,39,120,2340,0.10004741693186929,0.026996863480525234,0.07305055260658264,7772,4082,4,63,23,34,0,0,1024.0,1024.0,1024.0,2.612776922682921,20.67688751220703,3.498425138561358e-06,24.104130222000094,2.123058319091797,2.162109375
fold2_seed43,cova3d_c100_frg_fold2_seed43,C100_FRG,2,43,2566699473,2833beb246c110df1399ce4e8e829b50cdcd77e817b1ba03e60c4ef864ae4b3e,3fe847a8cc092a34110933bc8917ad3184bb0dc0690dd584d58dbd2562bffe68,39,40,120,2400,0.0962912226950761,0.030191361319889407,0.06609986126422882,8061,4068,2,63,23,34,0,0,1024.0,1024.0,1024.0,2.5205061019708714,19.782499313354492,3e-06,24.043043527999544,2.123058319091797,2.162109375
