batch_id,run_id,condition,outer_fold,seed,initialization_seed,shared_initialization_sha256,paired_plan_sha256,epoch,epoch_1based,logical_microbatches,successful_optimizer_steps_total,mean_loss,mean_partial_bce,mean_partial_dice_fp32,labelled_voxels_seen,foreground_voxels_seen,zero_label_microbatches,foreground_centered,background_centered,uniform_crop,amp_overflow_events,amp_retry_attempts,amp_scale_min,amp_scale_max,amp_scale_end,mean_preclip_grad_norm,max_preclip_grad_norm,learning_rate_end,epoch_seconds,peak_allocated_gb,peak_reserved_gb
fold3_seed29,cova3d_c50_coh_fold3_seed29,C50_COH,3,29,2796745829,4dc8922660e2d743f56d42eff3942c53e1d1547944e066df03fc38b7ed6d6b64,f2c165cff1d1ba7bb1a00df3f3b3f9abbddeac23c148a7829eddc8fc7546151a,0,1,120,60,2.5154918030486444,1.9012712167020558,0.6142205908894539,4699,2666,1,54,30,36,2,2,1024.0,4096.0,1024.0,97.13093070983886,347.8320007324219,0.00017999999999999998,26.970611248999944,1.3336772918701172,1.361328125
fold3_seed29,cova3d_c50_coh_fold3_seed29,C50_COH,3,29,2796745829,4dc8922660e2d743f56d42eff3942c53e1d1547944e066df03fc38b7ed6d6b64,f2c165cff1d1ba7bb1a00df3f3b3f9abbddeac23c148a7829eddc8fc7546151a,1,2,120,120,0.8369363444571112,0.5151585121934962,0.3217778335014979,4470,2405,2,67,28,25,0,0,1024.0,1024.0,1024.0,24.77834965251386,108.50337219238281,0.0002999445918673937,24.57322792800005,1.3336772918701172,1.361328125
fold3_seed29,cova3d_c50_coh_fold3_seed29,C50_COH,3,29,2796745829,4dc8922660e2d743f56d42eff3942c53e1d1547944e066df03fc38b7ed6d6b64,f2c165cff1d1ba7bb1a00df3f3b3f9abbddeac23c148a7829eddc8fc7546151a,2,3,120,180,0.6014961903964529,0.3278208409562467,0.2736753503481547,4676,2591,2,61,30,29,0,0,1024.0,1024.0,1024.0,10.388775224983693,28.727542877197266,0.0002991142965839822,25.399356241999953,1.3336772918701172,1.361328125
fold3_seed29,cova3d_c50_coh_fold3_seed29,C50_COH,3,29,2796745829,4dc8922660e2d743f56d42eff3942c53e1d1547944e066df03fc38b7ed6d6b64,f2c165cff1d1ba7bb1a00df3f3b3f9abbddeac23c148a7829eddc8fc7546151a,3,4,120,240,0.47893765255478987,0.24289546999783246,0.23604218512773514,4547,2343,1,59,36,25,0,0,1024.0,1024.0,1024.0,6.995250835393866,26.87202262878418,0.0002972930965702204,26.427514798999937,1.3336772918701172,1.361328125
fold3_seed29,cova3d_c50_coh_fold3_seed29,C50_COH,3,29,2796745829,4dc8922660e2d743f56d42eff3942c53e1d1547944e066df03fc38b7ed6d6b64,f2c165cff1d1ba7bb1a00df3f3b3f9abbddeac23c148a7829eddc8fc7546151a,4,5,120,300,0.48823845201016713,0.24518757146045875,0.24305087874333065,4718,2558,4,69,25,26,0,0,1024.0,1024.0,1024.0,7.909876513977846,27.283517837524414,0.0002944932171711482,27.77598562700007,1.3336772918701172,1.361328125
fold3_seed29,cova3d_c50_coh_fold3_seed29,C50_COH,3,29,2796745829,4dc8922660e2d743f56d42eff3942c53e1d1547944e066df03fc38b7ed6d6b64,f2c165cff1d1ba7bb1a00df3f3b3f9abbddeac23c148a7829eddc8fc7546151a,5,6,120,360,0.3337891428258445,0.16158311493709335,0.17220602681239447,4870,2700,2,59,21,40,0,0,1024.0,1024.0,1024.0,5.0571232433120406,15.513416290283203,0.000290733453407337,28.09737816300003,1.3336772918701172,1.361328125
fold3_seed29,cova3d_c50_coh_fold3_seed29,C50_COH,3,29,2796745829,4dc8922660e2d743f56d42eff3942c53e1d1547944e066df03fc38b7ed6d6b64,f2c165cff1d1ba7bb1a00df3f3b3f9abbddeac23c148a7829eddc8fc7546151a,6,7,120,420,0.41590872106365473,0.1981366703020588,0.21777205169200897,4843,2720,3,58,27,35,0,0,1024.0,1024.0,1024.0,6.641181822617849,28.179140090942383,0.0002860390438077423,27.12834640099993,1.3336772918701172,1.361328125
fold3_seed29,cova3d_c50_coh_fold3_seed29,C50_COH,3,29,2796745829,4dc8922660e2d743f56d42eff3942c53e1d1547944e066df03fc38b7ed6d6b64,f2c165cff1d1ba7bb1a00df3f3b3f9abbddeac23c148a7829eddc8fc7546151a,7,8,120,480,0.30847058145670114,0.11609025423470788,0.19238032897313437,4736,2667,1,65,28,27,0,0,1024.0,1024.0,1024.0,5.744749796638886,39.01227569580078,0.00028044150098859483,27.516461881000055,1.3336772918701172,1.361328125
fold3_seed29,cova3d_c50_coh_fold3_seed29,C50_COH,3,29,2796745829,4dc8922660e2d743f56d42eff3942c53e1d1547944e066df03fc38b7ed6d6b64,f2c165cff1d1ba7bb1a00df3f3b3f9abbddeac23c148a7829eddc8fc7546151a,8,9,120,540,0.3157932909703959,0.122561257634167,0.19323203613360723,4980,2881,2,64,29,27,0,0,1024.0,1024.0,1024.0,5.203026951601108,32.58479690551758,0.0002739784001156218,27.489369831999966,1.3336772918701172,1.361328125
fold3_seed29,cova3d_c50_coh_fold3_seed29,C50_COH,3,29,2796745829,4dc8922660e2d743f56d42eff3942c53e1d1547944e066df03fc38b7ed6d6b64,f2c165cff1d1ba7bb1a00df3f3b3f9abbddeac23c148a7829eddc8fc7546151a,9,10,120,600,0.2647826673608809,0.10801833003548987,0.1567643384138743,5112,2841,1,70,26,24,0,0,1024.0,1024.0,1024.0,4.324046650901437,24.041627883911133,0.0002666931266696063,27.361895347999962,1.3336772918701172,1.361328125
fold3_seed29,cova3d_c50_coh_fold3_seed29,C50_COH,3,29,2796745829,4dc8922660e2d743f56d42eff3942c53e1d1547944e066df03fc38b7ed6d6b64,f2c165cff1d1ba7bb1a00df3f3b3f9abbddeac23c148a7829eddc8fc7546151a,10,11,120,660,0.25197894824789274,0.08827249711144608,0.16370645066102346,4787,2579,2,59,28,33,0,0,1024.0,1024.0,1024.0,4.353322573937476,46.101993560791016,0.0002586345852084849,27.37874762799993,1.3336772918701172,1.361328125
fold3_seed29,cova3d_c50_coh_fold3_seed29,C50_COH,3,29,2796745829,4dc8922660e2d743f56d42eff3942c53e1d1547944e066df03fc38b7ed6d6b64,f2c165cff1d1ba7bb1a00df3f3b3f9abbddeac23c148a7829eddc8fc7546151a,11,12,120,720,0.23742277966506056,0.06885670551807835,0.16856607447067898,5135,2786,3,60,31,29,0,0,1024.0,1024.0,1024.0,3.798471774812788,18.623329162597656,0.0002498568710810032,27.20885272999999,1.3336772918701172,1.361328125
fold3_seed29,cova3d_c50_coh_fold3_seed29,C50_COH,3,29,2796745829,4dc8922660e2d743f56d42eff3942c53e1d1547944e066df03fc38b7ed6d6b64,f2c165cff1d1ba7bb1a00df3f3b3f9abbddeac23c148a7829eddc8fc7546151a,12,13,120,780,0.22522580671232692,0.059525876438570435,0.16569992949565251,4414,2203,2,53,35,32,0,0,1024.0,1024.0,1024.0,4.693435155497961,63.18293380737305,0.0002404189072956492,27.313262761000033,1.3336772918701172,1.361328125
fold3_seed29,cova3d_c50_coh_fold3_seed29,C50_COH,3,29,2796745829,4dc8922660e2d743f56d42eff3942c53e1d1547944e066df03fc38b7ed6d6b64,f2c165cff1d1ba7bb1a00df3f3b3f9abbddeac23c148a7829eddc8fc7546151a,13,14,120,840,0.2815021778563178,0.10733064720309145,0.1741715302069982,4965,2697,2,53,26,41,0,0,1024.0,1024.0,1024.0,4.290105675316105,23.559457778930664,0.00023038404898248976,27.282818652999936,1.3336772918701172,1.361328125
fold3_seed29,cova3d_c50_coh_fold3_seed29,C50_COH,3,29,2796745829,4dc8922660e2d743f56d42eff3942c53e1d1547944e066df03fc38b7ed6d6b64,f2c165cff1d1ba7bb1a00df3f3b3f9abbddeac23c148a7829eddc8fc7546151a,14,15,120,900,0.2140488758600346,0.06000696900498355,0.15404190768798193,4611,2359,2,57,39,24,0,0,1024.0,1024.0,1024.0,3.196895689641436,16.31011962890625,0.00021981965810307605,27.151586110999915,1.3336772918701172,1.361328125
fold3_seed29,cova3d_c50_coh_fold3_seed29,C50_COH,3,29,2796745829,4dc8922660e2d743f56d42eff3942c53e1d1547944e066df03fc38b7ed6d6b64,f2c165cff1d1ba7bb1a00df3f3b3f9abbddeac23c148a7829eddc8fc7546151a,15,16,120,960,0.17780631891066984,0.0516247713194313,0.12618155032396317,4678,2340,1,53,33,34,0,0,1024.0,1024.0,1024.0,3.8345714397728443,88.69317626953125,0.00020879665126330557,27.09464399500007,1.3336772918701172,1.361328125
fold3_seed29,cova3d_c50_coh_fold3_seed29,C50_COH,3,29,2796745829,4dc8922660e2d743f56d42eff3942c53e1d1547944e066df03fc38b7ed6d6b64,f2c165cff1d1ba7bb1a00df3f3b3f9abbddeac23c148a7829eddc8fc7546151a,16,17,120,1020,0.21133899625477756,0.030116050926793037,0.18122294495503108,4871,2651,1,65,28,27,0,0,1024.0,1024.0,1024.0,2.8126903430869183,28.738142013549805,0.00019738902366467966,27.19537319699998,1.3336772918701172,1.361328125
fold3_seed29,cova3d_c50_coh_fold3_seed29,C50_COH,3,29,2796745829,4dc8922660e2d743f56d42eff3942c53e1d1547944e066df03fc38b7ed6d6b64,f2c165cff1d1ba7bb1a00df3f3b3f9abbddeac23c148a7829eddc8fc7546151a,17,18,120,1080,0.15152187392190536,0.02143239306111416,0.13008948117494584,4592,2385,1,57,34,29,0,0,1024.0,1024.0,1024.0,1.9498252708232031,12.456125259399414,0.00018567335238957547,27.066449809999995,1.3336772918701172,1.361328125
fold3_seed29,cova3d_c50_coh_fold3_seed29,C50_COH,3,29,2796745829,4dc8922660e2d743f56d42eff3942c53e1d1547944e066df03fc38b7ed6d6b64,f2c165cff1d1ba7bb1a00df3f3b3f9abbddeac23c148a7829eddc8fc7546151a,18,19,120,1140,0.18497996731017452,0.031447100171267846,0.15353286763032278,4670,2487,2,58,25,37,0,0,1024.0,1024.0,1024.0,2.364329295732629,26.942407608032227,0.0001737282823548769,27.002238713999986,1.3336772918701172,1.361328125
fold3_seed29,cova3d_c50_coh_fold3_seed29,C50_COH,3,29,2796745829,4dc8922660e2d743f56d42eff3942c53e1d1547944e066df03fc38b7ed6d6b64,f2c165cff1d1ba7bb1a00df3f3b3f9abbddeac23c148a7829eddc8fc7546151a,19,20,120,1200,0.18651538209934146,0.019393919574062845,0.16712146202723185,4985,2822,2,66,27,27,0,0,1024.0,1024.0,1024.0,2.1270364355063065,12.613374710083008,0.00016163399838465363,27.140446646999862,1.3336772918701172,1.361328125
fold3_seed29,cova3d_c50_coh_fold3_seed29,C50_COH,3,29,2796745829,4dc8922660e2d743f56d42eff3942c53e1d1547944e066df03fc38b7ed6d6b64,f2c165cff1d1ba7bb1a00df3f3b3f9abbddeac23c148a7829eddc8fc7546151a,20,21,120,1260,0.13754169033594998,0.024919378341656976,0.11262231220801672,5108,2748,3,65,30,25,0,0,1024.0,1024.0,1024.0,2.4237349276430904,35.66273880004883,0.00014947168694575625,26.938978833999954,1.3336772918701172,1.361328125
fold3_seed29,cova3d_c50_coh_fold3_seed29,C50_COH,3,29,2796745829,4dc8922660e2d743f56d42eff3942c53e1d1547944e066df03fc38b7ed6d6b64,f2c165cff1d1ba7bb1a00df3f3b3f9abbddeac23c148a7829eddc8fc7546151a,21,22,120,1320,0.23193287098257767,0.058795635541399195,0.17313723564147948,4765,2446,1,55,38,27,0,0,1024.0,1024.0,1024.0,7.206694226906014,79.57073974609375,0.0001373229911595876,27.18284658099992,1.3336772918701172,1.361328125
fold3_seed29,cova3d_c50_coh_fold3_seed29,C50_COH,3,29,2796745829,4dc8922660e2d743f56d42eff3942c53e1d1547944e066df03fc38b7ed6d6b64,f2c165cff1d1ba7bb1a00df3f3b3f9abbddeac23c148a7829eddc8fc7546151a,22,23,120,1380,0.22043505240113545,0.05038393251807075,0.17005112022161484,4675,2573,2,54,28,38,0,0,1024.0,1024.0,1024.0,9.248863971322619,52.152835845947266,0.00012526946274844474,27.179359028999897,1.3336772918701172,1.361328125
fold3_seed29,cova3d_c50_coh_fold3_seed29,C50_COH,3,29,2796745829,4dc8922660e2d743f56d42eff3942c53e1d1547944e066df03fc38b7ed6d6b64,f2c165cff1d1ba7bb1a00df3f3b3f9abbddeac23c148a7829eddc8fc7546151a,23,24,120,1440,0.26913574105183563,0.153568547416004,0.11556719690561294,4461,2437,1,71,24,25,0,0,1024.0,1024.0,1024.0,6.156629672130415,116.27362060546875,0.00011339201459540494,27.006428258999904,1.3336772918701172,1.361328125
fold3_seed29,cova3d_c50_coh_fold3_seed29,C50_COH,3,29,2796745829,4dc8922660e2d743f56d42eff3942c53e1d1547944e066df03fc38b7ed6d6b64,f2c165cff1d1ba7bb1a00df3f3b3f9abbddeac23c148a7829eddc8fc7546151a,24,25,120,1500,0.1585390175741286,0.028879910330540663,0.12965910732746125,5375,2909,2,59,31,30,0,0,1024.0,1024.0,1024.0,3.6693779299336406,32.27891159057617,0.00010177037759260854,27.156100270000024,1.3336772918701172,1.361328125
fold3_seed29,cova3d_c50_coh_fold3_seed29,C50_COH,3,29,2796745829,4dc8922660e2d743f56d42eff3942c53e1d1547944e066df03fc38b7ed6d6b64,f2c165cff1d1ba7bb1a00df3f3b3f9abbddeac23c148a7829eddc8fc7546151a,25,26,120,1560,0.08563576340956681,0.02096913014040016,0.0646666333079338,4796,2604,5,67,29,24,0,0,1024.0,1024.0,1024.0,3.1106201886336446,33.70927810668945,9.048256542400759e-05,27.01651430600009,1.3336772918701172,1.361328125
fold3_seed29,cova3d_c50_coh_fold3_seed29,C50_COH,3,29,2796745829,4dc8922660e2d743f56d42eff3942c53e1d1547944e066df03fc38b7ed6d6b64,f2c165cff1d1ba7bb1a00df3f3b3f9abbddeac23c148a7829eddc8fc7546151a,26,27,120,1620,0.11691908697536253,0.03269539284585967,0.08422369410594305,4547,2337,2,64,28,28,0,0,1024.0,1024.0,1024.0,4.574025309757174,42.564510345458984,7.960435087538242e-05,26.882605000000012,1.3336772918701172,1.361328125
fold3_seed29,cova3d_c50_coh_fold3_seed29,C50_COH,3,29,2796745829,4dc8922660e2d743f56d42eff3942c53e1d1547944e066df03fc38b7ed6d6b64,f2c165cff1d1ba7bb1a00df3f3b3f9abbddeac23c148a7829eddc8fc7546151a,27,28,120,1680,0.12549368251952359,0.02724416147617754,0.09824952135483424,4739,2477,4,55,29,36,0,0,1024.0,1024.0,1024.0,3.585866944594697,35.775360107421875,6.920875718705205e-05,27.008208404000015,1.3336772918701172,1.361328125
fold3_seed29,cova3d_c50_coh_fold3_seed29,C50_COH,3,29,2796745829,4dc8922660e2d743f56d42eff3942c53e1d1547944e066df03fc38b7ed6d6b64,f2c165cff1d1ba7bb1a00df3f3b3f9abbddeac23c148a7829eddc8fc7546151a,28,29,120,1740,0.14211678246257975,0.018304656067226095,0.12381212512652079,4326,2247,3,55,35,30,0,0,1024.0,1024.0,1024.0,5.917002306348877,51.331825256347656,5.936556786372413e-05,26.87224537499992,1.3336772918701172,1.361328125
fold3_seed29,cova3d_c50_coh_fold3_seed29,C50_COH,3,29,2796745829,4dc8922660e2d743f56d42eff3942c53e1d1547944e066df03fc38b7ed6d6b64,f2c165cff1d1ba7bb1a00df3f3b3f9abbddeac23c148a7829eddc8fc7546151a,29,30,120,1800,0.10380989322399467,0.02676097012729554,0.0770489235719045,4950,2721,3,58,30,32,0,0,1024.0,1024.0,1024.0,4.716151087948179,52.29670333862305,5.014085823202989e-05,26.79118493100009,1.3336772918701172,1.361328125
fold3_seed29,cova3d_c50_coh_fold3_seed29,C50_COH,3,29,2796745829,4dc8922660e2d743f56d42eff3942c53e1d1547944e066df03fc38b7ed6d6b64,f2c165cff1d1ba7bb1a00df3f3b3f9abbddeac23c148a7829eddc8fc7546151a,30,31,120,1860,0.06993424738492851,0.029203703363143804,0.04073054442803065,4752,2554,2,51,25,44,0,0,1024.0,1024.0,1024.0,5.829041806571817,49.13018798828125,4.159655189030408e-05,26.874624594000124,1.3336772918701172,1.361328125
fold3_seed29,cova3d_c50_coh_fold3_seed29,C50_COH,3,29,2796745829,4dc8922660e2d743f56d42eff3942c53e1d1547944e066df03fc38b7ed6d6b64,f2c165cff1d1ba7bb1a00df3f3b3f9abbddeac23c148a7829eddc8fc7546151a,31,32,120,1920,0.07879785037575236,0.014244874630106012,0.06455297470092773,4412,2345,0,61,35,24,0,0,1024.0,1024.0,1024.0,3.5909137928683776,31.373661041259766,3.379000502807257e-05,26.811825583999962,1.3336772918701172,1.361328125
fold3_seed29,cova3d_c50_coh_fold3_seed29,C50_COH,3,29,2796745829,4dc8922660e2d743f56d42eff3942c53e1d1547944e066df03fc38b7ed6d6b64,f2c165cff1d1ba7bb1a00df3f3b3f9abbddeac23c148a7829eddc8fc7546151a,32,33,120,1980,0.07008502075829708,0.014650810787728992,0.05543421010176341,5114,2731,1,59,26,35,0,0,1024.0,1024.0,1024.0,3.6980120993746217,43.13529586791992,2.6773621405624713e-05,26.894403165000085,1.3336772918701172,1.361328125
fold3_seed29,cova3d_c50_coh_fold3_seed29,C50_COH,3,29,2796745829,4dc8922660e2d743f56d42eff3942c53e1d1547944e066df03fc38b7ed6d6b64,f2c165cff1d1ba7bb1a00df3f3b3f9abbddeac23c148a7829eddc8fc7546151a,33,34,120,2040,0.04099389722978476,0.004958770586440734,0.03603512595097224,4783,2616,4,70,24,26,0,0,1024.0,1024.0,1024.0,1.334014050410254,10.225598335266113,2.059450057823627e-05,26.76370496000004,1.3336772918701172,1.361328125
fold3_seed29,cova3d_c50_coh_fold3_seed29,C50_COH,3,29,2796745829,4dc8922660e2d743f56d42eff3942c53e1d1547944e066df03fc38b7ed6d6b64,f2c165cff1d1ba7bb1a00df3f3b3f9abbddeac23c148a7829eddc8fc7546151a,34,35,120,2100,0.05632116051665064,0.007994916673013608,0.04832624395688375,4302,2261,1,58,25,37,0,0,1024.0,1024.0,1024.0,3.258185482244395,56.432373046875,1.5294121726440254e-05,26.872252505000006,1.3336772918701172,1.361328125
fold3_seed29,cova3d_c50_coh_fold3_seed29,C50_COH,3,29,2796745829,4dc8922660e2d743f56d42eff3942c53e1d1547944e066df03fc38b7ed6d6b64,f2c165cff1d1ba7bb1a00df3f3b3f9abbddeac23c148a7829eddc8fc7546151a,35,36,120,2160,0.04634466849365285,0.01849743637213205,0.027847232421239217,4815,2574,2,61,33,26,0,0,1024.0,1024.0,1024.0,4.296568832054133,56.91337203979492,1.0908065214729997e-05,26.88215210999988,1.3336772918701172,1.361328125
fold3_seed29,cova3d_c50_coh_fold3_seed29,C50_COH,3,29,2796745829,4dc8922660e2d743f56d42eff3942c53e1d1547944e066df03fc38b7ed6d6b64,f2c165cff1d1ba7bb1a00df3f3b3f9abbddeac23c148a7829eddc8fc7546151a,36,37,120,2220,0.05531209858505244,0.016469410066361496,0.03884268999099731,4800,2634,1,61,30,29,0,0,1024.0,1024.0,1024.0,5.477591387294524,120.7833023071289,7.465773747813819e-06,26.84584564199986,1.3336772918701172,1.361328125
fold3_seed29,cova3d_c50_coh_fold3_seed29,C50_COH,3,29,2796745829,4dc8922660e2d743f56d42eff3942c53e1d1547944e066df03fc38b7ed6d6b64,f2c165cff1d1ba7bb1a00df3f3b3f9abbddeac23c148a7829eddc8fc7546151a,37,38,120,2280,0.05209837716972522,0.007265112276794666,0.044833265741666156,4738,2475,4,62,24,34,0,0,1024.0,1024.0,1024.0,2.2095221873751143,35.76293182373047,4.990354727730315e-06,26.758566380000048,1.3336772918701172,1.361328125
fold3_seed29,cova3d_c50_coh_fold3_seed29,C50_COH,3,29,2796745829,4dc8922660e2d743f56d42eff3942c53e1d1547944e066df03fc38b7ed6d6b64,f2c165cff1d1ba7bb1a00df3f3b3f9abbddeac23c148a7829eddc8fc7546151a,38,39,120,2340,0.071751063451651,0.021630776060580163,0.050120287636915846,4821,2668,0,61,37,22,0,0,1024.0,1024.0,1024.0,4.463027858612865,87.23424530029297,3.498425138561358e-06,26.79733695899995,1.3336772918701172,1.361328125
fold3_seed29,cova3d_c50_coh_fold3_seed29,C50_COH,3,29,2796745829,4dc8922660e2d743f56d42eff3942c53e1d1547944e066df03fc38b7ed6d6b64,f2c165cff1d1ba7bb1a00df3f3b3f9abbddeac23c148a7829eddc8fc7546151a,39,40,120,2400,0.04563493438407269,0.013587713422186277,0.03204722156127294,4893,2649,1,55,40,25,0,0,1024.0,1024.0,1024.0,2.4381228461376545,38.88115692138672,3e-06,26.824153098000124,1.3336772918701172,1.361328125
fold3_seed29,cova3d_c50_dis_fold3_seed29,C50_DIS,3,29,2796745829,4dc8922660e2d743f56d42eff3942c53e1d1547944e066df03fc38b7ed6d6b64,f2c165cff1d1ba7bb1a00df3f3b3f9abbddeac23c148a7829eddc8fc7546151a,0,1,120,60,2.421238889172673,1.8061712385853752,0.6150676473975182,4517,2540,1,54,30,36,2,2,1024.0,4096.0,1024.0,103.19390881856283,351.2918395996094,0.00017999999999999998,28.85385876400005,1.3335857391357422,1.3671875
fold3_seed29,cova3d_c50_dis_fold3_seed29,C50_DIS,3,29,2796745829,4dc8922660e2d743f56d42eff3942c53e1d1547944e066df03fc38b7ed6d6b64,f2c165cff1d1ba7bb1a00df3f3b3f9abbddeac23c148a7829eddc8fc7546151a,1,2,120,120,1.1920802270993591,0.7842721028253437,0.40780812352895734,4473,2382,1,67,28,25,0,0,1024.0,1024.0,1024.0,36.1351100285848,201.63502502441406,0.0002999445918673937,27.960327258999996,1.3335857391357422,1.3671875
fold3_seed29,cova3d_c50_dis_fold3_seed29,C50_DIS,3,29,2796745829,4dc8922660e2d743f56d42eff3942c53e1d1547944e066df03fc38b7ed6d6b64,f2c165cff1d1ba7bb1a00df3f3b3f9abbddeac23c148a7829eddc8fc7546151a,2,3,120,180,0.8559732090681791,0.5144156248541549,0.34155758321285246,4886,2800,2,61,30,29,0,0,1024.0,1024.0,1024.0,11.49975769519806,27.437816619873047,0.0002991142965839822,27.821439904000044,1.3335857391357422,1.3671875
fold3_seed29,cova3d_c50_dis_fold3_seed29,C50_DIS,3,29,2796745829,4dc8922660e2d743f56d42eff3942c53e1d1547944e066df03fc38b7ed6d6b64,f2c165cff1d1ba7bb1a00df3f3b3f9abbddeac23c148a7829eddc8fc7546151a,3,4,120,240,0.7672521489051481,0.4461204526790728,0.32113169531027475,4504,2352,1,59,36,25,0,0,1024.0,1024.0,1024.0,9.755244195461273,26.322057723999023,0.0002972930965702204,27.90154159000008,1.3335857391357422,1.3671875
fold3_seed29,cova3d_c50_dis_fold3_seed29,C50_DIS,3,29,2796745829,4dc8922660e2d743f56d42eff3942c53e1d1547944e066df03fc38b7ed6d6b64,f2c165cff1d1ba7bb1a00df3f3b3f9abbddeac23c148a7829eddc8fc7546151a,4,5,120,300,0.7401955266327908,0.4318223294763205,0.30837319741646446,4628,2517,1,69,25,26,0,0,1024.0,1024.0,1024.0,9.600439747174581,47.41633605957031,0.0002944932171711482,27.908084578999933,1.3335857391357422,1.3671875
fold3_seed29,cova3d_c50_dis_fold3_seed29,C50_DIS,3,29,2796745829,4dc8922660e2d743f56d42eff3942c53e1d1547944e066df03fc38b7ed6d6b64,f2c165cff1d1ba7bb1a00df3f3b3f9abbddeac23c148a7829eddc8fc7546151a,5,6,120,360,0.574862578351167,0.3382416251222215,0.23662095367908478,4872,2708,2,59,21,40,0,0,1024.0,1024.0,1024.0,7.742974378665289,19.505939483642578,0.000290733453407337,27.48221936500022,1.3335857391357422,1.3671875
fold3_seed29,cova3d_c50_dis_fold3_seed29,C50_DIS,3,29,2796745829,4dc8922660e2d743f56d42eff3942c53e1d1547944e066df03fc38b7ed6d6b64,f2c165cff1d1ba7bb1a00df3f3b3f9abbddeac23c148a7829eddc8fc7546151a,6,7,120,420,0.5861889250789925,0.3442563901791194,0.2419325331846873,4791,2685,2,58,27,35,0,0,1024.0,1024.0,1024.0,9.443710134426754,30.08599090576172,0.0002860390438077423,27.74553835499978,1.3335857391357422,1.3671875
fold3_seed29,cova3d_c50_dis_fold3_seed29,C50_DIS,3,29,2796745829,4dc8922660e2d743f56d42eff3942c53e1d1547944e066df03fc38b7ed6d6b64,f2c165cff1d1ba7bb1a00df3f3b3f9abbddeac23c148a7829eddc8fc7546151a,7,8,120,480,0.5178470175150627,0.2666351888697439,0.25121182898680366,4690,2665,1,65,28,27,0,0,1024.0,1024.0,1024.0,7.519455040494601,29.152124404907227,0.00028044150098859483,27.83522227499998,1.3335857391357422,1.3671875
fold3_seed29,cova3d_c50_dis_fold3_seed29,C50_DIS,3,29,2796745829,4dc8922660e2d743f56d42eff3942c53e1d1547944e066df03fc38b7ed6d6b64,f2c165cff1d1ba7bb1a00df3f3b3f9abbddeac23c148a7829eddc8fc7546151a,8,9,120,540,0.5283584439835977,0.2757197505813868,0.2526386946439743,4584,2569,2,64,29,27,0,0,1024.0,1024.0,1024.0,8.80583121975263,29.2474365234375,0.0002739784001156218,27.781444859999965,1.3335857391357422,1.3671875
fold3_seed29,cova3d_c50_dis_fold3_seed29,C50_DIS,3,29,2796745829,4dc8922660e2d743f56d42eff3942c53e1d1547944e066df03fc38b7ed6d6b64,f2c165cff1d1ba7bb1a00df3f3b3f9abbddeac23c148a7829eddc8fc7546151a,9,10,120,600,0.4334757204948498,0.22333597003744216,0.21013975044091543,5125,2899,1,70,26,24,0,0,1024.0,1024.0,1024.0,6.833611969153086,21.532833099365234,0.0002666931266696063,27.48004641900002,1.3335857391357422,1.3671875
fold3_seed29,cova3d_c50_dis_fold3_seed29,C50_DIS,3,29,2796745829,4dc8922660e2d743f56d42eff3942c53e1d1547944e066df03fc38b7ed6d6b64,f2c165cff1d1ba7bb1a00df3f3b3f9abbddeac23c148a7829eddc8fc7546151a,10,11,120,660,0.40564662507482957,0.20288411062889888,0.20276251286268235,4690,2512,1,59,28,33,0,0,1024.0,1024.0,1024.0,7.231838922202587,25.701393127441406,0.0002586345852084849,27.49955257800002,1.3335857391357422,1.3671875
fold3_seed29,cova3d_c50_dis_fold3_seed29,C50_DIS,3,29,2796745829,4dc8922660e2d743f56d42eff3942c53e1d1547944e066df03fc38b7ed6d6b64,f2c165cff1d1ba7bb1a00df3f3b3f9abbddeac23c148a7829eddc8fc7546151a,11,12,120,720,0.39765210447464294,0.18093108528701124,0.21672101666529972,4976,2672,3,60,31,29,0,0,1024.0,1024.0,1024.0,8.043852787092328,34.72930908203125,0.0002498568710810032,27.634721636999984,1.3335857391357422,1.3671875
fold3_seed29,cova3d_c50_dis_fold3_seed29,C50_DIS,3,29,2796745829,4dc8922660e2d743f56d42eff3942c53e1d1547944e066df03fc38b7ed6d6b64,f2c165cff1d1ba7bb1a00df3f3b3f9abbddeac23c148a7829eddc8fc7546151a,12,13,120,780,0.40661205292029384,0.19624818832623228,0.21036386291186016,4598,2380,1,53,35,32,0,0,1024.0,1024.0,1024.0,8.868046289682388,38.89401626586914,0.0002404189072956492,27.651107304000107,1.3335857391357422,1.3671875
fold3_seed29,cova3d_c50_dis_fold3_seed29,C50_DIS,3,29,2796745829,4dc8922660e2d743f56d42eff3942c53e1d1547944e066df03fc38b7ed6d6b64,f2c165cff1d1ba7bb1a00df3f3b3f9abbddeac23c148a7829eddc8fc7546151a,13,14,120,840,0.38193149735225235,0.1765812338288318,0.20535026341676713,4669,2450,2,53,26,41,0,0,1024.0,1024.0,1024.0,7.317160814503828,56.48789978027344,0.00023038404898248976,27.53197011600014,1.3335857391357422,1.3671875
fold3_seed29,cova3d_c50_dis_fold3_seed29,C50_DIS,3,29,2796745829,4dc8922660e2d743f56d42eff3942c53e1d1547944e066df03fc38b7ed6d6b64,f2c165cff1d1ba7bb1a00df3f3b3f9abbddeac23c148a7829eddc8fc7546151a,14,15,120,900,0.3452583566560861,0.16394981653678162,0.18130854268868765,4536,2356,1,57,39,24,0,0,1024.0,1024.0,1024.0,8.317495684946577,41.67937469482422,0.00021981965810307605,27.516329305,1.3335857391357422,1.3671875
fold3_seed29,cova3d_c50_dis_fold3_seed29,C50_DIS,3,29,2796745829,4dc8922660e2d743f56d42eff3942c53e1d1547944e066df03fc38b7ed6d6b64,f2c165cff1d1ba7bb1a00df3f3b3f9abbddeac23c148a7829eddc8fc7546151a,15,16,120,960,0.2869602679524784,0.1265216134035048,0.1604386533300082,4758,2424,0,53,33,34,0,0,1024.0,1024.0,1024.0,6.584489492575328,19.81730079650879,0.00020879665126330557,27.523772756999733,1.3335857391357422,1.3671875
fold3_seed29,cova3d_c50_dis_fold3_seed29,C50_DIS,3,29,2796745829,4dc8922660e2d743f56d42eff3942c53e1d1547944e066df03fc38b7ed6d6b64,f2c165cff1d1ba7bb1a00df3f3b3f9abbddeac23c148a7829eddc8fc7546151a,16,17,120,1020,0.3014321786443664,0.10876425654326644,0.19266792386770248,4773,2579,1,65,28,27,0,0,1024.0,1024.0,1024.0,6.780996255328258,77.48966979980469,0.00019738902366467966,27.539578617999723,1.3335857391357422,1.3671875
fold3_seed29,cova3d_c50_dis_fold3_seed29,C50_DIS,3,29,2796745829,4dc8922660e2d743f56d42eff3942c53e1d1547944e066df03fc38b7ed6d6b64,f2c165cff1d1ba7bb1a00df3f3b3f9abbddeac23c148a7829eddc8fc7546151a,17,18,120,1080,0.22781081290516644,0.09779325933358601,0.13001755227645237,4705,2530,0,57,34,29,0,0,1024.0,1024.0,1024.0,5.874734882141153,32.26747131347656,0.00018567335238957547,27.41803240199988,1.3335857391357422,1.3671875
fold3_seed29,cova3d_c50_dis_fold3_seed29,C50_DIS,3,29,2796745829,4dc8922660e2d743f56d42eff3942c53e1d1547944e066df03fc38b7ed6d6b64,f2c165cff1d1ba7bb1a00df3f3b3f9abbddeac23c148a7829eddc8fc7546151a,18,19,120,1140,0.26823596889344115,0.09273185783400967,0.17550411025683085,4758,2588,2,58,25,37,0,0,1024.0,1024.0,1024.0,5.578320441162214,33.44490432739258,0.0001737282823548769,27.554838978000134,1.3335857391357422,1.3671875
fold3_seed29,cova3d_c50_dis_fold3_seed29,C50_DIS,3,29,2796745829,4dc8922660e2d743f56d42eff3942c53e1d1547944e066df03fc38b7ed6d6b64,f2c165cff1d1ba7bb1a00df3f3b3f9abbddeac23c148a7829eddc8fc7546151a,19,20,120,1200,0.23984311594267638,0.07105343166367675,0.16878968328237534,4734,2631,2,66,27,27,0,0,1024.0,1024.0,1024.0,4.704015404668947,34.75959014892578,0.00016163399838465363,27.315258084000106,1.3335857391357422,1.3671875
fold3_seed29,cova3d_c50_dis_fold3_seed29,C50_DIS,3,29,2796745829,4dc8922660e2d743f56d42eff3942c53e1d1547944e066df03fc38b7ed6d6b64,f2c165cff1d1ba7bb1a00df3f3b3f9abbddeac23c148a7829eddc8fc7546151a,20,21,120,1260,0.20437237090056898,0.07237241796790386,0.13199995309114457,5152,2751,2,65,30,25,0,0,1024.0,1024.0,1024.0,3.9215101207296055,15.065926551818848,0.00014947168694575625,27.199803581000197,1.3335857391357422,1.3671875
fold3_seed29,cova3d_c50_dis_fold3_seed29,C50_DIS,3,29,2796745829,4dc8922660e2d743f56d42eff3942c53e1d1547944e066df03fc38b7ed6d6b64,f2c165cff1d1ba7bb1a00df3f3b3f9abbddeac23c148a7829eddc8fc7546151a,21,22,120,1320,0.2804757831330903,0.0794962587078885,0.2009795253475507,4757,2461,1,55,38,27,0,0,1024.0,1024.0,1024.0,3.8586233869815865,21.85653305053711,0.0001373229911595876,27.500023615999908,1.3335857391357422,1.3671875
fold3_seed29,cova3d_c50_dis_fold3_seed29,C50_DIS,3,29,2796745829,4dc8922660e2d743f56d42eff3942c53e1d1547944e066df03fc38b7ed6d6b64,f2c165cff1d1ba7bb1a00df3f3b3f9abbddeac23c148a7829eddc8fc7546151a,22,23,120,1380,0.26657975236444903,0.08033043257393994,0.1862493172287941,4635,2524,1,54,28,38,0,0,1024.0,1024.0,1024.0,4.819968712516129,30.764259338378906,0.00012526946274844474,27.271821044000262,1.3335857391357422,1.3671875
fold3_seed29,cova3d_c50_dis_fold3_seed29,C50_DIS,3,29,2796745829,4dc8922660e2d743f56d42eff3942c53e1d1547944e066df03fc38b7ed6d6b64,f2c165cff1d1ba7bb1a00df3f3b3f9abbddeac23c148a7829eddc8fc7546151a,23,24,120,1440,0.21828588446692265,0.09940491691215243,0.1188809668024381,4414,2420,1,71,24,25,0,0,1024.0,1024.0,1024.0,4.379233873387178,40.53810501098633,0.00011339201459540494,27.361795436000193,1.3335857391357422,1.3671875
fold3_seed29,cova3d_c50_dis_fold3_seed29,C50_DIS,3,29,2796745829,4dc8922660e2d743f56d42eff3942c53e1d1547944e066df03fc38b7ed6d6b64,f2c165cff1d1ba7bb1a00df3f3b3f9abbddeac23c148a7829eddc8fc7546151a,24,25,120,1500,0.19059463047039268,0.043167893145103636,0.1474267363548279,5353,2928,2,59,31,30,0,0,1024.0,1024.0,1024.0,3.1192608978424685,26.53774070739746,0.00010177037759260854,27.33244091200004,1.3335857391357422,1.3671875
fold3_seed29,cova3d_c50_dis_fold3_seed29,C50_DIS,3,29,2796745829,4dc8922660e2d743f56d42eff3942c53e1d1547944e066df03fc38b7ed6d6b64,f2c165cff1d1ba7bb1a00df3f3b3f9abbddeac23c148a7829eddc8fc7546151a,25,26,120,1560,0.13782880137249548,0.040206526486766356,0.09762227386236191,4783,2619,3,67,29,24,0,0,1024.0,1024.0,1024.0,3.0091968696719658,27.680009841918945,9.048256542400759e-05,27.151662192999993,1.3335857391357422,1.3671875
fold3_seed29,cova3d_c50_dis_fold3_seed29,C50_DIS,3,29,2796745829,4dc8922660e2d743f56d42eff3942c53e1d1547944e066df03fc38b7ed6d6b64,f2c165cff1d1ba7bb1a00df3f3b3f9abbddeac23c148a7829eddc8fc7546151a,26,27,120,1620,0.17405153785797817,0.03860091622739977,0.13545062144597372,4683,2491,1,64,28,28,0,0,1024.0,1024.0,1024.0,3.8848811683710665,23.626821517944336,7.960435087538242e-05,27.21410035000008,1.3335857391357422,1.3671875
fold3_seed29,cova3d_c50_dis_fold3_seed29,C50_DIS,3,29,2796745829,4dc8922660e2d743f56d42eff3942c53e1d1547944e066df03fc38b7ed6d6b64,f2c165cff1d1ba7bb1a00df3f3b3f9abbddeac23c148a7829eddc8fc7546151a,27,28,120,1680,0.19053337587056945,0.03193865735757413,0.15859471609195072,4575,2340,1,55,29,36,0,0,1024.0,1024.0,1024.0,3.2799647657666355,22.390661239624023,6.920875718705205e-05,27.20023475400012,1.3335857391357422,1.3671875
fold3_seed29,cova3d_c50_dis_fold3_seed29,C50_DIS,3,29,2796745829,4dc8922660e2d743f56d42eff3942c53e1d1547944e066df03fc38b7ed6d6b64,f2c165cff1d1ba7bb1a00df3f3b3f9abbddeac23c148a7829eddc8fc7546151a,28,29,120,1740,0.2319867793367834,0.048437247476884694,0.18354953030745189,4294,2245,2,55,35,30,0,0,1024.0,1024.0,1024.0,4.576450606435538,26.606613159179688,5.936556786372413e-05,27.361169539000002,1.3335857391357422,1.3671875
fold3_seed29,cova3d_c50_dis_fold3_seed29,C50_DIS,3,29,2796745829,4dc8922660e2d743f56d42eff3942c53e1d1547944e066df03fc38b7ed6d6b64,f2c165cff1d1ba7bb1a00df3f3b3f9abbddeac23c148a7829eddc8fc7546151a,29,30,120,1800,0.21537057449063896,0.059184077644644145,0.15618649870157242,4982,2730,0,58,30,32,0,0,1024.0,1024.0,1024.0,4.714236109859,33.738834381103516,5.014085823202989e-05,27.311210967999614,1.3335857391357422,1.3671875
fold3_seed29,cova3d_c50_dis_fold3_seed29,C50_DIS,3,29,2796745829,4dc8922660e2d743f56d42eff3942c53e1d1547944e066df03fc38b7ed6d6b64,f2c165cff1d1ba7bb1a00df3f3b3f9abbddeac23c148a7829eddc8fc7546151a,30,31,120,1860,0.19444883473386387,0.03942043277382368,0.15502840181191763,4671,2473,1,51,25,44,0,0,1024.0,1024.0,1024.0,3.946435719852646,25.87824249267578,4.159655189030408e-05,27.34677681200037,1.3335857391357422,1.3671875
fold3_seed29,cova3d_c50_dis_fold3_seed29,C50_DIS,3,29,2796745829,4dc8922660e2d743f56d42eff3942c53e1d1547944e066df03fc38b7ed6d6b64,f2c165cff1d1ba7bb1a00df3f3b3f9abbddeac23c148a7829eddc8fc7546151a,31,32,120,1920,0.19782047092383584,0.02605555362989979,0.17176491816838582,4494,2404,0,61,35,24,0,0,1024.0,1024.0,1024.0,2.05882424749434,8.485344886779785,3.379000502807257e-05,27.32094813899994,1.3335857391357422,1.3671875
fold3_seed29,cova3d_c50_dis_fold3_seed29,C50_DIS,3,29,2796745829,4dc8922660e2d743f56d42eff3942c53e1d1547944e066df03fc38b7ed6d6b64,f2c165cff1d1ba7bb1a00df3f3b3f9abbddeac23c148a7829eddc8fc7546151a,32,33,120,1980,0.1270524875796078,0.022384056514513695,0.10466843098402023,5045,2675,1,59,26,35,0,0,1024.0,1024.0,1024.0,1.9353640705967943,14.615827560424805,2.6773621405624713e-05,27.174510071999975,1.3335857391357422,1.3671875
fold3_seed29,cova3d_c50_dis_fold3_seed29,C50_DIS,3,29,2796745829,4dc8922660e2d743f56d42eff3942c53e1d1547944e066df03fc38b7ed6d6b64,f2c165cff1d1ba7bb1a00df3f3b3f9abbddeac23c148a7829eddc8fc7546151a,33,34,120,2040,0.11198684984102508,0.02390943088111032,0.08807741949955622,5025,2879,4,70,24,26,0,0,1024.0,1024.0,1024.0,1.9826507399479547,7.641353607177734,2.059450057823627e-05,27.143782866000038,1.3335857391357422,1.3671875
fold3_seed29,cova3d_c50_dis_fold3_seed29,C50_DIS,3,29,2796745829,4dc8922660e2d743f56d42eff3942c53e1d1547944e066df03fc38b7ed6d6b64,f2c165cff1d1ba7bb1a00df3f3b3f9abbddeac23c148a7829eddc8fc7546151a,34,35,120,2100,0.18451045446636793,0.029057878612674653,0.1554525762796402,4347,2306,0,58,25,37,0,0,1024.0,1024.0,1024.0,2.564530398758749,20.91626739501953,1.5294121726440254e-05,27.272294745999716,1.3335857391357422,1.3671875
fold3_seed29,cova3d_c50_dis_fold3_seed29,C50_DIS,3,29,2796745829,4dc8922660e2d743f56d42eff3942c53e1d1547944e066df03fc38b7ed6d6b64,f2c165cff1d1ba7bb1a00df3f3b3f9abbddeac23c148a7829eddc8fc7546151a,35,36,120,2160,0.156154574997917,0.026197158416770585,0.1299574166536331,4846,2631,2,61,33,26,0,0,1024.0,1024.0,1024.0,2.2833210847961407,25.080204010009766,1.0908065214729997e-05,27.193197055999917,1.3335857391357422,1.3671875
fold3_seed29,cova3d_c50_dis_fold3_seed29,C50_DIS,3,29,2796745829,4dc8922660e2d743f56d42eff3942c53e1d1547944e066df03fc38b7ed6d6b64,f2c165cff1d1ba7bb1a00df3f3b3f9abbddeac23c148a7829eddc8fc7546151a,36,37,120,2220,0.14167539636541543,0.021262146484836344,0.12041325022776922,4788,2626,1,61,30,29,0,0,1024.0,1024.0,1024.0,1.8271849105503255,8.021201133728027,7.465773747813819e-06,27.035581804999765,1.3335857391357422,1.3671875
fold3_seed29,cova3d_c50_dis_fold3_seed29,C50_DIS,3,29,2796745829,4dc8922660e2d743f56d42eff3942c53e1d1547944e066df03fc38b7ed6d6b64,f2c165cff1d1ba7bb1a00df3f3b3f9abbddeac23c148a7829eddc8fc7546151a,37,38,120,2280,0.15253642695880548,0.03115032964034364,0.12138609935839971,4745,2513,3,62,24,34,0,0,1024.0,1024.0,1024.0,2.887769793532789,22.0557804107666,4.990354727730315e-06,27.122763235999628,1.3335857391357422,1.3671875
fold3_seed29,cova3d_c50_dis_fold3_seed29,C50_DIS,3,29,2796745829,4dc8922660e2d743f56d42eff3942c53e1d1547944e066df03fc38b7ed6d6b64,f2c165cff1d1ba7bb1a00df3f3b3f9abbddeac23c148a7829eddc8fc7546151a,38,39,120,2340,0.19777676870180252,0.031090802373195458,0.16668596665064495,4823,2675,0,61,37,22,0,0,1024.0,1024.0,1024.0,3.0597477841035774,36.457618713378906,3.498425138561358e-06,27.385199853999893,1.3335857391357422,1.3671875
fold3_seed29,cova3d_c50_dis_fold3_seed29,C50_DIS,3,29,2796745829,4dc8922660e2d743f56d42eff3942c53e1d1547944e066df03fc38b7ed6d6b64,f2c165cff1d1ba7bb1a00df3f3b3f9abbddeac23c148a7829eddc8fc7546151a,39,40,120,2400,0.16181181704654743,0.025724559463421316,0.13608725915352504,4853,2621,1,55,40,25,0,0,1024.0,1024.0,1024.0,2.8066278922759618,20.900545120239258,3e-06,27.10896750699976,1.3335857391357422,1.3671875
fold3_seed29,cova3d_c50_frg_fold3_seed29,C50_FRG,3,29,2796745829,4dc8922660e2d743f56d42eff3942c53e1d1547944e066df03fc38b7ed6d6b64,f2c165cff1d1ba7bb1a00df3f3b3f9abbddeac23c148a7829eddc8fc7546151a,0,1,120,60,2.520164569405218,1.9081586562795565,0.6120059167345365,4583,2586,1,54,30,36,2,2,1024.0,4096.0,1024.0,107.53621969223022,335.2478942871094,0.00017999999999999998,28.8070361580003,1.3343563079833984,1.359375
fold3_seed29,cova3d_c50_frg_fold3_seed29,C50_FRG,3,29,2796745829,4dc8922660e2d743f56d42eff3942c53e1d1547944e066df03fc38b7ed6d6b64,f2c165cff1d1ba7bb1a00df3f3b3f9abbddeac23c148a7829eddc8fc7546151a,1,2,120,120,1.1807020063822469,0.7855681192362681,0.3951338862379392,4379,2311,1,67,28,25,0,0,1024.0,1024.0,1024.0,37.975801813602445,190.9729766845703,0.0002999445918673937,27.93473551299985,1.3343563079833984,1.359375
fold3_seed29,cova3d_c50_frg_fold3_seed29,C50_FRG,3,29,2796745829,4dc8922660e2d743f56d42eff3942c53e1d1547944e066df03fc38b7ed6d6b64,f2c165cff1d1ba7bb1a00df3f3b3f9abbddeac23c148a7829eddc8fc7546151a,2,3,120,180,0.8527937318955082,0.5138425939386555,0.3389511416355769,4913,2800,2,61,30,29,0,0,1024.0,1024.0,1024.0,13.172696280479432,55.597923278808594,0.0002991142965839822,27.643738171000223,1.3343563079833984,1.359375
fold3_seed29,cova3d_c50_frg_fold3_seed29,C50_FRG,3,29,2796745829,4dc8922660e2d743f56d42eff3942c53e1d1547944e066df03fc38b7ed6d6b64,f2c165cff1d1ba7bb1a00df3f3b3f9abbddeac23c148a7829eddc8fc7546151a,3,4,120,240,0.7588756670438064,0.45516829514332735,0.30370737314224244,4407,2272,1,59,36,25,0,0,1024.0,1024.0,1024.0,12.897661411762238,48.58586502075195,0.0002972930965702204,27.760296638,1.3343563079833984,1.359375
fold3_seed29,cova3d_c50_frg_fold3_seed29,C50_FRG,3,29,2796745829,4dc8922660e2d743f56d42eff3942c53e1d1547944e066df03fc38b7ed6d6b64,f2c165cff1d1ba7bb1a00df3f3b3f9abbddeac23c148a7829eddc8fc7546151a,4,5,120,300,0.6643288778839633,0.3709667568327859,0.2933621237675349,4595,2486,4,69,25,26,0,0,1024.0,1024.0,1024.0,8.667285332083702,26.438907623291016,0.0002944932171711482,27.836624697999923,1.3343563079833984,1.359375
fold3_seed29,cova3d_c50_frg_fold3_seed29,C50_FRG,3,29,2796745829,4dc8922660e2d743f56d42eff3942c53e1d1547944e066df03fc38b7ed6d6b64,f2c165cff1d1ba7bb1a00df3f3b3f9abbddeac23c148a7829eddc8fc7546151a,5,6,120,360,0.5487486652525452,0.3130322079950323,0.23571645766496657,4793,2675,2,59,21,40,0,0,1024.0,1024.0,1024.0,8.8756987820069,34.866153717041016,0.000290733453407337,27.87619371899973,1.3343563079833984,1.359375
fold3_seed29,cova3d_c50_frg_fold3_seed29,C50_FRG,3,29,2796745829,4dc8922660e2d743f56d42eff3942c53e1d1547944e066df03fc38b7ed6d6b64,f2c165cff1d1ba7bb1a00df3f3b3f9abbddeac23c148a7829eddc8fc7546151a,6,7,120,420,0.5693871048589547,0.32363558716751867,0.24575151453415553,4751,2648,2,58,27,35,0,0,1024.0,1024.0,1024.0,9.836857384443283,47.66026306152344,0.0002860390438077423,27.625201156000003,1.3343563079833984,1.359375
fold3_seed29,cova3d_c50_frg_fold3_seed29,C50_FRG,3,29,2796745829,4dc8922660e2d743f56d42eff3942c53e1d1547944e066df03fc38b7ed6d6b64,f2c165cff1d1ba7bb1a00df3f3b3f9abbddeac23c148a7829eddc8fc7546151a,7,8,120,480,0.49798804996147134,0.2552353115922112,0.24275273929039637,4704,2669,1,65,28,27,0,0,1024.0,1024.0,1024.0,8.431362320979437,40.052520751953125,0.00028044150098859483,27.655059587000324,1.3343563079833984,1.359375
fold3_seed29,cova3d_c50_frg_fold3_seed29,C50_FRG,3,29,2796745829,4dc8922660e2d743f56d42eff3942c53e1d1547944e066df03fc38b7ed6d6b64,f2c165cff1d1ba7bb1a00df3f3b3f9abbddeac23c148a7829eddc8fc7546151a,8,9,120,540,0.4241030145572343,0.19613936295403012,0.2279636522134145,4635,2582,2,64,29,27,0,0,1024.0,1024.0,1024.0,6.445588972171148,17.1649112701416,0.0002739784001156218,27.62924038500023,1.3343563079833984,1.359375
fold3_seed29,cova3d_c50_frg_fold3_seed29,C50_FRG,3,29,2796745829,4dc8922660e2d743f56d42eff3942c53e1d1547944e066df03fc38b7ed6d6b64,f2c165cff1d1ba7bb1a00df3f3b3f9abbddeac23c148a7829eddc8fc7546151a,9,10,120,600,0.3792021255629758,0.18756058283227806,0.1916415418187777,5052,2851,1,70,26,24,0,0,1024.0,1024.0,1024.0,6.135925812025865,20.373762130737305,0.0002666931266696063,27.532328716999928,1.3343563079833984,1.359375
fold3_seed29,cova3d_c50_frg_fold3_seed29,C50_FRG,3,29,2796745829,4dc8922660e2d743f56d42eff3942c53e1d1547944e066df03fc38b7ed6d6b64,f2c165cff1d1ba7bb1a00df3f3b3f9abbddeac23c148a7829eddc8fc7546151a,10,11,120,660,0.36261245897621847,0.16263435336586554,0.1999781052271525,4621,2459,2,59,28,33,0,0,1024.0,1024.0,1024.0,5.449733404256404,24.776227951049805,0.0002586345852084849,27.517425257000014,1.3343563079833984,1.359375
fold3_seed29,cova3d_c50_frg_fold3_seed29,C50_FRG,3,29,2796745829,4dc8922660e2d743f56d42eff3942c53e1d1547944e066df03fc38b7ed6d6b64,f2c165cff1d1ba7bb1a00df3f3b3f9abbddeac23c148a7829eddc8fc7546151a,11,12,120,720,0.387904242843797,0.17866826226454577,0.2092359816034635,5067,2660,3,60,31,29,0,0,1024.0,1024.0,1024.0,6.863112789889176,54.556373596191406,0.0002498568710810032,27.581273896999846,1.3343563079833984,1.359375
fold3_seed29,cova3d_c50_frg_fold3_seed29,C50_FRG,3,29,2796745829,4dc8922660e2d743f56d42eff3942c53e1d1547944e066df03fc38b7ed6d6b64,f2c165cff1d1ba7bb1a00df3f3b3f9abbddeac23c148a7829eddc8fc7546151a,12,13,120,780,0.36836318500184767,0.16706412100805512,0.20129906435807546,4564,2379,1,53,35,32,0,0,1024.0,1024.0,1024.0,7.130112517873446,65.99142456054688,0.0002404189072956492,27.521199891999913,1.3343563079833984,1.359375
fold3_seed29,cova3d_c50_frg_fold3_seed29,C50_FRG,3,29,2796745829,4dc8922660e2d743f56d42eff3942c53e1d1547944e066df03fc38b7ed6d6b64,f2c165cff1d1ba7bb1a00df3f3b3f9abbddeac23c148a7829eddc8fc7546151a,13,14,120,840,0.34380339186379083,0.14298767418476926,0.2008157173792521,4764,2547,2,53,26,41,0,0,1024.0,1024.0,1024.0,5.3283347149689995,20.577608108520508,0.00023038404898248976,27.422402068999872,1.3343563079833984,1.359375
fold3_seed29,cova3d_c50_frg_fold3_seed29,C50_FRG,3,29,2796745829,4dc8922660e2d743f56d42eff3942c53e1d1547944e066df03fc38b7ed6d6b64,f2c165cff1d1ba7bb1a00df3f3b3f9abbddeac23c148a7829eddc8fc7546151a,14,15,120,900,0.3390682965449135,0.16077917696881439,0.17828911890586216,4644,2430,2,57,39,24,0,0,1024.0,1024.0,1024.0,7.263362871358792,65.92182922363281,0.00021981965810307605,27.512237514999924,1.3343563079833984,1.359375
fold3_seed29,cova3d_c50_frg_fold3_seed29,C50_FRG,3,29,2796745829,4dc8922660e2d743f56d42eff3942c53e1d1547944e066df03fc38b7ed6d6b64,f2c165cff1d1ba7bb1a00df3f3b3f9abbddeac23c148a7829eddc8fc7546151a,15,16,120,960,0.24806960492181437,0.09921168206856237,0.14885792285203933,4700,2396,1,53,33,34,0,0,1024.0,1024.0,1024.0,4.5134973051647345,13.133740425109863,0.00020879665126330557,27.64734181699987,1.3343563079833984,1.359375
fold3_seed29,cova3d_c50_frg_fold3_seed29,C50_FRG,3,29,2796745829,4dc8922660e2d743f56d42eff3942c53e1d1547944e066df03fc38b7ed6d6b64,f2c165cff1d1ba7bb1a00df3f3b3f9abbddeac23c148a7829eddc8fc7546151a,16,17,120,1020,0.2759164455041173,0.07421952655095083,0.20169691741466522,4793,2612,1,65,28,27,0,0,1024.0,1024.0,1024.0,3.757996766641736,15.470282554626465,0.00019738902366467966,27.386517120999997,1.3343563079833984,1.359375
fold3_seed29,cova3d_c50_frg_fold3_seed29,C50_FRG,3,29,2796745829,4dc8922660e2d743f56d42eff3942c53e1d1547944e066df03fc38b7ed6d6b64,f2c165cff1d1ba7bb1a00df3f3b3f9abbddeac23c148a7829eddc8fc7546151a,17,18,120,1080,0.19877713994455917,0.05918679638759083,0.1395903448263804,4705,2522,1,57,34,29,0,0,1024.0,1024.0,1024.0,3.1890848531077305,12.223753929138184,0.00018567335238957547,27.300929515000007,1.3343563079833984,1.359375
fold3_seed29,cova3d_c50_frg_fold3_seed29,C50_FRG,3,29,2796745829,4dc8922660e2d743f56d42eff3942c53e1d1547944e066df03fc38b7ed6d6b64,f2c165cff1d1ba7bb1a00df3f3b3f9abbddeac23c148a7829eddc8fc7546151a,18,19,120,1140,0.22930306647534357,0.06273610738273115,0.16656695902347565,4733,2543,2,58,25,37,0,0,1024.0,1024.0,1024.0,3.775031220043699,18.380313873291016,0.0001737282823548769,27.35168278600031,1.3343563079833984,1.359375
fold3_seed29,cova3d_c50_frg_fold3_seed29,C50_FRG,3,29,2796745829,4dc8922660e2d743f56d42eff3942c53e1d1547944e066df03fc38b7ed6d6b64,f2c165cff1d1ba7bb1a00df3f3b3f9abbddeac23c148a7829eddc8fc7546151a,19,20,120,1200,0.2578183839741996,0.07032209418865326,0.1874962866306305,4680,2585,2,66,27,27,0,0,1024.0,1024.0,1024.0,4.756668476698299,22.20586585998535,0.00016163399838465363,27.327144809999936,1.3343563079833984,1.359375
fold3_seed29,cova3d_c50_frg_fold3_seed29,C50_FRG,3,29,2796745829,4dc8922660e2d743f56d42eff3942c53e1d1547944e066df03fc38b7ed6d6b64,f2c165cff1d1ba7bb1a00df3f3b3f9abbddeac23c148a7829eddc8fc7546151a,20,21,120,1260,0.18663641582886611,0.05456519967381913,0.13207121441761652,5169,2769,2,65,30,25,0,0,1024.0,1024.0,1024.0,3.362935360769431,26.08130645751953,0.00014947168694575625,27.42669660699994,1.3343563079833984,1.359375
fold3_seed29,cova3d_c50_frg_fold3_seed29,C50_FRG,3,29,2796745829,4dc8922660e2d743f56d42eff3942c53e1d1547944e066df03fc38b7ed6d6b64,f2c165cff1d1ba7bb1a00df3f3b3f9abbddeac23c148a7829eddc8fc7546151a,21,22,120,1320,0.2629424364821868,0.055061908534434184,0.207880529264609,4701,2387,1,55,38,27,0,0,1024.0,1024.0,1024.0,3.4852519700924556,21.51707649230957,0.0001373229911595876,27.40398049500027,1.3343563079833984,1.359375
fold3_seed29,cova3d_c50_frg_fold3_seed29,C50_FRG,3,29,2796745829,4dc8922660e2d743f56d42eff3942c53e1d1547944e066df03fc38b7ed6d6b64,f2c165cff1d1ba7bb1a00df3f3b3f9abbddeac23c148a7829eddc8fc7546151a,22,23,120,1380,0.28007188942612515,0.06913395994135385,0.21093792965014777,4678,2578,2,54,28,38,0,0,1024.0,1024.0,1024.0,5.152554801354806,50.78690719604492,0.00012526946274844474,27.383776633000252,1.3343563079833984,1.359375
fold3_seed29,cova3d_c50_frg_fold3_seed29,C50_FRG,3,29,2796745829,4dc8922660e2d743f56d42eff3942c53e1d1547944e066df03fc38b7ed6d6b64,f2c165cff1d1ba7bb1a00df3f3b3f9abbddeac23c148a7829eddc8fc7546151a,23,24,120,1440,0.18115178089781997,0.06163835707097671,0.11951342324415842,4440,2474,1,71,24,25,0,0,1024.0,1024.0,1024.0,3.7981604233384134,45.07705307006836,0.00011339201459540494,27.351764869999897,1.3343563079833984,1.359375
fold3_seed29,cova3d_c50_frg_fold3_seed29,C50_FRG,3,29,2796745829,4dc8922660e2d743f56d42eff3942c53e1d1547944e066df03fc38b7ed6d6b64,f2c165cff1d1ba7bb1a00df3f3b3f9abbddeac23c148a7829eddc8fc7546151a,24,25,120,1500,0.199218595852102,0.04544741845244289,0.1537711759408315,5292,2836,2,59,31,30,0,0,1024.0,1024.0,1024.0,3.5330129920587448,21.603721618652344,0.00010177037759260854,27.271708231000048,1.3343563079833984,1.359375
fold3_seed29,cova3d_c50_frg_fold3_seed29,C50_FRG,3,29,2796745829,4dc8922660e2d743f56d42eff3942c53e1d1547944e066df03fc38b7ed6d6b64,f2c165cff1d1ba7bb1a00df3f3b3f9abbddeac23c148a7829eddc8fc7546151a,25,26,120,1560,0.1363113841873049,0.035991304283773694,0.10032007942597071,4765,2614,4,67,29,24,0,0,1024.0,1024.0,1024.0,2.6126893104364473,31.379539489746094,9.048256542400759e-05,27.26202014699993,1.3343563079833984,1.359375
fold3_seed29,cova3d_c50_frg_fold3_seed29,C50_FRG,3,29,2796745829,4dc8922660e2d743f56d42eff3942c53e1d1547944e066df03fc38b7ed6d6b64,f2c165cff1d1ba7bb1a00df3f3b3f9abbddeac23c148a7829eddc8fc7546151a,26,27,120,1620,0.2046955163498751,0.040894543479089406,0.16380097369352978,4660,2453,2,64,28,28,0,0,1024.0,1024.0,1024.0,3.7053653890267015,55.0002326965332,7.960435087538242e-05,27.290904812000008,1.3343563079833984,1.359375
fold3_seed29,cova3d_c50_frg_fold3_seed29,C50_FRG,3,29,2796745829,4dc8922660e2d743f56d42eff3942c53e1d1547944e066df03fc38b7ed6d6b64,f2c165cff1d1ba7bb1a00df3f3b3f9abbddeac23c148a7829eddc8fc7546151a,27,28,120,1680,0.17744341904783975,0.022961870521985853,0.15448154906431835,4583,2322,4,55,29,36,0,0,1024.0,1024.0,1024.0,2.103460664387482,7.183709144592285,6.920875718705205e-05,27.155130082999676,1.3343563079833984,1.359375
fold3_seed29,cova3d_c50_frg_fold3_seed29,C50_FRG,3,29,2796745829,4dc8922660e2d743f56d42eff3942c53e1d1547944e066df03fc38b7ed6d6b64,f2c165cff1d1ba7bb1a00df3f3b3f9abbddeac23c148a7829eddc8fc7546151a,28,29,120,1740,0.2620373239779648,0.041641981309017716,0.22039534151554108,4222,2203,1,55,35,30,0,0,1024.0,1024.0,1024.0,5.236974879509459,69.46038818359375,5.936556786372413e-05,27.303671182000016,1.3343563079833984,1.359375
fold3_seed29,cova3d_c50_frg_fold3_seed29,C50_FRG,3,29,2796745829,4dc8922660e2d743f56d42eff3942c53e1d1547944e066df03fc38b7ed6d6b64,f2c165cff1d1ba7bb1a00df3f3b3f9abbddeac23c148a7829eddc8fc7546151a,29,30,120,1800,0.20428597582354843,0.049338357319330346,0.1549476166566213,4977,2705,2,58,30,32,0,0,1024.0,1024.0,1024.0,5.447938760152708,69.894775390625,5.014085823202989e-05,27.281714293999812,1.3343563079833984,1.359375
fold3_seed29,cova3d_c50_frg_fold3_seed29,C50_FRG,3,29,2796745829,4dc8922660e2d743f56d42eff3942c53e1d1547944e066df03fc38b7ed6d6b64,f2c165cff1d1ba7bb1a00df3f3b3f9abbddeac23c148a7829eddc8fc7546151a,30,31,120,1860,0.17510868224825912,0.030947921970314003,0.14416076044241588,4569,2410,2,51,25,44,0,0,1024.0,1024.0,1024.0,3.6998007336010534,31.946596145629883,4.159655189030408e-05,27.19864454100025,1.3343563079833984,1.359375
fold3_seed29,cova3d_c50_frg_fold3_seed29,C50_FRG,3,29,2796745829,4dc8922660e2d743f56d42eff3942c53e1d1547944e066df03fc38b7ed6d6b64,f2c165cff1d1ba7bb1a00df3f3b3f9abbddeac23c148a7829eddc8fc7546151a,31,32,120,1920,0.2034974457996365,0.02525956117568266,0.17823788623015085,4475,2389,0,61,35,24,0,0,1024.0,1024.0,1024.0,2.97539322800197,25.678495407104492,3.379000502807257e-05,27.165608765000343,1.3343563079833984,1.359375
fold3_seed29,cova3d_c50_frg_fold3_seed29,C50_FRG,3,29,2796745829,4dc8922660e2d743f56d42eff3942c53e1d1547944e066df03fc38b7ed6d6b64,f2c165cff1d1ba7bb1a00df3f3b3f9abbddeac23c148a7829eddc8fc7546151a,32,33,120,1980,0.13697537923944006,0.012222043751773982,0.12475333611170451,4978,2659,1,59,26,35,0,0,1024.0,1024.0,1024.0,1.4203465011669323,6.509214878082275,2.6773621405624713e-05,27.207142207000288,1.3343563079833984,1.359375
fold3_seed29,cova3d_c50_frg_fold3_seed29,C50_FRG,3,29,2796745829,4dc8922660e2d743f56d42eff3942c53e1d1547944e066df03fc38b7ed6d6b64,f2c165cff1d1ba7bb1a00df3f3b3f9abbddeac23c148a7829eddc8fc7546151a,33,34,120,2040,0.11489277222027378,0.015245618260278586,0.09964715391397476,4952,2827,4,70,24,26,0,0,1024.0,1024.0,1024.0,1.456756266253069,6.901019096374512,2.059450057823627e-05,26.94975527500037,1.3343563079833984,1.359375
fold3_seed29,cova3d_c50_frg_fold3_seed29,C50_FRG,3,29,2796745829,4dc8922660e2d743f56d42eff3942c53e1d1547944e066df03fc38b7ed6d6b64,f2c165cff1d1ba7bb1a00df3f3b3f9abbddeac23c148a7829eddc8fc7546151a,34,35,120,2100,0.18534995529090093,0.018785966853388913,0.16656398971875508,4259,2258,1,58,25,37,0,0,1024.0,1024.0,1024.0,2.2675309288548307,22.97603416442871,1.5294121726440254e-05,27.179156877999958,1.3343563079833984,1.359375
fold3_seed29,cova3d_c50_frg_fold3_seed29,C50_FRG,3,29,2796745829,4dc8922660e2d743f56d42eff3942c53e1d1547944e066df03fc38b7ed6d6b64,f2c165cff1d1ba7bb1a00df3f3b3f9abbddeac23c148a7829eddc8fc7546151a,35,36,120,2160,0.15835913145313896,0.01900377290503362,0.13935535848140718,4877,2637,2,61,33,26,0,0,1024.0,1024.0,1024.0,1.722382663997511,10.211468696594238,1.0908065214729997e-05,27.239986511000097,1.3343563079833984,1.359375
fold3_seed29,cova3d_c50_frg_fold3_seed29,C50_FRG,3,29,2796745829,4dc8922660e2d743f56d42eff3942c53e1d1547944e066df03fc38b7ed6d6b64,f2c165cff1d1ba7bb1a00df3f3b3f9abbddeac23c148a7829eddc8fc7546151a,36,37,120,2220,0.15486746447268776,0.014570271717658656,0.14029719332853954,4762,2630,1,61,30,29,0,0,1024.0,1024.0,1024.0,1.5136959492781898,7.518742084503174,7.465773747813819e-06,27.038173040999936,1.3343563079833984,1.359375
fold3_seed29,cova3d_c50_frg_fold3_seed29,C50_FRG,3,29,2796745829,4dc8922660e2d743f56d42eff3942c53e1d1547944e066df03fc38b7ed6d6b64,f2c165cff1d1ba7bb1a00df3f3b3f9abbddeac23c148a7829eddc8fc7546151a,37,38,120,2280,0.1512560364799223,0.028528427451952134,0.12272760967413585,4693,2466,3,62,24,34,0,0,1024.0,1024.0,1024.0,2.8176590483558055,61.62415313720703,4.990354727730315e-06,27.10408581699994,1.3343563079833984,1.359375
fold3_seed29,cova3d_c50_frg_fold3_seed29,C50_FRG,3,29,2796745829,4dc8922660e2d743f56d42eff3942c53e1d1547944e066df03fc38b7ed6d6b64,f2c165cff1d1ba7bb1a00df3f3b3f9abbddeac23c148a7829eddc8fc7546151a,38,39,120,2340,0.1952783500245611,0.020403951046343613,0.17487439761559168,4798,2659,0,61,37,22,0,0,1024.0,1024.0,1024.0,1.7230876436282414,9.093515396118164,3.498425138561358e-06,27.196178392000093,1.3343563079833984,1.359375
fold3_seed29,cova3d_c50_frg_fold3_seed29,C50_FRG,3,29,2796745829,4dc8922660e2d743f56d42eff3942c53e1d1547944e066df03fc38b7ed6d6b64,f2c165cff1d1ba7bb1a00df3f3b3f9abbddeac23c148a7829eddc8fc7546151a,39,40,120,2400,0.15612710260225715,0.014238046024585553,0.14188905755678813,4828,2601,1,55,40,25,0,0,1024.0,1024.0,1024.0,2.1715491523655754,17.8825740814209,3e-06,27.09868804100006,1.3343563079833984,1.359375
fold3_seed29,cova3d_c100_coh_fold3_seed29,C100_COH,3,29,2796745829,4dc8922660e2d743f56d42eff3942c53e1d1547944e066df03fc38b7ed6d6b64,f2c165cff1d1ba7bb1a00df3f3b3f9abbddeac23c148a7829eddc8fc7546151a,0,1,120,60,2.3504519366746535,1.766873273885479,0.5835786546270053,4240,2341,1,54,30,36,2,2,1024.0,4096.0,1024.0,102.94872001012166,344.9716796875,0.00017999999999999998,28.785700261999864,1.3345088958740234,1.400390625
fold3_seed29,cova3d_c100_coh_fold3_seed29,C100_COH,3,29,2796745829,4dc8922660e2d743f56d42eff3942c53e1d1547944e066df03fc38b7ed6d6b64,f2c165cff1d1ba7bb1a00df3f3b3f9abbddeac23c148a7829eddc8fc7546151a,1,2,120,120,0.8441639564811946,0.5284977521356571,0.31566620419422786,4353,2338,2,67,28,25,0,0,1024.0,1024.0,1024.0,23.07248153605809,86.81681823730469,0.0002999445918673937,27.86038265900015,1.3345088958740234,1.400390625
fold3_seed29,cova3d_c100_coh_fold3_seed29,C100_COH,3,29,2796745829,4dc8922660e2d743f56d42eff3942c53e1d1547944e066df03fc38b7ed6d6b64,f2c165cff1d1ba7bb1a00df3f3b3f9abbddeac23c148a7829eddc8fc7546151a,2,3,120,180,0.6425352849728976,0.3631961313292777,0.2793391540646553,4598,2449,2,61,30,29,0,0,1024.0,1024.0,1024.0,10.260431321461995,41.8165397644043,0.0002991142965839822,27.68518669499963,1.3345088958740234,1.400390625
fold3_seed29,cova3d_c100_coh_fold3_seed29,C100_COH,3,29,2796745829,4dc8922660e2d743f56d42eff3942c53e1d1547944e066df03fc38b7ed6d6b64,f2c165cff1d1ba7bb1a00df3f3b3f9abbddeac23c148a7829eddc8fc7546151a,3,4,120,240,0.48825871492299483,0.273581877364389,0.21467683762311934,4595,2289,0,59,36,25,0,0,1024.0,1024.0,1024.0,7.250965844591459,42.761863708496094,0.0002972930965702204,27.745074049999857,1.3345088958740234,1.400390625
fold3_seed29,cova3d_c100_coh_fold3_seed29,C100_COH,3,29,2796745829,4dc8922660e2d743f56d42eff3942c53e1d1547944e066df03fc38b7ed6d6b64,f2c165cff1d1ba7bb1a00df3f3b3f9abbddeac23c148a7829eddc8fc7546151a,4,5,120,300,0.4438040949951149,0.20816601212457803,0.23563808302084605,4629,2451,4,69,25,26,0,0,1024.0,1024.0,1024.0,6.968939960002899,45.0391960144043,0.0002944932171711482,27.601784343999952,1.3345088958740234,1.400390625
fold3_seed29,cova3d_c100_coh_fold3_seed29,C100_COH,3,29,2796745829,4dc8922660e2d743f56d42eff3942c53e1d1547944e066df03fc38b7ed6d6b64,f2c165cff1d1ba7bb1a00df3f3b3f9abbddeac23c148a7829eddc8fc7546151a,5,6,120,360,0.390837212294961,0.21661670998679863,0.1742205003897349,4575,2378,1,59,21,40,0,0,1024.0,1024.0,1024.0,6.074143619835377,55.9505500793457,0.000290733453407337,27.52590361500006,1.3345088958740234,1.400390625
fold3_seed29,cova3d_c100_coh_fold3_seed29,C100_COH,3,29,2796745829,4dc8922660e2d743f56d42eff3942c53e1d1547944e066df03fc38b7ed6d6b64,f2c165cff1d1ba7bb1a00df3f3b3f9abbddeac23c148a7829eddc8fc7546151a,6,7,120,420,0.3508290871110148,0.17042838954957915,0.1804006963968277,4627,2446,2,58,27,35,0,0,1024.0,1024.0,1024.0,6.419051191707452,34.32622528076172,0.0002860390438077423,27.540960598999845,1.3345088958740234,1.400390625
fold3_seed29,cova3d_c100_coh_fold3_seed29,C100_COH,3,29,2796745829,4dc8922660e2d743f56d42eff3942c53e1d1547944e066df03fc38b7ed6d6b64,f2c165cff1d1ba7bb1a00df3f3b3f9abbddeac23c148a7829eddc8fc7546151a,7,8,120,480,0.2855972092278231,0.12102585862676278,0.16457135130961736,4539,2570,1,65,28,27,0,0,1024.0,1024.0,1024.0,5.2452791351825,18.460163116455078,0.00028044150098859483,27.352624834999915,1.3345088958740234,1.400390625
fold3_seed29,cova3d_c100_coh_fold3_seed29,C100_COH,3,29,2796745829,4dc8922660e2d743f56d42eff3942c53e1d1547944e066df03fc38b7ed6d6b64,f2c165cff1d1ba7bb1a00df3f3b3f9abbddeac23c148a7829eddc8fc7546151a,8,9,120,540,0.26054039805468016,0.1085763295202696,0.15196406990289688,5019,2924,2,64,29,27,0,0,1024.0,1024.0,1024.0,4.897202003747225,27.750301361083984,0.0002739784001156218,27.597932678000234,1.3345088958740234,1.400390625
fold3_seed29,cova3d_c100_coh_fold3_seed29,C100_COH,3,29,2796745829,4dc8922660e2d743f56d42eff3942c53e1d1547944e066df03fc38b7ed6d6b64,f2c165cff1d1ba7bb1a00df3f3b3f9abbddeac23c148a7829eddc8fc7546151a,9,10,120,600,0.22078579104302964,0.08364923415025108,0.13713655471801758,4899,2669,1,70,26,24,0,0,1024.0,1024.0,1024.0,3.774687216679255,20.58892822265625,0.0002666931266696063,27.3178515339996,1.3345088958740234,1.400390625
fold3_seed29,cova3d_c100_coh_fold3_seed29,C100_COH,3,29,2796745829,4dc8922660e2d743f56d42eff3942c53e1d1547944e066df03fc38b7ed6d6b64,f2c165cff1d1ba7bb1a00df3f3b3f9abbddeac23c148a7829eddc8fc7546151a,10,11,120,660,0.24068236295363665,0.09825308692318563,0.1424292763074239,4707,2525,2,59,28,33,0,0,1024.0,1024.0,1024.0,4.142351734638214,28.86231803894043,0.0002586345852084849,27.273776406999787,1.3345088958740234,1.400390625
fold3_seed29,cova3d_c100_coh_fold3_seed29,C100_COH,3,29,2796745829,4dc8922660e2d743f56d42eff3942c53e1d1547944e066df03fc38b7ed6d6b64,f2c165cff1d1ba7bb1a00df3f3b3f9abbddeac23c148a7829eddc8fc7546151a,11,12,120,720,0.2563626210600489,0.10554588722830545,0.1508167321483294,4889,2654,3,60,31,29,0,0,1024.0,1024.0,1024.0,4.738848804108177,21.31081771850586,0.0002498568710810032,27.379893944000287,1.3345088958740234,1.400390625
fold3_seed29,cova3d_c100_coh_fold3_seed29,C100_COH,3,29,2796745829,4dc8922660e2d743f56d42eff3942c53e1d1547944e066df03fc38b7ed6d6b64,f2c165cff1d1ba7bb1a00df3f3b3f9abbddeac23c148a7829eddc8fc7546151a,12,13,120,780,0.24913129862766065,0.08238252252111995,0.1667487770318985,4816,2508,1,53,35,32,0,0,1024.0,1024.0,1024.0,4.5159162891475715,27.055484771728516,0.0002404189072956492,27.30946067700006,1.3345088958740234,1.400390625
fold3_seed29,cova3d_c100_coh_fold3_seed29,C100_COH,3,29,2796745829,4dc8922660e2d743f56d42eff3942c53e1d1547944e066df03fc38b7ed6d6b64,f2c165cff1d1ba7bb1a00df3f3b3f9abbddeac23c148a7829eddc8fc7546151a,13,14,120,840,0.21130887973391269,0.0575202236422447,0.1537886550029119,4683,2430,2,53,26,41,0,0,1024.0,1024.0,1024.0,2.660201770874361,13.652329444885254,0.00023038404898248976,27.20866939000007,1.3345088958740234,1.400390625
fold3_seed29,cova3d_c100_coh_fold3_seed29,C100_COH,3,29,2796745829,4dc8922660e2d743f56d42eff3942c53e1d1547944e066df03fc38b7ed6d6b64,f2c165cff1d1ba7bb1a00df3f3b3f9abbddeac23c148a7829eddc8fc7546151a,14,15,120,900,0.13739853844339178,0.04587055027837191,0.09152798702319463,4524,2264,2,57,39,24,0,0,1024.0,1024.0,1024.0,3.0380527966966233,17.12228775024414,0.00021981965810307605,27.20735282900023,1.3345088958740234,1.400390625
fold3_seed29,cova3d_c100_coh_fold3_seed29,C100_COH,3,29,2796745829,4dc8922660e2d743f56d42eff3942c53e1d1547944e066df03fc38b7ed6d6b64,f2c165cff1d1ba7bb1a00df3f3b3f9abbddeac23c148a7829eddc8fc7546151a,15,16,120,960,0.15893298600069705,0.055232353175773165,0.1037006343404452,4786,2407,1,53,33,34,0,0,1024.0,1024.0,1024.0,3.5045254884287713,25.874107360839844,0.00020879665126330557,27.29695482599982,1.3345088958740234,1.400390625
fold3_seed29,cova3d_c100_coh_fold3_seed29,C100_COH,3,29,2796745829,4dc8922660e2d743f56d42eff3942c53e1d1547944e066df03fc38b7ed6d6b64,f2c165cff1d1ba7bb1a00df3f3b3f9abbddeac23c148a7829eddc8fc7546151a,16,17,120,1020,0.23394864975042412,0.062390423656645606,0.17155822267134985,4802,2602,0,65,28,27,0,0,1024.0,1024.0,1024.0,3.9489620950849105,56.943931579589844,0.00019738902366467966,27.31497801600017,1.3345088958740234,1.400390625
fold3_seed29,cova3d_c100_coh_fold3_seed29,C100_COH,3,29,2796745829,4dc8922660e2d743f56d42eff3942c53e1d1547944e066df03fc38b7ed6d6b64,f2c165cff1d1ba7bb1a00df3f3b3f9abbddeac23c148a7829eddc8fc7546151a,17,18,120,1080,0.1512940274155267,0.05340810529742083,0.09788592308759689,4557,2419,1,57,34,29,0,0,1024.0,1024.0,1024.0,3.6789015850362676,34.44453430175781,0.00018567335238957547,27.441156992000288,1.3345088958740234,1.400390625
fold3_seed29,cova3d_c100_coh_fold3_seed29,C100_COH,3,29,2796745829,4dc8922660e2d743f56d42eff3942c53e1d1547944e066df03fc38b7ed6d6b64,f2c165cff1d1ba7bb1a00df3f3b3f9abbddeac23c148a7829eddc8fc7546151a,18,19,120,1140,0.1621547198561953,0.03569983554318386,0.12645488530397414,4653,2372,1,58,25,37,0,0,1024.0,1024.0,1024.0,3.1116444325695434,51.64771270751953,0.0001737282823548769,27.161779471000045,1.3345088958740234,1.400390625
fold3_seed29,cova3d_c100_coh_fold3_seed29,C100_COH,3,29,2796745829,4dc8922660e2d743f56d42eff3942c53e1d1547944e066df03fc38b7ed6d6b64,f2c165cff1d1ba7bb1a00df3f3b3f9abbddeac23c148a7829eddc8fc7546151a,19,20,120,1200,0.15752907818293935,0.028001791061472492,0.12952728817860285,4918,2744,2,66,27,27,0,0,1024.0,1024.0,1024.0,1.9089773739688098,10.356876373291016,0.00016163399838465363,27.072909590000563,1.3345088958740234,1.400390625
fold3_seed29,cova3d_c100_coh_fold3_seed29,C100_COH,3,29,2796745829,4dc8922660e2d743f56d42eff3942c53e1d1547944e066df03fc38b7ed6d6b64,f2c165cff1d1ba7bb1a00df3f3b3f9abbddeac23c148a7829eddc8fc7546151a,20,21,120,1260,0.09989602478986266,0.016737971106436482,0.08315805395444234,5022,2667,3,65,30,25,0,0,1024.0,1024.0,1024.0,1.1011587828373497,3.8596036434173584,0.00014947168694575625,27.13421196699983,1.3345088958740234,1.400390625
fold3_seed29,cova3d_c100_coh_fold3_seed29,C100_COH,3,29,2796745829,4dc8922660e2d743f56d42eff3942c53e1d1547944e066df03fc38b7ed6d6b64,f2c165cff1d1ba7bb1a00df3f3b3f9abbddeac23c148a7829eddc8fc7546151a,21,22,120,1320,0.1803507328641222,0.027640115975934552,0.15271061658859253,4884,2586,1,55,38,27,0,0,1024.0,1024.0,1024.0,2.6826702335849406,31.822246551513672,0.0001373229911595876,27.35199105100037,1.3345088958740234,1.400390625
fold3_seed29,cova3d_c100_coh_fold3_seed29,C100_COH,3,29,2796745829,4dc8922660e2d743f56d42eff3942c53e1d1547944e066df03fc38b7ed6d6b64,f2c165cff1d1ba7bb1a00df3f3b3f9abbddeac23c148a7829eddc8fc7546151a,22,23,120,1380,0.20277796528360176,0.033078899978722605,0.169699065387249,4544,2477,1,54,28,38,0,0,1024.0,1024.0,1024.0,3.805624256026931,26.60551643371582,0.00012526946274844474,27.23161385200001,1.3345088958740234,1.400390625
fold3_seed29,cova3d_c100_coh_fold3_seed29,C100_COH,3,29,2796745829,4dc8922660e2d743f56d42eff3942c53e1d1547944e066df03fc38b7ed6d6b64,f2c165cff1d1ba7bb1a00df3f3b3f9abbddeac23c148a7829eddc8fc7546151a,23,24,120,1440,0.15509769170853882,0.05876536850595877,0.09633232255776723,4648,2518,1,71,24,25,0,0,1024.0,1024.0,1024.0,3.001452061528107,50.14609146118164,0.00011339201459540494,27.093667037999694,1.3345088958740234,1.400390625
fold3_seed29,cova3d_c100_coh_fold3_seed29,C100_COH,3,29,2796745829,4dc8922660e2d743f56d42eff3942c53e1d1547944e066df03fc38b7ed6d6b64,f2c165cff1d1ba7bb1a00df3f3b3f9abbddeac23c148a7829eddc8fc7546151a,24,25,120,1500,0.10994868988156305,0.012008824663977067,0.09793986479441324,5145,2708,2,59,31,30,0,0,1024.0,1024.0,1024.0,1.1886210900420944,6.5611252784729,0.00010177037759260854,27.056822768999155,1.3345088958740234,1.400390625
fold3_seed29,cova3d_c100_coh_fold3_seed29,C100_COH,3,29,2796745829,4dc8922660e2d743f56d42eff3942c53e1d1547944e066df03fc38b7ed6d6b64,f2c165cff1d1ba7bb1a00df3f3b3f9abbddeac23c148a7829eddc8fc7546151a,25,26,120,1560,0.10137723590546965,0.011878449644128675,0.08949878662824631,4717,2505,4,67,29,24,0,0,1024.0,1024.0,1024.0,1.5383149114282182,29.573930740356445,9.048256542400759e-05,27.18380882800011,1.3345088958740234,1.400390625
fold3_seed29,cova3d_c100_coh_fold3_seed29,C100_COH,3,29,2796745829,4dc8922660e2d743f56d42eff3942c53e1d1547944e066df03fc38b7ed6d6b64,f2c165cff1d1ba7bb1a00df3f3b3f9abbddeac23c148a7829eddc8fc7546151a,26,27,120,1620,0.06957370370214576,0.012349263729214818,0.05722443908452988,4762,2501,2,64,28,28,0,0,1024.0,1024.0,1024.0,1.7208757108038601,10.695718765258789,7.960435087538242e-05,26.95844264600055,1.3345088958740234,1.400390625
fold3_seed29,cova3d_c100_coh_fold3_seed29,C100_COH,3,29,2796745829,4dc8922660e2d743f56d42eff3942c53e1d1547944e066df03fc38b7ed6d6b64,f2c165cff1d1ba7bb1a00df3f3b3f9abbddeac23c148a7829eddc8fc7546151a,27,28,120,1680,0.16738320295573736,0.012342533394688292,0.15504066894451776,4322,2063,3,55,29,36,0,0,1024.0,1024.0,1024.0,1.8985509417640667,28.64680290222168,6.920875718705205e-05,26.955839967999964,1.3345088958740234,1.400390625
fold3_seed29,cova3d_c100_coh_fold3_seed29,C100_COH,3,29,2796745829,4dc8922660e2d743f56d42eff3942c53e1d1547944e066df03fc38b7ed6d6b64,f2c165cff1d1ba7bb1a00df3f3b3f9abbddeac23c148a7829eddc8fc7546151a,28,29,120,1740,0.18394201641796246,0.01882973255678502,0.1651122823357582,4427,2370,1,55,35,30,0,0,1024.0,1024.0,1024.0,3.5446906871977264,26.742151260375977,5.936556786372413e-05,27.14151302800019,1.3345088958740234,1.400390625
fold3_seed29,cova3d_c100_coh_fold3_seed29,C100_COH,3,29,2796745829,4dc8922660e2d743f56d42eff3942c53e1d1547944e066df03fc38b7ed6d6b64,f2c165cff1d1ba7bb1a00df3f3b3f9abbddeac23c148a7829eddc8fc7546151a,29,30,120,1800,0.11332458007723746,0.022235458607842942,0.09108912100394567,4810,2541,3,58,30,32,0,0,1024.0,1024.0,1024.0,2.4494700744913036,13.234028816223145,5.014085823202989e-05,27.134445274000427,1.3345088958740234,1.400390625
fold3_seed29,cova3d_c100_coh_fold3_seed29,C100_COH,3,29,2796745829,4dc8922660e2d743f56d42eff3942c53e1d1547944e066df03fc38b7ed6d6b64,f2c165cff1d1ba7bb1a00df3f3b3f9abbddeac23c148a7829eddc8fc7546151a,30,31,120,1860,0.09397969097740619,0.013189317434508947,0.0807903731862704,4609,2422,2,51,25,44,0,0,1024.0,1024.0,1024.0,2.621419064364939,21.03216552734375,4.159655189030408e-05,27.058261606000087,1.3345088958740234,1.400390625
fold3_seed29,cova3d_c100_coh_fold3_seed29,C100_COH,3,29,2796745829,4dc8922660e2d743f56d42eff3942c53e1d1547944e066df03fc38b7ed6d6b64,f2c165cff1d1ba7bb1a00df3f3b3f9abbddeac23c148a7829eddc8fc7546151a,31,32,120,1920,0.0731108466165795,0.00940898315833059,0.06370186309019725,4657,2516,0,61,35,24,0,0,1024.0,1024.0,1024.0,2.5777078000246547,19.637248992919922,3.379000502807257e-05,26.909195608999653,1.3345088958740234,1.400390625
fold3_seed29,cova3d_c100_coh_fold3_seed29,C100_COH,3,29,2796745829,4dc8922660e2d743f56d42eff3942c53e1d1547944e066df03fc38b7ed6d6b64,f2c165cff1d1ba7bb1a00df3f3b3f9abbddeac23c148a7829eddc8fc7546151a,32,33,120,1980,0.06572887111221658,0.011444875503871566,0.05428399542967478,4997,2629,0,59,26,35,0,0,1024.0,1024.0,1024.0,3.355950432503596,82.22801208496094,2.6773621405624713e-05,27.019643681999696,1.3345088958740234,1.400390625
fold3_seed29,cova3d_c100_coh_fold3_seed29,C100_COH,3,29,2796745829,4dc8922660e2d743f56d42eff3942c53e1d1547944e066df03fc38b7ed6d6b64,f2c165cff1d1ba7bb1a00df3f3b3f9abbddeac23c148a7829eddc8fc7546151a,33,34,120,2040,0.0598501394989897,0.0055378758523300636,0.054312263429164884,4778,2519,2,70,24,26,0,0,1024.0,1024.0,1024.0,2.143038406316191,41.350669860839844,2.059450057823627e-05,26.839953529999548,1.3345088958740234,1.400390625
fold3_seed29,cova3d_c100_coh_fold3_seed29,C100_COH,3,29,2796745829,4dc8922660e2d743f56d42eff3942c53e1d1547944e066df03fc38b7ed6d6b64,f2c165cff1d1ba7bb1a00df3f3b3f9abbddeac23c148a7829eddc8fc7546151a,34,35,120,2100,0.08772341628114295,0.01474933069683891,0.07297408580780029,4510,2460,1,58,25,37,0,0,1024.0,1024.0,1024.0,4.403699341099127,56.290611267089844,1.5294121726440254e-05,26.83478754099997,1.3345088958740234,1.400390625
fold3_seed29,cova3d_c100_coh_fold3_seed29,C100_COH,3,29,2796745829,4dc8922660e2d743f56d42eff3942c53e1d1547944e066df03fc38b7ed6d6b64,f2c165cff1d1ba7bb1a00df3f3b3f9abbddeac23c148a7829eddc8fc7546151a,35,36,120,2160,0.04518121440490355,0.009831927571151708,0.0353492870926857,4818,2566,0,61,33,26,0,0,1024.0,1024.0,1024.0,3.4294816812345137,73.48043060302734,1.0908065214729997e-05,26.807177130000127,1.3345088958740234,1.400390625
fold3_seed29,cova3d_c100_coh_fold3_seed29,C100_COH,3,29,2796745829,4dc8922660e2d743f56d42eff3942c53e1d1547944e066df03fc38b7ed6d6b64,f2c165cff1d1ba7bb1a00df3f3b3f9abbddeac23c148a7829eddc8fc7546151a,36,37,120,2220,0.052808620209087144,0.005955652431813313,0.04685296763976415,4743,2545,1,61,30,29,0,0,1024.0,1024.0,1024.0,2.537035158169844,60.33441162109375,7.465773747813819e-06,26.89175993400022,1.3345088958740234,1.400390625
fold3_seed29,cova3d_c100_coh_fold3_seed29,C100_COH,3,29,2796745829,4dc8922660e2d743f56d42eff3942c53e1d1547944e066df03fc38b7ed6d6b64,f2c165cff1d1ba7bb1a00df3f3b3f9abbddeac23c148a7829eddc8fc7546151a,37,38,120,2280,0.06354855172742778,0.007797669435831216,0.05575088163216909,4822,2580,3,62,24,34,0,0,1024.0,1024.0,1024.0,2.3877869990547578,40.158634185791016,4.990354727730315e-06,26.970789402000264,1.3345088958740234,1.400390625
fold3_seed29,cova3d_c100_coh_fold3_seed29,C100_COH,3,29,2796745829,4dc8922660e2d743f56d42eff3942c53e1d1547944e066df03fc38b7ed6d6b64,f2c165cff1d1ba7bb1a00df3f3b3f9abbddeac23c148a7829eddc8fc7546151a,38,39,120,2340,0.07295824135694075,0.011216448641950365,0.061741792658964796,4905,2746,0,61,37,22,0,0,1024.0,1024.0,1024.0,3.079599594726945,37.21671676635742,3.498425138561358e-06,26.91187625799921,1.3345088958740234,1.400390625
fold3_seed29,cova3d_c100_coh_fold3_seed29,C100_COH,3,29,2796745829,4dc8922660e2d743f56d42eff3942c53e1d1547944e066df03fc38b7ed6d6b64,f2c165cff1d1ba7bb1a00df3f3b3f9abbddeac23c148a7829eddc8fc7546151a,39,40,120,2400,0.053330622769343874,0.007061747778761598,0.04626887540022532,4677,2458,1,55,40,25,0,0,1024.0,1024.0,1024.0,2.3679088647205693,40.7890510559082,3e-06,26.78418506199978,1.3345088958740234,1.400390625
fold3_seed29,cova3d_c100_dis_fold3_seed29,C100_DIS,3,29,2796745829,4dc8922660e2d743f56d42eff3942c53e1d1547944e066df03fc38b7ed6d6b64,f2c165cff1d1ba7bb1a00df3f3b3f9abbddeac23c148a7829eddc8fc7546151a,0,1,120,60,2.484144759263533,1.8705236529368752,0.6136211196581522,4325,2293,1,54,30,36,2,2,1024.0,4096.0,1024.0,105.75228964487711,396.4668273925781,0.00017999999999999998,28.77383961400028,1.3350658416748047,1.36328125
fold3_seed29,cova3d_c100_dis_fold3_seed29,C100_DIS,3,29,2796745829,4dc8922660e2d743f56d42eff3942c53e1d1547944e066df03fc38b7ed6d6b64,f2c165cff1d1ba7bb1a00df3f3b3f9abbddeac23c148a7829eddc8fc7546151a,1,2,120,120,1.2730020861277203,0.8545349132094998,0.4184671714901924,4315,2277,1,67,28,25,0,0,1024.0,1024.0,1024.0,35.29055484135946,170.8137664794922,0.0002999445918673937,27.84812751699974,1.3350658416748047,1.36328125
fold3_seed29,cova3d_c100_dis_fold3_seed29,C100_DIS,3,29,2796745829,4dc8922660e2d743f56d42eff3942c53e1d1547944e066df03fc38b7ed6d6b64,f2c165cff1d1ba7bb1a00df3f3b3f9abbddeac23c148a7829eddc8fc7546151a,2,3,120,180,0.9022932627121918,0.5428404301443758,0.35945283124844235,4623,2484,2,61,30,29,0,0,1024.0,1024.0,1024.0,13.278246196111043,39.088130950927734,0.0002991142965839822,27.91068004600038,1.3350658416748047,1.36328125
fold3_seed29,cova3d_c100_dis_fold3_seed29,C100_DIS,3,29,2796745829,4dc8922660e2d743f56d42eff3942c53e1d1547944e066df03fc38b7ed6d6b64,f2c165cff1d1ba7bb1a00df3f3b3f9abbddeac23c148a7829eddc8fc7546151a,3,4,120,240,0.8189420700383683,0.5022914576654632,0.3166506121555964,4607,2314,0,59,36,25,0,0,1024.0,1024.0,1024.0,10.17155752579371,39.22303771972656,0.0002972930965702204,27.88735714500035,1.3350658416748047,1.36328125
fold3_seed29,cova3d_c100_dis_fold3_seed29,C100_DIS,3,29,2796745829,4dc8922660e2d743f56d42eff3942c53e1d1547944e066df03fc38b7ed6d6b64,f2c165cff1d1ba7bb1a00df3f3b3f9abbddeac23c148a7829eddc8fc7546151a,4,5,120,300,0.749043248151429,0.4381153495128577,0.3109278976917267,4771,2595,2,69,25,26,0,0,1024.0,1024.0,1024.0,8.288625784715016,31.02828598022461,0.0002944932171711482,27.721586741000465,1.3350658416748047,1.36328125
fold3_seed29,cova3d_c100_dis_fold3_seed29,C100_DIS,3,29,2796745829,4dc8922660e2d743f56d42eff3942c53e1d1547944e066df03fc38b7ed6d6b64,f2c165cff1d1ba7bb1a00df3f3b3f9abbddeac23c148a7829eddc8fc7546151a,5,6,120,360,0.6762680746770153,0.4004121643258259,0.27585590730110804,4648,2447,1,59,21,40,0,0,1024.0,1024.0,1024.0,7.79159392118454,43.95570755004883,0.000290733453407337,27.797059641000487,1.3350658416748047,1.36328125
fold3_seed29,cova3d_c100_dis_fold3_seed29,C100_DIS,3,29,2796745829,4dc8922660e2d743f56d42eff3942c53e1d1547944e066df03fc38b7ed6d6b64,f2c165cff1d1ba7bb1a00df3f3b3f9abbddeac23c148a7829eddc8fc7546151a,6,7,120,420,0.7115030547361433,0.4357159522701598,0.2757871041695277,4537,2415,1,58,27,35,0,0,1024.0,1024.0,1024.0,8.169487531979879,26.148862838745117,0.0002860390438077423,27.7492656430004,1.3350658416748047,1.36328125
fold3_seed29,cova3d_c100_dis_fold3_seed29,C100_DIS,3,29,2796745829,4dc8922660e2d743f56d42eff3942c53e1d1547944e066df03fc38b7ed6d6b64,f2c165cff1d1ba7bb1a00df3f3b3f9abbddeac23c148a7829eddc8fc7546151a,7,8,120,480,0.6029243477911223,0.3455986476095859,0.257325704395771,4563,2560,1,65,28,27,0,0,1024.0,1024.0,1024.0,7.513182292381923,19.071863174438477,0.00028044150098859483,27.75022199399973,1.3350658416748047,1.36328125
fold3_seed29,cova3d_c100_dis_fold3_seed29,C100_DIS,3,29,2796745829,4dc8922660e2d743f56d42eff3942c53e1d1547944e066df03fc38b7ed6d6b64,f2c165cff1d1ba7bb1a00df3f3b3f9abbddeac23c148a7829eddc8fc7546151a,8,9,120,540,0.5682850959245116,0.31783414506353436,0.25045094986756644,4891,2768,2,64,29,27,0,0,1024.0,1024.0,1024.0,7.328359206517537,28.038599014282227,0.0002739784001156218,27.767361326000355,1.3350658416748047,1.36328125
fold3_seed29,cova3d_c100_dis_fold3_seed29,C100_DIS,3,29,2796745829,4dc8922660e2d743f56d42eff3942c53e1d1547944e066df03fc38b7ed6d6b64,f2c165cff1d1ba7bb1a00df3f3b3f9abbddeac23c148a7829eddc8fc7546151a,9,10,120,600,0.501489814070131,0.28870567628425003,0.21278413832187654,4814,2583,1,70,26,24,0,0,1024.0,1024.0,1024.0,6.949020473162333,27.66680145263672,0.0002666931266696063,27.79660907499965,1.3350658416748047,1.36328125
fold3_seed29,cova3d_c100_dis_fold3_seed29,C100_DIS,3,29,2796745829,4dc8922660e2d743f56d42eff3942c53e1d1547944e066df03fc38b7ed6d6b64,f2c165cff1d1ba7bb1a00df3f3b3f9abbddeac23c148a7829eddc8fc7546151a,10,11,120,660,0.4820525219736737,0.262389930911498,0.21966259131828944,4726,2476,1,59,28,33,0,0,1024.0,1024.0,1024.0,7.272588644425074,35.01295852661133,0.0002586345852084849,27.595585026999288,1.3350658416748047,1.36328125
fold3_seed29,cova3d_c100_dis_fold3_seed29,C100_DIS,3,29,2796745829,4dc8922660e2d743f56d42eff3942c53e1d1547944e066df03fc38b7ed6d6b64,f2c165cff1d1ba7bb1a00df3f3b3f9abbddeac23c148a7829eddc8fc7546151a,11,12,120,720,0.5083717331493972,0.2724678767735895,0.23590385764837266,4936,2669,2,60,31,29,0,0,1024.0,1024.0,1024.0,8.729575695594152,79.81794738769531,0.0002498568710810032,27.62979655700019,1.3350658416748047,1.36328125
fold3_seed29,cova3d_c100_dis_fold3_seed29,C100_DIS,3,29,2796745829,4dc8922660e2d743f56d42eff3942c53e1d1547944e066df03fc38b7ed6d6b64,f2c165cff1d1ba7bb1a00df3f3b3f9abbddeac23c148a7829eddc8fc7546151a,12,13,120,780,0.475724087516816,0.26640488317255706,0.20931920359532039,4796,2492,0,53,35,32,0,0,1024.0,1024.0,1024.0,7.470326866706213,32.84584426879883,0.0002404189072956492,27.68215452899949,1.3350658416748047,1.36328125
fold3_seed29,cova3d_c100_dis_fold3_seed29,C100_DIS,3,29,2796745829,4dc8922660e2d743f56d42eff3942c53e1d1547944e066df03fc38b7ed6d6b64,f2c165cff1d1ba7bb1a00df3f3b3f9abbddeac23c148a7829eddc8fc7546151a,13,14,120,840,0.4239864577529564,0.21328810496682613,0.21069834977388383,4682,2446,2,53,26,41,0,0,1024.0,1024.0,1024.0,7.179669570922852,44.10771179199219,0.00023038404898248976,27.68925130200023,1.3350658416748047,1.36328125
fold3_seed29,cova3d_c100_dis_fold3_seed29,C100_DIS,3,29,2796745829,4dc8922660e2d743f56d42eff3942c53e1d1547944e066df03fc38b7ed6d6b64,f2c165cff1d1ba7bb1a00df3f3b3f9abbddeac23c148a7829eddc8fc7546151a,14,15,120,900,0.3960734325753795,0.2422474303750164,0.15382600625356038,4620,2346,2,57,39,24,0,0,1024.0,1024.0,1024.0,8.72363447844982,91.72225952148438,0.00021981965810307605,27.5599069710006,1.3350658416748047,1.36328125
fold3_seed29,cova3d_c100_dis_fold3_seed29,C100_DIS,3,29,2796745829,4dc8922660e2d743f56d42eff3942c53e1d1547944e066df03fc38b7ed6d6b64,f2c165cff1d1ba7bb1a00df3f3b3f9abbddeac23c148a7829eddc8fc7546151a,15,16,120,960,0.29515459240598524,0.17195627138668593,0.12319832096497217,4700,2385,1,53,33,34,0,0,1024.0,1024.0,1024.0,5.988595490654309,19.59418487548828,0.00020879665126330557,27.542166274999545,1.3350658416748047,1.36328125
fold3_seed29,cova3d_c100_dis_fold3_seed29,C100_DIS,3,29,2796745829,4dc8922660e2d743f56d42eff3942c53e1d1547944e066df03fc38b7ed6d6b64,f2c165cff1d1ba7bb1a00df3f3b3f9abbddeac23c148a7829eddc8fc7546151a,16,17,120,1020,0.3519466460381712,0.1593561827467056,0.19259046365817387,4869,2628,0,65,28,27,0,0,1024.0,1024.0,1024.0,7.1559494172533356,39.22102355957031,0.00019738902366467966,27.637418394000633,1.3350658416748047,1.36328125
fold3_seed29,cova3d_c100_dis_fold3_seed29,C100_DIS,3,29,2796745829,4dc8922660e2d743f56d42eff3942c53e1d1547944e066df03fc38b7ed6d6b64,f2c165cff1d1ba7bb1a00df3f3b3f9abbddeac23c148a7829eddc8fc7546151a,17,18,120,1080,0.30199869674203605,0.1673598309135438,0.13463886678218842,4484,2316,1,57,34,29,0,0,1024.0,1024.0,1024.0,6.3355894962946575,30.23523712158203,0.00018567335238957547,27.578339349999624,1.3350658416748047,1.36328125
fold3_seed29,cova3d_c100_dis_fold3_seed29,C100_DIS,3,29,2796745829,4dc8922660e2d743f56d42eff3942c53e1d1547944e066df03fc38b7ed6d6b64,f2c165cff1d1ba7bb1a00df3f3b3f9abbddeac23c148a7829eddc8fc7546151a,18,19,120,1140,0.3018231436610222,0.15556413057735577,0.14625901331504185,4774,2442,1,58,25,37,0,0,1024.0,1024.0,1024.0,7.130910928050677,35.27456283569336,0.0001737282823548769,27.515697052000178,1.3350658416748047,1.36328125
fold3_seed29,cova3d_c100_dis_fold3_seed29,C100_DIS,3,29,2796745829,4dc8922660e2d743f56d42eff3942c53e1d1547944e066df03fc38b7ed6d6b64,f2c165cff1d1ba7bb1a00df3f3b3f9abbddeac23c148a7829eddc8fc7546151a,19,20,120,1200,0.2508022824501192,0.10851120726147201,0.1422910769780477,4848,2690,2,66,27,27,0,0,1024.0,1024.0,1024.0,5.4235387663046515,21.826772689819336,0.00016163399838465363,27.653456083000492,1.3350658416748047,1.36328125
fold3_seed29,cova3d_c100_dis_fold3_seed29,C100_DIS,3,29,2796745829,4dc8922660e2d743f56d42eff3942c53e1d1547944e066df03fc38b7ed6d6b64,f2c165cff1d1ba7bb1a00df3f3b3f9abbddeac23c148a7829eddc8fc7546151a,20,21,120,1260,0.21434117822136614,0.10956356890164898,0.1047776073217392,5201,2810,2,65,30,25,0,0,1024.0,1024.0,1024.0,4.131029017269611,21.573699951171875,0.00014947168694575625,27.369874918999813,1.3350658416748047,1.36328125
fold3_seed29,cova3d_c100_dis_fold3_seed29,C100_DIS,3,29,2796745829,4dc8922660e2d743f56d42eff3942c53e1d1547944e066df03fc38b7ed6d6b64,f2c165cff1d1ba7bb1a00df3f3b3f9abbddeac23c148a7829eddc8fc7546151a,21,22,120,1320,0.29389872355454827,0.12050144587375371,0.17339727928241094,4982,2663,1,55,38,27,0,0,1024.0,1024.0,1024.0,5.553871021916469,31.71949005126953,0.0001373229911595876,27.39539798899932,1.3350658416748047,1.36328125
fold3_seed29,cova3d_c100_dis_fold3_seed29,C100_DIS,3,29,2796745829,4dc8922660e2d743f56d42eff3942c53e1d1547944e066df03fc38b7ed6d6b64,f2c165cff1d1ba7bb1a00df3f3b3f9abbddeac23c148a7829eddc8fc7546151a,22,23,120,1380,0.2475248220111401,0.09646564630908566,0.15105917404095331,4631,2482,1,54,28,38,0,0,1024.0,1024.0,1024.0,5.400504782050848,26.18091583251953,0.00012526946274844474,27.55322555299972,1.3350658416748047,1.36328125
fold3_seed29,cova3d_c100_dis_fold3_seed29,C100_DIS,3,29,2796745829,4dc8922660e2d743f56d42eff3942c53e1d1547944e066df03fc38b7ed6d6b64,f2c165cff1d1ba7bb1a00df3f3b3f9abbddeac23c148a7829eddc8fc7546151a,23,24,120,1440,0.2261937900335397,0.11627920944174548,0.10991458197434743,4564,2425,1,71,24,25,0,0,1024.0,1024.0,1024.0,5.3003325022757055,41.90568542480469,0.00011339201459540494,27.425030018999678,1.3350658416748047,1.36328125
fold3_seed29,cova3d_c100_dis_fold3_seed29,C100_DIS,3,29,2796745829,4dc8922660e2d743f56d42eff3942c53e1d1547944e066df03fc38b7ed6d6b64,f2c165cff1d1ba7bb1a00df3f3b3f9abbddeac23c148a7829eddc8fc7546151a,24,25,120,1500,0.18295501616542728,0.07726777781958845,0.10568723827600479,5334,2811,1,59,31,30,0,0,1024.0,1024.0,1024.0,3.8221781669805446,29.553247451782227,0.00010177037759260854,27.393748518000393,1.3350658416748047,1.36328125
fold3_seed29,cova3d_c100_dis_fold3_seed29,C100_DIS,3,29,2796745829,4dc8922660e2d743f56d42eff3942c53e1d1547944e066df03fc38b7ed6d6b64,f2c165cff1d1ba7bb1a00df3f3b3f9abbddeac23c148a7829eddc8fc7546151a,25,26,120,1560,0.15111279861145402,0.060288394702395935,0.09082440485556921,4784,2596,2,67,29,24,0,0,1024.0,1024.0,1024.0,3.3794508183995884,18.774311065673828,9.048256542400759e-05,27.2756908020001,1.3350658416748047,1.36328125
fold3_seed29,cova3d_c100_dis_fold3_seed29,C100_DIS,3,29,2796745829,4dc8922660e2d743f56d42eff3942c53e1d1547944e066df03fc38b7ed6d6b64,f2c165cff1d1ba7bb1a00df3f3b3f9abbddeac23c148a7829eddc8fc7546151a,26,27,120,1620,0.16019014312167884,0.06938951480350303,0.09080062955617904,4866,2535,2,64,28,28,0,0,1024.0,1024.0,1024.0,4.2393675810347,17.795089721679688,7.960435087538242e-05,27.34623130199998,1.3350658416748047,1.36328125
fold3_seed29,cova3d_c100_dis_fold3_seed29,C100_DIS,3,29,2796745829,4dc8922660e2d743f56d42eff3942c53e1d1547944e066df03fc38b7ed6d6b64,f2c165cff1d1ba7bb1a00df3f3b3f9abbddeac23c148a7829eddc8fc7546151a,27,28,120,1680,0.22785503570397245,0.07357218614610399,0.15428284804026285,4366,2080,3,55,29,36,0,0,1024.0,1024.0,1024.0,4.619180664482216,28.89984703063965,6.920875718705205e-05,27.354429963000257,1.3350658416748047,1.36328125
fold3_seed29,cova3d_c100_dis_fold3_seed29,C100_DIS,3,29,2796745829,4dc8922660e2d743f56d42eff3942c53e1d1547944e066df03fc38b7ed6d6b64,f2c165cff1d1ba7bb1a00df3f3b3f9abbddeac23c148a7829eddc8fc7546151a,28,29,120,1740,0.2296865610682289,0.061239175487753525,0.16844738473494847,4511,2398,0,55,35,30,0,0,1024.0,1024.0,1024.0,4.727374573672811,19.695831298828125,5.936556786372413e-05,27.373494028000096,1.3350658416748047,1.36328125
fold3_seed29,cova3d_c100_dis_fold3_seed29,C100_DIS,3,29,2796745829,4dc8922660e2d743f56d42eff3942c53e1d1547944e066df03fc38b7ed6d6b64,f2c165cff1d1ba7bb1a00df3f3b3f9abbddeac23c148a7829eddc8fc7546151a,29,30,120,1800,0.20525502101663734,0.07925638937795157,0.12599863211313883,4678,2425,1,58,30,32,0,0,1024.0,1024.0,1024.0,6.25200148516645,68.23489379882812,5.014085823202989e-05,27.313640774000305,1.3350658416748047,1.36328125
fold3_seed29,cova3d_c100_dis_fold3_seed29,C100_DIS,3,29,2796745829,4dc8922660e2d743f56d42eff3942c53e1d1547944e066df03fc38b7ed6d6b64,f2c165cff1d1ba7bb1a00df3f3b3f9abbddeac23c148a7829eddc8fc7546151a,30,31,120,1860,0.167473344043871,0.059674613047180476,0.1077987308303515,4651,2455,1,51,25,44,0,0,1024.0,1024.0,1024.0,5.332619798618058,57.1204833984375,4.159655189030408e-05,27.40199055499943,1.3350658416748047,1.36328125
fold3_seed29,cova3d_c100_dis_fold3_seed29,C100_DIS,3,29,2796745829,4dc8922660e2d743f56d42eff3942c53e1d1547944e066df03fc38b7ed6d6b64,f2c165cff1d1ba7bb1a00df3f3b3f9abbddeac23c148a7829eddc8fc7546151a,31,32,120,1920,0.17043261567955598,0.05110812120904029,0.11932449340820313,4489,2384,0,61,35,24,0,0,1024.0,1024.0,1024.0,2.9467436081419387,10.73327922821045,3.379000502807257e-05,27.358267387000524,1.3350658416748047,1.36328125
fold3_seed29,cova3d_c100_dis_fold3_seed29,C100_DIS,3,29,2796745829,4dc8922660e2d743f56d42eff3942c53e1d1547944e066df03fc38b7ed6d6b64,f2c165cff1d1ba7bb1a00df3f3b3f9abbddeac23c148a7829eddc8fc7546151a,32,33,120,1980,0.13024989708067855,0.041496789302194276,0.08875310868024826,5004,2631,0,59,26,35,0,0,1024.0,1024.0,1024.0,2.6059644763668377,15.688582420349121,2.6773621405624713e-05,27.28630899699965,1.3350658416748047,1.36328125
fold3_seed29,cova3d_c100_dis_fold3_seed29,C100_DIS,3,29,2796745829,4dc8922660e2d743f56d42eff3942c53e1d1547944e066df03fc38b7ed6d6b64,f2c165cff1d1ba7bb1a00df3f3b3f9abbddeac23c148a7829eddc8fc7546151a,33,34,120,2040,0.10657153889639139,0.0361209385929205,0.07045059949159622,4726,2490,2,70,24,26,0,0,1024.0,1024.0,1024.0,2.8169972808410724,19.7314395904541,2.059450057823627e-05,27.277360688000044,1.3350658416748047,1.36328125
fold3_seed29,cova3d_c100_dis_fold3_seed29,C100_DIS,3,29,2796745829,4dc8922660e2d743f56d42eff3942c53e1d1547944e066df03fc38b7ed6d6b64,f2c165cff1d1ba7bb1a00df3f3b3f9abbddeac23c148a7829eddc8fc7546151a,34,35,120,2100,0.18648252380953545,0.04545919737368633,0.14102332641681034,4432,2392,1,58,25,37,0,0,1024.0,1024.0,1024.0,3.4248765112211306,25.922313690185547,1.5294121726440254e-05,27.25460203500006,1.3350658416748047,1.36328125
fold3_seed29,cova3d_c100_dis_fold3_seed29,C100_DIS,3,29,2796745829,4dc8922660e2d743f56d42eff3942c53e1d1547944e066df03fc38b7ed6d6b64,f2c165cff1d1ba7bb1a00df3f3b3f9abbddeac23c148a7829eddc8fc7546151a,35,36,120,2160,0.14361861381375907,0.0505222945441318,0.09309631884098053,4773,2513,0,61,33,26,0,0,1024.0,1024.0,1024.0,3.389734444146355,21.436494827270508,1.0908065214729997e-05,27.305287912000495,1.3350658416748047,1.36328125
fold3_seed29,cova3d_c100_dis_fold3_seed29,C100_DIS,3,29,2796745829,4dc8922660e2d743f56d42eff3942c53e1d1547944e066df03fc38b7ed6d6b64,f2c165cff1d1ba7bb1a00df3f3b3f9abbddeac23c148a7829eddc8fc7546151a,36,37,120,2220,0.11729018455765375,0.03713539037355152,0.08015479495127996,4747,2533,1,61,30,29,0,0,1024.0,1024.0,1024.0,2.935871311884451,25.21656608581543,7.465773747813819e-06,27.425507613999798,1.3350658416748047,1.36328125
fold3_seed29,cova3d_c100_dis_fold3_seed29,C100_DIS,3,29,2796745829,4dc8922660e2d743f56d42eff3942c53e1d1547944e066df03fc38b7ed6d6b64,f2c165cff1d1ba7bb1a00df3f3b3f9abbddeac23c148a7829eddc8fc7546151a,37,38,120,2280,0.17506550425434986,0.05896959888001203,0.11609590401252111,4877,2612,0,62,24,34,0,0,1024.0,1024.0,1024.0,4.258486605683962,48.90740203857422,4.990354727730315e-06,27.18241726999986,1.3350658416748047,1.36328125
fold3_seed29,cova3d_c100_dis_fold3_seed29,C100_DIS,3,29,2796745829,4dc8922660e2d743f56d42eff3942c53e1d1547944e066df03fc38b7ed6d6b64,f2c165cff1d1ba7bb1a00df3f3b3f9abbddeac23c148a7829eddc8fc7546151a,38,39,120,2340,0.18727680165726118,0.04309294263614447,0.14418386022249857,4873,2739,0,61,37,22,0,0,1024.0,1024.0,1024.0,2.788592485028009,19.161283493041992,3.498425138561358e-06,27.216632362999917,1.3350658416748047,1.36328125
fold3_seed29,cova3d_c100_dis_fold3_seed29,C100_DIS,3,29,2796745829,4dc8922660e2d743f56d42eff3942c53e1d1547944e066df03fc38b7ed6d6b64,f2c165cff1d1ba7bb1a00df3f3b3f9abbddeac23c148a7829eddc8fc7546151a,39,40,120,2400,0.16358577846680902,0.03972370588299962,0.12386207282543182,4761,2488,1,55,40,25,0,0,1024.0,1024.0,1024.0,2.8249902802829943,16.440757751464844,3e-06,27.279629440999997,1.3350658416748047,1.36328125
fold3_seed29,cova3d_c100_frg_fold3_seed29,C100_FRG,3,29,2796745829,4dc8922660e2d743f56d42eff3942c53e1d1547944e066df03fc38b7ed6d6b64,f2c165cff1d1ba7bb1a00df3f3b3f9abbddeac23c148a7829eddc8fc7546151a,0,1,120,60,2.544388937127466,1.933952924159045,0.6104360212882359,4487,2489,1,54,30,36,2,2,1024.0,4096.0,1024.0,118.03793201446533,463.2976379394531,0.00017999999999999998,28.7352120179994,1.3341350555419922,1.525390625
fold3_seed29,cova3d_c100_frg_fold3_seed29,C100_FRG,3,29,2796745829,4dc8922660e2d743f56d42eff3942c53e1d1547944e066df03fc38b7ed6d6b64,f2c165cff1d1ba7bb1a00df3f3b3f9abbddeac23c148a7829eddc8fc7546151a,1,2,120,120,1.2135420480486725,0.8135574806264079,0.3999845643838247,4332,2265,1,67,28,25,0,0,1024.0,1024.0,1024.0,35.97477353612582,157.12242126464844,0.0002999445918673937,27.79239304300063,1.3341350555419922,1.525390625
fold3_seed29,cova3d_c100_frg_fold3_seed29,C100_FRG,3,29,2796745829,4dc8922660e2d743f56d42eff3942c53e1d1547944e066df03fc38b7ed6d6b64,f2c165cff1d1ba7bb1a00df3f3b3f9abbddeac23c148a7829eddc8fc7546151a,2,3,120,180,0.9476727521025168,0.5917179132479456,0.35595483481884005,4652,2495,2,61,30,29,0,0,1024.0,1024.0,1024.0,16.40714582602183,70.3902816772461,0.0002991142965839822,27.624761025000225,1.3341350555419922,1.525390625
fold3_seed29,cova3d_c100_frg_fold3_seed29,C100_FRG,3,29,2796745829,4dc8922660e2d743f56d42eff3942c53e1d1547944e066df03fc38b7ed6d6b64,f2c165cff1d1ba7bb1a00df3f3b3f9abbddeac23c148a7829eddc8fc7546151a,3,4,120,240,0.7616272781897957,0.47205627409081596,0.28957100262244545,4530,2230,0,59,36,25,0,0,1024.0,1024.0,1024.0,12.058999999364216,73.49482727050781,0.0002972930965702204,27.647552257000825,1.3341350555419922,1.525390625
fold3_seed29,cova3d_c100_frg_fold3_seed29,C100_FRG,3,29,2796745829,4dc8922660e2d743f56d42eff3942c53e1d1547944e066df03fc38b7ed6d6b64,f2c165cff1d1ba7bb1a00df3f3b3f9abbddeac23c148a7829eddc8fc7546151a,4,5,120,300,0.7046950321178883,0.41106975082463276,0.2936252812544505,4823,2612,3,69,25,26,0,0,1024.0,1024.0,1024.0,9.267849544684092,49.358707427978516,0.0002944932171711482,27.52083140600007,1.3341350555419922,1.525390625
fold3_seed29,cova3d_c100_frg_fold3_seed29,C100_FRG,3,29,2796745829,4dc8922660e2d743f56d42eff3942c53e1d1547944e066df03fc38b7ed6d6b64,f2c165cff1d1ba7bb1a00df3f3b3f9abbddeac23c148a7829eddc8fc7546151a,5,6,120,360,0.6162368267153701,0.3556349997796739,0.2606018294890722,4713,2480,1,59,21,40,0,0,1024.0,1024.0,1024.0,7.504729870955149,21.664695739746094,0.000290733453407337,27.658460124000158,1.3341350555419922,1.525390625
fold3_seed29,cova3d_c100_frg_fold3_seed29,C100_FRG,3,29,2796745829,4dc8922660e2d743f56d42eff3942c53e1d1547944e066df03fc38b7ed6d6b64,f2c165cff1d1ba7bb1a00df3f3b3f9abbddeac23c148a7829eddc8fc7546151a,6,7,120,420,0.6469956166964645,0.39318220632024653,0.25381340583165485,4708,2523,1,58,27,35,0,0,1024.0,1024.0,1024.0,9.531954552729925,41.505470275878906,0.0002860390438077423,27.61939848700058,1.3341350555419922,1.525390625
fold3_seed29,cova3d_c100_frg_fold3_seed29,C100_FRG,3,29,2796745829,4dc8922660e2d743f56d42eff3942c53e1d1547944e066df03fc38b7ed6d6b64,f2c165cff1d1ba7bb1a00df3f3b3f9abbddeac23c148a7829eddc8fc7546151a,7,8,120,480,0.5036633685075989,0.28322338487099236,0.220439982910951,4618,2576,1,65,28,27,0,0,1024.0,1024.0,1024.0,7.36091845035553,29.019254684448242,0.00028044150098859483,27.550724531000014,1.3341350555419922,1.525390625
fold3_seed29,cova3d_c100_frg_fold3_seed29,C100_FRG,3,29,2796745829,4dc8922660e2d743f56d42eff3942c53e1d1547944e066df03fc38b7ed6d6b64,f2c165cff1d1ba7bb1a00df3f3b3f9abbddeac23c148a7829eddc8fc7546151a,8,9,120,540,0.48779411905173525,0.2697186252839553,0.21807549248139063,4951,2818,2,64,29,27,0,0,1024.0,1024.0,1024.0,8.588987763722738,33.85547637939453,0.0002739784001156218,27.565726717999496,1.3341350555419922,1.525390625
fold3_seed29,cova3d_c100_frg_fold3_seed29,C100_FRG,3,29,2796745829,4dc8922660e2d743f56d42eff3942c53e1d1547944e066df03fc38b7ed6d6b64,f2c165cff1d1ba7bb1a00df3f3b3f9abbddeac23c148a7829eddc8fc7546151a,9,10,120,600,0.3898982521459402,0.2184940046526511,0.17140424599250156,4952,2668,1,70,26,24,0,0,1024.0,1024.0,1024.0,6.092904750506083,20.231279373168945,0.0002666931266696063,27.50950719499997,1.3341350555419922,1.525390625
fold3_seed29,cova3d_c100_frg_fold3_seed29,C100_FRG,3,29,2796745829,4dc8922660e2d743f56d42eff3942c53e1d1547944e066df03fc38b7ed6d6b64,f2c165cff1d1ba7bb1a00df3f3b3f9abbddeac23c148a7829eddc8fc7546151a,10,11,120,660,0.42055122700276115,0.22699540658716919,0.1935558204849561,4767,2567,2,59,28,33,0,0,1024.0,1024.0,1024.0,7.234572488069534,32.18467330932617,0.0002586345852084849,27.42790475500078,1.3341350555419922,1.525390625
fold3_seed29,cova3d_c100_frg_fold3_seed29,C100_FRG,3,29,2796745829,4dc8922660e2d743f56d42eff3942c53e1d1547944e066df03fc38b7ed6d6b64,f2c165cff1d1ba7bb1a00df3f3b3f9abbddeac23c148a7829eddc8fc7546151a,11,12,120,720,0.39011333588229413,0.1980149400376831,0.19209839701652526,4982,2694,3,60,31,29,0,0,1024.0,1024.0,1024.0,5.828355715672175,19.490434646606445,0.0002498568710810032,27.418741636999584,1.3341350555419922,1.525390625
fold3_seed29,cova3d_c100_frg_fold3_seed29,C100_FRG,3,29,2796745829,4dc8922660e2d743f56d42eff3942c53e1d1547944e066df03fc38b7ed6d6b64,f2c165cff1d1ba7bb1a00df3f3b3f9abbddeac23c148a7829eddc8fc7546151a,12,13,120,780,0.38886947893576385,0.20360221909577375,0.1852672571937243,4946,2607,0,53,35,32,0,0,1024.0,1024.0,1024.0,6.782521929343542,21.191539764404297,0.0002404189072956492,27.40703971899984,1.3341350555419922,1.525390625
fold3_seed29,cova3d_c100_frg_fold3_seed29,C100_FRG,3,29,2796745829,4dc8922660e2d743f56d42eff3942c53e1d1547944e066df03fc38b7ed6d6b64,f2c165cff1d1ba7bb1a00df3f3b3f9abbddeac23c148a7829eddc8fc7546151a,13,14,120,840,0.3869533753301312,0.18972483145406235,0.19722854296366374,4501,2303,2,53,26,41,0,0,1024.0,1024.0,1024.0,7.125287536283334,37.45787048339844,0.00023038404898248976,27.429600821999884,1.3341350555419922,1.525390625
fold3_seed29,cova3d_c100_frg_fold3_seed29,C100_FRG,3,29,2796745829,4dc8922660e2d743f56d42eff3942c53e1d1547944e066df03fc38b7ed6d6b64,f2c165cff1d1ba7bb1a00df3f3b3f9abbddeac23c148a7829eddc8fc7546151a,14,15,120,900,0.2987657033752839,0.17436744198109863,0.12439826081196467,4550,2292,2,57,39,24,0,0,1024.0,1024.0,1024.0,6.964011709392071,46.086509704589844,0.00021981965810307605,27.431685444999857,1.3341350555419922,1.525390625
fold3_seed29,cova3d_c100_frg_fold3_seed29,C100_FRG,3,29,2796745829,4dc8922660e2d743f56d42eff3942c53e1d1547944e066df03fc38b7ed6d6b64,f2c165cff1d1ba7bb1a00df3f3b3f9abbddeac23c148a7829eddc8fc7546151a,15,16,120,960,0.25473883154273075,0.1428439798273492,0.11189485241969427,4652,2342,1,53,33,34,0,0,1024.0,1024.0,1024.0,5.374506583313147,21.656282424926758,0.00020879665126330557,27.360212575000332,1.3341350555419922,1.525390625
fold3_seed29,cova3d_c100_frg_fold3_seed29,C100_FRG,3,29,2796745829,4dc8922660e2d743f56d42eff3942c53e1d1547944e066df03fc38b7ed6d6b64,f2c165cff1d1ba7bb1a00df3f3b3f9abbddeac23c148a7829eddc8fc7546151a,16,17,120,1020,0.3330373716099757,0.1437506136700904,0.1892867570122083,4683,2525,0,65,28,27,0,0,1024.0,1024.0,1024.0,6.277075710395972,36.67766189575195,0.00019738902366467966,27.354218051000316,1.3341350555419922,1.525390625
fold3_seed29,cova3d_c100_frg_fold3_seed29,C100_FRG,3,29,2796745829,4dc8922660e2d743f56d42eff3942c53e1d1547944e066df03fc38b7ed6d6b64,f2c165cff1d1ba7bb1a00df3f3b3f9abbddeac23c148a7829eddc8fc7546151a,17,18,120,1080,0.2377965505107871,0.12463869927998227,0.1131578505039215,4558,2404,1,57,34,29,0,0,1024.0,1024.0,1024.0,4.841414159536361,17.0546932220459,0.00018567335238957547,27.255300014000568,1.3341350555419922,1.525390625
fold3_seed29,cova3d_c100_frg_fold3_seed29,C100_FRG,3,29,2796745829,4dc8922660e2d743f56d42eff3942c53e1d1547944e066df03fc38b7ed6d6b64,f2c165cff1d1ba7bb1a00df3f3b3f9abbddeac23c148a7829eddc8fc7546151a,18,19,120,1140,0.23914161164737682,0.10311854239976129,0.13602307091156643,4663,2370,1,58,25,37,0,0,1024.0,1024.0,1024.0,4.447836398830017,14.892590522766113,0.0001737282823548769,27.306110049999916,1.3341350555419922,1.525390625
fold3_seed29,cova3d_c100_frg_fold3_seed29,C100_FRG,3,29,2796745829,4dc8922660e2d743f56d42eff3942c53e1d1547944e066df03fc38b7ed6d6b64,f2c165cff1d1ba7bb1a00df3f3b3f9abbddeac23c148a7829eddc8fc7546151a,19,20,120,1200,0.2145949618201011,0.08294847113176142,0.1316464920838674,4900,2723,2,66,27,27,0,0,1024.0,1024.0,1024.0,4.14846849553287,28.617733001708984,0.00016163399838465363,27.34159102600006,1.3341350555419922,1.525390625
fold3_seed29,cova3d_c100_frg_fold3_seed29,C100_FRG,3,29,2796745829,4dc8922660e2d743f56d42eff3942c53e1d1547944e066df03fc38b7ed6d6b64,f2c165cff1d1ba7bb1a00df3f3b3f9abbddeac23c148a7829eddc8fc7546151a,20,21,120,1260,0.1926344944738948,0.09887773056179773,0.093756765127182,5226,2826,2,65,30,25,0,0,1024.0,1024.0,1024.0,3.5644337269167106,43.88767623901367,0.00014947168694575625,27.39639209699999,1.3341350555419922,1.525390625
fold3_seed29,cova3d_c100_frg_fold3_seed29,C100_FRG,3,29,2796745829,4dc8922660e2d743f56d42eff3942c53e1d1547944e066df03fc38b7ed6d6b64,f2c165cff1d1ba7bb1a00df3f3b3f9abbddeac23c148a7829eddc8fc7546151a,21,22,120,1320,0.24681624455450582,0.0846889490150873,0.16212729662656783,4895,2599,1,55,38,27,0,0,1024.0,1024.0,1024.0,4.3133723427851995,33.162391662597656,0.0001373229911595876,27.28262299399921,1.3341350555419922,1.525390625
fold3_seed29,cova3d_c100_frg_fold3_seed29,C100_FRG,3,29,2796745829,4dc8922660e2d743f56d42eff3942c53e1d1547944e066df03fc38b7ed6d6b64,f2c165cff1d1ba7bb1a00df3f3b3f9abbddeac23c148a7829eddc8fc7546151a,22,23,120,1380,0.22490709678149584,0.08169880164689948,0.14320829659700393,4740,2587,1,54,28,38,0,0,1024.0,1024.0,1024.0,4.723173215861122,26.291902542114258,0.00012526946274844474,27.23664132400063,1.3341350555419922,1.525390625
fold3_seed29,cova3d_c100_frg_fold3_seed29,C100_FRG,3,29,2796745829,4dc8922660e2d743f56d42eff3942c53e1d1547944e066df03fc38b7ed6d6b64,f2c165cff1d1ba7bb1a00df3f3b3f9abbddeac23c148a7829eddc8fc7546151a,23,24,120,1440,0.1784497159718266,0.082077041595477,0.0963726744055748,4630,2507,1,71,24,25,0,0,1024.0,1024.0,1024.0,4.68251544199884,35.65913391113281,0.00011339201459540494,27.290589743000055,1.3341350555419922,1.525390625
fold3_seed29,cova3d_c100_frg_fold3_seed29,C100_FRG,3,29,2796745829,4dc8922660e2d743f56d42eff3942c53e1d1547944e066df03fc38b7ed6d6b64,f2c165cff1d1ba7bb1a00df3f3b3f9abbddeac23c148a7829eddc8fc7546151a,24,25,120,1500,0.16153405599664458,0.05729666771536704,0.10423738757769267,5085,2636,1,59,31,30,0,0,1024.0,1024.0,1024.0,3.5868546340504204,35.785400390625,0.00010177037759260854,27.22957450299964,1.3341350555419922,1.525390625
fold3_seed29,cova3d_c100_frg_fold3_seed29,C100_FRG,3,29,2796745829,4dc8922660e2d743f56d42eff3942c53e1d1547944e066df03fc38b7ed6d6b64,f2c165cff1d1ba7bb1a00df3f3b3f9abbddeac23c148a7829eddc8fc7546151a,25,26,120,1560,0.1292591305725864,0.04069144848330571,0.088567682603995,4688,2531,3,67,29,24,0,0,1024.0,1024.0,1024.0,2.700760974238316,25.719390869140625,9.048256542400759e-05,27.224534079000478,1.3341350555419922,1.525390625
fold3_seed29,cova3d_c100_frg_fold3_seed29,C100_FRG,3,29,2796745829,4dc8922660e2d743f56d42eff3942c53e1d1547944e066df03fc38b7ed6d6b64,f2c165cff1d1ba7bb1a00df3f3b3f9abbddeac23c148a7829eddc8fc7546151a,26,27,120,1620,0.11956381964455431,0.043133304778744254,0.07643051495154699,4625,2348,2,64,28,28,0,0,1024.0,1024.0,1024.0,2.744203833055993,9.321999549865723,7.960435087538242e-05,27.11819190799997,1.3341350555419922,1.525390625
fold3_seed29,cova3d_c100_frg_fold3_seed29,C100_FRG,3,29,2796745829,4dc8922660e2d743f56d42eff3942c53e1d1547944e066df03fc38b7ed6d6b64,f2c165cff1d1ba7bb1a00df3f3b3f9abbddeac23c148a7829eddc8fc7546151a,27,28,120,1680,0.2007758435581233,0.06265440281388238,0.13812144001324972,4441,2129,3,55,29,36,0,0,1024.0,1024.0,1024.0,4.111236147924016,29.904203414916992,6.920875718705205e-05,27.014677546999337,1.3341350555419922,1.525390625
fold3_seed29,cova3d_c100_frg_fold3_seed29,C100_FRG,3,29,2796745829,4dc8922660e2d743f56d42eff3942c53e1d1547944e066df03fc38b7ed6d6b64,f2c165cff1d1ba7bb1a00df3f3b3f9abbddeac23c148a7829eddc8fc7546151a,28,29,120,1740,0.2188931106002201,0.048781907441029185,0.17011120468378066,4520,2420,0,55,35,30,0,0,1024.0,1024.0,1024.0,3.940781562651197,28.385034561157227,5.936556786372413e-05,27.08116859799975,1.3341350555419922,1.525390625
fold3_seed29,cova3d_c100_frg_fold3_seed29,C100_FRG,3,29,2796745829,4dc8922660e2d743f56d42eff3942c53e1d1547944e066df03fc38b7ed6d6b64,f2c165cff1d1ba7bb1a00df3f3b3f9abbddeac23c148a7829eddc8fc7546151a,29,30,120,1800,0.21642604860581305,0.1119765329592127,0.10444951852162679,4675,2440,2,58,30,32,0,0,1024.0,1024.0,1024.0,5.3293006980170805,79.64723205566406,5.014085823202989e-05,27.13459655600036,1.3341350555419922,1.525390625
fold3_seed29,cova3d_c100_frg_fold3_seed29,C100_FRG,3,29,2796745829,4dc8922660e2d743f56d42eff3942c53e1d1547944e066df03fc38b7ed6d6b64,f2c165cff1d1ba7bb1a00df3f3b3f9abbddeac23c148a7829eddc8fc7546151a,30,31,120,1860,0.13910709209927935,0.044949665798653386,0.09415742655595144,4766,2523,2,51,25,44,0,0,1024.0,1024.0,1024.0,3.6097576544930536,38.6598014831543,4.159655189030408e-05,27.174742201999834,1.3341350555419922,1.525390625
fold3_seed29,cova3d_c100_frg_fold3_seed29,C100_FRG,3,29,2796745829,4dc8922660e2d743f56d42eff3942c53e1d1547944e066df03fc38b7ed6d6b64,f2c165cff1d1ba7bb1a00df3f3b3f9abbddeac23c148a7829eddc8fc7546151a,31,32,120,1920,0.1578386362668093,0.049437900275155204,0.10840073575576147,4534,2436,0,61,35,24,0,0,1024.0,1024.0,1024.0,3.9228417965273064,29.556304931640625,3.379000502807257e-05,27.094438076000188,1.3341350555419922,1.525390625
fold3_seed29,cova3d_c100_frg_fold3_seed29,C100_FRG,3,29,2796745829,4dc8922660e2d743f56d42eff3942c53e1d1547944e066df03fc38b7ed6d6b64,f2c165cff1d1ba7bb1a00df3f3b3f9abbddeac23c148a7829eddc8fc7546151a,32,33,120,1980,0.11307882961376674,0.028919438949049085,0.08415939062833785,4992,2618,0,59,26,35,0,0,1024.0,1024.0,1024.0,2.146611613438775,22.51407241821289,2.6773621405624713e-05,27.002191876000325,1.3341350555419922,1.525390625
fold3_seed29,cova3d_c100_frg_fold3_seed29,C100_FRG,3,29,2796745829,4dc8922660e2d743f56d42eff3942c53e1d1547944e066df03fc38b7ed6d6b64,f2c165cff1d1ba7bb1a00df3f3b3f9abbddeac23c148a7829eddc8fc7546151a,33,34,120,2040,0.09987917306112741,0.025506393806148785,0.07437277982632319,4755,2487,2,70,24,26,0,0,1024.0,1024.0,1024.0,1.9091455664485693,7.705812931060791,2.059450057823627e-05,26.93492040699948,1.3341350555419922,1.525390625
fold3_seed29,cova3d_c100_frg_fold3_seed29,C100_FRG,3,29,2796745829,4dc8922660e2d743f56d42eff3942c53e1d1547944e066df03fc38b7ed6d6b64,f2c165cff1d1ba7bb1a00df3f3b3f9abbddeac23c148a7829eddc8fc7546151a,34,35,120,2100,0.17214606619463652,0.035988233654796795,0.13615783403317133,4441,2401,1,58,25,37,0,0,1024.0,1024.0,1024.0,3.0367174044251444,17.11136245727539,1.5294121726440254e-05,26.953427875999296,1.3341350555419922,1.525390625
fold3_seed29,cova3d_c100_frg_fold3_seed29,C100_FRG,3,29,2796745829,4dc8922660e2d743f56d42eff3942c53e1d1547944e066df03fc38b7ed6d6b64,f2c165cff1d1ba7bb1a00df3f3b3f9abbddeac23c148a7829eddc8fc7546151a,35,36,120,2160,0.13264053406778942,0.03781657199071541,0.09482396145661671,4808,2576,0,61,33,26,0,0,1024.0,1024.0,1024.0,2.702030380504827,34.12579345703125,1.0908065214729997e-05,26.991439653999805,1.3341350555419922,1.525390625
fold3_seed29,cova3d_c100_frg_fold3_seed29,C100_FRG,3,29,2796745829,4dc8922660e2d743f56d42eff3942c53e1d1547944e066df03fc38b7ed6d6b64,f2c165cff1d1ba7bb1a00df3f3b3f9abbddeac23c148a7829eddc8fc7546151a,36,37,120,2220,0.09965564584208882,0.027316829380337044,0.07233881652355194,4921,2681,1,61,30,29,0,0,1024.0,1024.0,1024.0,2.259370876028682,15.35522174835205,7.465773747813819e-06,27.02821014300025,1.3341350555419922,1.525390625
fold3_seed29,cova3d_c100_frg_fold3_seed29,C100_FRG,3,29,2796745829,4dc8922660e2d743f56d42eff3942c53e1d1547944e066df03fc38b7ed6d6b64,f2c165cff1d1ba7bb1a00df3f3b3f9abbddeac23c148a7829eddc8fc7546151a,37,38,120,2280,0.13902027220362215,0.03224557845378561,0.10677469273408254,4786,2552,1,62,24,34,0,0,1024.0,1024.0,1024.0,2.43649060378472,16.78900146484375,4.990354727730315e-06,26.943473695999273,1.3341350555419922,1.525390625
fold3_seed29,cova3d_c100_frg_fold3_seed29,C100_FRG,3,29,2796745829,4dc8922660e2d743f56d42eff3942c53e1d1547944e066df03fc38b7ed6d6b64,f2c165cff1d1ba7bb1a00df3f3b3f9abbddeac23c148a7829eddc8fc7546151a,38,39,120,2340,0.1712298879341499,0.032555876921283804,0.13867401132980983,4856,2695,0,61,37,22,0,0,1024.0,1024.0,1024.0,1.9161314232895772,8.870505332946777,3.498425138561358e-06,27.10356163399956,1.3341350555419922,1.525390625
fold3_seed29,cova3d_c100_frg_fold3_seed29,C100_FRG,3,29,2796745829,4dc8922660e2d743f56d42eff3942c53e1d1547944e066df03fc38b7ed6d6b64,f2c165cff1d1ba7bb1a00df3f3b3f9abbddeac23c148a7829eddc8fc7546151a,39,40,120,2400,0.14547633797923254,0.02952863147113097,0.11594770749409994,4841,2565,1,55,40,25,0,0,1024.0,1024.0,1024.0,2.3702549251106877,14.863194465637207,3e-06,27.183952362999662,1.3341350555419922,1.525390625
