condition,seed,case_id,source_subject_key,outer_fold,voxel_threshold,prediction_components,eligible_references,small_references,true_positives,false_positives,neutral_small_predictions,recall
C50_COH,17,coronacases_001,coronacases_001,3,0.05,1268,44,10,12,1256,0,0.2727272727272727
C50_COH,17,coronacases_002,coronacases_002,0,0.05,11741,26,0,6,11735,0,0.23076923076923078
C50_COH,17,coronacases_003,coronacases_003,3,0.05,649,36,5,4,645,0,0.1111111111111111
C50_COH,17,coronacases_005,coronacases_005,0,0.05,4245,2,1,1,4244,0,0.5
C50_COH,17,coronacases_006,coronacases_006,2,0.05,2116,1,0,0,2116,0,0.0
C50_COH,17,coronacases_007,coronacases_007,2,0.05,1598,7,0,1,1597,0,0.14285714285714285
C50_COH,17,coronacases_009,coronacases_009,3,0.05,1484,8,2,2,1482,0,0.25
C50_COH,17,coronacases_010,coronacases_010,1,0.05,1378,6,0,1,1377,0,0.16666666666666666
C50_COH,17,radiopaedia_10_85902_1,radiopaedia_case_10,1,0.05,3427,2,0,1,3426,0,0.5
C50_COH,17,radiopaedia_10_85902_3,radiopaedia_case_10,1,0.05,4530,2,1,1,4529,0,0.5
C50_COH,17,radiopaedia_29_86490_1,radiopaedia_case_29,0,0.05,7743,2,0,0,7743,0,0.0
C50_COH,17,radiopaedia_29_86491_1,radiopaedia_case_29,0,0.05,12166,3,0,1,12165,0,0.3333333333333333
C50_COH,17,radiopaedia_36_86526_0,radiopaedia_case_36,2,0.05,1649,31,0,1,1648,0,0.03225806451612903
C50_COH,17,radiopaedia_40_86625_0,radiopaedia_case_40,3,0.05,4257,9,1,1,4256,0,0.1111111111111111
C50_COH,17,radiopaedia_4_85506_1,radiopaedia_case_4,1,0.05,3535,29,0,4,3531,0,0.13793103448275862
C50_COH,17,radiopaedia_7_85703_0,radiopaedia_case_7,2,0.05,3708,4,0,0,3708,0,0.0
C50_COH,17,coronacases_001,coronacases_001,3,0.1,1331,44,10,14,1317,0,0.3181818181818182
C50_COH,17,coronacases_002,coronacases_002,0,0.1,10399,26,0,7,10392,0,0.2692307692307692
C50_COH,17,coronacases_003,coronacases_003,3,0.1,762,36,5,5,757,0,0.1388888888888889
C50_COH,17,coronacases_005,coronacases_005,0,0.1,4089,2,1,1,4088,0,0.5
C50_COH,17,coronacases_006,coronacases_006,2,0.1,2085,1,0,0,2085,0,0.0
C50_COH,17,coronacases_007,coronacases_007,2,0.1,1811,7,0,1,1810,0,0.14285714285714285
C50_COH,17,coronacases_009,coronacases_009,3,0.1,1573,8,2,2,1571,0,0.25
C50_COH,17,coronacases_010,coronacases_010,1,0.1,1444,6,0,1,1443,0,0.16666666666666666
C50_COH,17,radiopaedia_10_85902_1,radiopaedia_case_10,1,0.1,3571,2,0,1,3570,0,0.5
C50_COH,17,radiopaedia_10_85902_3,radiopaedia_case_10,1,0.1,4485,2,1,1,4484,0,0.5
C50_COH,17,radiopaedia_29_86490_1,radiopaedia_case_29,0,0.1,6514,2,0,0,6514,0,0.0
C50_COH,17,radiopaedia_29_86491_1,radiopaedia_case_29,0,0.1,10183,3,0,1,10182,0,0.3333333333333333
C50_COH,17,radiopaedia_36_86526_0,radiopaedia_case_36,2,0.1,1887,31,0,1,1886,0,0.03225806451612903
C50_COH,17,radiopaedia_40_86625_0,radiopaedia_case_40,3,0.1,4135,9,1,1,4134,0,0.1111111111111111
C50_COH,17,radiopaedia_4_85506_1,radiopaedia_case_4,1,0.1,3985,29,0,4,3981,0,0.13793103448275862
C50_COH,17,radiopaedia_7_85703_0,radiopaedia_case_7,2,0.1,3644,4,0,0,3644,0,0.0
C50_COH,17,coronacases_001,coronacases_001,3,0.15,1300,44,10,16,1284,0,0.36363636363636365
C50_COH,17,coronacases_002,coronacases_002,0,0.15,9477,26,0,7,9470,0,0.2692307692307692
C50_COH,17,coronacases_003,coronacases_003,3,0.15,724,36,5,5,719,0,0.1388888888888889
C50_COH,17,coronacases_005,coronacases_005,0,0.15,3910,2,1,1,3909,0,0.5
C50_COH,17,coronacases_006,coronacases_006,2,0.15,2248,1,0,0,2248,0,0.0
C50_COH,17,coronacases_007,coronacases_007,2,0.15,1942,7,0,1,1941,0,0.14285714285714285
C50_COH,17,coronacases_009,coronacases_009,3,0.15,1563,8,2,2,1561,0,0.25
C50_COH,17,coronacases_010,coronacases_010,1,0.15,1653,6,0,1,1652,0,0.16666666666666666
C50_COH,17,radiopaedia_10_85902_1,radiopaedia_case_10,1,0.15,3296,2,0,1,3295,0,0.5
C50_COH,17,radiopaedia_10_85902_3,radiopaedia_case_10,1,0.15,4504,2,1,1,4503,0,0.5
C50_COH,17,radiopaedia_29_86490_1,radiopaedia_case_29,0,0.15,5819,2,0,0,5819,0,0.0
C50_COH,17,radiopaedia_29_86491_1,radiopaedia_case_29,0,0.15,9186,3,0,2,9184,0,0.6666666666666666
C50_COH,17,radiopaedia_36_86526_0,radiopaedia_case_36,2,0.15,2014,31,0,1,2013,0,0.03225806451612903
C50_COH,17,radiopaedia_40_86625_0,radiopaedia_case_40,3,0.15,4025,9,1,1,4024,0,0.1111111111111111
C50_COH,17,radiopaedia_4_85506_1,radiopaedia_case_4,1,0.15,4206,29,0,5,4201,0,0.1724137931034483
C50_COH,17,radiopaedia_7_85703_0,radiopaedia_case_7,2,0.15,3476,4,0,0,3476,0,0.0
C50_COH,17,coronacases_001,coronacases_001,3,0.2,1350,44,10,17,1333,0,0.38636363636363635
C50_COH,17,coronacases_002,coronacases_002,0,0.2,8778,26,0,7,8771,0,0.2692307692307692
C50_COH,17,coronacases_003,coronacases_003,3,0.2,715,36,5,6,709,0,0.16666666666666666
C50_COH,17,coronacases_005,coronacases_005,0,0.2,3726,2,1,1,3725,0,0.5
C50_COH,17,coronacases_006,coronacases_006,2,0.2,2391,1,0,0,2391,0,0.0
C50_COH,17,coronacases_007,coronacases_007,2,0.2,2001,7,0,1,2000,0,0.14285714285714285
C50_COH,17,coronacases_009,coronacases_009,3,0.2,1609,8,2,2,1607,0,0.25
C50_COH,17,coronacases_010,coronacases_010,1,0.2,1888,6,0,1,1887,0,0.16666666666666666
C50_COH,17,radiopaedia_10_85902_1,radiopaedia_case_10,1,0.2,3331,2,0,1,3330,0,0.5
C50_COH,17,radiopaedia_10_85902_3,radiopaedia_case_10,1,0.2,4481,2,1,1,4480,0,0.5
C50_COH,17,radiopaedia_29_86490_1,radiopaedia_case_29,0,0.2,5428,2,0,0,5428,0,0.0
C50_COH,17,radiopaedia_29_86491_1,radiopaedia_case_29,0,0.2,8556,3,0,2,8554,0,0.6666666666666666
C50_COH,17,radiopaedia_36_86526_0,radiopaedia_case_36,2,0.2,1889,31,0,3,1886,0,0.0967741935483871
C50_COH,17,radiopaedia_40_86625_0,radiopaedia_case_40,3,0.2,3901,9,1,1,3900,0,0.1111111111111111
C50_COH,17,radiopaedia_4_85506_1,radiopaedia_case_4,1,0.2,4696,29,0,5,4691,0,0.1724137931034483
C50_COH,17,radiopaedia_7_85703_0,radiopaedia_case_7,2,0.2,3375,4,0,0,3375,0,0.0
C50_COH,17,coronacases_001,coronacases_001,3,0.25,1384,44,10,17,1367,0,0.38636363636363635
C50_COH,17,coronacases_002,coronacases_002,0,0.25,8311,26,0,8,8303,0,0.3076923076923077
C50_COH,17,coronacases_003,coronacases_003,3,0.25,714,36,5,6,708,0,0.16666666666666666
C50_COH,17,coronacases_005,coronacases_005,0,0.25,3608,2,1,1,3607,0,0.5
C50_COH,17,coronacases_006,coronacases_006,2,0.25,2413,1,0,0,2413,0,0.0
C50_COH,17,coronacases_007,coronacases_007,2,0.25,2106,7,0,1,2105,0,0.14285714285714285
C50_COH,17,coronacases_009,coronacases_009,3,0.25,1548,8,2,2,1546,0,0.25
C50_COH,17,coronacases_010,coronacases_010,1,0.25,2055,6,0,1,2054,0,0.16666666666666666
C50_COH,17,radiopaedia_10_85902_1,radiopaedia_case_10,1,0.25,3093,2,0,1,3092,0,0.5
C50_COH,17,radiopaedia_10_85902_3,radiopaedia_case_10,1,0.25,4450,2,1,1,4449,0,0.5
C50_COH,17,radiopaedia_29_86490_1,radiopaedia_case_29,0,0.25,5140,2,0,0,5140,0,0.0
C50_COH,17,radiopaedia_29_86491_1,radiopaedia_case_29,0,0.25,8030,3,0,2,8028,0,0.6666666666666666
C50_COH,17,radiopaedia_36_86526_0,radiopaedia_case_36,2,0.25,1754,31,0,3,1751,0,0.0967741935483871
C50_COH,17,radiopaedia_40_86625_0,radiopaedia_case_40,3,0.25,3848,9,1,1,3847,0,0.1111111111111111
C50_COH,17,radiopaedia_4_85506_1,radiopaedia_case_4,1,0.25,4847,29,0,5,4842,0,0.1724137931034483
C50_COH,17,radiopaedia_7_85703_0,radiopaedia_case_7,2,0.25,3173,4,0,0,3173,0,0.0
C50_COH,17,coronacases_001,coronacases_001,3,0.3,1415,44,10,18,1397,0,0.4090909090909091
C50_COH,17,coronacases_002,coronacases_002,0,0.3,7835,26,0,9,7826,0,0.34615384615384615
C50_COH,17,coronacases_003,coronacases_003,3,0.3,712,36,5,6,706,0,0.16666666666666666
C50_COH,17,coronacases_005,coronacases_005,0,0.3,3503,2,1,1,3502,0,0.5
C50_COH,17,coronacases_006,coronacases_006,2,0.3,2377,1,0,0,2377,0,0.0
C50_COH,17,coronacases_007,coronacases_007,2,0.3,2139,7,0,1,2138,0,0.14285714285714285
C50_COH,17,coronacases_009,coronacases_009,3,0.3,1484,8,2,3,1481,0,0.375
C50_COH,17,coronacases_010,coronacases_010,1,0.3,2337,6,0,1,2336,0,0.16666666666666666
C50_COH,17,radiopaedia_10_85902_1,radiopaedia_case_10,1,0.3,2993,2,0,1,2992,0,0.5
C50_COH,17,radiopaedia_10_85902_3,radiopaedia_case_10,1,0.3,4418,2,1,1,4417,0,0.5
C50_COH,17,radiopaedia_29_86490_1,radiopaedia_case_29,0,0.3,4866,2,0,0,4866,0,0.0
C50_COH,17,radiopaedia_29_86491_1,radiopaedia_case_29,0,0.3,7652,3,0,2,7650,0,0.6666666666666666
C50_COH,17,radiopaedia_36_86526_0,radiopaedia_case_36,2,0.3,1705,31,0,4,1701,0,0.12903225806451613
C50_COH,17,radiopaedia_40_86625_0,radiopaedia_case_40,3,0.3,3736,9,1,1,3735,0,0.1111111111111111
C50_COH,17,radiopaedia_4_85506_1,radiopaedia_case_4,1,0.3,4641,29,0,5,4636,0,0.1724137931034483
C50_COH,17,radiopaedia_7_85703_0,radiopaedia_case_7,2,0.3,3039,4,0,0,3039,0,0.0
C50_COH,17,coronacases_001,coronacases_001,3,0.35,1501,44,10,20,1481,0,0.45454545454545453
C50_COH,17,coronacases_002,coronacases_002,0,0.35,7565,26,0,9,7556,0,0.34615384615384615
C50_COH,17,coronacases_003,coronacases_003,3,0.35,731,36,5,6,725,0,0.16666666666666666
C50_COH,17,coronacases_005,coronacases_005,0,0.35,3393,2,1,1,3392,0,0.5
C50_COH,17,coronacases_006,coronacases_006,2,0.35,2363,1,0,0,2363,0,0.0
C50_COH,17,coronacases_007,coronacases_007,2,0.35,2142,7,0,1,2141,0,0.14285714285714285
C50_COH,17,coronacases_009,coronacases_009,3,0.35,1447,8,2,3,1444,0,0.375
C50_COH,17,coronacases_010,coronacases_010,1,0.35,2598,6,0,1,2597,0,0.16666666666666666
C50_COH,17,radiopaedia_10_85902_1,radiopaedia_case_10,1,0.35,2997,2,0,1,2996,0,0.5
C50_COH,17,radiopaedia_10_85902_3,radiopaedia_case_10,1,0.35,4463,2,1,1,4462,0,0.5
C50_COH,17,radiopaedia_29_86490_1,radiopaedia_case_29,0,0.35,4593,2,0,0,4593,0,0.0
C50_COH,17,radiopaedia_29_86491_1,radiopaedia_case_29,0,0.35,7229,3,0,2,7227,0,0.6666666666666666
C50_COH,17,radiopaedia_36_86526_0,radiopaedia_case_36,2,0.35,1676,31,0,5,1671,0,0.16129032258064516
C50_COH,17,radiopaedia_40_86625_0,radiopaedia_case_40,3,0.35,3659,9,1,1,3658,0,0.1111111111111111
C50_COH,17,radiopaedia_4_85506_1,radiopaedia_case_4,1,0.35,4617,29,0,5,4612,0,0.1724137931034483
C50_COH,17,radiopaedia_7_85703_0,radiopaedia_case_7,2,0.35,2985,4,0,0,2985,0,0.0
C50_COH,17,coronacases_001,coronacases_001,3,0.4,1503,44,10,22,1481,0,0.5
C50_COH,17,coronacases_002,coronacases_002,0,0.4,7120,26,0,9,7111,0,0.34615384615384615
C50_COH,17,coronacases_003,coronacases_003,3,0.4,742,36,5,7,735,0,0.19444444444444445
C50_COH,17,coronacases_005,coronacases_005,0,0.4,3367,2,1,1,3365,1,0.5
C50_COH,17,coronacases_006,coronacases_006,2,0.4,2342,1,0,0,2342,0,0.0
C50_COH,17,coronacases_007,coronacases_007,2,0.4,2094,7,0,1,2093,0,0.14285714285714285
C50_COH,17,coronacases_009,coronacases_009,3,0.4,1433,8,2,3,1430,0,0.375
C50_COH,17,coronacases_010,coronacases_010,1,0.4,2882,6,0,1,2881,0,0.16666666666666666
C50_COH,17,radiopaedia_10_85902_1,radiopaedia_case_10,1,0.4,2951,2,0,1,2950,0,0.5
C50_COH,17,radiopaedia_10_85902_3,radiopaedia_case_10,1,0.4,4567,2,1,1,4566,0,0.5
C50_COH,17,radiopaedia_29_86490_1,radiopaedia_case_29,0,0.4,4348,2,0,0,4348,0,0.0
C50_COH,17,radiopaedia_29_86491_1,radiopaedia_case_29,0,0.4,6805,3,0,2,6803,0,0.6666666666666666
C50_COH,17,radiopaedia_36_86526_0,radiopaedia_case_36,2,0.4,1658,31,0,5,1653,0,0.16129032258064516
C50_COH,17,radiopaedia_40_86625_0,radiopaedia_case_40,3,0.4,3566,9,1,1,3565,0,0.1111111111111111
C50_COH,17,radiopaedia_4_85506_1,radiopaedia_case_4,1,0.4,4506,29,0,5,4501,0,0.1724137931034483
C50_COH,17,radiopaedia_7_85703_0,radiopaedia_case_7,2,0.4,2900,4,0,0,2900,0,0.0
C50_COH,17,coronacases_001,coronacases_001,3,0.45,1503,44,10,23,1480,0,0.5227272727272727
C50_COH,17,coronacases_002,coronacases_002,0,0.45,6764,26,0,9,6755,0,0.34615384615384615
C50_COH,17,coronacases_003,coronacases_003,3,0.45,718,36,5,7,711,0,0.19444444444444445
C50_COH,17,coronacases_005,coronacases_005,0,0.45,3385,2,1,1,3383,1,0.5
C50_COH,17,coronacases_006,coronacases_006,2,0.45,2351,1,0,0,2351,0,0.0
C50_COH,17,coronacases_007,coronacases_007,2,0.45,2029,7,0,1,2028,0,0.14285714285714285
C50_COH,17,coronacases_009,coronacases_009,3,0.45,1410,8,2,3,1407,0,0.375
C50_COH,17,coronacases_010,coronacases_010,1,0.45,3099,6,0,1,3098,0,0.16666666666666666
C50_COH,17,radiopaedia_10_85902_1,radiopaedia_case_10,1,0.45,2956,2,0,1,2955,0,0.5
C50_COH,17,radiopaedia_10_85902_3,radiopaedia_case_10,1,0.45,4635,2,1,1,4634,0,0.5
C50_COH,17,radiopaedia_29_86490_1,radiopaedia_case_29,0,0.45,4180,2,0,0,4180,0,0.0
C50_COH,17,radiopaedia_29_86491_1,radiopaedia_case_29,0,0.45,6543,3,0,2,6541,0,0.6666666666666666
C50_COH,17,radiopaedia_36_86526_0,radiopaedia_case_36,2,0.45,1615,31,0,5,1610,0,0.16129032258064516
C50_COH,17,radiopaedia_40_86625_0,radiopaedia_case_40,3,0.45,3469,9,1,1,3468,0,0.1111111111111111
C50_COH,17,radiopaedia_4_85506_1,radiopaedia_case_4,1,0.45,4448,29,0,5,4443,0,0.1724137931034483
C50_COH,17,radiopaedia_7_85703_0,radiopaedia_case_7,2,0.45,2782,4,0,0,2782,0,0.0
C50_COH,17,coronacases_001,coronacases_001,3,0.5,1480,44,10,22,1458,0,0.5
C50_COH,17,coronacases_002,coronacases_002,0,0.5,6520,26,0,10,6510,0,0.38461538461538464
C50_COH,17,coronacases_003,coronacases_003,3,0.5,721,36,5,7,714,0,0.19444444444444445
C50_COH,17,coronacases_005,coronacases_005,0,0.5,3419,2,1,1,3417,1,0.5
C50_COH,17,coronacases_006,coronacases_006,2,0.5,2338,1,0,0,2338,0,0.0
C50_COH,17,coronacases_007,coronacases_007,2,0.5,1955,7,0,1,1954,0,0.14285714285714285
C50_COH,17,coronacases_009,coronacases_009,3,0.5,1420,8,2,3,1417,0,0.375
C50_COH,17,coronacases_010,coronacases_010,1,0.5,3377,6,0,1,3376,0,0.16666666666666666
C50_COH,17,radiopaedia_10_85902_1,radiopaedia_case_10,1,0.5,2934,2,0,1,2933,0,0.5
C50_COH,17,radiopaedia_10_85902_3,radiopaedia_case_10,1,0.5,4737,2,1,1,4736,0,0.5
C50_COH,17,radiopaedia_29_86490_1,radiopaedia_case_29,0,0.5,3941,2,0,0,3941,0,0.0
C50_COH,17,radiopaedia_29_86491_1,radiopaedia_case_29,0,0.5,6242,3,0,2,6240,0,0.6666666666666666
C50_COH,17,radiopaedia_36_86526_0,radiopaedia_case_36,2,0.5,1650,31,0,4,1646,0,0.12903225806451613
C50_COH,17,radiopaedia_40_86625_0,radiopaedia_case_40,3,0.5,3377,9,1,1,3376,0,0.1111111111111111
C50_COH,17,radiopaedia_4_85506_1,radiopaedia_case_4,1,0.5,4524,29,0,5,4519,0,0.1724137931034483
C50_COH,17,radiopaedia_7_85703_0,radiopaedia_case_7,2,0.5,2756,4,0,0,2756,0,0.0
C50_COH,17,coronacases_001,coronacases_001,3,0.55,1424,44,10,22,1402,0,0.5
C50_COH,17,coronacases_002,coronacases_002,0,0.55,6356,26,0,11,6345,0,0.4230769230769231
C50_COH,17,coronacases_003,coronacases_003,3,0.55,727,36,5,7,720,0,0.19444444444444445
C50_COH,17,coronacases_005,coronacases_005,0,0.55,3402,2,1,1,3400,1,0.5
C50_COH,17,coronacases_006,coronacases_006,2,0.55,2287,1,0,0,2287,0,0.0
C50_COH,17,coronacases_007,coronacases_007,2,0.55,1891,7,0,1,1890,0,0.14285714285714285
C50_COH,17,coronacases_009,coronacases_009,3,0.55,1434,8,2,3,1431,0,0.375
C50_COH,17,coronacases_010,coronacases_010,1,0.55,3654,6,0,1,3653,0,0.16666666666666666
C50_COH,17,radiopaedia_10_85902_1,radiopaedia_case_10,1,0.55,2959,2,0,1,2958,0,0.5
C50_COH,17,radiopaedia_10_85902_3,radiopaedia_case_10,1,0.55,4844,2,1,1,4843,0,0.5
C50_COH,17,radiopaedia_29_86490_1,radiopaedia_case_29,0,0.55,3735,2,0,0,3735,0,0.0
C50_COH,17,radiopaedia_29_86491_1,radiopaedia_case_29,0,0.55,5942,3,0,2,5940,0,0.6666666666666666
C50_COH,17,radiopaedia_36_86526_0,radiopaedia_case_36,2,0.55,1589,31,0,6,1583,0,0.1935483870967742
C50_COH,17,radiopaedia_40_86625_0,radiopaedia_case_40,3,0.55,3257,9,1,1,3256,0,0.1111111111111111
C50_COH,17,radiopaedia_4_85506_1,radiopaedia_case_4,1,0.55,4500,29,0,5,4495,0,0.1724137931034483
C50_COH,17,radiopaedia_7_85703_0,radiopaedia_case_7,2,0.55,2671,4,0,0,2671,0,0.0
C50_COH,17,coronacases_001,coronacases_001,3,0.6,1361,44,10,22,1339,0,0.5
C50_COH,17,coronacases_002,coronacases_002,0,0.6,6074,26,0,11,6063,0,0.4230769230769231
C50_COH,17,coronacases_003,coronacases_003,3,0.6,722,36,5,6,716,0,0.16666666666666666
C50_COH,17,coronacases_005,coronacases_005,0,0.6,3408,2,1,1,3406,1,0.5
C50_COH,17,coronacases_006,coronacases_006,2,0.6,2273,1,0,0,2273,0,0.0
C50_COH,17,coronacases_007,coronacases_007,2,0.6,1834,7,0,1,1833,0,0.14285714285714285
C50_COH,17,coronacases_009,coronacases_009,3,0.6,1481,8,2,3,1478,0,0.375
C50_COH,17,coronacases_010,coronacases_010,1,0.6,3952,6,0,1,3951,0,0.16666666666666666
C50_COH,17,radiopaedia_10_85902_1,radiopaedia_case_10,1,0.6,2989,2,0,1,2988,0,0.5
C50_COH,17,radiopaedia_10_85902_3,radiopaedia_case_10,1,0.6,4980,2,1,1,4979,0,0.5
C50_COH,17,radiopaedia_29_86490_1,radiopaedia_case_29,0,0.6,3541,2,0,0,3541,0,0.0
C50_COH,17,radiopaedia_29_86491_1,radiopaedia_case_29,0,0.6,5682,3,0,2,5680,0,0.6666666666666666
C50_COH,17,radiopaedia_36_86526_0,radiopaedia_case_36,2,0.6,1567,31,0,6,1561,0,0.1935483870967742
C50_COH,17,radiopaedia_40_86625_0,radiopaedia_case_40,3,0.6,3169,9,1,1,3168,0,0.1111111111111111
C50_COH,17,radiopaedia_4_85506_1,radiopaedia_case_4,1,0.6,4585,29,0,6,4579,0,0.20689655172413793
C50_COH,17,radiopaedia_7_85703_0,radiopaedia_case_7,2,0.6,2601,4,0,0,2601,0,0.0
C50_COH,17,coronacases_001,coronacases_001,3,0.65,1293,44,10,21,1272,0,0.4772727272727273
C50_COH,17,coronacases_002,coronacases_002,0,0.65,5761,26,0,11,5750,0,0.4230769230769231
C50_COH,17,coronacases_003,coronacases_003,3,0.65,722,36,5,6,716,0,0.16666666666666666
C50_COH,17,coronacases_005,coronacases_005,0,0.65,3337,2,1,2,3334,1,1.0
C50_COH,17,coronacases_006,coronacases_006,2,0.65,2244,1,0,0,2244,0,0.0
C50_COH,17,coronacases_007,coronacases_007,2,0.65,1765,7,0,2,1763,0,0.2857142857142857
C50_COH,17,coronacases_009,coronacases_009,3,0.65,1421,8,2,3,1418,0,0.375
C50_COH,17,coronacases_010,coronacases_010,1,0.65,4330,6,0,1,4329,0,0.16666666666666666
C50_COH,17,radiopaedia_10_85902_1,radiopaedia_case_10,1,0.65,3131,2,0,1,3130,0,0.5
C50_COH,17,radiopaedia_10_85902_3,radiopaedia_case_10,1,0.65,5184,2,1,1,5183,0,0.5
C50_COH,17,radiopaedia_29_86490_1,radiopaedia_case_29,0,0.65,3374,2,0,0,3374,0,0.0
C50_COH,17,radiopaedia_29_86491_1,radiopaedia_case_29,0,0.65,5430,3,0,2,5428,0,0.6666666666666666
C50_COH,17,radiopaedia_36_86526_0,radiopaedia_case_36,2,0.65,1523,31,0,6,1517,0,0.1935483870967742
C50_COH,17,radiopaedia_40_86625_0,radiopaedia_case_40,3,0.65,3095,9,1,1,3094,0,0.1111111111111111
C50_COH,17,radiopaedia_4_85506_1,radiopaedia_case_4,1,0.65,4755,29,0,6,4749,0,0.20689655172413793
C50_COH,17,radiopaedia_7_85703_0,radiopaedia_case_7,2,0.65,2509,4,0,0,2509,0,0.0
C50_COH,17,coronacases_001,coronacases_001,3,0.7,1228,44,10,20,1208,0,0.45454545454545453
C50_COH,17,coronacases_002,coronacases_002,0,0.7,5464,26,0,12,5452,0,0.46153846153846156
C50_COH,17,coronacases_003,coronacases_003,3,0.7,726,36,5,6,720,0,0.16666666666666666
C50_COH,17,coronacases_005,coronacases_005,0,0.7,3200,2,1,2,3197,1,1.0
C50_COH,17,coronacases_006,coronacases_006,2,0.7,2209,1,0,0,2209,0,0.0
C50_COH,17,coronacases_007,coronacases_007,2,0.7,1741,7,0,2,1739,0,0.2857142857142857
C50_COH,17,coronacases_009,coronacases_009,3,0.7,1368,8,2,3,1365,0,0.375
C50_COH,17,coronacases_010,coronacases_010,1,0.7,4645,6,0,1,4644,0,0.16666666666666666
C50_COH,17,radiopaedia_10_85902_1,radiopaedia_case_10,1,0.7,3315,2,0,1,3314,0,0.5
C50_COH,17,radiopaedia_10_85902_3,radiopaedia_case_10,1,0.7,5410,2,1,1,5409,0,0.5
C50_COH,17,radiopaedia_29_86490_1,radiopaedia_case_29,0,0.7,3183,2,0,0,3183,0,0.0
C50_COH,17,radiopaedia_29_86491_1,radiopaedia_case_29,0,0.7,5204,3,0,2,5202,0,0.6666666666666666
C50_COH,17,radiopaedia_36_86526_0,radiopaedia_case_36,2,0.7,1513,31,0,7,1506,0,0.22580645161290322
C50_COH,17,radiopaedia_40_86625_0,radiopaedia_case_40,3,0.7,3001,9,1,1,3000,0,0.1111111111111111
C50_COH,17,radiopaedia_4_85506_1,radiopaedia_case_4,1,0.7,4964,29,0,7,4957,0,0.2413793103448276
C50_COH,17,radiopaedia_7_85703_0,radiopaedia_case_7,2,0.7,2464,4,0,0,2464,0,0.0
C50_COH,17,coronacases_001,coronacases_001,3,0.75,1181,44,10,19,1162,0,0.4318181818181818
C50_COH,17,coronacases_002,coronacases_002,0,0.75,5126,26,0,13,5113,0,0.5
C50_COH,17,coronacases_003,coronacases_003,3,0.75,700,36,5,6,694,0,0.16666666666666666
C50_COH,17,coronacases_005,coronacases_005,0,0.75,3179,2,1,2,3176,1,1.0
C50_COH,17,coronacases_006,coronacases_006,2,0.75,2092,1,0,0,2092,0,0.0
C50_COH,17,coronacases_007,coronacases_007,2,0.75,1638,7,0,2,1636,0,0.2857142857142857
C50_COH,17,coronacases_009,coronacases_009,3,0.75,1314,8,2,3,1311,0,0.375
C50_COH,17,coronacases_010,coronacases_010,1,0.75,4906,6,0,1,4905,0,0.16666666666666666
C50_COH,17,radiopaedia_10_85902_1,radiopaedia_case_10,1,0.75,3413,2,0,1,3412,0,0.5
C50_COH,17,radiopaedia_10_85902_3,radiopaedia_case_10,1,0.75,5693,2,1,1,5692,0,0.5
C50_COH,17,radiopaedia_29_86490_1,radiopaedia_case_29,0,0.75,3052,2,0,0,3052,0,0.0
C50_COH,17,radiopaedia_29_86491_1,radiopaedia_case_29,0,0.75,4980,3,0,2,4978,0,0.6666666666666666
C50_COH,17,radiopaedia_36_86526_0,radiopaedia_case_36,2,0.75,1556,31,0,7,1549,0,0.22580645161290322
C50_COH,17,radiopaedia_40_86625_0,radiopaedia_case_40,3,0.75,2887,9,1,1,2886,0,0.1111111111111111
C50_COH,17,radiopaedia_4_85506_1,radiopaedia_case_4,1,0.75,5220,29,0,7,5213,0,0.2413793103448276
C50_COH,17,radiopaedia_7_85703_0,radiopaedia_case_7,2,0.75,2410,4,0,0,2410,0,0.0
C50_COH,17,coronacases_001,coronacases_001,3,0.8,1153,44,10,19,1134,0,0.4318181818181818
C50_COH,17,coronacases_002,coronacases_002,0,0.8,4937,26,0,16,4921,0,0.6153846153846154
C50_COH,17,coronacases_003,coronacases_003,3,0.8,674,36,5,6,668,0,0.16666666666666666
C50_COH,17,coronacases_005,coronacases_005,0,0.8,3019,2,1,2,3017,0,1.0
C50_COH,17,coronacases_006,coronacases_006,2,0.8,2063,1,0,0,2063,0,0.0
C50_COH,17,coronacases_007,coronacases_007,2,0.8,1547,7,0,3,1544,0,0.42857142857142855
C50_COH,17,coronacases_009,coronacases_009,3,0.8,1284,8,2,3,1281,0,0.375
C50_COH,17,coronacases_010,coronacases_010,1,0.8,5041,6,0,2,5039,0,0.3333333333333333
C50_COH,17,radiopaedia_10_85902_1,radiopaedia_case_10,1,0.8,3558,2,0,1,3557,0,0.5
C50_COH,17,radiopaedia_10_85902_3,radiopaedia_case_10,1,0.8,6285,2,1,1,6284,0,0.5
C50_COH,17,radiopaedia_29_86490_1,radiopaedia_case_29,0,0.8,2930,2,0,0,2930,0,0.0
C50_COH,17,radiopaedia_29_86491_1,radiopaedia_case_29,0,0.8,4804,3,0,2,4802,0,0.6666666666666666
C50_COH,17,radiopaedia_36_86526_0,radiopaedia_case_36,2,0.8,1603,31,0,7,1596,0,0.22580645161290322
C50_COH,17,radiopaedia_40_86625_0,radiopaedia_case_40,3,0.8,2746,9,1,1,2745,0,0.1111111111111111
C50_COH,17,radiopaedia_4_85506_1,radiopaedia_case_4,1,0.8,5763,29,0,8,5755,0,0.27586206896551724
C50_COH,17,radiopaedia_7_85703_0,radiopaedia_case_7,2,0.8,2387,4,0,0,2387,0,0.0
C50_COH,17,coronacases_001,coronacases_001,3,0.85,1162,44,10,19,1143,0,0.4318181818181818
C50_COH,17,coronacases_002,coronacases_002,0,0.85,4727,26,0,16,4711,0,0.6153846153846154
C50_COH,17,coronacases_003,coronacases_003,3,0.85,683,36,5,6,677,0,0.16666666666666666
C50_COH,17,coronacases_005,coronacases_005,0,0.85,2772,2,1,2,2770,0,1.0
C50_COH,17,coronacases_006,coronacases_006,2,0.85,1960,1,0,0,1960,0,0.0
C50_COH,17,coronacases_007,coronacases_007,2,0.85,1412,7,0,3,1409,0,0.42857142857142855
C50_COH,17,coronacases_009,coronacases_009,3,0.85,1244,8,2,3,1241,0,0.375
C50_COH,17,coronacases_010,coronacases_010,1,0.85,5170,6,0,2,5168,0,0.3333333333333333
C50_COH,17,radiopaedia_10_85902_1,radiopaedia_case_10,1,0.85,3756,2,0,1,3755,0,0.5
C50_COH,17,radiopaedia_10_85902_3,radiopaedia_case_10,1,0.85,7127,2,1,1,7126,0,0.5
C50_COH,17,radiopaedia_29_86490_1,radiopaedia_case_29,0,0.85,2787,2,0,0,2787,0,0.0
C50_COH,17,radiopaedia_29_86491_1,radiopaedia_case_29,0,0.85,4564,3,0,2,4562,0,0.6666666666666666
C50_COH,17,radiopaedia_36_86526_0,radiopaedia_case_36,2,0.85,1680,31,0,8,1672,0,0.25806451612903225
C50_COH,17,radiopaedia_40_86625_0,radiopaedia_case_40,3,0.85,2584,9,1,1,2583,0,0.1111111111111111
C50_COH,17,radiopaedia_4_85506_1,radiopaedia_case_4,1,0.85,6772,29,0,10,6762,0,0.3448275862068966
C50_COH,17,radiopaedia_7_85703_0,radiopaedia_case_7,2,0.85,2361,4,0,0,2361,0,0.0
C50_COH,17,coronacases_001,coronacases_001,3,0.9,1044,44,10,20,1024,0,0.45454545454545453
C50_COH,17,coronacases_002,coronacases_002,0,0.9,4613,26,0,16,4597,0,0.6153846153846154
C50_COH,17,coronacases_003,coronacases_003,3,0.9,620,36,5,6,614,0,0.16666666666666666
C50_COH,17,coronacases_005,coronacases_005,0,0.9,2553,2,1,2,2551,0,1.0
C50_COH,17,coronacases_006,coronacases_006,2,0.9,2026,1,0,0,2026,0,0.0
C50_COH,17,coronacases_007,coronacases_007,2,0.9,1322,7,0,3,1319,0,0.42857142857142855
C50_COH,17,coronacases_009,coronacases_009,3,0.9,1055,8,2,3,1052,0,0.375
C50_COH,17,coronacases_010,coronacases_010,1,0.9,5487,6,0,2,5485,0,0.3333333333333333
C50_COH,17,radiopaedia_10_85902_1,radiopaedia_case_10,1,0.9,4261,2,0,1,4260,0,0.5
C50_COH,17,radiopaedia_10_85902_3,radiopaedia_case_10,1,0.9,8360,2,1,1,8359,0,0.5
C50_COH,17,radiopaedia_29_86490_1,radiopaedia_case_29,0,0.9,2685,2,0,0,2685,0,0.0
C50_COH,17,radiopaedia_29_86491_1,radiopaedia_case_29,0,0.9,4420,3,0,3,4417,0,1.0
C50_COH,17,radiopaedia_36_86526_0,radiopaedia_case_36,2,0.9,1751,31,0,10,1741,0,0.3225806451612903
C50_COH,17,radiopaedia_40_86625_0,radiopaedia_case_40,3,0.9,2459,9,1,1,2458,0,0.1111111111111111
C50_COH,17,radiopaedia_4_85506_1,radiopaedia_case_4,1,0.9,8606,29,0,11,8595,0,0.3793103448275862
C50_COH,17,radiopaedia_7_85703_0,radiopaedia_case_7,2,0.9,2400,4,0,0,2400,0,0.0
C50_COH,17,coronacases_001,coronacases_001,3,0.95,827,44,10,20,806,1,0.45454545454545453
C50_COH,17,coronacases_002,coronacases_002,0,0.95,4238,26,0,19,4219,0,0.7307692307692307
C50_COH,17,coronacases_003,coronacases_003,3,0.95,625,36,5,6,619,0,0.16666666666666666
C50_COH,17,coronacases_005,coronacases_005,0,0.95,2427,2,1,2,2425,0,1.0
C50_COH,17,coronacases_006,coronacases_006,2,0.95,1990,1,0,0,1990,0,0.0
C50_COH,17,coronacases_007,coronacases_007,2,0.95,1214,7,0,3,1211,0,0.42857142857142855
C50_COH,17,coronacases_009,coronacases_009,3,0.95,882,8,2,3,878,1,0.375
C50_COH,17,coronacases_010,coronacases_010,1,0.95,5828,6,0,3,5825,0,0.5
C50_COH,17,radiopaedia_10_85902_1,radiopaedia_case_10,1,0.95,5477,2,0,1,5476,0,0.5
C50_COH,17,radiopaedia_10_85902_3,radiopaedia_case_10,1,0.95,11608,2,1,1,11607,0,0.5
C50_COH,17,radiopaedia_29_86490_1,radiopaedia_case_29,0,0.95,2774,2,0,0,2774,0,0.0
C50_COH,17,radiopaedia_29_86491_1,radiopaedia_case_29,0,0.95,4208,3,0,3,4205,0,1.0
C50_COH,17,radiopaedia_36_86526_0,radiopaedia_case_36,2,0.95,1717,31,0,9,1708,0,0.2903225806451613
C50_COH,17,radiopaedia_40_86625_0,radiopaedia_case_40,3,0.95,2309,9,1,1,2308,0,0.1111111111111111
C50_COH,17,radiopaedia_4_85506_1,radiopaedia_case_4,1,0.95,11512,29,0,12,11500,0,0.41379310344827586
C50_COH,17,radiopaedia_7_85703_0,radiopaedia_case_7,2,0.95,2229,4,0,0,2229,0,0.0
C50_COH,17,coronacases_001,coronacases_001,3,0.975,741,44,10,20,720,1,0.45454545454545453
C50_COH,17,coronacases_002,coronacases_002,0,0.975,3682,26,0,19,3663,0,0.7307692307692307
C50_COH,17,coronacases_003,coronacases_003,3,0.975,722,36,5,6,716,0,0.16666666666666666
C50_COH,17,coronacases_005,coronacases_005,0,0.975,2416,2,1,2,2414,0,1.0
C50_COH,17,coronacases_006,coronacases_006,2,0.975,2043,1,0,0,2043,0,0.0
C50_COH,17,coronacases_007,coronacases_007,2,0.975,1147,7,0,4,1143,0,0.5714285714285714
C50_COH,17,coronacases_009,coronacases_009,3,0.975,810,8,2,4,805,1,0.5
C50_COH,17,coronacases_010,coronacases_010,1,0.975,5573,6,0,3,5570,0,0.5
C50_COH,17,radiopaedia_10_85902_1,radiopaedia_case_10,1,0.975,6876,2,0,1,6875,0,0.5
C50_COH,17,radiopaedia_10_85902_3,radiopaedia_case_10,1,0.975,15728,2,1,1,15727,0,0.5
C50_COH,17,radiopaedia_29_86490_1,radiopaedia_case_29,0,0.975,2771,2,0,0,2771,0,0.0
C50_COH,17,radiopaedia_29_86491_1,radiopaedia_case_29,0,0.975,4055,3,0,3,4052,0,1.0
C50_COH,17,radiopaedia_36_86526_0,radiopaedia_case_36,2,0.975,1624,31,0,10,1614,0,0.3225806451612903
C50_COH,17,radiopaedia_40_86625_0,radiopaedia_case_40,3,0.975,2002,9,1,1,2001,0,0.1111111111111111
C50_COH,17,radiopaedia_4_85506_1,radiopaedia_case_4,1,0.975,13755,29,0,14,13741,0,0.4827586206896552
C50_COH,17,radiopaedia_7_85703_0,radiopaedia_case_7,2,0.975,2082,4,0,0,2082,0,0.0
C50_COH,17,coronacases_001,coronacases_001,3,0.99,736,44,10,19,716,1,0.4318181818181818
C50_COH,17,coronacases_002,coronacases_002,0,0.99,2934,26,0,21,2913,0,0.8076923076923077
C50_COH,17,coronacases_003,coronacases_003,3,0.99,784,36,5,7,777,0,0.19444444444444445
C50_COH,17,coronacases_005,coronacases_005,0,0.99,2207,2,1,2,2205,0,1.0
C50_COH,17,coronacases_006,coronacases_006,2,0.99,2273,1,0,0,2273,0,0.0
C50_COH,17,coronacases_007,coronacases_007,2,0.99,1060,7,0,4,1056,0,0.5714285714285714
C50_COH,17,coronacases_009,coronacases_009,3,0.99,750,8,2,4,745,1,0.5
C50_COH,17,coronacases_010,coronacases_010,1,0.99,4704,6,0,3,4701,0,0.5
C50_COH,17,radiopaedia_10_85902_1,radiopaedia_case_10,1,0.99,8348,2,0,1,8347,0,0.5
C50_COH,17,radiopaedia_10_85902_3,radiopaedia_case_10,1,0.99,20120,2,1,1,20119,0,0.5
C50_COH,17,radiopaedia_29_86490_1,radiopaedia_case_29,0,0.99,2544,2,0,0,2544,0,0.0
C50_COH,17,radiopaedia_29_86491_1,radiopaedia_case_29,0,0.99,3639,3,0,3,3636,0,1.0
C50_COH,17,radiopaedia_36_86526_0,radiopaedia_case_36,2,0.99,1474,31,0,13,1461,0,0.41935483870967744
C50_COH,17,radiopaedia_40_86625_0,radiopaedia_case_40,3,0.99,1869,9,1,1,1868,0,0.1111111111111111
C50_COH,17,radiopaedia_4_85506_1,radiopaedia_case_4,1,0.99,15762,29,0,14,15748,0,0.4827586206896552
C50_COH,17,radiopaedia_7_85703_0,radiopaedia_case_7,2,0.99,2022,4,0,0,2022,0,0.0
C50_COH,17,coronacases_001,coronacases_001,3,0.995,794,44,10,18,775,1,0.4090909090909091
C50_COH,17,coronacases_002,coronacases_002,0,0.995,2467,26,0,23,2444,0,0.8846153846153846
C50_COH,17,coronacases_003,coronacases_003,3,0.995,1108,36,5,6,1102,0,0.16666666666666666
C50_COH,17,coronacases_005,coronacases_005,0,0.995,1737,2,1,2,1735,0,1.0
C50_COH,17,coronacases_006,coronacases_006,2,0.995,2516,1,0,0,2516,0,0.0
C50_COH,17,coronacases_007,coronacases_007,2,0.995,1124,7,0,4,1120,0,0.5714285714285714
C50_COH,17,coronacases_009,coronacases_009,3,0.995,691,8,2,4,686,1,0.5
C50_COH,17,coronacases_010,coronacases_010,1,0.995,4249,6,0,4,4245,0,0.6666666666666666
C50_COH,17,radiopaedia_10_85902_1,radiopaedia_case_10,1,0.995,9959,2,0,1,9958,0,0.5
C50_COH,17,radiopaedia_10_85902_3,radiopaedia_case_10,1,0.995,21900,2,1,1,21899,0,0.5
C50_COH,17,radiopaedia_29_86490_1,radiopaedia_case_29,0,0.995,2314,2,0,0,2314,0,0.0
C50_COH,17,radiopaedia_29_86491_1,radiopaedia_case_29,0,0.995,3224,3,0,3,3221,0,1.0
C50_COH,17,radiopaedia_36_86526_0,radiopaedia_case_36,2,0.995,1421,31,0,17,1404,0,0.5483870967741935
C50_COH,17,radiopaedia_40_86625_0,radiopaedia_case_40,3,0.995,2023,9,1,1,2022,0,0.1111111111111111
C50_COH,17,radiopaedia_4_85506_1,radiopaedia_case_4,1,0.995,17558,29,0,13,17545,0,0.4482758620689655
C50_COH,17,radiopaedia_7_85703_0,radiopaedia_case_7,2,0.995,2085,4,0,0,2085,0,0.0
C50_COH,17,coronacases_001,coronacases_001,3,1.000001,0,44,10,0,0,0,0.0
C50_COH,17,coronacases_002,coronacases_002,0,1.000001,0,26,0,0,0,0,0.0
C50_COH,17,coronacases_003,coronacases_003,3,1.000001,0,36,5,0,0,0,0.0
C50_COH,17,coronacases_005,coronacases_005,0,1.000001,0,2,1,0,0,0,0.0
C50_COH,17,coronacases_006,coronacases_006,2,1.000001,0,1,0,0,0,0,0.0
C50_COH,17,coronacases_007,coronacases_007,2,1.000001,0,7,0,0,0,0,0.0
C50_COH,17,coronacases_009,coronacases_009,3,1.000001,0,8,2,0,0,0,0.0
C50_COH,17,coronacases_010,coronacases_010,1,1.000001,0,6,0,0,0,0,0.0
C50_COH,17,radiopaedia_10_85902_1,radiopaedia_case_10,1,1.000001,0,2,0,0,0,0,0.0
C50_COH,17,radiopaedia_10_85902_3,radiopaedia_case_10,1,1.000001,0,2,1,0,0,0,0.0
C50_COH,17,radiopaedia_29_86490_1,radiopaedia_case_29,0,1.000001,0,2,0,0,0,0,0.0
C50_COH,17,radiopaedia_29_86491_1,radiopaedia_case_29,0,1.000001,0,3,0,0,0,0,0.0
C50_COH,17,radiopaedia_36_86526_0,radiopaedia_case_36,2,1.000001,0,31,0,0,0,0,0.0
C50_COH,17,radiopaedia_40_86625_0,radiopaedia_case_40,3,1.000001,0,9,1,0,0,0,0.0
C50_COH,17,radiopaedia_4_85506_1,radiopaedia_case_4,1,1.000001,0,29,0,0,0,0,0.0
C50_COH,17,radiopaedia_7_85703_0,radiopaedia_case_7,2,1.000001,0,4,0,0,0,0,0.0
C50_COH,29,coronacases_001,coronacases_001,3,0.05,1821,44,10,11,1810,0,0.25
C50_COH,29,coronacases_002,coronacases_002,0,0.05,1581,26,0,4,1577,0,0.15384615384615385
C50_COH,29,coronacases_003,coronacases_003,3,0.05,713,36,5,3,709,1,0.08333333333333333
C50_COH,29,coronacases_005,coronacases_005,0,0.05,986,2,1,0,986,0,0.0
C50_COH,29,coronacases_006,coronacases_006,2,0.05,2749,1,0,0,2749,0,0.0
C50_COH,29,coronacases_007,coronacases_007,2,0.05,1623,7,0,1,1622,0,0.14285714285714285
C50_COH,29,coronacases_009,coronacases_009,3,0.05,1517,8,2,2,1515,0,0.25
C50_COH,29,coronacases_010,coronacases_010,1,0.05,1263,6,0,0,1263,0,0.0
C50_COH,29,radiopaedia_10_85902_1,radiopaedia_case_10,1,0.05,2830,2,0,0,2830,0,0.0
C50_COH,29,radiopaedia_10_85902_3,radiopaedia_case_10,1,0.05,3632,2,1,1,3631,0,0.5
C50_COH,29,radiopaedia_29_86490_1,radiopaedia_case_29,0,0.05,1503,2,0,1,1502,0,0.5
C50_COH,29,radiopaedia_29_86491_1,radiopaedia_case_29,0,0.05,2384,3,0,1,2383,0,0.3333333333333333
C50_COH,29,radiopaedia_36_86526_0,radiopaedia_case_36,2,0.05,3419,31,0,1,3418,0,0.03225806451612903
C50_COH,29,radiopaedia_40_86625_0,radiopaedia_case_40,3,0.05,3512,9,1,1,3511,0,0.1111111111111111
C50_COH,29,radiopaedia_4_85506_1,radiopaedia_case_4,1,0.05,2550,29,0,0,2550,0,0.0
C50_COH,29,radiopaedia_7_85703_0,radiopaedia_case_7,2,0.05,3946,4,0,0,3946,0,0.0
C50_COH,29,coronacases_001,coronacases_001,3,0.1,1794,44,10,12,1782,0,0.2727272727272727
C50_COH,29,coronacases_002,coronacases_002,0,0.1,1668,26,0,5,1663,0,0.19230769230769232
C50_COH,29,coronacases_003,coronacases_003,3,0.1,767,36,5,3,763,1,0.08333333333333333
C50_COH,29,coronacases_005,coronacases_005,0,0.1,1078,2,1,0,1078,0,0.0
C50_COH,29,coronacases_006,coronacases_006,2,0.1,2980,1,0,0,2980,0,0.0
C50_COH,29,coronacases_007,coronacases_007,2,0.1,1937,7,0,2,1935,0,0.2857142857142857
C50_COH,29,coronacases_009,coronacases_009,3,0.1,1602,8,2,3,1599,0,0.375
C50_COH,29,coronacases_010,coronacases_010,1,0.1,1342,6,0,0,1342,0,0.0
C50_COH,29,radiopaedia_10_85902_1,radiopaedia_case_10,1,0.1,2575,2,0,0,2575,0,0.0
C50_COH,29,radiopaedia_10_85902_3,radiopaedia_case_10,1,0.1,3674,2,1,1,3673,0,0.5
C50_COH,29,radiopaedia_29_86490_1,radiopaedia_case_29,0,0.1,1640,2,0,1,1639,0,0.5
C50_COH,29,radiopaedia_29_86491_1,radiopaedia_case_29,0,0.1,2653,3,0,2,2651,0,0.6666666666666666
C50_COH,29,radiopaedia_36_86526_0,radiopaedia_case_36,2,0.1,3168,31,0,1,3167,0,0.03225806451612903
C50_COH,29,radiopaedia_40_86625_0,radiopaedia_case_40,3,0.1,3376,9,1,1,3375,0,0.1111111111111111
C50_COH,29,radiopaedia_4_85506_1,radiopaedia_case_4,1,0.1,2298,29,0,3,2295,0,0.10344827586206896
C50_COH,29,radiopaedia_7_85703_0,radiopaedia_case_7,2,0.1,3787,4,0,0,3787,0,0.0
C50_COH,29,coronacases_001,coronacases_001,3,0.15,1709,44,10,14,1695,0,0.3181818181818182
C50_COH,29,coronacases_002,coronacases_002,0,0.15,1713,26,0,7,1706,0,0.2692307692307692
C50_COH,29,coronacases_003,coronacases_003,3,0.15,780,36,5,5,775,0,0.1388888888888889
C50_COH,29,coronacases_005,coronacases_005,0,0.15,1141,2,1,0,1141,0,0.0
C50_COH,29,coronacases_006,coronacases_006,2,0.15,3091,1,0,0,3091,0,0.0
C50_COH,29,coronacases_007,coronacases_007,2,0.15,2028,7,0,2,2026,0,0.2857142857142857
C50_COH,29,coronacases_009,coronacases_009,3,0.15,1600,8,2,3,1596,1,0.375
C50_COH,29,coronacases_010,coronacases_010,1,0.15,1292,6,0,0,1292,0,0.0
C50_COH,29,radiopaedia_10_85902_1,radiopaedia_case_10,1,0.15,2332,2,0,0,2332,0,0.0
C50_COH,29,radiopaedia_10_85902_3,radiopaedia_case_10,1,0.15,3527,2,1,1,3526,0,0.5
C50_COH,29,radiopaedia_29_86490_1,radiopaedia_case_29,0,0.15,1786,2,0,1,1785,0,0.5
C50_COH,29,radiopaedia_29_86491_1,radiopaedia_case_29,0,0.15,2778,3,0,2,2776,0,0.6666666666666666
C50_COH,29,radiopaedia_36_86526_0,radiopaedia_case_36,2,0.15,3055,31,0,1,3054,0,0.03225806451612903
C50_COH,29,radiopaedia_40_86625_0,radiopaedia_case_40,3,0.15,3225,9,1,1,3224,0,0.1111111111111111
C50_COH,29,radiopaedia_4_85506_1,radiopaedia_case_4,1,0.15,1955,29,0,3,1952,0,0.10344827586206896
C50_COH,29,radiopaedia_7_85703_0,radiopaedia_case_7,2,0.15,3882,4,0,0,3882,0,0.0
C50_COH,29,coronacases_001,coronacases_001,3,0.2,1658,44,10,17,1641,0,0.38636363636363635
C50_COH,29,coronacases_002,coronacases_002,0,0.2,1790,26,0,7,1783,0,0.2692307692307692
C50_COH,29,coronacases_003,coronacases_003,3,0.2,811,36,5,5,806,0,0.1388888888888889
C50_COH,29,coronacases_005,coronacases_005,0,0.2,1191,2,1,0,1191,0,0.0
C50_COH,29,coronacases_006,coronacases_006,2,0.2,3303,1,0,0,3303,0,0.0
C50_COH,29,coronacases_007,coronacases_007,2,0.2,2103,7,0,2,2101,0,0.2857142857142857
C50_COH,29,coronacases_009,coronacases_009,3,0.2,1544,8,2,3,1540,1,0.375
C50_COH,29,coronacases_010,coronacases_010,1,0.2,1249,6,0,0,1249,0,0.0
C50_COH,29,radiopaedia_10_85902_1,radiopaedia_case_10,1,0.2,2091,2,0,0,2091,0,0.0
C50_COH,29,radiopaedia_10_85902_3,radiopaedia_case_10,1,0.2,3402,2,1,1,3401,0,0.5
C50_COH,29,radiopaedia_29_86490_1,radiopaedia_case_29,0,0.2,1842,2,0,1,1841,0,0.5
C50_COH,29,radiopaedia_29_86491_1,radiopaedia_case_29,0,0.2,2945,3,0,2,2943,0,0.6666666666666666
C50_COH,29,radiopaedia_36_86526_0,radiopaedia_case_36,2,0.2,3034,31,0,1,3033,0,0.03225806451612903
C50_COH,29,radiopaedia_40_86625_0,radiopaedia_case_40,3,0.2,3159,9,1,1,3158,0,0.1111111111111111
C50_COH,29,radiopaedia_4_85506_1,radiopaedia_case_4,1,0.2,1672,29,0,3,1669,0,0.10344827586206896
C50_COH,29,radiopaedia_7_85703_0,radiopaedia_case_7,2,0.2,4060,4,0,0,4060,0,0.0
C50_COH,29,coronacases_001,coronacases_001,3,0.25,1590,44,10,17,1573,0,0.38636363636363635
C50_COH,29,coronacases_002,coronacases_002,0,0.25,1836,26,0,7,1829,0,0.2692307692307692
C50_COH,29,coronacases_003,coronacases_003,3,0.25,840,36,5,5,835,0,0.1388888888888889
C50_COH,29,coronacases_005,coronacases_005,0,0.25,1210,2,1,0,1210,0,0.0
C50_COH,29,coronacases_006,coronacases_006,2,0.25,3441,1,0,0,3441,0,0.0
C50_COH,29,coronacases_007,coronacases_007,2,0.25,2145,7,0,2,2143,0,0.2857142857142857
C50_COH,29,coronacases_009,coronacases_009,3,0.25,1541,8,2,3,1537,1,0.375
C50_COH,29,coronacases_010,coronacases_010,1,0.25,1232,6,0,0,1232,0,0.0
C50_COH,29,radiopaedia_10_85902_1,radiopaedia_case_10,1,0.25,1965,2,0,0,1965,0,0.0
C50_COH,29,radiopaedia_10_85902_3,radiopaedia_case_10,1,0.25,3394,2,1,1,3393,0,0.5
C50_COH,29,radiopaedia_29_86490_1,radiopaedia_case_29,0,0.25,1855,2,0,1,1854,0,0.5
C50_COH,29,radiopaedia_29_86491_1,radiopaedia_case_29,0,0.25,2974,3,0,2,2972,0,0.6666666666666666
C50_COH,29,radiopaedia_36_86526_0,radiopaedia_case_36,2,0.25,2994,31,0,2,2992,0,0.06451612903225806
C50_COH,29,radiopaedia_40_86625_0,radiopaedia_case_40,3,0.25,3096,9,1,1,3095,0,0.1111111111111111
C50_COH,29,radiopaedia_4_85506_1,radiopaedia_case_4,1,0.25,1470,29,0,3,1467,0,0.10344827586206896
C50_COH,29,radiopaedia_7_85703_0,radiopaedia_case_7,2,0.25,4211,4,0,0,4211,0,0.0
C50_COH,29,coronacases_001,coronacases_001,3,0.3,1590,44,10,17,1573,0,0.38636363636363635
C50_COH,29,coronacases_002,coronacases_002,0,0.3,1878,26,0,7,1871,0,0.2692307692307692
C50_COH,29,coronacases_003,coronacases_003,3,0.3,847,36,5,5,842,0,0.1388888888888889
C50_COH,29,coronacases_005,coronacases_005,0,0.3,1200,2,1,0,1200,0,0.0
C50_COH,29,coronacases_006,coronacases_006,2,0.3,3692,1,0,0,3692,0,0.0
C50_COH,29,coronacases_007,coronacases_007,2,0.3,2244,7,0,2,2242,0,0.2857142857142857
C50_COH,29,coronacases_009,coronacases_009,3,0.3,1537,8,2,3,1533,1,0.375
C50_COH,29,coronacases_010,coronacases_010,1,0.3,1258,6,0,0,1258,0,0.0
C50_COH,29,radiopaedia_10_85902_1,radiopaedia_case_10,1,0.3,1937,2,0,0,1937,0,0.0
C50_COH,29,radiopaedia_10_85902_3,radiopaedia_case_10,1,0.3,3460,2,1,1,3459,0,0.5
C50_COH,29,radiopaedia_29_86490_1,radiopaedia_case_29,0,0.3,1885,2,0,1,1884,0,0.5
C50_COH,29,radiopaedia_29_86491_1,radiopaedia_case_29,0,0.3,3001,3,0,2,2999,0,0.6666666666666666
C50_COH,29,radiopaedia_36_86526_0,radiopaedia_case_36,2,0.3,3031,31,0,2,3029,0,0.06451612903225806
C50_COH,29,radiopaedia_40_86625_0,radiopaedia_case_40,3,0.3,3038,9,1,1,3037,0,0.1111111111111111
C50_COH,29,radiopaedia_4_85506_1,radiopaedia_case_4,1,0.3,1317,29,0,4,1313,0,0.13793103448275862
C50_COH,29,radiopaedia_7_85703_0,radiopaedia_case_7,2,0.3,4583,4,0,0,4583,0,0.0
C50_COH,29,coronacases_001,coronacases_001,3,0.35,1651,44,10,18,1633,0,0.4090909090909091
C50_COH,29,coronacases_002,coronacases_002,0,0.35,1909,26,0,7,1902,0,0.2692307692307692
C50_COH,29,coronacases_003,coronacases_003,3,0.35,864,36,5,6,858,0,0.16666666666666666
C50_COH,29,coronacases_005,coronacases_005,0,0.35,1177,2,1,0,1177,0,0.0
C50_COH,29,coronacases_006,coronacases_006,2,0.35,3966,1,0,0,3966,0,0.0
C50_COH,29,coronacases_007,coronacases_007,2,0.35,2345,7,0,2,2343,0,0.2857142857142857
C50_COH,29,coronacases_009,coronacases_009,3,0.35,1568,8,2,3,1564,1,0.375
C50_COH,29,coronacases_010,coronacases_010,1,0.35,1285,6,0,0,1285,0,0.0
C50_COH,29,radiopaedia_10_85902_1,radiopaedia_case_10,1,0.35,1923,2,0,1,1922,0,0.5
C50_COH,29,radiopaedia_10_85902_3,radiopaedia_case_10,1,0.35,3488,2,1,1,3487,0,0.5
C50_COH,29,radiopaedia_29_86490_1,radiopaedia_case_29,0,0.35,1835,2,0,1,1834,0,0.5
C50_COH,29,radiopaedia_29_86491_1,radiopaedia_case_29,0,0.35,2994,3,0,2,2992,0,0.6666666666666666
C50_COH,29,radiopaedia_36_86526_0,radiopaedia_case_36,2,0.35,3116,31,0,2,3114,0,0.06451612903225806
C50_COH,29,radiopaedia_40_86625_0,radiopaedia_case_40,3,0.35,2984,9,1,1,2983,0,0.1111111111111111
C50_COH,29,radiopaedia_4_85506_1,radiopaedia_case_4,1,0.35,1353,29,0,4,1349,0,0.13793103448275862
C50_COH,29,radiopaedia_7_85703_0,radiopaedia_case_7,2,0.35,4899,4,0,0,4899,0,0.0
C50_COH,29,coronacases_001,coronacases_001,3,0.4,1675,44,10,19,1656,0,0.4318181818181818
C50_COH,29,coronacases_002,coronacases_002,0,0.4,1956,26,0,7,1949,0,0.2692307692307692
C50_COH,29,coronacases_003,coronacases_003,3,0.4,914,36,5,7,907,0,0.19444444444444445
C50_COH,29,coronacases_005,coronacases_005,0,0.4,1182,2,1,0,1182,0,0.0
C50_COH,29,coronacases_006,coronacases_006,2,0.4,4357,1,0,0,4357,0,0.0
C50_COH,29,coronacases_007,coronacases_007,2,0.4,2512,7,0,2,2510,0,0.2857142857142857
C50_COH,29,coronacases_009,coronacases_009,3,0.4,1524,8,2,3,1520,1,0.375
C50_COH,29,coronacases_010,coronacases_010,1,0.4,1245,6,0,0,1245,0,0.0
C50_COH,29,radiopaedia_10_85902_1,radiopaedia_case_10,1,0.4,1844,2,0,1,1843,0,0.5
C50_COH,29,radiopaedia_10_85902_3,radiopaedia_case_10,1,0.4,3529,2,1,1,3528,0,0.5
C50_COH,29,radiopaedia_29_86490_1,radiopaedia_case_29,0,0.4,1801,2,0,1,1800,0,0.5
C50_COH,29,radiopaedia_29_86491_1,radiopaedia_case_29,0,0.4,2992,3,0,2,2990,0,0.6666666666666666
C50_COH,29,radiopaedia_36_86526_0,radiopaedia_case_36,2,0.4,3302,31,0,2,3300,0,0.06451612903225806
C50_COH,29,radiopaedia_40_86625_0,radiopaedia_case_40,3,0.4,2937,9,1,1,2936,0,0.1111111111111111
C50_COH,29,radiopaedia_4_85506_1,radiopaedia_case_4,1,0.4,1402,29,0,4,1398,0,0.13793103448275862
C50_COH,29,radiopaedia_7_85703_0,radiopaedia_case_7,2,0.4,5461,4,0,0,5461,0,0.0
C50_COH,29,coronacases_001,coronacases_001,3,0.45,1644,44,10,20,1624,0,0.45454545454545453
C50_COH,29,coronacases_002,coronacases_002,0,0.45,1987,26,0,7,1980,0,0.2692307692307692
C50_COH,29,coronacases_003,coronacases_003,3,0.45,909,36,5,8,901,0,0.2222222222222222
C50_COH,29,coronacases_005,coronacases_005,0,0.45,1219,2,1,0,1219,0,0.0
C50_COH,29,coronacases_006,coronacases_006,2,0.45,4854,1,0,0,4854,0,0.0
C50_COH,29,coronacases_007,coronacases_007,2,0.45,2706,7,0,2,2704,0,0.2857142857142857
C50_COH,29,coronacases_009,coronacases_009,3,0.45,1544,8,2,3,1540,1,0.375
C50_COH,29,coronacases_010,coronacases_010,1,0.45,1226,6,0,0,1226,0,0.0
C50_COH,29,radiopaedia_10_85902_1,radiopaedia_case_10,1,0.45,1715,2,0,1,1714,0,0.5
C50_COH,29,radiopaedia_10_85902_3,radiopaedia_case_10,1,0.45,3674,2,1,1,3673,0,0.5
C50_COH,29,radiopaedia_29_86490_1,radiopaedia_case_29,0,0.45,1766,2,0,1,1765,0,0.5
C50_COH,29,radiopaedia_29_86491_1,radiopaedia_case_29,0,0.45,3048,3,0,2,3046,0,0.6666666666666666
C50_COH,29,radiopaedia_36_86526_0,radiopaedia_case_36,2,0.45,3462,31,0,2,3460,0,0.06451612903225806
C50_COH,29,radiopaedia_40_86625_0,radiopaedia_case_40,3,0.45,2920,9,1,1,2919,0,0.1111111111111111
C50_COH,29,radiopaedia_4_85506_1,radiopaedia_case_4,1,0.45,1297,29,0,4,1293,0,0.13793103448275862
C50_COH,29,radiopaedia_7_85703_0,radiopaedia_case_7,2,0.45,6091,4,0,0,6091,0,0.0
C50_COH,29,coronacases_001,coronacases_001,3,0.5,1614,44,10,22,1592,0,0.5
C50_COH,29,coronacases_002,coronacases_002,0,0.5,1925,26,0,7,1918,0,0.2692307692307692
C50_COH,29,coronacases_003,coronacases_003,3,0.5,942,36,5,9,933,0,0.25
C50_COH,29,coronacases_005,coronacases_005,0,0.5,1223,2,1,0,1223,0,0.0
C50_COH,29,coronacases_006,coronacases_006,2,0.5,5469,1,0,0,5469,0,0.0
C50_COH,29,coronacases_007,coronacases_007,2,0.5,2915,7,0,2,2913,0,0.2857142857142857
C50_COH,29,coronacases_009,coronacases_009,3,0.5,1506,8,2,3,1502,1,0.375
C50_COH,29,coronacases_010,coronacases_010,1,0.5,1208,6,0,0,1208,0,0.0
C50_COH,29,radiopaedia_10_85902_1,radiopaedia_case_10,1,0.5,1598,2,0,1,1597,0,0.5
C50_COH,29,radiopaedia_10_85902_3,radiopaedia_case_10,1,0.5,3748,2,1,1,3747,0,0.5
C50_COH,29,radiopaedia_29_86490_1,radiopaedia_case_29,0,0.5,1783,2,0,1,1782,0,0.5
C50_COH,29,radiopaedia_29_86491_1,radiopaedia_case_29,0,0.5,3141,3,0,2,3139,0,0.6666666666666666
C50_COH,29,radiopaedia_36_86526_0,radiopaedia_case_36,2,0.5,3527,31,0,2,3525,0,0.06451612903225806
C50_COH,29,radiopaedia_40_86625_0,radiopaedia_case_40,3,0.5,2972,9,1,2,2970,0,0.2222222222222222
C50_COH,29,radiopaedia_4_85506_1,radiopaedia_case_4,1,0.5,1159,29,0,4,1155,0,0.13793103448275862
C50_COH,29,radiopaedia_7_85703_0,radiopaedia_case_7,2,0.5,6877,4,0,0,6877,0,0.0
C50_COH,29,coronacases_001,coronacases_001,3,0.55,1645,44,10,22,1623,0,0.5
C50_COH,29,coronacases_002,coronacases_002,0,0.55,1888,26,0,7,1881,0,0.2692307692307692
C50_COH,29,coronacases_003,coronacases_003,3,0.55,956,36,5,10,946,0,0.2777777777777778
C50_COH,29,coronacases_005,coronacases_005,0,0.55,1243,2,1,0,1243,0,0.0
C50_COH,29,coronacases_006,coronacases_006,2,0.55,6333,1,0,0,6333,0,0.0
C50_COH,29,coronacases_007,coronacases_007,2,0.55,3183,7,0,2,3181,0,0.2857142857142857
C50_COH,29,coronacases_009,coronacases_009,3,0.55,1520,8,2,3,1516,1,0.375
C50_COH,29,coronacases_010,coronacases_010,1,0.55,1145,6,0,0,1145,0,0.0
C50_COH,29,radiopaedia_10_85902_1,radiopaedia_case_10,1,0.55,1469,2,0,1,1468,0,0.5
C50_COH,29,radiopaedia_10_85902_3,radiopaedia_case_10,1,0.55,3843,2,1,1,3842,0,0.5
C50_COH,29,radiopaedia_29_86490_1,radiopaedia_case_29,0,0.55,1799,2,0,1,1798,0,0.5
C50_COH,29,radiopaedia_29_86491_1,radiopaedia_case_29,0,0.55,3232,3,0,2,3230,0,0.6666666666666666
C50_COH,29,radiopaedia_36_86526_0,radiopaedia_case_36,2,0.55,3629,31,0,2,3627,0,0.06451612903225806
C50_COH,29,radiopaedia_40_86625_0,radiopaedia_case_40,3,0.55,3034,9,1,1,3033,0,0.1111111111111111
C50_COH,29,radiopaedia_4_85506_1,radiopaedia_case_4,1,0.55,1074,29,0,4,1070,0,0.13793103448275862
C50_COH,29,radiopaedia_7_85703_0,radiopaedia_case_7,2,0.55,7699,4,0,0,7699,0,0.0
C50_COH,29,coronacases_001,coronacases_001,3,0.6,1678,44,10,22,1656,0,0.5
C50_COH,29,coronacases_002,coronacases_002,0,0.6,1954,26,0,7,1947,0,0.2692307692307692
C50_COH,29,coronacases_003,coronacases_003,3,0.6,951,36,5,11,940,0,0.3055555555555556
C50_COH,29,coronacases_005,coronacases_005,0,0.6,1324,2,1,0,1324,0,0.0
C50_COH,29,coronacases_006,coronacases_006,2,0.6,7371,1,0,0,7371,0,0.0
C50_COH,29,coronacases_007,coronacases_007,2,0.6,3491,7,0,2,3489,0,0.2857142857142857
C50_COH,29,coronacases_009,coronacases_009,3,0.6,1536,8,2,3,1532,1,0.375
C50_COH,29,coronacases_010,coronacases_010,1,0.6,1095,6,0,0,1095,0,0.0
C50_COH,29,radiopaedia_10_85902_1,radiopaedia_case_10,1,0.6,1430,2,0,1,1429,0,0.5
C50_COH,29,radiopaedia_10_85902_3,radiopaedia_case_10,1,0.6,3894,2,1,1,3893,0,0.5
C50_COH,29,radiopaedia_29_86490_1,radiopaedia_case_29,0,0.6,1748,2,0,1,1747,0,0.5
C50_COH,29,radiopaedia_29_86491_1,radiopaedia_case_29,0,0.6,3213,3,0,2,3211,0,0.6666666666666666
C50_COH,29,radiopaedia_36_86526_0,radiopaedia_case_36,2,0.6,3764,31,0,4,3760,0,0.12903225806451613
C50_COH,29,radiopaedia_40_86625_0,radiopaedia_case_40,3,0.6,3099,9,1,1,3098,0,0.1111111111111111
C50_COH,29,radiopaedia_4_85506_1,radiopaedia_case_4,1,0.6,1028,29,0,4,1024,0,0.13793103448275862
C50_COH,29,radiopaedia_7_85703_0,radiopaedia_case_7,2,0.6,8790,4,0,0,8790,0,0.0
C50_COH,29,coronacases_001,coronacases_001,3,0.65,1799,44,10,21,1778,0,0.4772727272727273
C50_COH,29,coronacases_002,coronacases_002,0,0.65,1956,26,0,7,1949,0,0.2692307692307692
C50_COH,29,coronacases_003,coronacases_003,3,0.65,1009,36,5,10,999,0,0.2777777777777778
C50_COH,29,coronacases_005,coronacases_005,0,0.65,1385,2,1,0,1385,0,0.0
C50_COH,29,coronacases_006,coronacases_006,2,0.65,8363,1,0,0,8363,0,0.0
C50_COH,29,coronacases_007,coronacases_007,2,0.65,3755,7,0,2,3753,0,0.2857142857142857
C50_COH,29,coronacases_009,coronacases_009,3,0.65,1577,8,2,3,1573,1,0.375
C50_COH,29,coronacases_010,coronacases_010,1,0.65,1035,6,0,1,1034,0,0.16666666666666666
C50_COH,29,radiopaedia_10_85902_1,radiopaedia_case_10,1,0.65,1384,2,0,1,1383,0,0.5
C50_COH,29,radiopaedia_10_85902_3,radiopaedia_case_10,1,0.65,3834,2,1,1,3833,0,0.5
C50_COH,29,radiopaedia_29_86490_1,radiopaedia_case_29,0,0.65,1750,2,0,1,1749,0,0.5
C50_COH,29,radiopaedia_29_86491_1,radiopaedia_case_29,0,0.65,3178,3,0,2,3176,0,0.6666666666666666
C50_COH,29,radiopaedia_36_86526_0,radiopaedia_case_36,2,0.65,3996,31,0,5,3991,0,0.16129032258064516
C50_COH,29,radiopaedia_40_86625_0,radiopaedia_case_40,3,0.65,3183,9,1,1,3182,0,0.1111111111111111
C50_COH,29,radiopaedia_4_85506_1,radiopaedia_case_4,1,0.65,1056,29,0,5,1051,0,0.1724137931034483
C50_COH,29,radiopaedia_7_85703_0,radiopaedia_case_7,2,0.65,10030,4,0,0,10030,0,0.0
C50_COH,29,coronacases_001,coronacases_001,3,0.7,1916,44,10,21,1895,0,0.4772727272727273
C50_COH,29,coronacases_002,coronacases_002,0,0.7,1948,26,0,7,1941,0,0.2692307692307692
C50_COH,29,coronacases_003,coronacases_003,3,0.7,1091,36,5,10,1081,0,0.2777777777777778
C50_COH,29,coronacases_005,coronacases_005,0,0.7,1429,2,1,0,1429,0,0.0
C50_COH,29,coronacases_006,coronacases_006,2,0.7,9456,1,0,0,9456,0,0.0
C50_COH,29,coronacases_007,coronacases_007,2,0.7,3926,7,0,2,3924,0,0.2857142857142857
C50_COH,29,coronacases_009,coronacases_009,3,0.7,1714,8,2,3,1710,1,0.375
C50_COH,29,coronacases_010,coronacases_010,1,0.7,992,6,0,2,990,0,0.3333333333333333
C50_COH,29,radiopaedia_10_85902_1,radiopaedia_case_10,1,0.7,1298,2,0,1,1297,0,0.5
C50_COH,29,radiopaedia_10_85902_3,radiopaedia_case_10,1,0.7,3771,2,1,1,3770,0,0.5
C50_COH,29,radiopaedia_29_86490_1,radiopaedia_case_29,0,0.7,1763,2,0,1,1762,0,0.5
C50_COH,29,radiopaedia_29_86491_1,radiopaedia_case_29,0,0.7,3303,3,0,2,3301,0,0.6666666666666666
C50_COH,29,radiopaedia_36_86526_0,radiopaedia_case_36,2,0.7,4325,31,0,5,4320,0,0.16129032258064516
C50_COH,29,radiopaedia_40_86625_0,radiopaedia_case_40,3,0.7,3306,9,1,1,3305,0,0.1111111111111111
C50_COH,29,radiopaedia_4_85506_1,radiopaedia_case_4,1,0.7,1065,29,0,5,1060,0,0.1724137931034483
C50_COH,29,radiopaedia_7_85703_0,radiopaedia_case_7,2,0.7,11576,4,0,0,11576,0,0.0
C50_COH,29,coronacases_001,coronacases_001,3,0.75,2190,44,10,21,2169,0,0.4772727272727273
C50_COH,29,coronacases_002,coronacases_002,0,0.75,1967,26,0,8,1959,0,0.3076923076923077
C50_COH,29,coronacases_003,coronacases_003,3,0.75,1217,36,5,10,1207,0,0.2777777777777778
C50_COH,29,coronacases_005,coronacases_005,0,0.75,1616,2,1,0,1616,0,0.0
C50_COH,29,coronacases_006,coronacases_006,2,0.75,10641,1,0,0,10641,0,0.0
C50_COH,29,coronacases_007,coronacases_007,2,0.75,4194,7,0,2,4192,0,0.2857142857142857
C50_COH,29,coronacases_009,coronacases_009,3,0.75,1914,8,2,3,1910,1,0.375
C50_COH,29,coronacases_010,coronacases_010,1,0.75,988,6,0,2,986,0,0.3333333333333333
C50_COH,29,radiopaedia_10_85902_1,radiopaedia_case_10,1,0.75,1236,2,0,1,1235,0,0.5
C50_COH,29,radiopaedia_10_85902_3,radiopaedia_case_10,1,0.75,3740,2,1,1,3739,0,0.5
C50_COH,29,radiopaedia_29_86490_1,radiopaedia_case_29,0,0.75,1781,2,0,1,1780,0,0.5
C50_COH,29,radiopaedia_29_86491_1,radiopaedia_case_29,0,0.75,3200,3,0,2,3198,0,0.6666666666666666
C50_COH,29,radiopaedia_36_86526_0,radiopaedia_case_36,2,0.75,4856,31,0,4,4852,0,0.12903225806451613
C50_COH,29,radiopaedia_40_86625_0,radiopaedia_case_40,3,0.75,3498,9,1,1,3497,0,0.1111111111111111
C50_COH,29,radiopaedia_4_85506_1,radiopaedia_case_4,1,0.75,1128,29,0,5,1123,0,0.1724137931034483
C50_COH,29,radiopaedia_7_85703_0,radiopaedia_case_7,2,0.75,13185,4,0,0,13185,0,0.0
C50_COH,29,coronacases_001,coronacases_001,3,0.8,2943,44,10,22,2921,0,0.5
C50_COH,29,coronacases_002,coronacases_002,0,0.8,1972,26,0,8,1964,0,0.3076923076923077
C50_COH,29,coronacases_003,coronacases_003,3,0.8,1478,36,5,10,1468,0,0.2777777777777778
C50_COH,29,coronacases_005,coronacases_005,0,0.8,1779,2,1,0,1779,0,0.0
C50_COH,29,coronacases_006,coronacases_006,2,0.8,11764,1,0,0,11764,0,0.0
C50_COH,29,coronacases_007,coronacases_007,2,0.8,4437,7,0,2,4435,0,0.2857142857142857
C50_COH,29,coronacases_009,coronacases_009,3,0.8,2276,8,2,3,2272,1,0.375
C50_COH,29,coronacases_010,coronacases_010,1,0.8,1042,6,0,2,1040,0,0.3333333333333333
C50_COH,29,radiopaedia_10_85902_1,radiopaedia_case_10,1,0.8,1179,2,0,1,1178,0,0.5
C50_COH,29,radiopaedia_10_85902_3,radiopaedia_case_10,1,0.8,3741,2,1,1,3740,0,0.5
C50_COH,29,radiopaedia_29_86490_1,radiopaedia_case_29,0,0.8,1787,2,0,1,1786,0,0.5
C50_COH,29,radiopaedia_29_86491_1,radiopaedia_case_29,0,0.8,3147,3,0,2,3145,0,0.6666666666666666
C50_COH,29,radiopaedia_36_86526_0,radiopaedia_case_36,2,0.8,5483,31,0,4,5479,0,0.12903225806451613
C50_COH,29,radiopaedia_40_86625_0,radiopaedia_case_40,3,0.8,3764,9,1,1,3763,0,0.1111111111111111
C50_COH,29,radiopaedia_4_85506_1,radiopaedia_case_4,1,0.8,1170,29,0,7,1163,0,0.2413793103448276
C50_COH,29,radiopaedia_7_85703_0,radiopaedia_case_7,2,0.8,15067,4,0,0,15067,0,0.0
C50_COH,29,coronacases_001,coronacases_001,3,0.85,4516,44,10,22,4494,0,0.5
C50_COH,29,coronacases_002,coronacases_002,0,0.85,1923,26,0,8,1915,0,0.3076923076923077
C50_COH,29,coronacases_003,coronacases_003,3,0.85,1999,36,5,10,1989,0,0.2777777777777778
C50_COH,29,coronacases_005,coronacases_005,0,0.85,1527,2,1,0,1527,0,0.0
C50_COH,29,coronacases_006,coronacases_006,2,0.85,12957,1,0,0,12957,0,0.0
C50_COH,29,coronacases_007,coronacases_007,2,0.85,4707,7,0,3,4704,0,0.42857142857142855
C50_COH,29,coronacases_009,coronacases_009,3,0.85,2874,8,2,3,2870,1,0.375
C50_COH,29,coronacases_010,coronacases_010,1,0.85,999,6,0,2,997,0,0.3333333333333333
C50_COH,29,radiopaedia_10_85902_1,radiopaedia_case_10,1,0.85,1118,2,0,1,1117,0,0.5
C50_COH,29,radiopaedia_10_85902_3,radiopaedia_case_10,1,0.85,3645,2,1,1,3644,0,0.5
C50_COH,29,radiopaedia_29_86490_1,radiopaedia_case_29,0,0.85,1767,2,0,1,1766,0,0.5
C50_COH,29,radiopaedia_29_86491_1,radiopaedia_case_29,0,0.85,3066,3,0,2,3064,0,0.6666666666666666
C50_COH,29,radiopaedia_36_86526_0,radiopaedia_case_36,2,0.85,6146,31,0,5,6141,0,0.16129032258064516
C50_COH,29,radiopaedia_40_86625_0,radiopaedia_case_40,3,0.85,4114,9,1,1,4113,0,0.1111111111111111
C50_COH,29,radiopaedia_4_85506_1,radiopaedia_case_4,1,0.85,1210,29,0,8,1202,0,0.27586206896551724
C50_COH,29,radiopaedia_7_85703_0,radiopaedia_case_7,2,0.85,17194,4,0,0,17194,0,0.0
C50_COH,29,coronacases_001,coronacases_001,3,0.9,7068,44,10,21,7047,0,0.4772727272727273
C50_COH,29,coronacases_002,coronacases_002,0,0.9,1844,26,0,9,1835,0,0.34615384615384615
C50_COH,29,coronacases_003,coronacases_003,3,0.9,3337,36,5,9,3328,0,0.25
C50_COH,29,coronacases_005,coronacases_005,0,0.9,1126,2,1,0,1126,0,0.0
C50_COH,29,coronacases_006,coronacases_006,2,0.9,13898,1,0,0,13898,0,0.0
C50_COH,29,coronacases_007,coronacases_007,2,0.9,4920,7,0,3,4917,0,0.42857142857142855
C50_COH,29,coronacases_009,coronacases_009,3,0.9,3979,8,2,3,3975,1,0.375
C50_COH,29,coronacases_010,coronacases_010,1,0.9,955,6,0,2,953,0,0.3333333333333333
C50_COH,29,radiopaedia_10_85902_1,radiopaedia_case_10,1,0.9,1067,2,0,1,1066,0,0.5
C50_COH,29,radiopaedia_10_85902_3,radiopaedia_case_10,1,0.9,3426,2,1,1,3425,0,0.5
C50_COH,29,radiopaedia_29_86490_1,radiopaedia_case_29,0,0.9,1840,2,0,1,1839,0,0.5
C50_COH,29,radiopaedia_29_86491_1,radiopaedia_case_29,0,0.9,2990,3,0,2,2988,0,0.6666666666666666
C50_COH,29,radiopaedia_36_86526_0,radiopaedia_case_36,2,0.9,6948,31,0,7,6941,0,0.22580645161290322
C50_COH,29,radiopaedia_40_86625_0,radiopaedia_case_40,3,0.9,4960,9,1,1,4959,0,0.1111111111111111
C50_COH,29,radiopaedia_4_85506_1,radiopaedia_case_4,1,0.9,1134,29,0,9,1125,0,0.3103448275862069
C50_COH,29,radiopaedia_7_85703_0,radiopaedia_case_7,2,0.9,19570,4,0,0,19570,0,0.0
C50_COH,29,coronacases_001,coronacases_001,3,0.95,10110,44,10,20,10090,0,0.45454545454545453
C50_COH,29,coronacases_002,coronacases_002,0,0.95,1826,26,0,11,1815,0,0.4230769230769231
C50_COH,29,coronacases_003,coronacases_003,3,0.95,6877,36,5,11,6866,0,0.3055555555555556
C50_COH,29,coronacases_005,coronacases_005,0,0.95,933,2,1,0,933,0,0.0
C50_COH,29,coronacases_006,coronacases_006,2,0.95,14423,1,0,0,14423,0,0.0
C50_COH,29,coronacases_007,coronacases_007,2,0.95,5169,7,0,3,5166,0,0.42857142857142855
C50_COH,29,coronacases_009,coronacases_009,3,0.95,6358,8,2,3,6354,1,0.375
C50_COH,29,coronacases_010,coronacases_010,1,0.95,898,6,0,2,896,0,0.3333333333333333
C50_COH,29,radiopaedia_10_85902_1,radiopaedia_case_10,1,0.95,978,2,0,1,977,0,0.5
C50_COH,29,radiopaedia_10_85902_3,radiopaedia_case_10,1,0.95,3136,2,1,1,3135,0,0.5
C50_COH,29,radiopaedia_29_86490_1,radiopaedia_case_29,0,0.95,1988,2,0,1,1987,0,0.5
C50_COH,29,radiopaedia_29_86491_1,radiopaedia_case_29,0,0.95,2945,3,0,2,2943,0,0.6666666666666666
C50_COH,29,radiopaedia_36_86526_0,radiopaedia_case_36,2,0.95,7635,31,0,9,7626,0,0.2903225806451613
C50_COH,29,radiopaedia_40_86625_0,radiopaedia_case_40,3,0.95,7834,9,1,1,7833,0,0.1111111111111111
C50_COH,29,radiopaedia_4_85506_1,radiopaedia_case_4,1,0.95,1022,29,0,11,1011,0,0.3793103448275862
C50_COH,29,radiopaedia_7_85703_0,radiopaedia_case_7,2,0.95,21769,4,0,0,21769,0,0.0
C50_COH,29,coronacases_001,coronacases_001,3,0.975,11222,44,10,18,11204,0,0.4090909090909091
C50_COH,29,coronacases_002,coronacases_002,0,0.975,1785,26,0,10,1775,0,0.38461538461538464
C50_COH,29,coronacases_003,coronacases_003,3,0.975,8985,36,5,12,8973,0,0.3333333333333333
C50_COH,29,coronacases_005,coronacases_005,0,0.975,940,2,1,0,940,0,0.0
C50_COH,29,coronacases_006,coronacases_006,2,0.975,14102,1,0,0,14102,0,0.0
C50_COH,29,coronacases_007,coronacases_007,2,0.975,5317,7,0,4,5313,0,0.5714285714285714
C50_COH,29,coronacases_009,coronacases_009,3,0.975,7916,8,2,3,7912,1,0.375
C50_COH,29,coronacases_010,coronacases_010,1,0.975,950,6,0,4,946,0,0.6666666666666666
C50_COH,29,radiopaedia_10_85902_1,radiopaedia_case_10,1,0.975,996,2,0,1,995,0,0.5
C50_COH,29,radiopaedia_10_85902_3,radiopaedia_case_10,1,0.975,2656,2,1,1,2655,0,0.5
C50_COH,29,radiopaedia_29_86490_1,radiopaedia_case_29,0,0.975,2064,2,0,1,2063,0,0.5
C50_COH,29,radiopaedia_29_86491_1,radiopaedia_case_29,0,0.975,2885,3,0,2,2883,0,0.6666666666666666
C50_COH,29,radiopaedia_36_86526_0,radiopaedia_case_36,2,0.975,7737,31,0,11,7726,0,0.3548387096774194
C50_COH,29,radiopaedia_40_86625_0,radiopaedia_case_40,3,0.975,13092,9,1,1,13091,0,0.1111111111111111
C50_COH,29,radiopaedia_4_85506_1,radiopaedia_case_4,1,0.975,1067,29,0,12,1055,0,0.41379310344827586
C50_COH,29,radiopaedia_7_85703_0,radiopaedia_case_7,2,0.975,21092,4,0,0,21092,0,0.0
C50_COH,29,coronacases_001,coronacases_001,3,0.99,10360,44,10,18,10341,1,0.4090909090909091
C50_COH,29,coronacases_002,coronacases_002,0,0.99,1736,26,0,13,1723,0,0.5
C50_COH,29,coronacases_003,coronacases_003,3,0.99,8671,36,5,11,8660,0,0.3055555555555556
C50_COH,29,coronacases_005,coronacases_005,0,0.99,917,2,1,0,917,0,0.0
C50_COH,29,coronacases_006,coronacases_006,2,0.99,11986,1,0,0,11986,0,0.0
C50_COH,29,coronacases_007,coronacases_007,2,0.99,4942,7,0,5,4937,0,0.7142857142857143
C50_COH,29,coronacases_009,coronacases_009,3,0.99,8518,8,2,3,8514,1,0.375
C50_COH,29,coronacases_010,coronacases_010,1,0.99,999,6,0,4,995,0,0.6666666666666666
C50_COH,29,radiopaedia_10_85902_1,radiopaedia_case_10,1,0.99,1130,2,0,1,1129,0,0.5
C50_COH,29,radiopaedia_10_85902_3,radiopaedia_case_10,1,0.99,2482,2,1,1,2481,0,0.5
C50_COH,29,radiopaedia_29_86490_1,radiopaedia_case_29,0,0.99,2153,2,0,1,2152,0,0.5
C50_COH,29,radiopaedia_29_86491_1,radiopaedia_case_29,0,0.99,2908,3,0,2,2906,0,0.6666666666666666
C50_COH,29,radiopaedia_36_86526_0,radiopaedia_case_36,2,0.99,7175,31,0,17,7158,0,0.5483870967741935
C50_COH,29,radiopaedia_40_86625_0,radiopaedia_case_40,3,0.99,21152,9,1,1,21151,0,0.1111111111111111
C50_COH,29,radiopaedia_4_85506_1,radiopaedia_case_4,1,0.99,1224,29,0,14,1210,0,0.4827586206896552
C50_COH,29,radiopaedia_7_85703_0,radiopaedia_case_7,2,0.99,17845,4,0,1,17844,0,0.25
C50_COH,29,coronacases_001,coronacases_001,3,0.995,8986,44,10,17,8969,0,0.38636363636363635
C50_COH,29,coronacases_002,coronacases_002,0,0.995,1709,26,0,15,1694,0,0.5769230769230769
C50_COH,29,coronacases_003,coronacases_003,3,0.995,7720,36,5,12,7708,0,0.3333333333333333
C50_COH,29,coronacases_005,coronacases_005,0,0.995,958,2,1,0,958,0,0.0
C50_COH,29,coronacases_006,coronacases_006,2,0.995,9781,1,0,1,9780,0,1.0
C50_COH,29,coronacases_007,coronacases_007,2,0.995,4673,7,0,4,4669,0,0.5714285714285714
C50_COH,29,coronacases_009,coronacases_009,3,0.995,8000,8,2,3,7996,1,0.375
C50_COH,29,coronacases_010,coronacases_010,1,0.995,1108,6,0,3,1105,0,0.5
C50_COH,29,radiopaedia_10_85902_1,radiopaedia_case_10,1,0.995,1170,2,0,1,1169,0,0.5
C50_COH,29,radiopaedia_10_85902_3,radiopaedia_case_10,1,0.995,2775,2,1,1,2774,0,0.5
C50_COH,29,radiopaedia_29_86490_1,radiopaedia_case_29,0,0.995,2221,2,0,1,2220,0,0.5
C50_COH,29,radiopaedia_29_86491_1,radiopaedia_case_29,0,0.995,2815,3,0,2,2813,0,0.6666666666666666
C50_COH,29,radiopaedia_36_86526_0,radiopaedia_case_36,2,0.995,6775,31,0,19,6756,0,0.6129032258064516
C50_COH,29,radiopaedia_40_86625_0,radiopaedia_case_40,3,0.995,25208,9,1,1,25207,0,0.1111111111111111
C50_COH,29,radiopaedia_4_85506_1,radiopaedia_case_4,1,0.995,1407,29,0,14,1393,0,0.4827586206896552
C50_COH,29,radiopaedia_7_85703_0,radiopaedia_case_7,2,0.995,14825,4,0,2,14823,0,0.5
C50_COH,29,coronacases_001,coronacases_001,3,1.000001,0,44,10,0,0,0,0.0
C50_COH,29,coronacases_002,coronacases_002,0,1.000001,0,26,0,0,0,0,0.0
C50_COH,29,coronacases_003,coronacases_003,3,1.000001,0,36,5,0,0,0,0.0
C50_COH,29,coronacases_005,coronacases_005,0,1.000001,0,2,1,0,0,0,0.0
C50_COH,29,coronacases_006,coronacases_006,2,1.000001,0,1,0,0,0,0,0.0
C50_COH,29,coronacases_007,coronacases_007,2,1.000001,0,7,0,0,0,0,0.0
C50_COH,29,coronacases_009,coronacases_009,3,1.000001,0,8,2,0,0,0,0.0
C50_COH,29,coronacases_010,coronacases_010,1,1.000001,0,6,0,0,0,0,0.0
C50_COH,29,radiopaedia_10_85902_1,radiopaedia_case_10,1,1.000001,0,2,0,0,0,0,0.0
C50_COH,29,radiopaedia_10_85902_3,radiopaedia_case_10,1,1.000001,0,2,1,0,0,0,0.0
C50_COH,29,radiopaedia_29_86490_1,radiopaedia_case_29,0,1.000001,0,2,0,0,0,0,0.0
C50_COH,29,radiopaedia_29_86491_1,radiopaedia_case_29,0,1.000001,0,3,0,0,0,0,0.0
C50_COH,29,radiopaedia_36_86526_0,radiopaedia_case_36,2,1.000001,0,31,0,0,0,0,0.0
C50_COH,29,radiopaedia_40_86625_0,radiopaedia_case_40,3,1.000001,0,9,1,0,0,0,0.0
C50_COH,29,radiopaedia_4_85506_1,radiopaedia_case_4,1,1.000001,0,29,0,0,0,0,0.0
C50_COH,29,radiopaedia_7_85703_0,radiopaedia_case_7,2,1.000001,0,4,0,0,0,0,0.0
C50_COH,43,coronacases_001,coronacases_001,3,0.05,1477,44,10,8,1468,1,0.18181818181818182
C50_COH,43,coronacases_002,coronacases_002,0,0.05,1868,26,0,1,1867,0,0.038461538461538464
C50_COH,43,coronacases_003,coronacases_003,3,0.05,858,36,5,5,852,1,0.1388888888888889
C50_COH,43,coronacases_005,coronacases_005,0,0.05,1170,2,1,0,1170,0,0.0
C50_COH,43,coronacases_006,coronacases_006,2,0.05,2430,1,0,0,2430,0,0.0
C50_COH,43,coronacases_007,coronacases_007,2,0.05,1479,7,0,0,1479,0,0.0
C50_COH,43,coronacases_009,coronacases_009,3,0.05,1566,8,2,1,1565,0,0.125
C50_COH,43,coronacases_010,coronacases_010,1,0.05,1124,6,0,1,1123,0,0.16666666666666666
C50_COH,43,radiopaedia_10_85902_1,radiopaedia_case_10,1,0.05,3217,2,0,1,3216,0,0.5
C50_COH,43,radiopaedia_10_85902_3,radiopaedia_case_10,1,0.05,2764,2,1,1,2763,0,0.5
C50_COH,43,radiopaedia_29_86490_1,radiopaedia_case_29,0,0.05,1973,2,0,0,1973,0,0.0
C50_COH,43,radiopaedia_29_86491_1,radiopaedia_case_29,0,0.05,2879,3,0,1,2878,0,0.3333333333333333
C50_COH,43,radiopaedia_36_86526_0,radiopaedia_case_36,2,0.05,2363,31,0,0,2363,0,0.0
C50_COH,43,radiopaedia_40_86625_0,radiopaedia_case_40,3,0.05,3868,9,1,0,3868,0,0.0
C50_COH,43,radiopaedia_4_85506_1,radiopaedia_case_4,1,0.05,4570,29,0,3,4567,0,0.10344827586206896
C50_COH,43,radiopaedia_7_85703_0,radiopaedia_case_7,2,0.05,4305,4,0,0,4305,0,0.0
C50_COH,43,coronacases_001,coronacases_001,3,0.1,1595,44,10,8,1586,1,0.18181818181818182
C50_COH,43,coronacases_002,coronacases_002,0,0.1,2237,26,0,2,2235,0,0.07692307692307693
C50_COH,43,coronacases_003,coronacases_003,3,0.1,912,36,5,7,904,1,0.19444444444444445
C50_COH,43,coronacases_005,coronacases_005,0,0.1,1382,2,1,0,1382,0,0.0
C50_COH,43,coronacases_006,coronacases_006,2,0.1,2334,1,0,0,2334,0,0.0
C50_COH,43,coronacases_007,coronacases_007,2,0.1,1478,7,0,0,1478,0,0.0
C50_COH,43,coronacases_009,coronacases_009,3,0.1,1898,8,2,1,1897,0,0.125
C50_COH,43,coronacases_010,coronacases_010,1,0.1,1132,6,0,1,1131,0,0.16666666666666666
C50_COH,43,radiopaedia_10_85902_1,radiopaedia_case_10,1,0.1,3629,2,0,1,3628,0,0.5
C50_COH,43,radiopaedia_10_85902_3,radiopaedia_case_10,1,0.1,3054,2,1,1,3053,0,0.5
C50_COH,43,radiopaedia_29_86490_1,radiopaedia_case_29,0,0.1,2439,2,0,0,2439,0,0.0
C50_COH,43,radiopaedia_29_86491_1,radiopaedia_case_29,0,0.1,2990,3,0,1,2989,0,0.3333333333333333
C50_COH,43,radiopaedia_36_86526_0,radiopaedia_case_36,2,0.1,2581,31,0,1,2580,0,0.03225806451612903
C50_COH,43,radiopaedia_40_86625_0,radiopaedia_case_40,3,0.1,3966,9,1,0,3966,0,0.0
C50_COH,43,radiopaedia_4_85506_1,radiopaedia_case_4,1,0.1,3427,29,0,5,3422,0,0.1724137931034483
C50_COH,43,radiopaedia_7_85703_0,radiopaedia_case_7,2,0.1,4352,4,0,0,4352,0,0.0
C50_COH,43,coronacases_001,coronacases_001,3,0.15,1694,44,10,9,1684,1,0.20454545454545456
C50_COH,43,coronacases_002,coronacases_002,0,0.15,2386,26,0,3,2383,0,0.11538461538461539
C50_COH,43,coronacases_003,coronacases_003,3,0.15,893,36,5,8,884,1,0.2222222222222222
C50_COH,43,coronacases_005,coronacases_005,0,0.15,1507,2,1,0,1507,0,0.0
C50_COH,43,coronacases_006,coronacases_006,2,0.15,2354,1,0,0,2354,0,0.0
C50_COH,43,coronacases_007,coronacases_007,2,0.15,1551,7,0,0,1551,0,0.0
C50_COH,43,coronacases_009,coronacases_009,3,0.15,1922,8,2,1,1921,0,0.125
C50_COH,43,coronacases_010,coronacases_010,1,0.15,1141,6,0,1,1140,0,0.16666666666666666
C50_COH,43,radiopaedia_10_85902_1,radiopaedia_case_10,1,0.15,3672,2,0,1,3671,0,0.5
C50_COH,43,radiopaedia_10_85902_3,radiopaedia_case_10,1,0.15,3036,2,1,1,3035,0,0.5
C50_COH,43,radiopaedia_29_86490_1,radiopaedia_case_29,0,0.15,2470,2,0,0,2470,0,0.0
C50_COH,43,radiopaedia_29_86491_1,radiopaedia_case_29,0,0.15,2999,3,0,1,2998,0,0.3333333333333333
C50_COH,43,radiopaedia_36_86526_0,radiopaedia_case_36,2,0.15,2743,31,0,1,2742,0,0.03225806451612903
C50_COH,43,radiopaedia_40_86625_0,radiopaedia_case_40,3,0.15,3931,9,1,0,3931,0,0.0
C50_COH,43,radiopaedia_4_85506_1,radiopaedia_case_4,1,0.15,2950,29,0,5,2945,0,0.1724137931034483
C50_COH,43,radiopaedia_7_85703_0,radiopaedia_case_7,2,0.15,3952,4,0,0,3952,0,0.0
C50_COH,43,coronacases_001,coronacases_001,3,0.2,1854,44,10,13,1840,1,0.29545454545454547
C50_COH,43,coronacases_002,coronacases_002,0,0.2,2442,26,0,4,2438,0,0.15384615384615385
C50_COH,43,coronacases_003,coronacases_003,3,0.2,874,36,5,9,864,1,0.25
C50_COH,43,coronacases_005,coronacases_005,0,0.2,1677,2,1,0,1677,0,0.0
C50_COH,43,coronacases_006,coronacases_006,2,0.2,2386,1,0,0,2386,0,0.0
C50_COH,43,coronacases_007,coronacases_007,2,0.2,1590,7,0,0,1590,0,0.0
C50_COH,43,coronacases_009,coronacases_009,3,0.2,2010,8,2,1,2009,0,0.125
C50_COH,43,coronacases_010,coronacases_010,1,0.2,1102,6,0,1,1101,0,0.16666666666666666
C50_COH,43,radiopaedia_10_85902_1,radiopaedia_case_10,1,0.2,3697,2,0,1,3696,0,0.5
C50_COH,43,radiopaedia_10_85902_3,radiopaedia_case_10,1,0.2,2998,2,1,1,2997,0,0.5
C50_COH,43,radiopaedia_29_86490_1,radiopaedia_case_29,0,0.2,2455,2,0,0,2455,0,0.0
C50_COH,43,radiopaedia_29_86491_1,radiopaedia_case_29,0,0.2,2873,3,0,1,2872,0,0.3333333333333333
C50_COH,43,radiopaedia_36_86526_0,radiopaedia_case_36,2,0.2,2642,31,0,2,2640,0,0.06451612903225806
C50_COH,43,radiopaedia_40_86625_0,radiopaedia_case_40,3,0.2,3880,9,1,0,3880,0,0.0
C50_COH,43,radiopaedia_4_85506_1,radiopaedia_case_4,1,0.2,2399,29,0,5,2394,0,0.1724137931034483
C50_COH,43,radiopaedia_7_85703_0,radiopaedia_case_7,2,0.2,3577,4,0,0,3577,0,0.0
C50_COH,43,coronacases_001,coronacases_001,3,0.25,2042,44,10,11,2030,1,0.25
C50_COH,43,coronacases_002,coronacases_002,0,0.25,2535,26,0,5,2530,0,0.19230769230769232
C50_COH,43,coronacases_003,coronacases_003,3,0.25,890,36,5,10,879,1,0.2777777777777778
C50_COH,43,coronacases_005,coronacases_005,0,0.25,1785,2,1,0,1785,0,0.0
C50_COH,43,coronacases_006,coronacases_006,2,0.25,2486,1,0,0,2486,0,0.0
C50_COH,43,coronacases_007,coronacases_007,2,0.25,1616,7,0,0,1616,0,0.0
C50_COH,43,coronacases_009,coronacases_009,3,0.25,2062,8,2,1,2061,0,0.125
C50_COH,43,coronacases_010,coronacases_010,1,0.25,1087,6,0,1,1086,0,0.16666666666666666
C50_COH,43,radiopaedia_10_85902_1,radiopaedia_case_10,1,0.25,3497,2,0,1,3496,0,0.5
C50_COH,43,radiopaedia_10_85902_3,radiopaedia_case_10,1,0.25,2958,2,1,1,2957,0,0.5
C50_COH,43,radiopaedia_29_86490_1,radiopaedia_case_29,0,0.25,2413,2,0,0,2413,0,0.0
C50_COH,43,radiopaedia_29_86491_1,radiopaedia_case_29,0,0.25,2809,3,0,1,2808,0,0.3333333333333333
C50_COH,43,radiopaedia_36_86526_0,radiopaedia_case_36,2,0.25,2441,31,0,2,2439,0,0.06451612903225806
C50_COH,43,radiopaedia_40_86625_0,radiopaedia_case_40,3,0.25,3855,9,1,1,3854,0,0.1111111111111111
C50_COH,43,radiopaedia_4_85506_1,radiopaedia_case_4,1,0.25,1909,29,0,5,1904,0,0.1724137931034483
C50_COH,43,radiopaedia_7_85703_0,radiopaedia_case_7,2,0.25,3356,4,0,0,3356,0,0.0
C50_COH,43,coronacases_001,coronacases_001,3,0.3,2041,44,10,15,2025,1,0.3409090909090909
C50_COH,43,coronacases_002,coronacases_002,0,0.3,2642,26,0,5,2637,0,0.19230769230769232
C50_COH,43,coronacases_003,coronacases_003,3,0.3,916,36,5,10,905,1,0.2777777777777778
C50_COH,43,coronacases_005,coronacases_005,0,0.3,1880,2,1,0,1880,0,0.0
C50_COH,43,coronacases_006,coronacases_006,2,0.3,2447,1,0,0,2447,0,0.0
C50_COH,43,coronacases_007,coronacases_007,2,0.3,1669,7,0,0,1669,0,0.0
C50_COH,43,coronacases_009,coronacases_009,3,0.3,2064,8,2,1,2063,0,0.125
C50_COH,43,coronacases_010,coronacases_010,1,0.3,1067,6,0,1,1066,0,0.16666666666666666
C50_COH,43,radiopaedia_10_85902_1,radiopaedia_case_10,1,0.3,3406,2,0,1,3405,0,0.5
C50_COH,43,radiopaedia_10_85902_3,radiopaedia_case_10,1,0.3,3014,2,1,1,3013,0,0.5
C50_COH,43,radiopaedia_29_86490_1,radiopaedia_case_29,0,0.3,2449,2,0,0,2449,0,0.0
C50_COH,43,radiopaedia_29_86491_1,radiopaedia_case_29,0,0.3,2827,3,0,1,2826,0,0.3333333333333333
C50_COH,43,radiopaedia_36_86526_0,radiopaedia_case_36,2,0.3,2396,31,0,2,2394,0,0.06451612903225806
C50_COH,43,radiopaedia_40_86625_0,radiopaedia_case_40,3,0.3,3780,9,1,1,3779,0,0.1111111111111111
C50_COH,43,radiopaedia_4_85506_1,radiopaedia_case_4,1,0.3,1646,29,0,5,1641,0,0.1724137931034483
C50_COH,43,radiopaedia_7_85703_0,radiopaedia_case_7,2,0.3,3225,4,0,0,3225,0,0.0
C50_COH,43,coronacases_001,coronacases_001,3,0.35,1872,44,10,16,1855,1,0.36363636363636365
C50_COH,43,coronacases_002,coronacases_002,0,0.35,2860,26,0,6,2854,0,0.23076923076923078
C50_COH,43,coronacases_003,coronacases_003,3,0.35,886,36,5,9,876,1,0.25
C50_COH,43,coronacases_005,coronacases_005,0,0.35,1902,2,1,0,1902,0,0.0
C50_COH,43,coronacases_006,coronacases_006,2,0.35,2331,1,0,0,2331,0,0.0
C50_COH,43,coronacases_007,coronacases_007,2,0.35,1639,7,0,0,1639,0,0.0
C50_COH,43,coronacases_009,coronacases_009,3,0.35,2118,8,2,1,2117,0,0.125
C50_COH,43,coronacases_010,coronacases_010,1,0.35,1044,6,0,1,1043,0,0.16666666666666666
C50_COH,43,radiopaedia_10_85902_1,radiopaedia_case_10,1,0.35,3273,2,0,1,3272,0,0.5
C50_COH,43,radiopaedia_10_85902_3,radiopaedia_case_10,1,0.35,3010,2,1,1,3009,0,0.5
C50_COH,43,radiopaedia_29_86490_1,radiopaedia_case_29,0,0.35,2544,2,0,0,2544,0,0.0
C50_COH,43,radiopaedia_29_86491_1,radiopaedia_case_29,0,0.35,2816,3,0,1,2815,0,0.3333333333333333
C50_COH,43,radiopaedia_36_86526_0,radiopaedia_case_36,2,0.35,2307,31,0,2,2305,0,0.06451612903225806
C50_COH,43,radiopaedia_40_86625_0,radiopaedia_case_40,3,0.35,3658,9,1,1,3657,0,0.1111111111111111
C50_COH,43,radiopaedia_4_85506_1,radiopaedia_case_4,1,0.35,1412,29,0,5,1407,0,0.1724137931034483
C50_COH,43,radiopaedia_7_85703_0,radiopaedia_case_7,2,0.35,3099,4,0,0,3099,0,0.0
C50_COH,43,coronacases_001,coronacases_001,3,0.4,1821,44,10,18,1802,1,0.4090909090909091
C50_COH,43,coronacases_002,coronacases_002,0,0.4,3014,26,0,6,3008,0,0.23076923076923078
C50_COH,43,coronacases_003,coronacases_003,3,0.4,882,36,5,8,873,1,0.2222222222222222
C50_COH,43,coronacases_005,coronacases_005,0,0.4,2009,2,1,0,2009,0,0.0
C50_COH,43,coronacases_006,coronacases_006,2,0.4,2204,1,0,0,2204,0,0.0
C50_COH,43,coronacases_007,coronacases_007,2,0.4,1616,7,0,0,1616,0,0.0
C50_COH,43,coronacases_009,coronacases_009,3,0.4,2139,8,2,1,2138,0,0.125
C50_COH,43,coronacases_010,coronacases_010,1,0.4,1025,6,0,2,1023,0,0.3333333333333333
C50_COH,43,radiopaedia_10_85902_1,radiopaedia_case_10,1,0.4,3114,2,0,1,3113,0,0.5
C50_COH,43,radiopaedia_10_85902_3,radiopaedia_case_10,1,0.4,3031,2,1,1,3030,0,0.5
C50_COH,43,radiopaedia_29_86490_1,radiopaedia_case_29,0,0.4,2768,2,0,0,2768,0,0.0
C50_COH,43,radiopaedia_29_86491_1,radiopaedia_case_29,0,0.4,2864,3,0,1,2863,0,0.3333333333333333
C50_COH,43,radiopaedia_36_86526_0,radiopaedia_case_36,2,0.4,2180,31,0,2,2178,0,0.06451612903225806
C50_COH,43,radiopaedia_40_86625_0,radiopaedia_case_40,3,0.4,3505,9,1,1,3504,0,0.1111111111111111
C50_COH,43,radiopaedia_4_85506_1,radiopaedia_case_4,1,0.4,1346,29,0,5,1341,0,0.1724137931034483
C50_COH,43,radiopaedia_7_85703_0,radiopaedia_case_7,2,0.4,2911,4,0,0,2911,0,0.0
C50_COH,43,coronacases_001,coronacases_001,3,0.45,1834,44,10,18,1815,1,0.4090909090909091
C50_COH,43,coronacases_002,coronacases_002,0,0.45,3057,26,0,7,3050,0,0.2692307692307692
C50_COH,43,coronacases_003,coronacases_003,3,0.45,875,36,5,8,866,1,0.2222222222222222
C50_COH,43,coronacases_005,coronacases_005,0,0.45,2094,2,1,0,2094,0,0.0
C50_COH,43,coronacases_006,coronacases_006,2,0.45,2098,1,0,0,2098,0,0.0
C50_COH,43,coronacases_007,coronacases_007,2,0.45,1606,7,0,0,1606,0,0.0
C50_COH,43,coronacases_009,coronacases_009,3,0.45,2065,8,2,1,2064,0,0.125
C50_COH,43,coronacases_010,coronacases_010,1,0.45,1020,6,0,2,1018,0,0.3333333333333333
C50_COH,43,radiopaedia_10_85902_1,radiopaedia_case_10,1,0.45,2898,2,0,1,2897,0,0.5
C50_COH,43,radiopaedia_10_85902_3,radiopaedia_case_10,1,0.45,3013,2,1,1,3012,0,0.5
C50_COH,43,radiopaedia_29_86490_1,radiopaedia_case_29,0,0.45,2914,2,0,1,2913,0,0.5
C50_COH,43,radiopaedia_29_86491_1,radiopaedia_case_29,0,0.45,2879,3,0,1,2878,0,0.3333333333333333
C50_COH,43,radiopaedia_36_86526_0,radiopaedia_case_36,2,0.45,2120,31,0,2,2118,0,0.06451612903225806
C50_COH,43,radiopaedia_40_86625_0,radiopaedia_case_40,3,0.45,3402,9,1,1,3401,0,0.1111111111111111
C50_COH,43,radiopaedia_4_85506_1,radiopaedia_case_4,1,0.45,1310,29,0,5,1305,0,0.1724137931034483
C50_COH,43,radiopaedia_7_85703_0,radiopaedia_case_7,2,0.45,2808,4,0,0,2808,0,0.0
C50_COH,43,coronacases_001,coronacases_001,3,0.5,1792,44,10,20,1772,0,0.45454545454545453
C50_COH,43,coronacases_002,coronacases_002,0,0.5,3135,26,0,8,3127,0,0.3076923076923077
C50_COH,43,coronacases_003,coronacases_003,3,0.5,841,36,5,8,832,1,0.2222222222222222
C50_COH,43,coronacases_005,coronacases_005,0,0.5,2222,2,1,0,2222,0,0.0
C50_COH,43,coronacases_006,coronacases_006,2,0.5,2039,1,0,0,2039,0,0.0
C50_COH,43,coronacases_007,coronacases_007,2,0.5,1595,7,0,0,1595,0,0.0
C50_COH,43,coronacases_009,coronacases_009,3,0.5,1883,8,2,1,1882,0,0.125
C50_COH,43,coronacases_010,coronacases_010,1,0.5,997,6,0,2,995,0,0.3333333333333333
C50_COH,43,radiopaedia_10_85902_1,radiopaedia_case_10,1,0.5,2649,2,0,1,2648,0,0.5
C50_COH,43,radiopaedia_10_85902_3,radiopaedia_case_10,1,0.5,3047,2,1,1,3046,0,0.5
C50_COH,43,radiopaedia_29_86490_1,radiopaedia_case_29,0,0.5,3074,2,0,1,3073,0,0.5
C50_COH,43,radiopaedia_29_86491_1,radiopaedia_case_29,0,0.5,2832,3,0,1,2831,0,0.3333333333333333
C50_COH,43,radiopaedia_36_86526_0,radiopaedia_case_36,2,0.5,2031,31,0,2,2029,0,0.06451612903225806
C50_COH,43,radiopaedia_40_86625_0,radiopaedia_case_40,3,0.5,3303,9,1,1,3302,0,0.1111111111111111
C50_COH,43,radiopaedia_4_85506_1,radiopaedia_case_4,1,0.5,1324,29,0,6,1318,0,0.20689655172413793
C50_COH,43,radiopaedia_7_85703_0,radiopaedia_case_7,2,0.5,2750,4,0,0,2750,0,0.0
C50_COH,43,coronacases_001,coronacases_001,3,0.55,1720,44,10,18,1702,0,0.4090909090909091
C50_COH,43,coronacases_002,coronacases_002,0,0.55,3225,26,0,8,3217,0,0.3076923076923077
C50_COH,43,coronacases_003,coronacases_003,3,0.55,840,36,5,8,831,1,0.2222222222222222
C50_COH,43,coronacases_005,coronacases_005,0,0.55,2257,2,1,0,2257,0,0.0
C50_COH,43,coronacases_006,coronacases_006,2,0.55,1994,1,0,0,1994,0,0.0
C50_COH,43,coronacases_007,coronacases_007,2,0.55,1538,7,0,0,1538,0,0.0
C50_COH,43,coronacases_009,coronacases_009,3,0.55,1743,8,2,1,1742,0,0.125
C50_COH,43,coronacases_010,coronacases_010,1,0.55,990,6,0,2,988,0,0.3333333333333333
C50_COH,43,radiopaedia_10_85902_1,radiopaedia_case_10,1,0.55,2398,2,0,1,2397,0,0.5
C50_COH,43,radiopaedia_10_85902_3,radiopaedia_case_10,1,0.55,3105,2,1,1,3104,0,0.5
C50_COH,43,radiopaedia_29_86490_1,radiopaedia_case_29,0,0.55,3263,2,0,1,3262,0,0.5
C50_COH,43,radiopaedia_29_86491_1,radiopaedia_case_29,0,0.55,2865,3,0,1,2864,0,0.3333333333333333
C50_COH,43,radiopaedia_36_86526_0,radiopaedia_case_36,2,0.55,2005,31,0,2,2003,0,0.06451612903225806
C50_COH,43,radiopaedia_40_86625_0,radiopaedia_case_40,3,0.55,3247,9,1,1,3246,0,0.1111111111111111
C50_COH,43,radiopaedia_4_85506_1,radiopaedia_case_4,1,0.55,1344,29,0,6,1338,0,0.20689655172413793
C50_COH,43,radiopaedia_7_85703_0,radiopaedia_case_7,2,0.55,2661,4,0,0,2661,0,0.0
C50_COH,43,coronacases_001,coronacases_001,3,0.6,1632,44,10,19,1613,0,0.4318181818181818
C50_COH,43,coronacases_002,coronacases_002,0,0.6,3344,26,0,8,3336,0,0.3076923076923077
C50_COH,43,coronacases_003,coronacases_003,3,0.6,808,36,5,8,799,1,0.2222222222222222
C50_COH,43,coronacases_005,coronacases_005,0,0.6,2301,2,1,0,2301,0,0.0
C50_COH,43,coronacases_006,coronacases_006,2,0.6,1927,1,0,0,1927,0,0.0
C50_COH,43,coronacases_007,coronacases_007,2,0.6,1459,7,0,0,1459,0,0.0
C50_COH,43,coronacases_009,coronacases_009,3,0.6,1641,8,2,1,1640,0,0.125
C50_COH,43,coronacases_010,coronacases_010,1,0.6,939,6,0,2,937,0,0.3333333333333333
C50_COH,43,radiopaedia_10_85902_1,radiopaedia_case_10,1,0.6,2201,2,0,1,2200,0,0.5
C50_COH,43,radiopaedia_10_85902_3,radiopaedia_case_10,1,0.6,3190,2,1,1,3189,0,0.5
C50_COH,43,radiopaedia_29_86490_1,radiopaedia_case_29,0,0.6,3450,2,0,1,3449,0,0.5
C50_COH,43,radiopaedia_29_86491_1,radiopaedia_case_29,0,0.6,2865,3,0,2,2863,0,0.6666666666666666
C50_COH,43,radiopaedia_36_86526_0,radiopaedia_case_36,2,0.6,1965,31,0,2,1963,0,0.06451612903225806
C50_COH,43,radiopaedia_40_86625_0,radiopaedia_case_40,3,0.6,3250,9,1,1,3249,0,0.1111111111111111
C50_COH,43,radiopaedia_4_85506_1,radiopaedia_case_4,1,0.6,1383,29,0,7,1376,0,0.2413793103448276
C50_COH,43,radiopaedia_7_85703_0,radiopaedia_case_7,2,0.6,2586,4,0,0,2586,0,0.0
C50_COH,43,coronacases_001,coronacases_001,3,0.65,1555,44,10,18,1537,0,0.4090909090909091
C50_COH,43,coronacases_002,coronacases_002,0,0.65,3572,26,0,10,3562,0,0.38461538461538464
C50_COH,43,coronacases_003,coronacases_003,3,0.65,827,36,5,8,818,1,0.2222222222222222
C50_COH,43,coronacases_005,coronacases_005,0,0.65,2364,2,1,0,2364,0,0.0
C50_COH,43,coronacases_006,coronacases_006,2,0.65,1899,1,0,0,1899,0,0.0
C50_COH,43,coronacases_007,coronacases_007,2,0.65,1370,7,0,0,1370,0,0.0
C50_COH,43,coronacases_009,coronacases_009,3,0.65,1574,8,2,1,1573,0,0.125
C50_COH,43,coronacases_010,coronacases_010,1,0.65,906,6,0,2,904,0,0.3333333333333333
C50_COH,43,radiopaedia_10_85902_1,radiopaedia_case_10,1,0.65,2053,2,0,1,2052,0,0.5
C50_COH,43,radiopaedia_10_85902_3,radiopaedia_case_10,1,0.65,3350,2,1,1,3349,0,0.5
C50_COH,43,radiopaedia_29_86490_1,radiopaedia_case_29,0,0.65,3729,2,0,1,3728,0,0.5
C50_COH,43,radiopaedia_29_86491_1,radiopaedia_case_29,0,0.65,3013,3,0,2,3011,0,0.6666666666666666
C50_COH,43,radiopaedia_36_86526_0,radiopaedia_case_36,2,0.65,1924,31,0,2,1922,0,0.06451612903225806
C50_COH,43,radiopaedia_40_86625_0,radiopaedia_case_40,3,0.65,3249,9,1,1,3248,0,0.1111111111111111
C50_COH,43,radiopaedia_4_85506_1,radiopaedia_case_4,1,0.65,1367,29,0,8,1359,0,0.27586206896551724
C50_COH,43,radiopaedia_7_85703_0,radiopaedia_case_7,2,0.65,2601,4,0,0,2601,0,0.0
C50_COH,43,coronacases_001,coronacases_001,3,0.7,1435,44,10,18,1417,0,0.4090909090909091
C50_COH,43,coronacases_002,coronacases_002,0,0.7,3754,26,0,10,3744,0,0.38461538461538464
C50_COH,43,coronacases_003,coronacases_003,3,0.7,811,36,5,10,800,1,0.2777777777777778
C50_COH,43,coronacases_005,coronacases_005,0,0.7,2469,2,1,0,2469,0,0.0
C50_COH,43,coronacases_006,coronacases_006,2,0.7,1837,1,0,0,1837,0,0.0
C50_COH,43,coronacases_007,coronacases_007,2,0.7,1359,7,0,0,1359,0,0.0
C50_COH,43,coronacases_009,coronacases_009,3,0.7,1457,8,2,2,1455,0,0.25
C50_COH,43,coronacases_010,coronacases_010,1,0.7,945,6,0,2,943,0,0.3333333333333333
C50_COH,43,radiopaedia_10_85902_1,radiopaedia_case_10,1,0.7,1955,2,0,1,1954,0,0.5
C50_COH,43,radiopaedia_10_85902_3,radiopaedia_case_10,1,0.7,3519,2,1,1,3518,0,0.5
C50_COH,43,radiopaedia_29_86490_1,radiopaedia_case_29,0,0.7,4111,2,0,1,4110,0,0.5
C50_COH,43,radiopaedia_29_86491_1,radiopaedia_case_29,0,0.7,3133,3,0,2,3131,0,0.6666666666666666
C50_COH,43,radiopaedia_36_86526_0,radiopaedia_case_36,2,0.7,1851,31,0,3,1848,0,0.0967741935483871
C50_COH,43,radiopaedia_40_86625_0,radiopaedia_case_40,3,0.7,3213,9,1,1,3212,0,0.1111111111111111
C50_COH,43,radiopaedia_4_85506_1,radiopaedia_case_4,1,0.7,1377,29,0,8,1369,0,0.27586206896551724
C50_COH,43,radiopaedia_7_85703_0,radiopaedia_case_7,2,0.7,2551,4,0,0,2551,0,0.0
C50_COH,43,coronacases_001,coronacases_001,3,0.75,1335,44,10,20,1315,0,0.45454545454545453
C50_COH,43,coronacases_002,coronacases_002,0,0.75,4028,26,0,10,4018,0,0.38461538461538464
C50_COH,43,coronacases_003,coronacases_003,3,0.75,835,36,5,9,825,1,0.25
C50_COH,43,coronacases_005,coronacases_005,0,0.75,2595,2,1,0,2595,0,0.0
C50_COH,43,coronacases_006,coronacases_006,2,0.75,1828,1,0,0,1828,0,0.0
C50_COH,43,coronacases_007,coronacases_007,2,0.75,1321,7,0,0,1321,0,0.0
C50_COH,43,coronacases_009,coronacases_009,3,0.75,1365,8,2,3,1362,0,0.375
C50_COH,43,coronacases_010,coronacases_010,1,0.75,951,6,0,2,949,0,0.3333333333333333
C50_COH,43,radiopaedia_10_85902_1,radiopaedia_case_10,1,0.75,1797,2,0,1,1796,0,0.5
C50_COH,43,radiopaedia_10_85902_3,radiopaedia_case_10,1,0.75,3602,2,1,1,3601,0,0.5
C50_COH,43,radiopaedia_29_86490_1,radiopaedia_case_29,0,0.75,4433,2,0,1,4432,0,0.5
C50_COH,43,radiopaedia_29_86491_1,radiopaedia_case_29,0,0.75,3398,3,0,2,3396,0,0.6666666666666666
C50_COH,43,radiopaedia_36_86526_0,radiopaedia_case_36,2,0.75,1839,31,0,3,1836,0,0.0967741935483871
C50_COH,43,radiopaedia_40_86625_0,radiopaedia_case_40,3,0.75,3256,9,1,1,3255,0,0.1111111111111111
C50_COH,43,radiopaedia_4_85506_1,radiopaedia_case_4,1,0.75,1495,29,0,8,1487,0,0.27586206896551724
C50_COH,43,radiopaedia_7_85703_0,radiopaedia_case_7,2,0.75,2538,4,0,0,2538,0,0.0
C50_COH,43,coronacases_001,coronacases_001,3,0.8,1238,44,10,20,1218,0,0.45454545454545453
C50_COH,43,coronacases_002,coronacases_002,0,0.8,4463,26,0,10,4453,0,0.38461538461538464
C50_COH,43,coronacases_003,coronacases_003,3,0.8,900,36,5,9,890,1,0.25
C50_COH,43,coronacases_005,coronacases_005,0,0.8,2796,2,1,0,2796,0,0.0
C50_COH,43,coronacases_006,coronacases_006,2,0.8,1856,1,0,0,1856,0,0.0
C50_COH,43,coronacases_007,coronacases_007,2,0.8,1286,7,0,0,1286,0,0.0
C50_COH,43,coronacases_009,coronacases_009,3,0.8,1361,8,2,3,1358,0,0.375
C50_COH,43,coronacases_010,coronacases_010,1,0.8,1022,6,0,2,1020,0,0.3333333333333333
C50_COH,43,radiopaedia_10_85902_1,radiopaedia_case_10,1,0.8,1718,2,0,1,1717,0,0.5
C50_COH,43,radiopaedia_10_85902_3,radiopaedia_case_10,1,0.8,3821,2,1,1,3820,0,0.5
C50_COH,43,radiopaedia_29_86490_1,radiopaedia_case_29,0,0.8,4947,2,0,1,4946,0,0.5
C50_COH,43,radiopaedia_29_86491_1,radiopaedia_case_29,0,0.8,3806,3,0,2,3804,0,0.6666666666666666
C50_COH,43,radiopaedia_36_86526_0,radiopaedia_case_36,2,0.8,1885,31,0,3,1882,0,0.0967741935483871
C50_COH,43,radiopaedia_40_86625_0,radiopaedia_case_40,3,0.8,3213,9,1,1,3212,0,0.1111111111111111
C50_COH,43,radiopaedia_4_85506_1,radiopaedia_case_4,1,0.8,1640,29,0,9,1631,0,0.3103448275862069
C50_COH,43,radiopaedia_7_85703_0,radiopaedia_case_7,2,0.8,2486,4,0,0,2486,0,0.0
C50_COH,43,coronacases_001,coronacases_001,3,0.85,1155,44,10,20,1134,1,0.45454545454545453
C50_COH,43,coronacases_002,coronacases_002,0,0.85,5110,26,0,10,5100,0,0.38461538461538464
C50_COH,43,coronacases_003,coronacases_003,3,0.85,936,36,5,11,925,0,0.3055555555555556
C50_COH,43,coronacases_005,coronacases_005,0,0.85,3021,2,1,0,3021,0,0.0
C50_COH,43,coronacases_006,coronacases_006,2,0.85,1797,1,0,0,1797,0,0.0
C50_COH,43,coronacases_007,coronacases_007,2,0.85,1254,7,0,0,1254,0,0.0
C50_COH,43,coronacases_009,coronacases_009,3,0.85,1341,8,2,3,1338,0,0.375
C50_COH,43,coronacases_010,coronacases_010,1,0.85,1071,6,0,2,1069,0,0.3333333333333333
C50_COH,43,radiopaedia_10_85902_1,radiopaedia_case_10,1,0.85,1619,2,0,1,1618,0,0.5
C50_COH,43,radiopaedia_10_85902_3,radiopaedia_case_10,1,0.85,3969,2,1,1,3968,0,0.5
C50_COH,43,radiopaedia_29_86490_1,radiopaedia_case_29,0,0.85,5782,2,0,1,5781,0,0.5
C50_COH,43,radiopaedia_29_86491_1,radiopaedia_case_29,0,0.85,4299,3,0,2,4297,0,0.6666666666666666
C50_COH,43,radiopaedia_36_86526_0,radiopaedia_case_36,2,0.85,1955,31,0,4,1951,0,0.12903225806451613
C50_COH,43,radiopaedia_40_86625_0,radiopaedia_case_40,3,0.85,3075,9,1,1,3074,0,0.1111111111111111
C50_COH,43,radiopaedia_4_85506_1,radiopaedia_case_4,1,0.85,1826,29,0,10,1816,0,0.3448275862068966
C50_COH,43,radiopaedia_7_85703_0,radiopaedia_case_7,2,0.85,2348,4,0,0,2348,0,0.0
C50_COH,43,coronacases_001,coronacases_001,3,0.9,1242,44,10,20,1221,1,0.45454545454545453
C50_COH,43,coronacases_002,coronacases_002,0,0.9,6088,26,0,12,6076,0,0.46153846153846156
C50_COH,43,coronacases_003,coronacases_003,3,0.9,1071,36,5,11,1060,0,0.3055555555555556
C50_COH,43,coronacases_005,coronacases_005,0,0.9,3473,2,1,0,3473,0,0.0
C50_COH,43,coronacases_006,coronacases_006,2,0.9,1677,1,0,0,1677,0,0.0
C50_COH,43,coronacases_007,coronacases_007,2,0.9,1207,7,0,0,1207,0,0.0
C50_COH,43,coronacases_009,coronacases_009,3,0.9,1329,8,2,2,1327,0,0.25
C50_COH,43,coronacases_010,coronacases_010,1,0.9,1134,6,0,2,1132,0,0.3333333333333333
C50_COH,43,radiopaedia_10_85902_1,radiopaedia_case_10,1,0.9,1552,2,0,1,1551,0,0.5
C50_COH,43,radiopaedia_10_85902_3,radiopaedia_case_10,1,0.9,4300,2,1,1,4299,0,0.5
C50_COH,43,radiopaedia_29_86490_1,radiopaedia_case_29,0,0.9,7323,2,0,1,7322,0,0.5
C50_COH,43,radiopaedia_29_86491_1,radiopaedia_case_29,0,0.9,5419,3,0,2,5417,0,0.6666666666666666
C50_COH,43,radiopaedia_36_86526_0,radiopaedia_case_36,2,0.9,1799,31,0,5,1794,0,0.16129032258064516
C50_COH,43,radiopaedia_40_86625_0,radiopaedia_case_40,3,0.9,2805,9,1,1,2804,0,0.1111111111111111
C50_COH,43,radiopaedia_4_85506_1,radiopaedia_case_4,1,0.9,2012,29,0,10,2002,0,0.3448275862068966
C50_COH,43,radiopaedia_7_85703_0,radiopaedia_case_7,2,0.9,2200,4,0,0,2200,0,0.0
C50_COH,43,coronacases_001,coronacases_001,3,0.95,1282,44,10,21,1260,1,0.4772727272727273
C50_COH,43,coronacases_002,coronacases_002,0,0.95,7829,26,0,11,7818,0,0.4230769230769231
C50_COH,43,coronacases_003,coronacases_003,3,0.95,1391,36,5,9,1381,1,0.25
C50_COH,43,coronacases_005,coronacases_005,0,0.95,4399,2,1,1,4398,0,0.5
C50_COH,43,coronacases_006,coronacases_006,2,0.95,1609,1,0,0,1609,0,0.0
C50_COH,43,coronacases_007,coronacases_007,2,0.95,1157,7,0,0,1157,0,0.0
C50_COH,43,coronacases_009,coronacases_009,3,0.95,1243,8,2,2,1241,0,0.25
C50_COH,43,coronacases_010,coronacases_010,1,0.95,1318,6,0,3,1315,0,0.5
C50_COH,43,radiopaedia_10_85902_1,radiopaedia_case_10,1,0.95,1486,2,0,1,1485,0,0.5
C50_COH,43,radiopaedia_10_85902_3,radiopaedia_case_10,1,0.95,4689,2,1,1,4688,0,0.5
C50_COH,43,radiopaedia_29_86490_1,radiopaedia_case_29,0,0.95,10372,2,0,1,10371,0,0.5
C50_COH,43,radiopaedia_29_86491_1,radiopaedia_case_29,0,0.95,8326,3,0,3,8323,0,1.0
C50_COH,43,radiopaedia_36_86526_0,radiopaedia_case_36,2,0.95,1474,31,0,7,1467,0,0.22580645161290322
C50_COH,43,radiopaedia_40_86625_0,radiopaedia_case_40,3,0.95,2573,9,1,2,2571,0,0.2222222222222222
C50_COH,43,radiopaedia_4_85506_1,radiopaedia_case_4,1,0.95,2391,29,0,10,2381,0,0.3448275862068966
C50_COH,43,radiopaedia_7_85703_0,radiopaedia_case_7,2,0.95,2313,4,0,0,2313,0,0.0
C50_COH,43,coronacases_001,coronacases_001,3,0.975,1058,44,10,23,1034,1,0.5227272727272727
C50_COH,43,coronacases_002,coronacases_002,0,0.975,8996,26,0,12,8984,0,0.46153846153846156
C50_COH,43,coronacases_003,coronacases_003,3,0.975,1445,36,5,9,1436,0,0.25
C50_COH,43,coronacases_005,coronacases_005,0,0.975,5257,2,1,1,5256,0,0.5
C50_COH,43,coronacases_006,coronacases_006,2,0.975,1674,1,0,0,1674,0,0.0
C50_COH,43,coronacases_007,coronacases_007,2,0.975,1046,7,0,1,1045,0,0.14285714285714285
C50_COH,43,coronacases_009,coronacases_009,3,0.975,879,8,2,2,876,1,0.25
C50_COH,43,coronacases_010,coronacases_010,1,0.975,1439,6,0,2,1437,0,0.3333333333333333
C50_COH,43,radiopaedia_10_85902_1,radiopaedia_case_10,1,0.975,1599,2,0,1,1598,0,0.5
C50_COH,43,radiopaedia_10_85902_3,radiopaedia_case_10,1,0.975,5193,2,1,1,5192,0,0.5
C50_COH,43,radiopaedia_29_86490_1,radiopaedia_case_29,0,0.975,12154,2,0,1,12153,0,0.5
C50_COH,43,radiopaedia_29_86491_1,radiopaedia_case_29,0,0.975,12463,3,0,3,12460,0,1.0
C50_COH,43,radiopaedia_36_86526_0,radiopaedia_case_36,2,0.975,1315,31,0,9,1306,0,0.2903225806451613
C50_COH,43,radiopaedia_40_86625_0,radiopaedia_case_40,3,0.975,2306,9,1,2,2304,0,0.2222222222222222
C50_COH,43,radiopaedia_4_85506_1,radiopaedia_case_4,1,0.975,2745,29,0,11,2734,0,0.3793103448275862
C50_COH,43,radiopaedia_7_85703_0,radiopaedia_case_7,2,0.975,2427,4,0,0,2427,0,0.0
C50_COH,43,coronacases_001,coronacases_001,3,0.99,749,44,10,21,727,1,0.4772727272727273
C50_COH,43,coronacases_002,coronacases_002,0,0.99,9918,26,0,14,9904,0,0.5384615384615384
C50_COH,43,coronacases_003,coronacases_003,3,0.99,1525,36,5,8,1517,0,0.2222222222222222
C50_COH,43,coronacases_005,coronacases_005,0,0.99,5626,2,1,1,5625,0,0.5
C50_COH,43,coronacases_006,coronacases_006,2,0.99,1791,1,0,0,1791,0,0.0
C50_COH,43,coronacases_007,coronacases_007,2,0.99,1077,7,0,2,1075,0,0.2857142857142857
C50_COH,43,coronacases_009,coronacases_009,3,0.99,551,8,2,3,547,1,0.375
C50_COH,43,coronacases_010,coronacases_010,1,0.99,1932,6,0,3,1929,0,0.5
C50_COH,43,radiopaedia_10_85902_1,radiopaedia_case_10,1,0.99,1657,2,0,1,1656,0,0.5
C50_COH,43,radiopaedia_10_85902_3,radiopaedia_case_10,1,0.99,6203,2,1,1,6202,0,0.5
C50_COH,43,radiopaedia_29_86490_1,radiopaedia_case_29,0,0.99,11154,2,0,1,11153,0,0.5
C50_COH,43,radiopaedia_29_86491_1,radiopaedia_case_29,0,0.99,16897,3,0,3,16894,0,1.0
C50_COH,43,radiopaedia_36_86526_0,radiopaedia_case_36,2,0.99,1275,31,0,11,1264,0,0.3548387096774194
C50_COH,43,radiopaedia_40_86625_0,radiopaedia_case_40,3,0.99,2122,9,1,3,2119,0,0.3333333333333333
C50_COH,43,radiopaedia_4_85506_1,radiopaedia_case_4,1,0.99,3564,29,0,12,3552,0,0.41379310344827586
C50_COH,43,radiopaedia_7_85703_0,radiopaedia_case_7,2,0.99,1996,4,0,0,1996,0,0.0
C50_COH,43,coronacases_001,coronacases_001,3,0.995,878,44,10,18,859,1,0.4090909090909091
C50_COH,43,coronacases_002,coronacases_002,0,0.995,10092,26,0,13,10079,0,0.5
C50_COH,43,coronacases_003,coronacases_003,3,0.995,1509,36,5,7,1502,0,0.19444444444444445
C50_COH,43,coronacases_005,coronacases_005,0,0.995,4939,2,1,1,4938,0,0.5
C50_COH,43,coronacases_006,coronacases_006,2,0.995,1916,1,0,0,1916,0,0.0
C50_COH,43,coronacases_007,coronacases_007,2,0.995,1023,7,0,2,1021,0,0.2857142857142857
C50_COH,43,coronacases_009,coronacases_009,3,0.995,574,8,2,3,570,1,0.375
C50_COH,43,coronacases_010,coronacases_010,1,0.995,2173,6,0,2,2171,0,0.3333333333333333
C50_COH,43,radiopaedia_10_85902_1,radiopaedia_case_10,1,0.995,1793,2,0,1,1792,0,0.5
C50_COH,43,radiopaedia_10_85902_3,radiopaedia_case_10,1,0.995,7527,2,1,1,7526,0,0.5
C50_COH,43,radiopaedia_29_86490_1,radiopaedia_case_29,0,0.995,9563,2,0,1,9562,0,0.5
C50_COH,43,radiopaedia_29_86491_1,radiopaedia_case_29,0,0.995,17618,3,0,3,17615,0,1.0
C50_COH,43,radiopaedia_36_86526_0,radiopaedia_case_36,2,0.995,1301,31,0,11,1290,0,0.3548387096774194
C50_COH,43,radiopaedia_40_86625_0,radiopaedia_case_40,3,0.995,2035,9,1,0,2035,0,0.0
C50_COH,43,radiopaedia_4_85506_1,radiopaedia_case_4,1,0.995,4286,29,0,13,4273,0,0.4482758620689655
C50_COH,43,radiopaedia_7_85703_0,radiopaedia_case_7,2,0.995,2017,4,0,0,2017,0,0.0
C50_COH,43,coronacases_001,coronacases_001,3,1.000001,0,44,10,0,0,0,0.0
C50_COH,43,coronacases_002,coronacases_002,0,1.000001,0,26,0,0,0,0,0.0
C50_COH,43,coronacases_003,coronacases_003,3,1.000001,0,36,5,0,0,0,0.0
C50_COH,43,coronacases_005,coronacases_005,0,1.000001,0,2,1,0,0,0,0.0
C50_COH,43,coronacases_006,coronacases_006,2,1.000001,0,1,0,0,0,0,0.0
C50_COH,43,coronacases_007,coronacases_007,2,1.000001,0,7,0,0,0,0,0.0
C50_COH,43,coronacases_009,coronacases_009,3,1.000001,0,8,2,0,0,0,0.0
C50_COH,43,coronacases_010,coronacases_010,1,1.000001,0,6,0,0,0,0,0.0
C50_COH,43,radiopaedia_10_85902_1,radiopaedia_case_10,1,1.000001,0,2,0,0,0,0,0.0
C50_COH,43,radiopaedia_10_85902_3,radiopaedia_case_10,1,1.000001,0,2,1,0,0,0,0.0
C50_COH,43,radiopaedia_29_86490_1,radiopaedia_case_29,0,1.000001,0,2,0,0,0,0,0.0
C50_COH,43,radiopaedia_29_86491_1,radiopaedia_case_29,0,1.000001,0,3,0,0,0,0,0.0
C50_COH,43,radiopaedia_36_86526_0,radiopaedia_case_36,2,1.000001,0,31,0,0,0,0,0.0
C50_COH,43,radiopaedia_40_86625_0,radiopaedia_case_40,3,1.000001,0,9,1,0,0,0,0.0
C50_COH,43,radiopaedia_4_85506_1,radiopaedia_case_4,1,1.000001,0,29,0,0,0,0,0.0
C50_COH,43,radiopaedia_7_85703_0,radiopaedia_case_7,2,1.000001,0,4,0,0,0,0,0.0
C50_DIS,17,coronacases_001,coronacases_001,3,0.05,1883,44,10,4,1879,0,0.09090909090909091
C50_DIS,17,coronacases_002,coronacases_002,0,0.05,7791,26,0,0,7791,0,0.0
C50_DIS,17,coronacases_003,coronacases_003,3,0.05,1079,36,5,5,1073,1,0.1388888888888889
C50_DIS,17,coronacases_005,coronacases_005,0,0.05,2695,2,1,0,2695,0,0.0
C50_DIS,17,coronacases_006,coronacases_006,2,0.05,2698,1,0,0,2698,0,0.0
C50_DIS,17,coronacases_007,coronacases_007,2,0.05,1390,7,0,0,1390,0,0.0
C50_DIS,17,coronacases_009,coronacases_009,3,0.05,1592,8,2,0,1592,0,0.0
C50_DIS,17,coronacases_010,coronacases_010,1,0.05,7967,6,0,0,7967,0,0.0
C50_DIS,17,radiopaedia_10_85902_1,radiopaedia_case_10,1,0.05,3866,2,0,0,3866,0,0.0
C50_DIS,17,radiopaedia_10_85902_3,radiopaedia_case_10,1,0.05,8440,2,1,0,8440,0,0.0
C50_DIS,17,radiopaedia_29_86490_1,radiopaedia_case_29,0,0.05,4773,2,0,0,4773,0,0.0
C50_DIS,17,radiopaedia_29_86491_1,radiopaedia_case_29,0,0.05,8186,3,0,0,8186,0,0.0
C50_DIS,17,radiopaedia_36_86526_0,radiopaedia_case_36,2,0.05,3028,31,0,0,3028,0,0.0
C50_DIS,17,radiopaedia_40_86625_0,radiopaedia_case_40,3,0.05,3281,9,1,1,3280,0,0.1111111111111111
C50_DIS,17,radiopaedia_4_85506_1,radiopaedia_case_4,1,0.05,6274,29,0,0,6274,0,0.0
C50_DIS,17,radiopaedia_7_85703_0,radiopaedia_case_7,2,0.05,3115,4,0,0,3115,0,0.0
C50_DIS,17,coronacases_001,coronacases_001,3,0.1,1735,44,10,5,1730,0,0.11363636363636363
C50_DIS,17,coronacases_002,coronacases_002,0,0.1,7382,26,0,1,7381,0,0.038461538461538464
C50_DIS,17,coronacases_003,coronacases_003,3,0.1,1082,36,5,4,1077,1,0.1111111111111111
C50_DIS,17,coronacases_005,coronacases_005,0,0.1,2958,2,1,0,2958,0,0.0
C50_DIS,17,coronacases_006,coronacases_006,2,0.1,3544,1,0,0,3544,0,0.0
C50_DIS,17,coronacases_007,coronacases_007,2,0.1,1917,7,0,1,1916,0,0.14285714285714285
C50_DIS,17,coronacases_009,coronacases_009,3,0.1,1426,8,2,0,1426,0,0.0
C50_DIS,17,coronacases_010,coronacases_010,1,0.1,6457,6,0,0,6457,0,0.0
C50_DIS,17,radiopaedia_10_85902_1,radiopaedia_case_10,1,0.1,6170,2,0,0,6170,0,0.0
C50_DIS,17,radiopaedia_10_85902_3,radiopaedia_case_10,1,0.1,13011,2,1,0,13011,0,0.0
C50_DIS,17,radiopaedia_29_86490_1,radiopaedia_case_29,0,0.1,4913,2,0,0,4913,0,0.0
C50_DIS,17,radiopaedia_29_86491_1,radiopaedia_case_29,0,0.1,7861,3,0,0,7861,0,0.0
C50_DIS,17,radiopaedia_36_86526_0,radiopaedia_case_36,2,0.1,2675,31,0,0,2675,0,0.0
C50_DIS,17,radiopaedia_40_86625_0,radiopaedia_case_40,3,0.1,3460,9,1,1,3459,0,0.1111111111111111
C50_DIS,17,radiopaedia_4_85506_1,radiopaedia_case_4,1,0.1,9386,29,0,0,9386,0,0.0
C50_DIS,17,radiopaedia_7_85703_0,radiopaedia_case_7,2,0.1,3493,4,0,1,3492,0,0.25
C50_DIS,17,coronacases_001,coronacases_001,3,0.15,1721,44,10,8,1713,0,0.18181818181818182
C50_DIS,17,coronacases_002,coronacases_002,0,0.15,7144,26,0,1,7143,0,0.038461538461538464
C50_DIS,17,coronacases_003,coronacases_003,3,0.15,984,36,5,5,978,1,0.1388888888888889
C50_DIS,17,coronacases_005,coronacases_005,0,0.15,3098,2,1,0,3098,0,0.0
C50_DIS,17,coronacases_006,coronacases_006,2,0.15,3947,1,0,0,3947,0,0.0
C50_DIS,17,coronacases_007,coronacases_007,2,0.15,2503,7,0,1,2502,0,0.14285714285714285
C50_DIS,17,coronacases_009,coronacases_009,3,0.15,1428,8,2,0,1428,0,0.0
C50_DIS,17,coronacases_010,coronacases_010,1,0.15,5787,6,0,0,5787,0,0.0
C50_DIS,17,radiopaedia_10_85902_1,radiopaedia_case_10,1,0.15,9112,2,0,0,9112,0,0.0
C50_DIS,17,radiopaedia_10_85902_3,radiopaedia_case_10,1,0.15,17172,2,1,0,17172,0,0.0
C50_DIS,17,radiopaedia_29_86490_1,radiopaedia_case_29,0,0.15,5106,2,0,0,5106,0,0.0
C50_DIS,17,radiopaedia_29_86491_1,radiopaedia_case_29,0,0.15,7852,3,0,0,7852,0,0.0
C50_DIS,17,radiopaedia_36_86526_0,radiopaedia_case_36,2,0.15,2880,31,0,0,2880,0,0.0
C50_DIS,17,radiopaedia_40_86625_0,radiopaedia_case_40,3,0.15,3439,9,1,1,3438,0,0.1111111111111111
C50_DIS,17,radiopaedia_4_85506_1,radiopaedia_case_4,1,0.15,12078,29,0,0,12078,0,0.0
C50_DIS,17,radiopaedia_7_85703_0,radiopaedia_case_7,2,0.15,3456,4,0,1,3455,0,0.25
C50_DIS,17,coronacases_001,coronacases_001,3,0.2,1526,44,10,8,1518,0,0.18181818181818182
C50_DIS,17,coronacases_002,coronacases_002,0,0.2,7151,26,0,1,7150,0,0.038461538461538464
C50_DIS,17,coronacases_003,coronacases_003,3,0.2,914,36,5,6,907,1,0.16666666666666666
C50_DIS,17,coronacases_005,coronacases_005,0,0.2,3223,2,1,0,3223,0,0.0
C50_DIS,17,coronacases_006,coronacases_006,2,0.2,4148,1,0,0,4148,0,0.0
C50_DIS,17,coronacases_007,coronacases_007,2,0.2,2858,7,0,1,2857,0,0.14285714285714285
C50_DIS,17,coronacases_009,coronacases_009,3,0.2,1515,8,2,0,1515,0,0.0
C50_DIS,17,coronacases_010,coronacases_010,1,0.2,5446,6,0,0,5446,0,0.0
C50_DIS,17,radiopaedia_10_85902_1,radiopaedia_case_10,1,0.2,12239,2,0,0,12239,0,0.0
C50_DIS,17,radiopaedia_10_85902_3,radiopaedia_case_10,1,0.2,21209,2,1,0,21209,0,0.0
C50_DIS,17,radiopaedia_29_86490_1,radiopaedia_case_29,0,0.2,5292,2,0,0,5292,0,0.0
C50_DIS,17,radiopaedia_29_86491_1,radiopaedia_case_29,0,0.2,7674,3,0,0,7674,0,0.0
C50_DIS,17,radiopaedia_36_86526_0,radiopaedia_case_36,2,0.2,3097,31,0,0,3097,0,0.0
C50_DIS,17,radiopaedia_40_86625_0,radiopaedia_case_40,3,0.2,3385,9,1,1,3384,0,0.1111111111111111
C50_DIS,17,radiopaedia_4_85506_1,radiopaedia_case_4,1,0.2,14758,29,0,0,14758,0,0.0
C50_DIS,17,radiopaedia_7_85703_0,radiopaedia_case_7,2,0.2,3493,4,0,1,3492,0,0.25
C50_DIS,17,coronacases_001,coronacases_001,3,0.25,1460,44,10,10,1450,0,0.22727272727272727
C50_DIS,17,coronacases_002,coronacases_002,0,0.25,7143,26,0,2,7141,0,0.07692307692307693
C50_DIS,17,coronacases_003,coronacases_003,3,0.25,844,36,5,6,837,1,0.16666666666666666
C50_DIS,17,coronacases_005,coronacases_005,0,0.25,3327,2,1,0,3327,0,0.0
C50_DIS,17,coronacases_006,coronacases_006,2,0.25,4088,1,0,0,4088,0,0.0
C50_DIS,17,coronacases_007,coronacases_007,2,0.25,2939,7,0,1,2938,0,0.14285714285714285
C50_DIS,17,coronacases_009,coronacases_009,3,0.25,1604,8,2,0,1604,0,0.0
C50_DIS,17,coronacases_010,coronacases_010,1,0.25,5208,6,0,0,5208,0,0.0
C50_DIS,17,radiopaedia_10_85902_1,radiopaedia_case_10,1,0.25,15618,2,0,0,15618,0,0.0
C50_DIS,17,radiopaedia_10_85902_3,radiopaedia_case_10,1,0.25,25178,2,1,0,25178,0,0.0
C50_DIS,17,radiopaedia_29_86490_1,radiopaedia_case_29,0,0.25,5369,2,0,0,5369,0,0.0
C50_DIS,17,radiopaedia_29_86491_1,radiopaedia_case_29,0,0.25,7797,3,0,0,7797,0,0.0
C50_DIS,17,radiopaedia_36_86526_0,radiopaedia_case_36,2,0.25,2752,31,0,0,2752,0,0.0
C50_DIS,17,radiopaedia_40_86625_0,radiopaedia_case_40,3,0.25,3372,9,1,1,3371,0,0.1111111111111111
C50_DIS,17,radiopaedia_4_85506_1,radiopaedia_case_4,1,0.25,17802,29,0,0,17802,0,0.0
C50_DIS,17,radiopaedia_7_85703_0,radiopaedia_case_7,2,0.25,3615,4,0,1,3614,0,0.25
C50_DIS,17,coronacases_001,coronacases_001,3,0.3,1371,44,10,9,1362,0,0.20454545454545456
C50_DIS,17,coronacases_002,coronacases_002,0,0.3,7048,26,0,2,7046,0,0.07692307692307693
C50_DIS,17,coronacases_003,coronacases_003,3,0.3,856,36,5,7,848,1,0.19444444444444445
C50_DIS,17,coronacases_005,coronacases_005,0,0.3,3390,2,1,0,3390,0,0.0
C50_DIS,17,coronacases_006,coronacases_006,2,0.3,4024,1,0,0,4024,0,0.0
C50_DIS,17,coronacases_007,coronacases_007,2,0.3,3042,7,0,1,3041,0,0.14285714285714285
C50_DIS,17,coronacases_009,coronacases_009,3,0.3,1622,8,2,0,1622,0,0.0
C50_DIS,17,coronacases_010,coronacases_010,1,0.3,5063,6,0,0,5063,0,0.0
C50_DIS,17,radiopaedia_10_85902_1,radiopaedia_case_10,1,0.3,18862,2,0,0,18862,0,0.0
C50_DIS,17,radiopaedia_10_85902_3,radiopaedia_case_10,1,0.3,28987,2,1,0,28987,0,0.0
C50_DIS,17,radiopaedia_29_86490_1,radiopaedia_case_29,0,0.3,5453,2,0,0,5453,0,0.0
C50_DIS,17,radiopaedia_29_86491_1,radiopaedia_case_29,0,0.3,7901,3,0,0,7901,0,0.0
C50_DIS,17,radiopaedia_36_86526_0,radiopaedia_case_36,2,0.3,2544,31,0,1,2543,0,0.03225806451612903
C50_DIS,17,radiopaedia_40_86625_0,radiopaedia_case_40,3,0.3,3266,9,1,1,3265,0,0.1111111111111111
C50_DIS,17,radiopaedia_4_85506_1,radiopaedia_case_4,1,0.3,20898,29,0,0,20898,0,0.0
C50_DIS,17,radiopaedia_7_85703_0,radiopaedia_case_7,2,0.3,3807,4,0,1,3806,0,0.25
C50_DIS,17,coronacases_001,coronacases_001,3,0.35,1326,44,10,9,1317,0,0.20454545454545456
C50_DIS,17,coronacases_002,coronacases_002,0,0.35,6992,26,0,2,6990,0,0.07692307692307693
C50_DIS,17,coronacases_003,coronacases_003,3,0.35,802,36,5,7,794,1,0.19444444444444445
C50_DIS,17,coronacases_005,coronacases_005,0,0.35,3497,2,1,0,3497,0,0.0
C50_DIS,17,coronacases_006,coronacases_006,2,0.35,3894,1,0,0,3894,0,0.0
C50_DIS,17,coronacases_007,coronacases_007,2,0.35,3126,7,0,1,3125,0,0.14285714285714285
C50_DIS,17,coronacases_009,coronacases_009,3,0.35,1559,8,2,0,1559,0,0.0
C50_DIS,17,coronacases_010,coronacases_010,1,0.35,4908,6,0,0,4908,0,0.0
C50_DIS,17,radiopaedia_10_85902_1,radiopaedia_case_10,1,0.35,21936,2,0,0,21936,0,0.0
C50_DIS,17,radiopaedia_10_85902_3,radiopaedia_case_10,1,0.35,32211,2,1,0,32211,0,0.0
C50_DIS,17,radiopaedia_29_86490_1,radiopaedia_case_29,0,0.35,5623,2,0,0,5623,0,0.0
C50_DIS,17,radiopaedia_29_86491_1,radiopaedia_case_29,0,0.35,7830,3,0,0,7830,0,0.0
C50_DIS,17,radiopaedia_36_86526_0,radiopaedia_case_36,2,0.35,2540,31,0,1,2539,0,0.03225806451612903
C50_DIS,17,radiopaedia_40_86625_0,radiopaedia_case_40,3,0.35,3159,9,1,1,3158,0,0.1111111111111111
C50_DIS,17,radiopaedia_4_85506_1,radiopaedia_case_4,1,0.35,23991,29,0,0,23991,0,0.0
C50_DIS,17,radiopaedia_7_85703_0,radiopaedia_case_7,2,0.35,4010,4,0,1,4009,0,0.25
C50_DIS,17,coronacases_001,coronacases_001,3,0.4,1266,44,10,11,1255,0,0.25
C50_DIS,17,coronacases_002,coronacases_002,0,0.4,6877,26,0,3,6874,0,0.11538461538461539
C50_DIS,17,coronacases_003,coronacases_003,3,0.4,803,36,5,6,796,1,0.16666666666666666
C50_DIS,17,coronacases_005,coronacases_005,0,0.4,3564,2,1,0,3564,0,0.0
C50_DIS,17,coronacases_006,coronacases_006,2,0.4,3803,1,0,0,3803,0,0.0
C50_DIS,17,coronacases_007,coronacases_007,2,0.4,3204,7,0,1,3203,0,0.14285714285714285
C50_DIS,17,coronacases_009,coronacases_009,3,0.4,1543,8,2,0,1543,0,0.0
C50_DIS,17,coronacases_010,coronacases_010,1,0.4,4762,6,0,0,4762,0,0.0
C50_DIS,17,radiopaedia_10_85902_1,radiopaedia_case_10,1,0.4,24884,2,0,0,24884,0,0.0
C50_DIS,17,radiopaedia_10_85902_3,radiopaedia_case_10,1,0.4,35056,2,1,0,35056,0,0.0
C50_DIS,17,radiopaedia_29_86490_1,radiopaedia_case_29,0,0.4,5696,2,0,0,5696,0,0.0
C50_DIS,17,radiopaedia_29_86491_1,radiopaedia_case_29,0,0.4,7807,3,0,0,7807,0,0.0
C50_DIS,17,radiopaedia_36_86526_0,radiopaedia_case_36,2,0.4,2512,31,0,1,2511,0,0.03225806451612903
C50_DIS,17,radiopaedia_40_86625_0,radiopaedia_case_40,3,0.4,3103,9,1,1,3102,0,0.1111111111111111
C50_DIS,17,radiopaedia_4_85506_1,radiopaedia_case_4,1,0.4,27129,29,0,0,27129,0,0.0
C50_DIS,17,radiopaedia_7_85703_0,radiopaedia_case_7,2,0.4,4076,4,0,1,4075,0,0.25
C50_DIS,17,coronacases_001,coronacases_001,3,0.45,1232,44,10,11,1221,0,0.25
C50_DIS,17,coronacases_002,coronacases_002,0,0.45,6825,26,0,3,6822,0,0.11538461538461539
C50_DIS,17,coronacases_003,coronacases_003,3,0.45,820,36,5,6,813,1,0.16666666666666666
C50_DIS,17,coronacases_005,coronacases_005,0,0.45,3577,2,1,0,3577,0,0.0
C50_DIS,17,coronacases_006,coronacases_006,2,0.45,3807,1,0,0,3807,0,0.0
C50_DIS,17,coronacases_007,coronacases_007,2,0.45,3199,7,0,1,3198,0,0.14285714285714285
C50_DIS,17,coronacases_009,coronacases_009,3,0.45,1481,8,2,0,1481,0,0.0
C50_DIS,17,coronacases_010,coronacases_010,1,0.45,4685,6,0,0,4685,0,0.0
C50_DIS,17,radiopaedia_10_85902_1,radiopaedia_case_10,1,0.45,27328,2,0,0,27328,0,0.0
C50_DIS,17,radiopaedia_10_85902_3,radiopaedia_case_10,1,0.45,37380,2,1,0,37380,0,0.0
C50_DIS,17,radiopaedia_29_86490_1,radiopaedia_case_29,0,0.45,5840,2,0,0,5840,0,0.0
C50_DIS,17,radiopaedia_29_86491_1,radiopaedia_case_29,0,0.45,7674,3,0,0,7674,0,0.0
C50_DIS,17,radiopaedia_36_86526_0,radiopaedia_case_36,2,0.45,2470,31,0,1,2469,0,0.03225806451612903
C50_DIS,17,radiopaedia_40_86625_0,radiopaedia_case_40,3,0.45,3061,9,1,1,3060,0,0.1111111111111111
C50_DIS,17,radiopaedia_4_85506_1,radiopaedia_case_4,1,0.45,30064,29,0,0,30064,0,0.0
C50_DIS,17,radiopaedia_7_85703_0,radiopaedia_case_7,2,0.45,4034,4,0,1,4033,0,0.25
C50_DIS,17,coronacases_001,coronacases_001,3,0.5,1243,44,10,11,1232,0,0.25
C50_DIS,17,coronacases_002,coronacases_002,0,0.5,6812,26,0,3,6809,0,0.11538461538461539
C50_DIS,17,coronacases_003,coronacases_003,3,0.5,833,36,5,6,826,1,0.16666666666666666
C50_DIS,17,coronacases_005,coronacases_005,0,0.5,3602,2,1,0,3602,0,0.0
C50_DIS,17,coronacases_006,coronacases_006,2,0.5,3842,1,0,0,3842,0,0.0
C50_DIS,17,coronacases_007,coronacases_007,2,0.5,3164,7,0,1,3163,0,0.14285714285714285
C50_DIS,17,coronacases_009,coronacases_009,3,0.5,1433,8,2,0,1433,0,0.0
C50_DIS,17,coronacases_010,coronacases_010,1,0.5,4658,6,0,0,4658,0,0.0
C50_DIS,17,radiopaedia_10_85902_1,radiopaedia_case_10,1,0.5,29628,2,0,0,29628,0,0.0
C50_DIS,17,radiopaedia_10_85902_3,radiopaedia_case_10,1,0.5,39232,2,1,0,39232,0,0.0
C50_DIS,17,radiopaedia_29_86490_1,radiopaedia_case_29,0,0.5,5923,2,0,0,5923,0,0.0
C50_DIS,17,radiopaedia_29_86491_1,radiopaedia_case_29,0,0.5,7645,3,0,0,7645,0,0.0
C50_DIS,17,radiopaedia_36_86526_0,radiopaedia_case_36,2,0.5,2393,31,0,1,2392,0,0.03225806451612903
C50_DIS,17,radiopaedia_40_86625_0,radiopaedia_case_40,3,0.5,3028,9,1,1,3027,0,0.1111111111111111
C50_DIS,17,radiopaedia_4_85506_1,radiopaedia_case_4,1,0.5,32787,29,0,0,32787,0,0.0
C50_DIS,17,radiopaedia_7_85703_0,radiopaedia_case_7,2,0.5,3996,4,0,1,3995,0,0.25
C50_DIS,17,coronacases_001,coronacases_001,3,0.55,1238,44,10,10,1228,0,0.22727272727272727
C50_DIS,17,coronacases_002,coronacases_002,0,0.55,6770,26,0,3,6767,0,0.11538461538461539
C50_DIS,17,coronacases_003,coronacases_003,3,0.55,836,36,5,6,829,1,0.16666666666666666
C50_DIS,17,coronacases_005,coronacases_005,0,0.55,3682,2,1,0,3682,0,0.0
C50_DIS,17,coronacases_006,coronacases_006,2,0.55,3955,1,0,0,3955,0,0.0
C50_DIS,17,coronacases_007,coronacases_007,2,0.55,3160,7,0,1,3159,0,0.14285714285714285
C50_DIS,17,coronacases_009,coronacases_009,3,0.55,1374,8,2,0,1374,0,0.0
C50_DIS,17,coronacases_010,coronacases_010,1,0.55,4715,6,0,0,4715,0,0.0
C50_DIS,17,radiopaedia_10_85902_1,radiopaedia_case_10,1,0.55,31535,2,0,0,31535,0,0.0
C50_DIS,17,radiopaedia_10_85902_3,radiopaedia_case_10,1,0.55,40857,2,1,0,40857,0,0.0
C50_DIS,17,radiopaedia_29_86490_1,radiopaedia_case_29,0,0.55,5855,2,0,0,5855,0,0.0
C50_DIS,17,radiopaedia_29_86491_1,radiopaedia_case_29,0,0.55,7611,3,0,0,7611,0,0.0
C50_DIS,17,radiopaedia_36_86526_0,radiopaedia_case_36,2,0.55,2297,31,0,1,2296,0,0.03225806451612903
C50_DIS,17,radiopaedia_40_86625_0,radiopaedia_case_40,3,0.55,3020,9,1,1,3019,0,0.1111111111111111
C50_DIS,17,radiopaedia_4_85506_1,radiopaedia_case_4,1,0.55,35461,29,0,0,35461,0,0.0
C50_DIS,17,radiopaedia_7_85703_0,radiopaedia_case_7,2,0.55,3897,4,0,1,3896,0,0.25
C50_DIS,17,coronacases_001,coronacases_001,3,0.6,1243,44,10,10,1233,0,0.22727272727272727
C50_DIS,17,coronacases_002,coronacases_002,0,0.6,6850,26,0,3,6847,0,0.11538461538461539
C50_DIS,17,coronacases_003,coronacases_003,3,0.6,869,36,5,6,862,1,0.16666666666666666
C50_DIS,17,coronacases_005,coronacases_005,0,0.6,3719,2,1,0,3719,0,0.0
C50_DIS,17,coronacases_006,coronacases_006,2,0.6,3958,1,0,0,3958,0,0.0
C50_DIS,17,coronacases_007,coronacases_007,2,0.6,3009,7,0,1,3008,0,0.14285714285714285
C50_DIS,17,coronacases_009,coronacases_009,3,0.6,1337,8,2,1,1336,0,0.125
C50_DIS,17,coronacases_010,coronacases_010,1,0.6,4896,6,0,0,4896,0,0.0
C50_DIS,17,radiopaedia_10_85902_1,radiopaedia_case_10,1,0.6,32958,2,0,0,32958,0,0.0
C50_DIS,17,radiopaedia_10_85902_3,radiopaedia_case_10,1,0.6,41834,2,1,0,41834,0,0.0
C50_DIS,17,radiopaedia_29_86490_1,radiopaedia_case_29,0,0.6,5705,2,0,0,5705,0,0.0
C50_DIS,17,radiopaedia_29_86491_1,radiopaedia_case_29,0,0.6,7568,3,0,0,7568,0,0.0
C50_DIS,17,radiopaedia_36_86526_0,radiopaedia_case_36,2,0.6,2196,31,0,1,2195,0,0.03225806451612903
C50_DIS,17,radiopaedia_40_86625_0,radiopaedia_case_40,3,0.6,2952,9,1,1,2951,0,0.1111111111111111
C50_DIS,17,radiopaedia_4_85506_1,radiopaedia_case_4,1,0.6,37741,29,0,0,37741,0,0.0
C50_DIS,17,radiopaedia_7_85703_0,radiopaedia_case_7,2,0.6,3817,4,0,1,3816,0,0.25
C50_DIS,17,coronacases_001,coronacases_001,3,0.65,1312,44,10,11,1301,0,0.25
C50_DIS,17,coronacases_002,coronacases_002,0,0.65,6723,26,0,3,6720,0,0.11538461538461539
C50_DIS,17,coronacases_003,coronacases_003,3,0.65,894,36,5,8,885,1,0.2222222222222222
C50_DIS,17,coronacases_005,coronacases_005,0,0.65,3784,2,1,0,3784,0,0.0
C50_DIS,17,coronacases_006,coronacases_006,2,0.65,3949,1,0,0,3949,0,0.0
C50_DIS,17,coronacases_007,coronacases_007,2,0.65,3031,7,0,1,3030,0,0.14285714285714285
C50_DIS,17,coronacases_009,coronacases_009,3,0.65,1301,8,2,1,1300,0,0.125
C50_DIS,17,coronacases_010,coronacases_010,1,0.65,4995,6,0,0,4995,0,0.0
C50_DIS,17,radiopaedia_10_85902_1,radiopaedia_case_10,1,0.65,33987,2,0,0,33987,0,0.0
C50_DIS,17,radiopaedia_10_85902_3,radiopaedia_case_10,1,0.65,42239,2,1,1,42238,0,0.5
C50_DIS,17,radiopaedia_29_86490_1,radiopaedia_case_29,0,0.65,5617,2,0,0,5617,0,0.0
C50_DIS,17,radiopaedia_29_86491_1,radiopaedia_case_29,0,0.65,7459,3,0,0,7459,0,0.0
C50_DIS,17,radiopaedia_36_86526_0,radiopaedia_case_36,2,0.65,2121,31,0,1,2120,0,0.03225806451612903
C50_DIS,17,radiopaedia_40_86625_0,radiopaedia_case_40,3,0.65,2915,9,1,1,2914,0,0.1111111111111111
C50_DIS,17,radiopaedia_4_85506_1,radiopaedia_case_4,1,0.65,39458,29,0,0,39458,0,0.0
C50_DIS,17,radiopaedia_7_85703_0,radiopaedia_case_7,2,0.65,3729,4,0,1,3728,0,0.25
C50_DIS,17,coronacases_001,coronacases_001,3,0.7,1269,44,10,11,1258,0,0.25
C50_DIS,17,coronacases_002,coronacases_002,0,0.7,6674,26,0,3,6671,0,0.11538461538461539
C50_DIS,17,coronacases_003,coronacases_003,3,0.7,899,36,5,8,890,1,0.2222222222222222
C50_DIS,17,coronacases_005,coronacases_005,0,0.7,3825,2,1,0,3825,0,0.0
C50_DIS,17,coronacases_006,coronacases_006,2,0.7,3976,1,0,0,3976,0,0.0
C50_DIS,17,coronacases_007,coronacases_007,2,0.7,2995,7,0,1,2994,0,0.14285714285714285
C50_DIS,17,coronacases_009,coronacases_009,3,0.7,1330,8,2,1,1329,0,0.125
C50_DIS,17,coronacases_010,coronacases_010,1,0.7,5008,6,0,1,5007,0,0.16666666666666666
C50_DIS,17,radiopaedia_10_85902_1,radiopaedia_case_10,1,0.7,34739,2,0,0,34739,0,0.0
C50_DIS,17,radiopaedia_10_85902_3,radiopaedia_case_10,1,0.7,42234,2,1,1,42233,0,0.5
C50_DIS,17,radiopaedia_29_86490_1,radiopaedia_case_29,0,0.7,5536,2,0,0,5536,0,0.0
C50_DIS,17,radiopaedia_29_86491_1,radiopaedia_case_29,0,0.7,7459,3,0,0,7459,0,0.0
C50_DIS,17,radiopaedia_36_86526_0,radiopaedia_case_36,2,0.7,2082,31,0,1,2081,0,0.03225806451612903
C50_DIS,17,radiopaedia_40_86625_0,radiopaedia_case_40,3,0.7,2849,9,1,1,2848,0,0.1111111111111111
C50_DIS,17,radiopaedia_4_85506_1,radiopaedia_case_4,1,0.7,41173,29,0,0,41173,0,0.0
C50_DIS,17,radiopaedia_7_85703_0,radiopaedia_case_7,2,0.7,3679,4,0,1,3678,0,0.25
C50_DIS,17,coronacases_001,coronacases_001,3,0.75,1269,44,10,12,1257,0,0.2727272727272727
C50_DIS,17,coronacases_002,coronacases_002,0,0.75,6589,26,0,3,6586,0,0.11538461538461539
C50_DIS,17,coronacases_003,coronacases_003,3,0.75,944,36,5,8,935,1,0.2222222222222222
C50_DIS,17,coronacases_005,coronacases_005,0,0.75,3861,2,1,0,3861,0,0.0
C50_DIS,17,coronacases_006,coronacases_006,2,0.75,3972,1,0,0,3972,0,0.0
C50_DIS,17,coronacases_007,coronacases_007,2,0.75,2976,7,0,1,2975,0,0.14285714285714285
C50_DIS,17,coronacases_009,coronacases_009,3,0.75,1389,8,2,1,1388,0,0.125
C50_DIS,17,coronacases_010,coronacases_010,1,0.75,5048,6,0,1,5047,0,0.16666666666666666
C50_DIS,17,radiopaedia_10_85902_1,radiopaedia_case_10,1,0.75,35062,2,0,0,35062,0,0.0
C50_DIS,17,radiopaedia_10_85902_3,radiopaedia_case_10,1,0.75,41488,2,1,1,41487,0,0.5
C50_DIS,17,radiopaedia_29_86490_1,radiopaedia_case_29,0,0.75,5393,2,0,0,5393,0,0.0
C50_DIS,17,radiopaedia_29_86491_1,radiopaedia_case_29,0,0.75,7445,3,0,0,7445,0,0.0
C50_DIS,17,radiopaedia_36_86526_0,radiopaedia_case_36,2,0.75,2034,31,0,1,2033,0,0.03225806451612903
C50_DIS,17,radiopaedia_40_86625_0,radiopaedia_case_40,3,0.75,2713,9,1,1,2712,0,0.1111111111111111
C50_DIS,17,radiopaedia_4_85506_1,radiopaedia_case_4,1,0.75,42121,29,0,0,42121,0,0.0
C50_DIS,17,radiopaedia_7_85703_0,radiopaedia_case_7,2,0.75,3621,4,0,1,3620,0,0.25
C50_DIS,17,coronacases_001,coronacases_001,3,0.8,1262,44,10,13,1249,0,0.29545454545454547
C50_DIS,17,coronacases_002,coronacases_002,0,0.8,6605,26,0,3,6602,0,0.11538461538461539
C50_DIS,17,coronacases_003,coronacases_003,3,0.8,966,36,5,8,957,1,0.2222222222222222
C50_DIS,17,coronacases_005,coronacases_005,0,0.8,3853,2,1,0,3853,0,0.0
C50_DIS,17,coronacases_006,coronacases_006,2,0.8,4026,1,0,0,4026,0,0.0
C50_DIS,17,coronacases_007,coronacases_007,2,0.8,2984,7,0,1,2983,0,0.14285714285714285
C50_DIS,17,coronacases_009,coronacases_009,3,0.8,1413,8,2,2,1411,0,0.25
C50_DIS,17,coronacases_010,coronacases_010,1,0.8,5109,6,0,3,5106,0,0.5
C50_DIS,17,radiopaedia_10_85902_1,radiopaedia_case_10,1,0.8,34684,2,0,0,34684,0,0.0
C50_DIS,17,radiopaedia_10_85902_3,radiopaedia_case_10,1,0.8,40003,2,1,1,40002,0,0.5
C50_DIS,17,radiopaedia_29_86490_1,radiopaedia_case_29,0,0.8,5265,2,0,1,5264,0,0.5
C50_DIS,17,radiopaedia_29_86491_1,radiopaedia_case_29,0,0.8,7274,3,0,0,7274,0,0.0
C50_DIS,17,radiopaedia_36_86526_0,radiopaedia_case_36,2,0.8,1934,31,0,2,1932,0,0.06451612903225806
C50_DIS,17,radiopaedia_40_86625_0,radiopaedia_case_40,3,0.8,2528,9,1,1,2527,0,0.1111111111111111
C50_DIS,17,radiopaedia_4_85506_1,radiopaedia_case_4,1,0.8,42500,29,0,2,42498,0,0.06896551724137931
C50_DIS,17,radiopaedia_7_85703_0,radiopaedia_case_7,2,0.8,3636,4,0,1,3635,0,0.25
C50_DIS,17,coronacases_001,coronacases_001,3,0.85,1244,44,10,14,1230,0,0.3181818181818182
C50_DIS,17,coronacases_002,coronacases_002,0,0.85,6551,26,0,3,6548,0,0.11538461538461539
C50_DIS,17,coronacases_003,coronacases_003,3,0.85,1054,36,5,6,1046,2,0.16666666666666666
C50_DIS,17,coronacases_005,coronacases_005,0,0.85,3936,2,1,0,3936,0,0.0
C50_DIS,17,coronacases_006,coronacases_006,2,0.85,4292,1,0,0,4292,0,0.0
C50_DIS,17,coronacases_007,coronacases_007,2,0.85,2983,7,0,1,2982,0,0.14285714285714285
C50_DIS,17,coronacases_009,coronacases_009,3,0.85,1439,8,2,2,1437,0,0.25
C50_DIS,17,coronacases_010,coronacases_010,1,0.85,5047,6,0,3,5044,0,0.5
C50_DIS,17,radiopaedia_10_85902_1,radiopaedia_case_10,1,0.85,33409,2,0,0,33409,0,0.0
C50_DIS,17,radiopaedia_10_85902_3,radiopaedia_case_10,1,0.85,37838,2,1,1,37837,0,0.5
C50_DIS,17,radiopaedia_29_86490_1,radiopaedia_case_29,0,0.85,4905,2,0,1,4904,0,0.5
C50_DIS,17,radiopaedia_29_86491_1,radiopaedia_case_29,0,0.85,7106,3,0,0,7106,0,0.0
C50_DIS,17,radiopaedia_36_86526_0,radiopaedia_case_36,2,0.85,1927,31,0,3,1924,0,0.0967741935483871
C50_DIS,17,radiopaedia_40_86625_0,radiopaedia_case_40,3,0.85,2366,9,1,1,2365,0,0.1111111111111111
C50_DIS,17,radiopaedia_4_85506_1,radiopaedia_case_4,1,0.85,41453,29,0,2,41451,0,0.06896551724137931
C50_DIS,17,radiopaedia_7_85703_0,radiopaedia_case_7,2,0.85,3630,4,0,1,3629,0,0.25
C50_DIS,17,coronacases_001,coronacases_001,3,0.9,1300,44,10,15,1285,0,0.3409090909090909
C50_DIS,17,coronacases_002,coronacases_002,0,0.9,6321,26,0,3,6318,0,0.11538461538461539
C50_DIS,17,coronacases_003,coronacases_003,3,0.9,1183,36,5,9,1173,1,0.25
C50_DIS,17,coronacases_005,coronacases_005,0,0.9,3840,2,1,0,3840,0,0.0
C50_DIS,17,coronacases_006,coronacases_006,2,0.9,4309,1,0,0,4309,0,0.0
C50_DIS,17,coronacases_007,coronacases_007,2,0.9,3163,7,0,1,3162,0,0.14285714285714285
C50_DIS,17,coronacases_009,coronacases_009,3,0.9,1438,8,2,2,1436,0,0.25
C50_DIS,17,coronacases_010,coronacases_010,1,0.9,4936,6,0,3,4933,0,0.5
C50_DIS,17,radiopaedia_10_85902_1,radiopaedia_case_10,1,0.9,30409,2,0,0,30409,0,0.0
C50_DIS,17,radiopaedia_10_85902_3,radiopaedia_case_10,1,0.9,34082,2,1,1,34081,0,0.5
C50_DIS,17,radiopaedia_29_86490_1,radiopaedia_case_29,0,0.9,4458,2,0,1,4457,0,0.5
C50_DIS,17,radiopaedia_29_86491_1,radiopaedia_case_29,0,0.9,6724,3,0,0,6724,0,0.0
C50_DIS,17,radiopaedia_36_86526_0,radiopaedia_case_36,2,0.9,1813,31,0,4,1809,0,0.12903225806451613
C50_DIS,17,radiopaedia_40_86625_0,radiopaedia_case_40,3,0.9,2229,9,1,1,2228,0,0.1111111111111111
C50_DIS,17,radiopaedia_4_85506_1,radiopaedia_case_4,1,0.9,37919,29,0,3,37916,0,0.10344827586206896
C50_DIS,17,radiopaedia_7_85703_0,radiopaedia_case_7,2,0.9,3759,4,0,1,3758,0,0.25
C50_DIS,17,coronacases_001,coronacases_001,3,0.95,1599,44,10,15,1584,0,0.3409090909090909
C50_DIS,17,coronacases_002,coronacases_002,0,0.95,5934,26,0,5,5929,0,0.19230769230769232
C50_DIS,17,coronacases_003,coronacases_003,3,0.95,1412,36,5,11,1399,2,0.3055555555555556
C50_DIS,17,coronacases_005,coronacases_005,0,0.95,3647,2,1,1,3646,0,0.5
C50_DIS,17,coronacases_006,coronacases_006,2,0.95,4598,1,0,0,4598,0,0.0
C50_DIS,17,coronacases_007,coronacases_007,2,0.95,3625,7,0,1,3624,0,0.14285714285714285
C50_DIS,17,coronacases_009,coronacases_009,3,0.95,1387,8,2,2,1385,0,0.25
C50_DIS,17,coronacases_010,coronacases_010,1,0.95,4654,6,0,3,4651,0,0.5
C50_DIS,17,radiopaedia_10_85902_1,radiopaedia_case_10,1,0.95,24430,2,0,0,24430,0,0.0
C50_DIS,17,radiopaedia_10_85902_3,radiopaedia_case_10,1,0.95,28332,2,1,1,28331,0,0.5
C50_DIS,17,radiopaedia_29_86490_1,radiopaedia_case_29,0,0.95,3784,2,0,1,3783,0,0.5
C50_DIS,17,radiopaedia_29_86491_1,radiopaedia_case_29,0,0.95,6044,3,0,0,6044,0,0.0
C50_DIS,17,radiopaedia_36_86526_0,radiopaedia_case_36,2,0.95,1756,31,0,5,1751,0,0.16129032258064516
C50_DIS,17,radiopaedia_40_86625_0,radiopaedia_case_40,3,0.95,2188,9,1,1,2187,0,0.1111111111111111
C50_DIS,17,radiopaedia_4_85506_1,radiopaedia_case_4,1,0.95,30249,29,0,7,30242,0,0.2413793103448276
C50_DIS,17,radiopaedia_7_85703_0,radiopaedia_case_7,2,0.95,4097,4,0,0,4097,0,0.0
C50_DIS,17,coronacases_001,coronacases_001,3,0.975,2146,44,10,18,2128,0,0.4090909090909091
C50_DIS,17,coronacases_002,coronacases_002,0,0.975,5283,26,0,6,5277,0,0.23076923076923078
C50_DIS,17,coronacases_003,coronacases_003,3,0.975,1920,36,5,11,1907,2,0.3055555555555556
C50_DIS,17,coronacases_005,coronacases_005,0,0.975,3184,2,1,1,3183,0,0.5
C50_DIS,17,coronacases_006,coronacases_006,2,0.975,5216,1,0,0,5216,0,0.0
C50_DIS,17,coronacases_007,coronacases_007,2,0.975,4075,7,0,2,4073,0,0.2857142857142857
C50_DIS,17,coronacases_009,coronacases_009,3,0.975,1433,8,2,2,1430,1,0.25
C50_DIS,17,coronacases_010,coronacases_010,1,0.975,4286,6,0,3,4283,0,0.5
C50_DIS,17,radiopaedia_10_85902_1,radiopaedia_case_10,1,0.975,18375,2,0,1,18374,0,0.5
C50_DIS,17,radiopaedia_10_85902_3,radiopaedia_case_10,1,0.975,23317,2,1,1,23316,0,0.5
C50_DIS,17,radiopaedia_29_86490_1,radiopaedia_case_29,0,0.975,3221,2,0,0,3221,0,0.0
C50_DIS,17,radiopaedia_29_86491_1,radiopaedia_case_29,0,0.975,5302,3,0,2,5300,0,0.6666666666666666
C50_DIS,17,radiopaedia_36_86526_0,radiopaedia_case_36,2,0.975,1824,31,0,5,1819,0,0.16129032258064516
C50_DIS,17,radiopaedia_40_86625_0,radiopaedia_case_40,3,0.975,2337,9,1,0,2337,0,0.0
C50_DIS,17,radiopaedia_4_85506_1,radiopaedia_case_4,1,0.975,22169,29,0,7,22162,0,0.2413793103448276
C50_DIS,17,radiopaedia_7_85703_0,radiopaedia_case_7,2,0.975,4053,4,0,0,4053,0,0.0
C50_DIS,17,coronacases_001,coronacases_001,3,0.99,3235,44,10,17,3218,0,0.38636363636363635
C50_DIS,17,coronacases_002,coronacases_002,0,0.99,4567,26,0,13,4554,0,0.5
C50_DIS,17,coronacases_003,coronacases_003,3,0.99,2899,36,5,12,2885,2,0.3333333333333333
C50_DIS,17,coronacases_005,coronacases_005,0,0.99,2565,2,1,2,2563,0,1.0
C50_DIS,17,coronacases_006,coronacases_006,2,0.99,6493,1,0,0,6493,0,0.0
C50_DIS,17,coronacases_007,coronacases_007,2,0.99,4847,7,0,2,4845,0,0.2857142857142857
C50_DIS,17,coronacases_009,coronacases_009,3,0.99,1921,8,2,2,1918,1,0.25
C50_DIS,17,coronacases_010,coronacases_010,1,0.99,3881,6,0,3,3878,0,0.5
C50_DIS,17,radiopaedia_10_85902_1,radiopaedia_case_10,1,0.99,11667,2,0,1,11666,0,0.5
C50_DIS,17,radiopaedia_10_85902_3,radiopaedia_case_10,1,0.99,18121,2,1,2,18119,0,1.0
C50_DIS,17,radiopaedia_29_86490_1,radiopaedia_case_29,0,0.99,2665,2,0,0,2665,0,0.0
C50_DIS,17,radiopaedia_29_86491_1,radiopaedia_case_29,0,0.99,4534,3,0,2,4532,0,0.6666666666666666
C50_DIS,17,radiopaedia_36_86526_0,radiopaedia_case_36,2,0.99,1887,31,0,6,1881,0,0.1935483870967742
C50_DIS,17,radiopaedia_40_86625_0,radiopaedia_case_40,3,0.99,3146,9,1,0,3146,0,0.0
C50_DIS,17,radiopaedia_4_85506_1,radiopaedia_case_4,1,0.99,13716,29,0,9,13707,0,0.3103448275862069
C50_DIS,17,radiopaedia_7_85703_0,radiopaedia_case_7,2,0.99,4477,4,0,0,4477,0,0.0
C50_DIS,17,coronacases_001,coronacases_001,3,0.995,4264,44,10,17,4247,0,0.38636363636363635
C50_DIS,17,coronacases_002,coronacases_002,0,0.995,4042,26,0,15,4027,0,0.5769230769230769
C50_DIS,17,coronacases_003,coronacases_003,3,0.995,4595,36,5,13,4580,2,0.3611111111111111
C50_DIS,17,coronacases_005,coronacases_005,0,0.995,2291,2,1,2,2289,0,1.0
C50_DIS,17,coronacases_006,coronacases_006,2,0.995,7817,1,0,0,7817,0,0.0
C50_DIS,17,coronacases_007,coronacases_007,2,0.995,5728,7,0,3,5725,0,0.42857142857142855
C50_DIS,17,coronacases_009,coronacases_009,3,0.995,2698,8,2,3,2695,0,0.375
C50_DIS,17,coronacases_010,coronacases_010,1,0.995,3536,6,0,5,3531,0,0.8333333333333334
C50_DIS,17,radiopaedia_10_85902_1,radiopaedia_case_10,1,0.995,8118,2,0,1,8117,0,0.5
C50_DIS,17,radiopaedia_10_85902_3,radiopaedia_case_10,1,0.995,15501,2,1,2,15499,0,1.0
C50_DIS,17,radiopaedia_29_86490_1,radiopaedia_case_29,0,0.995,2468,2,0,0,2468,0,0.0
C50_DIS,17,radiopaedia_29_86491_1,radiopaedia_case_29,0,0.995,4166,3,0,2,4164,0,0.6666666666666666
C50_DIS,17,radiopaedia_36_86526_0,radiopaedia_case_36,2,0.995,2023,31,0,9,2014,0,0.2903225806451613
C50_DIS,17,radiopaedia_40_86625_0,radiopaedia_case_40,3,0.995,4764,9,1,0,4764,0,0.0
C50_DIS,17,radiopaedia_4_85506_1,radiopaedia_case_4,1,0.995,9573,29,0,11,9562,0,0.3793103448275862
C50_DIS,17,radiopaedia_7_85703_0,radiopaedia_case_7,2,0.995,5737,4,0,0,5737,0,0.0
C50_DIS,17,coronacases_001,coronacases_001,3,1.000001,0,44,10,0,0,0,0.0
C50_DIS,17,coronacases_002,coronacases_002,0,1.000001,0,26,0,0,0,0,0.0
C50_DIS,17,coronacases_003,coronacases_003,3,1.000001,0,36,5,0,0,0,0.0
C50_DIS,17,coronacases_005,coronacases_005,0,1.000001,0,2,1,0,0,0,0.0
C50_DIS,17,coronacases_006,coronacases_006,2,1.000001,0,1,0,0,0,0,0.0
C50_DIS,17,coronacases_007,coronacases_007,2,1.000001,0,7,0,0,0,0,0.0
C50_DIS,17,coronacases_009,coronacases_009,3,1.000001,0,8,2,0,0,0,0.0
C50_DIS,17,coronacases_010,coronacases_010,1,1.000001,0,6,0,0,0,0,0.0
C50_DIS,17,radiopaedia_10_85902_1,radiopaedia_case_10,1,1.000001,0,2,0,0,0,0,0.0
C50_DIS,17,radiopaedia_10_85902_3,radiopaedia_case_10,1,1.000001,0,2,1,0,0,0,0.0
C50_DIS,17,radiopaedia_29_86490_1,radiopaedia_case_29,0,1.000001,0,2,0,0,0,0,0.0
C50_DIS,17,radiopaedia_29_86491_1,radiopaedia_case_29,0,1.000001,0,3,0,0,0,0,0.0
C50_DIS,17,radiopaedia_36_86526_0,radiopaedia_case_36,2,1.000001,0,31,0,0,0,0,0.0
C50_DIS,17,radiopaedia_40_86625_0,radiopaedia_case_40,3,1.000001,0,9,1,0,0,0,0.0
C50_DIS,17,radiopaedia_4_85506_1,radiopaedia_case_4,1,1.000001,0,29,0,0,0,0,0.0
C50_DIS,17,radiopaedia_7_85703_0,radiopaedia_case_7,2,1.000001,0,4,0,0,0,0,0.0
C50_DIS,29,coronacases_001,coronacases_001,3,0.05,5086,44,10,1,5084,1,0.022727272727272728
C50_DIS,29,coronacases_002,coronacases_002,0,0.05,1744,26,0,0,1744,0,0.0
C50_DIS,29,coronacases_003,coronacases_003,3,0.05,5426,36,5,4,5421,1,0.1111111111111111
C50_DIS,29,coronacases_005,coronacases_005,0,0.05,1096,2,1,0,1096,0,0.0
C50_DIS,29,coronacases_006,coronacases_006,2,0.05,7499,1,0,0,7499,0,0.0
C50_DIS,29,coronacases_007,coronacases_007,2,0.05,3762,7,0,0,3762,0,0.0
C50_DIS,29,coronacases_009,coronacases_009,3,0.05,3774,8,2,0,3774,0,0.0
C50_DIS,29,coronacases_010,coronacases_010,1,0.05,1405,6,0,0,1405,0,0.0
C50_DIS,29,radiopaedia_10_85902_1,radiopaedia_case_10,1,0.05,3738,2,0,0,3738,0,0.0
C50_DIS,29,radiopaedia_10_85902_3,radiopaedia_case_10,1,0.05,4110,2,1,0,4110,0,0.0
C50_DIS,29,radiopaedia_29_86490_1,radiopaedia_case_29,0,0.05,2220,2,0,0,2220,0,0.0
C50_DIS,29,radiopaedia_29_86491_1,radiopaedia_case_29,0,0.05,3124,3,0,0,3124,0,0.0
C50_DIS,29,radiopaedia_36_86526_0,radiopaedia_case_36,2,0.05,7370,31,0,0,7370,0,0.0
C50_DIS,29,radiopaedia_40_86625_0,radiopaedia_case_40,3,0.05,14518,9,1,1,14517,0,0.1111111111111111
C50_DIS,29,radiopaedia_4_85506_1,radiopaedia_case_4,1,0.05,4271,29,0,0,4271,0,0.0
C50_DIS,29,radiopaedia_7_85703_0,radiopaedia_case_7,2,0.05,12835,4,0,1,12834,0,0.25
C50_DIS,29,coronacases_001,coronacases_001,3,0.1,5243,44,10,4,5238,1,0.09090909090909091
C50_DIS,29,coronacases_002,coronacases_002,0,0.1,2357,26,0,0,2357,0,0.0
C50_DIS,29,coronacases_003,coronacases_003,3,0.1,6081,36,5,6,6074,1,0.16666666666666666
C50_DIS,29,coronacases_005,coronacases_005,0,0.1,1300,2,1,0,1300,0,0.0
C50_DIS,29,coronacases_006,coronacases_006,2,0.1,7655,1,0,0,7655,0,0.0
C50_DIS,29,coronacases_007,coronacases_007,2,0.1,4129,7,0,1,4128,0,0.14285714285714285
C50_DIS,29,coronacases_009,coronacases_009,3,0.1,4187,8,2,0,4187,0,0.0
C50_DIS,29,coronacases_010,coronacases_010,1,0.1,1410,6,0,0,1410,0,0.0
C50_DIS,29,radiopaedia_10_85902_1,radiopaedia_case_10,1,0.1,3160,2,0,0,3160,0,0.0
C50_DIS,29,radiopaedia_10_85902_3,radiopaedia_case_10,1,0.1,4445,2,1,0,4445,0,0.0
C50_DIS,29,radiopaedia_29_86490_1,radiopaedia_case_29,0,0.1,2651,2,0,0,2651,0,0.0
C50_DIS,29,radiopaedia_29_86491_1,radiopaedia_case_29,0,0.1,3589,3,0,0,3589,0,0.0
C50_DIS,29,radiopaedia_36_86526_0,radiopaedia_case_36,2,0.1,7571,31,0,0,7571,0,0.0
C50_DIS,29,radiopaedia_40_86625_0,radiopaedia_case_40,3,0.1,15860,9,1,1,15859,0,0.1111111111111111
C50_DIS,29,radiopaedia_4_85506_1,radiopaedia_case_4,1,0.1,3277,29,0,0,3277,0,0.0
C50_DIS,29,radiopaedia_7_85703_0,radiopaedia_case_7,2,0.1,13519,4,0,1,13518,0,0.25
C50_DIS,29,coronacases_001,coronacases_001,3,0.15,5277,44,10,4,5272,1,0.09090909090909091
C50_DIS,29,coronacases_002,coronacases_002,0,0.15,2467,26,0,0,2467,0,0.0
C50_DIS,29,coronacases_003,coronacases_003,3,0.15,6018,36,5,6,6011,1,0.16666666666666666
C50_DIS,29,coronacases_005,coronacases_005,0,0.15,1337,2,1,0,1337,0,0.0
C50_DIS,29,coronacases_006,coronacases_006,2,0.15,7819,1,0,0,7819,0,0.0
C50_DIS,29,coronacases_007,coronacases_007,2,0.15,4405,7,0,1,4404,0,0.14285714285714285
C50_DIS,29,coronacases_009,coronacases_009,3,0.15,4380,8,2,0,4380,0,0.0
C50_DIS,29,coronacases_010,coronacases_010,1,0.15,1528,6,0,0,1528,0,0.0
C50_DIS,29,radiopaedia_10_85902_1,radiopaedia_case_10,1,0.15,2698,2,0,0,2698,0,0.0
C50_DIS,29,radiopaedia_10_85902_3,radiopaedia_case_10,1,0.15,4467,2,1,0,4467,0,0.0
C50_DIS,29,radiopaedia_29_86490_1,radiopaedia_case_29,0,0.15,2768,2,0,0,2768,0,0.0
C50_DIS,29,radiopaedia_29_86491_1,radiopaedia_case_29,0,0.15,3831,3,0,0,3831,0,0.0
C50_DIS,29,radiopaedia_36_86526_0,radiopaedia_case_36,2,0.15,7495,31,0,0,7495,0,0.0
C50_DIS,29,radiopaedia_40_86625_0,radiopaedia_case_40,3,0.15,15418,9,1,1,15417,0,0.1111111111111111
C50_DIS,29,radiopaedia_4_85506_1,radiopaedia_case_4,1,0.15,3257,29,0,0,3257,0,0.0
C50_DIS,29,radiopaedia_7_85703_0,radiopaedia_case_7,2,0.15,13784,4,0,1,13783,0,0.25
C50_DIS,29,coronacases_001,coronacases_001,3,0.2,5414,44,10,4,5409,1,0.09090909090909091
C50_DIS,29,coronacases_002,coronacases_002,0,0.2,2469,26,0,0,2469,0,0.0
C50_DIS,29,coronacases_003,coronacases_003,3,0.2,5993,36,5,7,5985,1,0.19444444444444445
C50_DIS,29,coronacases_005,coronacases_005,0,0.2,1448,2,1,0,1448,0,0.0
C50_DIS,29,coronacases_006,coronacases_006,2,0.2,7694,1,0,0,7694,0,0.0
C50_DIS,29,coronacases_007,coronacases_007,2,0.2,4581,7,0,1,4580,0,0.14285714285714285
C50_DIS,29,coronacases_009,coronacases_009,3,0.2,4471,8,2,0,4471,0,0.0
C50_DIS,29,coronacases_010,coronacases_010,1,0.2,1589,6,0,0,1589,0,0.0
C50_DIS,29,radiopaedia_10_85902_1,radiopaedia_case_10,1,0.2,2308,2,0,0,2308,0,0.0
C50_DIS,29,radiopaedia_10_85902_3,radiopaedia_case_10,1,0.2,4635,2,1,0,4635,0,0.0
C50_DIS,29,radiopaedia_29_86490_1,radiopaedia_case_29,0,0.2,2903,2,0,0,2903,0,0.0
C50_DIS,29,radiopaedia_29_86491_1,radiopaedia_case_29,0,0.2,4052,3,0,0,4052,0,0.0
C50_DIS,29,radiopaedia_36_86526_0,radiopaedia_case_36,2,0.2,7462,31,0,0,7462,0,0.0
C50_DIS,29,radiopaedia_40_86625_0,radiopaedia_case_40,3,0.2,15095,9,1,1,15094,0,0.1111111111111111
C50_DIS,29,radiopaedia_4_85506_1,radiopaedia_case_4,1,0.2,2971,29,0,0,2971,0,0.0
C50_DIS,29,radiopaedia_7_85703_0,radiopaedia_case_7,2,0.2,14047,4,0,1,14046,0,0.25
C50_DIS,29,coronacases_001,coronacases_001,3,0.25,5514,44,10,5,5508,1,0.11363636363636363
C50_DIS,29,coronacases_002,coronacases_002,0,0.25,2542,26,0,0,2542,0,0.0
C50_DIS,29,coronacases_003,coronacases_003,3,0.25,6064,36,5,6,6057,1,0.16666666666666666
C50_DIS,29,coronacases_005,coronacases_005,0,0.25,1584,2,1,0,1584,0,0.0
C50_DIS,29,coronacases_006,coronacases_006,2,0.25,7878,1,0,0,7878,0,0.0
C50_DIS,29,coronacases_007,coronacases_007,2,0.25,4692,7,0,1,4691,0,0.14285714285714285
C50_DIS,29,coronacases_009,coronacases_009,3,0.25,4442,8,2,0,4442,0,0.0
C50_DIS,29,coronacases_010,coronacases_010,1,0.25,1586,6,0,0,1586,0,0.0
C50_DIS,29,radiopaedia_10_85902_1,radiopaedia_case_10,1,0.25,2226,2,0,0,2226,0,0.0
C50_DIS,29,radiopaedia_10_85902_3,radiopaedia_case_10,1,0.25,4681,2,1,0,4681,0,0.0
C50_DIS,29,radiopaedia_29_86490_1,radiopaedia_case_29,0,0.25,3027,2,0,1,3026,0,0.5
C50_DIS,29,radiopaedia_29_86491_1,radiopaedia_case_29,0,0.25,4111,3,0,0,4111,0,0.0
C50_DIS,29,radiopaedia_36_86526_0,radiopaedia_case_36,2,0.25,7439,31,0,0,7439,0,0.0
C50_DIS,29,radiopaedia_40_86625_0,radiopaedia_case_40,3,0.25,14812,9,1,1,14811,0,0.1111111111111111
C50_DIS,29,radiopaedia_4_85506_1,radiopaedia_case_4,1,0.25,2514,29,0,1,2513,0,0.034482758620689655
C50_DIS,29,radiopaedia_7_85703_0,radiopaedia_case_7,2,0.25,14187,4,0,0,14187,0,0.0
C50_DIS,29,coronacases_001,coronacases_001,3,0.3,5625,44,10,6,5618,1,0.13636363636363635
C50_DIS,29,coronacases_002,coronacases_002,0,0.3,2712,26,0,0,2712,0,0.0
C50_DIS,29,coronacases_003,coronacases_003,3,0.3,6073,36,5,7,6065,1,0.19444444444444445
C50_DIS,29,coronacases_005,coronacases_005,0,0.3,1718,2,1,0,1718,0,0.0
C50_DIS,29,coronacases_006,coronacases_006,2,0.3,8054,1,0,0,8054,0,0.0
C50_DIS,29,coronacases_007,coronacases_007,2,0.3,4911,7,0,1,4910,0,0.14285714285714285
C50_DIS,29,coronacases_009,coronacases_009,3,0.3,4398,8,2,0,4398,0,0.0
C50_DIS,29,coronacases_010,coronacases_010,1,0.3,1586,6,0,0,1586,0,0.0
C50_DIS,29,radiopaedia_10_85902_1,radiopaedia_case_10,1,0.3,2187,2,0,0,2187,0,0.0
C50_DIS,29,radiopaedia_10_85902_3,radiopaedia_case_10,1,0.3,4791,2,1,1,4790,0,0.5
C50_DIS,29,radiopaedia_29_86490_1,radiopaedia_case_29,0,0.3,3207,2,0,1,3206,0,0.5
C50_DIS,29,radiopaedia_29_86491_1,radiopaedia_case_29,0,0.3,4237,3,0,0,4237,0,0.0
C50_DIS,29,radiopaedia_36_86526_0,radiopaedia_case_36,2,0.3,7340,31,0,0,7340,0,0.0
C50_DIS,29,radiopaedia_40_86625_0,radiopaedia_case_40,3,0.3,14662,9,1,1,14661,0,0.1111111111111111
C50_DIS,29,radiopaedia_4_85506_1,radiopaedia_case_4,1,0.3,2266,29,0,1,2265,0,0.034482758620689655
C50_DIS,29,radiopaedia_7_85703_0,radiopaedia_case_7,2,0.3,14261,4,0,0,14261,0,0.0
C50_DIS,29,coronacases_001,coronacases_001,3,0.35,5754,44,10,6,5748,0,0.13636363636363635
C50_DIS,29,coronacases_002,coronacases_002,0,0.35,2812,26,0,0,2812,0,0.0
C50_DIS,29,coronacases_003,coronacases_003,3,0.35,6179,36,5,8,6170,1,0.2222222222222222
C50_DIS,29,coronacases_005,coronacases_005,0,0.35,1844,2,1,0,1844,0,0.0
C50_DIS,29,coronacases_006,coronacases_006,2,0.35,8096,1,0,0,8096,0,0.0
C50_DIS,29,coronacases_007,coronacases_007,2,0.35,5096,7,0,1,5095,0,0.14285714285714285
C50_DIS,29,coronacases_009,coronacases_009,3,0.35,4385,8,2,0,4385,0,0.0
C50_DIS,29,coronacases_010,coronacases_010,1,0.35,1551,6,0,0,1551,0,0.0
C50_DIS,29,radiopaedia_10_85902_1,radiopaedia_case_10,1,0.35,2096,2,0,0,2096,0,0.0
C50_DIS,29,radiopaedia_10_85902_3,radiopaedia_case_10,1,0.35,4913,2,1,1,4912,0,0.5
C50_DIS,29,radiopaedia_29_86490_1,radiopaedia_case_29,0,0.35,3404,2,0,1,3403,0,0.5
C50_DIS,29,radiopaedia_29_86491_1,radiopaedia_case_29,0,0.35,4337,3,0,0,4337,0,0.0
C50_DIS,29,radiopaedia_36_86526_0,radiopaedia_case_36,2,0.35,7424,31,0,0,7424,0,0.0
C50_DIS,29,radiopaedia_40_86625_0,radiopaedia_case_40,3,0.35,14432,9,1,1,14431,0,0.1111111111111111
C50_DIS,29,radiopaedia_4_85506_1,radiopaedia_case_4,1,0.35,2209,29,0,1,2208,0,0.034482758620689655
C50_DIS,29,radiopaedia_7_85703_0,radiopaedia_case_7,2,0.35,14323,4,0,0,14323,0,0.0
C50_DIS,29,coronacases_001,coronacases_001,3,0.4,5809,44,10,6,5803,0,0.13636363636363635
C50_DIS,29,coronacases_002,coronacases_002,0,0.4,2926,26,0,0,2926,0,0.0
C50_DIS,29,coronacases_003,coronacases_003,3,0.4,6219,36,5,10,6208,1,0.2777777777777778
C50_DIS,29,coronacases_005,coronacases_005,0,0.4,1980,2,1,0,1980,0,0.0
C50_DIS,29,coronacases_006,coronacases_006,2,0.4,8039,1,0,0,8039,0,0.0
C50_DIS,29,coronacases_007,coronacases_007,2,0.4,5232,7,0,1,5231,0,0.14285714285714285
C50_DIS,29,coronacases_009,coronacases_009,3,0.4,4227,8,2,1,4226,0,0.125
C50_DIS,29,coronacases_010,coronacases_010,1,0.4,1518,6,0,0,1518,0,0.0
C50_DIS,29,radiopaedia_10_85902_1,radiopaedia_case_10,1,0.4,2040,2,0,0,2040,0,0.0
C50_DIS,29,radiopaedia_10_85902_3,radiopaedia_case_10,1,0.4,4919,2,1,1,4918,0,0.5
C50_DIS,29,radiopaedia_29_86490_1,radiopaedia_case_29,0,0.4,3533,2,0,0,3533,0,0.0
C50_DIS,29,radiopaedia_29_86491_1,radiopaedia_case_29,0,0.4,4353,3,0,0,4353,0,0.0
C50_DIS,29,radiopaedia_36_86526_0,radiopaedia_case_36,2,0.4,7348,31,0,1,7347,0,0.03225806451612903
C50_DIS,29,radiopaedia_40_86625_0,radiopaedia_case_40,3,0.4,14052,9,1,1,14051,0,0.1111111111111111
C50_DIS,29,radiopaedia_4_85506_1,radiopaedia_case_4,1,0.4,2119,29,0,1,2118,0,0.034482758620689655
C50_DIS,29,radiopaedia_7_85703_0,radiopaedia_case_7,2,0.4,14147,4,0,0,14147,0,0.0
C50_DIS,29,coronacases_001,coronacases_001,3,0.45,5893,44,10,6,5887,0,0.13636363636363635
C50_DIS,29,coronacases_002,coronacases_002,0,0.45,3118,26,0,0,3118,0,0.0
C50_DIS,29,coronacases_003,coronacases_003,3,0.45,6317,36,5,11,6305,1,0.3055555555555556
C50_DIS,29,coronacases_005,coronacases_005,0,0.45,2117,2,1,0,2117,0,0.0
C50_DIS,29,coronacases_006,coronacases_006,2,0.45,8047,1,0,0,8047,0,0.0
C50_DIS,29,coronacases_007,coronacases_007,2,0.45,5313,7,0,1,5312,0,0.14285714285714285
C50_DIS,29,coronacases_009,coronacases_009,3,0.45,4270,8,2,1,4269,0,0.125
C50_DIS,29,coronacases_010,coronacases_010,1,0.45,1532,6,0,0,1532,0,0.0
C50_DIS,29,radiopaedia_10_85902_1,radiopaedia_case_10,1,0.45,1952,2,0,0,1952,0,0.0
C50_DIS,29,radiopaedia_10_85902_3,radiopaedia_case_10,1,0.45,4962,2,1,1,4961,0,0.5
C50_DIS,29,radiopaedia_29_86490_1,radiopaedia_case_29,0,0.45,3598,2,0,0,3598,0,0.0
C50_DIS,29,radiopaedia_29_86491_1,radiopaedia_case_29,0,0.45,4411,3,0,0,4411,0,0.0
C50_DIS,29,radiopaedia_36_86526_0,radiopaedia_case_36,2,0.45,7356,31,0,1,7355,0,0.03225806451612903
C50_DIS,29,radiopaedia_40_86625_0,radiopaedia_case_40,3,0.45,13726,9,1,1,13725,0,0.1111111111111111
C50_DIS,29,radiopaedia_4_85506_1,radiopaedia_case_4,1,0.45,2048,29,0,0,2048,0,0.0
C50_DIS,29,radiopaedia_7_85703_0,radiopaedia_case_7,2,0.45,13974,4,0,0,13974,0,0.0
C50_DIS,29,coronacases_001,coronacases_001,3,0.5,6133,44,10,6,6127,0,0.13636363636363635
C50_DIS,29,coronacases_002,coronacases_002,0,0.5,3189,26,0,0,3189,0,0.0
C50_DIS,29,coronacases_003,coronacases_003,3,0.5,6408,36,5,11,6396,1,0.3055555555555556
C50_DIS,29,coronacases_005,coronacases_005,0,0.5,2248,2,1,0,2248,0,0.0
C50_DIS,29,coronacases_006,coronacases_006,2,0.5,7992,1,0,0,7992,0,0.0
C50_DIS,29,coronacases_007,coronacases_007,2,0.5,5383,7,0,1,5382,0,0.14285714285714285
C50_DIS,29,coronacases_009,coronacases_009,3,0.5,4239,8,2,1,4238,0,0.125
C50_DIS,29,coronacases_010,coronacases_010,1,0.5,1567,6,0,0,1567,0,0.0
C50_DIS,29,radiopaedia_10_85902_1,radiopaedia_case_10,1,0.5,2063,2,0,0,2063,0,0.0
C50_DIS,29,radiopaedia_10_85902_3,radiopaedia_case_10,1,0.5,4868,2,1,1,4867,0,0.5
C50_DIS,29,radiopaedia_29_86490_1,radiopaedia_case_29,0,0.5,3662,2,0,0,3662,0,0.0
C50_DIS,29,radiopaedia_29_86491_1,radiopaedia_case_29,0,0.5,4364,3,0,0,4364,0,0.0
C50_DIS,29,radiopaedia_36_86526_0,radiopaedia_case_36,2,0.5,7273,31,0,2,7271,0,0.06451612903225806
C50_DIS,29,radiopaedia_40_86625_0,radiopaedia_case_40,3,0.5,13382,9,1,1,13381,0,0.1111111111111111
C50_DIS,29,radiopaedia_4_85506_1,radiopaedia_case_4,1,0.5,1952,29,0,1,1951,0,0.034482758620689655
C50_DIS,29,radiopaedia_7_85703_0,radiopaedia_case_7,2,0.5,13843,4,0,0,13843,0,0.0
C50_DIS,29,coronacases_001,coronacases_001,3,0.55,6346,44,10,6,6340,0,0.13636363636363635
C50_DIS,29,coronacases_002,coronacases_002,0,0.55,3352,26,0,0,3352,0,0.0
C50_DIS,29,coronacases_003,coronacases_003,3,0.55,6552,36,5,11,6540,1,0.3055555555555556
C50_DIS,29,coronacases_005,coronacases_005,0,0.55,2366,2,1,0,2366,0,0.0
C50_DIS,29,coronacases_006,coronacases_006,2,0.55,8179,1,0,0,8179,0,0.0
C50_DIS,29,coronacases_007,coronacases_007,2,0.55,5413,7,0,1,5412,0,0.14285714285714285
C50_DIS,29,coronacases_009,coronacases_009,3,0.55,4270,8,2,1,4269,0,0.125
C50_DIS,29,coronacases_010,coronacases_010,1,0.55,1607,6,0,0,1607,0,0.0
C50_DIS,29,radiopaedia_10_85902_1,radiopaedia_case_10,1,0.55,2129,2,0,0,2129,0,0.0
C50_DIS,29,radiopaedia_10_85902_3,radiopaedia_case_10,1,0.55,4868,2,1,1,4867,0,0.5
C50_DIS,29,radiopaedia_29_86490_1,radiopaedia_case_29,0,0.55,3781,2,0,0,3781,0,0.0
C50_DIS,29,radiopaedia_29_86491_1,radiopaedia_case_29,0,0.55,4442,3,0,0,4442,0,0.0
C50_DIS,29,radiopaedia_36_86526_0,radiopaedia_case_36,2,0.55,7161,31,0,2,7159,0,0.06451612903225806
C50_DIS,29,radiopaedia_40_86625_0,radiopaedia_case_40,3,0.55,13164,9,1,1,13163,0,0.1111111111111111
C50_DIS,29,radiopaedia_4_85506_1,radiopaedia_case_4,1,0.55,1835,29,0,1,1834,0,0.034482758620689655
C50_DIS,29,radiopaedia_7_85703_0,radiopaedia_case_7,2,0.55,13735,4,0,0,13735,0,0.0
C50_DIS,29,coronacases_001,coronacases_001,3,0.6,6696,44,10,6,6690,0,0.13636363636363635
C50_DIS,29,coronacases_002,coronacases_002,0,0.6,3539,26,0,0,3539,0,0.0
C50_DIS,29,coronacases_003,coronacases_003,3,0.6,6492,36,5,11,6480,1,0.3055555555555556
C50_DIS,29,coronacases_005,coronacases_005,0,0.6,2545,2,1,0,2545,0,0.0
C50_DIS,29,coronacases_006,coronacases_006,2,0.6,8296,1,0,0,8296,0,0.0
C50_DIS,29,coronacases_007,coronacases_007,2,0.6,5403,7,0,1,5402,0,0.14285714285714285
C50_DIS,29,coronacases_009,coronacases_009,3,0.6,4310,8,2,1,4309,0,0.125
C50_DIS,29,coronacases_010,coronacases_010,1,0.6,1647,6,0,0,1647,0,0.0
C50_DIS,29,radiopaedia_10_85902_1,radiopaedia_case_10,1,0.6,2139,2,0,0,2139,0,0.0
C50_DIS,29,radiopaedia_10_85902_3,radiopaedia_case_10,1,0.6,4862,2,1,1,4861,0,0.5
C50_DIS,29,radiopaedia_29_86490_1,radiopaedia_case_29,0,0.6,3878,2,0,0,3878,0,0.0
C50_DIS,29,radiopaedia_29_86491_1,radiopaedia_case_29,0,0.6,4482,3,0,0,4482,0,0.0
C50_DIS,29,radiopaedia_36_86526_0,radiopaedia_case_36,2,0.6,7112,31,0,2,7110,0,0.06451612903225806
C50_DIS,29,radiopaedia_40_86625_0,radiopaedia_case_40,3,0.6,12918,9,1,1,12917,0,0.1111111111111111
C50_DIS,29,radiopaedia_4_85506_1,radiopaedia_case_4,1,0.6,1840,29,0,2,1838,0,0.06896551724137931
C50_DIS,29,radiopaedia_7_85703_0,radiopaedia_case_7,2,0.6,13513,4,0,0,13513,0,0.0
C50_DIS,29,coronacases_001,coronacases_001,3,0.65,7083,44,10,7,7076,0,0.1590909090909091
C50_DIS,29,coronacases_002,coronacases_002,0,0.65,3677,26,0,0,3677,0,0.0
C50_DIS,29,coronacases_003,coronacases_003,3,0.65,6447,36,5,12,6434,1,0.3333333333333333
C50_DIS,29,coronacases_005,coronacases_005,0,0.65,2674,2,1,0,2674,0,0.0
C50_DIS,29,coronacases_006,coronacases_006,2,0.65,8325,1,0,0,8325,0,0.0
C50_DIS,29,coronacases_007,coronacases_007,2,0.65,5387,7,0,1,5386,0,0.14285714285714285
C50_DIS,29,coronacases_009,coronacases_009,3,0.65,4495,8,2,2,4493,0,0.25
C50_DIS,29,coronacases_010,coronacases_010,1,0.65,1737,6,0,0,1737,0,0.0
C50_DIS,29,radiopaedia_10_85902_1,radiopaedia_case_10,1,0.65,2108,2,0,0,2108,0,0.0
C50_DIS,29,radiopaedia_10_85902_3,radiopaedia_case_10,1,0.65,4872,2,1,1,4871,0,0.5
C50_DIS,29,radiopaedia_29_86490_1,radiopaedia_case_29,0,0.65,3907,2,0,0,3907,0,0.0
C50_DIS,29,radiopaedia_29_86491_1,radiopaedia_case_29,0,0.65,4542,3,0,0,4542,0,0.0
C50_DIS,29,radiopaedia_36_86526_0,radiopaedia_case_36,2,0.65,7013,31,0,3,7010,0,0.0967741935483871
C50_DIS,29,radiopaedia_40_86625_0,radiopaedia_case_40,3,0.65,12774,9,1,1,12773,0,0.1111111111111111
C50_DIS,29,radiopaedia_4_85506_1,radiopaedia_case_4,1,0.65,1829,29,0,2,1827,0,0.06896551724137931
C50_DIS,29,radiopaedia_7_85703_0,radiopaedia_case_7,2,0.65,13208,4,0,0,13208,0,0.0
C50_DIS,29,coronacases_001,coronacases_001,3,0.7,7689,44,10,8,7681,0,0.18181818181818182
C50_DIS,29,coronacases_002,coronacases_002,0,0.7,3839,26,0,0,3839,0,0.0
C50_DIS,29,coronacases_003,coronacases_003,3,0.7,6533,36,5,11,6521,1,0.3055555555555556
C50_DIS,29,coronacases_005,coronacases_005,0,0.7,2793,2,1,0,2793,0,0.0
C50_DIS,29,coronacases_006,coronacases_006,2,0.7,8097,1,0,0,8097,0,0.0
C50_DIS,29,coronacases_007,coronacases_007,2,0.7,5361,7,0,1,5360,0,0.14285714285714285
C50_DIS,29,coronacases_009,coronacases_009,3,0.7,4735,8,2,3,4732,0,0.375
C50_DIS,29,coronacases_010,coronacases_010,1,0.7,1837,6,0,0,1837,0,0.0
C50_DIS,29,radiopaedia_10_85902_1,radiopaedia_case_10,1,0.7,1978,2,0,0,1978,0,0.0
C50_DIS,29,radiopaedia_10_85902_3,radiopaedia_case_10,1,0.7,5032,2,1,1,5031,0,0.5
C50_DIS,29,radiopaedia_29_86490_1,radiopaedia_case_29,0,0.7,3951,2,0,0,3951,0,0.0
C50_DIS,29,radiopaedia_29_86491_1,radiopaedia_case_29,0,0.7,4595,3,0,0,4595,0,0.0
C50_DIS,29,radiopaedia_36_86526_0,radiopaedia_case_36,2,0.7,6941,31,0,3,6938,0,0.0967741935483871
C50_DIS,29,radiopaedia_40_86625_0,radiopaedia_case_40,3,0.7,12664,9,1,1,12663,0,0.1111111111111111
C50_DIS,29,radiopaedia_4_85506_1,radiopaedia_case_4,1,0.7,1830,29,0,2,1828,0,0.06896551724137931
C50_DIS,29,radiopaedia_7_85703_0,radiopaedia_case_7,2,0.7,12877,4,0,0,12877,0,0.0
C50_DIS,29,coronacases_001,coronacases_001,3,0.75,8174,44,10,8,8166,0,0.18181818181818182
C50_DIS,29,coronacases_002,coronacases_002,0,0.75,4092,26,0,0,4092,0,0.0
C50_DIS,29,coronacases_003,coronacases_003,3,0.75,6487,36,5,11,6475,1,0.3055555555555556
C50_DIS,29,coronacases_005,coronacases_005,0,0.75,2962,2,1,0,2962,0,0.0
C50_DIS,29,coronacases_006,coronacases_006,2,0.75,7992,1,0,0,7992,0,0.0
C50_DIS,29,coronacases_007,coronacases_007,2,0.75,5275,7,0,1,5274,0,0.14285714285714285
C50_DIS,29,coronacases_009,coronacases_009,3,0.75,4949,8,2,3,4946,0,0.375
C50_DIS,29,coronacases_010,coronacases_010,1,0.75,2040,6,0,0,2040,0,0.0
C50_DIS,29,radiopaedia_10_85902_1,radiopaedia_case_10,1,0.75,1821,2,0,0,1821,0,0.0
C50_DIS,29,radiopaedia_10_85902_3,radiopaedia_case_10,1,0.75,5211,2,1,1,5210,0,0.5
C50_DIS,29,radiopaedia_29_86490_1,radiopaedia_case_29,0,0.75,4035,2,0,0,4035,0,0.0
C50_DIS,29,radiopaedia_29_86491_1,radiopaedia_case_29,0,0.75,4625,3,0,0,4625,0,0.0
C50_DIS,29,radiopaedia_36_86526_0,radiopaedia_case_36,2,0.75,6829,31,0,3,6826,0,0.0967741935483871
C50_DIS,29,radiopaedia_40_86625_0,radiopaedia_case_40,3,0.75,12505,9,1,1,12504,0,0.1111111111111111
C50_DIS,29,radiopaedia_4_85506_1,radiopaedia_case_4,1,0.75,1824,29,0,3,1821,0,0.10344827586206896
C50_DIS,29,radiopaedia_7_85703_0,radiopaedia_case_7,2,0.75,12596,4,0,0,12596,0,0.0
C50_DIS,29,coronacases_001,coronacases_001,3,0.8,8682,44,10,9,8673,0,0.20454545454545456
C50_DIS,29,coronacases_002,coronacases_002,0,0.8,4369,26,0,0,4369,0,0.0
C50_DIS,29,coronacases_003,coronacases_003,3,0.8,6360,36,5,13,6345,2,0.3611111111111111
C50_DIS,29,coronacases_005,coronacases_005,0,0.8,3203,2,1,0,3203,0,0.0
C50_DIS,29,coronacases_006,coronacases_006,2,0.8,7848,1,0,0,7848,0,0.0
C50_DIS,29,coronacases_007,coronacases_007,2,0.8,5164,7,0,1,5163,0,0.14285714285714285
C50_DIS,29,coronacases_009,coronacases_009,3,0.8,5209,8,2,3,5206,0,0.375
C50_DIS,29,coronacases_010,coronacases_010,1,0.8,2166,6,0,0,2166,0,0.0
C50_DIS,29,radiopaedia_10_85902_1,radiopaedia_case_10,1,0.8,1643,2,0,0,1643,0,0.0
C50_DIS,29,radiopaedia_10_85902_3,radiopaedia_case_10,1,0.8,5341,2,1,1,5340,0,0.5
C50_DIS,29,radiopaedia_29_86490_1,radiopaedia_case_29,0,0.8,4227,2,0,0,4227,0,0.0
C50_DIS,29,radiopaedia_29_86491_1,radiopaedia_case_29,0,0.8,4614,3,0,0,4614,0,0.0
C50_DIS,29,radiopaedia_36_86526_0,radiopaedia_case_36,2,0.8,6751,31,0,5,6746,0,0.16129032258064516
C50_DIS,29,radiopaedia_40_86625_0,radiopaedia_case_40,3,0.8,12261,9,1,1,12260,0,0.1111111111111111
C50_DIS,29,radiopaedia_4_85506_1,radiopaedia_case_4,1,0.8,1858,29,0,3,1855,0,0.10344827586206896
C50_DIS,29,radiopaedia_7_85703_0,radiopaedia_case_7,2,0.8,12470,4,0,0,12470,0,0.0
C50_DIS,29,coronacases_001,coronacases_001,3,0.85,9105,44,10,11,9094,0,0.25
C50_DIS,29,coronacases_002,coronacases_002,0,0.85,4694,26,0,0,4694,0,0.0
C50_DIS,29,coronacases_003,coronacases_003,3,0.85,6288,36,5,12,6274,2,0.3333333333333333
C50_DIS,29,coronacases_005,coronacases_005,0,0.85,3457,2,1,0,3457,0,0.0
C50_DIS,29,coronacases_006,coronacases_006,2,0.85,7702,1,0,0,7702,0,0.0
C50_DIS,29,coronacases_007,coronacases_007,2,0.85,5031,7,0,1,5030,0,0.14285714285714285
C50_DIS,29,coronacases_009,coronacases_009,3,0.85,5559,8,2,3,5556,0,0.375
C50_DIS,29,coronacases_010,coronacases_010,1,0.85,2208,6,0,0,2208,0,0.0
C50_DIS,29,radiopaedia_10_85902_1,radiopaedia_case_10,1,0.85,1524,2,0,0,1524,0,0.0
C50_DIS,29,radiopaedia_10_85902_3,radiopaedia_case_10,1,0.85,5407,2,1,1,5406,0,0.5
C50_DIS,29,radiopaedia_29_86490_1,radiopaedia_case_29,0,0.85,4454,2,0,0,4454,0,0.0
C50_DIS,29,radiopaedia_29_86491_1,radiopaedia_case_29,0,0.85,4578,3,0,0,4578,0,0.0
C50_DIS,29,radiopaedia_36_86526_0,radiopaedia_case_36,2,0.85,6460,31,0,6,6454,0,0.1935483870967742
C50_DIS,29,radiopaedia_40_86625_0,radiopaedia_case_40,3,0.85,12154,9,1,1,12153,0,0.1111111111111111
C50_DIS,29,radiopaedia_4_85506_1,radiopaedia_case_4,1,0.85,2124,29,0,3,2121,0,0.10344827586206896
C50_DIS,29,radiopaedia_7_85703_0,radiopaedia_case_7,2,0.85,11933,4,0,0,11933,0,0.0
C50_DIS,29,coronacases_001,coronacases_001,3,0.9,9263,44,10,11,9252,0,0.25
C50_DIS,29,coronacases_002,coronacases_002,0,0.9,5261,26,0,0,5261,0,0.0
C50_DIS,29,coronacases_003,coronacases_003,3,0.9,6068,36,5,12,6055,1,0.3333333333333333
C50_DIS,29,coronacases_005,coronacases_005,0,0.9,4049,2,1,0,4049,0,0.0
C50_DIS,29,coronacases_006,coronacases_006,2,0.9,7433,1,0,0,7433,0,0.0
C50_DIS,29,coronacases_007,coronacases_007,2,0.9,4868,7,0,0,4868,0,0.0
C50_DIS,29,coronacases_009,coronacases_009,3,0.9,5837,8,2,3,5834,0,0.375
C50_DIS,29,coronacases_010,coronacases_010,1,0.9,2314,6,0,0,2314,0,0.0
C50_DIS,29,radiopaedia_10_85902_1,radiopaedia_case_10,1,0.9,1592,2,0,0,1592,0,0.0
C50_DIS,29,radiopaedia_10_85902_3,radiopaedia_case_10,1,0.9,5333,2,1,1,5332,0,0.5
C50_DIS,29,radiopaedia_29_86490_1,radiopaedia_case_29,0,0.9,4895,2,0,0,4895,0,0.0
C50_DIS,29,radiopaedia_29_86491_1,radiopaedia_case_29,0,0.9,4685,3,0,0,4685,0,0.0
C50_DIS,29,radiopaedia_36_86526_0,radiopaedia_case_36,2,0.9,6279,31,0,6,6273,0,0.1935483870967742
C50_DIS,29,radiopaedia_40_86625_0,radiopaedia_case_40,3,0.9,11968,9,1,0,11968,0,0.0
C50_DIS,29,radiopaedia_4_85506_1,radiopaedia_case_4,1,0.9,2340,29,0,3,2337,0,0.10344827586206896
C50_DIS,29,radiopaedia_7_85703_0,radiopaedia_case_7,2,0.9,10846,4,0,0,10846,0,0.0
C50_DIS,29,coronacases_001,coronacases_001,3,0.95,8440,44,10,12,8428,0,0.2727272727272727
C50_DIS,29,coronacases_002,coronacases_002,0,0.95,6127,26,0,2,6125,0,0.07692307692307693
C50_DIS,29,coronacases_003,coronacases_003,3,0.95,5956,36,5,15,5940,1,0.4166666666666667
C50_DIS,29,coronacases_005,coronacases_005,0,0.95,5417,2,1,0,5417,0,0.0
C50_DIS,29,coronacases_006,coronacases_006,2,0.95,7241,1,0,0,7241,0,0.0
C50_DIS,29,coronacases_007,coronacases_007,2,0.95,4735,7,0,0,4735,0,0.0
C50_DIS,29,coronacases_009,coronacases_009,3,0.95,5767,8,2,3,5764,0,0.375
C50_DIS,29,coronacases_010,coronacases_010,1,0.95,2549,6,0,0,2549,0,0.0
C50_DIS,29,radiopaedia_10_85902_1,radiopaedia_case_10,1,0.95,1736,2,0,0,1736,0,0.0
C50_DIS,29,radiopaedia_10_85902_3,radiopaedia_case_10,1,0.95,5287,2,1,1,5286,0,0.5
C50_DIS,29,radiopaedia_29_86490_1,radiopaedia_case_29,0,0.95,5682,2,0,0,5682,0,0.0
C50_DIS,29,radiopaedia_29_86491_1,radiopaedia_case_29,0,0.95,4952,3,0,0,4952,0,0.0
C50_DIS,29,radiopaedia_36_86526_0,radiopaedia_case_36,2,0.95,5833,31,0,9,5824,0,0.2903225806451613
C50_DIS,29,radiopaedia_40_86625_0,radiopaedia_case_40,3,0.95,11504,9,1,1,11503,0,0.1111111111111111
C50_DIS,29,radiopaedia_4_85506_1,radiopaedia_case_4,1,0.95,2805,29,0,4,2801,0,0.13793103448275862
C50_DIS,29,radiopaedia_7_85703_0,radiopaedia_case_7,2,0.95,9310,4,0,1,9309,0,0.25
C50_DIS,29,coronacases_001,coronacases_001,3,0.975,7258,44,10,15,7243,0,0.3409090909090909
C50_DIS,29,coronacases_002,coronacases_002,0,0.975,6899,26,0,3,6896,0,0.11538461538461539
C50_DIS,29,coronacases_003,coronacases_003,3,0.975,5656,36,5,14,5641,1,0.3888888888888889
C50_DIS,29,coronacases_005,coronacases_005,0,0.975,7062,2,1,0,7062,0,0.0
C50_DIS,29,coronacases_006,coronacases_006,2,0.975,7117,1,0,1,7116,0,1.0
C50_DIS,29,coronacases_007,coronacases_007,2,0.975,4542,7,0,0,4542,0,0.0
C50_DIS,29,coronacases_009,coronacases_009,3,0.975,5018,8,2,4,5014,0,0.5
C50_DIS,29,coronacases_010,coronacases_010,1,0.975,3113,6,0,1,3112,0,0.16666666666666666
C50_DIS,29,radiopaedia_10_85902_1,radiopaedia_case_10,1,0.975,1717,2,0,1,1716,0,0.5
C50_DIS,29,radiopaedia_10_85902_3,radiopaedia_case_10,1,0.975,5377,2,1,1,5376,0,0.5
C50_DIS,29,radiopaedia_29_86490_1,radiopaedia_case_29,0,0.975,6849,2,0,1,6848,0,0.5
C50_DIS,29,radiopaedia_29_86491_1,radiopaedia_case_29,0,0.975,5506,3,0,1,5505,0,0.3333333333333333
C50_DIS,29,radiopaedia_36_86526_0,radiopaedia_case_36,2,0.975,5172,31,0,10,5162,0,0.3225806451612903
C50_DIS,29,radiopaedia_40_86625_0,radiopaedia_case_40,3,0.975,10708,9,1,1,10707,0,0.1111111111111111
C50_DIS,29,radiopaedia_4_85506_1,radiopaedia_case_4,1,0.975,3103,29,0,5,3098,0,0.1724137931034483
C50_DIS,29,radiopaedia_7_85703_0,radiopaedia_case_7,2,0.975,8362,4,0,2,8360,0,0.5
C50_DIS,29,coronacases_001,coronacases_001,3,0.99,5810,44,10,19,5790,1,0.4318181818181818
C50_DIS,29,coronacases_002,coronacases_002,0,0.99,8324,26,0,4,8320,0,0.15384615384615385
C50_DIS,29,coronacases_003,coronacases_003,3,0.99,5111,36,5,14,5096,1,0.3888888888888889
C50_DIS,29,coronacases_005,coronacases_005,0,0.99,9006,2,1,0,9006,0,0.0
C50_DIS,29,coronacases_006,coronacases_006,2,0.99,6782,1,0,1,6781,0,1.0
C50_DIS,29,coronacases_007,coronacases_007,2,0.99,4329,7,0,0,4329,0,0.0
C50_DIS,29,coronacases_009,coronacases_009,3,0.99,4260,8,2,4,4256,0,0.5
C50_DIS,29,coronacases_010,coronacases_010,1,0.99,3829,6,0,1,3828,0,0.16666666666666666
C50_DIS,29,radiopaedia_10_85902_1,radiopaedia_case_10,1,0.99,1845,2,0,1,1844,0,0.5
C50_DIS,29,radiopaedia_10_85902_3,radiopaedia_case_10,1,0.99,5958,2,1,1,5957,0,0.5
C50_DIS,29,radiopaedia_29_86490_1,radiopaedia_case_29,0,0.99,8733,2,0,1,8732,0,0.5
C50_DIS,29,radiopaedia_29_86491_1,radiopaedia_case_29,0,0.99,6272,3,0,2,6270,0,0.6666666666666666
C50_DIS,29,radiopaedia_36_86526_0,radiopaedia_case_36,2,0.99,4094,31,0,14,4080,0,0.45161290322580644
C50_DIS,29,radiopaedia_40_86625_0,radiopaedia_case_40,3,0.99,9756,9,1,1,9755,0,0.1111111111111111
C50_DIS,29,radiopaedia_4_85506_1,radiopaedia_case_4,1,0.99,3709,29,0,5,3704,0,0.1724137931034483
C50_DIS,29,radiopaedia_7_85703_0,radiopaedia_case_7,2,0.99,6934,4,0,3,6931,0,0.75
C50_DIS,29,coronacases_001,coronacases_001,3,0.995,4975,44,10,20,4954,1,0.45454545454545453
C50_DIS,29,coronacases_002,coronacases_002,0,0.995,9802,26,0,5,9797,0,0.19230769230769232
C50_DIS,29,coronacases_003,coronacases_003,3,0.995,4592,36,5,14,4576,2,0.3888888888888889
C50_DIS,29,coronacases_005,coronacases_005,0,0.995,9340,2,1,0,9340,0,0.0
C50_DIS,29,coronacases_006,coronacases_006,2,0.995,6503,1,0,1,6502,0,1.0
C50_DIS,29,coronacases_007,coronacases_007,2,0.995,4115,7,0,4,4111,0,0.5714285714285714
C50_DIS,29,coronacases_009,coronacases_009,3,0.995,3913,8,2,4,3909,0,0.5
C50_DIS,29,coronacases_010,coronacases_010,1,0.995,4273,6,0,1,4272,0,0.16666666666666666
C50_DIS,29,radiopaedia_10_85902_1,radiopaedia_case_10,1,0.995,1872,2,0,1,1871,0,0.5
C50_DIS,29,radiopaedia_10_85902_3,radiopaedia_case_10,1,0.995,6886,2,1,1,6885,0,0.5
C50_DIS,29,radiopaedia_29_86490_1,radiopaedia_case_29,0,0.995,10297,2,0,1,10296,0,0.5
C50_DIS,29,radiopaedia_29_86491_1,radiopaedia_case_29,0,0.995,7090,3,0,2,7088,0,0.6666666666666666
C50_DIS,29,radiopaedia_36_86526_0,radiopaedia_case_36,2,0.995,3610,31,0,14,3596,0,0.45161290322580644
C50_DIS,29,radiopaedia_40_86625_0,radiopaedia_case_40,3,0.995,9039,9,1,1,9038,0,0.1111111111111111
C50_DIS,29,radiopaedia_4_85506_1,radiopaedia_case_4,1,0.995,4115,29,0,7,4108,0,0.2413793103448276
C50_DIS,29,radiopaedia_7_85703_0,radiopaedia_case_7,2,0.995,5878,4,0,3,5875,0,0.75
C50_DIS,29,coronacases_001,coronacases_001,3,1.000001,0,44,10,0,0,0,0.0
C50_DIS,29,coronacases_002,coronacases_002,0,1.000001,0,26,0,0,0,0,0.0
C50_DIS,29,coronacases_003,coronacases_003,3,1.000001,0,36,5,0,0,0,0.0
C50_DIS,29,coronacases_005,coronacases_005,0,1.000001,0,2,1,0,0,0,0.0
C50_DIS,29,coronacases_006,coronacases_006,2,1.000001,0,1,0,0,0,0,0.0
C50_DIS,29,coronacases_007,coronacases_007,2,1.000001,0,7,0,0,0,0,0.0
C50_DIS,29,coronacases_009,coronacases_009,3,1.000001,0,8,2,0,0,0,0.0
C50_DIS,29,coronacases_010,coronacases_010,1,1.000001,0,6,0,0,0,0,0.0
C50_DIS,29,radiopaedia_10_85902_1,radiopaedia_case_10,1,1.000001,0,2,0,0,0,0,0.0
C50_DIS,29,radiopaedia_10_85902_3,radiopaedia_case_10,1,1.000001,0,2,1,0,0,0,0.0
C50_DIS,29,radiopaedia_29_86490_1,radiopaedia_case_29,0,1.000001,0,2,0,0,0,0,0.0
C50_DIS,29,radiopaedia_29_86491_1,radiopaedia_case_29,0,1.000001,0,3,0,0,0,0,0.0
C50_DIS,29,radiopaedia_36_86526_0,radiopaedia_case_36,2,1.000001,0,31,0,0,0,0,0.0
C50_DIS,29,radiopaedia_40_86625_0,radiopaedia_case_40,3,1.000001,0,9,1,0,0,0,0.0
C50_DIS,29,radiopaedia_4_85506_1,radiopaedia_case_4,1,1.000001,0,29,0,0,0,0,0.0
C50_DIS,29,radiopaedia_7_85703_0,radiopaedia_case_7,2,1.000001,0,4,0,0,0,0,0.0
C50_DIS,43,coronacases_001,coronacases_001,3,0.05,1680,44,10,1,1678,1,0.022727272727272728
C50_DIS,43,coronacases_002,coronacases_002,0,0.05,4921,26,0,0,4921,0,0.0
C50_DIS,43,coronacases_003,coronacases_003,3,0.05,1034,36,5,4,1029,1,0.1111111111111111
C50_DIS,43,coronacases_005,coronacases_005,0,0.05,3463,2,1,0,3463,0,0.0
C50_DIS,43,coronacases_006,coronacases_006,2,0.05,2828,1,0,0,2828,0,0.0
C50_DIS,43,coronacases_007,coronacases_007,2,0.05,1791,7,0,0,1791,0,0.0
C50_DIS,43,coronacases_009,coronacases_009,3,0.05,1461,8,2,0,1461,0,0.0
C50_DIS,43,coronacases_010,coronacases_010,1,0.05,1416,6,0,0,1416,0,0.0
C50_DIS,43,radiopaedia_10_85902_1,radiopaedia_case_10,1,0.05,2100,2,0,0,2100,0,0.0
C50_DIS,43,radiopaedia_10_85902_3,radiopaedia_case_10,1,0.05,4208,2,1,0,4208,0,0.0
C50_DIS,43,radiopaedia_29_86490_1,radiopaedia_case_29,0,0.05,3838,2,0,0,3838,0,0.0
C50_DIS,43,radiopaedia_29_86491_1,radiopaedia_case_29,0,0.05,3561,3,0,0,3561,0,0.0
C50_DIS,43,radiopaedia_36_86526_0,radiopaedia_case_36,2,0.05,2130,31,0,0,2130,0,0.0
C50_DIS,43,radiopaedia_40_86625_0,radiopaedia_case_40,3,0.05,5222,9,1,0,5222,0,0.0
C50_DIS,43,radiopaedia_4_85506_1,radiopaedia_case_4,1,0.05,2603,29,0,1,2602,0,0.034482758620689655
C50_DIS,43,radiopaedia_7_85703_0,radiopaedia_case_7,2,0.05,5286,4,0,0,5286,0,0.0
C50_DIS,43,coronacases_001,coronacases_001,3,0.1,1903,44,10,2,1900,1,0.045454545454545456
C50_DIS,43,coronacases_002,coronacases_002,0,0.1,7071,26,0,0,7071,0,0.0
C50_DIS,43,coronacases_003,coronacases_003,3,0.1,1264,36,5,5,1258,1,0.1388888888888889
C50_DIS,43,coronacases_005,coronacases_005,0,0.1,3545,2,1,0,3545,0,0.0
C50_DIS,43,coronacases_006,coronacases_006,2,0.1,2851,1,0,0,2851,0,0.0
C50_DIS,43,coronacases_007,coronacases_007,2,0.1,1744,7,0,0,1744,0,0.0
C50_DIS,43,coronacases_009,coronacases_009,3,0.1,1808,8,2,0,1808,0,0.0
C50_DIS,43,coronacases_010,coronacases_010,1,0.1,1924,6,0,0,1924,0,0.0
C50_DIS,43,radiopaedia_10_85902_1,radiopaedia_case_10,1,0.1,2011,2,0,0,2011,0,0.0
C50_DIS,43,radiopaedia_10_85902_3,radiopaedia_case_10,1,0.1,4243,2,1,1,4242,0,0.5
C50_DIS,43,radiopaedia_29_86490_1,radiopaedia_case_29,0,0.1,5257,2,0,0,5257,0,0.0
C50_DIS,43,radiopaedia_29_86491_1,radiopaedia_case_29,0,0.1,4465,3,0,0,4465,0,0.0
C50_DIS,43,radiopaedia_36_86526_0,radiopaedia_case_36,2,0.1,2624,31,0,0,2624,0,0.0
C50_DIS,43,radiopaedia_40_86625_0,radiopaedia_case_40,3,0.1,4944,9,1,0,4944,0,0.0
C50_DIS,43,radiopaedia_4_85506_1,radiopaedia_case_4,1,0.1,2827,29,0,1,2826,0,0.034482758620689655
C50_DIS,43,radiopaedia_7_85703_0,radiopaedia_case_7,2,0.1,4586,4,0,1,4585,0,0.25
C50_DIS,43,coronacases_001,coronacases_001,3,0.15,1959,44,10,3,1955,1,0.06818181818181818
C50_DIS,43,coronacases_002,coronacases_002,0,0.15,8035,26,0,0,8035,0,0.0
C50_DIS,43,coronacases_003,coronacases_003,3,0.15,1467,36,5,5,1461,1,0.1388888888888889
C50_DIS,43,coronacases_005,coronacases_005,0,0.15,3709,2,1,0,3709,0,0.0
C50_DIS,43,coronacases_006,coronacases_006,2,0.15,3173,1,0,0,3173,0,0.0
C50_DIS,43,coronacases_007,coronacases_007,2,0.15,1864,7,0,0,1864,0,0.0
C50_DIS,43,coronacases_009,coronacases_009,3,0.15,2042,8,2,0,2042,0,0.0
C50_DIS,43,coronacases_010,coronacases_010,1,0.15,2144,6,0,0,2144,0,0.0
C50_DIS,43,radiopaedia_10_85902_1,radiopaedia_case_10,1,0.15,1897,2,0,0,1897,0,0.0
C50_DIS,43,radiopaedia_10_85902_3,radiopaedia_case_10,1,0.15,4276,2,1,1,4275,0,0.5
C50_DIS,43,radiopaedia_29_86490_1,radiopaedia_case_29,0,0.15,6586,2,0,0,6586,0,0.0
C50_DIS,43,radiopaedia_29_86491_1,radiopaedia_case_29,0,0.15,5434,3,0,0,5434,0,0.0
C50_DIS,43,radiopaedia_36_86526_0,radiopaedia_case_36,2,0.15,2887,31,0,0,2887,0,0.0
C50_DIS,43,radiopaedia_40_86625_0,radiopaedia_case_40,3,0.15,4835,9,1,0,4835,0,0.0
C50_DIS,43,radiopaedia_4_85506_1,radiopaedia_case_4,1,0.15,2812,29,0,1,2811,0,0.034482758620689655
C50_DIS,43,radiopaedia_7_85703_0,radiopaedia_case_7,2,0.15,4061,4,0,1,4060,0,0.25
C50_DIS,43,coronacases_001,coronacases_001,3,0.2,2112,44,10,5,2106,1,0.11363636363636363
C50_DIS,43,coronacases_002,coronacases_002,0,0.2,8883,26,0,0,8883,0,0.0
C50_DIS,43,coronacases_003,coronacases_003,3,0.2,1583,36,5,6,1576,1,0.16666666666666666
C50_DIS,43,coronacases_005,coronacases_005,0,0.2,3792,2,1,0,3792,0,0.0
C50_DIS,43,coronacases_006,coronacases_006,2,0.2,3402,1,0,0,3402,0,0.0
C50_DIS,43,coronacases_007,coronacases_007,2,0.2,2154,7,0,0,2154,0,0.0
C50_DIS,43,coronacases_009,coronacases_009,3,0.2,2221,8,2,0,2221,0,0.0
C50_DIS,43,coronacases_010,coronacases_010,1,0.2,2381,6,0,0,2381,0,0.0
C50_DIS,43,radiopaedia_10_85902_1,radiopaedia_case_10,1,0.2,1891,2,0,0,1891,0,0.0
C50_DIS,43,radiopaedia_10_85902_3,radiopaedia_case_10,1,0.2,4203,2,1,1,4202,0,0.5
C50_DIS,43,radiopaedia_29_86490_1,radiopaedia_case_29,0,0.2,7789,2,0,0,7789,0,0.0
C50_DIS,43,radiopaedia_29_86491_1,radiopaedia_case_29,0,0.2,6307,3,0,0,6307,0,0.0
C50_DIS,43,radiopaedia_36_86526_0,radiopaedia_case_36,2,0.2,2962,31,0,0,2962,0,0.0
C50_DIS,43,radiopaedia_40_86625_0,radiopaedia_case_40,3,0.2,4788,9,1,0,4788,0,0.0
C50_DIS,43,radiopaedia_4_85506_1,radiopaedia_case_4,1,0.2,2776,29,0,1,2775,0,0.034482758620689655
C50_DIS,43,radiopaedia_7_85703_0,radiopaedia_case_7,2,0.2,3626,4,0,1,3625,0,0.25
C50_DIS,43,coronacases_001,coronacases_001,3,0.25,2197,44,10,5,2191,1,0.11363636363636363
C50_DIS,43,coronacases_002,coronacases_002,0,0.25,9244,26,0,0,9244,0,0.0
C50_DIS,43,coronacases_003,coronacases_003,3,0.25,1652,36,5,6,1645,1,0.16666666666666666
C50_DIS,43,coronacases_005,coronacases_005,0,0.25,3899,2,1,0,3899,0,0.0
C50_DIS,43,coronacases_006,coronacases_006,2,0.25,3465,1,0,0,3465,0,0.0
C50_DIS,43,coronacases_007,coronacases_007,2,0.25,2299,7,0,0,2299,0,0.0
C50_DIS,43,coronacases_009,coronacases_009,3,0.25,2379,8,2,0,2379,0,0.0
C50_DIS,43,coronacases_010,coronacases_010,1,0.25,2586,6,0,0,2586,0,0.0
C50_DIS,43,radiopaedia_10_85902_1,radiopaedia_case_10,1,0.25,1913,2,0,0,1913,0,0.0
C50_DIS,43,radiopaedia_10_85902_3,radiopaedia_case_10,1,0.25,4316,2,1,1,4315,0,0.5
C50_DIS,43,radiopaedia_29_86490_1,radiopaedia_case_29,0,0.25,8925,2,0,0,8925,0,0.0
C50_DIS,43,radiopaedia_29_86491_1,radiopaedia_case_29,0,0.25,7195,3,0,0,7195,0,0.0
C50_DIS,43,radiopaedia_36_86526_0,radiopaedia_case_36,2,0.25,2675,31,0,0,2675,0,0.0
C50_DIS,43,radiopaedia_40_86625_0,radiopaedia_case_40,3,0.25,4688,9,1,0,4688,0,0.0
C50_DIS,43,radiopaedia_4_85506_1,radiopaedia_case_4,1,0.25,2818,29,0,1,2817,0,0.034482758620689655
C50_DIS,43,radiopaedia_7_85703_0,radiopaedia_case_7,2,0.25,3559,4,0,1,3558,0,0.25
C50_DIS,43,coronacases_001,coronacases_001,3,0.3,2202,44,10,6,2195,1,0.13636363636363635
C50_DIS,43,coronacases_002,coronacases_002,0,0.3,9599,26,0,0,9599,0,0.0
C50_DIS,43,coronacases_003,coronacases_003,3,0.3,1723,36,5,7,1715,1,0.19444444444444445
C50_DIS,43,coronacases_005,coronacases_005,0,0.3,4007,2,1,0,4007,0,0.0
C50_DIS,43,coronacases_006,coronacases_006,2,0.3,3391,1,0,0,3391,0,0.0
C50_DIS,43,coronacases_007,coronacases_007,2,0.3,2254,7,0,0,2254,0,0.0
C50_DIS,43,coronacases_009,coronacases_009,3,0.3,2498,8,2,0,2498,0,0.0
C50_DIS,43,coronacases_010,coronacases_010,1,0.3,2746,6,0,0,2746,0,0.0
C50_DIS,43,radiopaedia_10_85902_1,radiopaedia_case_10,1,0.3,1889,2,0,0,1889,0,0.0
C50_DIS,43,radiopaedia_10_85902_3,radiopaedia_case_10,1,0.3,4535,2,1,1,4534,0,0.5
C50_DIS,43,radiopaedia_29_86490_1,radiopaedia_case_29,0,0.3,10062,2,0,0,10062,0,0.0
C50_DIS,43,radiopaedia_29_86491_1,radiopaedia_case_29,0,0.3,8094,3,0,0,8094,0,0.0
C50_DIS,43,radiopaedia_36_86526_0,radiopaedia_case_36,2,0.3,2507,31,0,0,2507,0,0.0
C50_DIS,43,radiopaedia_40_86625_0,radiopaedia_case_40,3,0.3,4560,9,1,0,4560,0,0.0
C50_DIS,43,radiopaedia_4_85506_1,radiopaedia_case_4,1,0.3,2874,29,0,1,2873,0,0.034482758620689655
C50_DIS,43,radiopaedia_7_85703_0,radiopaedia_case_7,2,0.3,3596,4,0,1,3595,0,0.25
C50_DIS,43,coronacases_001,coronacases_001,3,0.35,2303,44,10,6,2296,1,0.13636363636363635
C50_DIS,43,coronacases_002,coronacases_002,0,0.35,9972,26,0,0,9972,0,0.0
C50_DIS,43,coronacases_003,coronacases_003,3,0.35,1722,36,5,6,1715,1,0.16666666666666666
C50_DIS,43,coronacases_005,coronacases_005,0,0.35,4076,2,1,0,4076,0,0.0
C50_DIS,43,coronacases_006,coronacases_006,2,0.35,3315,1,0,0,3315,0,0.0
C50_DIS,43,coronacases_007,coronacases_007,2,0.35,2160,7,0,0,2160,0,0.0
C50_DIS,43,coronacases_009,coronacases_009,3,0.35,2593,8,2,0,2593,0,0.0
C50_DIS,43,coronacases_010,coronacases_010,1,0.35,2894,6,0,0,2894,0,0.0
C50_DIS,43,radiopaedia_10_85902_1,radiopaedia_case_10,1,0.35,1849,2,0,0,1849,0,0.0
C50_DIS,43,radiopaedia_10_85902_3,radiopaedia_case_10,1,0.35,4786,2,1,1,4785,0,0.5
C50_DIS,43,radiopaedia_29_86490_1,radiopaedia_case_29,0,0.35,11120,2,0,0,11120,0,0.0
C50_DIS,43,radiopaedia_29_86491_1,radiopaedia_case_29,0,0.35,9292,3,0,0,9292,0,0.0
C50_DIS,43,radiopaedia_36_86526_0,radiopaedia_case_36,2,0.35,2448,31,0,1,2447,0,0.03225806451612903
C50_DIS,43,radiopaedia_40_86625_0,radiopaedia_case_40,3,0.35,4501,9,1,0,4501,0,0.0
C50_DIS,43,radiopaedia_4_85506_1,radiopaedia_case_4,1,0.35,3033,29,0,1,3032,0,0.034482758620689655
C50_DIS,43,radiopaedia_7_85703_0,radiopaedia_case_7,2,0.35,3680,4,0,0,3680,0,0.0
C50_DIS,43,coronacases_001,coronacases_001,3,0.4,2349,44,10,6,2341,2,0.13636363636363635
C50_DIS,43,coronacases_002,coronacases_002,0,0.4,10287,26,0,0,10287,0,0.0
C50_DIS,43,coronacases_003,coronacases_003,3,0.4,1726,36,5,7,1718,1,0.19444444444444445
C50_DIS,43,coronacases_005,coronacases_005,0,0.4,4202,2,1,0,4202,0,0.0
C50_DIS,43,coronacases_006,coronacases_006,2,0.4,3260,1,0,0,3260,0,0.0
C50_DIS,43,coronacases_007,coronacases_007,2,0.4,2137,7,0,0,2137,0,0.0
C50_DIS,43,coronacases_009,coronacases_009,3,0.4,2717,8,2,0,2717,0,0.0
C50_DIS,43,coronacases_010,coronacases_010,1,0.4,2975,6,0,0,2975,0,0.0
C50_DIS,43,radiopaedia_10_85902_1,radiopaedia_case_10,1,0.4,1916,2,0,0,1916,0,0.0
C50_DIS,43,radiopaedia_10_85902_3,radiopaedia_case_10,1,0.4,4903,2,1,1,4902,0,0.5
C50_DIS,43,radiopaedia_29_86490_1,radiopaedia_case_29,0,0.4,12128,2,0,0,12128,0,0.0
C50_DIS,43,radiopaedia_29_86491_1,radiopaedia_case_29,0,0.4,10213,3,0,0,10213,0,0.0
C50_DIS,43,radiopaedia_36_86526_0,radiopaedia_case_36,2,0.4,2395,31,0,1,2394,0,0.03225806451612903
C50_DIS,43,radiopaedia_40_86625_0,radiopaedia_case_40,3,0.4,4431,9,1,0,4431,0,0.0
C50_DIS,43,radiopaedia_4_85506_1,radiopaedia_case_4,1,0.4,3115,29,0,1,3114,0,0.034482758620689655
C50_DIS,43,radiopaedia_7_85703_0,radiopaedia_case_7,2,0.4,3697,4,0,0,3697,0,0.0
C50_DIS,43,coronacases_001,coronacases_001,3,0.45,2427,44,10,7,2419,1,0.1590909090909091
C50_DIS,43,coronacases_002,coronacases_002,0,0.45,10599,26,0,0,10599,0,0.0
C50_DIS,43,coronacases_003,coronacases_003,3,0.45,1768,36,5,7,1760,1,0.19444444444444445
C50_DIS,43,coronacases_005,coronacases_005,0,0.45,4405,2,1,0,4405,0,0.0
C50_DIS,43,coronacases_006,coronacases_006,2,0.45,3291,1,0,0,3291,0,0.0
C50_DIS,43,coronacases_007,coronacases_007,2,0.45,2140,7,0,0,2140,0,0.0
C50_DIS,43,coronacases_009,coronacases_009,3,0.45,2780,8,2,0,2780,0,0.0
C50_DIS,43,coronacases_010,coronacases_010,1,0.45,3077,6,0,0,3077,0,0.0
C50_DIS,43,radiopaedia_10_85902_1,radiopaedia_case_10,1,0.45,1996,2,0,0,1996,0,0.0
C50_DIS,43,radiopaedia_10_85902_3,radiopaedia_case_10,1,0.45,5054,2,1,1,5053,0,0.5
C50_DIS,43,radiopaedia_29_86490_1,radiopaedia_case_29,0,0.45,13023,2,0,0,13023,0,0.0
C50_DIS,43,radiopaedia_29_86491_1,radiopaedia_case_29,0,0.45,11188,3,0,0,11188,0,0.0
C50_DIS,43,radiopaedia_36_86526_0,radiopaedia_case_36,2,0.45,2422,31,0,1,2421,0,0.03225806451612903
C50_DIS,43,radiopaedia_40_86625_0,radiopaedia_case_40,3,0.45,4381,9,1,0,4381,0,0.0
C50_DIS,43,radiopaedia_4_85506_1,radiopaedia_case_4,1,0.45,3242,29,0,1,3241,0,0.034482758620689655
C50_DIS,43,radiopaedia_7_85703_0,radiopaedia_case_7,2,0.45,3805,4,0,0,3805,0,0.0
C50_DIS,43,coronacases_001,coronacases_001,3,0.5,2475,44,10,7,2467,1,0.1590909090909091
C50_DIS,43,coronacases_002,coronacases_002,0,0.5,10874,26,0,0,10874,0,0.0
C50_DIS,43,coronacases_003,coronacases_003,3,0.5,1745,36,5,7,1737,1,0.19444444444444445
C50_DIS,43,coronacases_005,coronacases_005,0,0.5,4508,2,1,0,4508,0,0.0
C50_DIS,43,coronacases_006,coronacases_006,2,0.5,3347,1,0,0,3347,0,0.0
C50_DIS,43,coronacases_007,coronacases_007,2,0.5,2156,7,0,0,2156,0,0.0
C50_DIS,43,coronacases_009,coronacases_009,3,0.5,2772,8,2,0,2772,0,0.0
C50_DIS,43,coronacases_010,coronacases_010,1,0.5,3164,6,0,0,3164,0,0.0
C50_DIS,43,radiopaedia_10_85902_1,radiopaedia_case_10,1,0.5,2071,2,0,0,2071,0,0.0
C50_DIS,43,radiopaedia_10_85902_3,radiopaedia_case_10,1,0.5,5245,2,1,1,5244,0,0.5
C50_DIS,43,radiopaedia_29_86490_1,radiopaedia_case_29,0,0.5,13734,2,0,0,13734,0,0.0
C50_DIS,43,radiopaedia_29_86491_1,radiopaedia_case_29,0,0.5,12375,3,0,0,12375,0,0.0
C50_DIS,43,radiopaedia_36_86526_0,radiopaedia_case_36,2,0.5,2422,31,0,1,2421,0,0.03225806451612903
C50_DIS,43,radiopaedia_40_86625_0,radiopaedia_case_40,3,0.5,4270,9,1,0,4270,0,0.0
C50_DIS,43,radiopaedia_4_85506_1,radiopaedia_case_4,1,0.5,3338,29,0,1,3337,0,0.034482758620689655
C50_DIS,43,radiopaedia_7_85703_0,radiopaedia_case_7,2,0.5,4009,4,0,0,4009,0,0.0
C50_DIS,43,coronacases_001,coronacases_001,3,0.55,2520,44,10,7,2512,1,0.1590909090909091
C50_DIS,43,coronacases_002,coronacases_002,0,0.55,11086,26,0,0,11086,0,0.0
C50_DIS,43,coronacases_003,coronacases_003,3,0.55,1726,36,5,6,1719,1,0.16666666666666666
C50_DIS,43,coronacases_005,coronacases_005,0,0.55,4663,2,1,0,4663,0,0.0
C50_DIS,43,coronacases_006,coronacases_006,2,0.55,3400,1,0,0,3400,0,0.0
C50_DIS,43,coronacases_007,coronacases_007,2,0.55,2146,7,0,0,2146,0,0.0
C50_DIS,43,coronacases_009,coronacases_009,3,0.55,2752,8,2,1,2751,0,0.125
C50_DIS,43,coronacases_010,coronacases_010,1,0.55,3231,6,0,0,3231,0,0.0
C50_DIS,43,radiopaedia_10_85902_1,radiopaedia_case_10,1,0.55,2149,2,0,0,2149,0,0.0
C50_DIS,43,radiopaedia_10_85902_3,radiopaedia_case_10,1,0.55,5473,2,1,1,5472,0,0.5
C50_DIS,43,radiopaedia_29_86490_1,radiopaedia_case_29,0,0.55,14474,2,0,0,14474,0,0.0
C50_DIS,43,radiopaedia_29_86491_1,radiopaedia_case_29,0,0.55,13381,3,0,0,13381,0,0.0
C50_DIS,43,radiopaedia_36_86526_0,radiopaedia_case_36,2,0.55,2393,31,0,1,2392,0,0.03225806451612903
C50_DIS,43,radiopaedia_40_86625_0,radiopaedia_case_40,3,0.55,4165,9,1,0,4165,0,0.0
C50_DIS,43,radiopaedia_4_85506_1,radiopaedia_case_4,1,0.55,3485,29,0,1,3484,0,0.034482758620689655
C50_DIS,43,radiopaedia_7_85703_0,radiopaedia_case_7,2,0.55,4135,4,0,0,4135,0,0.0
C50_DIS,43,coronacases_001,coronacases_001,3,0.6,2573,44,10,7,2565,1,0.1590909090909091
C50_DIS,43,coronacases_002,coronacases_002,0,0.6,11266,26,0,0,11266,0,0.0
C50_DIS,43,coronacases_003,coronacases_003,3,0.6,1763,36,5,6,1756,1,0.16666666666666666
C50_DIS,43,coronacases_005,coronacases_005,0,0.6,4770,2,1,0,4770,0,0.0
C50_DIS,43,coronacases_006,coronacases_006,2,0.6,3413,1,0,0,3413,0,0.0
C50_DIS,43,coronacases_007,coronacases_007,2,0.6,2162,7,0,0,2162,0,0.0
C50_DIS,43,coronacases_009,coronacases_009,3,0.6,2670,8,2,1,2669,0,0.125
C50_DIS,43,coronacases_010,coronacases_010,1,0.6,3341,6,0,0,3341,0,0.0
C50_DIS,43,radiopaedia_10_85902_1,radiopaedia_case_10,1,0.6,2263,2,0,0,2263,0,0.0
C50_DIS,43,radiopaedia_10_85902_3,radiopaedia_case_10,1,0.6,5743,2,1,1,5742,0,0.5
C50_DIS,43,radiopaedia_29_86490_1,radiopaedia_case_29,0,0.6,15357,2,0,0,15357,0,0.0
C50_DIS,43,radiopaedia_29_86491_1,radiopaedia_case_29,0,0.6,14651,3,0,0,14651,0,0.0
C50_DIS,43,radiopaedia_36_86526_0,radiopaedia_case_36,2,0.6,2424,31,0,1,2423,0,0.03225806451612903
C50_DIS,43,radiopaedia_40_86625_0,radiopaedia_case_40,3,0.6,4087,9,1,0,4087,0,0.0
C50_DIS,43,radiopaedia_4_85506_1,radiopaedia_case_4,1,0.6,3647,29,0,1,3646,0,0.034482758620689655
C50_DIS,43,radiopaedia_7_85703_0,radiopaedia_case_7,2,0.6,4391,4,0,0,4391,0,0.0
C50_DIS,43,coronacases_001,coronacases_001,3,0.65,2628,44,10,8,2619,1,0.18181818181818182
C50_DIS,43,coronacases_002,coronacases_002,0,0.65,11511,26,0,0,11511,0,0.0
C50_DIS,43,coronacases_003,coronacases_003,3,0.65,1746,36,5,7,1738,1,0.19444444444444445
C50_DIS,43,coronacases_005,coronacases_005,0,0.65,4830,2,1,0,4830,0,0.0
C50_DIS,43,coronacases_006,coronacases_006,2,0.65,3534,1,0,0,3534,0,0.0
C50_DIS,43,coronacases_007,coronacases_007,2,0.65,2133,7,0,0,2133,0,0.0
C50_DIS,43,coronacases_009,coronacases_009,3,0.65,2609,8,2,1,2608,0,0.125
C50_DIS,43,coronacases_010,coronacases_010,1,0.65,3596,6,0,0,3596,0,0.0
C50_DIS,43,radiopaedia_10_85902_1,radiopaedia_case_10,1,0.65,2428,2,0,0,2428,0,0.0
C50_DIS,43,radiopaedia_10_85902_3,radiopaedia_case_10,1,0.65,6152,2,1,1,6151,0,0.5
C50_DIS,43,radiopaedia_29_86490_1,radiopaedia_case_29,0,0.65,16089,2,0,0,16089,0,0.0
C50_DIS,43,radiopaedia_29_86491_1,radiopaedia_case_29,0,0.65,16043,3,0,0,16043,0,0.0
C50_DIS,43,radiopaedia_36_86526_0,radiopaedia_case_36,2,0.65,2412,31,0,0,2412,0,0.0
C50_DIS,43,radiopaedia_40_86625_0,radiopaedia_case_40,3,0.65,4021,9,1,0,4021,0,0.0
C50_DIS,43,radiopaedia_4_85506_1,radiopaedia_case_4,1,0.65,3770,29,0,1,3769,0,0.034482758620689655
C50_DIS,43,radiopaedia_7_85703_0,radiopaedia_case_7,2,0.65,4628,4,0,0,4628,0,0.0
C50_DIS,43,coronacases_001,coronacases_001,3,0.7,2581,44,10,8,2572,1,0.18181818181818182
C50_DIS,43,coronacases_002,coronacases_002,0,0.7,11605,26,0,0,11605,0,0.0
C50_DIS,43,coronacases_003,coronacases_003,3,0.7,1741,36,5,7,1733,1,0.19444444444444445
C50_DIS,43,coronacases_005,coronacases_005,0,0.7,4913,2,1,0,4913,0,0.0
C50_DIS,43,coronacases_006,coronacases_006,2,0.7,3632,1,0,0,3632,0,0.0
C50_DIS,43,coronacases_007,coronacases_007,2,0.7,2097,7,0,0,2097,0,0.0
C50_DIS,43,coronacases_009,coronacases_009,3,0.7,2445,8,2,0,2445,0,0.0
C50_DIS,43,coronacases_010,coronacases_010,1,0.7,3696,6,0,0,3696,0,0.0
C50_DIS,43,radiopaedia_10_85902_1,radiopaedia_case_10,1,0.7,2603,2,0,0,2603,0,0.0
C50_DIS,43,radiopaedia_10_85902_3,radiopaedia_case_10,1,0.7,6703,2,1,1,6702,0,0.5
C50_DIS,43,radiopaedia_29_86490_1,radiopaedia_case_29,0,0.7,16863,2,0,0,16863,0,0.0
C50_DIS,43,radiopaedia_29_86491_1,radiopaedia_case_29,0,0.7,17860,3,0,0,17860,0,0.0
C50_DIS,43,radiopaedia_36_86526_0,radiopaedia_case_36,2,0.7,2340,31,0,0,2340,0,0.0
C50_DIS,43,radiopaedia_40_86625_0,radiopaedia_case_40,3,0.7,3921,9,1,0,3921,0,0.0
C50_DIS,43,radiopaedia_4_85506_1,radiopaedia_case_4,1,0.7,4035,29,0,1,4034,0,0.034482758620689655
C50_DIS,43,radiopaedia_7_85703_0,radiopaedia_case_7,2,0.7,4705,4,0,0,4705,0,0.0
C50_DIS,43,coronacases_001,coronacases_001,3,0.75,2629,44,10,9,2619,1,0.20454545454545456
C50_DIS,43,coronacases_002,coronacases_002,0,0.75,11749,26,0,0,11749,0,0.0
C50_DIS,43,coronacases_003,coronacases_003,3,0.75,1763,36,5,7,1755,1,0.19444444444444445
C50_DIS,43,coronacases_005,coronacases_005,0,0.75,5065,2,1,0,5065,0,0.0
C50_DIS,43,coronacases_006,coronacases_006,2,0.75,3876,1,0,0,3876,0,0.0
C50_DIS,43,coronacases_007,coronacases_007,2,0.75,2088,7,0,0,2088,0,0.0
C50_DIS,43,coronacases_009,coronacases_009,3,0.75,2420,8,2,1,2419,0,0.125
C50_DIS,43,coronacases_010,coronacases_010,1,0.75,3922,6,0,0,3922,0,0.0
C50_DIS,43,radiopaedia_10_85902_1,radiopaedia_case_10,1,0.75,2851,2,0,0,2851,0,0.0
C50_DIS,43,radiopaedia_10_85902_3,radiopaedia_case_10,1,0.75,7376,2,1,1,7375,0,0.5
C50_DIS,43,radiopaedia_29_86490_1,radiopaedia_case_29,0,0.75,17637,2,0,0,17637,0,0.0
C50_DIS,43,radiopaedia_29_86491_1,radiopaedia_case_29,0,0.75,19880,3,0,0,19880,0,0.0
C50_DIS,43,radiopaedia_36_86526_0,radiopaedia_case_36,2,0.75,2349,31,0,0,2349,0,0.0
C50_DIS,43,radiopaedia_40_86625_0,radiopaedia_case_40,3,0.75,3789,9,1,0,3789,0,0.0
C50_DIS,43,radiopaedia_4_85506_1,radiopaedia_case_4,1,0.75,4422,29,0,2,4420,0,0.06896551724137931
C50_DIS,43,radiopaedia_7_85703_0,radiopaedia_case_7,2,0.75,4798,4,0,0,4798,0,0.0
C50_DIS,43,coronacases_001,coronacases_001,3,0.8,2697,44,10,10,2686,1,0.22727272727272727
C50_DIS,43,coronacases_002,coronacases_002,0,0.8,12061,26,0,1,12060,0,0.038461538461538464
C50_DIS,43,coronacases_003,coronacases_003,3,0.8,1889,36,5,8,1880,1,0.2222222222222222
C50_DIS,43,coronacases_005,coronacases_005,0,0.8,5429,2,1,0,5429,0,0.0
C50_DIS,43,coronacases_006,coronacases_006,2,0.8,4025,1,0,0,4025,0,0.0
C50_DIS,43,coronacases_007,coronacases_007,2,0.8,2134,7,0,0,2134,0,0.0
C50_DIS,43,coronacases_009,coronacases_009,3,0.8,2377,8,2,1,2376,0,0.125
C50_DIS,43,coronacases_010,coronacases_010,1,0.8,4184,6,0,0,4184,0,0.0
C50_DIS,43,radiopaedia_10_85902_1,radiopaedia_case_10,1,0.8,3276,2,0,0,3276,0,0.0
C50_DIS,43,radiopaedia_10_85902_3,radiopaedia_case_10,1,0.8,8441,2,1,1,8440,0,0.5
C50_DIS,43,radiopaedia_29_86490_1,radiopaedia_case_29,0,0.8,18039,2,0,0,18039,0,0.0
C50_DIS,43,radiopaedia_29_86491_1,radiopaedia_case_29,0,0.8,21786,3,0,0,21786,0,0.0
C50_DIS,43,radiopaedia_36_86526_0,radiopaedia_case_36,2,0.8,2428,31,0,0,2428,0,0.0
C50_DIS,43,radiopaedia_40_86625_0,radiopaedia_case_40,3,0.8,3674,9,1,0,3674,0,0.0
C50_DIS,43,radiopaedia_4_85506_1,radiopaedia_case_4,1,0.8,4866,29,0,3,4863,0,0.10344827586206896
C50_DIS,43,radiopaedia_7_85703_0,radiopaedia_case_7,2,0.8,4921,4,0,0,4921,0,0.0
C50_DIS,43,coronacases_001,coronacases_001,3,0.85,2734,44,10,11,2722,1,0.25
C50_DIS,43,coronacases_002,coronacases_002,0,0.85,12189,26,0,1,12188,0,0.038461538461538464
C50_DIS,43,coronacases_003,coronacases_003,3,0.85,2033,36,5,11,2022,0,0.3055555555555556
C50_DIS,43,coronacases_005,coronacases_005,0,0.85,5716,2,1,0,5716,0,0.0
C50_DIS,43,coronacases_006,coronacases_006,2,0.85,4190,1,0,0,4190,0,0.0
C50_DIS,43,coronacases_007,coronacases_007,2,0.85,2191,7,0,0,2191,0,0.0
C50_DIS,43,coronacases_009,coronacases_009,3,0.85,2384,8,2,1,2383,0,0.125
C50_DIS,43,coronacases_010,coronacases_010,1,0.85,4649,6,0,0,4649,0,0.0
C50_DIS,43,radiopaedia_10_85902_1,radiopaedia_case_10,1,0.85,3798,2,0,0,3798,0,0.0
C50_DIS,43,radiopaedia_10_85902_3,radiopaedia_case_10,1,0.85,9880,2,1,1,9879,0,0.5
C50_DIS,43,radiopaedia_29_86490_1,radiopaedia_case_29,0,0.85,17821,2,0,0,17821,0,0.0
C50_DIS,43,radiopaedia_29_86491_1,radiopaedia_case_29,0,0.85,23817,3,0,1,23816,0,0.3333333333333333
C50_DIS,43,radiopaedia_36_86526_0,radiopaedia_case_36,2,0.85,2487,31,0,0,2487,0,0.0
C50_DIS,43,radiopaedia_40_86625_0,radiopaedia_case_40,3,0.85,3547,9,1,0,3547,0,0.0
C50_DIS,43,radiopaedia_4_85506_1,radiopaedia_case_4,1,0.85,5658,29,0,5,5653,0,0.1724137931034483
C50_DIS,43,radiopaedia_7_85703_0,radiopaedia_case_7,2,0.85,4847,4,0,0,4847,0,0.0
C50_DIS,43,coronacases_001,coronacases_001,3,0.9,3008,44,10,11,2997,0,0.25
C50_DIS,43,coronacases_002,coronacases_002,0,0.9,12381,26,0,1,12380,0,0.038461538461538464
C50_DIS,43,coronacases_003,coronacases_003,3,0.9,2175,36,5,10,2165,0,0.2777777777777778
C50_DIS,43,coronacases_005,coronacases_005,0,0.9,5981,2,1,0,5981,0,0.0
C50_DIS,43,coronacases_006,coronacases_006,2,0.9,4122,1,0,0,4122,0,0.0
C50_DIS,43,coronacases_007,coronacases_007,2,0.9,2174,7,0,0,2174,0,0.0
C50_DIS,43,coronacases_009,coronacases_009,3,0.9,2254,8,2,1,2253,0,0.125
C50_DIS,43,coronacases_010,coronacases_010,1,0.9,5169,6,0,1,5168,0,0.16666666666666666
C50_DIS,43,radiopaedia_10_85902_1,radiopaedia_case_10,1,0.9,4796,2,0,0,4796,0,0.0
C50_DIS,43,radiopaedia_10_85902_3,radiopaedia_case_10,1,0.9,12183,2,1,1,12182,0,0.5
C50_DIS,43,radiopaedia_29_86490_1,radiopaedia_case_29,0,0.9,17131,2,0,1,17130,0,0.5
C50_DIS,43,radiopaedia_29_86491_1,radiopaedia_case_29,0,0.9,25488,3,0,1,25487,0,0.3333333333333333
C50_DIS,43,radiopaedia_36_86526_0,radiopaedia_case_36,2,0.9,2564,31,0,0,2564,0,0.0
C50_DIS,43,radiopaedia_40_86625_0,radiopaedia_case_40,3,0.9,3359,9,1,0,3359,0,0.0
C50_DIS,43,radiopaedia_4_85506_1,radiopaedia_case_4,1,0.9,7155,29,0,4,7151,0,0.13793103448275862
C50_DIS,43,radiopaedia_7_85703_0,radiopaedia_case_7,2,0.9,4763,4,0,0,4763,0,0.0
C50_DIS,43,coronacases_001,coronacases_001,3,0.95,3145,44,10,11,3134,0,0.25
C50_DIS,43,coronacases_002,coronacases_002,0,0.95,12523,26,0,1,12522,0,0.038461538461538464
C50_DIS,43,coronacases_003,coronacases_003,3,0.95,2479,36,5,11,2468,0,0.3055555555555556
C50_DIS,43,coronacases_005,coronacases_005,0,0.95,6547,2,1,0,6547,0,0.0
C50_DIS,43,coronacases_006,coronacases_006,2,0.95,4152,1,0,0,4152,0,0.0
C50_DIS,43,coronacases_007,coronacases_007,2,0.95,2478,7,0,1,2477,0,0.14285714285714285
C50_DIS,43,coronacases_009,coronacases_009,3,0.95,2209,8,2,1,2208,0,0.125
C50_DIS,43,coronacases_010,coronacases_010,1,0.95,5665,6,0,1,5664,0,0.16666666666666666
C50_DIS,43,radiopaedia_10_85902_1,radiopaedia_case_10,1,0.95,7399,2,0,0,7399,0,0.0
C50_DIS,43,radiopaedia_10_85902_3,radiopaedia_case_10,1,0.95,16510,2,1,1,16509,0,0.5
C50_DIS,43,radiopaedia_29_86490_1,radiopaedia_case_29,0,0.95,14963,2,0,1,14962,0,0.5
C50_DIS,43,radiopaedia_29_86491_1,radiopaedia_case_29,0,0.95,25048,3,0,1,25047,0,0.3333333333333333
C50_DIS,43,radiopaedia_36_86526_0,radiopaedia_case_36,2,0.95,2293,31,0,1,2292,0,0.03225806451612903
C50_DIS,43,radiopaedia_40_86625_0,radiopaedia_case_40,3,0.95,3294,9,1,0,3294,0,0.0
C50_DIS,43,radiopaedia_4_85506_1,radiopaedia_case_4,1,0.95,10990,29,0,6,10984,0,0.20689655172413793
C50_DIS,43,radiopaedia_7_85703_0,radiopaedia_case_7,2,0.95,4646,4,0,0,4646,0,0.0
C50_DIS,43,coronacases_001,coronacases_001,3,0.975,2890,44,10,12,2878,0,0.2727272727272727
C50_DIS,43,coronacases_002,coronacases_002,0,0.975,12448,26,0,4,12444,0,0.15384615384615385
C50_DIS,43,coronacases_003,coronacases_003,3,0.975,2492,36,5,11,2481,0,0.3055555555555556
C50_DIS,43,coronacases_005,coronacases_005,0,0.975,6843,2,1,0,6843,0,0.0
C50_DIS,43,coronacases_006,coronacases_006,2,0.975,4382,1,0,0,4382,0,0.0
C50_DIS,43,coronacases_007,coronacases_007,2,0.975,2874,7,0,1,2873,0,0.14285714285714285
C50_DIS,43,coronacases_009,coronacases_009,3,0.975,2342,8,2,1,2341,0,0.125
C50_DIS,43,coronacases_010,coronacases_010,1,0.975,5901,6,0,1,5900,0,0.16666666666666666
C50_DIS,43,radiopaedia_10_85902_1,radiopaedia_case_10,1,0.975,11166,2,0,1,11165,0,0.5
C50_DIS,43,radiopaedia_10_85902_3,radiopaedia_case_10,1,0.975,21163,2,1,1,21162,0,0.5
C50_DIS,43,radiopaedia_29_86490_1,radiopaedia_case_29,0,0.975,12178,2,0,1,12177,0,0.5
C50_DIS,43,radiopaedia_29_86491_1,radiopaedia_case_29,0,0.975,22328,3,0,2,22326,0,0.6666666666666666
C50_DIS,43,radiopaedia_36_86526_0,radiopaedia_case_36,2,0.975,2226,31,0,3,2223,0,0.0967741935483871
C50_DIS,43,radiopaedia_40_86625_0,radiopaedia_case_40,3,0.975,3367,9,1,1,3366,0,0.1111111111111111
C50_DIS,43,radiopaedia_4_85506_1,radiopaedia_case_4,1,0.975,16700,29,0,9,16691,0,0.3103448275862069
C50_DIS,43,radiopaedia_7_85703_0,radiopaedia_case_7,2,0.975,4943,4,0,0,4943,0,0.0
C50_DIS,43,coronacases_001,coronacases_001,3,0.99,2657,44,10,14,2643,0,0.3181818181818182
C50_DIS,43,coronacases_002,coronacases_002,0,0.99,11854,26,0,11,11843,0,0.4230769230769231
C50_DIS,43,coronacases_003,coronacases_003,3,0.99,2695,36,5,10,2685,0,0.2777777777777778
C50_DIS,43,coronacases_005,coronacases_005,0,0.99,6771,2,1,0,6771,0,0.0
C50_DIS,43,coronacases_006,coronacases_006,2,0.99,5079,1,0,0,5079,0,0.0
C50_DIS,43,coronacases_007,coronacases_007,2,0.99,3567,7,0,1,3566,0,0.14285714285714285
C50_DIS,43,coronacases_009,coronacases_009,3,0.99,2482,8,2,1,2481,0,0.125
C50_DIS,43,coronacases_010,coronacases_010,1,0.99,5661,6,0,2,5659,0,0.3333333333333333
C50_DIS,43,radiopaedia_10_85902_1,radiopaedia_case_10,1,0.99,17017,2,0,1,17016,0,0.5
C50_DIS,43,radiopaedia_10_85902_3,radiopaedia_case_10,1,0.99,27850,2,1,1,27849,0,0.5
C50_DIS,43,radiopaedia_29_86490_1,radiopaedia_case_29,0,0.99,8822,2,0,0,8822,0,0.0
C50_DIS,43,radiopaedia_29_86491_1,radiopaedia_case_29,0,0.99,17384,3,0,2,17382,0,0.6666666666666666
C50_DIS,43,radiopaedia_36_86526_0,radiopaedia_case_36,2,0.99,2459,31,0,4,2455,0,0.12903225806451613
C50_DIS,43,radiopaedia_40_86625_0,radiopaedia_case_40,3,0.99,3593,9,1,1,3592,0,0.1111111111111111
C50_DIS,43,radiopaedia_4_85506_1,radiopaedia_case_4,1,0.99,25546,29,0,8,25538,0,0.27586206896551724
C50_DIS,43,radiopaedia_7_85703_0,radiopaedia_case_7,2,0.99,6358,4,0,0,6358,0,0.0
C50_DIS,43,coronacases_001,coronacases_001,3,0.995,2592,44,10,15,2577,0,0.3409090909090909
C50_DIS,43,coronacases_002,coronacases_002,0,0.995,10962,26,0,13,10949,0,0.5
C50_DIS,43,coronacases_003,coronacases_003,3,0.995,2938,36,5,8,2930,0,0.2222222222222222
C50_DIS,43,coronacases_005,coronacases_005,0,0.995,6321,2,1,1,6320,0,0.5
C50_DIS,43,coronacases_006,coronacases_006,2,0.995,6069,1,0,0,6069,0,0.0
C50_DIS,43,coronacases_007,coronacases_007,2,0.995,4705,7,0,0,4705,0,0.0
C50_DIS,43,coronacases_009,coronacases_009,3,0.995,2418,8,2,1,2417,0,0.125
C50_DIS,43,coronacases_010,coronacases_010,1,0.995,5248,6,0,3,5245,0,0.5
C50_DIS,43,radiopaedia_10_85902_1,radiopaedia_case_10,1,0.995,21690,2,0,1,21689,0,0.5
C50_DIS,43,radiopaedia_10_85902_3,radiopaedia_case_10,1,0.995,32444,2,1,1,32443,0,0.5
C50_DIS,43,radiopaedia_29_86490_1,radiopaedia_case_29,0,0.995,7232,2,0,0,7232,0,0.0
C50_DIS,43,radiopaedia_29_86491_1,radiopaedia_case_29,0,0.995,14126,3,0,2,14124,0,0.6666666666666666
C50_DIS,43,radiopaedia_36_86526_0,radiopaedia_case_36,2,0.995,2677,31,0,8,2669,0,0.25806451612903225
C50_DIS,43,radiopaedia_40_86625_0,radiopaedia_case_40,3,0.995,4061,9,1,1,4060,0,0.1111111111111111
C50_DIS,43,radiopaedia_4_85506_1,radiopaedia_case_4,1,0.995,30220,29,0,12,30208,0,0.41379310344827586
C50_DIS,43,radiopaedia_7_85703_0,radiopaedia_case_7,2,0.995,7806,4,0,0,7806,0,0.0
C50_DIS,43,coronacases_001,coronacases_001,3,1.000001,0,44,10,0,0,0,0.0
C50_DIS,43,coronacases_002,coronacases_002,0,1.000001,0,26,0,0,0,0,0.0
C50_DIS,43,coronacases_003,coronacases_003,3,1.000001,0,36,5,0,0,0,0.0
C50_DIS,43,coronacases_005,coronacases_005,0,1.000001,0,2,1,0,0,0,0.0
C50_DIS,43,coronacases_006,coronacases_006,2,1.000001,0,1,0,0,0,0,0.0
C50_DIS,43,coronacases_007,coronacases_007,2,1.000001,0,7,0,0,0,0,0.0
C50_DIS,43,coronacases_009,coronacases_009,3,1.000001,0,8,2,0,0,0,0.0
C50_DIS,43,coronacases_010,coronacases_010,1,1.000001,0,6,0,0,0,0,0.0
C50_DIS,43,radiopaedia_10_85902_1,radiopaedia_case_10,1,1.000001,0,2,0,0,0,0,0.0
C50_DIS,43,radiopaedia_10_85902_3,radiopaedia_case_10,1,1.000001,0,2,1,0,0,0,0.0
C50_DIS,43,radiopaedia_29_86490_1,radiopaedia_case_29,0,1.000001,0,2,0,0,0,0,0.0
C50_DIS,43,radiopaedia_29_86491_1,radiopaedia_case_29,0,1.000001,0,3,0,0,0,0,0.0
C50_DIS,43,radiopaedia_36_86526_0,radiopaedia_case_36,2,1.000001,0,31,0,0,0,0,0.0
C50_DIS,43,radiopaedia_40_86625_0,radiopaedia_case_40,3,1.000001,0,9,1,0,0,0,0.0
C50_DIS,43,radiopaedia_4_85506_1,radiopaedia_case_4,1,1.000001,0,29,0,0,0,0,0.0
C50_DIS,43,radiopaedia_7_85703_0,radiopaedia_case_7,2,1.000001,0,4,0,0,0,0,0.0
C50_FRG,17,coronacases_001,coronacases_001,3,0.05,2032,44,10,3,2029,0,0.06818181818181818
C50_FRG,17,coronacases_002,coronacases_002,0,0.05,6333,26,0,0,6333,0,0.0
C50_FRG,17,coronacases_003,coronacases_003,3,0.05,1544,36,5,4,1539,1,0.1111111111111111
C50_FRG,17,coronacases_005,coronacases_005,0,0.05,3411,2,1,0,3411,0,0.0
C50_FRG,17,coronacases_006,coronacases_006,2,0.05,2726,1,0,0,2726,0,0.0
C50_FRG,17,coronacases_007,coronacases_007,2,0.05,1725,7,0,0,1725,0,0.0
C50_FRG,17,coronacases_009,coronacases_009,3,0.05,2025,8,2,1,2024,0,0.125
C50_FRG,17,coronacases_010,coronacases_010,1,0.05,7115,6,0,0,7115,0,0.0
C50_FRG,17,radiopaedia_10_85902_1,radiopaedia_case_10,1,0.05,3272,2,0,0,3272,0,0.0
C50_FRG,17,radiopaedia_10_85902_3,radiopaedia_case_10,1,0.05,6387,2,1,0,6387,0,0.0
C50_FRG,17,radiopaedia_29_86490_1,radiopaedia_case_29,0,0.05,3691,2,0,0,3691,0,0.0
C50_FRG,17,radiopaedia_29_86491_1,radiopaedia_case_29,0,0.05,7211,3,0,0,7211,0,0.0
C50_FRG,17,radiopaedia_36_86526_0,radiopaedia_case_36,2,0.05,3089,31,0,0,3089,0,0.0
C50_FRG,17,radiopaedia_40_86625_0,radiopaedia_case_40,3,0.05,4481,9,1,0,4481,0,0.0
C50_FRG,17,radiopaedia_4_85506_1,radiopaedia_case_4,1,0.05,3935,29,0,0,3935,0,0.0
C50_FRG,17,radiopaedia_7_85703_0,radiopaedia_case_7,2,0.05,4392,4,0,0,4392,0,0.0
C50_FRG,17,coronacases_001,coronacases_001,3,0.1,2098,44,10,4,2094,0,0.09090909090909091
C50_FRG,17,coronacases_002,coronacases_002,0,0.1,6597,26,0,0,6597,0,0.0
C50_FRG,17,coronacases_003,coronacases_003,3,0.1,1640,36,5,5,1634,1,0.1388888888888889
C50_FRG,17,coronacases_005,coronacases_005,0,0.1,3555,2,1,0,3555,0,0.0
C50_FRG,17,coronacases_006,coronacases_006,2,0.1,3008,1,0,0,3008,0,0.0
C50_FRG,17,coronacases_007,coronacases_007,2,0.1,1847,7,0,1,1846,0,0.14285714285714285
C50_FRG,17,coronacases_009,coronacases_009,3,0.1,2001,8,2,1,2000,0,0.125
C50_FRG,17,coronacases_010,coronacases_010,1,0.1,7299,6,0,0,7299,0,0.0
C50_FRG,17,radiopaedia_10_85902_1,radiopaedia_case_10,1,0.1,4859,2,0,0,4859,0,0.0
C50_FRG,17,radiopaedia_10_85902_3,radiopaedia_case_10,1,0.1,9802,2,1,0,9802,0,0.0
C50_FRG,17,radiopaedia_29_86490_1,radiopaedia_case_29,0,0.1,3757,2,0,0,3757,0,0.0
C50_FRG,17,radiopaedia_29_86491_1,radiopaedia_case_29,0,0.1,7081,3,0,0,7081,0,0.0
C50_FRG,17,radiopaedia_36_86526_0,radiopaedia_case_36,2,0.1,3128,31,0,0,3128,0,0.0
C50_FRG,17,radiopaedia_40_86625_0,radiopaedia_case_40,3,0.1,4667,9,1,0,4667,0,0.0
C50_FRG,17,radiopaedia_4_85506_1,radiopaedia_case_4,1,0.1,7606,29,0,0,7606,0,0.0
C50_FRG,17,radiopaedia_7_85703_0,radiopaedia_case_7,2,0.1,4384,4,0,0,4384,0,0.0
C50_FRG,17,coronacases_001,coronacases_001,3,0.15,2030,44,10,8,2021,1,0.18181818181818182
C50_FRG,17,coronacases_002,coronacases_002,0,0.15,6722,26,0,1,6721,0,0.038461538461538464
C50_FRG,17,coronacases_003,coronacases_003,3,0.15,1714,36,5,5,1708,1,0.1388888888888889
C50_FRG,17,coronacases_005,coronacases_005,0,0.15,3675,2,1,0,3675,0,0.0
C50_FRG,17,coronacases_006,coronacases_006,2,0.15,3223,1,0,0,3223,0,0.0
C50_FRG,17,coronacases_007,coronacases_007,2,0.15,2041,7,0,1,2040,0,0.14285714285714285
C50_FRG,17,coronacases_009,coronacases_009,3,0.15,1902,8,2,1,1901,0,0.125
C50_FRG,17,coronacases_010,coronacases_010,1,0.15,6618,6,0,0,6618,0,0.0
C50_FRG,17,radiopaedia_10_85902_1,radiopaedia_case_10,1,0.15,7390,2,0,0,7390,0,0.0
C50_FRG,17,radiopaedia_10_85902_3,radiopaedia_case_10,1,0.15,13450,2,1,0,13450,0,0.0
C50_FRG,17,radiopaedia_29_86490_1,radiopaedia_case_29,0,0.15,3843,2,0,0,3843,0,0.0
C50_FRG,17,radiopaedia_29_86491_1,radiopaedia_case_29,0,0.15,7028,3,0,0,7028,0,0.0
C50_FRG,17,radiopaedia_36_86526_0,radiopaedia_case_36,2,0.15,3145,31,0,0,3145,0,0.0
C50_FRG,17,radiopaedia_40_86625_0,radiopaedia_case_40,3,0.15,4456,9,1,0,4456,0,0.0
C50_FRG,17,radiopaedia_4_85506_1,radiopaedia_case_4,1,0.15,12178,29,0,1,12177,0,0.034482758620689655
C50_FRG,17,radiopaedia_7_85703_0,radiopaedia_case_7,2,0.15,4474,4,0,0,4474,0,0.0
C50_FRG,17,coronacases_001,coronacases_001,3,0.2,2021,44,10,9,2011,1,0.20454545454545456
C50_FRG,17,coronacases_002,coronacases_002,0,0.2,6760,26,0,1,6759,0,0.038461538461538464
C50_FRG,17,coronacases_003,coronacases_003,3,0.2,1721,36,5,5,1715,1,0.1388888888888889
C50_FRG,17,coronacases_005,coronacases_005,0,0.2,3597,2,1,0,3597,0,0.0
C50_FRG,17,coronacases_006,coronacases_006,2,0.2,3307,1,0,0,3307,0,0.0
C50_FRG,17,coronacases_007,coronacases_007,2,0.2,2208,7,0,1,2207,0,0.14285714285714285
C50_FRG,17,coronacases_009,coronacases_009,3,0.2,1960,8,2,1,1959,0,0.125
C50_FRG,17,coronacases_010,coronacases_010,1,0.2,6029,6,0,0,6029,0,0.0
C50_FRG,17,radiopaedia_10_85902_1,radiopaedia_case_10,1,0.2,10116,2,0,0,10116,0,0.0
C50_FRG,17,radiopaedia_10_85902_3,radiopaedia_case_10,1,0.2,17169,2,1,0,17169,0,0.0
C50_FRG,17,radiopaedia_29_86490_1,radiopaedia_case_29,0,0.2,3902,2,0,0,3902,0,0.0
C50_FRG,17,radiopaedia_29_86491_1,radiopaedia_case_29,0,0.2,7078,3,0,0,7078,0,0.0
C50_FRG,17,radiopaedia_36_86526_0,radiopaedia_case_36,2,0.2,3319,31,0,1,3318,0,0.03225806451612903
C50_FRG,17,radiopaedia_40_86625_0,radiopaedia_case_40,3,0.2,4419,9,1,0,4419,0,0.0
C50_FRG,17,radiopaedia_4_85506_1,radiopaedia_case_4,1,0.2,16610,29,0,1,16609,0,0.034482758620689655
C50_FRG,17,radiopaedia_7_85703_0,radiopaedia_case_7,2,0.2,4563,4,0,1,4562,0,0.25
C50_FRG,17,coronacases_001,coronacases_001,3,0.25,2060,44,10,9,2050,1,0.20454545454545456
C50_FRG,17,coronacases_002,coronacases_002,0,0.25,6662,26,0,1,6661,0,0.038461538461538464
C50_FRG,17,coronacases_003,coronacases_003,3,0.25,1751,36,5,6,1744,1,0.16666666666666666
C50_FRG,17,coronacases_005,coronacases_005,0,0.25,3513,2,1,0,3513,0,0.0
C50_FRG,17,coronacases_006,coronacases_006,2,0.25,3518,1,0,0,3518,0,0.0
C50_FRG,17,coronacases_007,coronacases_007,2,0.25,2293,7,0,1,2292,0,0.14285714285714285
C50_FRG,17,coronacases_009,coronacases_009,3,0.25,1958,8,2,2,1956,0,0.25
C50_FRG,17,coronacases_010,coronacases_010,1,0.25,5742,6,0,0,5742,0,0.0
C50_FRG,17,radiopaedia_10_85902_1,radiopaedia_case_10,1,0.25,13013,2,0,0,13013,0,0.0
C50_FRG,17,radiopaedia_10_85902_3,radiopaedia_case_10,1,0.25,20869,2,1,0,20869,0,0.0
C50_FRG,17,radiopaedia_29_86490_1,radiopaedia_case_29,0,0.25,4011,2,0,0,4011,0,0.0
C50_FRG,17,radiopaedia_29_86491_1,radiopaedia_case_29,0,0.25,6897,3,0,1,6896,0,0.3333333333333333
C50_FRG,17,radiopaedia_36_86526_0,radiopaedia_case_36,2,0.25,3331,31,0,1,3330,0,0.03225806451612903
C50_FRG,17,radiopaedia_40_86625_0,radiopaedia_case_40,3,0.25,4344,9,1,0,4344,0,0.0
C50_FRG,17,radiopaedia_4_85506_1,radiopaedia_case_4,1,0.25,20354,29,0,1,20353,0,0.034482758620689655
C50_FRG,17,radiopaedia_7_85703_0,radiopaedia_case_7,2,0.25,4623,4,0,1,4622,0,0.25
C50_FRG,17,coronacases_001,coronacases_001,3,0.3,2139,44,10,10,2128,1,0.22727272727272727
C50_FRG,17,coronacases_002,coronacases_002,0,0.3,6685,26,0,1,6684,0,0.038461538461538464
C50_FRG,17,coronacases_003,coronacases_003,3,0.3,1830,36,5,6,1823,1,0.16666666666666666
C50_FRG,17,coronacases_005,coronacases_005,0,0.3,3654,2,1,0,3654,0,0.0
C50_FRG,17,coronacases_006,coronacases_006,2,0.3,3568,1,0,0,3568,0,0.0
C50_FRG,17,coronacases_007,coronacases_007,2,0.3,2440,7,0,1,2439,0,0.14285714285714285
C50_FRG,17,coronacases_009,coronacases_009,3,0.3,2030,8,2,2,2028,0,0.25
C50_FRG,17,coronacases_010,coronacases_010,1,0.3,5519,6,0,0,5519,0,0.0
C50_FRG,17,radiopaedia_10_85902_1,radiopaedia_case_10,1,0.3,16021,2,0,0,16021,0,0.0
C50_FRG,17,radiopaedia_10_85902_3,radiopaedia_case_10,1,0.3,24444,2,1,1,24443,0,0.5
C50_FRG,17,radiopaedia_29_86490_1,radiopaedia_case_29,0,0.3,4028,2,0,0,4028,0,0.0
C50_FRG,17,radiopaedia_29_86491_1,radiopaedia_case_29,0,0.3,6793,3,0,1,6792,0,0.3333333333333333
C50_FRG,17,radiopaedia_36_86526_0,radiopaedia_case_36,2,0.3,3380,31,0,1,3379,0,0.03225806451612903
C50_FRG,17,radiopaedia_40_86625_0,radiopaedia_case_40,3,0.3,4310,9,1,0,4310,0,0.0
C50_FRG,17,radiopaedia_4_85506_1,radiopaedia_case_4,1,0.3,23368,29,0,1,23367,0,0.034482758620689655
C50_FRG,17,radiopaedia_7_85703_0,radiopaedia_case_7,2,0.3,4676,4,0,1,4675,0,0.25
C50_FRG,17,coronacases_001,coronacases_001,3,0.35,2235,44,10,11,2223,1,0.25
C50_FRG,17,coronacases_002,coronacases_002,0,0.35,6616,26,0,1,6615,0,0.038461538461538464
C50_FRG,17,coronacases_003,coronacases_003,3,0.35,1966,36,5,7,1958,1,0.19444444444444445
C50_FRG,17,coronacases_005,coronacases_005,0,0.35,3833,2,1,0,3833,0,0.0
C50_FRG,17,coronacases_006,coronacases_006,2,0.35,3626,1,0,0,3626,0,0.0
C50_FRG,17,coronacases_007,coronacases_007,2,0.35,2530,7,0,1,2529,0,0.14285714285714285
C50_FRG,17,coronacases_009,coronacases_009,3,0.35,2122,8,2,2,2120,0,0.25
C50_FRG,17,coronacases_010,coronacases_010,1,0.35,5320,6,0,0,5320,0,0.0
C50_FRG,17,radiopaedia_10_85902_1,radiopaedia_case_10,1,0.35,18545,2,0,0,18545,0,0.0
C50_FRG,17,radiopaedia_10_85902_3,radiopaedia_case_10,1,0.35,27813,2,1,1,27812,0,0.5
C50_FRG,17,radiopaedia_29_86490_1,radiopaedia_case_29,0,0.35,4067,2,0,0,4067,0,0.0
C50_FRG,17,radiopaedia_29_86491_1,radiopaedia_case_29,0,0.35,6755,3,0,1,6754,0,0.3333333333333333
C50_FRG,17,radiopaedia_36_86526_0,radiopaedia_case_36,2,0.35,3131,31,0,1,3130,0,0.03225806451612903
C50_FRG,17,radiopaedia_40_86625_0,radiopaedia_case_40,3,0.35,4314,9,1,0,4314,0,0.0
C50_FRG,17,radiopaedia_4_85506_1,radiopaedia_case_4,1,0.35,25737,29,0,1,25736,0,0.034482758620689655
C50_FRG,17,radiopaedia_7_85703_0,radiopaedia_case_7,2,0.35,4651,4,0,1,4650,0,0.25
C50_FRG,17,coronacases_001,coronacases_001,3,0.4,2346,44,10,13,2333,0,0.29545454545454547
C50_FRG,17,coronacases_002,coronacases_002,0,0.4,6520,26,0,1,6519,0,0.038461538461538464
C50_FRG,17,coronacases_003,coronacases_003,3,0.4,2023,36,5,7,2015,1,0.19444444444444445
C50_FRG,17,coronacases_005,coronacases_005,0,0.4,4009,2,1,0,4009,0,0.0
C50_FRG,17,coronacases_006,coronacases_006,2,0.4,3561,1,0,0,3561,0,0.0
C50_FRG,17,coronacases_007,coronacases_007,2,0.4,2625,7,0,1,2624,0,0.14285714285714285
C50_FRG,17,coronacases_009,coronacases_009,3,0.4,2155,8,2,3,2152,0,0.375
C50_FRG,17,coronacases_010,coronacases_010,1,0.4,5228,6,0,0,5228,0,0.0
C50_FRG,17,radiopaedia_10_85902_1,radiopaedia_case_10,1,0.4,20786,2,0,0,20786,0,0.0
C50_FRG,17,radiopaedia_10_85902_3,radiopaedia_case_10,1,0.4,30788,2,1,1,30787,0,0.5
C50_FRG,17,radiopaedia_29_86490_1,radiopaedia_case_29,0,0.4,4130,2,0,0,4130,0,0.0
C50_FRG,17,radiopaedia_29_86491_1,radiopaedia_case_29,0,0.4,6607,3,0,1,6606,0,0.3333333333333333
C50_FRG,17,radiopaedia_36_86526_0,radiopaedia_case_36,2,0.4,2862,31,0,1,2861,0,0.03225806451612903
C50_FRG,17,radiopaedia_40_86625_0,radiopaedia_case_40,3,0.4,4384,9,1,0,4384,0,0.0
C50_FRG,17,radiopaedia_4_85506_1,radiopaedia_case_4,1,0.4,27965,29,0,1,27964,0,0.034482758620689655
C50_FRG,17,radiopaedia_7_85703_0,radiopaedia_case_7,2,0.4,4616,4,0,1,4615,0,0.25
C50_FRG,17,coronacases_001,coronacases_001,3,0.45,2326,44,10,13,2313,0,0.29545454545454547
C50_FRG,17,coronacases_002,coronacases_002,0,0.45,6516,26,0,1,6515,0,0.038461538461538464
C50_FRG,17,coronacases_003,coronacases_003,3,0.45,2068,36,5,8,2059,1,0.2222222222222222
C50_FRG,17,coronacases_005,coronacases_005,0,0.45,4150,2,1,0,4150,0,0.0
C50_FRG,17,coronacases_006,coronacases_006,2,0.45,3498,1,0,0,3498,0,0.0
C50_FRG,17,coronacases_007,coronacases_007,2,0.45,2641,7,0,1,2640,0,0.14285714285714285
C50_FRG,17,coronacases_009,coronacases_009,3,0.45,2121,8,2,3,2118,0,0.375
C50_FRG,17,coronacases_010,coronacases_010,1,0.45,5136,6,0,0,5136,0,0.0
C50_FRG,17,radiopaedia_10_85902_1,radiopaedia_case_10,1,0.45,22696,2,0,0,22696,0,0.0
C50_FRG,17,radiopaedia_10_85902_3,radiopaedia_case_10,1,0.45,33306,2,1,1,33305,0,0.5
C50_FRG,17,radiopaedia_29_86490_1,radiopaedia_case_29,0,0.45,4210,2,0,0,4210,0,0.0
C50_FRG,17,radiopaedia_29_86491_1,radiopaedia_case_29,0,0.45,6669,3,0,1,6668,0,0.3333333333333333
C50_FRG,17,radiopaedia_36_86526_0,radiopaedia_case_36,2,0.45,2724,31,0,2,2722,0,0.06451612903225806
C50_FRG,17,radiopaedia_40_86625_0,radiopaedia_case_40,3,0.45,4318,9,1,0,4318,0,0.0
C50_FRG,17,radiopaedia_4_85506_1,radiopaedia_case_4,1,0.45,29405,29,0,1,29404,0,0.034482758620689655
C50_FRG,17,radiopaedia_7_85703_0,radiopaedia_case_7,2,0.45,4586,4,0,1,4585,0,0.25
C50_FRG,17,coronacases_001,coronacases_001,3,0.5,2293,44,10,13,2280,0,0.29545454545454547
C50_FRG,17,coronacases_002,coronacases_002,0,0.5,6413,26,0,1,6412,0,0.038461538461538464
C50_FRG,17,coronacases_003,coronacases_003,3,0.5,2088,36,5,8,2079,1,0.2222222222222222
C50_FRG,17,coronacases_005,coronacases_005,0,0.5,4072,2,1,0,4072,0,0.0
C50_FRG,17,coronacases_006,coronacases_006,2,0.5,3390,1,0,0,3390,0,0.0
C50_FRG,17,coronacases_007,coronacases_007,2,0.5,2704,7,0,1,2703,0,0.14285714285714285
C50_FRG,17,coronacases_009,coronacases_009,3,0.5,2154,8,2,3,2151,0,0.375
C50_FRG,17,coronacases_010,coronacases_010,1,0.5,5117,6,0,0,5117,0,0.0
C50_FRG,17,radiopaedia_10_85902_1,radiopaedia_case_10,1,0.5,24075,2,0,0,24075,0,0.0
C50_FRG,17,radiopaedia_10_85902_3,radiopaedia_case_10,1,0.5,35394,2,1,1,35393,0,0.5
C50_FRG,17,radiopaedia_29_86490_1,radiopaedia_case_29,0,0.5,4306,2,0,0,4306,0,0.0
C50_FRG,17,radiopaedia_29_86491_1,radiopaedia_case_29,0,0.5,6580,3,0,1,6579,0,0.3333333333333333
C50_FRG,17,radiopaedia_36_86526_0,radiopaedia_case_36,2,0.5,2626,31,0,2,2624,0,0.06451612903225806
C50_FRG,17,radiopaedia_40_86625_0,radiopaedia_case_40,3,0.5,4330,9,1,0,4330,0,0.0
C50_FRG,17,radiopaedia_4_85506_1,radiopaedia_case_4,1,0.5,30560,29,0,1,30559,0,0.034482758620689655
C50_FRG,17,radiopaedia_7_85703_0,radiopaedia_case_7,2,0.5,4613,4,0,1,4612,0,0.25
C50_FRG,17,coronacases_001,coronacases_001,3,0.55,2315,44,10,13,2302,0,0.29545454545454547
C50_FRG,17,coronacases_002,coronacases_002,0,0.55,6335,26,0,1,6334,0,0.038461538461538464
C50_FRG,17,coronacases_003,coronacases_003,3,0.55,2131,36,5,8,2122,1,0.2222222222222222
C50_FRG,17,coronacases_005,coronacases_005,0,0.55,4024,2,1,0,4024,0,0.0
C50_FRG,17,coronacases_006,coronacases_006,2,0.55,3265,1,0,0,3265,0,0.0
C50_FRG,17,coronacases_007,coronacases_007,2,0.55,2786,7,0,1,2785,0,0.14285714285714285
C50_FRG,17,coronacases_009,coronacases_009,3,0.55,2137,8,2,3,2134,0,0.375
C50_FRG,17,coronacases_010,coronacases_010,1,0.55,4973,6,0,0,4973,0,0.0
C50_FRG,17,radiopaedia_10_85902_1,radiopaedia_case_10,1,0.55,25029,2,0,0,25029,0,0.0
C50_FRG,17,radiopaedia_10_85902_3,radiopaedia_case_10,1,0.55,36961,2,1,1,36960,0,0.5
C50_FRG,17,radiopaedia_29_86490_1,radiopaedia_case_29,0,0.55,4261,2,0,0,4261,0,0.0
C50_FRG,17,radiopaedia_29_86491_1,radiopaedia_case_29,0,0.55,6491,3,0,1,6490,0,0.3333333333333333
C50_FRG,17,radiopaedia_36_86526_0,radiopaedia_case_36,2,0.55,2474,31,0,2,2472,0,0.06451612903225806
C50_FRG,17,radiopaedia_40_86625_0,radiopaedia_case_40,3,0.55,4307,9,1,0,4307,0,0.0
C50_FRG,17,radiopaedia_4_85506_1,radiopaedia_case_4,1,0.55,31322,29,0,1,31321,0,0.034482758620689655
C50_FRG,17,radiopaedia_7_85703_0,radiopaedia_case_7,2,0.55,4619,4,0,1,4618,0,0.25
C50_FRG,17,coronacases_001,coronacases_001,3,0.6,2357,44,10,11,2346,0,0.25
C50_FRG,17,coronacases_002,coronacases_002,0,0.6,6158,26,0,1,6157,0,0.038461538461538464
C50_FRG,17,coronacases_003,coronacases_003,3,0.6,2246,36,5,8,2237,1,0.2222222222222222
C50_FRG,17,coronacases_005,coronacases_005,0,0.6,3856,2,1,0,3856,0,0.0
C50_FRG,17,coronacases_006,coronacases_006,2,0.6,3249,1,0,0,3249,0,0.0
C50_FRG,17,coronacases_007,coronacases_007,2,0.6,2853,7,0,1,2852,0,0.14285714285714285
C50_FRG,17,coronacases_009,coronacases_009,3,0.6,2169,8,2,3,2166,0,0.375
C50_FRG,17,coronacases_010,coronacases_010,1,0.6,4809,6,0,0,4809,0,0.0
C50_FRG,17,radiopaedia_10_85902_1,radiopaedia_case_10,1,0.6,25518,2,0,0,25518,0,0.0
C50_FRG,17,radiopaedia_10_85902_3,radiopaedia_case_10,1,0.6,38277,2,1,1,38276,0,0.5
C50_FRG,17,radiopaedia_29_86490_1,radiopaedia_case_29,0,0.6,4390,2,0,0,4390,0,0.0
C50_FRG,17,radiopaedia_29_86491_1,radiopaedia_case_29,0,0.6,6394,3,0,1,6393,0,0.3333333333333333
C50_FRG,17,radiopaedia_36_86526_0,radiopaedia_case_36,2,0.6,2430,31,0,2,2428,0,0.06451612903225806
C50_FRG,17,radiopaedia_40_86625_0,radiopaedia_case_40,3,0.6,4327,9,1,1,4326,0,0.1111111111111111
C50_FRG,17,radiopaedia_4_85506_1,radiopaedia_case_4,1,0.6,31545,29,0,1,31544,0,0.034482758620689655
C50_FRG,17,radiopaedia_7_85703_0,radiopaedia_case_7,2,0.6,4615,4,0,1,4614,0,0.25
C50_FRG,17,coronacases_001,coronacases_001,3,0.65,2375,44,10,11,2364,0,0.25
C50_FRG,17,coronacases_002,coronacases_002,0,0.65,6092,26,0,2,6090,0,0.07692307692307693
C50_FRG,17,coronacases_003,coronacases_003,3,0.65,2352,36,5,8,2342,2,0.2222222222222222
C50_FRG,17,coronacases_005,coronacases_005,0,0.65,3694,2,1,0,3694,0,0.0
C50_FRG,17,coronacases_006,coronacases_006,2,0.65,3338,1,0,0,3338,0,0.0
C50_FRG,17,coronacases_007,coronacases_007,2,0.65,2866,7,0,1,2865,0,0.14285714285714285
C50_FRG,17,coronacases_009,coronacases_009,3,0.65,2120,8,2,4,2116,0,0.5
C50_FRG,17,coronacases_010,coronacases_010,1,0.65,4621,6,0,1,4620,0,0.16666666666666666
C50_FRG,17,radiopaedia_10_85902_1,radiopaedia_case_10,1,0.65,25687,2,0,0,25687,0,0.0
C50_FRG,17,radiopaedia_10_85902_3,radiopaedia_case_10,1,0.65,39147,2,1,1,39146,0,0.5
C50_FRG,17,radiopaedia_29_86490_1,radiopaedia_case_29,0,0.65,4373,2,0,0,4373,0,0.0
C50_FRG,17,radiopaedia_29_86491_1,radiopaedia_case_29,0,0.65,6288,3,0,1,6287,0,0.3333333333333333
C50_FRG,17,radiopaedia_36_86526_0,radiopaedia_case_36,2,0.65,2358,31,0,2,2356,0,0.06451612903225806
C50_FRG,17,radiopaedia_40_86625_0,radiopaedia_case_40,3,0.65,4288,9,1,1,4287,0,0.1111111111111111
C50_FRG,17,radiopaedia_4_85506_1,radiopaedia_case_4,1,0.65,30962,29,0,1,30961,0,0.034482758620689655
C50_FRG,17,radiopaedia_7_85703_0,radiopaedia_case_7,2,0.65,4557,4,0,1,4556,0,0.25
C50_FRG,17,coronacases_001,coronacases_001,3,0.7,2397,44,10,14,2383,0,0.3181818181818182
C50_FRG,17,coronacases_002,coronacases_002,0,0.7,5846,26,0,4,5842,0,0.15384615384615385
C50_FRG,17,coronacases_003,coronacases_003,3,0.7,2466,36,5,9,2455,2,0.25
C50_FRG,17,coronacases_005,coronacases_005,0,0.7,3621,2,1,0,3621,0,0.0
C50_FRG,17,coronacases_006,coronacases_006,2,0.7,3380,1,0,0,3380,0,0.0
C50_FRG,17,coronacases_007,coronacases_007,2,0.7,2911,7,0,1,2910,0,0.14285714285714285
C50_FRG,17,coronacases_009,coronacases_009,3,0.7,2114,8,2,4,2110,0,0.5
C50_FRG,17,coronacases_010,coronacases_010,1,0.7,4614,6,0,1,4613,0,0.16666666666666666
C50_FRG,17,radiopaedia_10_85902_1,radiopaedia_case_10,1,0.7,25649,2,0,0,25649,0,0.0
C50_FRG,17,radiopaedia_10_85902_3,radiopaedia_case_10,1,0.7,39413,2,1,1,39412,0,0.5
C50_FRG,17,radiopaedia_29_86490_1,radiopaedia_case_29,0,0.7,4328,2,0,1,4327,0,0.5
C50_FRG,17,radiopaedia_29_86491_1,radiopaedia_case_29,0,0.7,6228,3,0,1,6227,0,0.3333333333333333
C50_FRG,17,radiopaedia_36_86526_0,radiopaedia_case_36,2,0.7,2292,31,0,2,2290,0,0.06451612903225806
C50_FRG,17,radiopaedia_40_86625_0,radiopaedia_case_40,3,0.7,4366,9,1,1,4365,0,0.1111111111111111
C50_FRG,17,radiopaedia_4_85506_1,radiopaedia_case_4,1,0.7,29849,29,0,1,29848,0,0.034482758620689655
C50_FRG,17,radiopaedia_7_85703_0,radiopaedia_case_7,2,0.7,4472,4,0,1,4471,0,0.25
C50_FRG,17,coronacases_001,coronacases_001,3,0.75,2449,44,10,15,2434,0,0.3409090909090909
C50_FRG,17,coronacases_002,coronacases_002,0,0.75,5695,26,0,5,5690,0,0.19230769230769232
C50_FRG,17,coronacases_003,coronacases_003,3,0.75,2549,36,5,8,2539,2,0.2222222222222222
C50_FRG,17,coronacases_005,coronacases_005,0,0.75,3561,2,1,0,3561,0,0.0
C50_FRG,17,coronacases_006,coronacases_006,2,0.75,3477,1,0,0,3477,0,0.0
C50_FRG,17,coronacases_007,coronacases_007,2,0.75,2932,7,0,1,2931,0,0.14285714285714285
C50_FRG,17,coronacases_009,coronacases_009,3,0.75,2017,8,2,4,2013,0,0.5
C50_FRG,17,coronacases_010,coronacases_010,1,0.75,4435,6,0,2,4433,0,0.3333333333333333
C50_FRG,17,radiopaedia_10_85902_1,radiopaedia_case_10,1,0.75,24808,2,0,0,24808,0,0.0
C50_FRG,17,radiopaedia_10_85902_3,radiopaedia_case_10,1,0.75,38624,2,1,1,38623,0,0.5
C50_FRG,17,radiopaedia_29_86490_1,radiopaedia_case_29,0,0.75,4305,2,0,1,4304,0,0.5
C50_FRG,17,radiopaedia_29_86491_1,radiopaedia_case_29,0,0.75,6069,3,0,1,6068,0,0.3333333333333333
C50_FRG,17,radiopaedia_36_86526_0,radiopaedia_case_36,2,0.75,2192,31,0,2,2190,0,0.06451612903225806
C50_FRG,17,radiopaedia_40_86625_0,radiopaedia_case_40,3,0.75,4451,9,1,1,4450,0,0.1111111111111111
C50_FRG,17,radiopaedia_4_85506_1,radiopaedia_case_4,1,0.75,28501,29,0,2,28499,0,0.06896551724137931
C50_FRG,17,radiopaedia_7_85703_0,radiopaedia_case_7,2,0.75,4400,4,0,1,4399,0,0.25
C50_FRG,17,coronacases_001,coronacases_001,3,0.8,2422,44,10,16,2406,0,0.36363636363636365
C50_FRG,17,coronacases_002,coronacases_002,0,0.8,5549,26,0,5,5544,0,0.19230769230769232
C50_FRG,17,coronacases_003,coronacases_003,3,0.8,2740,36,5,9,2729,2,0.25
C50_FRG,17,coronacases_005,coronacases_005,0,0.8,3431,2,1,0,3431,0,0.0
C50_FRG,17,coronacases_006,coronacases_006,2,0.8,3647,1,0,0,3647,0,0.0
C50_FRG,17,coronacases_007,coronacases_007,2,0.8,2986,7,0,1,2985,0,0.14285714285714285
C50_FRG,17,coronacases_009,coronacases_009,3,0.8,2080,8,2,4,2076,0,0.5
C50_FRG,17,coronacases_010,coronacases_010,1,0.8,4399,6,0,2,4397,0,0.3333333333333333
C50_FRG,17,radiopaedia_10_85902_1,radiopaedia_case_10,1,0.8,23617,2,0,0,23617,0,0.0
C50_FRG,17,radiopaedia_10_85902_3,radiopaedia_case_10,1,0.8,37404,2,1,1,37403,0,0.5
C50_FRG,17,radiopaedia_29_86490_1,radiopaedia_case_29,0,0.8,4180,2,0,0,4180,0,0.0
C50_FRG,17,radiopaedia_29_86491_1,radiopaedia_case_29,0,0.8,5874,3,0,1,5873,0,0.3333333333333333
C50_FRG,17,radiopaedia_36_86526_0,radiopaedia_case_36,2,0.8,2165,31,0,2,2163,0,0.06451612903225806
C50_FRG,17,radiopaedia_40_86625_0,radiopaedia_case_40,3,0.8,4534,9,1,1,4533,0,0.1111111111111111
C50_FRG,17,radiopaedia_4_85506_1,radiopaedia_case_4,1,0.8,26321,29,0,2,26319,0,0.06896551724137931
C50_FRG,17,radiopaedia_7_85703_0,radiopaedia_case_7,2,0.8,4169,4,0,1,4168,0,0.25
C50_FRG,17,coronacases_001,coronacases_001,3,0.85,2381,44,10,15,2366,0,0.3409090909090909
C50_FRG,17,coronacases_002,coronacases_002,0,0.85,5345,26,0,5,5340,0,0.19230769230769232
C50_FRG,17,coronacases_003,coronacases_003,3,0.85,2917,36,5,9,2906,2,0.25
C50_FRG,17,coronacases_005,coronacases_005,0,0.85,3343,2,1,1,3342,0,0.5
C50_FRG,17,coronacases_006,coronacases_006,2,0.85,3816,1,0,0,3816,0,0.0
C50_FRG,17,coronacases_007,coronacases_007,2,0.85,3061,7,0,1,3060,0,0.14285714285714285
C50_FRG,17,coronacases_009,coronacases_009,3,0.85,2123,8,2,4,2119,0,0.5
C50_FRG,17,coronacases_010,coronacases_010,1,0.85,4328,6,0,2,4326,0,0.3333333333333333
C50_FRG,17,radiopaedia_10_85902_1,radiopaedia_case_10,1,0.85,21526,2,0,0,21526,0,0.0
C50_FRG,17,radiopaedia_10_85902_3,radiopaedia_case_10,1,0.85,35088,2,1,1,35087,0,0.5
C50_FRG,17,radiopaedia_29_86490_1,radiopaedia_case_29,0,0.85,3926,2,0,0,3926,0,0.0
C50_FRG,17,radiopaedia_29_86491_1,radiopaedia_case_29,0,0.85,5536,3,0,1,5535,0,0.3333333333333333
C50_FRG,17,radiopaedia_36_86526_0,radiopaedia_case_36,2,0.85,2135,31,0,2,2133,0,0.06451612903225806
C50_FRG,17,radiopaedia_40_86625_0,radiopaedia_case_40,3,0.85,4778,9,1,1,4777,0,0.1111111111111111
C50_FRG,17,radiopaedia_4_85506_1,radiopaedia_case_4,1,0.85,23202,29,0,3,23199,0,0.10344827586206896
C50_FRG,17,radiopaedia_7_85703_0,radiopaedia_case_7,2,0.85,3954,4,0,1,3953,0,0.25
C50_FRG,17,coronacases_001,coronacases_001,3,0.9,2395,44,10,16,2379,0,0.36363636363636365
C50_FRG,17,coronacases_002,coronacases_002,0,0.9,5175,26,0,6,5169,0,0.23076923076923078
C50_FRG,17,coronacases_003,coronacases_003,3,0.9,3103,36,5,8,3093,2,0.2222222222222222
C50_FRG,17,coronacases_005,coronacases_005,0,0.9,3360,2,1,1,3359,0,0.5
C50_FRG,17,coronacases_006,coronacases_006,2,0.9,4028,1,0,0,4028,0,0.0
C50_FRG,17,coronacases_007,coronacases_007,2,0.9,3187,7,0,1,3186,0,0.14285714285714285
C50_FRG,17,coronacases_009,coronacases_009,3,0.9,2293,8,2,3,2290,0,0.375
C50_FRG,17,coronacases_010,coronacases_010,1,0.9,4145,6,0,2,4143,0,0.3333333333333333
C50_FRG,17,radiopaedia_10_85902_1,radiopaedia_case_10,1,0.9,18551,2,0,0,18551,0,0.0
C50_FRG,17,radiopaedia_10_85902_3,radiopaedia_case_10,1,0.9,31241,2,1,1,31240,0,0.5
C50_FRG,17,radiopaedia_29_86490_1,radiopaedia_case_29,0,0.9,3676,2,0,1,3675,0,0.5
C50_FRG,17,radiopaedia_29_86491_1,radiopaedia_case_29,0,0.9,4962,3,0,1,4961,0,0.3333333333333333
C50_FRG,17,radiopaedia_36_86526_0,radiopaedia_case_36,2,0.9,1992,31,0,4,1988,0,0.12903225806451613
C50_FRG,17,radiopaedia_40_86625_0,radiopaedia_case_40,3,0.9,4998,9,1,1,4997,0,0.1111111111111111
C50_FRG,17,radiopaedia_4_85506_1,radiopaedia_case_4,1,0.9,19515,29,0,4,19511,0,0.13793103448275862
C50_FRG,17,radiopaedia_7_85703_0,radiopaedia_case_7,2,0.9,3998,4,0,1,3997,0,0.25
C50_FRG,17,coronacases_001,coronacases_001,3,0.95,2648,44,10,15,2633,0,0.3409090909090909
C50_FRG,17,coronacases_002,coronacases_002,0,0.95,4819,26,0,7,4812,0,0.2692307692307692
C50_FRG,17,coronacases_003,coronacases_003,3,0.95,3398,36,5,8,3389,1,0.2222222222222222
C50_FRG,17,coronacases_005,coronacases_005,0,0.95,3134,2,1,2,3132,0,1.0
C50_FRG,17,coronacases_006,coronacases_006,2,0.95,4379,1,0,0,4379,0,0.0
C50_FRG,17,coronacases_007,coronacases_007,2,0.95,3670,7,0,1,3669,0,0.14285714285714285
C50_FRG,17,coronacases_009,coronacases_009,3,0.95,2424,8,2,3,2421,0,0.375
C50_FRG,17,coronacases_010,coronacases_010,1,0.95,3979,6,0,3,3976,0,0.5
C50_FRG,17,radiopaedia_10_85902_1,radiopaedia_case_10,1,0.95,13978,2,0,0,13978,0,0.0
C50_FRG,17,radiopaedia_10_85902_3,radiopaedia_case_10,1,0.95,24572,2,1,1,24571,0,0.5
C50_FRG,17,radiopaedia_29_86490_1,radiopaedia_case_29,0,0.95,3293,2,0,0,3293,0,0.0
C50_FRG,17,radiopaedia_29_86491_1,radiopaedia_case_29,0,0.95,4170,3,0,1,4169,0,0.3333333333333333
C50_FRG,17,radiopaedia_36_86526_0,radiopaedia_case_36,2,0.95,1975,31,0,6,1969,0,0.1935483870967742
C50_FRG,17,radiopaedia_40_86625_0,radiopaedia_case_40,3,0.95,5568,9,1,2,5566,0,0.2222222222222222
C50_FRG,17,radiopaedia_4_85506_1,radiopaedia_case_4,1,0.95,14980,29,0,8,14972,0,0.27586206896551724
C50_FRG,17,radiopaedia_7_85703_0,radiopaedia_case_7,2,0.95,4090,4,0,1,4089,0,0.25
C50_FRG,17,coronacases_001,coronacases_001,3,0.975,2981,44,10,14,2967,0,0.3181818181818182
C50_FRG,17,coronacases_002,coronacases_002,0,0.975,4275,26,0,13,4262,0,0.5
C50_FRG,17,coronacases_003,coronacases_003,3,0.975,3953,36,5,10,3942,1,0.2777777777777778
C50_FRG,17,coronacases_005,coronacases_005,0,0.975,2963,2,1,2,2961,0,1.0
C50_FRG,17,coronacases_006,coronacases_006,2,0.975,5166,1,0,0,5166,0,0.0
C50_FRG,17,coronacases_007,coronacases_007,2,0.975,4051,7,0,1,4050,0,0.14285714285714285
C50_FRG,17,coronacases_009,coronacases_009,3,0.975,2663,8,2,3,2660,0,0.375
C50_FRG,17,coronacases_010,coronacases_010,1,0.975,3622,6,0,3,3619,0,0.5
C50_FRG,17,radiopaedia_10_85902_1,radiopaedia_case_10,1,0.975,10354,2,0,0,10354,0,0.0
C50_FRG,17,radiopaedia_10_85902_3,radiopaedia_case_10,1,0.975,19347,2,1,1,19346,0,0.5
C50_FRG,17,radiopaedia_29_86490_1,radiopaedia_case_29,0,0.975,3147,2,0,1,3146,0,0.5
C50_FRG,17,radiopaedia_29_86491_1,radiopaedia_case_29,0,0.975,3675,3,0,1,3674,0,0.3333333333333333
C50_FRG,17,radiopaedia_36_86526_0,radiopaedia_case_36,2,0.975,2002,31,0,7,1995,0,0.22580645161290322
C50_FRG,17,radiopaedia_40_86625_0,radiopaedia_case_40,3,0.975,6255,9,1,2,6253,0,0.2222222222222222
C50_FRG,17,radiopaedia_4_85506_1,radiopaedia_case_4,1,0.975,11408,29,0,9,11399,0,0.3103448275862069
C50_FRG,17,radiopaedia_7_85703_0,radiopaedia_case_7,2,0.975,4089,4,0,1,4088,0,0.25
C50_FRG,17,coronacases_001,coronacases_001,3,0.99,3617,44,10,14,3603,0,0.3181818181818182
C50_FRG,17,coronacases_002,coronacases_002,0,0.99,3813,26,0,17,3796,0,0.6538461538461539
C50_FRG,17,coronacases_003,coronacases_003,3,0.99,4914,36,5,13,4901,0,0.3611111111111111
C50_FRG,17,coronacases_005,coronacases_005,0,0.99,2427,2,1,2,2425,0,1.0
C50_FRG,17,coronacases_006,coronacases_006,2,0.99,7234,1,0,0,7234,0,0.0
C50_FRG,17,coronacases_007,coronacases_007,2,0.99,4647,7,0,0,4647,0,0.0
C50_FRG,17,coronacases_009,coronacases_009,3,0.99,3133,8,2,3,3130,0,0.375
C50_FRG,17,coronacases_010,coronacases_010,1,0.99,3354,6,0,4,3350,0,0.6666666666666666
C50_FRG,17,radiopaedia_10_85902_1,radiopaedia_case_10,1,0.99,7091,2,0,1,7090,0,0.5
C50_FRG,17,radiopaedia_10_85902_3,radiopaedia_case_10,1,0.99,14679,2,1,1,14678,0,0.5
C50_FRG,17,radiopaedia_29_86490_1,radiopaedia_case_29,0,0.99,2810,2,0,0,2810,0,0.0
C50_FRG,17,radiopaedia_29_86491_1,radiopaedia_case_29,0,0.99,3088,3,0,3,3085,0,1.0
C50_FRG,17,radiopaedia_36_86526_0,radiopaedia_case_36,2,0.99,2014,31,0,7,2007,0,0.22580645161290322
C50_FRG,17,radiopaedia_40_86625_0,radiopaedia_case_40,3,0.99,7482,9,1,2,7480,0,0.2222222222222222
C50_FRG,17,radiopaedia_4_85506_1,radiopaedia_case_4,1,0.99,7454,29,0,11,7443,0,0.3793103448275862
C50_FRG,17,radiopaedia_7_85703_0,radiopaedia_case_7,2,0.99,4462,4,0,1,4461,0,0.25
C50_FRG,17,coronacases_001,coronacases_001,3,0.995,4306,44,10,15,4291,0,0.3409090909090909
C50_FRG,17,coronacases_002,coronacases_002,0,0.995,3293,26,0,17,3276,0,0.6538461538461539
C50_FRG,17,coronacases_003,coronacases_003,3,0.995,6039,36,5,14,6025,0,0.3888888888888889
C50_FRG,17,coronacases_005,coronacases_005,0,0.995,2171,2,1,2,2169,0,1.0
C50_FRG,17,coronacases_006,coronacases_006,2,0.995,10449,1,0,0,10449,0,0.0
C50_FRG,17,coronacases_007,coronacases_007,2,0.995,5625,7,0,0,5625,0,0.0
C50_FRG,17,coronacases_009,coronacases_009,3,0.995,3478,8,2,4,3474,0,0.5
C50_FRG,17,coronacases_010,coronacases_010,1,0.995,3154,6,0,4,3150,0,0.6666666666666666
C50_FRG,17,radiopaedia_10_85902_1,radiopaedia_case_10,1,0.995,5422,2,0,2,5420,0,1.0
C50_FRG,17,radiopaedia_10_85902_3,radiopaedia_case_10,1,0.995,12148,2,1,1,12147,0,0.5
C50_FRG,17,radiopaedia_29_86490_1,radiopaedia_case_29,0,0.995,2492,2,0,0,2492,0,0.0
C50_FRG,17,radiopaedia_29_86491_1,radiopaedia_case_29,0,0.995,2722,3,0,3,2719,0,1.0
C50_FRG,17,radiopaedia_36_86526_0,radiopaedia_case_36,2,0.995,2128,31,0,9,2119,0,0.2903225806451613
C50_FRG,17,radiopaedia_40_86625_0,radiopaedia_case_40,3,0.995,8819,9,1,2,8817,0,0.2222222222222222
C50_FRG,17,radiopaedia_4_85506_1,radiopaedia_case_4,1,0.995,5237,29,0,12,5225,0,0.41379310344827586
C50_FRG,17,radiopaedia_7_85703_0,radiopaedia_case_7,2,0.995,5876,4,0,1,5875,0,0.25
C50_FRG,17,coronacases_001,coronacases_001,3,1.000001,0,44,10,0,0,0,0.0
C50_FRG,17,coronacases_002,coronacases_002,0,1.000001,0,26,0,0,0,0,0.0
C50_FRG,17,coronacases_003,coronacases_003,3,1.000001,0,36,5,0,0,0,0.0
C50_FRG,17,coronacases_005,coronacases_005,0,1.000001,0,2,1,0,0,0,0.0
C50_FRG,17,coronacases_006,coronacases_006,2,1.000001,0,1,0,0,0,0,0.0
C50_FRG,17,coronacases_007,coronacases_007,2,1.000001,0,7,0,0,0,0,0.0
C50_FRG,17,coronacases_009,coronacases_009,3,1.000001,0,8,2,0,0,0,0.0
C50_FRG,17,coronacases_010,coronacases_010,1,1.000001,0,6,0,0,0,0,0.0
C50_FRG,17,radiopaedia_10_85902_1,radiopaedia_case_10,1,1.000001,0,2,0,0,0,0,0.0
C50_FRG,17,radiopaedia_10_85902_3,radiopaedia_case_10,1,1.000001,0,2,1,0,0,0,0.0
C50_FRG,17,radiopaedia_29_86490_1,radiopaedia_case_29,0,1.000001,0,2,0,0,0,0,0.0
C50_FRG,17,radiopaedia_29_86491_1,radiopaedia_case_29,0,1.000001,0,3,0,0,0,0,0.0
C50_FRG,17,radiopaedia_36_86526_0,radiopaedia_case_36,2,1.000001,0,31,0,0,0,0,0.0
C50_FRG,17,radiopaedia_40_86625_0,radiopaedia_case_40,3,1.000001,0,9,1,0,0,0,0.0
C50_FRG,17,radiopaedia_4_85506_1,radiopaedia_case_4,1,1.000001,0,29,0,0,0,0,0.0
C50_FRG,17,radiopaedia_7_85703_0,radiopaedia_case_7,2,1.000001,0,4,0,0,0,0,0.0
C50_FRG,29,coronacases_001,coronacases_001,3,0.05,6479,44,10,4,6474,1,0.09090909090909091
C50_FRG,29,coronacases_002,coronacases_002,0,0.05,1900,26,0,0,1900,0,0.0
C50_FRG,29,coronacases_003,coronacases_003,3,0.05,8481,36,5,1,8479,1,0.027777777777777776
C50_FRG,29,coronacases_005,coronacases_005,0,0.05,1093,2,1,0,1093,0,0.0
C50_FRG,29,coronacases_006,coronacases_006,2,0.05,19128,1,0,0,19128,0,0.0
C50_FRG,29,coronacases_007,coronacases_007,2,0.05,7758,7,0,1,7757,0,0.14285714285714285
C50_FRG,29,coronacases_009,coronacases_009,3,0.05,6933,8,2,0,6933,0,0.0
C50_FRG,29,coronacases_010,coronacases_010,1,0.05,1316,6,0,0,1316,0,0.0
C50_FRG,29,radiopaedia_10_85902_1,radiopaedia_case_10,1,0.05,2527,2,0,0,2527,0,0.0
C50_FRG,29,radiopaedia_10_85902_3,radiopaedia_case_10,1,0.05,3956,2,1,0,3956,0,0.0
C50_FRG,29,radiopaedia_29_86490_1,radiopaedia_case_29,0,0.05,1718,2,0,0,1718,0,0.0
C50_FRG,29,radiopaedia_29_86491_1,radiopaedia_case_29,0,0.05,1972,3,0,0,1972,0,0.0
C50_FRG,29,radiopaedia_36_86526_0,radiopaedia_case_36,2,0.05,15189,31,0,0,15189,0,0.0
C50_FRG,29,radiopaedia_40_86625_0,radiopaedia_case_40,3,0.05,10007,9,1,1,10006,0,0.1111111111111111
C50_FRG,29,radiopaedia_4_85506_1,radiopaedia_case_4,1,0.05,2171,29,0,2,2169,0,0.06896551724137931
C50_FRG,29,radiopaedia_7_85703_0,radiopaedia_case_7,2,0.05,21262,4,0,0,21262,0,0.0
C50_FRG,29,coronacases_001,coronacases_001,3,0.1,8878,44,10,5,8872,1,0.11363636363636363
C50_FRG,29,coronacases_002,coronacases_002,0,0.1,2242,26,0,0,2242,0,0.0
C50_FRG,29,coronacases_003,coronacases_003,3,0.1,10991,36,5,2,10988,1,0.05555555555555555
C50_FRG,29,coronacases_005,coronacases_005,0,0.1,1281,2,1,0,1281,0,0.0
C50_FRG,29,coronacases_006,coronacases_006,2,0.1,18999,1,0,0,18999,0,0.0
C50_FRG,29,coronacases_007,coronacases_007,2,0.1,7957,7,0,1,7956,0,0.14285714285714285
C50_FRG,29,coronacases_009,coronacases_009,3,0.1,9257,8,2,1,9256,0,0.125
C50_FRG,29,coronacases_010,coronacases_010,1,0.1,1433,6,0,0,1433,0,0.0
C50_FRG,29,radiopaedia_10_85902_1,radiopaedia_case_10,1,0.1,2279,2,0,0,2279,0,0.0
C50_FRG,29,radiopaedia_10_85902_3,radiopaedia_case_10,1,0.1,3841,2,1,0,3841,0,0.0
C50_FRG,29,radiopaedia_29_86490_1,radiopaedia_case_29,0,0.1,1915,2,0,0,1915,0,0.0
C50_FRG,29,radiopaedia_29_86491_1,radiopaedia_case_29,0,0.1,2322,3,0,0,2322,0,0.0
C50_FRG,29,radiopaedia_36_86526_0,radiopaedia_case_36,2,0.1,16725,31,0,1,16724,0,0.03225806451612903
C50_FRG,29,radiopaedia_40_86625_0,radiopaedia_case_40,3,0.1,13389,9,1,1,13388,0,0.1111111111111111
C50_FRG,29,radiopaedia_4_85506_1,radiopaedia_case_4,1,0.1,2395,29,0,2,2393,0,0.06896551724137931
C50_FRG,29,radiopaedia_7_85703_0,radiopaedia_case_7,2,0.1,23860,4,0,0,23860,0,0.0
C50_FRG,29,coronacases_001,coronacases_001,3,0.15,10512,44,10,6,10505,1,0.13636363636363635
C50_FRG,29,coronacases_002,coronacases_002,0,0.15,2524,26,0,0,2524,0,0.0
C50_FRG,29,coronacases_003,coronacases_003,3,0.15,12554,36,5,2,12551,1,0.05555555555555555
C50_FRG,29,coronacases_005,coronacases_005,0,0.15,1423,2,1,0,1423,0,0.0
C50_FRG,29,coronacases_006,coronacases_006,2,0.15,18648,1,0,0,18648,0,0.0
C50_FRG,29,coronacases_007,coronacases_007,2,0.15,7915,7,0,1,7914,0,0.14285714285714285
C50_FRG,29,coronacases_009,coronacases_009,3,0.15,10551,8,2,1,10550,0,0.125
C50_FRG,29,coronacases_010,coronacases_010,1,0.15,1416,6,0,0,1416,0,0.0
C50_FRG,29,radiopaedia_10_85902_1,radiopaedia_case_10,1,0.15,2041,2,0,0,2041,0,0.0
C50_FRG,29,radiopaedia_10_85902_3,radiopaedia_case_10,1,0.15,3773,2,1,1,3772,0,0.5
C50_FRG,29,radiopaedia_29_86490_1,radiopaedia_case_29,0,0.15,2098,2,0,0,2098,0,0.0
C50_FRG,29,radiopaedia_29_86491_1,radiopaedia_case_29,0,0.15,2694,3,0,0,2694,0,0.0
C50_FRG,29,radiopaedia_36_86526_0,radiopaedia_case_36,2,0.15,17218,31,0,1,17217,0,0.03225806451612903
C50_FRG,29,radiopaedia_40_86625_0,radiopaedia_case_40,3,0.15,15786,9,1,1,15785,0,0.1111111111111111
C50_FRG,29,radiopaedia_4_85506_1,radiopaedia_case_4,1,0.15,2248,29,0,2,2246,0,0.06896551724137931
C50_FRG,29,radiopaedia_7_85703_0,radiopaedia_case_7,2,0.15,25279,4,0,0,25279,0,0.0
C50_FRG,29,coronacases_001,coronacases_001,3,0.2,11969,44,10,7,11962,0,0.1590909090909091
C50_FRG,29,coronacases_002,coronacases_002,0,0.2,2835,26,0,0,2835,0,0.0
C50_FRG,29,coronacases_003,coronacases_003,3,0.2,13682,36,5,2,13679,1,0.05555555555555555
C50_FRG,29,coronacases_005,coronacases_005,0,0.2,1518,2,1,0,1518,0,0.0
C50_FRG,29,coronacases_006,coronacases_006,2,0.2,18047,1,0,0,18047,0,0.0
C50_FRG,29,coronacases_007,coronacases_007,2,0.2,7968,7,0,1,7967,0,0.14285714285714285
C50_FRG,29,coronacases_009,coronacases_009,3,0.2,11451,8,2,2,11449,0,0.25
C50_FRG,29,coronacases_010,coronacases_010,1,0.2,1457,6,0,0,1457,0,0.0
C50_FRG,29,radiopaedia_10_85902_1,radiopaedia_case_10,1,0.2,1912,2,0,0,1912,0,0.0
C50_FRG,29,radiopaedia_10_85902_3,radiopaedia_case_10,1,0.2,3687,2,1,1,3686,0,0.5
C50_FRG,29,radiopaedia_29_86490_1,radiopaedia_case_29,0,0.2,2193,2,0,0,2193,0,0.0
C50_FRG,29,radiopaedia_29_86491_1,radiopaedia_case_29,0,0.2,2904,3,0,0,2904,0,0.0
C50_FRG,29,radiopaedia_36_86526_0,radiopaedia_case_36,2,0.2,17287,31,0,1,17286,0,0.03225806451612903
C50_FRG,29,radiopaedia_40_86625_0,radiopaedia_case_40,3,0.2,18055,9,1,1,18054,0,0.1111111111111111
C50_FRG,29,radiopaedia_4_85506_1,radiopaedia_case_4,1,0.2,2214,29,0,2,2212,0,0.06896551724137931
C50_FRG,29,radiopaedia_7_85703_0,radiopaedia_case_7,2,0.2,25951,4,0,0,25951,0,0.0
C50_FRG,29,coronacases_001,coronacases_001,3,0.25,13102,44,10,7,13095,0,0.1590909090909091
C50_FRG,29,coronacases_002,coronacases_002,0,0.25,2982,26,0,0,2982,0,0.0
C50_FRG,29,coronacases_003,coronacases_003,3,0.25,14631,36,5,4,14626,1,0.1111111111111111
C50_FRG,29,coronacases_005,coronacases_005,0,0.25,1577,2,1,0,1577,0,0.0
C50_FRG,29,coronacases_006,coronacases_006,2,0.25,17396,1,0,0,17396,0,0.0
C50_FRG,29,coronacases_007,coronacases_007,2,0.25,7879,7,0,1,7878,0,0.14285714285714285
C50_FRG,29,coronacases_009,coronacases_009,3,0.25,12005,8,2,2,12003,0,0.25
C50_FRG,29,coronacases_010,coronacases_010,1,0.25,1471,6,0,0,1471,0,0.0
C50_FRG,29,radiopaedia_10_85902_1,radiopaedia_case_10,1,0.25,1949,2,0,0,1949,0,0.0
C50_FRG,29,radiopaedia_10_85902_3,radiopaedia_case_10,1,0.25,3650,2,1,1,3649,0,0.5
C50_FRG,29,radiopaedia_29_86490_1,radiopaedia_case_29,0,0.25,2238,2,0,0,2238,0,0.0
C50_FRG,29,radiopaedia_29_86491_1,radiopaedia_case_29,0,0.25,3064,3,0,0,3064,0,0.0
C50_FRG,29,radiopaedia_36_86526_0,radiopaedia_case_36,2,0.25,17385,31,0,2,17383,0,0.06451612903225806
C50_FRG,29,radiopaedia_40_86625_0,radiopaedia_case_40,3,0.25,20093,9,1,1,20092,0,0.1111111111111111
C50_FRG,29,radiopaedia_4_85506_1,radiopaedia_case_4,1,0.25,2177,29,0,2,2175,0,0.06896551724137931
C50_FRG,29,radiopaedia_7_85703_0,radiopaedia_case_7,2,0.25,26581,4,0,0,26581,0,0.0
C50_FRG,29,coronacases_001,coronacases_001,3,0.3,14165,44,10,8,14157,0,0.18181818181818182
C50_FRG,29,coronacases_002,coronacases_002,0,0.3,3190,26,0,0,3190,0,0.0
C50_FRG,29,coronacases_003,coronacases_003,3,0.3,15123,36,5,4,15118,1,0.1111111111111111
C50_FRG,29,coronacases_005,coronacases_005,0,0.3,1630,2,1,0,1630,0,0.0
C50_FRG,29,coronacases_006,coronacases_006,2,0.3,16792,1,0,0,16792,0,0.0
C50_FRG,29,coronacases_007,coronacases_007,2,0.3,7794,7,0,1,7793,0,0.14285714285714285
C50_FRG,29,coronacases_009,coronacases_009,3,0.3,12581,8,2,2,12579,0,0.25
C50_FRG,29,coronacases_010,coronacases_010,1,0.3,1530,6,0,0,1530,0,0.0
C50_FRG,29,radiopaedia_10_85902_1,radiopaedia_case_10,1,0.3,1928,2,0,0,1928,0,0.0
C50_FRG,29,radiopaedia_10_85902_3,radiopaedia_case_10,1,0.3,3634,2,1,1,3633,0,0.5
C50_FRG,29,radiopaedia_29_86490_1,radiopaedia_case_29,0,0.3,2328,2,0,0,2328,0,0.0
C50_FRG,29,radiopaedia_29_86491_1,radiopaedia_case_29,0,0.3,3130,3,0,0,3130,0,0.0
C50_FRG,29,radiopaedia_36_86526_0,radiopaedia_case_36,2,0.3,17309,31,0,2,17307,0,0.06451612903225806
C50_FRG,29,radiopaedia_40_86625_0,radiopaedia_case_40,3,0.3,21852,9,1,1,21851,0,0.1111111111111111
C50_FRG,29,radiopaedia_4_85506_1,radiopaedia_case_4,1,0.3,2131,29,0,2,2129,0,0.06896551724137931
C50_FRG,29,radiopaedia_7_85703_0,radiopaedia_case_7,2,0.3,26629,4,0,0,26629,0,0.0
C50_FRG,29,coronacases_001,coronacases_001,3,0.35,15030,44,10,8,15022,0,0.18181818181818182
C50_FRG,29,coronacases_002,coronacases_002,0,0.35,3350,26,0,0,3350,0,0.0
C50_FRG,29,coronacases_003,coronacases_003,3,0.35,15509,36,5,4,15504,1,0.1111111111111111
C50_FRG,29,coronacases_005,coronacases_005,0,0.35,1669,2,1,0,1669,0,0.0
C50_FRG,29,coronacases_006,coronacases_006,2,0.35,16166,1,0,0,16166,0,0.0
C50_FRG,29,coronacases_007,coronacases_007,2,0.35,7643,7,0,1,7642,0,0.14285714285714285
C50_FRG,29,coronacases_009,coronacases_009,3,0.35,12859,8,2,3,12856,0,0.375
C50_FRG,29,coronacases_010,coronacases_010,1,0.35,1558,6,0,0,1558,0,0.0
C50_FRG,29,radiopaedia_10_85902_1,radiopaedia_case_10,1,0.35,1909,2,0,0,1909,0,0.0
C50_FRG,29,radiopaedia_10_85902_3,radiopaedia_case_10,1,0.35,3664,2,1,1,3663,0,0.5
C50_FRG,29,radiopaedia_29_86490_1,radiopaedia_case_29,0,0.35,2498,2,0,0,2498,0,0.0
C50_FRG,29,radiopaedia_29_86491_1,radiopaedia_case_29,0,0.35,3263,3,0,0,3263,0,0.0
C50_FRG,29,radiopaedia_36_86526_0,radiopaedia_case_36,2,0.35,17170,31,0,2,17168,0,0.06451612903225806
C50_FRG,29,radiopaedia_40_86625_0,radiopaedia_case_40,3,0.35,23452,9,1,1,23451,0,0.1111111111111111
C50_FRG,29,radiopaedia_4_85506_1,radiopaedia_case_4,1,0.35,2110,29,0,2,2108,0,0.06896551724137931
C50_FRG,29,radiopaedia_7_85703_0,radiopaedia_case_7,2,0.35,26438,4,0,0,26438,0,0.0
C50_FRG,29,coronacases_001,coronacases_001,3,0.4,15870,44,10,8,15862,0,0.18181818181818182
C50_FRG,29,coronacases_002,coronacases_002,0,0.4,3520,26,0,0,3520,0,0.0
C50_FRG,29,coronacases_003,coronacases_003,3,0.4,15828,36,5,4,15824,0,0.1111111111111111
C50_FRG,29,coronacases_005,coronacases_005,0,0.4,1731,2,1,0,1731,0,0.0
C50_FRG,29,coronacases_006,coronacases_006,2,0.4,15695,1,0,0,15695,0,0.0
C50_FRG,29,coronacases_007,coronacases_007,2,0.4,7546,7,0,1,7545,0,0.14285714285714285
C50_FRG,29,coronacases_009,coronacases_009,3,0.4,13230,8,2,3,13227,0,0.375
C50_FRG,29,coronacases_010,coronacases_010,1,0.4,1634,6,0,0,1634,0,0.0
C50_FRG,29,radiopaedia_10_85902_1,radiopaedia_case_10,1,0.4,1830,2,0,0,1830,0,0.0
C50_FRG,29,radiopaedia_10_85902_3,radiopaedia_case_10,1,0.4,3742,2,1,1,3741,0,0.5
C50_FRG,29,radiopaedia_29_86490_1,radiopaedia_case_29,0,0.4,2672,2,0,0,2672,0,0.0
C50_FRG,29,radiopaedia_29_86491_1,radiopaedia_case_29,0,0.4,3364,3,0,0,3364,0,0.0
C50_FRG,29,radiopaedia_36_86526_0,radiopaedia_case_36,2,0.4,16905,31,0,4,16901,0,0.12903225806451613
C50_FRG,29,radiopaedia_40_86625_0,radiopaedia_case_40,3,0.4,24998,9,1,1,24997,0,0.1111111111111111
C50_FRG,29,radiopaedia_4_85506_1,radiopaedia_case_4,1,0.4,2038,29,0,2,2036,0,0.06896551724137931
C50_FRG,29,radiopaedia_7_85703_0,radiopaedia_case_7,2,0.4,25763,4,0,0,25763,0,0.0
C50_FRG,29,coronacases_001,coronacases_001,3,0.45,16641,44,10,8,16633,0,0.18181818181818182
C50_FRG,29,coronacases_002,coronacases_002,0,0.45,3708,26,0,0,3708,0,0.0
C50_FRG,29,coronacases_003,coronacases_003,3,0.45,16161,36,5,5,16156,0,0.1388888888888889
C50_FRG,29,coronacases_005,coronacases_005,0,0.45,1830,2,1,0,1830,0,0.0
C50_FRG,29,coronacases_006,coronacases_006,2,0.45,15132,1,0,0,15132,0,0.0
C50_FRG,29,coronacases_007,coronacases_007,2,0.45,7395,7,0,1,7394,0,0.14285714285714285
C50_FRG,29,coronacases_009,coronacases_009,3,0.45,13395,8,2,3,13392,0,0.375
C50_FRG,29,coronacases_010,coronacases_010,1,0.45,1702,6,0,0,1702,0,0.0
C50_FRG,29,radiopaedia_10_85902_1,radiopaedia_case_10,1,0.45,1826,2,0,0,1826,0,0.0
C50_FRG,29,radiopaedia_10_85902_3,radiopaedia_case_10,1,0.45,3751,2,1,1,3750,0,0.5
C50_FRG,29,radiopaedia_29_86490_1,radiopaedia_case_29,0,0.45,2805,2,0,0,2805,0,0.0
C50_FRG,29,radiopaedia_29_86491_1,radiopaedia_case_29,0,0.45,3425,3,0,0,3425,0,0.0
C50_FRG,29,radiopaedia_36_86526_0,radiopaedia_case_36,2,0.45,16497,31,0,4,16493,0,0.12903225806451613
C50_FRG,29,radiopaedia_40_86625_0,radiopaedia_case_40,3,0.45,26511,9,1,1,26510,0,0.1111111111111111
C50_FRG,29,radiopaedia_4_85506_1,radiopaedia_case_4,1,0.45,1988,29,0,3,1985,0,0.10344827586206896
C50_FRG,29,radiopaedia_7_85703_0,radiopaedia_case_7,2,0.45,25194,4,0,0,25194,0,0.0
C50_FRG,29,coronacases_001,coronacases_001,3,0.5,17563,44,10,8,17555,0,0.18181818181818182
C50_FRG,29,coronacases_002,coronacases_002,0,0.5,3884,26,0,0,3884,0,0.0
C50_FRG,29,coronacases_003,coronacases_003,3,0.5,16349,36,5,6,16343,0,0.16666666666666666
C50_FRG,29,coronacases_005,coronacases_005,0,0.5,1971,2,1,0,1971,0,0.0
C50_FRG,29,coronacases_006,coronacases_006,2,0.5,14633,1,0,0,14633,0,0.0
C50_FRG,29,coronacases_007,coronacases_007,2,0.5,7214,7,0,1,7213,0,0.14285714285714285
C50_FRG,29,coronacases_009,coronacases_009,3,0.5,13549,8,2,3,13546,0,0.375
C50_FRG,29,coronacases_010,coronacases_010,1,0.5,1670,6,0,0,1670,0,0.0
C50_FRG,29,radiopaedia_10_85902_1,radiopaedia_case_10,1,0.5,1812,2,0,0,1812,0,0.0
C50_FRG,29,radiopaedia_10_85902_3,radiopaedia_case_10,1,0.5,3778,2,1,1,3777,0,0.5
C50_FRG,29,radiopaedia_29_86490_1,radiopaedia_case_29,0,0.5,2807,2,0,0,2807,0,0.0
C50_FRG,29,radiopaedia_29_86491_1,radiopaedia_case_29,0,0.5,3507,3,0,0,3507,0,0.0
C50_FRG,29,radiopaedia_36_86526_0,radiopaedia_case_36,2,0.5,16089,31,0,5,16084,0,0.16129032258064516
C50_FRG,29,radiopaedia_40_86625_0,radiopaedia_case_40,3,0.5,28169,9,1,1,28168,0,0.1111111111111111
C50_FRG,29,radiopaedia_4_85506_1,radiopaedia_case_4,1,0.5,1918,29,0,3,1915,0,0.10344827586206896
C50_FRG,29,radiopaedia_7_85703_0,radiopaedia_case_7,2,0.5,24369,4,0,0,24369,0,0.0
C50_FRG,29,coronacases_001,coronacases_001,3,0.55,18314,44,10,9,18305,0,0.20454545454545456
C50_FRG,29,coronacases_002,coronacases_002,0,0.55,3954,26,0,0,3954,0,0.0
C50_FRG,29,coronacases_003,coronacases_003,3,0.55,16339,36,5,7,16332,0,0.19444444444444445
C50_FRG,29,coronacases_005,coronacases_005,0,0.55,2076,2,1,0,2076,0,0.0
C50_FRG,29,coronacases_006,coronacases_006,2,0.55,14063,1,0,0,14063,0,0.0
C50_FRG,29,coronacases_007,coronacases_007,2,0.55,7059,7,0,1,7058,0,0.14285714285714285
C50_FRG,29,coronacases_009,coronacases_009,3,0.55,13744,8,2,3,13741,0,0.375
C50_FRG,29,coronacases_010,coronacases_010,1,0.55,1704,6,0,0,1704,0,0.0
C50_FRG,29,radiopaedia_10_85902_1,radiopaedia_case_10,1,0.55,1807,2,0,0,1807,0,0.0
C50_FRG,29,radiopaedia_10_85902_3,radiopaedia_case_10,1,0.55,3810,2,1,1,3809,0,0.5
C50_FRG,29,radiopaedia_29_86490_1,radiopaedia_case_29,0,0.55,2833,2,0,0,2833,0,0.0
C50_FRG,29,radiopaedia_29_86491_1,radiopaedia_case_29,0,0.55,3536,3,0,1,3535,0,0.3333333333333333
C50_FRG,29,radiopaedia_36_86526_0,radiopaedia_case_36,2,0.55,15596,31,0,5,15591,0,0.16129032258064516
C50_FRG,29,radiopaedia_40_86625_0,radiopaedia_case_40,3,0.55,29643,9,1,1,29642,0,0.1111111111111111
C50_FRG,29,radiopaedia_4_85506_1,radiopaedia_case_4,1,0.55,1817,29,0,3,1814,0,0.10344827586206896
C50_FRG,29,radiopaedia_7_85703_0,radiopaedia_case_7,2,0.55,23770,4,0,0,23770,0,0.0
C50_FRG,29,coronacases_001,coronacases_001,3,0.6,18964,44,10,8,18955,1,0.18181818181818182
C50_FRG,29,coronacases_002,coronacases_002,0,0.6,4102,26,0,0,4102,0,0.0
C50_FRG,29,coronacases_003,coronacases_003,3,0.6,16285,36,5,7,16278,0,0.19444444444444445
C50_FRG,29,coronacases_005,coronacases_005,0,0.6,2136,2,1,0,2136,0,0.0
C50_FRG,29,coronacases_006,coronacases_006,2,0.6,13430,1,0,0,13430,0,0.0
C50_FRG,29,coronacases_007,coronacases_007,2,0.6,6893,7,0,2,6891,0,0.2857142857142857
C50_FRG,29,coronacases_009,coronacases_009,3,0.6,13708,8,2,3,13705,0,0.375
C50_FRG,29,coronacases_010,coronacases_010,1,0.6,1756,6,0,0,1756,0,0.0
C50_FRG,29,radiopaedia_10_85902_1,radiopaedia_case_10,1,0.6,1780,2,0,0,1780,0,0.0
C50_FRG,29,radiopaedia_10_85902_3,radiopaedia_case_10,1,0.6,3835,2,1,1,3834,0,0.5
C50_FRG,29,radiopaedia_29_86490_1,radiopaedia_case_29,0,0.6,2939,2,0,0,2939,0,0.0
C50_FRG,29,radiopaedia_29_86491_1,radiopaedia_case_29,0,0.6,3586,3,0,1,3585,0,0.3333333333333333
C50_FRG,29,radiopaedia_36_86526_0,radiopaedia_case_36,2,0.6,14917,31,0,5,14912,0,0.16129032258064516
C50_FRG,29,radiopaedia_40_86625_0,radiopaedia_case_40,3,0.6,31378,9,1,1,31377,0,0.1111111111111111
C50_FRG,29,radiopaedia_4_85506_1,radiopaedia_case_4,1,0.6,1816,29,0,3,1813,0,0.10344827586206896
C50_FRG,29,radiopaedia_7_85703_0,radiopaedia_case_7,2,0.6,22982,4,0,0,22982,0,0.0
C50_FRG,29,coronacases_001,coronacases_001,3,0.65,19352,44,10,8,19343,1,0.18181818181818182
C50_FRG,29,coronacases_002,coronacases_002,0,0.65,4301,26,0,1,4300,0,0.038461538461538464
C50_FRG,29,coronacases_003,coronacases_003,3,0.65,16084,36,5,9,16075,0,0.25
C50_FRG,29,coronacases_005,coronacases_005,0,0.65,2240,2,1,0,2240,0,0.0
C50_FRG,29,coronacases_006,coronacases_006,2,0.65,12686,1,0,0,12686,0,0.0
C50_FRG,29,coronacases_007,coronacases_007,2,0.65,6742,7,0,2,6740,0,0.2857142857142857
C50_FRG,29,coronacases_009,coronacases_009,3,0.65,13821,8,2,3,13818,0,0.375
C50_FRG,29,coronacases_010,coronacases_010,1,0.65,1810,6,0,0,1810,0,0.0
C50_FRG,29,radiopaedia_10_85902_1,radiopaedia_case_10,1,0.65,1768,2,0,0,1768,0,0.0
C50_FRG,29,radiopaedia_10_85902_3,radiopaedia_case_10,1,0.65,3919,2,1,1,3918,0,0.5
C50_FRG,29,radiopaedia_29_86490_1,radiopaedia_case_29,0,0.65,3101,2,0,0,3101,0,0.0
C50_FRG,29,radiopaedia_29_86491_1,radiopaedia_case_29,0,0.65,3581,3,0,1,3580,0,0.3333333333333333
C50_FRG,29,radiopaedia_36_86526_0,radiopaedia_case_36,2,0.65,14371,31,0,5,14366,0,0.16129032258064516
C50_FRG,29,radiopaedia_40_86625_0,radiopaedia_case_40,3,0.65,32931,9,1,1,32930,0,0.1111111111111111
C50_FRG,29,radiopaedia_4_85506_1,radiopaedia_case_4,1,0.65,1868,29,0,3,1865,0,0.10344827586206896
C50_FRG,29,radiopaedia_7_85703_0,radiopaedia_case_7,2,0.65,22202,4,0,0,22202,0,0.0
C50_FRG,29,coronacases_001,coronacases_001,3,0.7,19670,44,10,11,19658,1,0.25
C50_FRG,29,coronacases_002,coronacases_002,0,0.7,4412,26,0,1,4411,0,0.038461538461538464
C50_FRG,29,coronacases_003,coronacases_003,3,0.7,15914,36,5,10,15904,0,0.2777777777777778
C50_FRG,29,coronacases_005,coronacases_005,0,0.7,2302,2,1,0,2302,0,0.0
C50_FRG,29,coronacases_006,coronacases_006,2,0.7,12027,1,0,0,12027,0,0.0
C50_FRG,29,coronacases_007,coronacases_007,2,0.7,6586,7,0,2,6584,0,0.2857142857142857
C50_FRG,29,coronacases_009,coronacases_009,3,0.7,13705,8,2,3,13702,0,0.375
C50_FRG,29,coronacases_010,coronacases_010,1,0.7,1750,6,0,0,1750,0,0.0
C50_FRG,29,radiopaedia_10_85902_1,radiopaedia_case_10,1,0.7,1709,2,0,0,1709,0,0.0
C50_FRG,29,radiopaedia_10_85902_3,radiopaedia_case_10,1,0.7,3896,2,1,1,3895,0,0.5
C50_FRG,29,radiopaedia_29_86490_1,radiopaedia_case_29,0,0.7,3167,2,0,0,3167,0,0.0
C50_FRG,29,radiopaedia_29_86491_1,radiopaedia_case_29,0,0.7,3581,3,0,1,3580,0,0.3333333333333333
C50_FRG,29,radiopaedia_36_86526_0,radiopaedia_case_36,2,0.7,13755,31,0,6,13749,0,0.1935483870967742
C50_FRG,29,radiopaedia_40_86625_0,radiopaedia_case_40,3,0.7,34596,9,1,1,34595,0,0.1111111111111111
C50_FRG,29,radiopaedia_4_85506_1,radiopaedia_case_4,1,0.7,1868,29,0,3,1865,0,0.10344827586206896
C50_FRG,29,radiopaedia_7_85703_0,radiopaedia_case_7,2,0.7,21171,4,0,0,21171,0,0.0
C50_FRG,29,coronacases_001,coronacases_001,3,0.75,20102,44,10,11,20090,1,0.25
C50_FRG,29,coronacases_002,coronacases_002,0,0.75,4551,26,0,1,4550,0,0.038461538461538464
C50_FRG,29,coronacases_003,coronacases_003,3,0.75,15649,36,5,11,15638,0,0.3055555555555556
C50_FRG,29,coronacases_005,coronacases_005,0,0.75,2508,2,1,0,2508,0,0.0
C50_FRG,29,coronacases_006,coronacases_006,2,0.75,11298,1,0,0,11298,0,0.0
C50_FRG,29,coronacases_007,coronacases_007,2,0.75,6376,7,0,2,6374,0,0.2857142857142857
C50_FRG,29,coronacases_009,coronacases_009,3,0.75,13637,8,2,3,13634,0,0.375
C50_FRG,29,coronacases_010,coronacases_010,1,0.75,1775,6,0,0,1775,0,0.0
C50_FRG,29,radiopaedia_10_85902_1,radiopaedia_case_10,1,0.75,1607,2,0,0,1607,0,0.0
C50_FRG,29,radiopaedia_10_85902_3,radiopaedia_case_10,1,0.75,3977,2,1,1,3976,0,0.5
C50_FRG,29,radiopaedia_29_86490_1,radiopaedia_case_29,0,0.75,3265,2,0,0,3265,0,0.0
C50_FRG,29,radiopaedia_29_86491_1,radiopaedia_case_29,0,0.75,3639,3,0,1,3638,0,0.3333333333333333
C50_FRG,29,radiopaedia_36_86526_0,radiopaedia_case_36,2,0.75,13166,31,0,9,13157,0,0.2903225806451613
C50_FRG,29,radiopaedia_40_86625_0,radiopaedia_case_40,3,0.75,36295,9,1,1,36294,0,0.1111111111111111
C50_FRG,29,radiopaedia_4_85506_1,radiopaedia_case_4,1,0.75,1939,29,0,3,1936,0,0.10344827586206896
C50_FRG,29,radiopaedia_7_85703_0,radiopaedia_case_7,2,0.75,20230,4,0,0,20230,0,0.0
C50_FRG,29,coronacases_001,coronacases_001,3,0.8,20249,44,10,11,20237,1,0.25
C50_FRG,29,coronacases_002,coronacases_002,0,0.8,4825,26,0,1,4824,0,0.038461538461538464
C50_FRG,29,coronacases_003,coronacases_003,3,0.8,15173,36,5,13,15160,0,0.3611111111111111
C50_FRG,29,coronacases_005,coronacases_005,0,0.8,2740,2,1,0,2740,0,0.0
C50_FRG,29,coronacases_006,coronacases_006,2,0.8,10548,1,0,0,10548,0,0.0
C50_FRG,29,coronacases_007,coronacases_007,2,0.8,6090,7,0,1,6089,0,0.14285714285714285
C50_FRG,29,coronacases_009,coronacases_009,3,0.8,13400,8,2,3,13397,0,0.375
C50_FRG,29,coronacases_010,coronacases_010,1,0.8,1799,6,0,1,1798,0,0.16666666666666666
C50_FRG,29,radiopaedia_10_85902_1,radiopaedia_case_10,1,0.8,1530,2,0,0,1530,0,0.0
C50_FRG,29,radiopaedia_10_85902_3,radiopaedia_case_10,1,0.8,4021,2,1,1,4020,0,0.5
C50_FRG,29,radiopaedia_29_86490_1,radiopaedia_case_29,0,0.8,3392,2,0,0,3392,0,0.0
C50_FRG,29,radiopaedia_29_86491_1,radiopaedia_case_29,0,0.8,3673,3,0,1,3672,0,0.3333333333333333
C50_FRG,29,radiopaedia_36_86526_0,radiopaedia_case_36,2,0.8,12388,31,0,9,12379,0,0.2903225806451613
C50_FRG,29,radiopaedia_40_86625_0,radiopaedia_case_40,3,0.8,38104,9,1,0,38104,0,0.0
C50_FRG,29,radiopaedia_4_85506_1,radiopaedia_case_4,1,0.8,2001,29,0,3,1998,0,0.10344827586206896
C50_FRG,29,radiopaedia_7_85703_0,radiopaedia_case_7,2,0.8,19081,4,0,0,19081,0,0.0
C50_FRG,29,coronacases_001,coronacases_001,3,0.85,20045,44,10,11,20033,1,0.25
C50_FRG,29,coronacases_002,coronacases_002,0,0.85,4938,26,0,1,4937,0,0.038461538461538464
C50_FRG,29,coronacases_003,coronacases_003,3,0.85,14536,36,5,13,14523,0,0.3611111111111111
C50_FRG,29,coronacases_005,coronacases_005,0,0.85,2967,2,1,0,2967,0,0.0
C50_FRG,29,coronacases_006,coronacases_006,2,0.85,9716,1,0,0,9716,0,0.0
C50_FRG,29,coronacases_007,coronacases_007,2,0.85,5814,7,0,1,5813,0,0.14285714285714285
C50_FRG,29,coronacases_009,coronacases_009,3,0.85,12837,8,2,3,12834,0,0.375
C50_FRG,29,coronacases_010,coronacases_010,1,0.85,1864,6,0,1,1863,0,0.16666666666666666
C50_FRG,29,radiopaedia_10_85902_1,radiopaedia_case_10,1,0.85,1457,2,0,0,1457,0,0.0
C50_FRG,29,radiopaedia_10_85902_3,radiopaedia_case_10,1,0.85,4087,2,1,1,4086,0,0.5
C50_FRG,29,radiopaedia_29_86490_1,radiopaedia_case_29,0,0.85,3716,2,0,0,3716,0,0.0
C50_FRG,29,radiopaedia_29_86491_1,radiopaedia_case_29,0,0.85,3796,3,0,1,3795,0,0.3333333333333333
C50_FRG,29,radiopaedia_36_86526_0,radiopaedia_case_36,2,0.85,11516,31,0,12,11504,0,0.3870967741935484
C50_FRG,29,radiopaedia_40_86625_0,radiopaedia_case_40,3,0.85,39836,9,1,0,39836,0,0.0
C50_FRG,29,radiopaedia_4_85506_1,radiopaedia_case_4,1,0.85,2002,29,0,3,1999,0,0.10344827586206896
C50_FRG,29,radiopaedia_7_85703_0,radiopaedia_case_7,2,0.85,17553,4,0,0,17553,0,0.0
C50_FRG,29,coronacases_001,coronacases_001,3,0.9,19153,44,10,10,19142,1,0.22727272727272727
C50_FRG,29,coronacases_002,coronacases_002,0,0.9,5122,26,0,2,5120,0,0.07692307692307693
C50_FRG,29,coronacases_003,coronacases_003,3,0.9,13687,36,5,12,13673,2,0.3333333333333333
C50_FRG,29,coronacases_005,coronacases_005,0,0.9,3242,2,1,0,3242,0,0.0
C50_FRG,29,coronacases_006,coronacases_006,2,0.9,8918,1,0,0,8918,0,0.0
C50_FRG,29,coronacases_007,coronacases_007,2,0.9,5464,7,0,2,5462,0,0.2857142857142857
C50_FRG,29,coronacases_009,coronacases_009,3,0.9,12308,8,2,3,12305,0,0.375
C50_FRG,29,coronacases_010,coronacases_010,1,0.9,1901,6,0,1,1900,0,0.16666666666666666
C50_FRG,29,radiopaedia_10_85902_1,radiopaedia_case_10,1,0.9,1374,2,0,0,1374,0,0.0
C50_FRG,29,radiopaedia_10_85902_3,radiopaedia_case_10,1,0.9,4224,2,1,1,4223,0,0.5
C50_FRG,29,radiopaedia_29_86490_1,radiopaedia_case_29,0,0.9,3960,2,0,1,3959,0,0.5
C50_FRG,29,radiopaedia_29_86491_1,radiopaedia_case_29,0,0.9,4010,3,0,1,4009,0,0.3333333333333333
C50_FRG,29,radiopaedia_36_86526_0,radiopaedia_case_36,2,0.9,10315,31,0,12,10303,0,0.3870967741935484
C50_FRG,29,radiopaedia_40_86625_0,radiopaedia_case_40,3,0.9,41563,9,1,0,41563,0,0.0
C50_FRG,29,radiopaedia_4_85506_1,radiopaedia_case_4,1,0.9,1994,29,0,5,1989,0,0.1724137931034483
C50_FRG,29,radiopaedia_7_85703_0,radiopaedia_case_7,2,0.9,15737,4,0,0,15737,0,0.0
C50_FRG,29,coronacases_001,coronacases_001,3,0.95,16914,44,10,8,16905,1,0.18181818181818182
C50_FRG,29,coronacases_002,coronacases_002,0,0.95,5244,26,0,3,5241,0,0.11538461538461539
C50_FRG,29,coronacases_003,coronacases_003,3,0.95,12394,36,5,13,12379,2,0.3611111111111111
C50_FRG,29,coronacases_005,coronacases_005,0,0.95,3957,2,1,0,3957,0,0.0
C50_FRG,29,coronacases_006,coronacases_006,2,0.95,8230,1,0,0,8230,0,0.0
C50_FRG,29,coronacases_007,coronacases_007,2,0.95,4900,7,0,2,4898,0,0.2857142857142857
C50_FRG,29,coronacases_009,coronacases_009,3,0.95,11724,8,2,3,11721,0,0.375
C50_FRG,29,coronacases_010,coronacases_010,1,0.95,1972,6,0,1,1971,0,0.16666666666666666
C50_FRG,29,radiopaedia_10_85902_1,radiopaedia_case_10,1,0.95,1374,2,0,1,1373,0,0.5
C50_FRG,29,radiopaedia_10_85902_3,radiopaedia_case_10,1,0.95,4540,2,1,1,4539,0,0.5
C50_FRG,29,radiopaedia_29_86490_1,radiopaedia_case_29,0,0.95,4619,2,0,1,4618,0,0.5
C50_FRG,29,radiopaedia_29_86491_1,radiopaedia_case_29,0,0.95,4551,3,0,1,4550,0,0.3333333333333333
C50_FRG,29,radiopaedia_36_86526_0,radiopaedia_case_36,2,0.95,8586,31,0,14,8572,0,0.45161290322580644
C50_FRG,29,radiopaedia_40_86625_0,radiopaedia_case_40,3,0.95,42510,9,1,0,42510,0,0.0
C50_FRG,29,radiopaedia_4_85506_1,radiopaedia_case_4,1,0.95,2447,29,0,5,2442,0,0.1724137931034483
C50_FRG,29,radiopaedia_7_85703_0,radiopaedia_case_7,2,0.95,12796,4,0,1,12795,0,0.25
C50_FRG,29,coronacases_001,coronacases_001,3,0.975,14739,44,10,10,14727,2,0.22727272727272727
C50_FRG,29,coronacases_002,coronacases_002,0,0.975,5446,26,0,4,5442,0,0.15384615384615385
C50_FRG,29,coronacases_003,coronacases_003,3,0.975,11329,36,5,13,11315,1,0.3611111111111111
C50_FRG,29,coronacases_005,coronacases_005,0,0.975,4738,2,1,0,4738,0,0.0
C50_FRG,29,coronacases_006,coronacases_006,2,0.975,7614,1,0,1,7613,0,1.0
C50_FRG,29,coronacases_007,coronacases_007,2,0.975,4549,7,0,2,4547,0,0.2857142857142857
C50_FRG,29,coronacases_009,coronacases_009,3,0.975,11074,8,2,3,11071,0,0.375
C50_FRG,29,coronacases_010,coronacases_010,1,0.975,2215,6,0,2,2213,0,0.3333333333333333
C50_FRG,29,radiopaedia_10_85902_1,radiopaedia_case_10,1,0.975,1404,2,0,1,1403,0,0.5
C50_FRG,29,radiopaedia_10_85902_3,radiopaedia_case_10,1,0.975,5027,2,1,1,5026,0,0.5
C50_FRG,29,radiopaedia_29_86490_1,radiopaedia_case_29,0,0.975,5235,2,0,2,5233,0,1.0
C50_FRG,29,radiopaedia_29_86491_1,radiopaedia_case_29,0,0.975,5122,3,0,1,5121,0,0.3333333333333333
C50_FRG,29,radiopaedia_36_86526_0,radiopaedia_case_36,2,0.975,6786,31,0,15,6771,0,0.4838709677419355
C50_FRG,29,radiopaedia_40_86625_0,radiopaedia_case_40,3,0.975,40920,9,1,1,40919,0,0.1111111111111111
C50_FRG,29,radiopaedia_4_85506_1,radiopaedia_case_4,1,0.975,2800,29,0,8,2792,0,0.27586206896551724
C50_FRG,29,radiopaedia_7_85703_0,radiopaedia_case_7,2,0.975,10323,4,0,3,10320,0,0.75
C50_FRG,29,coronacases_001,coronacases_001,3,0.99,12373,44,10,16,12355,2,0.36363636363636365
C50_FRG,29,coronacases_002,coronacases_002,0,0.99,5868,26,0,7,5861,0,0.2692307692307692
C50_FRG,29,coronacases_003,coronacases_003,3,0.99,9891,36,5,14,9876,1,0.3888888888888889
C50_FRG,29,coronacases_005,coronacases_005,0,0.99,5344,2,1,0,5344,0,0.0
C50_FRG,29,coronacases_006,coronacases_006,2,0.99,6884,1,0,1,6883,0,1.0
C50_FRG,29,coronacases_007,coronacases_007,2,0.99,4256,7,0,2,4254,0,0.2857142857142857
C50_FRG,29,coronacases_009,coronacases_009,3,0.99,10380,8,2,3,10377,0,0.375
C50_FRG,29,coronacases_010,coronacases_010,1,0.99,2567,6,0,3,2564,0,0.5
C50_FRG,29,radiopaedia_10_85902_1,radiopaedia_case_10,1,0.99,1638,2,0,1,1637,0,0.5
C50_FRG,29,radiopaedia_10_85902_3,radiopaedia_case_10,1,0.99,5873,2,1,1,5872,0,0.5
C50_FRG,29,radiopaedia_29_86490_1,radiopaedia_case_29,0,0.99,6025,2,0,1,6024,0,0.5
C50_FRG,29,radiopaedia_29_86491_1,radiopaedia_case_29,0,0.99,5766,3,0,2,5764,0,0.6666666666666666
C50_FRG,29,radiopaedia_36_86526_0,radiopaedia_case_36,2,0.99,5108,31,0,17,5091,0,0.5483870967741935
C50_FRG,29,radiopaedia_40_86625_0,radiopaedia_case_40,3,0.99,35495,9,1,2,35493,0,0.2222222222222222
C50_FRG,29,radiopaedia_4_85506_1,radiopaedia_case_4,1,0.99,3752,29,0,10,3742,0,0.3448275862068966
C50_FRG,29,radiopaedia_7_85703_0,radiopaedia_case_7,2,0.99,7953,4,0,4,7949,0,1.0
C50_FRG,29,coronacases_001,coronacases_001,3,0.995,10671,44,10,20,10649,2,0.45454545454545453
C50_FRG,29,coronacases_002,coronacases_002,0,0.995,6498,26,0,7,6491,0,0.2692307692307692
C50_FRG,29,coronacases_003,coronacases_003,3,0.995,8790,36,5,18,8772,0,0.5
C50_FRG,29,coronacases_005,coronacases_005,0,0.995,6034,2,1,0,6034,0,0.0
C50_FRG,29,coronacases_006,coronacases_006,2,0.995,6420,1,0,1,6419,0,1.0
C50_FRG,29,coronacases_007,coronacases_007,2,0.995,4253,7,0,4,4249,0,0.5714285714285714
C50_FRG,29,coronacases_009,coronacases_009,3,0.995,9655,8,2,3,9652,0,0.375
C50_FRG,29,coronacases_010,coronacases_010,1,0.995,2848,6,0,4,2844,0,0.6666666666666666
C50_FRG,29,radiopaedia_10_85902_1,radiopaedia_case_10,1,0.995,1908,2,0,1,1907,0,0.5
C50_FRG,29,radiopaedia_10_85902_3,radiopaedia_case_10,1,0.995,7061,2,1,1,7060,0,0.5
C50_FRG,29,radiopaedia_29_86490_1,radiopaedia_case_29,0,0.995,6529,2,0,1,6528,0,0.5
C50_FRG,29,radiopaedia_29_86491_1,radiopaedia_case_29,0,0.995,6222,3,0,2,6220,0,0.6666666666666666
C50_FRG,29,radiopaedia_36_86526_0,radiopaedia_case_36,2,0.995,4181,31,0,18,4163,0,0.5806451612903226
C50_FRG,29,radiopaedia_40_86625_0,radiopaedia_case_40,3,0.995,30236,9,1,2,30234,0,0.2222222222222222
C50_FRG,29,radiopaedia_4_85506_1,radiopaedia_case_4,1,0.995,4502,29,0,10,4492,0,0.3448275862068966
C50_FRG,29,radiopaedia_7_85703_0,radiopaedia_case_7,2,0.995,6864,4,0,4,6860,0,1.0
C50_FRG,29,coronacases_001,coronacases_001,3,1.000001,0,44,10,0,0,0,0.0
C50_FRG,29,coronacases_002,coronacases_002,0,1.000001,0,26,0,0,0,0,0.0
C50_FRG,29,coronacases_003,coronacases_003,3,1.000001,0,36,5,0,0,0,0.0
C50_FRG,29,coronacases_005,coronacases_005,0,1.000001,0,2,1,0,0,0,0.0
C50_FRG,29,coronacases_006,coronacases_006,2,1.000001,0,1,0,0,0,0,0.0
C50_FRG,29,coronacases_007,coronacases_007,2,1.000001,0,7,0,0,0,0,0.0
C50_FRG,29,coronacases_009,coronacases_009,3,1.000001,0,8,2,0,0,0,0.0
C50_FRG,29,coronacases_010,coronacases_010,1,1.000001,0,6,0,0,0,0,0.0
C50_FRG,29,radiopaedia_10_85902_1,radiopaedia_case_10,1,1.000001,0,2,0,0,0,0,0.0
C50_FRG,29,radiopaedia_10_85902_3,radiopaedia_case_10,1,1.000001,0,2,1,0,0,0,0.0
C50_FRG,29,radiopaedia_29_86490_1,radiopaedia_case_29,0,1.000001,0,2,0,0,0,0,0.0
C50_FRG,29,radiopaedia_29_86491_1,radiopaedia_case_29,0,1.000001,0,3,0,0,0,0,0.0
C50_FRG,29,radiopaedia_36_86526_0,radiopaedia_case_36,2,1.000001,0,31,0,0,0,0,0.0
C50_FRG,29,radiopaedia_40_86625_0,radiopaedia_case_40,3,1.000001,0,9,1,0,0,0,0.0
C50_FRG,29,radiopaedia_4_85506_1,radiopaedia_case_4,1,1.000001,0,29,0,0,0,0,0.0
C50_FRG,29,radiopaedia_7_85703_0,radiopaedia_case_7,2,1.000001,0,4,0,0,0,0,0.0
C50_FRG,43,coronacases_001,coronacases_001,3,0.05,1590,44,10,5,1584,1,0.11363636363636363
C50_FRG,43,coronacases_002,coronacases_002,0,0.05,2187,26,0,0,2187,0,0.0
C50_FRG,43,coronacases_003,coronacases_003,3,0.05,1170,36,5,6,1164,0,0.16666666666666666
C50_FRG,43,coronacases_005,coronacases_005,0,0.05,1916,2,1,0,1916,0,0.0
C50_FRG,43,coronacases_006,coronacases_006,2,0.05,3215,1,0,0,3215,0,0.0
C50_FRG,43,coronacases_007,coronacases_007,2,0.05,1779,7,0,0,1779,0,0.0
C50_FRG,43,coronacases_009,coronacases_009,3,0.05,1313,8,2,2,1311,0,0.25
C50_FRG,43,coronacases_010,coronacases_010,1,0.05,1040,6,0,0,1040,0,0.0
C50_FRG,43,radiopaedia_10_85902_1,radiopaedia_case_10,1,0.05,1881,2,0,0,1881,0,0.0
C50_FRG,43,radiopaedia_10_85902_3,radiopaedia_case_10,1,0.05,3394,2,1,0,3394,0,0.0
C50_FRG,43,radiopaedia_29_86490_1,radiopaedia_case_29,0,0.05,2530,2,0,0,2530,0,0.0
C50_FRG,43,radiopaedia_29_86491_1,radiopaedia_case_29,0,0.05,2865,3,0,0,2865,0,0.0
C50_FRG,43,radiopaedia_36_86526_0,radiopaedia_case_36,2,0.05,2230,31,0,0,2230,0,0.0
C50_FRG,43,radiopaedia_40_86625_0,radiopaedia_case_40,3,0.05,3041,9,1,1,3040,0,0.1111111111111111
C50_FRG,43,radiopaedia_4_85506_1,radiopaedia_case_4,1,0.05,1912,29,0,1,1911,0,0.034482758620689655
C50_FRG,43,radiopaedia_7_85703_0,radiopaedia_case_7,2,0.05,5097,4,0,0,5097,0,0.0
C50_FRG,43,coronacases_001,coronacases_001,3,0.1,1820,44,10,6,1813,1,0.13636363636363635
C50_FRG,43,coronacases_002,coronacases_002,0,0.1,3551,26,0,0,3551,0,0.0
C50_FRG,43,coronacases_003,coronacases_003,3,0.1,1182,36,5,7,1175,0,0.19444444444444445
C50_FRG,43,coronacases_005,coronacases_005,0,0.1,3222,2,1,0,3222,0,0.0
C50_FRG,43,coronacases_006,coronacases_006,2,0.1,3353,1,0,0,3353,0,0.0
C50_FRG,43,coronacases_007,coronacases_007,2,0.1,1873,7,0,0,1873,0,0.0
C50_FRG,43,coronacases_009,coronacases_009,3,0.1,1441,8,2,2,1439,0,0.25
C50_FRG,43,coronacases_010,coronacases_010,1,0.1,1167,6,0,0,1167,0,0.0
C50_FRG,43,radiopaedia_10_85902_1,radiopaedia_case_10,1,0.1,1938,2,0,0,1938,0,0.0
C50_FRG,43,radiopaedia_10_85902_3,radiopaedia_case_10,1,0.1,3749,2,1,1,3748,0,0.5
C50_FRG,43,radiopaedia_29_86490_1,radiopaedia_case_29,0,0.1,3592,2,0,0,3592,0,0.0
C50_FRG,43,radiopaedia_29_86491_1,radiopaedia_case_29,0,0.1,2851,3,0,0,2851,0,0.0
C50_FRG,43,radiopaedia_36_86526_0,radiopaedia_case_36,2,0.1,2911,31,0,0,2911,0,0.0
C50_FRG,43,radiopaedia_40_86625_0,radiopaedia_case_40,3,0.1,3309,9,1,1,3308,0,0.1111111111111111
C50_FRG,43,radiopaedia_4_85506_1,radiopaedia_case_4,1,0.1,2066,29,0,1,2065,0,0.034482758620689655
C50_FRG,43,radiopaedia_7_85703_0,radiopaedia_case_7,2,0.1,5557,4,0,0,5557,0,0.0
C50_FRG,43,coronacases_001,coronacases_001,3,0.15,1743,44,10,7,1735,1,0.1590909090909091
C50_FRG,43,coronacases_002,coronacases_002,0,0.15,5233,26,0,0,5233,0,0.0
C50_FRG,43,coronacases_003,coronacases_003,3,0.15,1228,36,5,8,1220,0,0.2222222222222222
C50_FRG,43,coronacases_005,coronacases_005,0,0.15,4368,2,1,0,4368,0,0.0
C50_FRG,43,coronacases_006,coronacases_006,2,0.15,3482,1,0,0,3482,0,0.0
C50_FRG,43,coronacases_007,coronacases_007,2,0.15,2127,7,0,0,2127,0,0.0
C50_FRG,43,coronacases_009,coronacases_009,3,0.15,1480,8,2,2,1478,0,0.25
C50_FRG,43,coronacases_010,coronacases_010,1,0.15,1365,6,0,0,1365,0,0.0
C50_FRG,43,radiopaedia_10_85902_1,radiopaedia_case_10,1,0.15,1899,2,0,1,1898,0,0.5
C50_FRG,43,radiopaedia_10_85902_3,radiopaedia_case_10,1,0.15,4090,2,1,1,4089,0,0.5
C50_FRG,43,radiopaedia_29_86490_1,radiopaedia_case_29,0,0.15,4720,2,0,0,4720,0,0.0
C50_FRG,43,radiopaedia_29_86491_1,radiopaedia_case_29,0,0.15,3226,3,0,0,3226,0,0.0
C50_FRG,43,radiopaedia_36_86526_0,radiopaedia_case_36,2,0.15,3509,31,0,0,3509,0,0.0
C50_FRG,43,radiopaedia_40_86625_0,radiopaedia_case_40,3,0.15,3314,9,1,1,3313,0,0.1111111111111111
C50_FRG,43,radiopaedia_4_85506_1,radiopaedia_case_4,1,0.15,1720,29,0,1,1719,0,0.034482758620689655
C50_FRG,43,radiopaedia_7_85703_0,radiopaedia_case_7,2,0.15,5509,4,0,0,5509,0,0.0
C50_FRG,43,coronacases_001,coronacases_001,3,0.2,1698,44,10,7,1690,1,0.1590909090909091
C50_FRG,43,coronacases_002,coronacases_002,0,0.2,6886,26,0,0,6886,0,0.0
C50_FRG,43,coronacases_003,coronacases_003,3,0.2,1164,36,5,8,1156,0,0.2222222222222222
C50_FRG,43,coronacases_005,coronacases_005,0,0.2,5448,2,1,0,5448,0,0.0
C50_FRG,43,coronacases_006,coronacases_006,2,0.2,3423,1,0,0,3423,0,0.0
C50_FRG,43,coronacases_007,coronacases_007,2,0.2,2177,7,0,0,2177,0,0.0
C50_FRG,43,coronacases_009,coronacases_009,3,0.2,1538,8,2,1,1537,0,0.125
C50_FRG,43,coronacases_010,coronacases_010,1,0.2,1530,6,0,0,1530,0,0.0
C50_FRG,43,radiopaedia_10_85902_1,radiopaedia_case_10,1,0.2,1945,2,0,1,1944,0,0.5
C50_FRG,43,radiopaedia_10_85902_3,radiopaedia_case_10,1,0.2,4350,2,1,1,4349,0,0.5
C50_FRG,43,radiopaedia_29_86490_1,radiopaedia_case_29,0,0.2,5932,2,0,0,5932,0,0.0
C50_FRG,43,radiopaedia_29_86491_1,radiopaedia_case_29,0,0.2,3690,3,0,0,3690,0,0.0
C50_FRG,43,radiopaedia_36_86526_0,radiopaedia_case_36,2,0.2,3954,31,0,1,3953,0,0.03225806451612903
C50_FRG,43,radiopaedia_40_86625_0,radiopaedia_case_40,3,0.2,3442,9,1,1,3441,0,0.1111111111111111
C50_FRG,43,radiopaedia_4_85506_1,radiopaedia_case_4,1,0.2,1753,29,0,2,1751,0,0.06896551724137931
C50_FRG,43,radiopaedia_7_85703_0,radiopaedia_case_7,2,0.2,5312,4,0,0,5312,0,0.0
C50_FRG,43,coronacases_001,coronacases_001,3,0.25,1674,44,10,10,1664,0,0.22727272727272727
C50_FRG,43,coronacases_002,coronacases_002,0,0.25,8597,26,0,0,8597,0,0.0
C50_FRG,43,coronacases_003,coronacases_003,3,0.25,1113,36,5,8,1105,0,0.2222222222222222
C50_FRG,43,coronacases_005,coronacases_005,0,0.25,6424,2,1,0,6424,0,0.0
C50_FRG,43,coronacases_006,coronacases_006,2,0.25,3317,1,0,0,3317,0,0.0
C50_FRG,43,coronacases_007,coronacases_007,2,0.25,2113,7,0,0,2113,0,0.0
C50_FRG,43,coronacases_009,coronacases_009,3,0.25,1533,8,2,1,1532,0,0.125
C50_FRG,43,coronacases_010,coronacases_010,1,0.25,1752,6,0,0,1752,0,0.0
C50_FRG,43,radiopaedia_10_85902_1,radiopaedia_case_10,1,0.25,1982,2,0,1,1981,0,0.5
C50_FRG,43,radiopaedia_10_85902_3,radiopaedia_case_10,1,0.25,4619,2,1,1,4618,0,0.5
C50_FRG,43,radiopaedia_29_86490_1,radiopaedia_case_29,0,0.25,7387,2,0,0,7387,0,0.0
C50_FRG,43,radiopaedia_29_86491_1,radiopaedia_case_29,0,0.25,4550,3,0,0,4550,0,0.0
C50_FRG,43,radiopaedia_36_86526_0,radiopaedia_case_36,2,0.25,4032,31,0,1,4031,0,0.03225806451612903
C50_FRG,43,radiopaedia_40_86625_0,radiopaedia_case_40,3,0.25,3402,9,1,1,3401,0,0.1111111111111111
C50_FRG,43,radiopaedia_4_85506_1,radiopaedia_case_4,1,0.25,1786,29,0,2,1784,0,0.06896551724137931
C50_FRG,43,radiopaedia_7_85703_0,radiopaedia_case_7,2,0.25,5120,4,0,0,5120,0,0.0
C50_FRG,43,coronacases_001,coronacases_001,3,0.3,1711,44,10,10,1701,0,0.22727272727272727
C50_FRG,43,coronacases_002,coronacases_002,0,0.3,10058,26,0,0,10058,0,0.0
C50_FRG,43,coronacases_003,coronacases_003,3,0.3,1100,36,5,8,1092,0,0.2222222222222222
C50_FRG,43,coronacases_005,coronacases_005,0,0.3,7235,2,1,0,7235,0,0.0
C50_FRG,43,coronacases_006,coronacases_006,2,0.3,3279,1,0,0,3279,0,0.0
C50_FRG,43,coronacases_007,coronacases_007,2,0.3,2067,7,0,0,2067,0,0.0
C50_FRG,43,coronacases_009,coronacases_009,3,0.3,1574,8,2,1,1573,0,0.125
C50_FRG,43,coronacases_010,coronacases_010,1,0.3,2004,6,0,0,2004,0,0.0
C50_FRG,43,radiopaedia_10_85902_1,radiopaedia_case_10,1,0.3,2024,2,0,1,2023,0,0.5
C50_FRG,43,radiopaedia_10_85902_3,radiopaedia_case_10,1,0.3,4833,2,1,1,4832,0,0.5
C50_FRG,43,radiopaedia_29_86490_1,radiopaedia_case_29,0,0.3,8926,2,0,0,8926,0,0.0
C50_FRG,43,radiopaedia_29_86491_1,radiopaedia_case_29,0,0.3,5637,3,0,0,5637,0,0.0
C50_FRG,43,radiopaedia_36_86526_0,radiopaedia_case_36,2,0.3,4152,31,0,1,4151,0,0.03225806451612903
C50_FRG,43,radiopaedia_40_86625_0,radiopaedia_case_40,3,0.3,3391,9,1,1,3390,0,0.1111111111111111
C50_FRG,43,radiopaedia_4_85506_1,radiopaedia_case_4,1,0.3,1903,29,0,2,1901,0,0.06896551724137931
C50_FRG,43,radiopaedia_7_85703_0,radiopaedia_case_7,2,0.3,4909,4,0,0,4909,0,0.0
C50_FRG,43,coronacases_001,coronacases_001,3,0.35,1633,44,10,11,1622,0,0.25
C50_FRG,43,coronacases_002,coronacases_002,0,0.35,11315,26,0,0,11315,0,0.0
C50_FRG,43,coronacases_003,coronacases_003,3,0.35,1059,36,5,9,1050,0,0.25
C50_FRG,43,coronacases_005,coronacases_005,0,0.35,7832,2,1,0,7832,0,0.0
C50_FRG,43,coronacases_006,coronacases_006,2,0.35,3233,1,0,0,3233,0,0.0
C50_FRG,43,coronacases_007,coronacases_007,2,0.35,1997,7,0,0,1997,0,0.0
C50_FRG,43,coronacases_009,coronacases_009,3,0.35,1538,8,2,1,1537,0,0.125
C50_FRG,43,coronacases_010,coronacases_010,1,0.35,2226,6,0,0,2226,0,0.0
C50_FRG,43,radiopaedia_10_85902_1,radiopaedia_case_10,1,0.35,1980,2,0,1,1979,0,0.5
C50_FRG,43,radiopaedia_10_85902_3,radiopaedia_case_10,1,0.35,5027,2,1,1,5026,0,0.5
C50_FRG,43,radiopaedia_29_86490_1,radiopaedia_case_29,0,0.35,10694,2,0,0,10694,0,0.0
C50_FRG,43,radiopaedia_29_86491_1,radiopaedia_case_29,0,0.35,6962,3,0,0,6962,0,0.0
C50_FRG,43,radiopaedia_36_86526_0,radiopaedia_case_36,2,0.35,4127,31,0,1,4126,0,0.03225806451612903
C50_FRG,43,radiopaedia_40_86625_0,radiopaedia_case_40,3,0.35,3327,9,1,1,3326,0,0.1111111111111111
C50_FRG,43,radiopaedia_4_85506_1,radiopaedia_case_4,1,0.35,2008,29,0,2,2006,0,0.06896551724137931
C50_FRG,43,radiopaedia_7_85703_0,radiopaedia_case_7,2,0.35,4639,4,0,0,4639,0,0.0
C50_FRG,43,coronacases_001,coronacases_001,3,0.4,1649,44,10,12,1637,0,0.2727272727272727
C50_FRG,43,coronacases_002,coronacases_002,0,0.4,12610,26,0,0,12610,0,0.0
C50_FRG,43,coronacases_003,coronacases_003,3,0.4,1041,36,5,9,1032,0,0.25
C50_FRG,43,coronacases_005,coronacases_005,0,0.4,8313,2,1,0,8313,0,0.0
C50_FRG,43,coronacases_006,coronacases_006,2,0.4,3300,1,0,0,3300,0,0.0
C50_FRG,43,coronacases_007,coronacases_007,2,0.4,2011,7,0,0,2011,0,0.0
C50_FRG,43,coronacases_009,coronacases_009,3,0.4,1556,8,2,1,1555,0,0.125
C50_FRG,43,coronacases_010,coronacases_010,1,0.4,2512,6,0,0,2512,0,0.0
C50_FRG,43,radiopaedia_10_85902_1,radiopaedia_case_10,1,0.4,2057,2,0,1,2056,0,0.5
C50_FRG,43,radiopaedia_10_85902_3,radiopaedia_case_10,1,0.4,5285,2,1,1,5284,0,0.5
C50_FRG,43,radiopaedia_29_86490_1,radiopaedia_case_29,0,0.4,12424,2,0,0,12424,0,0.0
C50_FRG,43,radiopaedia_29_86491_1,radiopaedia_case_29,0,0.4,8659,3,0,0,8659,0,0.0
C50_FRG,43,radiopaedia_36_86526_0,radiopaedia_case_36,2,0.4,4084,31,0,3,4081,0,0.0967741935483871
C50_FRG,43,radiopaedia_40_86625_0,radiopaedia_case_40,3,0.4,3373,9,1,1,3372,0,0.1111111111111111
C50_FRG,43,radiopaedia_4_85506_1,radiopaedia_case_4,1,0.4,2133,29,0,2,2131,0,0.06896551724137931
C50_FRG,43,radiopaedia_7_85703_0,radiopaedia_case_7,2,0.4,4453,4,0,0,4453,0,0.0
C50_FRG,43,coronacases_001,coronacases_001,3,0.45,1641,44,10,12,1629,0,0.2727272727272727
C50_FRG,43,coronacases_002,coronacases_002,0,0.45,13804,26,0,0,13804,0,0.0
C50_FRG,43,coronacases_003,coronacases_003,3,0.45,1025,36,5,10,1015,0,0.2777777777777778
C50_FRG,43,coronacases_005,coronacases_005,0,0.45,8787,2,1,0,8787,0,0.0
C50_FRG,43,coronacases_006,coronacases_006,2,0.45,3294,1,0,0,3294,0,0.0
C50_FRG,43,coronacases_007,coronacases_007,2,0.45,2012,7,0,0,2012,0,0.0
C50_FRG,43,coronacases_009,coronacases_009,3,0.45,1575,8,2,1,1574,0,0.125
C50_FRG,43,coronacases_010,coronacases_010,1,0.45,2908,6,0,0,2908,0,0.0
C50_FRG,43,radiopaedia_10_85902_1,radiopaedia_case_10,1,0.45,2010,2,0,1,2009,0,0.5
C50_FRG,43,radiopaedia_10_85902_3,radiopaedia_case_10,1,0.45,5470,2,1,1,5469,0,0.5
C50_FRG,43,radiopaedia_29_86490_1,radiopaedia_case_29,0,0.45,13986,2,0,0,13986,0,0.0
C50_FRG,43,radiopaedia_29_86491_1,radiopaedia_case_29,0,0.45,10619,3,0,0,10619,0,0.0
C50_FRG,43,radiopaedia_36_86526_0,radiopaedia_case_36,2,0.45,3920,31,0,3,3917,0,0.0967741935483871
C50_FRG,43,radiopaedia_40_86625_0,radiopaedia_case_40,3,0.45,3290,9,1,1,3289,0,0.1111111111111111
C50_FRG,43,radiopaedia_4_85506_1,radiopaedia_case_4,1,0.45,2399,29,0,2,2397,0,0.06896551724137931
C50_FRG,43,radiopaedia_7_85703_0,radiopaedia_case_7,2,0.45,4249,4,0,0,4249,0,0.0
C50_FRG,43,coronacases_001,coronacases_001,3,0.5,1605,44,10,13,1592,0,0.29545454545454547
C50_FRG,43,coronacases_002,coronacases_002,0,0.5,14916,26,0,1,14915,0,0.038461538461538464
C50_FRG,43,coronacases_003,coronacases_003,3,0.5,1048,36,5,10,1038,0,0.2777777777777778
C50_FRG,43,coronacases_005,coronacases_005,0,0.5,9068,2,1,0,9068,0,0.0
C50_FRG,43,coronacases_006,coronacases_006,2,0.5,3256,1,0,0,3256,0,0.0
C50_FRG,43,coronacases_007,coronacases_007,2,0.5,2042,7,0,0,2042,0,0.0
C50_FRG,43,coronacases_009,coronacases_009,3,0.5,1596,8,2,1,1595,0,0.125
C50_FRG,43,coronacases_010,coronacases_010,1,0.5,3297,6,0,0,3297,0,0.0
C50_FRG,43,radiopaedia_10_85902_1,radiopaedia_case_10,1,0.5,2022,2,0,1,2021,0,0.5
C50_FRG,43,radiopaedia_10_85902_3,radiopaedia_case_10,1,0.5,5645,2,1,1,5644,0,0.5
C50_FRG,43,radiopaedia_29_86490_1,radiopaedia_case_29,0,0.5,15588,2,0,0,15588,0,0.0
C50_FRG,43,radiopaedia_29_86491_1,radiopaedia_case_29,0,0.5,12690,3,0,0,12690,0,0.0
C50_FRG,43,radiopaedia_36_86526_0,radiopaedia_case_36,2,0.5,3734,31,0,2,3732,0,0.06451612903225806
C50_FRG,43,radiopaedia_40_86625_0,radiopaedia_case_40,3,0.5,3250,9,1,1,3249,0,0.1111111111111111
C50_FRG,43,radiopaedia_4_85506_1,radiopaedia_case_4,1,0.5,2681,29,0,2,2679,0,0.06896551724137931
C50_FRG,43,radiopaedia_7_85703_0,radiopaedia_case_7,2,0.5,4030,4,0,1,4029,0,0.25
C50_FRG,43,coronacases_001,coronacases_001,3,0.55,1593,44,10,13,1580,0,0.29545454545454547
C50_FRG,43,coronacases_002,coronacases_002,0,0.55,15724,26,0,1,15723,0,0.038461538461538464
C50_FRG,43,coronacases_003,coronacases_003,3,0.55,1072,36,5,9,1063,0,0.25
C50_FRG,43,coronacases_005,coronacases_005,0,0.55,9298,2,1,0,9298,0,0.0
C50_FRG,43,coronacases_006,coronacases_006,2,0.55,3231,1,0,0,3231,0,0.0
C50_FRG,43,coronacases_007,coronacases_007,2,0.55,2057,7,0,0,2057,0,0.0
C50_FRG,43,coronacases_009,coronacases_009,3,0.55,1570,8,2,1,1569,0,0.125
C50_FRG,43,coronacases_010,coronacases_010,1,0.55,3679,6,0,0,3679,0,0.0
C50_FRG,43,radiopaedia_10_85902_1,radiopaedia_case_10,1,0.55,2113,2,0,1,2112,0,0.5
C50_FRG,43,radiopaedia_10_85902_3,radiopaedia_case_10,1,0.55,5934,2,1,1,5933,0,0.5
C50_FRG,43,radiopaedia_29_86490_1,radiopaedia_case_29,0,0.55,17214,2,0,0,17214,0,0.0
C50_FRG,43,radiopaedia_29_86491_1,radiopaedia_case_29,0,0.55,15144,3,0,0,15144,0,0.0
C50_FRG,43,radiopaedia_36_86526_0,radiopaedia_case_36,2,0.55,3537,31,0,2,3535,0,0.06451612903225806
C50_FRG,43,radiopaedia_40_86625_0,radiopaedia_case_40,3,0.55,3151,9,1,1,3150,0,0.1111111111111111
C50_FRG,43,radiopaedia_4_85506_1,radiopaedia_case_4,1,0.55,3043,29,0,2,3041,0,0.06896551724137931
C50_FRG,43,radiopaedia_7_85703_0,radiopaedia_case_7,2,0.55,3869,4,0,1,3868,0,0.25
C50_FRG,43,coronacases_001,coronacases_001,3,0.6,1633,44,10,13,1620,0,0.29545454545454547
C50_FRG,43,coronacases_002,coronacases_002,0,0.6,16518,26,0,1,16517,0,0.038461538461538464
C50_FRG,43,coronacases_003,coronacases_003,3,0.6,1111,36,5,9,1102,0,0.25
C50_FRG,43,coronacases_005,coronacases_005,0,0.6,9501,2,1,0,9501,0,0.0
C50_FRG,43,coronacases_006,coronacases_006,2,0.6,3157,1,0,0,3157,0,0.0
C50_FRG,43,coronacases_007,coronacases_007,2,0.6,2082,7,0,0,2082,0,0.0
C50_FRG,43,coronacases_009,coronacases_009,3,0.6,1594,8,2,1,1593,0,0.125
C50_FRG,43,coronacases_010,coronacases_010,1,0.6,4175,6,0,0,4175,0,0.0
C50_FRG,43,radiopaedia_10_85902_1,radiopaedia_case_10,1,0.6,2301,2,0,1,2300,0,0.5
C50_FRG,43,radiopaedia_10_85902_3,radiopaedia_case_10,1,0.6,6347,2,1,1,6346,0,0.5
C50_FRG,43,radiopaedia_29_86490_1,radiopaedia_case_29,0,0.6,18969,2,0,0,18969,0,0.0
C50_FRG,43,radiopaedia_29_86491_1,radiopaedia_case_29,0,0.6,17879,3,0,0,17879,0,0.0
C50_FRG,43,radiopaedia_36_86526_0,radiopaedia_case_36,2,0.6,3434,31,0,2,3432,0,0.06451612903225806
C50_FRG,43,radiopaedia_40_86625_0,radiopaedia_case_40,3,0.6,3156,9,1,1,3155,0,0.1111111111111111
C50_FRG,43,radiopaedia_4_85506_1,radiopaedia_case_4,1,0.6,3404,29,0,3,3401,0,0.10344827586206896
C50_FRG,43,radiopaedia_7_85703_0,radiopaedia_case_7,2,0.6,3766,4,0,1,3765,0,0.25
C50_FRG,43,coronacases_001,coronacases_001,3,0.65,1621,44,10,12,1609,0,0.2727272727272727
C50_FRG,43,coronacases_002,coronacases_002,0,0.65,17198,26,0,1,17197,0,0.038461538461538464
C50_FRG,43,coronacases_003,coronacases_003,3,0.65,1177,36,5,9,1168,0,0.25
C50_FRG,43,coronacases_005,coronacases_005,0,0.65,9591,2,1,0,9591,0,0.0
C50_FRG,43,coronacases_006,coronacases_006,2,0.65,3071,1,0,0,3071,0,0.0
C50_FRG,43,coronacases_007,coronacases_007,2,0.65,2140,7,0,0,2140,0,0.0
C50_FRG,43,coronacases_009,coronacases_009,3,0.65,1595,8,2,1,1594,0,0.125
C50_FRG,43,coronacases_010,coronacases_010,1,0.65,4770,6,0,0,4770,0,0.0
C50_FRG,43,radiopaedia_10_85902_1,radiopaedia_case_10,1,0.65,2486,2,0,1,2485,0,0.5
C50_FRG,43,radiopaedia_10_85902_3,radiopaedia_case_10,1,0.65,6867,2,1,1,6866,0,0.5
C50_FRG,43,radiopaedia_29_86490_1,radiopaedia_case_29,0,0.65,20489,2,0,0,20489,0,0.0
C50_FRG,43,radiopaedia_29_86491_1,radiopaedia_case_29,0,0.65,20856,3,0,0,20856,0,0.0
C50_FRG,43,radiopaedia_36_86526_0,radiopaedia_case_36,2,0.65,3312,31,0,2,3310,0,0.06451612903225806
C50_FRG,43,radiopaedia_40_86625_0,radiopaedia_case_40,3,0.65,3179,9,1,1,3178,0,0.1111111111111111
C50_FRG,43,radiopaedia_4_85506_1,radiopaedia_case_4,1,0.65,3906,29,0,3,3903,0,0.10344827586206896
C50_FRG,43,radiopaedia_7_85703_0,radiopaedia_case_7,2,0.65,3709,4,0,1,3708,0,0.25
C50_FRG,43,coronacases_001,coronacases_001,3,0.7,1587,44,10,13,1573,1,0.29545454545454547
C50_FRG,43,coronacases_002,coronacases_002,0,0.7,17616,26,0,1,17615,0,0.038461538461538464
C50_FRG,43,coronacases_003,coronacases_003,3,0.7,1200,36,5,10,1190,0,0.2777777777777778
C50_FRG,43,coronacases_005,coronacases_005,0,0.7,9516,2,1,0,9516,0,0.0
C50_FRG,43,coronacases_006,coronacases_006,2,0.7,3015,1,0,0,3015,0,0.0
C50_FRG,43,coronacases_007,coronacases_007,2,0.7,2196,7,0,0,2196,0,0.0
C50_FRG,43,coronacases_009,coronacases_009,3,0.7,1542,8,2,1,1541,0,0.125
C50_FRG,43,coronacases_010,coronacases_010,1,0.7,5451,6,0,0,5451,0,0.0
C50_FRG,43,radiopaedia_10_85902_1,radiopaedia_case_10,1,0.7,2781,2,0,1,2780,0,0.5
C50_FRG,43,radiopaedia_10_85902_3,radiopaedia_case_10,1,0.7,7707,2,1,1,7706,0,0.5
C50_FRG,43,radiopaedia_29_86490_1,radiopaedia_case_29,0,0.7,21875,2,0,0,21875,0,0.0
C50_FRG,43,radiopaedia_29_86491_1,radiopaedia_case_29,0,0.7,24102,3,0,0,24102,0,0.0
C50_FRG,43,radiopaedia_36_86526_0,radiopaedia_case_36,2,0.7,3061,31,0,2,3059,0,0.06451612903225806
C50_FRG,43,radiopaedia_40_86625_0,radiopaedia_case_40,3,0.7,3004,9,1,1,3003,0,0.1111111111111111
C50_FRG,43,radiopaedia_4_85506_1,radiopaedia_case_4,1,0.7,4793,29,0,5,4788,0,0.1724137931034483
C50_FRG,43,radiopaedia_7_85703_0,radiopaedia_case_7,2,0.7,3654,4,0,1,3653,0,0.25
C50_FRG,43,coronacases_001,coronacases_001,3,0.75,1656,44,10,13,1643,0,0.29545454545454547
C50_FRG,43,coronacases_002,coronacases_002,0,0.75,18041,26,0,1,18040,0,0.038461538461538464
C50_FRG,43,coronacases_003,coronacases_003,3,0.75,1190,36,5,8,1182,0,0.2222222222222222
C50_FRG,43,coronacases_005,coronacases_005,0,0.75,9421,2,1,0,9421,0,0.0
C50_FRG,43,coronacases_006,coronacases_006,2,0.75,2956,1,0,0,2956,0,0.0
C50_FRG,43,coronacases_007,coronacases_007,2,0.75,2192,7,0,0,2192,0,0.0
C50_FRG,43,coronacases_009,coronacases_009,3,0.75,1536,8,2,1,1535,0,0.125
C50_FRG,43,coronacases_010,coronacases_010,1,0.75,6263,6,0,0,6263,0,0.0
C50_FRG,43,radiopaedia_10_85902_1,radiopaedia_case_10,1,0.75,3230,2,0,1,3229,0,0.5
C50_FRG,43,radiopaedia_10_85902_3,radiopaedia_case_10,1,0.75,8793,2,1,1,8792,0,0.5
C50_FRG,43,radiopaedia_29_86490_1,radiopaedia_case_29,0,0.75,23035,2,0,0,23035,0,0.0
C50_FRG,43,radiopaedia_29_86491_1,radiopaedia_case_29,0,0.75,27558,3,0,0,27558,0,0.0
C50_FRG,43,radiopaedia_36_86526_0,radiopaedia_case_36,2,0.75,2901,31,0,2,2899,0,0.06451612903225806
C50_FRG,43,radiopaedia_40_86625_0,radiopaedia_case_40,3,0.75,2934,9,1,0,2934,0,0.0
C50_FRG,43,radiopaedia_4_85506_1,radiopaedia_case_4,1,0.75,6280,29,0,6,6274,0,0.20689655172413793
C50_FRG,43,radiopaedia_7_85703_0,radiopaedia_case_7,2,0.75,3522,4,0,1,3521,0,0.25
C50_FRG,43,coronacases_001,coronacases_001,3,0.8,1733,44,10,16,1717,0,0.36363636363636365
C50_FRG,43,coronacases_002,coronacases_002,0,0.8,18341,26,0,1,18340,0,0.038461538461538464
C50_FRG,43,coronacases_003,coronacases_003,3,0.8,1147,36,5,8,1139,0,0.2222222222222222
C50_FRG,43,coronacases_005,coronacases_005,0,0.8,9148,2,1,0,9148,0,0.0
C50_FRG,43,coronacases_006,coronacases_006,2,0.8,2927,1,0,0,2927,0,0.0
C50_FRG,43,coronacases_007,coronacases_007,2,0.8,2269,7,0,0,2269,0,0.0
C50_FRG,43,coronacases_009,coronacases_009,3,0.8,1517,8,2,1,1516,0,0.125
C50_FRG,43,coronacases_010,coronacases_010,1,0.8,7197,6,0,0,7197,0,0.0
C50_FRG,43,radiopaedia_10_85902_1,radiopaedia_case_10,1,0.8,3848,2,0,1,3847,0,0.5
C50_FRG,43,radiopaedia_10_85902_3,radiopaedia_case_10,1,0.8,10374,2,1,1,10373,0,0.5
C50_FRG,43,radiopaedia_29_86490_1,radiopaedia_case_29,0,0.8,23679,2,0,0,23679,0,0.0
C50_FRG,43,radiopaedia_29_86491_1,radiopaedia_case_29,0,0.8,30970,3,0,0,30970,0,0.0
C50_FRG,43,radiopaedia_36_86526_0,radiopaedia_case_36,2,0.8,2727,31,0,2,2725,0,0.06451612903225806
C50_FRG,43,radiopaedia_40_86625_0,radiopaedia_case_40,3,0.8,2868,9,1,0,2868,0,0.0
C50_FRG,43,radiopaedia_4_85506_1,radiopaedia_case_4,1,0.8,8479,29,0,6,8473,0,0.20689655172413793
C50_FRG,43,radiopaedia_7_85703_0,radiopaedia_case_7,2,0.8,3493,4,0,1,3492,0,0.25
C50_FRG,43,coronacases_001,coronacases_001,3,0.85,1695,44,10,16,1679,0,0.36363636363636365
C50_FRG,43,coronacases_002,coronacases_002,0,0.85,18461,26,0,2,18459,0,0.07692307692307693
C50_FRG,43,coronacases_003,coronacases_003,3,0.85,1238,36,5,8,1230,0,0.2222222222222222
C50_FRG,43,coronacases_005,coronacases_005,0,0.85,8792,2,1,0,8792,0,0.0
C50_FRG,43,coronacases_006,coronacases_006,2,0.85,2944,1,0,0,2944,0,0.0
C50_FRG,43,coronacases_007,coronacases_007,2,0.85,2300,7,0,0,2300,0,0.0
C50_FRG,43,coronacases_009,coronacases_009,3,0.85,1524,8,2,3,1521,0,0.375
C50_FRG,43,coronacases_010,coronacases_010,1,0.85,8464,6,0,0,8464,0,0.0
C50_FRG,43,radiopaedia_10_85902_1,radiopaedia_case_10,1,0.85,5075,2,0,1,5074,0,0.5
C50_FRG,43,radiopaedia_10_85902_3,radiopaedia_case_10,1,0.85,12596,2,1,1,12595,0,0.5
C50_FRG,43,radiopaedia_29_86490_1,radiopaedia_case_29,0,0.85,23441,2,0,0,23441,0,0.0
C50_FRG,43,radiopaedia_29_86491_1,radiopaedia_case_29,0,0.85,34062,3,0,0,34062,0,0.0
C50_FRG,43,radiopaedia_36_86526_0,radiopaedia_case_36,2,0.85,2616,31,0,3,2613,0,0.0967741935483871
C50_FRG,43,radiopaedia_40_86625_0,radiopaedia_case_40,3,0.85,2648,9,1,0,2648,0,0.0
C50_FRG,43,radiopaedia_4_85506_1,radiopaedia_case_4,1,0.85,12365,29,0,6,12359,0,0.20689655172413793
C50_FRG,43,radiopaedia_7_85703_0,radiopaedia_case_7,2,0.85,3381,4,0,1,3380,0,0.25
C50_FRG,43,coronacases_001,coronacases_001,3,0.9,1872,44,10,17,1855,0,0.38636363636363635
C50_FRG,43,coronacases_002,coronacases_002,0,0.9,17987,26,0,2,17985,0,0.07692307692307693
C50_FRG,43,coronacases_003,coronacases_003,3,0.9,1510,36,5,8,1501,1,0.2222222222222222
C50_FRG,43,coronacases_005,coronacases_005,0,0.9,8330,2,1,0,8330,0,0.0
C50_FRG,43,coronacases_006,coronacases_006,2,0.9,3038,1,0,0,3038,0,0.0
C50_FRG,43,coronacases_007,coronacases_007,2,0.9,2388,7,0,0,2388,0,0.0
C50_FRG,43,coronacases_009,coronacases_009,3,0.9,1606,8,2,3,1603,0,0.375
C50_FRG,43,coronacases_010,coronacases_010,1,0.9,9741,6,0,1,9740,0,0.16666666666666666
C50_FRG,43,radiopaedia_10_85902_1,radiopaedia_case_10,1,0.9,8030,2,0,1,8029,0,0.5
C50_FRG,43,radiopaedia_10_85902_3,radiopaedia_case_10,1,0.9,16416,2,1,1,16415,0,0.5
C50_FRG,43,radiopaedia_29_86490_1,radiopaedia_case_29,0,0.9,21861,2,0,0,21861,0,0.0
C50_FRG,43,radiopaedia_29_86491_1,radiopaedia_case_29,0,0.9,35622,3,0,0,35622,0,0.0
C50_FRG,43,radiopaedia_36_86526_0,radiopaedia_case_36,2,0.9,2528,31,0,4,2524,0,0.12903225806451613
C50_FRG,43,radiopaedia_40_86625_0,radiopaedia_case_40,3,0.9,2702,9,1,0,2702,0,0.0
C50_FRG,43,radiopaedia_4_85506_1,radiopaedia_case_4,1,0.9,19107,29,0,6,19101,0,0.20689655172413793
C50_FRG,43,radiopaedia_7_85703_0,radiopaedia_case_7,2,0.9,3393,4,0,1,3392,0,0.25
C50_FRG,43,coronacases_001,coronacases_001,3,0.95,2439,44,10,20,2419,0,0.45454545454545453
C50_FRG,43,coronacases_002,coronacases_002,0,0.95,16181,26,0,3,16178,0,0.11538461538461539
C50_FRG,43,coronacases_003,coronacases_003,3,0.95,2091,36,5,10,2080,1,0.2777777777777778
C50_FRG,43,coronacases_005,coronacases_005,0,0.95,7429,2,1,0,7429,0,0.0
C50_FRG,43,coronacases_006,coronacases_006,2,0.95,3207,1,0,0,3207,0,0.0
C50_FRG,43,coronacases_007,coronacases_007,2,0.95,2368,7,0,0,2368,0,0.0
C50_FRG,43,coronacases_009,coronacases_009,3,0.95,1883,8,2,3,1880,0,0.375
C50_FRG,43,coronacases_010,coronacases_010,1,0.95,9731,6,0,2,9729,0,0.3333333333333333
C50_FRG,43,radiopaedia_10_85902_1,radiopaedia_case_10,1,0.95,15720,2,0,1,15719,0,0.5
C50_FRG,43,radiopaedia_10_85902_3,radiopaedia_case_10,1,0.95,23467,2,1,1,23466,0,0.5
C50_FRG,43,radiopaedia_29_86490_1,radiopaedia_case_29,0,0.95,18078,2,0,0,18078,0,0.0
C50_FRG,43,radiopaedia_29_86491_1,radiopaedia_case_29,0,0.95,33205,3,0,1,33204,0,0.3333333333333333
C50_FRG,43,radiopaedia_36_86526_0,radiopaedia_case_36,2,0.95,2490,31,0,7,2483,0,0.22580645161290322
C50_FRG,43,radiopaedia_40_86625_0,radiopaedia_case_40,3,0.95,2810,9,1,1,2809,0,0.1111111111111111
C50_FRG,43,radiopaedia_4_85506_1,radiopaedia_case_4,1,0.95,31322,29,0,9,31313,0,0.3103448275862069
C50_FRG,43,radiopaedia_7_85703_0,radiopaedia_case_7,2,0.95,3466,4,0,1,3465,0,0.25
C50_FRG,43,coronacases_001,coronacases_001,3,0.975,2799,44,10,20,2778,1,0.45454545454545453
C50_FRG,43,coronacases_002,coronacases_002,0,0.975,13818,26,0,8,13810,0,0.3076923076923077
C50_FRG,43,coronacases_003,coronacases_003,3,0.975,3087,36,5,11,3076,0,0.3055555555555556
C50_FRG,43,coronacases_005,coronacases_005,0,0.975,6514,2,1,0,6514,0,0.0
C50_FRG,43,coronacases_006,coronacases_006,2,0.975,3301,1,0,0,3301,0,0.0
C50_FRG,43,coronacases_007,coronacases_007,2,0.975,2471,7,0,0,2471,0,0.0
C50_FRG,43,coronacases_009,coronacases_009,3,0.975,2217,8,2,3,2214,0,0.375
C50_FRG,43,coronacases_010,coronacases_010,1,0.975,8631,6,0,3,8628,0,0.5
C50_FRG,43,radiopaedia_10_85902_1,radiopaedia_case_10,1,0.975,23699,2,0,1,23698,0,0.5
C50_FRG,43,radiopaedia_10_85902_3,radiopaedia_case_10,1,0.975,30134,2,1,1,30133,0,0.5
C50_FRG,43,radiopaedia_29_86490_1,radiopaedia_case_29,0,0.975,13868,2,0,1,13867,0,0.5
C50_FRG,43,radiopaedia_29_86491_1,radiopaedia_case_29,0,0.975,27865,3,0,2,27863,0,0.6666666666666666
C50_FRG,43,radiopaedia_36_86526_0,radiopaedia_case_36,2,0.975,2417,31,0,9,2408,0,0.2903225806451613
C50_FRG,43,radiopaedia_40_86625_0,radiopaedia_case_40,3,0.975,3004,9,1,1,3003,0,0.1111111111111111
C50_FRG,43,radiopaedia_4_85506_1,radiopaedia_case_4,1,0.975,37488,29,0,12,37476,0,0.41379310344827586
C50_FRG,43,radiopaedia_7_85703_0,radiopaedia_case_7,2,0.975,3720,4,0,1,3719,0,0.25
C50_FRG,43,coronacases_001,coronacases_001,3,0.99,3321,44,10,16,3304,1,0.36363636363636365
C50_FRG,43,coronacases_002,coronacases_002,0,0.99,10579,26,0,9,10570,0,0.34615384615384615
C50_FRG,43,coronacases_003,coronacases_003,3,0.99,4367,36,5,12,4353,2,0.3333333333333333
C50_FRG,43,coronacases_005,coronacases_005,0,0.99,5098,2,1,0,5098,0,0.0
C50_FRG,43,coronacases_006,coronacases_006,2,0.99,4104,1,0,0,4104,0,0.0
C50_FRG,43,coronacases_007,coronacases_007,2,0.99,2760,7,0,0,2760,0,0.0
C50_FRG,43,coronacases_009,coronacases_009,3,0.99,2610,8,2,3,2607,0,0.375
C50_FRG,43,coronacases_010,coronacases_010,1,0.99,7086,6,0,3,7083,0,0.5
C50_FRG,43,radiopaedia_10_85902_1,radiopaedia_case_10,1,0.99,25681,2,0,1,25680,0,0.5
C50_FRG,43,radiopaedia_10_85902_3,radiopaedia_case_10,1,0.99,36242,2,1,1,36241,0,0.5
C50_FRG,43,radiopaedia_29_86490_1,radiopaedia_case_29,0,0.99,9489,2,0,1,9488,0,0.5
C50_FRG,43,radiopaedia_29_86491_1,radiopaedia_case_29,0,0.99,20442,3,0,2,20440,0,0.6666666666666666
C50_FRG,43,radiopaedia_36_86526_0,radiopaedia_case_36,2,0.99,2331,31,0,13,2318,0,0.41935483870967744
C50_FRG,43,radiopaedia_40_86625_0,radiopaedia_case_40,3,0.99,3823,9,1,1,3822,0,0.1111111111111111
C50_FRG,43,radiopaedia_4_85506_1,radiopaedia_case_4,1,0.99,32022,29,0,16,32006,0,0.5517241379310345
C50_FRG,43,radiopaedia_7_85703_0,radiopaedia_case_7,2,0.99,4278,4,0,1,4277,0,0.25
C50_FRG,43,coronacases_001,coronacases_001,3,0.995,3507,44,10,17,3489,1,0.38636363636363635
C50_FRG,43,coronacases_002,coronacases_002,0,0.995,8473,26,0,12,8461,0,0.46153846153846156
C50_FRG,43,coronacases_003,coronacases_003,3,0.995,5419,36,5,12,5405,2,0.3333333333333333
C50_FRG,43,coronacases_005,coronacases_005,0,0.995,4230,2,1,1,4229,0,0.5
C50_FRG,43,coronacases_006,coronacases_006,2,0.995,4951,1,0,0,4951,0,0.0
C50_FRG,43,coronacases_007,coronacases_007,2,0.995,3107,7,0,0,3107,0,0.0
C50_FRG,43,coronacases_009,coronacases_009,3,0.995,2749,8,2,3,2746,0,0.375
C50_FRG,43,coronacases_010,coronacases_010,1,0.995,6022,6,0,3,6019,0,0.5
C50_FRG,43,radiopaedia_10_85902_1,radiopaedia_case_10,1,0.995,21412,2,0,1,21411,0,0.5
C50_FRG,43,radiopaedia_10_85902_3,radiopaedia_case_10,1,0.995,36069,2,1,1,36068,0,0.5
C50_FRG,43,radiopaedia_29_86490_1,radiopaedia_case_29,0,0.995,7231,2,0,1,7230,0,0.5
C50_FRG,43,radiopaedia_29_86491_1,radiopaedia_case_29,0,0.995,15680,3,0,2,15678,0,0.6666666666666666
C50_FRG,43,radiopaedia_36_86526_0,radiopaedia_case_36,2,0.995,2485,31,0,13,2472,0,0.41935483870967744
C50_FRG,43,radiopaedia_40_86625_0,radiopaedia_case_40,3,0.995,4679,9,1,1,4678,0,0.1111111111111111
C50_FRG,43,radiopaedia_4_85506_1,radiopaedia_case_4,1,0.995,23524,29,0,17,23507,0,0.5862068965517241
C50_FRG,43,radiopaedia_7_85703_0,radiopaedia_case_7,2,0.995,4983,4,0,1,4982,0,0.25
C50_FRG,43,coronacases_001,coronacases_001,3,1.000001,0,44,10,0,0,0,0.0
C50_FRG,43,coronacases_002,coronacases_002,0,1.000001,0,26,0,0,0,0,0.0
C50_FRG,43,coronacases_003,coronacases_003,3,1.000001,0,36,5,0,0,0,0.0
C50_FRG,43,coronacases_005,coronacases_005,0,1.000001,0,2,1,0,0,0,0.0
C50_FRG,43,coronacases_006,coronacases_006,2,1.000001,0,1,0,0,0,0,0.0
C50_FRG,43,coronacases_007,coronacases_007,2,1.000001,0,7,0,0,0,0,0.0
C50_FRG,43,coronacases_009,coronacases_009,3,1.000001,0,8,2,0,0,0,0.0
C50_FRG,43,coronacases_010,coronacases_010,1,1.000001,0,6,0,0,0,0,0.0
C50_FRG,43,radiopaedia_10_85902_1,radiopaedia_case_10,1,1.000001,0,2,0,0,0,0,0.0
C50_FRG,43,radiopaedia_10_85902_3,radiopaedia_case_10,1,1.000001,0,2,1,0,0,0,0.0
C50_FRG,43,radiopaedia_29_86490_1,radiopaedia_case_29,0,1.000001,0,2,0,0,0,0,0.0
C50_FRG,43,radiopaedia_29_86491_1,radiopaedia_case_29,0,1.000001,0,3,0,0,0,0,0.0
C50_FRG,43,radiopaedia_36_86526_0,radiopaedia_case_36,2,1.000001,0,31,0,0,0,0,0.0
C50_FRG,43,radiopaedia_40_86625_0,radiopaedia_case_40,3,1.000001,0,9,1,0,0,0,0.0
C50_FRG,43,radiopaedia_4_85506_1,radiopaedia_case_4,1,1.000001,0,29,0,0,0,0,0.0
C50_FRG,43,radiopaedia_7_85703_0,radiopaedia_case_7,2,1.000001,0,4,0,0,0,0,0.0
C100_COH,17,coronacases_001,coronacases_001,3,0.05,1775,44,10,8,1766,1,0.18181818181818182
C100_COH,17,coronacases_002,coronacases_002,0,0.05,3784,26,0,4,3780,0,0.15384615384615385
C100_COH,17,coronacases_003,coronacases_003,3,0.05,957,36,5,4,953,0,0.1111111111111111
C100_COH,17,coronacases_005,coronacases_005,0,0.05,2208,2,1,0,2208,0,0.0
C100_COH,17,coronacases_006,coronacases_006,2,0.05,3100,1,0,0,3100,0,0.0
C100_COH,17,coronacases_007,coronacases_007,2,0.05,1617,7,0,1,1616,0,0.14285714285714285
C100_COH,17,coronacases_009,coronacases_009,3,0.05,1906,8,2,2,1904,0,0.25
C100_COH,17,coronacases_010,coronacases_010,1,0.05,1990,6,0,0,1990,0,0.0
C100_COH,17,radiopaedia_10_85902_1,radiopaedia_case_10,1,0.05,1756,2,0,0,1756,0,0.0
C100_COH,17,radiopaedia_10_85902_3,radiopaedia_case_10,1,0.05,4018,2,1,1,4017,0,0.5
C100_COH,17,radiopaedia_29_86490_1,radiopaedia_case_29,0,0.05,3433,2,0,0,3433,0,0.0
C100_COH,17,radiopaedia_29_86491_1,radiopaedia_case_29,0,0.05,5614,3,0,0,5614,0,0.0
C100_COH,17,radiopaedia_36_86526_0,radiopaedia_case_36,2,0.05,2330,31,0,0,2330,0,0.0
C100_COH,17,radiopaedia_40_86625_0,radiopaedia_case_40,3,0.05,4201,9,1,1,4199,1,0.1111111111111111
C100_COH,17,radiopaedia_4_85506_1,radiopaedia_case_4,1,0.05,1770,29,0,3,1767,0,0.10344827586206896
C100_COH,17,radiopaedia_7_85703_0,radiopaedia_case_7,2,0.05,3284,4,0,0,3284,0,0.0
C100_COH,17,coronacases_001,coronacases_001,3,0.1,1645,44,10,10,1634,1,0.22727272727272727
C100_COH,17,coronacases_002,coronacases_002,0,0.1,3858,26,0,5,3853,0,0.19230769230769232
C100_COH,17,coronacases_003,coronacases_003,3,0.1,883,36,5,6,877,0,0.16666666666666666
C100_COH,17,coronacases_005,coronacases_005,0,0.1,2338,2,1,0,2338,0,0.0
C100_COH,17,coronacases_006,coronacases_006,2,0.1,2995,1,0,0,2995,0,0.0
C100_COH,17,coronacases_007,coronacases_007,2,0.1,1685,7,0,1,1684,0,0.14285714285714285
C100_COH,17,coronacases_009,coronacases_009,3,0.1,1942,8,2,2,1940,0,0.25
C100_COH,17,coronacases_010,coronacases_010,1,0.1,3177,6,0,0,3177,0,0.0
C100_COH,17,radiopaedia_10_85902_1,radiopaedia_case_10,1,0.1,1857,2,0,0,1857,0,0.0
C100_COH,17,radiopaedia_10_85902_3,radiopaedia_case_10,1,0.1,4480,2,1,1,4479,0,0.5
C100_COH,17,radiopaedia_29_86490_1,radiopaedia_case_29,0,0.1,3669,2,0,0,3669,0,0.0
C100_COH,17,radiopaedia_29_86491_1,radiopaedia_case_29,0,0.1,5697,3,0,1,5696,0,0.3333333333333333
C100_COH,17,radiopaedia_36_86526_0,radiopaedia_case_36,2,0.1,2198,31,0,3,2195,0,0.0967741935483871
C100_COH,17,radiopaedia_40_86625_0,radiopaedia_case_40,3,0.1,4152,9,1,1,4150,1,0.1111111111111111
C100_COH,17,radiopaedia_4_85506_1,radiopaedia_case_4,1,0.1,2311,29,0,3,2308,0,0.10344827586206896
C100_COH,17,radiopaedia_7_85703_0,radiopaedia_case_7,2,0.1,3666,4,0,0,3666,0,0.0
C100_COH,17,coronacases_001,coronacases_001,3,0.15,1521,44,10,13,1507,1,0.29545454545454547
C100_COH,17,coronacases_002,coronacases_002,0,0.15,3847,26,0,5,3842,0,0.19230769230769232
C100_COH,17,coronacases_003,coronacases_003,3,0.15,862,36,5,6,856,0,0.16666666666666666
C100_COH,17,coronacases_005,coronacases_005,0,0.15,2403,2,1,0,2403,0,0.0
C100_COH,17,coronacases_006,coronacases_006,2,0.15,2961,1,0,0,2961,0,0.0
C100_COH,17,coronacases_007,coronacases_007,2,0.15,1766,7,0,1,1765,0,0.14285714285714285
C100_COH,17,coronacases_009,coronacases_009,3,0.15,1854,8,2,2,1852,0,0.25
C100_COH,17,coronacases_010,coronacases_010,1,0.15,4165,6,0,0,4165,0,0.0
C100_COH,17,radiopaedia_10_85902_1,radiopaedia_case_10,1,0.15,1963,2,0,0,1963,0,0.0
C100_COH,17,radiopaedia_10_85902_3,radiopaedia_case_10,1,0.15,4875,2,1,1,4874,0,0.5
C100_COH,17,radiopaedia_29_86490_1,radiopaedia_case_29,0,0.15,3717,2,0,0,3717,0,0.0
C100_COH,17,radiopaedia_29_86491_1,radiopaedia_case_29,0,0.15,5644,3,0,1,5643,0,0.3333333333333333
C100_COH,17,radiopaedia_36_86526_0,radiopaedia_case_36,2,0.15,2316,31,0,3,2313,0,0.0967741935483871
C100_COH,17,radiopaedia_40_86625_0,radiopaedia_case_40,3,0.15,4143,9,1,1,4141,1,0.1111111111111111
C100_COH,17,radiopaedia_4_85506_1,radiopaedia_case_4,1,0.15,3127,29,0,2,3125,0,0.06896551724137931
C100_COH,17,radiopaedia_7_85703_0,radiopaedia_case_7,2,0.15,3689,4,0,0,3689,0,0.0
C100_COH,17,coronacases_001,coronacases_001,3,0.2,1527,44,10,14,1512,1,0.3181818181818182
C100_COH,17,coronacases_002,coronacases_002,0,0.2,3807,26,0,6,3801,0,0.23076923076923078
C100_COH,17,coronacases_003,coronacases_003,3,0.2,894,36,5,6,888,0,0.16666666666666666
C100_COH,17,coronacases_005,coronacases_005,0,0.2,2426,2,1,0,2426,0,0.0
C100_COH,17,coronacases_006,coronacases_006,2,0.2,2996,1,0,0,2996,0,0.0
C100_COH,17,coronacases_007,coronacases_007,2,0.2,1734,7,0,1,1733,0,0.14285714285714285
C100_COH,17,coronacases_009,coronacases_009,3,0.2,1861,8,2,2,1859,0,0.25
C100_COH,17,coronacases_010,coronacases_010,1,0.2,4975,6,0,0,4975,0,0.0
C100_COH,17,radiopaedia_10_85902_1,radiopaedia_case_10,1,0.2,2152,2,0,0,2152,0,0.0
C100_COH,17,radiopaedia_10_85902_3,radiopaedia_case_10,1,0.2,5336,2,1,1,5335,0,0.5
C100_COH,17,radiopaedia_29_86490_1,radiopaedia_case_29,0,0.2,3630,2,0,0,3630,0,0.0
C100_COH,17,radiopaedia_29_86491_1,radiopaedia_case_29,0,0.2,5742,3,0,1,5741,0,0.3333333333333333
C100_COH,17,radiopaedia_36_86526_0,radiopaedia_case_36,2,0.2,2323,31,0,3,2320,0,0.0967741935483871
C100_COH,17,radiopaedia_40_86625_0,radiopaedia_case_40,3,0.2,4182,9,1,1,4180,1,0.1111111111111111
C100_COH,17,radiopaedia_4_85506_1,radiopaedia_case_4,1,0.2,4036,29,0,2,4034,0,0.06896551724137931
C100_COH,17,radiopaedia_7_85703_0,radiopaedia_case_7,2,0.2,3570,4,0,0,3570,0,0.0
C100_COH,17,coronacases_001,coronacases_001,3,0.25,1519,44,10,14,1504,1,0.3181818181818182
C100_COH,17,coronacases_002,coronacases_002,0,0.25,3783,26,0,6,3777,0,0.23076923076923078
C100_COH,17,coronacases_003,coronacases_003,3,0.25,931,36,5,6,924,1,0.16666666666666666
C100_COH,17,coronacases_005,coronacases_005,0,0.25,2522,2,1,0,2522,0,0.0
C100_COH,17,coronacases_006,coronacases_006,2,0.25,2951,1,0,0,2951,0,0.0
C100_COH,17,coronacases_007,coronacases_007,2,0.25,1761,7,0,1,1760,0,0.14285714285714285
C100_COH,17,coronacases_009,coronacases_009,3,0.25,1832,8,2,2,1830,0,0.25
C100_COH,17,coronacases_010,coronacases_010,1,0.25,5537,6,0,1,5536,0,0.16666666666666666
C100_COH,17,radiopaedia_10_85902_1,radiopaedia_case_10,1,0.25,2386,2,0,0,2386,0,0.0
C100_COH,17,radiopaedia_10_85902_3,radiopaedia_case_10,1,0.25,5813,2,1,1,5812,0,0.5
C100_COH,17,radiopaedia_29_86490_1,radiopaedia_case_29,0,0.25,3673,2,0,0,3673,0,0.0
C100_COH,17,radiopaedia_29_86491_1,radiopaedia_case_29,0,0.25,5708,3,0,1,5707,0,0.3333333333333333
C100_COH,17,radiopaedia_36_86526_0,radiopaedia_case_36,2,0.25,2348,31,0,3,2345,0,0.0967741935483871
C100_COH,17,radiopaedia_40_86625_0,radiopaedia_case_40,3,0.25,4093,9,1,1,4091,1,0.1111111111111111
C100_COH,17,radiopaedia_4_85506_1,radiopaedia_case_4,1,0.25,4936,29,0,2,4934,0,0.06896551724137931
C100_COH,17,radiopaedia_7_85703_0,radiopaedia_case_7,2,0.25,3378,4,0,0,3378,0,0.0
C100_COH,17,coronacases_001,coronacases_001,3,0.3,1518,44,10,14,1503,1,0.3181818181818182
C100_COH,17,coronacases_002,coronacases_002,0,0.3,3779,26,0,7,3772,0,0.2692307692307692
C100_COH,17,coronacases_003,coronacases_003,3,0.3,912,36,5,6,905,1,0.16666666666666666
C100_COH,17,coronacases_005,coronacases_005,0,0.3,2542,2,1,0,2542,0,0.0
C100_COH,17,coronacases_006,coronacases_006,2,0.3,2913,1,0,0,2913,0,0.0
C100_COH,17,coronacases_007,coronacases_007,2,0.3,1762,7,0,1,1761,0,0.14285714285714285
C100_COH,17,coronacases_009,coronacases_009,3,0.3,1824,8,2,2,1822,0,0.25
C100_COH,17,coronacases_010,coronacases_010,1,0.3,6247,6,0,1,6246,0,0.16666666666666666
C100_COH,17,radiopaedia_10_85902_1,radiopaedia_case_10,1,0.3,2764,2,0,0,2764,0,0.0
C100_COH,17,radiopaedia_10_85902_3,radiopaedia_case_10,1,0.3,6309,2,1,1,6308,0,0.5
C100_COH,17,radiopaedia_29_86490_1,radiopaedia_case_29,0,0.3,3634,2,0,0,3634,0,0.0
C100_COH,17,radiopaedia_29_86491_1,radiopaedia_case_29,0,0.3,5697,3,0,2,5695,0,0.6666666666666666
C100_COH,17,radiopaedia_36_86526_0,radiopaedia_case_36,2,0.3,2328,31,0,3,2325,0,0.0967741935483871
C100_COH,17,radiopaedia_40_86625_0,radiopaedia_case_40,3,0.3,3983,9,1,1,3981,1,0.1111111111111111
C100_COH,17,radiopaedia_4_85506_1,radiopaedia_case_4,1,0.3,6027,29,0,2,6025,0,0.06896551724137931
C100_COH,17,radiopaedia_7_85703_0,radiopaedia_case_7,2,0.3,3255,4,0,0,3255,0,0.0
C100_COH,17,coronacases_001,coronacases_001,3,0.35,1584,44,10,14,1569,1,0.3181818181818182
C100_COH,17,coronacases_002,coronacases_002,0,0.35,3798,26,0,7,3791,0,0.2692307692307692
C100_COH,17,coronacases_003,coronacases_003,3,0.35,1016,36,5,6,1009,1,0.16666666666666666
C100_COH,17,coronacases_005,coronacases_005,0,0.35,2531,2,1,0,2531,0,0.0
C100_COH,17,coronacases_006,coronacases_006,2,0.35,2815,1,0,0,2815,0,0.0
C100_COH,17,coronacases_007,coronacases_007,2,0.35,1796,7,0,1,1795,0,0.14285714285714285
C100_COH,17,coronacases_009,coronacases_009,3,0.35,1880,8,2,2,1878,0,0.25
C100_COH,17,coronacases_010,coronacases_010,1,0.35,6814,6,0,1,6813,0,0.16666666666666666
C100_COH,17,radiopaedia_10_85902_1,radiopaedia_case_10,1,0.35,3044,2,0,0,3044,0,0.0
C100_COH,17,radiopaedia_10_85902_3,radiopaedia_case_10,1,0.35,6960,2,1,1,6959,0,0.5
C100_COH,17,radiopaedia_29_86490_1,radiopaedia_case_29,0,0.35,3630,2,0,0,3630,0,0.0
C100_COH,17,radiopaedia_29_86491_1,radiopaedia_case_29,0,0.35,5706,3,0,2,5704,0,0.6666666666666666
C100_COH,17,radiopaedia_36_86526_0,radiopaedia_case_36,2,0.35,2372,31,0,3,2369,0,0.0967741935483871
C100_COH,17,radiopaedia_40_86625_0,radiopaedia_case_40,3,0.35,3858,9,1,1,3856,1,0.1111111111111111
C100_COH,17,radiopaedia_4_85506_1,radiopaedia_case_4,1,0.35,6922,29,0,2,6920,0,0.06896551724137931
C100_COH,17,radiopaedia_7_85703_0,radiopaedia_case_7,2,0.35,3265,4,0,0,3265,0,0.0
C100_COH,17,coronacases_001,coronacases_001,3,0.4,1680,44,10,14,1665,1,0.3181818181818182
C100_COH,17,coronacases_002,coronacases_002,0,0.4,3899,26,0,7,3892,0,0.2692307692307692
C100_COH,17,coronacases_003,coronacases_003,3,0.4,995,36,5,6,988,1,0.16666666666666666
C100_COH,17,coronacases_005,coronacases_005,0,0.4,2535,2,1,0,2535,0,0.0
C100_COH,17,coronacases_006,coronacases_006,2,0.4,2720,1,0,0,2720,0,0.0
C100_COH,17,coronacases_007,coronacases_007,2,0.4,1783,7,0,1,1782,0,0.14285714285714285
C100_COH,17,coronacases_009,coronacases_009,3,0.4,1768,8,2,2,1766,0,0.25
C100_COH,17,coronacases_010,coronacases_010,1,0.4,7279,6,0,1,7278,0,0.16666666666666666
C100_COH,17,radiopaedia_10_85902_1,radiopaedia_case_10,1,0.4,3452,2,0,1,3451,0,0.5
C100_COH,17,radiopaedia_10_85902_3,radiopaedia_case_10,1,0.4,7656,2,1,1,7655,0,0.5
C100_COH,17,radiopaedia_29_86490_1,radiopaedia_case_29,0,0.4,3635,2,0,0,3635,0,0.0
C100_COH,17,radiopaedia_29_86491_1,radiopaedia_case_29,0,0.4,5689,3,0,2,5687,0,0.6666666666666666
C100_COH,17,radiopaedia_36_86526_0,radiopaedia_case_36,2,0.4,2379,31,0,3,2376,0,0.0967741935483871
C100_COH,17,radiopaedia_40_86625_0,radiopaedia_case_40,3,0.4,3663,9,1,1,3662,0,0.1111111111111111
C100_COH,17,radiopaedia_4_85506_1,radiopaedia_case_4,1,0.4,7773,29,0,2,7771,0,0.06896551724137931
C100_COH,17,radiopaedia_7_85703_0,radiopaedia_case_7,2,0.4,3259,4,0,0,3259,0,0.0
C100_COH,17,coronacases_001,coronacases_001,3,0.45,1661,44,10,13,1647,1,0.29545454545454547
C100_COH,17,coronacases_002,coronacases_002,0,0.45,3944,26,0,7,3937,0,0.2692307692307692
C100_COH,17,coronacases_003,coronacases_003,3,0.45,960,36,5,8,951,1,0.2222222222222222
C100_COH,17,coronacases_005,coronacases_005,0,0.45,2587,2,1,0,2587,0,0.0
C100_COH,17,coronacases_006,coronacases_006,2,0.45,2674,1,0,0,2674,0,0.0
C100_COH,17,coronacases_007,coronacases_007,2,0.45,1772,7,0,1,1771,0,0.14285714285714285
C100_COH,17,coronacases_009,coronacases_009,3,0.45,1677,8,2,2,1675,0,0.25
C100_COH,17,coronacases_010,coronacases_010,1,0.45,7590,6,0,1,7589,0,0.16666666666666666
C100_COH,17,radiopaedia_10_85902_1,radiopaedia_case_10,1,0.45,3865,2,0,1,3864,0,0.5
C100_COH,17,radiopaedia_10_85902_3,radiopaedia_case_10,1,0.45,8351,2,1,1,8350,0,0.5
C100_COH,17,radiopaedia_29_86490_1,radiopaedia_case_29,0,0.45,3593,2,0,0,3593,0,0.0
C100_COH,17,radiopaedia_29_86491_1,radiopaedia_case_29,0,0.45,5694,3,0,2,5692,0,0.6666666666666666
C100_COH,17,radiopaedia_36_86526_0,radiopaedia_case_36,2,0.45,2280,31,0,3,2277,0,0.0967741935483871
C100_COH,17,radiopaedia_40_86625_0,radiopaedia_case_40,3,0.45,3557,9,1,1,3556,0,0.1111111111111111
C100_COH,17,radiopaedia_4_85506_1,radiopaedia_case_4,1,0.45,8787,29,0,2,8785,0,0.06896551724137931
C100_COH,17,radiopaedia_7_85703_0,radiopaedia_case_7,2,0.45,3223,4,0,0,3223,0,0.0
C100_COH,17,coronacases_001,coronacases_001,3,0.5,1628,44,10,14,1613,1,0.3181818181818182
C100_COH,17,coronacases_002,coronacases_002,0,0.5,4026,26,0,7,4019,0,0.2692307692307692
C100_COH,17,coronacases_003,coronacases_003,3,0.5,873,36,5,8,864,1,0.2222222222222222
C100_COH,17,coronacases_005,coronacases_005,0,0.5,2607,2,1,0,2607,0,0.0
C100_COH,17,coronacases_006,coronacases_006,2,0.5,2657,1,0,0,2657,0,0.0
C100_COH,17,coronacases_007,coronacases_007,2,0.5,1663,7,0,1,1662,0,0.14285714285714285
C100_COH,17,coronacases_009,coronacases_009,3,0.5,1628,8,2,2,1626,0,0.25
C100_COH,17,coronacases_010,coronacases_010,1,0.5,7859,6,0,1,7858,0,0.16666666666666666
C100_COH,17,radiopaedia_10_85902_1,radiopaedia_case_10,1,0.5,4348,2,0,1,4347,0,0.5
C100_COH,17,radiopaedia_10_85902_3,radiopaedia_case_10,1,0.5,9185,2,1,1,9184,0,0.5
C100_COH,17,radiopaedia_29_86490_1,radiopaedia_case_29,0,0.5,3555,2,0,0,3555,0,0.0
C100_COH,17,radiopaedia_29_86491_1,radiopaedia_case_29,0,0.5,5673,3,0,2,5671,0,0.6666666666666666
C100_COH,17,radiopaedia_36_86526_0,radiopaedia_case_36,2,0.5,2306,31,0,3,2303,0,0.0967741935483871
C100_COH,17,radiopaedia_40_86625_0,radiopaedia_case_40,3,0.5,3446,9,1,1,3445,0,0.1111111111111111
C100_COH,17,radiopaedia_4_85506_1,radiopaedia_case_4,1,0.5,9840,29,0,2,9838,0,0.06896551724137931
C100_COH,17,radiopaedia_7_85703_0,radiopaedia_case_7,2,0.5,3267,4,0,0,3267,0,0.0
C100_COH,17,coronacases_001,coronacases_001,3,0.55,1530,44,10,14,1515,1,0.3181818181818182
C100_COH,17,coronacases_002,coronacases_002,0,0.55,4199,26,0,9,4190,0,0.34615384615384615
C100_COH,17,coronacases_003,coronacases_003,3,0.55,790,36,5,8,781,1,0.2222222222222222
C100_COH,17,coronacases_005,coronacases_005,0,0.55,2669,2,1,1,2668,0,0.5
C100_COH,17,coronacases_006,coronacases_006,2,0.55,2673,1,0,0,2673,0,0.0
C100_COH,17,coronacases_007,coronacases_007,2,0.55,1591,7,0,1,1590,0,0.14285714285714285
C100_COH,17,coronacases_009,coronacases_009,3,0.55,1554,8,2,3,1551,0,0.375
C100_COH,17,coronacases_010,coronacases_010,1,0.55,8096,6,0,1,8095,0,0.16666666666666666
C100_COH,17,radiopaedia_10_85902_1,radiopaedia_case_10,1,0.55,4924,2,0,1,4923,0,0.5
C100_COH,17,radiopaedia_10_85902_3,radiopaedia_case_10,1,0.55,10249,2,1,1,10248,0,0.5
C100_COH,17,radiopaedia_29_86490_1,radiopaedia_case_29,0,0.55,3540,2,0,0,3540,0,0.0
C100_COH,17,radiopaedia_29_86491_1,radiopaedia_case_29,0,0.55,5649,3,0,2,5647,0,0.6666666666666666
C100_COH,17,radiopaedia_36_86526_0,radiopaedia_case_36,2,0.55,2275,31,0,3,2272,0,0.0967741935483871
C100_COH,17,radiopaedia_40_86625_0,radiopaedia_case_40,3,0.55,3404,9,1,1,3403,0,0.1111111111111111
C100_COH,17,radiopaedia_4_85506_1,radiopaedia_case_4,1,0.55,10766,29,0,2,10764,0,0.06896551724137931
C100_COH,17,radiopaedia_7_85703_0,radiopaedia_case_7,2,0.55,3375,4,0,0,3375,0,0.0
C100_COH,17,coronacases_001,coronacases_001,3,0.6,1436,44,10,16,1419,1,0.36363636363636365
C100_COH,17,coronacases_002,coronacases_002,0,0.6,4356,26,0,9,4347,0,0.34615384615384615
C100_COH,17,coronacases_003,coronacases_003,3,0.6,757,36,5,7,749,1,0.19444444444444445
C100_COH,17,coronacases_005,coronacases_005,0,0.6,2740,2,1,2,2738,0,1.0
C100_COH,17,coronacases_006,coronacases_006,2,0.6,2633,1,0,0,2633,0,0.0
C100_COH,17,coronacases_007,coronacases_007,2,0.6,1532,7,0,1,1531,0,0.14285714285714285
C100_COH,17,coronacases_009,coronacases_009,3,0.6,1527,8,2,4,1523,0,0.5
C100_COH,17,coronacases_010,coronacases_010,1,0.6,8220,6,0,1,8219,0,0.16666666666666666
C100_COH,17,radiopaedia_10_85902_1,radiopaedia_case_10,1,0.6,5572,2,0,1,5571,0,0.5
C100_COH,17,radiopaedia_10_85902_3,radiopaedia_case_10,1,0.6,11374,2,1,1,11373,0,0.5
C100_COH,17,radiopaedia_29_86490_1,radiopaedia_case_29,0,0.6,3493,2,0,0,3493,0,0.0
C100_COH,17,radiopaedia_29_86491_1,radiopaedia_case_29,0,0.6,5666,3,0,2,5664,0,0.6666666666666666
C100_COH,17,radiopaedia_36_86526_0,radiopaedia_case_36,2,0.6,2214,31,0,3,2211,0,0.0967741935483871
C100_COH,17,radiopaedia_40_86625_0,radiopaedia_case_40,3,0.6,3270,9,1,1,3269,0,0.1111111111111111
C100_COH,17,radiopaedia_4_85506_1,radiopaedia_case_4,1,0.6,11765,29,0,2,11763,0,0.06896551724137931
C100_COH,17,radiopaedia_7_85703_0,radiopaedia_case_7,2,0.6,3297,4,0,0,3297,0,0.0
C100_COH,17,coronacases_001,coronacases_001,3,0.65,1389,44,10,18,1370,1,0.4090909090909091
C100_COH,17,coronacases_002,coronacases_002,0,0.65,4447,26,0,10,4437,0,0.38461538461538464
C100_COH,17,coronacases_003,coronacases_003,3,0.65,721,36,5,7,713,1,0.19444444444444445
C100_COH,17,coronacases_005,coronacases_005,0,0.65,2672,2,1,2,2670,0,1.0
C100_COH,17,coronacases_006,coronacases_006,2,0.65,2592,1,0,0,2592,0,0.0
C100_COH,17,coronacases_007,coronacases_007,2,0.65,1526,7,0,1,1525,0,0.14285714285714285
C100_COH,17,coronacases_009,coronacases_009,3,0.65,1493,8,2,4,1489,0,0.5
C100_COH,17,coronacases_010,coronacases_010,1,0.65,8288,6,0,1,8287,0,0.16666666666666666
C100_COH,17,radiopaedia_10_85902_1,radiopaedia_case_10,1,0.65,6334,2,0,1,6333,0,0.5
C100_COH,17,radiopaedia_10_85902_3,radiopaedia_case_10,1,0.65,12652,2,1,1,12651,0,0.5
C100_COH,17,radiopaedia_29_86490_1,radiopaedia_case_29,0,0.65,3390,2,0,0,3390,0,0.0
C100_COH,17,radiopaedia_29_86491_1,radiopaedia_case_29,0,0.65,5659,3,0,2,5657,0,0.6666666666666666
C100_COH,17,radiopaedia_36_86526_0,radiopaedia_case_36,2,0.65,2157,31,0,4,2153,0,0.12903225806451613
C100_COH,17,radiopaedia_40_86625_0,radiopaedia_case_40,3,0.65,3210,9,1,1,3209,0,0.1111111111111111
C100_COH,17,radiopaedia_4_85506_1,radiopaedia_case_4,1,0.65,12551,29,0,2,12549,0,0.06896551724137931
C100_COH,17,radiopaedia_7_85703_0,radiopaedia_case_7,2,0.65,3139,4,0,0,3139,0,0.0
C100_COH,17,coronacases_001,coronacases_001,3,0.7,1319,44,10,19,1299,1,0.4318181818181818
C100_COH,17,coronacases_002,coronacases_002,0,0.7,4565,26,0,11,4554,0,0.4230769230769231
C100_COH,17,coronacases_003,coronacases_003,3,0.7,703,36,5,7,695,1,0.19444444444444445
C100_COH,17,coronacases_005,coronacases_005,0,0.7,2611,2,1,2,2609,0,1.0
C100_COH,17,coronacases_006,coronacases_006,2,0.7,2504,1,0,0,2504,0,0.0
C100_COH,17,coronacases_007,coronacases_007,2,0.7,1504,7,0,1,1503,0,0.14285714285714285
C100_COH,17,coronacases_009,coronacases_009,3,0.7,1464,8,2,4,1460,0,0.5
C100_COH,17,coronacases_010,coronacases_010,1,0.7,8372,6,0,1,8371,0,0.16666666666666666
C100_COH,17,radiopaedia_10_85902_1,radiopaedia_case_10,1,0.7,7110,2,0,1,7109,0,0.5
C100_COH,17,radiopaedia_10_85902_3,radiopaedia_case_10,1,0.7,14181,2,1,1,14180,0,0.5
C100_COH,17,radiopaedia_29_86490_1,radiopaedia_case_29,0,0.7,3358,2,0,0,3358,0,0.0
C100_COH,17,radiopaedia_29_86491_1,radiopaedia_case_29,0,0.7,5647,3,0,2,5645,0,0.6666666666666666
C100_COH,17,radiopaedia_36_86526_0,radiopaedia_case_36,2,0.7,2119,31,0,5,2114,0,0.16129032258064516
C100_COH,17,radiopaedia_40_86625_0,radiopaedia_case_40,3,0.7,3119,9,1,1,3118,0,0.1111111111111111
C100_COH,17,radiopaedia_4_85506_1,radiopaedia_case_4,1,0.7,13453,29,0,3,13450,0,0.10344827586206896
C100_COH,17,radiopaedia_7_85703_0,radiopaedia_case_7,2,0.7,3041,4,0,0,3041,0,0.0
C100_COH,17,coronacases_001,coronacases_001,3,0.75,1366,44,10,19,1346,1,0.4318181818181818
C100_COH,17,coronacases_002,coronacases_002,0,0.75,4669,26,0,12,4657,0,0.46153846153846156
C100_COH,17,coronacases_003,coronacases_003,3,0.75,682,36,5,8,673,1,0.2222222222222222
C100_COH,17,coronacases_005,coronacases_005,0,0.75,2561,2,1,2,2559,0,1.0
C100_COH,17,coronacases_006,coronacases_006,2,0.75,2446,1,0,0,2446,0,0.0
C100_COH,17,coronacases_007,coronacases_007,2,0.75,1504,7,0,1,1503,0,0.14285714285714285
C100_COH,17,coronacases_009,coronacases_009,3,0.75,1399,8,2,4,1395,0,0.5
C100_COH,17,coronacases_010,coronacases_010,1,0.75,8465,6,0,2,8463,0,0.3333333333333333
C100_COH,17,radiopaedia_10_85902_1,radiopaedia_case_10,1,0.75,8089,2,0,1,8088,0,0.5
C100_COH,17,radiopaedia_10_85902_3,radiopaedia_case_10,1,0.75,15816,2,1,1,15815,0,0.5
C100_COH,17,radiopaedia_29_86490_1,radiopaedia_case_29,0,0.75,3285,2,0,0,3285,0,0.0
C100_COH,17,radiopaedia_29_86491_1,radiopaedia_case_29,0,0.75,5614,3,0,2,5612,0,0.6666666666666666
C100_COH,17,radiopaedia_36_86526_0,radiopaedia_case_36,2,0.75,2085,31,0,6,2079,0,0.1935483870967742
C100_COH,17,radiopaedia_40_86625_0,radiopaedia_case_40,3,0.75,2969,9,1,1,2968,0,0.1111111111111111
C100_COH,17,radiopaedia_4_85506_1,radiopaedia_case_4,1,0.75,14522,29,0,3,14519,0,0.10344827586206896
C100_COH,17,radiopaedia_7_85703_0,radiopaedia_case_7,2,0.75,2939,4,0,0,2939,0,0.0
C100_COH,17,coronacases_001,coronacases_001,3,0.8,1291,44,10,22,1268,1,0.5
C100_COH,17,coronacases_002,coronacases_002,0,0.8,4731,26,0,13,4718,0,0.5
C100_COH,17,coronacases_003,coronacases_003,3,0.8,702,36,5,8,693,1,0.2222222222222222
C100_COH,17,coronacases_005,coronacases_005,0,0.8,2530,2,1,2,2528,0,1.0
C100_COH,17,coronacases_006,coronacases_006,2,0.8,2408,1,0,0,2408,0,0.0
C100_COH,17,coronacases_007,coronacases_007,2,0.8,1534,7,0,1,1533,0,0.14285714285714285
C100_COH,17,coronacases_009,coronacases_009,3,0.8,1309,8,2,4,1305,0,0.5
C100_COH,17,coronacases_010,coronacases_010,1,0.8,8425,6,0,2,8423,0,0.3333333333333333
C100_COH,17,radiopaedia_10_85902_1,radiopaedia_case_10,1,0.8,9301,2,0,1,9300,0,0.5
C100_COH,17,radiopaedia_10_85902_3,radiopaedia_case_10,1,0.8,17829,2,1,1,17828,0,0.5
C100_COH,17,radiopaedia_29_86490_1,radiopaedia_case_29,0,0.8,3219,2,0,0,3219,0,0.0
C100_COH,17,radiopaedia_29_86491_1,radiopaedia_case_29,0,0.8,5483,3,0,3,5480,0,1.0
C100_COH,17,radiopaedia_36_86526_0,radiopaedia_case_36,2,0.8,2035,31,0,6,2029,0,0.1935483870967742
C100_COH,17,radiopaedia_40_86625_0,radiopaedia_case_40,3,0.8,2868,9,1,1,2867,0,0.1111111111111111
C100_COH,17,radiopaedia_4_85506_1,radiopaedia_case_4,1,0.8,15730,29,0,3,15727,0,0.10344827586206896
C100_COH,17,radiopaedia_7_85703_0,radiopaedia_case_7,2,0.8,2946,4,0,0,2946,0,0.0
C100_COH,17,coronacases_001,coronacases_001,3,0.85,1249,44,10,24,1224,1,0.5454545454545454
C100_COH,17,coronacases_002,coronacases_002,0,0.85,4607,26,0,14,4593,0,0.5384615384615384
C100_COH,17,coronacases_003,coronacases_003,3,0.85,704,36,5,9,694,1,0.25
C100_COH,17,coronacases_005,coronacases_005,0,0.85,2495,2,1,2,2493,0,1.0
C100_COH,17,coronacases_006,coronacases_006,2,0.85,2372,1,0,0,2372,0,0.0
C100_COH,17,coronacases_007,coronacases_007,2,0.85,1480,7,0,1,1479,0,0.14285714285714285
C100_COH,17,coronacases_009,coronacases_009,3,0.85,1187,8,2,4,1183,0,0.5
C100_COH,17,coronacases_010,coronacases_010,1,0.85,8028,6,0,2,8026,0,0.3333333333333333
C100_COH,17,radiopaedia_10_85902_1,radiopaedia_case_10,1,0.85,10716,2,0,1,10715,0,0.5
C100_COH,17,radiopaedia_10_85902_3,radiopaedia_case_10,1,0.85,20451,2,1,1,20450,0,0.5
C100_COH,17,radiopaedia_29_86490_1,radiopaedia_case_29,0,0.85,3163,2,0,0,3163,0,0.0
C100_COH,17,radiopaedia_29_86491_1,radiopaedia_case_29,0,0.85,5320,3,0,3,5317,0,1.0
C100_COH,17,radiopaedia_36_86526_0,radiopaedia_case_36,2,0.85,2119,31,0,8,2111,0,0.25806451612903225
C100_COH,17,radiopaedia_40_86625_0,radiopaedia_case_40,3,0.85,2636,9,1,1,2635,0,0.1111111111111111
C100_COH,17,radiopaedia_4_85506_1,radiopaedia_case_4,1,0.85,16964,29,0,4,16960,0,0.13793103448275862
C100_COH,17,radiopaedia_7_85703_0,radiopaedia_case_7,2,0.85,2760,4,0,0,2760,0,0.0
C100_COH,17,coronacases_001,coronacases_001,3,0.9,1103,44,10,26,1076,1,0.5909090909090909
C100_COH,17,coronacases_002,coronacases_002,0,0.9,4221,26,0,15,4206,0,0.5769230769230769
C100_COH,17,coronacases_003,coronacases_003,3,0.9,756,36,5,9,746,1,0.25
C100_COH,17,coronacases_005,coronacases_005,0,0.9,2361,2,1,2,2359,0,1.0
C100_COH,17,coronacases_006,coronacases_006,2,0.9,2378,1,0,0,2378,0,0.0
C100_COH,17,coronacases_007,coronacases_007,2,0.9,1424,7,0,1,1423,0,0.14285714285714285
C100_COH,17,coronacases_009,coronacases_009,3,0.9,1046,8,2,4,1042,0,0.5
C100_COH,17,coronacases_010,coronacases_010,1,0.9,7181,6,0,2,7179,0,0.3333333333333333
C100_COH,17,radiopaedia_10_85902_1,radiopaedia_case_10,1,0.9,12371,2,0,1,12370,0,0.5
C100_COH,17,radiopaedia_10_85902_3,radiopaedia_case_10,1,0.9,23455,2,1,1,23454,0,0.5
C100_COH,17,radiopaedia_29_86490_1,radiopaedia_case_29,0,0.9,3048,2,0,0,3048,0,0.0
C100_COH,17,radiopaedia_29_86491_1,radiopaedia_case_29,0,0.9,5100,3,0,3,5097,0,1.0
C100_COH,17,radiopaedia_36_86526_0,radiopaedia_case_36,2,0.9,2182,31,0,10,2172,0,0.3225806451612903
C100_COH,17,radiopaedia_40_86625_0,radiopaedia_case_40,3,0.9,2262,9,1,1,2261,0,0.1111111111111111
C100_COH,17,radiopaedia_4_85506_1,radiopaedia_case_4,1,0.9,18039,29,0,4,18035,0,0.13793103448275862
C100_COH,17,radiopaedia_7_85703_0,radiopaedia_case_7,2,0.9,2524,4,0,1,2523,0,0.25
C100_COH,17,coronacases_001,coronacases_001,3,0.95,1095,44,10,25,1069,1,0.5681818181818182
C100_COH,17,coronacases_002,coronacases_002,0,0.95,3985,26,0,18,3967,0,0.6923076923076923
C100_COH,17,coronacases_003,coronacases_003,3,0.95,777,36,5,10,767,0,0.2777777777777778
C100_COH,17,coronacases_005,coronacases_005,0,0.95,2153,2,1,2,2151,0,1.0
C100_COH,17,coronacases_006,coronacases_006,2,0.95,2269,1,0,0,2269,0,0.0
C100_COH,17,coronacases_007,coronacases_007,2,0.95,1367,7,0,2,1365,0,0.2857142857142857
C100_COH,17,coronacases_009,coronacases_009,3,0.95,869,8,2,4,865,0,0.5
C100_COH,17,coronacases_010,coronacases_010,1,0.95,5344,6,0,2,5342,0,0.3333333333333333
C100_COH,17,radiopaedia_10_85902_1,radiopaedia_case_10,1,0.95,13887,2,0,1,13886,0,0.5
C100_COH,17,radiopaedia_10_85902_3,radiopaedia_case_10,1,0.95,26061,2,1,1,26060,0,0.5
C100_COH,17,radiopaedia_29_86490_1,radiopaedia_case_29,0,0.95,2935,2,0,0,2935,0,0.0
C100_COH,17,radiopaedia_29_86491_1,radiopaedia_case_29,0,0.95,4502,3,0,3,4499,0,1.0
C100_COH,17,radiopaedia_36_86526_0,radiopaedia_case_36,2,0.95,2235,31,0,11,2224,0,0.3548387096774194
C100_COH,17,radiopaedia_40_86625_0,radiopaedia_case_40,3,0.95,1830,9,1,1,1829,0,0.1111111111111111
C100_COH,17,radiopaedia_4_85506_1,radiopaedia_case_4,1,0.95,18957,29,0,7,18950,0,0.2413793103448276
C100_COH,17,radiopaedia_7_85703_0,radiopaedia_case_7,2,0.95,2391,4,0,1,2390,0,0.25
C100_COH,17,coronacases_001,coronacases_001,3,0.975,1071,44,10,24,1046,1,0.5454545454545454
C100_COH,17,coronacases_002,coronacases_002,0,0.975,3745,26,0,19,3726,0,0.7307692307692307
C100_COH,17,coronacases_003,coronacases_003,3,0.975,927,36,5,10,917,0,0.2777777777777778
C100_COH,17,coronacases_005,coronacases_005,0,0.975,1937,2,1,2,1935,0,1.0
C100_COH,17,coronacases_006,coronacases_006,2,0.975,2071,1,0,0,2071,0,0.0
C100_COH,17,coronacases_007,coronacases_007,2,0.975,1305,7,0,2,1303,0,0.2857142857142857
C100_COH,17,coronacases_009,coronacases_009,3,0.975,787,8,2,4,782,1,0.5
C100_COH,17,coronacases_010,coronacases_010,1,0.975,3932,6,0,2,3930,0,0.3333333333333333
C100_COH,17,radiopaedia_10_85902_1,radiopaedia_case_10,1,0.975,14129,2,0,1,14128,0,0.5
C100_COH,17,radiopaedia_10_85902_3,radiopaedia_case_10,1,0.975,25210,2,1,1,25209,0,0.5
C100_COH,17,radiopaedia_29_86490_1,radiopaedia_case_29,0,0.975,2812,2,0,0,2812,0,0.0
C100_COH,17,radiopaedia_29_86491_1,radiopaedia_case_29,0,0.975,4138,3,0,3,4135,0,1.0
C100_COH,17,radiopaedia_36_86526_0,radiopaedia_case_36,2,0.975,2229,31,0,11,2218,0,0.3548387096774194
C100_COH,17,radiopaedia_40_86625_0,radiopaedia_case_40,3,0.975,1634,9,1,1,1633,0,0.1111111111111111
C100_COH,17,radiopaedia_4_85506_1,radiopaedia_case_4,1,0.975,18005,29,0,8,17997,0,0.27586206896551724
C100_COH,17,radiopaedia_7_85703_0,radiopaedia_case_7,2,0.975,2157,4,0,1,2156,0,0.25
C100_COH,17,coronacases_001,coronacases_001,3,0.99,1137,44,10,25,1111,1,0.5681818181818182
C100_COH,17,coronacases_002,coronacases_002,0,0.99,3409,26,0,20,3389,0,0.7692307692307693
C100_COH,17,coronacases_003,coronacases_003,3,0.99,1244,36,5,11,1233,0,0.3055555555555556
C100_COH,17,coronacases_005,coronacases_005,0,0.99,1607,2,1,2,1605,0,1.0
C100_COH,17,coronacases_006,coronacases_006,2,0.99,2046,1,0,0,2046,0,0.0
C100_COH,17,coronacases_007,coronacases_007,2,0.99,1276,7,0,3,1273,0,0.42857142857142855
C100_COH,17,coronacases_009,coronacases_009,3,0.99,742,8,2,3,738,1,0.375
C100_COH,17,coronacases_010,coronacases_010,1,0.99,2982,6,0,2,2980,0,0.3333333333333333
C100_COH,17,radiopaedia_10_85902_1,radiopaedia_case_10,1,0.99,12242,2,0,1,12241,0,0.5
C100_COH,17,radiopaedia_10_85902_3,radiopaedia_case_10,1,0.99,21363,2,1,1,21362,0,0.5
C100_COH,17,radiopaedia_29_86490_1,radiopaedia_case_29,0,0.99,2644,2,0,0,2644,0,0.0
C100_COH,17,radiopaedia_29_86491_1,radiopaedia_case_29,0,0.99,3665,3,0,3,3662,0,1.0
C100_COH,17,radiopaedia_36_86526_0,radiopaedia_case_36,2,0.99,2045,31,0,14,2031,0,0.45161290322580644
C100_COH,17,radiopaedia_40_86625_0,radiopaedia_case_40,3,0.99,1659,9,1,1,1658,0,0.1111111111111111
C100_COH,17,radiopaedia_4_85506_1,radiopaedia_case_4,1,0.99,12754,29,0,9,12745,0,0.3103448275862069
C100_COH,17,radiopaedia_7_85703_0,radiopaedia_case_7,2,0.99,1995,4,0,1,1994,0,0.25
C100_COH,17,coronacases_001,coronacases_001,3,0.995,1267,44,10,27,1239,1,0.6136363636363636
C100_COH,17,coronacases_002,coronacases_002,0,0.995,3019,26,0,22,2997,0,0.8461538461538461
C100_COH,17,coronacases_003,coronacases_003,3,0.995,1647,36,5,12,1635,0,0.3333333333333333
C100_COH,17,coronacases_005,coronacases_005,0,0.995,1546,2,1,2,1544,0,1.0
C100_COH,17,coronacases_006,coronacases_006,2,0.995,2295,1,0,0,2295,0,0.0
C100_COH,17,coronacases_007,coronacases_007,2,0.995,1326,7,0,5,1321,0,0.7142857142857143
C100_COH,17,coronacases_009,coronacases_009,3,0.995,792,8,2,3,788,1,0.375
C100_COH,17,coronacases_010,coronacases_010,1,0.995,2766,6,0,2,2764,0,0.3333333333333333
C100_COH,17,radiopaedia_10_85902_1,radiopaedia_case_10,1,0.995,9790,2,0,1,9789,0,0.5
C100_COH,17,radiopaedia_10_85902_3,radiopaedia_case_10,1,0.995,17997,2,1,1,17996,0,0.5
C100_COH,17,radiopaedia_29_86490_1,radiopaedia_case_29,0,0.995,2464,2,0,1,2463,0,0.5
C100_COH,17,radiopaedia_29_86491_1,radiopaedia_case_29,0,0.995,3177,3,0,3,3174,0,1.0
C100_COH,17,radiopaedia_36_86526_0,radiopaedia_case_36,2,0.995,1740,31,0,14,1726,0,0.45161290322580644
C100_COH,17,radiopaedia_40_86625_0,radiopaedia_case_40,3,0.995,1960,9,1,1,1959,0,0.1111111111111111
C100_COH,17,radiopaedia_4_85506_1,radiopaedia_case_4,1,0.995,8998,29,0,11,8987,0,0.3793103448275862
C100_COH,17,radiopaedia_7_85703_0,radiopaedia_case_7,2,0.995,1995,4,0,1,1994,0,0.25
C100_COH,17,coronacases_001,coronacases_001,3,1.000001,0,44,10,0,0,0,0.0
C100_COH,17,coronacases_002,coronacases_002,0,1.000001,0,26,0,0,0,0,0.0
C100_COH,17,coronacases_003,coronacases_003,3,1.000001,0,36,5,0,0,0,0.0
C100_COH,17,coronacases_005,coronacases_005,0,1.000001,0,2,1,0,0,0,0.0
C100_COH,17,coronacases_006,coronacases_006,2,1.000001,0,1,0,0,0,0,0.0
C100_COH,17,coronacases_007,coronacases_007,2,1.000001,0,7,0,0,0,0,0.0
C100_COH,17,coronacases_009,coronacases_009,3,1.000001,0,8,2,0,0,0,0.0
C100_COH,17,coronacases_010,coronacases_010,1,1.000001,0,6,0,0,0,0,0.0
C100_COH,17,radiopaedia_10_85902_1,radiopaedia_case_10,1,1.000001,0,2,0,0,0,0,0.0
C100_COH,17,radiopaedia_10_85902_3,radiopaedia_case_10,1,1.000001,0,2,1,0,0,0,0.0
C100_COH,17,radiopaedia_29_86490_1,radiopaedia_case_29,0,1.000001,0,2,0,0,0,0,0.0
C100_COH,17,radiopaedia_29_86491_1,radiopaedia_case_29,0,1.000001,0,3,0,0,0,0,0.0
C100_COH,17,radiopaedia_36_86526_0,radiopaedia_case_36,2,1.000001,0,31,0,0,0,0,0.0
C100_COH,17,radiopaedia_40_86625_0,radiopaedia_case_40,3,1.000001,0,9,1,0,0,0,0.0
C100_COH,17,radiopaedia_4_85506_1,radiopaedia_case_4,1,1.000001,0,29,0,0,0,0,0.0
C100_COH,17,radiopaedia_7_85703_0,radiopaedia_case_7,2,1.000001,0,4,0,0,0,0,0.0
C100_COH,29,coronacases_001,coronacases_001,3,0.05,2907,44,10,15,2892,0,0.3409090909090909
C100_COH,29,coronacases_002,coronacases_002,0,0.05,2592,26,0,1,2591,0,0.038461538461538464
C100_COH,29,coronacases_003,coronacases_003,3,0.05,1292,36,5,4,1288,0,0.1111111111111111
C100_COH,29,coronacases_005,coronacases_005,0,0.05,1768,2,1,0,1768,0,0.0
C100_COH,29,coronacases_006,coronacases_006,2,0.05,3267,1,0,0,3267,0,0.0
C100_COH,29,coronacases_007,coronacases_007,2,0.05,1867,7,0,1,1866,0,0.14285714285714285
C100_COH,29,coronacases_009,coronacases_009,3,0.05,3150,8,2,2,3148,0,0.25
C100_COH,29,coronacases_010,coronacases_010,1,0.05,1279,6,0,0,1279,0,0.0
C100_COH,29,radiopaedia_10_85902_1,radiopaedia_case_10,1,0.05,1562,2,0,0,1562,0,0.0
C100_COH,29,radiopaedia_10_85902_3,radiopaedia_case_10,1,0.05,3873,2,1,1,3872,0,0.5
C100_COH,29,radiopaedia_29_86490_1,radiopaedia_case_29,0,0.05,2299,2,0,0,2299,0,0.0
C100_COH,29,radiopaedia_29_86491_1,radiopaedia_case_29,0,0.05,3282,3,0,1,3281,0,0.3333333333333333
C100_COH,29,radiopaedia_36_86526_0,radiopaedia_case_36,2,0.05,2867,31,0,5,2862,0,0.16129032258064516
C100_COH,29,radiopaedia_40_86625_0,radiopaedia_case_40,3,0.05,5480,9,1,1,5478,1,0.1111111111111111
C100_COH,29,radiopaedia_4_85506_1,radiopaedia_case_4,1,0.05,1724,29,0,0,1724,0,0.0
C100_COH,29,radiopaedia_7_85703_0,radiopaedia_case_7,2,0.05,3705,4,0,0,3705,0,0.0
C100_COH,29,coronacases_001,coronacases_001,3,0.1,2498,44,10,16,2482,0,0.36363636363636365
C100_COH,29,coronacases_002,coronacases_002,0,0.1,2739,26,0,3,2736,0,0.11538461538461539
C100_COH,29,coronacases_003,coronacases_003,3,0.1,1139,36,5,5,1134,0,0.1388888888888889
C100_COH,29,coronacases_005,coronacases_005,0,0.1,1816,2,1,0,1816,0,0.0
C100_COH,29,coronacases_006,coronacases_006,2,0.1,4687,1,0,0,4687,0,0.0
C100_COH,29,coronacases_007,coronacases_007,2,0.1,2476,7,0,1,2475,0,0.14285714285714285
C100_COH,29,coronacases_009,coronacases_009,3,0.1,2690,8,2,2,2688,0,0.25
C100_COH,29,coronacases_010,coronacases_010,1,0.1,1205,6,0,0,1205,0,0.0
C100_COH,29,radiopaedia_10_85902_1,radiopaedia_case_10,1,0.1,1713,2,0,0,1713,0,0.0
C100_COH,29,radiopaedia_10_85902_3,radiopaedia_case_10,1,0.1,3757,2,1,1,3756,0,0.5
C100_COH,29,radiopaedia_29_86490_1,radiopaedia_case_29,0,0.1,2351,2,0,0,2351,0,0.0
C100_COH,29,radiopaedia_29_86491_1,radiopaedia_case_29,0,0.1,3098,3,0,1,3097,0,0.3333333333333333
C100_COH,29,radiopaedia_36_86526_0,radiopaedia_case_36,2,0.1,3177,31,0,6,3171,0,0.1935483870967742
C100_COH,29,radiopaedia_40_86625_0,radiopaedia_case_40,3,0.1,5022,9,1,1,5020,1,0.1111111111111111
C100_COH,29,radiopaedia_4_85506_1,radiopaedia_case_4,1,0.1,1631,29,0,1,1630,0,0.034482758620689655
C100_COH,29,radiopaedia_7_85703_0,radiopaedia_case_7,2,0.1,4241,4,0,0,4241,0,0.0
C100_COH,29,coronacases_001,coronacases_001,3,0.15,2382,44,10,18,2363,1,0.4090909090909091
C100_COH,29,coronacases_002,coronacases_002,0,0.15,2704,26,0,3,2701,0,0.11538461538461539
C100_COH,29,coronacases_003,coronacases_003,3,0.15,1077,36,5,5,1072,0,0.1388888888888889
C100_COH,29,coronacases_005,coronacases_005,0,0.15,1792,2,1,0,1792,0,0.0
C100_COH,29,coronacases_006,coronacases_006,2,0.15,6354,1,0,0,6354,0,0.0
C100_COH,29,coronacases_007,coronacases_007,2,0.15,3454,7,0,1,3453,0,0.14285714285714285
C100_COH,29,coronacases_009,coronacases_009,3,0.15,2446,8,2,2,2444,0,0.25
C100_COH,29,coronacases_010,coronacases_010,1,0.15,1135,6,0,0,1135,0,0.0
C100_COH,29,radiopaedia_10_85902_1,radiopaedia_case_10,1,0.15,1571,2,0,0,1571,0,0.0
C100_COH,29,radiopaedia_10_85902_3,radiopaedia_case_10,1,0.15,3666,2,1,1,3665,0,0.5
C100_COH,29,radiopaedia_29_86490_1,radiopaedia_case_29,0,0.15,2329,2,0,0,2329,0,0.0
C100_COH,29,radiopaedia_29_86491_1,radiopaedia_case_29,0,0.15,3053,3,0,1,3052,0,0.3333333333333333
C100_COH,29,radiopaedia_36_86526_0,radiopaedia_case_36,2,0.15,3607,31,0,7,3600,0,0.22580645161290322
C100_COH,29,radiopaedia_40_86625_0,radiopaedia_case_40,3,0.15,4716,9,1,1,4714,1,0.1111111111111111
C100_COH,29,radiopaedia_4_85506_1,radiopaedia_case_4,1,0.15,1257,29,0,1,1256,0,0.034482758620689655
C100_COH,29,radiopaedia_7_85703_0,radiopaedia_case_7,2,0.15,4950,4,0,0,4950,0,0.0
C100_COH,29,coronacases_001,coronacases_001,3,0.2,2481,44,10,18,2462,1,0.4090909090909091
C100_COH,29,coronacases_002,coronacases_002,0,0.2,2645,26,0,3,2642,0,0.11538461538461539
C100_COH,29,coronacases_003,coronacases_003,3,0.2,1075,36,5,7,1068,0,0.19444444444444445
C100_COH,29,coronacases_005,coronacases_005,0,0.2,1711,2,1,0,1711,0,0.0
C100_COH,29,coronacases_006,coronacases_006,2,0.2,8299,1,0,0,8299,0,0.0
C100_COH,29,coronacases_007,coronacases_007,2,0.2,4865,7,0,1,4864,0,0.14285714285714285
C100_COH,29,coronacases_009,coronacases_009,3,0.2,2510,8,2,2,2508,0,0.25
C100_COH,29,coronacases_010,coronacases_010,1,0.2,1125,6,0,0,1125,0,0.0
C100_COH,29,radiopaedia_10_85902_1,radiopaedia_case_10,1,0.2,1412,2,0,0,1412,0,0.0
C100_COH,29,radiopaedia_10_85902_3,radiopaedia_case_10,1,0.2,3696,2,1,1,3695,0,0.5
C100_COH,29,radiopaedia_29_86490_1,radiopaedia_case_29,0,0.2,2317,2,0,0,2317,0,0.0
C100_COH,29,radiopaedia_29_86491_1,radiopaedia_case_29,0,0.2,3071,3,0,1,3070,0,0.3333333333333333
C100_COH,29,radiopaedia_36_86526_0,radiopaedia_case_36,2,0.2,3946,31,0,8,3938,0,0.25806451612903225
C100_COH,29,radiopaedia_40_86625_0,radiopaedia_case_40,3,0.2,4607,9,1,1,4605,1,0.1111111111111111
C100_COH,29,radiopaedia_4_85506_1,radiopaedia_case_4,1,0.2,1200,29,0,1,1199,0,0.034482758620689655
C100_COH,29,radiopaedia_7_85703_0,radiopaedia_case_7,2,0.2,5929,4,0,0,5929,0,0.0
C100_COH,29,coronacases_001,coronacases_001,3,0.25,2667,44,10,19,2647,1,0.4318181818181818
C100_COH,29,coronacases_002,coronacases_002,0,0.25,2613,26,0,3,2610,0,0.11538461538461539
C100_COH,29,coronacases_003,coronacases_003,3,0.25,1111,36,5,7,1104,0,0.19444444444444445
C100_COH,29,coronacases_005,coronacases_005,0,0.25,1623,2,1,0,1623,0,0.0
C100_COH,29,coronacases_006,coronacases_006,2,0.25,10351,1,0,0,10351,0,0.0
C100_COH,29,coronacases_007,coronacases_007,2,0.25,6574,7,0,1,6573,0,0.14285714285714285
C100_COH,29,coronacases_009,coronacases_009,3,0.25,2717,8,2,2,2715,0,0.25
C100_COH,29,coronacases_010,coronacases_010,1,0.25,1146,6,0,0,1146,0,0.0
C100_COH,29,radiopaedia_10_85902_1,radiopaedia_case_10,1,0.25,1305,2,0,1,1304,0,0.5
C100_COH,29,radiopaedia_10_85902_3,radiopaedia_case_10,1,0.25,3737,2,1,1,3736,0,0.5
C100_COH,29,radiopaedia_29_86490_1,radiopaedia_case_29,0,0.25,2302,2,0,0,2302,0,0.0
C100_COH,29,radiopaedia_29_86491_1,radiopaedia_case_29,0,0.25,3073,3,0,1,3072,0,0.3333333333333333
C100_COH,29,radiopaedia_36_86526_0,radiopaedia_case_36,2,0.25,4294,31,0,8,4286,0,0.25806451612903225
C100_COH,29,radiopaedia_40_86625_0,radiopaedia_case_40,3,0.25,4389,9,1,1,4387,1,0.1111111111111111
C100_COH,29,radiopaedia_4_85506_1,radiopaedia_case_4,1,0.25,1211,29,0,2,1209,0,0.06896551724137931
C100_COH,29,radiopaedia_7_85703_0,radiopaedia_case_7,2,0.25,7187,4,0,0,7187,0,0.0
C100_COH,29,coronacases_001,coronacases_001,3,0.3,2959,44,10,19,2939,1,0.4318181818181818
C100_COH,29,coronacases_002,coronacases_002,0,0.3,2610,26,0,3,2607,0,0.11538461538461539
C100_COH,29,coronacases_003,coronacases_003,3,0.3,1169,36,5,9,1160,0,0.25
C100_COH,29,coronacases_005,coronacases_005,0,0.3,1571,2,1,0,1571,0,0.0
C100_COH,29,coronacases_006,coronacases_006,2,0.3,12522,1,0,0,12522,0,0.0
C100_COH,29,coronacases_007,coronacases_007,2,0.3,8381,7,0,1,8380,0,0.14285714285714285
C100_COH,29,coronacases_009,coronacases_009,3,0.3,3025,8,2,2,3023,0,0.25
C100_COH,29,coronacases_010,coronacases_010,1,0.3,1132,6,0,0,1132,0,0.0
C100_COH,29,radiopaedia_10_85902_1,radiopaedia_case_10,1,0.3,1245,2,0,1,1244,0,0.5
C100_COH,29,radiopaedia_10_85902_3,radiopaedia_case_10,1,0.3,3748,2,1,1,3747,0,0.5
C100_COH,29,radiopaedia_29_86490_1,radiopaedia_case_29,0,0.3,2229,2,0,0,2229,0,0.0
C100_COH,29,radiopaedia_29_86491_1,radiopaedia_case_29,0,0.3,3134,3,0,1,3133,0,0.3333333333333333
C100_COH,29,radiopaedia_36_86526_0,radiopaedia_case_36,2,0.3,4743,31,0,8,4735,0,0.25806451612903225
C100_COH,29,radiopaedia_40_86625_0,radiopaedia_case_40,3,0.3,4342,9,1,1,4340,1,0.1111111111111111
C100_COH,29,radiopaedia_4_85506_1,radiopaedia_case_4,1,0.3,1183,29,0,3,1180,0,0.10344827586206896
C100_COH,29,radiopaedia_7_85703_0,radiopaedia_case_7,2,0.3,8680,4,0,0,8680,0,0.0
C100_COH,29,coronacases_001,coronacases_001,3,0.35,3412,44,10,20,3391,1,0.45454545454545453
C100_COH,29,coronacases_002,coronacases_002,0,0.35,2631,26,0,3,2628,0,0.11538461538461539
C100_COH,29,coronacases_003,coronacases_003,3,0.35,1303,36,5,10,1293,0,0.2777777777777778
C100_COH,29,coronacases_005,coronacases_005,0,0.35,1525,2,1,0,1525,0,0.0
C100_COH,29,coronacases_006,coronacases_006,2,0.35,14903,1,0,0,14903,0,0.0
C100_COH,29,coronacases_007,coronacases_007,2,0.35,10132,7,0,1,10131,0,0.14285714285714285
C100_COH,29,coronacases_009,coronacases_009,3,0.35,3486,8,2,2,3484,0,0.25
C100_COH,29,coronacases_010,coronacases_010,1,0.35,1158,6,0,0,1158,0,0.0
C100_COH,29,radiopaedia_10_85902_1,radiopaedia_case_10,1,0.35,1140,2,0,1,1139,0,0.5
C100_COH,29,radiopaedia_10_85902_3,radiopaedia_case_10,1,0.35,3764,2,1,1,3763,0,0.5
C100_COH,29,radiopaedia_29_86490_1,radiopaedia_case_29,0,0.35,2156,2,0,0,2156,0,0.0
C100_COH,29,radiopaedia_29_86491_1,radiopaedia_case_29,0,0.35,3189,3,0,1,3188,0,0.3333333333333333
C100_COH,29,radiopaedia_36_86526_0,radiopaedia_case_36,2,0.35,5107,31,0,8,5099,0,0.25806451612903225
C100_COH,29,radiopaedia_40_86625_0,radiopaedia_case_40,3,0.35,4261,9,1,1,4259,1,0.1111111111111111
C100_COH,29,radiopaedia_4_85506_1,radiopaedia_case_4,1,0.35,1180,29,0,3,1177,0,0.10344827586206896
C100_COH,29,radiopaedia_7_85703_0,radiopaedia_case_7,2,0.35,10319,4,0,0,10319,0,0.0
C100_COH,29,coronacases_001,coronacases_001,3,0.4,3966,44,10,19,3946,1,0.4318181818181818
C100_COH,29,coronacases_002,coronacases_002,0,0.4,2624,26,0,3,2621,0,0.11538461538461539
C100_COH,29,coronacases_003,coronacases_003,3,0.4,1503,36,5,10,1493,0,0.2777777777777778
C100_COH,29,coronacases_005,coronacases_005,0,0.4,1516,2,1,0,1516,0,0.0
C100_COH,29,coronacases_006,coronacases_006,2,0.4,17628,1,0,0,17628,0,0.0
C100_COH,29,coronacases_007,coronacases_007,2,0.4,11599,7,0,1,11598,0,0.14285714285714285
C100_COH,29,coronacases_009,coronacases_009,3,0.4,4038,8,2,2,4036,0,0.25
C100_COH,29,coronacases_010,coronacases_010,1,0.4,1165,6,0,0,1165,0,0.0
C100_COH,29,radiopaedia_10_85902_1,radiopaedia_case_10,1,0.4,1093,2,0,1,1092,0,0.5
C100_COH,29,radiopaedia_10_85902_3,radiopaedia_case_10,1,0.4,3786,2,1,1,3785,0,0.5
C100_COH,29,radiopaedia_29_86490_1,radiopaedia_case_29,0,0.4,2178,2,0,0,2178,0,0.0
C100_COH,29,radiopaedia_29_86491_1,radiopaedia_case_29,0,0.4,3210,3,0,2,3208,0,0.6666666666666666
C100_COH,29,radiopaedia_36_86526_0,radiopaedia_case_36,2,0.4,5527,31,0,9,5518,0,0.2903225806451613
C100_COH,29,radiopaedia_40_86625_0,radiopaedia_case_40,3,0.4,4179,9,1,1,4177,1,0.1111111111111111
C100_COH,29,radiopaedia_4_85506_1,radiopaedia_case_4,1,0.4,1072,29,0,4,1068,0,0.13793103448275862
C100_COH,29,radiopaedia_7_85703_0,radiopaedia_case_7,2,0.4,12327,4,0,0,12327,0,0.0
C100_COH,29,coronacases_001,coronacases_001,3,0.45,4677,44,10,19,4657,1,0.4318181818181818
C100_COH,29,coronacases_002,coronacases_002,0,0.45,2674,26,0,3,2671,0,0.11538461538461539
C100_COH,29,coronacases_003,coronacases_003,3,0.45,1820,36,5,10,1810,0,0.2777777777777778
C100_COH,29,coronacases_005,coronacases_005,0,0.45,1485,2,1,0,1485,0,0.0
C100_COH,29,coronacases_006,coronacases_006,2,0.45,20536,1,0,0,20536,0,0.0
C100_COH,29,coronacases_007,coronacases_007,2,0.45,12740,7,0,2,12738,0,0.2857142857142857
C100_COH,29,coronacases_009,coronacases_009,3,0.45,4535,8,2,3,4532,0,0.375
C100_COH,29,coronacases_010,coronacases_010,1,0.45,1186,6,0,0,1186,0,0.0
C100_COH,29,radiopaedia_10_85902_1,radiopaedia_case_10,1,0.45,1110,2,0,1,1109,0,0.5
C100_COH,29,radiopaedia_10_85902_3,radiopaedia_case_10,1,0.45,3722,2,1,1,3721,0,0.5
C100_COH,29,radiopaedia_29_86490_1,radiopaedia_case_29,0,0.45,2104,2,0,0,2104,0,0.0
C100_COH,29,radiopaedia_29_86491_1,radiopaedia_case_29,0,0.45,3195,3,0,2,3193,0,0.6666666666666666
C100_COH,29,radiopaedia_36_86526_0,radiopaedia_case_36,2,0.45,5814,31,0,10,5804,0,0.3225806451612903
C100_COH,29,radiopaedia_40_86625_0,radiopaedia_case_40,3,0.45,4170,9,1,1,4168,1,0.1111111111111111
C100_COH,29,radiopaedia_4_85506_1,radiopaedia_case_4,1,0.45,976,29,0,4,972,0,0.13793103448275862
C100_COH,29,radiopaedia_7_85703_0,radiopaedia_case_7,2,0.45,14497,4,0,0,14497,0,0.0
C100_COH,29,coronacases_001,coronacases_001,3,0.5,5373,44,10,20,5352,1,0.45454545454545453
C100_COH,29,coronacases_002,coronacases_002,0,0.5,2728,26,0,3,2725,0,0.11538461538461539
C100_COH,29,coronacases_003,coronacases_003,3,0.5,2298,36,5,10,2288,0,0.2777777777777778
C100_COH,29,coronacases_005,coronacases_005,0,0.5,1495,2,1,0,1495,0,0.0
C100_COH,29,coronacases_006,coronacases_006,2,0.5,23707,1,0,0,23707,0,0.0
C100_COH,29,coronacases_007,coronacases_007,2,0.5,13457,7,0,2,13455,0,0.2857142857142857
C100_COH,29,coronacases_009,coronacases_009,3,0.5,5007,8,2,3,5004,0,0.375
C100_COH,29,coronacases_010,coronacases_010,1,0.5,1198,6,0,0,1198,0,0.0
C100_COH,29,radiopaedia_10_85902_1,radiopaedia_case_10,1,0.5,1084,2,0,1,1083,0,0.5
C100_COH,29,radiopaedia_10_85902_3,radiopaedia_case_10,1,0.5,3654,2,1,1,3653,0,0.5
C100_COH,29,radiopaedia_29_86490_1,radiopaedia_case_29,0,0.5,2054,2,0,0,2054,0,0.0
C100_COH,29,radiopaedia_29_86491_1,radiopaedia_case_29,0,0.5,3178,3,0,2,3176,0,0.6666666666666666
C100_COH,29,radiopaedia_36_86526_0,radiopaedia_case_36,2,0.5,6069,31,0,10,6059,0,0.3225806451612903
C100_COH,29,radiopaedia_40_86625_0,radiopaedia_case_40,3,0.5,4196,9,1,2,4193,1,0.2222222222222222
C100_COH,29,radiopaedia_4_85506_1,radiopaedia_case_4,1,0.5,943,29,0,5,938,0,0.1724137931034483
C100_COH,29,radiopaedia_7_85703_0,radiopaedia_case_7,2,0.5,16777,4,0,0,16777,0,0.0
C100_COH,29,coronacases_001,coronacases_001,3,0.55,6067,44,10,21,6045,1,0.4772727272727273
C100_COH,29,coronacases_002,coronacases_002,0,0.55,2767,26,0,3,2764,0,0.11538461538461539
C100_COH,29,coronacases_003,coronacases_003,3,0.55,2954,36,5,12,2942,0,0.3333333333333333
C100_COH,29,coronacases_005,coronacases_005,0,0.55,1542,2,1,0,1542,0,0.0
C100_COH,29,coronacases_006,coronacases_006,2,0.55,26938,1,0,0,26938,0,0.0
C100_COH,29,coronacases_007,coronacases_007,2,0.55,13774,7,0,2,13772,0,0.2857142857142857
C100_COH,29,coronacases_009,coronacases_009,3,0.55,5395,8,2,3,5392,0,0.375
C100_COH,29,coronacases_010,coronacases_010,1,0.55,1171,6,0,0,1171,0,0.0
C100_COH,29,radiopaedia_10_85902_1,radiopaedia_case_10,1,0.55,1059,2,0,1,1058,0,0.5
C100_COH,29,radiopaedia_10_85902_3,radiopaedia_case_10,1,0.55,3641,2,1,1,3640,0,0.5
C100_COH,29,radiopaedia_29_86490_1,radiopaedia_case_29,0,0.55,2012,2,0,0,2012,0,0.0
C100_COH,29,radiopaedia_29_86491_1,radiopaedia_case_29,0,0.55,3198,3,0,2,3196,0,0.6666666666666666
C100_COH,29,radiopaedia_36_86526_0,radiopaedia_case_36,2,0.55,6536,31,0,11,6525,0,0.3548387096774194
C100_COH,29,radiopaedia_40_86625_0,radiopaedia_case_40,3,0.55,4319,9,1,2,4316,1,0.2222222222222222
C100_COH,29,radiopaedia_4_85506_1,radiopaedia_case_4,1,0.55,911,29,0,6,905,0,0.20689655172413793
C100_COH,29,radiopaedia_7_85703_0,radiopaedia_case_7,2,0.55,19342,4,0,0,19342,0,0.0
C100_COH,29,coronacases_001,coronacases_001,3,0.6,6653,44,10,19,6633,1,0.4318181818181818
C100_COH,29,coronacases_002,coronacases_002,0,0.6,2769,26,0,3,2766,0,0.11538461538461539
C100_COH,29,coronacases_003,coronacases_003,3,0.6,3866,36,5,12,3854,0,0.3333333333333333
C100_COH,29,coronacases_005,coronacases_005,0,0.6,1575,2,1,0,1575,0,0.0
C100_COH,29,coronacases_006,coronacases_006,2,0.6,29926,1,0,0,29926,0,0.0
C100_COH,29,coronacases_007,coronacases_007,2,0.6,13816,7,0,2,13814,0,0.2857142857142857
C100_COH,29,coronacases_009,coronacases_009,3,0.6,5695,8,2,3,5692,0,0.375
C100_COH,29,coronacases_010,coronacases_010,1,0.6,1147,6,0,0,1147,0,0.0
C100_COH,29,radiopaedia_10_85902_1,radiopaedia_case_10,1,0.6,1016,2,0,1,1015,0,0.5
C100_COH,29,radiopaedia_10_85902_3,radiopaedia_case_10,1,0.6,3535,2,1,1,3534,0,0.5
C100_COH,29,radiopaedia_29_86490_1,radiopaedia_case_29,0,0.6,1998,2,0,0,1998,0,0.0
C100_COH,29,radiopaedia_29_86491_1,radiopaedia_case_29,0,0.6,3230,3,0,2,3228,0,0.6666666666666666
C100_COH,29,radiopaedia_36_86526_0,radiopaedia_case_36,2,0.6,7055,31,0,12,7043,0,0.3870967741935484
C100_COH,29,radiopaedia_40_86625_0,radiopaedia_case_40,3,0.6,4549,9,1,2,4546,1,0.2222222222222222
C100_COH,29,radiopaedia_4_85506_1,radiopaedia_case_4,1,0.6,911,29,0,7,904,0,0.2413793103448276
C100_COH,29,radiopaedia_7_85703_0,radiopaedia_case_7,2,0.6,21802,4,0,0,21802,0,0.0
C100_COH,29,coronacases_001,coronacases_001,3,0.65,7003,44,10,20,6982,1,0.45454545454545453
C100_COH,29,coronacases_002,coronacases_002,0,0.65,2748,26,0,3,2745,0,0.11538461538461539
C100_COH,29,coronacases_003,coronacases_003,3,0.65,5220,36,5,12,5208,0,0.3333333333333333
C100_COH,29,coronacases_005,coronacases_005,0,0.65,1614,2,1,0,1614,0,0.0
C100_COH,29,coronacases_006,coronacases_006,2,0.65,32399,1,0,0,32399,0,0.0
C100_COH,29,coronacases_007,coronacases_007,2,0.65,13473,7,0,2,13471,0,0.2857142857142857
C100_COH,29,coronacases_009,coronacases_009,3,0.65,5791,8,2,4,5787,0,0.5
C100_COH,29,coronacases_010,coronacases_010,1,0.65,1111,6,0,0,1111,0,0.0
C100_COH,29,radiopaedia_10_85902_1,radiopaedia_case_10,1,0.65,1002,2,0,1,1001,0,0.5
C100_COH,29,radiopaedia_10_85902_3,radiopaedia_case_10,1,0.65,3409,2,1,1,3408,0,0.5
C100_COH,29,radiopaedia_29_86490_1,radiopaedia_case_29,0,0.65,1989,2,0,0,1989,0,0.0
C100_COH,29,radiopaedia_29_86491_1,radiopaedia_case_29,0,0.65,3117,3,0,2,3115,0,0.6666666666666666
C100_COH,29,radiopaedia_36_86526_0,radiopaedia_case_36,2,0.65,7623,31,0,14,7609,0,0.45161290322580644
C100_COH,29,radiopaedia_40_86625_0,radiopaedia_case_40,3,0.65,4759,9,1,1,4757,1,0.1111111111111111
C100_COH,29,radiopaedia_4_85506_1,radiopaedia_case_4,1,0.65,881,29,0,6,875,0,0.20689655172413793
C100_COH,29,radiopaedia_7_85703_0,radiopaedia_case_7,2,0.65,24214,4,0,0,24214,0,0.0
C100_COH,29,coronacases_001,coronacases_001,3,0.7,7151,44,10,20,7130,1,0.45454545454545453
C100_COH,29,coronacases_002,coronacases_002,0,0.7,2720,26,0,3,2717,0,0.11538461538461539
C100_COH,29,coronacases_003,coronacases_003,3,0.7,6739,36,5,13,6726,0,0.3611111111111111
C100_COH,29,coronacases_005,coronacases_005,0,0.7,1687,2,1,0,1687,0,0.0
C100_COH,29,coronacases_006,coronacases_006,2,0.7,33972,1,0,0,33972,0,0.0
C100_COH,29,coronacases_007,coronacases_007,2,0.7,12842,7,0,4,12838,0,0.5714285714285714
C100_COH,29,coronacases_009,coronacases_009,3,0.7,5811,8,2,4,5807,0,0.5
C100_COH,29,coronacases_010,coronacases_010,1,0.7,1068,6,0,0,1068,0,0.0
C100_COH,29,radiopaedia_10_85902_1,radiopaedia_case_10,1,0.7,978,2,0,1,977,0,0.5
C100_COH,29,radiopaedia_10_85902_3,radiopaedia_case_10,1,0.7,3232,2,1,1,3231,0,0.5
C100_COH,29,radiopaedia_29_86490_1,radiopaedia_case_29,0,0.7,1938,2,0,0,1938,0,0.0
C100_COH,29,radiopaedia_29_86491_1,radiopaedia_case_29,0,0.7,3077,3,0,2,3075,0,0.6666666666666666
C100_COH,29,radiopaedia_36_86526_0,radiopaedia_case_36,2,0.7,8223,31,0,13,8210,0,0.41935483870967744
C100_COH,29,radiopaedia_40_86625_0,radiopaedia_case_40,3,0.7,5056,9,1,1,5054,1,0.1111111111111111
C100_COH,29,radiopaedia_4_85506_1,radiopaedia_case_4,1,0.7,940,29,0,6,934,0,0.20689655172413793
C100_COH,29,radiopaedia_7_85703_0,radiopaedia_case_7,2,0.7,26316,4,0,0,26316,0,0.0
C100_COH,29,coronacases_001,coronacases_001,3,0.75,6998,44,10,21,6976,1,0.4772727272727273
C100_COH,29,coronacases_002,coronacases_002,0,0.75,2643,26,0,3,2640,0,0.11538461538461539
C100_COH,29,coronacases_003,coronacases_003,3,0.75,8518,36,5,12,8506,0,0.3333333333333333
C100_COH,29,coronacases_005,coronacases_005,0,0.75,1792,2,1,0,1792,0,0.0
C100_COH,29,coronacases_006,coronacases_006,2,0.75,34405,1,0,0,34405,0,0.0
C100_COH,29,coronacases_007,coronacases_007,2,0.75,12065,7,0,4,12061,0,0.5714285714285714
C100_COH,29,coronacases_009,coronacases_009,3,0.75,5700,8,2,4,5696,0,0.5
C100_COH,29,coronacases_010,coronacases_010,1,0.75,1024,6,0,0,1024,0,0.0
C100_COH,29,radiopaedia_10_85902_1,radiopaedia_case_10,1,0.75,933,2,0,1,932,0,0.5
C100_COH,29,radiopaedia_10_85902_3,radiopaedia_case_10,1,0.75,3152,2,1,1,3151,0,0.5
C100_COH,29,radiopaedia_29_86490_1,radiopaedia_case_29,0,0.75,1866,2,0,0,1866,0,0.0
C100_COH,29,radiopaedia_29_86491_1,radiopaedia_case_29,0,0.75,3057,3,0,2,3055,0,0.6666666666666666
C100_COH,29,radiopaedia_36_86526_0,radiopaedia_case_36,2,0.75,9165,31,0,13,9152,0,0.41935483870967744
C100_COH,29,radiopaedia_40_86625_0,radiopaedia_case_40,3,0.75,5605,9,1,1,5604,0,0.1111111111111111
C100_COH,29,radiopaedia_4_85506_1,radiopaedia_case_4,1,0.75,974,29,0,6,968,0,0.20689655172413793
C100_COH,29,radiopaedia_7_85703_0,radiopaedia_case_7,2,0.75,28033,4,0,2,28031,0,0.5
C100_COH,29,coronacases_001,coronacases_001,3,0.8,6651,44,10,21,6629,1,0.4772727272727273
C100_COH,29,coronacases_002,coronacases_002,0,0.8,2594,26,0,3,2591,0,0.11538461538461539
C100_COH,29,coronacases_003,coronacases_003,3,0.8,10236,36,5,12,10224,0,0.3333333333333333
C100_COH,29,coronacases_005,coronacases_005,0,0.8,1748,2,1,0,1748,0,0.0
C100_COH,29,coronacases_006,coronacases_006,2,0.8,32996,1,0,0,32996,0,0.0
C100_COH,29,coronacases_007,coronacases_007,2,0.8,10798,7,0,5,10793,0,0.7142857142857143
C100_COH,29,coronacases_009,coronacases_009,3,0.8,5493,8,2,4,5489,0,0.5
C100_COH,29,coronacases_010,coronacases_010,1,0.8,1040,6,0,0,1040,0,0.0
C100_COH,29,radiopaedia_10_85902_1,radiopaedia_case_10,1,0.8,911,2,0,1,910,0,0.5
C100_COH,29,radiopaedia_10_85902_3,radiopaedia_case_10,1,0.8,3090,2,1,1,3089,0,0.5
C100_COH,29,radiopaedia_29_86490_1,radiopaedia_case_29,0,0.8,1863,2,0,0,1863,0,0.0
C100_COH,29,radiopaedia_29_86491_1,radiopaedia_case_29,0,0.8,3133,3,0,2,3131,0,0.6666666666666666
C100_COH,29,radiopaedia_36_86526_0,radiopaedia_case_36,2,0.8,10157,31,0,15,10142,0,0.4838709677419355
C100_COH,29,radiopaedia_40_86625_0,radiopaedia_case_40,3,0.8,6335,9,1,1,6334,0,0.1111111111111111
C100_COH,29,radiopaedia_4_85506_1,radiopaedia_case_4,1,0.8,1064,29,0,6,1058,0,0.20689655172413793
C100_COH,29,radiopaedia_7_85703_0,radiopaedia_case_7,2,0.8,29294,4,0,2,29292,0,0.5
C100_COH,29,coronacases_001,coronacases_001,3,0.85,6131,44,10,21,6109,1,0.4772727272727273
C100_COH,29,coronacases_002,coronacases_002,0,0.85,2431,26,0,3,2428,0,0.11538461538461539
C100_COH,29,coronacases_003,coronacases_003,3,0.85,11271,36,5,13,11258,0,0.3611111111111111
C100_COH,29,coronacases_005,coronacases_005,0,0.85,1652,2,1,0,1652,0,0.0
C100_COH,29,coronacases_006,coronacases_006,2,0.85,29391,1,0,0,29391,0,0.0
C100_COH,29,coronacases_007,coronacases_007,2,0.85,9328,7,0,5,9323,0,0.7142857142857143
C100_COH,29,coronacases_009,coronacases_009,3,0.85,5120,8,2,4,5116,0,0.5
C100_COH,29,coronacases_010,coronacases_010,1,0.85,1034,6,0,1,1033,0,0.16666666666666666
C100_COH,29,radiopaedia_10_85902_1,radiopaedia_case_10,1,0.85,913,2,0,1,912,0,0.5
C100_COH,29,radiopaedia_10_85902_3,radiopaedia_case_10,1,0.85,2957,2,1,1,2956,0,0.5
C100_COH,29,radiopaedia_29_86490_1,radiopaedia_case_29,0,0.85,1808,2,0,0,1808,0,0.0
C100_COH,29,radiopaedia_29_86491_1,radiopaedia_case_29,0,0.85,3123,3,0,2,3121,0,0.6666666666666666
C100_COH,29,radiopaedia_36_86526_0,radiopaedia_case_36,2,0.85,11552,31,0,15,11537,0,0.4838709677419355
C100_COH,29,radiopaedia_40_86625_0,radiopaedia_case_40,3,0.85,7566,9,1,1,7565,0,0.1111111111111111
C100_COH,29,radiopaedia_4_85506_1,radiopaedia_case_4,1,0.85,1116,29,0,6,1110,0,0.20689655172413793
C100_COH,29,radiopaedia_7_85703_0,radiopaedia_case_7,2,0.85,29618,4,0,2,29616,0,0.5
C100_COH,29,coronacases_001,coronacases_001,3,0.9,5655,44,10,21,5633,1,0.4772727272727273
C100_COH,29,coronacases_002,coronacases_002,0,0.9,2309,26,0,5,2304,0,0.19230769230769232
C100_COH,29,coronacases_003,coronacases_003,3,0.9,10834,36,5,13,10821,0,0.3611111111111111
C100_COH,29,coronacases_005,coronacases_005,0,0.9,1457,2,1,0,1457,0,0.0
C100_COH,29,coronacases_006,coronacases_006,2,0.9,23423,1,0,0,23423,0,0.0
C100_COH,29,coronacases_007,coronacases_007,2,0.9,7430,7,0,5,7425,0,0.7142857142857143
C100_COH,29,coronacases_009,coronacases_009,3,0.9,4692,8,2,4,4688,0,0.5
C100_COH,29,coronacases_010,coronacases_010,1,0.9,1133,6,0,2,1131,0,0.3333333333333333
C100_COH,29,radiopaedia_10_85902_1,radiopaedia_case_10,1,0.9,911,2,0,1,910,0,0.5
C100_COH,29,radiopaedia_10_85902_3,radiopaedia_case_10,1,0.9,2911,2,1,1,2910,0,0.5
C100_COH,29,radiopaedia_29_86490_1,radiopaedia_case_29,0,0.9,1787,2,0,0,1787,0,0.0
C100_COH,29,radiopaedia_29_86491_1,radiopaedia_case_29,0,0.9,2937,3,0,2,2935,0,0.6666666666666666
C100_COH,29,radiopaedia_36_86526_0,radiopaedia_case_36,2,0.9,13048,31,0,19,13029,0,0.6129032258064516
C100_COH,29,radiopaedia_40_86625_0,radiopaedia_case_40,3,0.9,9627,9,1,0,9627,0,0.0
C100_COH,29,radiopaedia_4_85506_1,radiopaedia_case_4,1,0.9,1244,29,0,7,1237,0,0.2413793103448276
C100_COH,29,radiopaedia_7_85703_0,radiopaedia_case_7,2,0.9,28022,4,0,2,28020,0,0.5
C100_COH,29,coronacases_001,coronacases_001,3,0.95,5426,44,10,22,5403,1,0.5
C100_COH,29,coronacases_002,coronacases_002,0,0.95,2197,26,0,8,2189,0,0.3076923076923077
C100_COH,29,coronacases_003,coronacases_003,3,0.95,8892,36,5,12,8880,0,0.3333333333333333
C100_COH,29,coronacases_005,coronacases_005,0,0.95,1252,2,1,1,1251,0,0.5
C100_COH,29,coronacases_006,coronacases_006,2,0.95,15089,1,0,0,15089,0,0.0
C100_COH,29,coronacases_007,coronacases_007,2,0.95,5349,7,0,5,5344,0,0.7142857142857143
C100_COH,29,coronacases_009,coronacases_009,3,0.95,4221,8,2,4,4216,1,0.5
C100_COH,29,coronacases_010,coronacases_010,1,0.95,1246,6,0,3,1243,0,0.5
C100_COH,29,radiopaedia_10_85902_1,radiopaedia_case_10,1,0.95,917,2,0,1,916,0,0.5
C100_COH,29,radiopaedia_10_85902_3,radiopaedia_case_10,1,0.95,2950,2,1,1,2949,0,0.5
C100_COH,29,radiopaedia_29_86490_1,radiopaedia_case_29,0,0.95,1674,2,0,0,1674,0,0.0
C100_COH,29,radiopaedia_29_86491_1,radiopaedia_case_29,0,0.95,2513,3,0,2,2511,0,0.6666666666666666
C100_COH,29,radiopaedia_36_86526_0,radiopaedia_case_36,2,0.95,13950,31,0,20,13930,0,0.6451612903225806
C100_COH,29,radiopaedia_40_86625_0,radiopaedia_case_40,3,0.95,14077,9,1,0,14077,0,0.0
C100_COH,29,radiopaedia_4_85506_1,radiopaedia_case_4,1,0.95,1461,29,0,7,1454,0,0.2413793103448276
C100_COH,29,radiopaedia_7_85703_0,radiopaedia_case_7,2,0.95,22759,4,0,1,22758,0,0.25
C100_COH,29,coronacases_001,coronacases_001,3,0.975,6114,44,10,21,6092,1,0.4772727272727273
C100_COH,29,coronacases_002,coronacases_002,0,0.975,2538,26,0,10,2528,0,0.38461538461538464
C100_COH,29,coronacases_003,coronacases_003,3,0.975,7400,36,5,13,7387,0,0.3611111111111111
C100_COH,29,coronacases_005,coronacases_005,0,0.975,1466,2,1,1,1465,0,0.5
C100_COH,29,coronacases_006,coronacases_006,2,0.975,9970,1,0,0,9970,0,0.0
C100_COH,29,coronacases_007,coronacases_007,2,0.975,4024,7,0,5,4019,0,0.7142857142857143
C100_COH,29,coronacases_009,coronacases_009,3,0.975,4449,8,2,4,4444,1,0.5
C100_COH,29,coronacases_010,coronacases_010,1,0.975,1551,6,0,3,1548,0,0.5
C100_COH,29,radiopaedia_10_85902_1,radiopaedia_case_10,1,0.975,951,2,0,1,950,0,0.5
C100_COH,29,radiopaedia_10_85902_3,radiopaedia_case_10,1,0.975,3161,2,1,1,3160,0,0.5
C100_COH,29,radiopaedia_29_86490_1,radiopaedia_case_29,0,0.975,1794,2,0,2,1792,0,1.0
C100_COH,29,radiopaedia_29_86491_1,radiopaedia_case_29,0,0.975,2190,3,0,2,2188,0,0.6666666666666666
C100_COH,29,radiopaedia_36_86526_0,radiopaedia_case_36,2,0.975,13166,31,0,23,13143,0,0.7419354838709677
C100_COH,29,radiopaedia_40_86625_0,radiopaedia_case_40,3,0.975,17527,9,1,1,17526,0,0.1111111111111111
C100_COH,29,radiopaedia_4_85506_1,radiopaedia_case_4,1,0.975,1750,29,0,8,1742,0,0.27586206896551724
C100_COH,29,radiopaedia_7_85703_0,radiopaedia_case_7,2,0.975,17093,4,0,1,17092,0,0.25
C100_COH,29,coronacases_001,coronacases_001,3,0.99,7056,44,10,23,7032,1,0.5227272727272727
C100_COH,29,coronacases_002,coronacases_002,0,0.99,3731,26,0,13,3718,0,0.5
C100_COH,29,coronacases_003,coronacases_003,3,0.99,5836,36,5,13,5822,1,0.3611111111111111
C100_COH,29,coronacases_005,coronacases_005,0,0.99,2176,2,1,1,2175,0,0.5
C100_COH,29,coronacases_006,coronacases_006,2,0.99,6992,1,0,1,6991,0,1.0
C100_COH,29,coronacases_007,coronacases_007,2,0.99,3361,7,0,5,3356,0,0.7142857142857143
C100_COH,29,coronacases_009,coronacases_009,3,0.99,5312,8,2,4,5307,1,0.5
C100_COH,29,coronacases_010,coronacases_010,1,0.99,2161,6,0,3,2158,0,0.5
C100_COH,29,radiopaedia_10_85902_1,radiopaedia_case_10,1,0.99,1162,2,0,1,1161,0,0.5
C100_COH,29,radiopaedia_10_85902_3,radiopaedia_case_10,1,0.99,3668,2,1,1,3667,0,0.5
C100_COH,29,radiopaedia_29_86490_1,radiopaedia_case_29,0,0.99,2180,2,0,2,2178,0,1.0
C100_COH,29,radiopaedia_29_86491_1,radiopaedia_case_29,0,0.99,1871,3,0,2,1869,0,0.6666666666666666
C100_COH,29,radiopaedia_36_86526_0,radiopaedia_case_36,2,0.99,10392,31,0,24,10368,0,0.7741935483870968
C100_COH,29,radiopaedia_40_86625_0,radiopaedia_case_40,3,0.99,19236,9,1,1,19235,0,0.1111111111111111
C100_COH,29,radiopaedia_4_85506_1,radiopaedia_case_4,1,0.99,2274,29,0,9,2265,0,0.3103448275862069
C100_COH,29,radiopaedia_7_85703_0,radiopaedia_case_7,2,0.99,11511,4,0,2,11509,0,0.5
C100_COH,29,coronacases_001,coronacases_001,3,0.995,5815,44,10,20,5794,1,0.45454545454545453
C100_COH,29,coronacases_002,coronacases_002,0,0.995,5440,26,0,13,5427,0,0.5
C100_COH,29,coronacases_003,coronacases_003,3,0.995,4937,36,5,13,4923,1,0.3611111111111111
C100_COH,29,coronacases_005,coronacases_005,0,0.995,3206,2,1,1,3205,0,0.5
C100_COH,29,coronacases_006,coronacases_006,2,0.995,5936,1,0,1,5935,0,1.0
C100_COH,29,coronacases_007,coronacases_007,2,0.995,3206,7,0,6,3200,0,0.8571428571428571
C100_COH,29,coronacases_009,coronacases_009,3,0.995,4218,8,2,4,4213,1,0.5
C100_COH,29,coronacases_010,coronacases_010,1,0.995,2618,6,0,3,2615,0,0.5
C100_COH,29,radiopaedia_10_85902_1,radiopaedia_case_10,1,0.995,1382,2,0,1,1381,0,0.5
C100_COH,29,radiopaedia_10_85902_3,radiopaedia_case_10,1,0.995,4345,2,1,1,4344,0,0.5
C100_COH,29,radiopaedia_29_86490_1,radiopaedia_case_29,0,0.995,3023,2,0,1,3022,0,0.5
C100_COH,29,radiopaedia_29_86491_1,radiopaedia_case_29,0,0.995,1781,3,0,2,1779,0,0.6666666666666666
C100_COH,29,radiopaedia_36_86526_0,radiopaedia_case_36,2,0.995,7954,31,0,24,7930,0,0.7741935483870968
C100_COH,29,radiopaedia_40_86625_0,radiopaedia_case_40,3,0.995,18046,9,1,1,18045,0,0.1111111111111111
C100_COH,29,radiopaedia_4_85506_1,radiopaedia_case_4,1,0.995,2834,29,0,12,2822,0,0.41379310344827586
C100_COH,29,radiopaedia_7_85703_0,radiopaedia_case_7,2,0.995,9211,4,0,2,9209,0,0.5
C100_COH,29,coronacases_001,coronacases_001,3,1.000001,0,44,10,0,0,0,0.0
C100_COH,29,coronacases_002,coronacases_002,0,1.000001,0,26,0,0,0,0,0.0
C100_COH,29,coronacases_003,coronacases_003,3,1.000001,0,36,5,0,0,0,0.0
C100_COH,29,coronacases_005,coronacases_005,0,1.000001,0,2,1,0,0,0,0.0
C100_COH,29,coronacases_006,coronacases_006,2,1.000001,0,1,0,0,0,0,0.0
C100_COH,29,coronacases_007,coronacases_007,2,1.000001,0,7,0,0,0,0,0.0
C100_COH,29,coronacases_009,coronacases_009,3,1.000001,0,8,2,0,0,0,0.0
C100_COH,29,coronacases_010,coronacases_010,1,1.000001,0,6,0,0,0,0,0.0
C100_COH,29,radiopaedia_10_85902_1,radiopaedia_case_10,1,1.000001,0,2,0,0,0,0,0.0
C100_COH,29,radiopaedia_10_85902_3,radiopaedia_case_10,1,1.000001,0,2,1,0,0,0,0.0
C100_COH,29,radiopaedia_29_86490_1,radiopaedia_case_29,0,1.000001,0,2,0,0,0,0,0.0
C100_COH,29,radiopaedia_29_86491_1,radiopaedia_case_29,0,1.000001,0,3,0,0,0,0,0.0
C100_COH,29,radiopaedia_36_86526_0,radiopaedia_case_36,2,1.000001,0,31,0,0,0,0,0.0
C100_COH,29,radiopaedia_40_86625_0,radiopaedia_case_40,3,1.000001,0,9,1,0,0,0,0.0
C100_COH,29,radiopaedia_4_85506_1,radiopaedia_case_4,1,1.000001,0,29,0,0,0,0,0.0
C100_COH,29,radiopaedia_7_85703_0,radiopaedia_case_7,2,1.000001,0,4,0,0,0,0,0.0
C100_COH,43,coronacases_001,coronacases_001,3,0.05,1744,44,10,4,1738,2,0.09090909090909091
C100_COH,43,coronacases_002,coronacases_002,0,0.05,2173,26,0,2,2171,0,0.07692307692307693
C100_COH,43,coronacases_003,coronacases_003,3,0.05,998,36,5,6,991,1,0.16666666666666666
C100_COH,43,coronacases_005,coronacases_005,0,0.05,1624,2,1,0,1624,0,0.0
C100_COH,43,coronacases_006,coronacases_006,2,0.05,2483,1,0,0,2483,0,0.0
C100_COH,43,coronacases_007,coronacases_007,2,0.05,1349,7,0,1,1348,0,0.14285714285714285
C100_COH,43,coronacases_009,coronacases_009,3,0.05,1665,8,2,2,1663,0,0.25
C100_COH,43,coronacases_010,coronacases_010,1,0.05,1264,6,0,0,1264,0,0.0
C100_COH,43,radiopaedia_10_85902_1,radiopaedia_case_10,1,0.05,1391,2,0,0,1391,0,0.0
C100_COH,43,radiopaedia_10_85902_3,radiopaedia_case_10,1,0.05,3902,2,1,1,3901,0,0.5
C100_COH,43,radiopaedia_29_86490_1,radiopaedia_case_29,0,0.05,2439,2,0,0,2439,0,0.0
C100_COH,43,radiopaedia_29_86491_1,radiopaedia_case_29,0,0.05,3554,3,0,0,3554,0,0.0
C100_COH,43,radiopaedia_36_86526_0,radiopaedia_case_36,2,0.05,2734,31,0,0,2734,0,0.0
C100_COH,43,radiopaedia_40_86625_0,radiopaedia_case_40,3,0.05,4266,9,1,1,4264,1,0.1111111111111111
C100_COH,43,radiopaedia_4_85506_1,radiopaedia_case_4,1,0.05,1528,29,0,1,1527,0,0.034482758620689655
C100_COH,43,radiopaedia_7_85703_0,radiopaedia_case_7,2,0.05,4344,4,0,0,4344,0,0.0
C100_COH,43,coronacases_001,coronacases_001,3,0.1,1594,44,10,9,1583,2,0.20454545454545456
C100_COH,43,coronacases_002,coronacases_002,0,0.1,2490,26,0,2,2488,0,0.07692307692307693
C100_COH,43,coronacases_003,coronacases_003,3,0.1,946,36,5,6,939,1,0.16666666666666666
C100_COH,43,coronacases_005,coronacases_005,0,0.1,1757,2,1,0,1757,0,0.0
C100_COH,43,coronacases_006,coronacases_006,2,0.1,2679,1,0,0,2679,0,0.0
C100_COH,43,coronacases_007,coronacases_007,2,0.1,1547,7,0,1,1546,0,0.14285714285714285
C100_COH,43,coronacases_009,coronacases_009,3,0.1,1720,8,2,2,1718,0,0.25
C100_COH,43,coronacases_010,coronacases_010,1,0.1,1356,6,0,0,1356,0,0.0
C100_COH,43,radiopaedia_10_85902_1,radiopaedia_case_10,1,0.1,1173,2,0,0,1173,0,0.0
C100_COH,43,radiopaedia_10_85902_3,radiopaedia_case_10,1,0.1,4104,2,1,1,4103,0,0.5
C100_COH,43,radiopaedia_29_86490_1,radiopaedia_case_29,0,0.1,2688,2,0,0,2688,0,0.0
C100_COH,43,radiopaedia_29_86491_1,radiopaedia_case_29,0,0.1,3877,3,0,0,3877,0,0.0
C100_COH,43,radiopaedia_36_86526_0,radiopaedia_case_36,2,0.1,2913,31,0,1,2912,0,0.03225806451612903
C100_COH,43,radiopaedia_40_86625_0,radiopaedia_case_40,3,0.1,4247,9,1,1,4246,0,0.1111111111111111
C100_COH,43,radiopaedia_4_85506_1,radiopaedia_case_4,1,0.1,1477,29,0,1,1476,0,0.034482758620689655
C100_COH,43,radiopaedia_7_85703_0,radiopaedia_case_7,2,0.1,4126,4,0,0,4126,0,0.0
C100_COH,43,coronacases_001,coronacases_001,3,0.15,1411,44,10,10,1399,2,0.22727272727272727
C100_COH,43,coronacases_002,coronacases_002,0,0.15,2640,26,0,2,2638,0,0.07692307692307693
C100_COH,43,coronacases_003,coronacases_003,3,0.15,886,36,5,6,880,0,0.16666666666666666
C100_COH,43,coronacases_005,coronacases_005,0,0.15,1892,2,1,0,1892,0,0.0
C100_COH,43,coronacases_006,coronacases_006,2,0.15,2905,1,0,0,2905,0,0.0
C100_COH,43,coronacases_007,coronacases_007,2,0.15,1673,7,0,1,1672,0,0.14285714285714285
C100_COH,43,coronacases_009,coronacases_009,3,0.15,1583,8,2,2,1581,0,0.25
C100_COH,43,coronacases_010,coronacases_010,1,0.15,1558,6,0,0,1558,0,0.0
C100_COH,43,radiopaedia_10_85902_1,radiopaedia_case_10,1,0.15,1080,2,0,0,1080,0,0.0
C100_COH,43,radiopaedia_10_85902_3,radiopaedia_case_10,1,0.15,4301,2,1,1,4300,0,0.5
C100_COH,43,radiopaedia_29_86490_1,radiopaedia_case_29,0,0.15,2668,2,0,0,2668,0,0.0
C100_COH,43,radiopaedia_29_86491_1,radiopaedia_case_29,0,0.15,3765,3,0,0,3765,0,0.0
C100_COH,43,radiopaedia_36_86526_0,radiopaedia_case_36,2,0.15,2844,31,0,2,2842,0,0.06451612903225806
C100_COH,43,radiopaedia_40_86625_0,radiopaedia_case_40,3,0.15,4165,9,1,1,4164,0,0.1111111111111111
C100_COH,43,radiopaedia_4_85506_1,radiopaedia_case_4,1,0.15,1731,29,0,2,1729,0,0.06896551724137931
C100_COH,43,radiopaedia_7_85703_0,radiopaedia_case_7,2,0.15,4037,4,0,0,4037,0,0.0
C100_COH,43,coronacases_001,coronacases_001,3,0.2,1360,44,10,12,1346,2,0.2727272727272727
C100_COH,43,coronacases_002,coronacases_002,0,0.2,2814,26,0,2,2812,0,0.07692307692307693
C100_COH,43,coronacases_003,coronacases_003,3,0.2,891,36,5,6,885,0,0.16666666666666666
C100_COH,43,coronacases_005,coronacases_005,0,0.2,2028,2,1,0,2028,0,0.0
C100_COH,43,coronacases_006,coronacases_006,2,0.2,3120,1,0,0,3120,0,0.0
C100_COH,43,coronacases_007,coronacases_007,2,0.2,1720,7,0,1,1719,0,0.14285714285714285
C100_COH,43,coronacases_009,coronacases_009,3,0.2,1563,8,2,2,1561,0,0.25
C100_COH,43,coronacases_010,coronacases_010,1,0.2,1812,6,0,0,1812,0,0.0
C100_COH,43,radiopaedia_10_85902_1,radiopaedia_case_10,1,0.2,1065,2,0,0,1065,0,0.0
C100_COH,43,radiopaedia_10_85902_3,radiopaedia_case_10,1,0.2,4491,2,1,1,4490,0,0.5
C100_COH,43,radiopaedia_29_86490_1,radiopaedia_case_29,0,0.2,2711,2,0,0,2711,0,0.0
C100_COH,43,radiopaedia_29_86491_1,radiopaedia_case_29,0,0.2,3556,3,0,0,3556,0,0.0
C100_COH,43,radiopaedia_36_86526_0,radiopaedia_case_36,2,0.2,2747,31,0,2,2745,0,0.06451612903225806
C100_COH,43,radiopaedia_40_86625_0,radiopaedia_case_40,3,0.2,4073,9,1,1,4072,0,0.1111111111111111
C100_COH,43,radiopaedia_4_85506_1,radiopaedia_case_4,1,0.2,2384,29,0,2,2382,0,0.06896551724137931
C100_COH,43,radiopaedia_7_85703_0,radiopaedia_case_7,2,0.2,3651,4,0,0,3651,0,0.0
C100_COH,43,coronacases_001,coronacases_001,3,0.25,1366,44,10,15,1349,2,0.3409090909090909
C100_COH,43,coronacases_002,coronacases_002,0,0.25,2925,26,0,2,2923,0,0.07692307692307693
C100_COH,43,coronacases_003,coronacases_003,3,0.25,879,36,5,6,873,0,0.16666666666666666
C100_COH,43,coronacases_005,coronacases_005,0,0.25,2061,2,1,0,2061,0,0.0
C100_COH,43,coronacases_006,coronacases_006,2,0.25,3103,1,0,0,3103,0,0.0
C100_COH,43,coronacases_007,coronacases_007,2,0.25,1785,7,0,1,1784,0,0.14285714285714285
C100_COH,43,coronacases_009,coronacases_009,3,0.25,1549,8,2,3,1546,0,0.375
C100_COH,43,coronacases_010,coronacases_010,1,0.25,2040,6,0,0,2040,0,0.0
C100_COH,43,radiopaedia_10_85902_1,radiopaedia_case_10,1,0.25,1075,2,0,0,1075,0,0.0
C100_COH,43,radiopaedia_10_85902_3,radiopaedia_case_10,1,0.25,4701,2,1,1,4700,0,0.5
C100_COH,43,radiopaedia_29_86490_1,radiopaedia_case_29,0,0.25,2671,2,0,0,2671,0,0.0
C100_COH,43,radiopaedia_29_86491_1,radiopaedia_case_29,0,0.25,3486,3,0,1,3485,0,0.3333333333333333
C100_COH,43,radiopaedia_36_86526_0,radiopaedia_case_36,2,0.25,2761,31,0,3,2758,0,0.0967741935483871
C100_COH,43,radiopaedia_40_86625_0,radiopaedia_case_40,3,0.25,3969,9,1,1,3968,0,0.1111111111111111
C100_COH,43,radiopaedia_4_85506_1,radiopaedia_case_4,1,0.25,3187,29,0,2,3185,0,0.06896551724137931
C100_COH,43,radiopaedia_7_85703_0,radiopaedia_case_7,2,0.25,3385,4,0,0,3385,0,0.0
C100_COH,43,coronacases_001,coronacases_001,3,0.3,1347,44,10,16,1329,2,0.36363636363636365
C100_COH,43,coronacases_002,coronacases_002,0,0.3,3058,26,0,2,3056,0,0.07692307692307693
C100_COH,43,coronacases_003,coronacases_003,3,0.3,816,36,5,7,809,0,0.19444444444444445
C100_COH,43,coronacases_005,coronacases_005,0,0.3,2152,2,1,0,2152,0,0.0
C100_COH,43,coronacases_006,coronacases_006,2,0.3,2918,1,0,0,2918,0,0.0
C100_COH,43,coronacases_007,coronacases_007,2,0.3,1847,7,0,1,1846,0,0.14285714285714285
C100_COH,43,coronacases_009,coronacases_009,3,0.3,1516,8,2,3,1513,0,0.375
C100_COH,43,coronacases_010,coronacases_010,1,0.3,2210,6,0,0,2210,0,0.0
C100_COH,43,radiopaedia_10_85902_1,radiopaedia_case_10,1,0.3,1096,2,0,0,1096,0,0.0
C100_COH,43,radiopaedia_10_85902_3,radiopaedia_case_10,1,0.3,4948,2,1,1,4947,0,0.5
C100_COH,43,radiopaedia_29_86490_1,radiopaedia_case_29,0,0.3,2671,2,0,0,2671,0,0.0
C100_COH,43,radiopaedia_29_86491_1,radiopaedia_case_29,0,0.3,3289,3,0,1,3288,0,0.3333333333333333
C100_COH,43,radiopaedia_36_86526_0,radiopaedia_case_36,2,0.3,2774,31,0,3,2771,0,0.0967741935483871
C100_COH,43,radiopaedia_40_86625_0,radiopaedia_case_40,3,0.3,3889,9,1,1,3888,0,0.1111111111111111
C100_COH,43,radiopaedia_4_85506_1,radiopaedia_case_4,1,0.3,3807,29,0,2,3805,0,0.06896551724137931
C100_COH,43,radiopaedia_7_85703_0,radiopaedia_case_7,2,0.3,3267,4,0,0,3267,0,0.0
C100_COH,43,coronacases_001,coronacases_001,3,0.35,1276,44,10,16,1258,2,0.36363636363636365
C100_COH,43,coronacases_002,coronacases_002,0,0.35,3138,26,0,2,3136,0,0.07692307692307693
C100_COH,43,coronacases_003,coronacases_003,3,0.35,804,36,5,8,796,0,0.2222222222222222
C100_COH,43,coronacases_005,coronacases_005,0,0.35,2102,2,1,0,2102,0,0.0
C100_COH,43,coronacases_006,coronacases_006,2,0.35,2735,1,0,0,2735,0,0.0
C100_COH,43,coronacases_007,coronacases_007,2,0.35,1865,7,0,1,1864,0,0.14285714285714285
C100_COH,43,coronacases_009,coronacases_009,3,0.35,1464,8,2,3,1461,0,0.375
C100_COH,43,coronacases_010,coronacases_010,1,0.35,2331,6,0,0,2331,0,0.0
C100_COH,43,radiopaedia_10_85902_1,radiopaedia_case_10,1,0.35,1095,2,0,0,1095,0,0.0
C100_COH,43,radiopaedia_10_85902_3,radiopaedia_case_10,1,0.35,5192,2,1,1,5191,0,0.5
C100_COH,43,radiopaedia_29_86490_1,radiopaedia_case_29,0,0.35,2769,2,0,0,2769,0,0.0
C100_COH,43,radiopaedia_29_86491_1,radiopaedia_case_29,0,0.35,3184,3,0,1,3183,0,0.3333333333333333
C100_COH,43,radiopaedia_36_86526_0,radiopaedia_case_36,2,0.35,2949,31,0,3,2946,0,0.0967741935483871
C100_COH,43,radiopaedia_40_86625_0,radiopaedia_case_40,3,0.35,3844,9,1,1,3843,0,0.1111111111111111
C100_COH,43,radiopaedia_4_85506_1,radiopaedia_case_4,1,0.35,4385,29,0,3,4382,0,0.10344827586206896
C100_COH,43,radiopaedia_7_85703_0,radiopaedia_case_7,2,0.35,3126,4,0,0,3126,0,0.0
C100_COH,43,coronacases_001,coronacases_001,3,0.4,1246,44,10,16,1229,1,0.36363636363636365
C100_COH,43,coronacases_002,coronacases_002,0,0.4,3273,26,0,3,3270,0,0.11538461538461539
C100_COH,43,coronacases_003,coronacases_003,3,0.4,760,36,5,8,752,0,0.2222222222222222
C100_COH,43,coronacases_005,coronacases_005,0,0.4,2098,2,1,0,2098,0,0.0
C100_COH,43,coronacases_006,coronacases_006,2,0.4,2553,1,0,0,2553,0,0.0
C100_COH,43,coronacases_007,coronacases_007,2,0.4,1792,7,0,1,1791,0,0.14285714285714285
C100_COH,43,coronacases_009,coronacases_009,3,0.4,1452,8,2,3,1449,0,0.375
C100_COH,43,coronacases_010,coronacases_010,1,0.4,2652,6,0,0,2652,0,0.0
C100_COH,43,radiopaedia_10_85902_1,radiopaedia_case_10,1,0.4,1168,2,0,0,1168,0,0.0
C100_COH,43,radiopaedia_10_85902_3,radiopaedia_case_10,1,0.4,5497,2,1,1,5496,0,0.5
C100_COH,43,radiopaedia_29_86490_1,radiopaedia_case_29,0,0.4,2904,2,0,0,2904,0,0.0
C100_COH,43,radiopaedia_29_86491_1,radiopaedia_case_29,0,0.4,3139,3,0,1,3138,0,0.3333333333333333
C100_COH,43,radiopaedia_36_86526_0,radiopaedia_case_36,2,0.4,3161,31,0,3,3158,0,0.0967741935483871
C100_COH,43,radiopaedia_40_86625_0,radiopaedia_case_40,3,0.4,3712,9,1,1,3711,0,0.1111111111111111
C100_COH,43,radiopaedia_4_85506_1,radiopaedia_case_4,1,0.4,4723,29,0,3,4720,0,0.10344827586206896
C100_COH,43,radiopaedia_7_85703_0,radiopaedia_case_7,2,0.4,3037,4,0,0,3037,0,0.0
C100_COH,43,coronacases_001,coronacases_001,3,0.45,1197,44,10,18,1178,1,0.4090909090909091
C100_COH,43,coronacases_002,coronacases_002,0,0.45,3441,26,0,3,3438,0,0.11538461538461539
C100_COH,43,coronacases_003,coronacases_003,3,0.45,735,36,5,8,727,0,0.2222222222222222
C100_COH,43,coronacases_005,coronacases_005,0,0.45,2111,2,1,0,2111,0,0.0
C100_COH,43,coronacases_006,coronacases_006,2,0.45,2410,1,0,0,2410,0,0.0
C100_COH,43,coronacases_007,coronacases_007,2,0.45,1731,7,0,1,1730,0,0.14285714285714285
C100_COH,43,coronacases_009,coronacases_009,3,0.45,1488,8,2,3,1485,0,0.375
C100_COH,43,coronacases_010,coronacases_010,1,0.45,2848,6,0,0,2848,0,0.0
C100_COH,43,radiopaedia_10_85902_1,radiopaedia_case_10,1,0.45,1212,2,0,0,1212,0,0.0
C100_COH,43,radiopaedia_10_85902_3,radiopaedia_case_10,1,0.45,5807,2,1,1,5806,0,0.5
C100_COH,43,radiopaedia_29_86490_1,radiopaedia_case_29,0,0.45,3225,2,0,0,3225,0,0.0
C100_COH,43,radiopaedia_29_86491_1,radiopaedia_case_29,0,0.45,3145,3,0,1,3144,0,0.3333333333333333
C100_COH,43,radiopaedia_36_86526_0,radiopaedia_case_36,2,0.45,3196,31,0,3,3193,0,0.0967741935483871
C100_COH,43,radiopaedia_40_86625_0,radiopaedia_case_40,3,0.45,3680,9,1,1,3679,0,0.1111111111111111
C100_COH,43,radiopaedia_4_85506_1,radiopaedia_case_4,1,0.45,5116,29,0,4,5112,0,0.13793103448275862
C100_COH,43,radiopaedia_7_85703_0,radiopaedia_case_7,2,0.45,2918,4,0,0,2918,0,0.0
C100_COH,43,coronacases_001,coronacases_001,3,0.5,1167,44,10,19,1147,1,0.4318181818181818
C100_COH,43,coronacases_002,coronacases_002,0,0.5,3525,26,0,3,3522,0,0.11538461538461539
C100_COH,43,coronacases_003,coronacases_003,3,0.5,727,36,5,10,717,0,0.2777777777777778
C100_COH,43,coronacases_005,coronacases_005,0,0.5,2141,2,1,0,2141,0,0.0
C100_COH,43,coronacases_006,coronacases_006,2,0.5,2292,1,0,0,2292,0,0.0
C100_COH,43,coronacases_007,coronacases_007,2,0.5,1654,7,0,1,1653,0,0.14285714285714285
C100_COH,43,coronacases_009,coronacases_009,3,0.5,1521,8,2,3,1518,0,0.375
C100_COH,43,coronacases_010,coronacases_010,1,0.5,3250,6,0,0,3250,0,0.0
C100_COH,43,radiopaedia_10_85902_1,radiopaedia_case_10,1,0.5,1271,2,0,0,1271,0,0.0
C100_COH,43,radiopaedia_10_85902_3,radiopaedia_case_10,1,0.5,6083,2,1,1,6082,0,0.5
C100_COH,43,radiopaedia_29_86490_1,radiopaedia_case_29,0,0.5,3503,2,0,0,3503,0,0.0
C100_COH,43,radiopaedia_29_86491_1,radiopaedia_case_29,0,0.5,3145,3,0,1,3144,0,0.3333333333333333
C100_COH,43,radiopaedia_36_86526_0,radiopaedia_case_36,2,0.5,3071,31,0,3,3068,0,0.0967741935483871
C100_COH,43,radiopaedia_40_86625_0,radiopaedia_case_40,3,0.5,3546,9,1,1,3545,0,0.1111111111111111
C100_COH,43,radiopaedia_4_85506_1,radiopaedia_case_4,1,0.5,5660,29,0,4,5656,0,0.13793103448275862
C100_COH,43,radiopaedia_7_85703_0,radiopaedia_case_7,2,0.5,2869,4,0,0,2869,0,0.0
C100_COH,43,coronacases_001,coronacases_001,3,0.55,1160,44,10,20,1139,1,0.45454545454545453
C100_COH,43,coronacases_002,coronacases_002,0,0.55,3644,26,0,3,3641,0,0.11538461538461539
C100_COH,43,coronacases_003,coronacases_003,3,0.55,728,36,5,11,717,0,0.3055555555555556
C100_COH,43,coronacases_005,coronacases_005,0,0.55,2213,2,1,0,2213,0,0.0
C100_COH,43,coronacases_006,coronacases_006,2,0.55,2234,1,0,0,2234,0,0.0
C100_COH,43,coronacases_007,coronacases_007,2,0.55,1626,7,0,1,1625,0,0.14285714285714285
C100_COH,43,coronacases_009,coronacases_009,3,0.55,1529,8,2,3,1526,0,0.375
C100_COH,43,coronacases_010,coronacases_010,1,0.55,3544,6,0,0,3544,0,0.0
C100_COH,43,radiopaedia_10_85902_1,radiopaedia_case_10,1,0.55,1367,2,0,0,1367,0,0.0
C100_COH,43,radiopaedia_10_85902_3,radiopaedia_case_10,1,0.55,6543,2,1,1,6542,0,0.5
C100_COH,43,radiopaedia_29_86490_1,radiopaedia_case_29,0,0.55,3807,2,0,0,3807,0,0.0
C100_COH,43,radiopaedia_29_86491_1,radiopaedia_case_29,0,0.55,3190,3,0,2,3188,0,0.6666666666666666
C100_COH,43,radiopaedia_36_86526_0,radiopaedia_case_36,2,0.55,2853,31,0,3,2850,0,0.0967741935483871
C100_COH,43,radiopaedia_40_86625_0,radiopaedia_case_40,3,0.55,3485,9,1,1,3484,0,0.1111111111111111
C100_COH,43,radiopaedia_4_85506_1,radiopaedia_case_4,1,0.55,6118,29,0,4,6114,0,0.13793103448275862
C100_COH,43,radiopaedia_7_85703_0,radiopaedia_case_7,2,0.55,2955,4,0,0,2955,0,0.0
C100_COH,43,coronacases_001,coronacases_001,3,0.6,1171,44,10,20,1149,2,0.45454545454545453
C100_COH,43,coronacases_002,coronacases_002,0,0.6,3907,26,0,4,3903,0,0.15384615384615385
C100_COH,43,coronacases_003,coronacases_003,3,0.6,719,36,5,12,707,0,0.3333333333333333
C100_COH,43,coronacases_005,coronacases_005,0,0.6,2393,2,1,0,2393,0,0.0
C100_COH,43,coronacases_006,coronacases_006,2,0.6,2212,1,0,0,2212,0,0.0
C100_COH,43,coronacases_007,coronacases_007,2,0.6,1570,7,0,1,1569,0,0.14285714285714285
C100_COH,43,coronacases_009,coronacases_009,3,0.6,1482,8,2,3,1479,0,0.375
C100_COH,43,coronacases_010,coronacases_010,1,0.6,4036,6,0,0,4036,0,0.0
C100_COH,43,radiopaedia_10_85902_1,radiopaedia_case_10,1,0.6,1425,2,0,0,1425,0,0.0
C100_COH,43,radiopaedia_10_85902_3,radiopaedia_case_10,1,0.6,7132,2,1,1,7131,0,0.5
C100_COH,43,radiopaedia_29_86490_1,radiopaedia_case_29,0,0.6,4175,2,0,0,4175,0,0.0
C100_COH,43,radiopaedia_29_86491_1,radiopaedia_case_29,0,0.6,3245,3,0,2,3243,0,0.6666666666666666
C100_COH,43,radiopaedia_36_86526_0,radiopaedia_case_36,2,0.6,2604,31,0,3,2601,0,0.0967741935483871
C100_COH,43,radiopaedia_40_86625_0,radiopaedia_case_40,3,0.6,3425,9,1,1,3424,0,0.1111111111111111
C100_COH,43,radiopaedia_4_85506_1,radiopaedia_case_4,1,0.6,6628,29,0,5,6623,0,0.1724137931034483
C100_COH,43,radiopaedia_7_85703_0,radiopaedia_case_7,2,0.6,2894,4,0,0,2894,0,0.0
C100_COH,43,coronacases_001,coronacases_001,3,0.65,1161,44,10,19,1140,2,0.4318181818181818
C100_COH,43,coronacases_002,coronacases_002,0,0.65,4295,26,0,4,4291,0,0.15384615384615385
C100_COH,43,coronacases_003,coronacases_003,3,0.65,691,36,5,12,679,0,0.3333333333333333
C100_COH,43,coronacases_005,coronacases_005,0,0.65,2541,2,1,0,2541,0,0.0
C100_COH,43,coronacases_006,coronacases_006,2,0.65,2208,1,0,0,2208,0,0.0
C100_COH,43,coronacases_007,coronacases_007,2,0.65,1494,7,0,1,1493,0,0.14285714285714285
C100_COH,43,coronacases_009,coronacases_009,3,0.65,1470,8,2,3,1467,0,0.375
C100_COH,43,coronacases_010,coronacases_010,1,0.65,4402,6,0,1,4401,0,0.16666666666666666
C100_COH,43,radiopaedia_10_85902_1,radiopaedia_case_10,1,0.65,1538,2,0,0,1538,0,0.0
C100_COH,43,radiopaedia_10_85902_3,radiopaedia_case_10,1,0.65,7811,2,1,1,7810,0,0.5
C100_COH,43,radiopaedia_29_86490_1,radiopaedia_case_29,0,0.65,4664,2,0,0,4664,0,0.0
C100_COH,43,radiopaedia_29_86491_1,radiopaedia_case_29,0,0.65,3388,3,0,2,3386,0,0.6666666666666666
C100_COH,43,radiopaedia_36_86526_0,radiopaedia_case_36,2,0.65,2539,31,0,3,2536,0,0.0967741935483871
C100_COH,43,radiopaedia_40_86625_0,radiopaedia_case_40,3,0.65,3388,9,1,1,3387,0,0.1111111111111111
C100_COH,43,radiopaedia_4_85506_1,radiopaedia_case_4,1,0.65,7493,29,0,5,7488,0,0.1724137931034483
C100_COH,43,radiopaedia_7_85703_0,radiopaedia_case_7,2,0.65,2836,4,0,0,2836,0,0.0
C100_COH,43,coronacases_001,coronacases_001,3,0.7,1138,44,10,21,1115,2,0.4772727272727273
C100_COH,43,coronacases_002,coronacases_002,0,0.7,4845,26,0,4,4841,0,0.15384615384615385
C100_COH,43,coronacases_003,coronacases_003,3,0.7,691,36,5,12,679,0,0.3333333333333333
C100_COH,43,coronacases_005,coronacases_005,0,0.7,2825,2,1,0,2825,0,0.0
C100_COH,43,coronacases_006,coronacases_006,2,0.7,2155,1,0,0,2155,0,0.0
C100_COH,43,coronacases_007,coronacases_007,2,0.7,1463,7,0,1,1462,0,0.14285714285714285
C100_COH,43,coronacases_009,coronacases_009,3,0.7,1491,8,2,3,1488,0,0.375
C100_COH,43,coronacases_010,coronacases_010,1,0.7,4729,6,0,1,4728,0,0.16666666666666666
C100_COH,43,radiopaedia_10_85902_1,radiopaedia_case_10,1,0.7,1690,2,0,0,1690,0,0.0
C100_COH,43,radiopaedia_10_85902_3,radiopaedia_case_10,1,0.7,8605,2,1,1,8604,0,0.5
C100_COH,43,radiopaedia_29_86490_1,radiopaedia_case_29,0,0.7,5281,2,0,1,5280,0,0.5
C100_COH,43,radiopaedia_29_86491_1,radiopaedia_case_29,0,0.7,3489,3,0,2,3487,0,0.6666666666666666
C100_COH,43,radiopaedia_36_86526_0,radiopaedia_case_36,2,0.7,2403,31,0,3,2400,0,0.0967741935483871
C100_COH,43,radiopaedia_40_86625_0,radiopaedia_case_40,3,0.7,3281,9,1,1,3280,0,0.1111111111111111
C100_COH,43,radiopaedia_4_85506_1,radiopaedia_case_4,1,0.7,8371,29,0,5,8366,0,0.1724137931034483
C100_COH,43,radiopaedia_7_85703_0,radiopaedia_case_7,2,0.7,2743,4,0,0,2743,0,0.0
C100_COH,43,coronacases_001,coronacases_001,3,0.75,1115,44,10,21,1092,2,0.4772727272727273
C100_COH,43,coronacases_002,coronacases_002,0,0.75,5542,26,0,4,5538,0,0.15384615384615385
C100_COH,43,coronacases_003,coronacases_003,3,0.75,701,36,5,12,689,0,0.3333333333333333
C100_COH,43,coronacases_005,coronacases_005,0,0.75,3266,2,1,0,3266,0,0.0
C100_COH,43,coronacases_006,coronacases_006,2,0.75,2081,1,0,0,2081,0,0.0
C100_COH,43,coronacases_007,coronacases_007,2,0.75,1395,7,0,1,1394,0,0.14285714285714285
C100_COH,43,coronacases_009,coronacases_009,3,0.75,1491,8,2,3,1488,0,0.375
C100_COH,43,coronacases_010,coronacases_010,1,0.75,5058,6,0,1,5057,0,0.16666666666666666
C100_COH,43,radiopaedia_10_85902_1,radiopaedia_case_10,1,0.75,1923,2,0,0,1923,0,0.0
C100_COH,43,radiopaedia_10_85902_3,radiopaedia_case_10,1,0.75,9740,2,1,1,9739,0,0.5
C100_COH,43,radiopaedia_29_86490_1,radiopaedia_case_29,0,0.75,6245,2,0,1,6244,0,0.5
C100_COH,43,radiopaedia_29_86491_1,radiopaedia_case_29,0,0.75,3682,3,0,2,3680,0,0.6666666666666666
C100_COH,43,radiopaedia_36_86526_0,radiopaedia_case_36,2,0.75,2244,31,0,4,2240,0,0.12903225806451613
C100_COH,43,radiopaedia_40_86625_0,radiopaedia_case_40,3,0.75,3222,9,1,1,3221,0,0.1111111111111111
C100_COH,43,radiopaedia_4_85506_1,radiopaedia_case_4,1,0.75,9426,29,0,6,9420,0,0.20689655172413793
C100_COH,43,radiopaedia_7_85703_0,radiopaedia_case_7,2,0.75,2672,4,0,0,2672,0,0.0
C100_COH,43,coronacases_001,coronacases_001,3,0.8,1170,44,10,21,1147,2,0.4772727272727273
C100_COH,43,coronacases_002,coronacases_002,0,0.8,6481,26,0,4,6477,0,0.15384615384615385
C100_COH,43,coronacases_003,coronacases_003,3,0.8,670,36,5,12,658,0,0.3333333333333333
C100_COH,43,coronacases_005,coronacases_005,0,0.8,3752,2,1,0,3752,0,0.0
C100_COH,43,coronacases_006,coronacases_006,2,0.8,1982,1,0,0,1982,0,0.0
C100_COH,43,coronacases_007,coronacases_007,2,0.8,1321,7,0,1,1320,0,0.14285714285714285
C100_COH,43,coronacases_009,coronacases_009,3,0.8,1544,8,2,3,1541,0,0.375
C100_COH,43,coronacases_010,coronacases_010,1,0.8,5388,6,0,1,5387,0,0.16666666666666666
C100_COH,43,radiopaedia_10_85902_1,radiopaedia_case_10,1,0.8,2251,2,0,0,2251,0,0.0
C100_COH,43,radiopaedia_10_85902_3,radiopaedia_case_10,1,0.8,11030,2,1,1,11029,0,0.5
C100_COH,43,radiopaedia_29_86490_1,radiopaedia_case_29,0,0.8,7880,2,0,1,7879,0,0.5
C100_COH,43,radiopaedia_29_86491_1,radiopaedia_case_29,0,0.8,4055,3,0,2,4053,0,0.6666666666666666
C100_COH,43,radiopaedia_36_86526_0,radiopaedia_case_36,2,0.8,2120,31,0,4,2116,0,0.12903225806451613
C100_COH,43,radiopaedia_40_86625_0,radiopaedia_case_40,3,0.8,3145,9,1,2,3143,0,0.2222222222222222
C100_COH,43,radiopaedia_4_85506_1,radiopaedia_case_4,1,0.8,10615,29,0,7,10608,0,0.2413793103448276
C100_COH,43,radiopaedia_7_85703_0,radiopaedia_case_7,2,0.8,2602,4,0,0,2602,0,0.0
C100_COH,43,coronacases_001,coronacases_001,3,0.85,1242,44,10,21,1219,2,0.4772727272727273
C100_COH,43,coronacases_002,coronacases_002,0,0.85,8105,26,0,4,8101,0,0.15384615384615385
C100_COH,43,coronacases_003,coronacases_003,3,0.85,685,36,5,13,672,0,0.3611111111111111
C100_COH,43,coronacases_005,coronacases_005,0,0.85,4871,2,1,0,4871,0,0.0
C100_COH,43,coronacases_006,coronacases_006,2,0.85,1927,1,0,0,1927,0,0.0
C100_COH,43,coronacases_007,coronacases_007,2,0.85,1232,7,0,2,1230,0,0.2857142857142857
C100_COH,43,coronacases_009,coronacases_009,3,0.85,1474,8,2,3,1471,0,0.375
C100_COH,43,coronacases_010,coronacases_010,1,0.85,5565,6,0,2,5563,0,0.3333333333333333
C100_COH,43,radiopaedia_10_85902_1,radiopaedia_case_10,1,0.85,2717,2,0,0,2717,0,0.0
C100_COH,43,radiopaedia_10_85902_3,radiopaedia_case_10,1,0.85,12946,2,1,1,12945,0,0.5
C100_COH,43,radiopaedia_29_86490_1,radiopaedia_case_29,0,0.85,10289,2,0,1,10288,0,0.5
C100_COH,43,radiopaedia_29_86491_1,radiopaedia_case_29,0,0.85,4873,3,0,2,4871,0,0.6666666666666666
C100_COH,43,radiopaedia_36_86526_0,radiopaedia_case_36,2,0.85,1958,31,0,4,1954,0,0.12903225806451613
C100_COH,43,radiopaedia_40_86625_0,radiopaedia_case_40,3,0.85,2911,9,1,1,2910,0,0.1111111111111111
C100_COH,43,radiopaedia_4_85506_1,radiopaedia_case_4,1,0.85,12095,29,0,7,12088,0,0.2413793103448276
C100_COH,43,radiopaedia_7_85703_0,radiopaedia_case_7,2,0.85,2558,4,0,0,2558,0,0.0
C100_COH,43,coronacases_001,coronacases_001,3,0.9,1117,44,10,22,1093,2,0.5
C100_COH,43,coronacases_002,coronacases_002,0,0.9,10856,26,0,6,10850,0,0.23076923076923078
C100_COH,43,coronacases_003,coronacases_003,3,0.9,672,36,5,12,660,0,0.3333333333333333
C100_COH,43,coronacases_005,coronacases_005,0,0.9,7303,2,1,0,7303,0,0.0
C100_COH,43,coronacases_006,coronacases_006,2,0.9,1833,1,0,0,1833,0,0.0
C100_COH,43,coronacases_007,coronacases_007,2,0.9,1160,7,0,3,1157,0,0.42857142857142855
C100_COH,43,coronacases_009,coronacases_009,3,0.9,1369,8,2,3,1366,0,0.375
C100_COH,43,coronacases_010,coronacases_010,1,0.9,5779,6,0,2,5777,0,0.3333333333333333
C100_COH,43,radiopaedia_10_85902_1,radiopaedia_case_10,1,0.9,3605,2,0,0,3605,0,0.0
C100_COH,43,radiopaedia_10_85902_3,radiopaedia_case_10,1,0.9,15485,2,1,1,15484,0,0.5
C100_COH,43,radiopaedia_29_86490_1,radiopaedia_case_29,0,0.9,13248,2,0,1,13247,0,0.5
C100_COH,43,radiopaedia_29_86491_1,radiopaedia_case_29,0,0.9,7553,3,0,2,7551,0,0.6666666666666666
C100_COH,43,radiopaedia_36_86526_0,radiopaedia_case_36,2,0.9,1786,31,0,5,1781,0,0.16129032258064516
C100_COH,43,radiopaedia_40_86625_0,radiopaedia_case_40,3,0.9,2715,9,1,1,2714,0,0.1111111111111111
C100_COH,43,radiopaedia_4_85506_1,radiopaedia_case_4,1,0.9,13888,29,0,9,13879,0,0.3103448275862069
C100_COH,43,radiopaedia_7_85703_0,radiopaedia_case_7,2,0.9,2507,4,0,0,2507,0,0.0
C100_COH,43,coronacases_001,coronacases_001,3,0.95,983,44,10,24,957,2,0.5454545454545454
C100_COH,43,coronacases_002,coronacases_002,0,0.95,14670,26,0,8,14662,0,0.3076923076923077
C100_COH,43,coronacases_003,coronacases_003,3,0.95,758,36,5,13,745,0,0.3611111111111111
C100_COH,43,coronacases_005,coronacases_005,0,0.95,8526,2,1,0,8526,0,0.0
C100_COH,43,coronacases_006,coronacases_006,2,0.95,1793,1,0,0,1793,0,0.0
C100_COH,43,coronacases_007,coronacases_007,2,0.95,1092,7,0,3,1089,0,0.42857142857142855
C100_COH,43,coronacases_009,coronacases_009,3,0.95,1098,8,2,3,1095,0,0.375
C100_COH,43,coronacases_010,coronacases_010,1,0.95,6447,6,0,1,6446,0,0.16666666666666666
C100_COH,43,radiopaedia_10_85902_1,radiopaedia_case_10,1,0.95,5904,2,0,0,5904,0,0.0
C100_COH,43,radiopaedia_10_85902_3,radiopaedia_case_10,1,0.95,19722,2,1,1,19721,0,0.5
C100_COH,43,radiopaedia_29_86490_1,radiopaedia_case_29,0,0.95,12318,2,0,1,12317,0,0.5
C100_COH,43,radiopaedia_29_86491_1,radiopaedia_case_29,0,0.95,18041,3,0,2,18039,0,0.6666666666666666
C100_COH,43,radiopaedia_36_86526_0,radiopaedia_case_36,2,0.95,1684,31,0,6,1678,0,0.1935483870967742
C100_COH,43,radiopaedia_40_86625_0,radiopaedia_case_40,3,0.95,2502,9,1,1,2501,0,0.1111111111111111
C100_COH,43,radiopaedia_4_85506_1,radiopaedia_case_4,1,0.95,18728,29,0,11,18717,0,0.3793103448275862
C100_COH,43,radiopaedia_7_85703_0,radiopaedia_case_7,2,0.95,2369,4,0,0,2369,0,0.0
C100_COH,43,coronacases_001,coronacases_001,3,0.975,864,44,10,25,837,2,0.5681818181818182
C100_COH,43,coronacases_002,coronacases_002,0,0.975,16324,26,0,9,16315,0,0.34615384615384615
C100_COH,43,coronacases_003,coronacases_003,3,0.975,918,36,5,13,904,1,0.3611111111111111
C100_COH,43,coronacases_005,coronacases_005,0,0.975,6986,2,1,1,6985,0,0.5
C100_COH,43,coronacases_006,coronacases_006,2,0.975,1703,1,0,0,1703,0,0.0
C100_COH,43,coronacases_007,coronacases_007,2,0.975,1052,7,0,4,1048,0,0.5714285714285714
C100_COH,43,coronacases_009,coronacases_009,3,0.975,922,8,2,4,918,0,0.5
C100_COH,43,coronacases_010,coronacases_010,1,0.975,8034,6,0,2,8032,0,0.3333333333333333
C100_COH,43,radiopaedia_10_85902_1,radiopaedia_case_10,1,0.975,9238,2,0,0,9238,0,0.0
C100_COH,43,radiopaedia_10_85902_3,radiopaedia_case_10,1,0.975,23831,2,1,1,23830,0,0.5
C100_COH,43,radiopaedia_29_86490_1,radiopaedia_case_29,0,0.975,10939,2,0,1,10938,0,0.5
C100_COH,43,radiopaedia_29_86491_1,radiopaedia_case_29,0,0.975,25073,3,0,2,25071,0,0.6666666666666666
C100_COH,43,radiopaedia_36_86526_0,radiopaedia_case_36,2,0.975,1664,31,0,10,1654,0,0.3225806451612903
C100_COH,43,radiopaedia_40_86625_0,radiopaedia_case_40,3,0.975,2469,9,1,1,2468,0,0.1111111111111111
C100_COH,43,radiopaedia_4_85506_1,radiopaedia_case_4,1,0.975,24962,29,0,13,24949,0,0.4482758620689655
C100_COH,43,radiopaedia_7_85703_0,radiopaedia_case_7,2,0.975,2316,4,0,0,2316,0,0.0
C100_COH,43,coronacases_001,coronacases_001,3,0.99,767,44,10,21,745,1,0.4772727272727273
C100_COH,43,coronacases_002,coronacases_002,0,0.99,12953,26,0,11,12942,0,0.4230769230769231
C100_COH,43,coronacases_003,coronacases_003,3,0.99,1391,36,5,12,1378,1,0.3333333333333333
C100_COH,43,coronacases_005,coronacases_005,0,0.99,4488,2,1,1,4487,0,0.5
C100_COH,43,coronacases_006,coronacases_006,2,0.99,1968,1,0,0,1968,0,0.0
C100_COH,43,coronacases_007,coronacases_007,2,0.99,992,7,0,4,988,0,0.5714285714285714
C100_COH,43,coronacases_009,coronacases_009,3,0.99,821,8,2,3,818,0,0.375
C100_COH,43,coronacases_010,coronacases_010,1,0.99,12258,6,0,2,12256,0,0.3333333333333333
C100_COH,43,radiopaedia_10_85902_1,radiopaedia_case_10,1,0.99,14738,2,0,1,14737,0,0.5
C100_COH,43,radiopaedia_10_85902_3,radiopaedia_case_10,1,0.99,29066,2,1,1,29065,0,0.5
C100_COH,43,radiopaedia_29_86490_1,radiopaedia_case_29,0,0.99,8546,2,0,1,8545,0,0.5
C100_COH,43,radiopaedia_29_86491_1,radiopaedia_case_29,0,0.99,20506,3,0,2,20504,0,0.6666666666666666
C100_COH,43,radiopaedia_36_86526_0,radiopaedia_case_36,2,0.99,1591,31,0,13,1578,0,0.41935483870967744
C100_COH,43,radiopaedia_40_86625_0,radiopaedia_case_40,3,0.99,2337,9,1,1,2336,0,0.1111111111111111
C100_COH,43,radiopaedia_4_85506_1,radiopaedia_case_4,1,0.99,32086,29,0,15,32071,0,0.5172413793103449
C100_COH,43,radiopaedia_7_85703_0,radiopaedia_case_7,2,0.99,2188,4,0,0,2188,0,0.0
C100_COH,43,coronacases_001,coronacases_001,3,0.995,723,44,10,19,703,1,0.4318181818181818
C100_COH,43,coronacases_002,coronacases_002,0,0.995,8726,26,0,12,8714,0,0.46153846153846156
C100_COH,43,coronacases_003,coronacases_003,3,0.995,1716,36,5,11,1704,1,0.3055555555555556
C100_COH,43,coronacases_005,coronacases_005,0,0.995,2995,2,1,1,2994,0,0.5
C100_COH,43,coronacases_006,coronacases_006,2,0.995,2086,1,0,0,2086,0,0.0
C100_COH,43,coronacases_007,coronacases_007,2,0.995,1049,7,0,4,1045,0,0.5714285714285714
C100_COH,43,coronacases_009,coronacases_009,3,0.995,695,8,2,3,692,0,0.375
C100_COH,43,coronacases_010,coronacases_010,1,0.995,13634,6,0,2,13632,0,0.3333333333333333
C100_COH,43,radiopaedia_10_85902_1,radiopaedia_case_10,1,0.995,18956,2,0,1,18955,0,0.5
C100_COH,43,radiopaedia_10_85902_3,radiopaedia_case_10,1,0.995,31645,2,1,1,31644,0,0.5
C100_COH,43,radiopaedia_29_86490_1,radiopaedia_case_29,0,0.995,6170,2,0,1,6169,0,0.5
C100_COH,43,radiopaedia_29_86491_1,radiopaedia_case_29,0,0.995,15295,3,0,2,15293,0,0.6666666666666666
C100_COH,43,radiopaedia_36_86526_0,radiopaedia_case_36,2,0.995,1588,31,0,15,1573,0,0.4838709677419355
C100_COH,43,radiopaedia_40_86625_0,radiopaedia_case_40,3,0.995,2423,9,1,1,2422,0,0.1111111111111111
C100_COH,43,radiopaedia_4_85506_1,radiopaedia_case_4,1,0.995,35102,29,0,16,35086,0,0.5517241379310345
C100_COH,43,radiopaedia_7_85703_0,radiopaedia_case_7,2,0.995,2181,4,0,0,2181,0,0.0
C100_COH,43,coronacases_001,coronacases_001,3,1.000001,0,44,10,0,0,0,0.0
C100_COH,43,coronacases_002,coronacases_002,0,1.000001,0,26,0,0,0,0,0.0
C100_COH,43,coronacases_003,coronacases_003,3,1.000001,0,36,5,0,0,0,0.0
C100_COH,43,coronacases_005,coronacases_005,0,1.000001,0,2,1,0,0,0,0.0
C100_COH,43,coronacases_006,coronacases_006,2,1.000001,0,1,0,0,0,0,0.0
C100_COH,43,coronacases_007,coronacases_007,2,1.000001,0,7,0,0,0,0,0.0
C100_COH,43,coronacases_009,coronacases_009,3,1.000001,0,8,2,0,0,0,0.0
C100_COH,43,coronacases_010,coronacases_010,1,1.000001,0,6,0,0,0,0,0.0
C100_COH,43,radiopaedia_10_85902_1,radiopaedia_case_10,1,1.000001,0,2,0,0,0,0,0.0
C100_COH,43,radiopaedia_10_85902_3,radiopaedia_case_10,1,1.000001,0,2,1,0,0,0,0.0
C100_COH,43,radiopaedia_29_86490_1,radiopaedia_case_29,0,1.000001,0,2,0,0,0,0,0.0
C100_COH,43,radiopaedia_29_86491_1,radiopaedia_case_29,0,1.000001,0,3,0,0,0,0,0.0
C100_COH,43,radiopaedia_36_86526_0,radiopaedia_case_36,2,1.000001,0,31,0,0,0,0,0.0
C100_COH,43,radiopaedia_40_86625_0,radiopaedia_case_40,3,1.000001,0,9,1,0,0,0,0.0
C100_COH,43,radiopaedia_4_85506_1,radiopaedia_case_4,1,1.000001,0,29,0,0,0,0,0.0
C100_COH,43,radiopaedia_7_85703_0,radiopaedia_case_7,2,1.000001,0,4,0,0,0,0,0.0
C100_DIS,17,coronacases_001,coronacases_001,3,0.05,1298,44,10,1,1296,1,0.022727272727272728
C100_DIS,17,coronacases_002,coronacases_002,0,0.05,5223,26,0,0,5223,0,0.0
C100_DIS,17,coronacases_003,coronacases_003,3,0.05,903,36,5,2,901,0,0.05555555555555555
C100_DIS,17,coronacases_005,coronacases_005,0,0.05,2499,2,1,0,2499,0,0.0
C100_DIS,17,coronacases_006,coronacases_006,2,0.05,2491,1,0,0,2491,0,0.0
C100_DIS,17,coronacases_007,coronacases_007,2,0.05,1472,7,0,0,1472,0,0.0
C100_DIS,17,coronacases_009,coronacases_009,3,0.05,1334,8,2,0,1334,0,0.0
C100_DIS,17,coronacases_010,coronacases_010,1,0.05,4791,6,0,0,4791,0,0.0
C100_DIS,17,radiopaedia_10_85902_1,radiopaedia_case_10,1,0.05,4381,2,0,0,4381,0,0.0
C100_DIS,17,radiopaedia_10_85902_3,radiopaedia_case_10,1,0.05,10176,2,1,0,10176,0,0.0
C100_DIS,17,radiopaedia_29_86490_1,radiopaedia_case_29,0,0.05,4623,2,0,0,4623,0,0.0
C100_DIS,17,radiopaedia_29_86491_1,radiopaedia_case_29,0,0.05,6973,3,0,0,6973,0,0.0
C100_DIS,17,radiopaedia_36_86526_0,radiopaedia_case_36,2,0.05,4115,31,0,0,4115,0,0.0
C100_DIS,17,radiopaedia_40_86625_0,radiopaedia_case_40,3,0.05,3984,9,1,0,3984,0,0.0
C100_DIS,17,radiopaedia_4_85506_1,radiopaedia_case_4,1,0.05,5424,29,0,0,5424,0,0.0
C100_DIS,17,radiopaedia_7_85703_0,radiopaedia_case_7,2,0.05,4736,4,0,0,4736,0,0.0
C100_DIS,17,coronacases_001,coronacases_001,3,0.1,1465,44,10,1,1463,1,0.022727272727272728
C100_DIS,17,coronacases_002,coronacases_002,0,0.1,5272,26,0,1,5271,0,0.038461538461538464
C100_DIS,17,coronacases_003,coronacases_003,3,0.1,1057,36,5,3,1053,1,0.08333333333333333
C100_DIS,17,coronacases_005,coronacases_005,0,0.1,2896,2,1,0,2896,0,0.0
C100_DIS,17,coronacases_006,coronacases_006,2,0.1,2923,1,0,0,2923,0,0.0
C100_DIS,17,coronacases_007,coronacases_007,2,0.1,1730,7,0,0,1730,0,0.0
C100_DIS,17,coronacases_009,coronacases_009,3,0.1,1511,8,2,0,1511,0,0.0
C100_DIS,17,coronacases_010,coronacases_010,1,0.1,4899,6,0,0,4899,0,0.0
C100_DIS,17,radiopaedia_10_85902_1,radiopaedia_case_10,1,0.1,5946,2,0,0,5946,0,0.0
C100_DIS,17,radiopaedia_10_85902_3,radiopaedia_case_10,1,0.1,13218,2,1,0,13218,0,0.0
C100_DIS,17,radiopaedia_29_86490_1,radiopaedia_case_29,0,0.1,4423,2,0,0,4423,0,0.0
C100_DIS,17,radiopaedia_29_86491_1,radiopaedia_case_29,0,0.1,6422,3,0,0,6422,0,0.0
C100_DIS,17,radiopaedia_36_86526_0,radiopaedia_case_36,2,0.1,3945,31,0,0,3945,0,0.0
C100_DIS,17,radiopaedia_40_86625_0,radiopaedia_case_40,3,0.1,3997,9,1,0,3997,0,0.0
C100_DIS,17,radiopaedia_4_85506_1,radiopaedia_case_4,1,0.1,6683,29,0,0,6683,0,0.0
C100_DIS,17,radiopaedia_7_85703_0,radiopaedia_case_7,2,0.1,4835,4,0,0,4835,0,0.0
C100_DIS,17,coronacases_001,coronacases_001,3,0.15,1847,44,10,1,1845,1,0.022727272727272728
C100_DIS,17,coronacases_002,coronacases_002,0,0.15,5270,26,0,1,5269,0,0.038461538461538464
C100_DIS,17,coronacases_003,coronacases_003,3,0.15,1181,36,5,4,1176,1,0.1111111111111111
C100_DIS,17,coronacases_005,coronacases_005,0,0.15,3145,2,1,0,3145,0,0.0
C100_DIS,17,coronacases_006,coronacases_006,2,0.15,3614,1,0,0,3614,0,0.0
C100_DIS,17,coronacases_007,coronacases_007,2,0.15,2127,7,0,0,2127,0,0.0
C100_DIS,17,coronacases_009,coronacases_009,3,0.15,1731,8,2,0,1731,0,0.0
C100_DIS,17,coronacases_010,coronacases_010,1,0.15,4962,6,0,0,4962,0,0.0
C100_DIS,17,radiopaedia_10_85902_1,radiopaedia_case_10,1,0.15,7453,2,0,0,7453,0,0.0
C100_DIS,17,radiopaedia_10_85902_3,radiopaedia_case_10,1,0.15,16257,2,1,0,16257,0,0.0
C100_DIS,17,radiopaedia_29_86490_1,radiopaedia_case_29,0,0.15,4440,2,0,0,4440,0,0.0
C100_DIS,17,radiopaedia_29_86491_1,radiopaedia_case_29,0,0.15,6403,3,0,0,6403,0,0.0
C100_DIS,17,radiopaedia_36_86526_0,radiopaedia_case_36,2,0.15,3620,31,0,0,3620,0,0.0
C100_DIS,17,radiopaedia_40_86625_0,radiopaedia_case_40,3,0.15,3999,9,1,0,3999,0,0.0
C100_DIS,17,radiopaedia_4_85506_1,radiopaedia_case_4,1,0.15,8988,29,0,0,8988,0,0.0
C100_DIS,17,radiopaedia_7_85703_0,radiopaedia_case_7,2,0.15,4907,4,0,0,4907,0,0.0
C100_DIS,17,coronacases_001,coronacases_001,3,0.2,2068,44,10,4,2063,1,0.09090909090909091
C100_DIS,17,coronacases_002,coronacases_002,0,0.2,5290,26,0,1,5289,0,0.038461538461538464
C100_DIS,17,coronacases_003,coronacases_003,3,0.2,1215,36,5,4,1210,1,0.1111111111111111
C100_DIS,17,coronacases_005,coronacases_005,0,0.2,3355,2,1,0,3355,0,0.0
C100_DIS,17,coronacases_006,coronacases_006,2,0.2,4470,1,0,0,4470,0,0.0
C100_DIS,17,coronacases_007,coronacases_007,2,0.2,2726,7,0,0,2726,0,0.0
C100_DIS,17,coronacases_009,coronacases_009,3,0.2,1846,8,2,0,1846,0,0.0
C100_DIS,17,coronacases_010,coronacases_010,1,0.2,4878,6,0,0,4878,0,0.0
C100_DIS,17,radiopaedia_10_85902_1,radiopaedia_case_10,1,0.2,9062,2,0,0,9062,0,0.0
C100_DIS,17,radiopaedia_10_85902_3,radiopaedia_case_10,1,0.2,19054,2,1,0,19054,0,0.0
C100_DIS,17,radiopaedia_29_86490_1,radiopaedia_case_29,0,0.2,4400,2,0,0,4400,0,0.0
C100_DIS,17,radiopaedia_29_86491_1,radiopaedia_case_29,0,0.2,6344,3,0,0,6344,0,0.0
C100_DIS,17,radiopaedia_36_86526_0,radiopaedia_case_36,2,0.2,3423,31,0,0,3423,0,0.0
C100_DIS,17,radiopaedia_40_86625_0,radiopaedia_case_40,3,0.2,3910,9,1,0,3910,0,0.0
C100_DIS,17,radiopaedia_4_85506_1,radiopaedia_case_4,1,0.2,11244,29,0,0,11244,0,0.0
C100_DIS,17,radiopaedia_7_85703_0,radiopaedia_case_7,2,0.2,4194,4,0,0,4194,0,0.0
C100_DIS,17,coronacases_001,coronacases_001,3,0.25,2255,44,10,4,2250,1,0.09090909090909091
C100_DIS,17,coronacases_002,coronacases_002,0,0.25,5350,26,0,1,5349,0,0.038461538461538464
C100_DIS,17,coronacases_003,coronacases_003,3,0.25,1220,36,5,4,1215,1,0.1111111111111111
C100_DIS,17,coronacases_005,coronacases_005,0,0.25,3390,2,1,0,3390,0,0.0
C100_DIS,17,coronacases_006,coronacases_006,2,0.25,4989,1,0,0,4989,0,0.0
C100_DIS,17,coronacases_007,coronacases_007,2,0.25,3167,7,0,0,3167,0,0.0
C100_DIS,17,coronacases_009,coronacases_009,3,0.25,1948,8,2,0,1948,0,0.0
C100_DIS,17,coronacases_010,coronacases_010,1,0.25,4725,6,0,0,4725,0,0.0
C100_DIS,17,radiopaedia_10_85902_1,radiopaedia_case_10,1,0.25,10941,2,0,0,10941,0,0.0
C100_DIS,17,radiopaedia_10_85902_3,radiopaedia_case_10,1,0.25,21784,2,1,0,21784,0,0.0
C100_DIS,17,radiopaedia_29_86490_1,radiopaedia_case_29,0,0.25,4394,2,0,0,4394,0,0.0
C100_DIS,17,radiopaedia_29_86491_1,radiopaedia_case_29,0,0.25,6375,3,0,0,6375,0,0.0
C100_DIS,17,radiopaedia_36_86526_0,radiopaedia_case_36,2,0.25,3371,31,0,0,3371,0,0.0
C100_DIS,17,radiopaedia_40_86625_0,radiopaedia_case_40,3,0.25,3849,9,1,1,3848,0,0.1111111111111111
C100_DIS,17,radiopaedia_4_85506_1,radiopaedia_case_4,1,0.25,13394,29,0,1,13393,0,0.034482758620689655
C100_DIS,17,radiopaedia_7_85703_0,radiopaedia_case_7,2,0.25,4151,4,0,0,4151,0,0.0
C100_DIS,17,coronacases_001,coronacases_001,3,0.3,2352,44,10,4,2347,1,0.09090909090909091
C100_DIS,17,coronacases_002,coronacases_002,0,0.3,5398,26,0,1,5397,0,0.038461538461538464
C100_DIS,17,coronacases_003,coronacases_003,3,0.3,1264,36,5,4,1260,0,0.1111111111111111
C100_DIS,17,coronacases_005,coronacases_005,0,0.3,3347,2,1,0,3347,0,0.0
C100_DIS,17,coronacases_006,coronacases_006,2,0.3,5267,1,0,0,5267,0,0.0
C100_DIS,17,coronacases_007,coronacases_007,2,0.3,3475,7,0,0,3475,0,0.0
C100_DIS,17,coronacases_009,coronacases_009,3,0.3,2075,8,2,0,2075,0,0.0
C100_DIS,17,coronacases_010,coronacases_010,1,0.3,4463,6,0,0,4463,0,0.0
C100_DIS,17,radiopaedia_10_85902_1,radiopaedia_case_10,1,0.3,13004,2,0,0,13004,0,0.0
C100_DIS,17,radiopaedia_10_85902_3,radiopaedia_case_10,1,0.3,24087,2,1,0,24087,0,0.0
C100_DIS,17,radiopaedia_29_86490_1,radiopaedia_case_29,0,0.3,4416,2,0,0,4416,0,0.0
C100_DIS,17,radiopaedia_29_86491_1,radiopaedia_case_29,0,0.3,6326,3,0,0,6326,0,0.0
C100_DIS,17,radiopaedia_36_86526_0,radiopaedia_case_36,2,0.3,3299,31,0,0,3299,0,0.0
C100_DIS,17,radiopaedia_40_86625_0,radiopaedia_case_40,3,0.3,3863,9,1,1,3862,0,0.1111111111111111
C100_DIS,17,radiopaedia_4_85506_1,radiopaedia_case_4,1,0.3,15477,29,0,1,15476,0,0.034482758620689655
C100_DIS,17,radiopaedia_7_85703_0,radiopaedia_case_7,2,0.3,4098,4,0,0,4098,0,0.0
C100_DIS,17,coronacases_001,coronacases_001,3,0.35,2406,44,10,5,2400,1,0.11363636363636363
C100_DIS,17,coronacases_002,coronacases_002,0,0.35,5502,26,0,1,5501,0,0.038461538461538464
C100_DIS,17,coronacases_003,coronacases_003,3,0.35,1270,36,5,4,1266,0,0.1111111111111111
C100_DIS,17,coronacases_005,coronacases_005,0,0.35,3306,2,1,0,3306,0,0.0
C100_DIS,17,coronacases_006,coronacases_006,2,0.35,5353,1,0,0,5353,0,0.0
C100_DIS,17,coronacases_007,coronacases_007,2,0.35,3749,7,0,0,3749,0,0.0
C100_DIS,17,coronacases_009,coronacases_009,3,0.35,2143,8,2,0,2143,0,0.0
C100_DIS,17,coronacases_010,coronacases_010,1,0.35,4298,6,0,0,4298,0,0.0
C100_DIS,17,radiopaedia_10_85902_1,radiopaedia_case_10,1,0.35,15198,2,0,0,15198,0,0.0
C100_DIS,17,radiopaedia_10_85902_3,radiopaedia_case_10,1,0.35,26110,2,1,0,26110,0,0.0
C100_DIS,17,radiopaedia_29_86490_1,radiopaedia_case_29,0,0.35,4352,2,0,0,4352,0,0.0
C100_DIS,17,radiopaedia_29_86491_1,radiopaedia_case_29,0,0.35,6378,3,0,0,6378,0,0.0
C100_DIS,17,radiopaedia_36_86526_0,radiopaedia_case_36,2,0.35,3178,31,0,0,3178,0,0.0
C100_DIS,17,radiopaedia_40_86625_0,radiopaedia_case_40,3,0.35,3852,9,1,1,3851,0,0.1111111111111111
C100_DIS,17,radiopaedia_4_85506_1,radiopaedia_case_4,1,0.35,18024,29,0,1,18023,0,0.034482758620689655
C100_DIS,17,radiopaedia_7_85703_0,radiopaedia_case_7,2,0.35,4126,4,0,0,4126,0,0.0
C100_DIS,17,coronacases_001,coronacases_001,3,0.4,2399,44,10,5,2393,1,0.11363636363636363
C100_DIS,17,coronacases_002,coronacases_002,0,0.4,5544,26,0,1,5543,0,0.038461538461538464
C100_DIS,17,coronacases_003,coronacases_003,3,0.4,1221,36,5,5,1216,0,0.1388888888888889
C100_DIS,17,coronacases_005,coronacases_005,0,0.4,3296,2,1,0,3296,0,0.0
C100_DIS,17,coronacases_006,coronacases_006,2,0.4,5548,1,0,0,5548,0,0.0
C100_DIS,17,coronacases_007,coronacases_007,2,0.4,3803,7,0,0,3803,0,0.0
C100_DIS,17,coronacases_009,coronacases_009,3,0.4,2230,8,2,0,2230,0,0.0
C100_DIS,17,coronacases_010,coronacases_010,1,0.4,4188,6,0,1,4187,0,0.16666666666666666
C100_DIS,17,radiopaedia_10_85902_1,radiopaedia_case_10,1,0.4,17559,2,0,0,17559,0,0.0
C100_DIS,17,radiopaedia_10_85902_3,radiopaedia_case_10,1,0.4,28057,2,1,0,28057,0,0.0
C100_DIS,17,radiopaedia_29_86490_1,radiopaedia_case_29,0,0.4,4272,2,0,0,4272,0,0.0
C100_DIS,17,radiopaedia_29_86491_1,radiopaedia_case_29,0,0.4,6399,3,0,0,6399,0,0.0
C100_DIS,17,radiopaedia_36_86526_0,radiopaedia_case_36,2,0.4,3097,31,0,0,3097,0,0.0
C100_DIS,17,radiopaedia_40_86625_0,radiopaedia_case_40,3,0.4,3948,9,1,1,3947,0,0.1111111111111111
C100_DIS,17,radiopaedia_4_85506_1,radiopaedia_case_4,1,0.4,20472,29,0,1,20471,0,0.034482758620689655
C100_DIS,17,radiopaedia_7_85703_0,radiopaedia_case_7,2,0.4,4078,4,0,0,4078,0,0.0
C100_DIS,17,coronacases_001,coronacases_001,3,0.45,2377,44,10,6,2370,1,0.13636363636363635
C100_DIS,17,coronacases_002,coronacases_002,0,0.45,5617,26,0,1,5616,0,0.038461538461538464
C100_DIS,17,coronacases_003,coronacases_003,3,0.45,1240,36,5,5,1235,0,0.1388888888888889
C100_DIS,17,coronacases_005,coronacases_005,0,0.45,3236,2,1,0,3236,0,0.0
C100_DIS,17,coronacases_006,coronacases_006,2,0.45,5555,1,0,0,5555,0,0.0
C100_DIS,17,coronacases_007,coronacases_007,2,0.45,3945,7,0,0,3945,0,0.0
C100_DIS,17,coronacases_009,coronacases_009,3,0.45,2259,8,2,0,2259,0,0.0
C100_DIS,17,coronacases_010,coronacases_010,1,0.45,4164,6,0,1,4163,0,0.16666666666666666
C100_DIS,17,radiopaedia_10_85902_1,radiopaedia_case_10,1,0.45,19935,2,0,0,19935,0,0.0
C100_DIS,17,radiopaedia_10_85902_3,radiopaedia_case_10,1,0.45,29386,2,1,0,29386,0,0.0
C100_DIS,17,radiopaedia_29_86490_1,radiopaedia_case_29,0,0.45,4235,2,0,0,4235,0,0.0
C100_DIS,17,radiopaedia_29_86491_1,radiopaedia_case_29,0,0.45,6370,3,0,0,6370,0,0.0
C100_DIS,17,radiopaedia_36_86526_0,radiopaedia_case_36,2,0.45,2941,31,0,0,2941,0,0.0
C100_DIS,17,radiopaedia_40_86625_0,radiopaedia_case_40,3,0.45,4052,9,1,1,4051,0,0.1111111111111111
C100_DIS,17,radiopaedia_4_85506_1,radiopaedia_case_4,1,0.45,22822,29,0,0,22822,0,0.0
C100_DIS,17,radiopaedia_7_85703_0,radiopaedia_case_7,2,0.45,4027,4,0,0,4027,0,0.0
C100_DIS,17,coronacases_001,coronacases_001,3,0.5,2371,44,10,6,2363,2,0.13636363636363635
C100_DIS,17,coronacases_002,coronacases_002,0,0.5,5575,26,0,1,5574,0,0.038461538461538464
C100_DIS,17,coronacases_003,coronacases_003,3,0.5,1285,36,5,5,1280,0,0.1388888888888889
C100_DIS,17,coronacases_005,coronacases_005,0,0.5,3198,2,1,0,3198,0,0.0
C100_DIS,17,coronacases_006,coronacases_006,2,0.5,5544,1,0,0,5544,0,0.0
C100_DIS,17,coronacases_007,coronacases_007,2,0.5,4043,7,0,0,4043,0,0.0
C100_DIS,17,coronacases_009,coronacases_009,3,0.5,2270,8,2,0,2270,0,0.0
C100_DIS,17,coronacases_010,coronacases_010,1,0.5,4119,6,0,1,4118,0,0.16666666666666666
C100_DIS,17,radiopaedia_10_85902_1,radiopaedia_case_10,1,0.5,22339,2,0,0,22339,0,0.0
C100_DIS,17,radiopaedia_10_85902_3,radiopaedia_case_10,1,0.5,30447,2,1,0,30447,0,0.0
C100_DIS,17,radiopaedia_29_86490_1,radiopaedia_case_29,0,0.5,4286,2,0,0,4286,0,0.0
C100_DIS,17,radiopaedia_29_86491_1,radiopaedia_case_29,0,0.5,6181,3,0,0,6181,0,0.0
C100_DIS,17,radiopaedia_36_86526_0,radiopaedia_case_36,2,0.5,2869,31,0,0,2869,0,0.0
C100_DIS,17,radiopaedia_40_86625_0,radiopaedia_case_40,3,0.5,4162,9,1,1,4161,0,0.1111111111111111
C100_DIS,17,radiopaedia_4_85506_1,radiopaedia_case_4,1,0.5,25346,29,0,0,25346,0,0.0
C100_DIS,17,radiopaedia_7_85703_0,radiopaedia_case_7,2,0.5,4038,4,0,0,4038,0,0.0
C100_DIS,17,coronacases_001,coronacases_001,3,0.55,2308,44,10,6,2300,2,0.13636363636363635
C100_DIS,17,coronacases_002,coronacases_002,0,0.55,5632,26,0,1,5631,0,0.038461538461538464
C100_DIS,17,coronacases_003,coronacases_003,3,0.55,1298,36,5,4,1294,0,0.1111111111111111
C100_DIS,17,coronacases_005,coronacases_005,0,0.55,3225,2,1,0,3225,0,0.0
C100_DIS,17,coronacases_006,coronacases_006,2,0.55,5547,1,0,0,5547,0,0.0
C100_DIS,17,coronacases_007,coronacases_007,2,0.55,4223,7,0,0,4223,0,0.0
C100_DIS,17,coronacases_009,coronacases_009,3,0.55,2259,8,2,0,2259,0,0.0
C100_DIS,17,coronacases_010,coronacases_010,1,0.55,4123,6,0,1,4122,0,0.16666666666666666
C100_DIS,17,radiopaedia_10_85902_1,radiopaedia_case_10,1,0.55,24568,2,0,0,24568,0,0.0
C100_DIS,17,radiopaedia_10_85902_3,radiopaedia_case_10,1,0.55,31275,2,1,0,31275,0,0.0
C100_DIS,17,radiopaedia_29_86490_1,radiopaedia_case_29,0,0.55,4202,2,0,0,4202,0,0.0
C100_DIS,17,radiopaedia_29_86491_1,radiopaedia_case_29,0,0.55,6169,3,0,0,6169,0,0.0
C100_DIS,17,radiopaedia_36_86526_0,radiopaedia_case_36,2,0.55,2782,31,0,0,2782,0,0.0
C100_DIS,17,radiopaedia_40_86625_0,radiopaedia_case_40,3,0.55,4294,9,1,1,4293,0,0.1111111111111111
C100_DIS,17,radiopaedia_4_85506_1,radiopaedia_case_4,1,0.55,27633,29,0,0,27633,0,0.0
C100_DIS,17,radiopaedia_7_85703_0,radiopaedia_case_7,2,0.55,4135,4,0,0,4135,0,0.0
C100_DIS,17,coronacases_001,coronacases_001,3,0.6,2257,44,10,6,2249,2,0.13636363636363635
C100_DIS,17,coronacases_002,coronacases_002,0,0.6,5642,26,0,1,5641,0,0.038461538461538464
C100_DIS,17,coronacases_003,coronacases_003,3,0.6,1342,36,5,5,1337,0,0.1388888888888889
C100_DIS,17,coronacases_005,coronacases_005,0,0.6,3279,2,1,0,3279,0,0.0
C100_DIS,17,coronacases_006,coronacases_006,2,0.6,5542,1,0,0,5542,0,0.0
C100_DIS,17,coronacases_007,coronacases_007,2,0.6,4261,7,0,0,4261,0,0.0
C100_DIS,17,coronacases_009,coronacases_009,3,0.6,2256,8,2,0,2256,0,0.0
C100_DIS,17,coronacases_010,coronacases_010,1,0.6,4053,6,0,1,4052,0,0.16666666666666666
C100_DIS,17,radiopaedia_10_85902_1,radiopaedia_case_10,1,0.6,26473,2,0,0,26473,0,0.0
C100_DIS,17,radiopaedia_10_85902_3,radiopaedia_case_10,1,0.6,31872,2,1,0,31872,0,0.0
C100_DIS,17,radiopaedia_29_86490_1,radiopaedia_case_29,0,0.6,4113,2,0,0,4113,0,0.0
C100_DIS,17,radiopaedia_29_86491_1,radiopaedia_case_29,0,0.6,5957,3,0,0,5957,0,0.0
C100_DIS,17,radiopaedia_36_86526_0,radiopaedia_case_36,2,0.6,2695,31,0,0,2695,0,0.0
C100_DIS,17,radiopaedia_40_86625_0,radiopaedia_case_40,3,0.6,4487,9,1,1,4486,0,0.1111111111111111
C100_DIS,17,radiopaedia_4_85506_1,radiopaedia_case_4,1,0.6,29671,29,0,0,29671,0,0.0
C100_DIS,17,radiopaedia_7_85703_0,radiopaedia_case_7,2,0.6,4215,4,0,0,4215,0,0.0
C100_DIS,17,coronacases_001,coronacases_001,3,0.65,2298,44,10,6,2292,0,0.13636363636363635
C100_DIS,17,coronacases_002,coronacases_002,0,0.65,5568,26,0,1,5567,0,0.038461538461538464
C100_DIS,17,coronacases_003,coronacases_003,3,0.65,1416,36,5,6,1410,0,0.16666666666666666
C100_DIS,17,coronacases_005,coronacases_005,0,0.65,3288,2,1,0,3288,0,0.0
C100_DIS,17,coronacases_006,coronacases_006,2,0.65,5542,1,0,0,5542,0,0.0
C100_DIS,17,coronacases_007,coronacases_007,2,0.65,4144,7,0,0,4144,0,0.0
C100_DIS,17,coronacases_009,coronacases_009,3,0.65,2284,8,2,0,2284,0,0.0
C100_DIS,17,coronacases_010,coronacases_010,1,0.65,4037,6,0,1,4036,0,0.16666666666666666
C100_DIS,17,radiopaedia_10_85902_1,radiopaedia_case_10,1,0.65,28033,2,0,0,28033,0,0.0
C100_DIS,17,radiopaedia_10_85902_3,radiopaedia_case_10,1,0.65,32002,2,1,0,32002,0,0.0
C100_DIS,17,radiopaedia_29_86490_1,radiopaedia_case_29,0,0.65,4021,2,0,0,4021,0,0.0
C100_DIS,17,radiopaedia_29_86491_1,radiopaedia_case_29,0,0.65,5877,3,0,0,5877,0,0.0
C100_DIS,17,radiopaedia_36_86526_0,radiopaedia_case_36,2,0.65,2680,31,0,0,2680,0,0.0
C100_DIS,17,radiopaedia_40_86625_0,radiopaedia_case_40,3,0.65,4567,9,1,1,4566,0,0.1111111111111111
C100_DIS,17,radiopaedia_4_85506_1,radiopaedia_case_4,1,0.65,31252,29,0,0,31252,0,0.0
C100_DIS,17,radiopaedia_7_85703_0,radiopaedia_case_7,2,0.65,4264,4,0,0,4264,0,0.0
C100_DIS,17,coronacases_001,coronacases_001,3,0.7,2327,44,10,6,2321,0,0.13636363636363635
C100_DIS,17,coronacases_002,coronacases_002,0,0.7,5563,26,0,1,5562,0,0.038461538461538464
C100_DIS,17,coronacases_003,coronacases_003,3,0.7,1607,36,5,7,1599,1,0.19444444444444445
C100_DIS,17,coronacases_005,coronacases_005,0,0.7,3413,2,1,0,3413,0,0.0
C100_DIS,17,coronacases_006,coronacases_006,2,0.7,5608,1,0,0,5608,0,0.0
C100_DIS,17,coronacases_007,coronacases_007,2,0.7,4103,7,0,0,4103,0,0.0
C100_DIS,17,coronacases_009,coronacases_009,3,0.7,2309,8,2,0,2309,0,0.0
C100_DIS,17,coronacases_010,coronacases_010,1,0.7,3986,6,0,1,3985,0,0.16666666666666666
C100_DIS,17,radiopaedia_10_85902_1,radiopaedia_case_10,1,0.7,28933,2,0,0,28933,0,0.0
C100_DIS,17,radiopaedia_10_85902_3,radiopaedia_case_10,1,0.7,31915,2,1,0,31915,0,0.0
C100_DIS,17,radiopaedia_29_86490_1,radiopaedia_case_29,0,0.7,3974,2,0,0,3974,0,0.0
C100_DIS,17,radiopaedia_29_86491_1,radiopaedia_case_29,0,0.7,5720,3,0,0,5720,0,0.0
C100_DIS,17,radiopaedia_36_86526_0,radiopaedia_case_36,2,0.7,2608,31,0,3,2605,0,0.0967741935483871
C100_DIS,17,radiopaedia_40_86625_0,radiopaedia_case_40,3,0.7,4699,9,1,1,4698,0,0.1111111111111111
C100_DIS,17,radiopaedia_4_85506_1,radiopaedia_case_4,1,0.7,32671,29,0,0,32671,0,0.0
C100_DIS,17,radiopaedia_7_85703_0,radiopaedia_case_7,2,0.7,4357,4,0,0,4357,0,0.0
C100_DIS,17,coronacases_001,coronacases_001,3,0.75,2380,44,10,5,2374,1,0.11363636363636363
C100_DIS,17,coronacases_002,coronacases_002,0,0.75,5556,26,0,1,5555,0,0.038461538461538464
C100_DIS,17,coronacases_003,coronacases_003,3,0.75,1801,36,5,7,1793,1,0.19444444444444445
C100_DIS,17,coronacases_005,coronacases_005,0,0.75,3598,2,1,0,3598,0,0.0
C100_DIS,17,coronacases_006,coronacases_006,2,0.75,5651,1,0,0,5651,0,0.0
C100_DIS,17,coronacases_007,coronacases_007,2,0.75,3997,7,0,0,3997,0,0.0
C100_DIS,17,coronacases_009,coronacases_009,3,0.75,2369,8,2,0,2369,0,0.0
C100_DIS,17,coronacases_010,coronacases_010,1,0.75,3804,6,0,1,3803,0,0.16666666666666666
C100_DIS,17,radiopaedia_10_85902_1,radiopaedia_case_10,1,0.75,29297,2,0,0,29297,0,0.0
C100_DIS,17,radiopaedia_10_85902_3,radiopaedia_case_10,1,0.75,31069,2,1,1,31068,0,0.5
C100_DIS,17,radiopaedia_29_86490_1,radiopaedia_case_29,0,0.75,3928,2,0,0,3928,0,0.0
C100_DIS,17,radiopaedia_29_86491_1,radiopaedia_case_29,0,0.75,5579,3,0,0,5579,0,0.0
C100_DIS,17,radiopaedia_36_86526_0,radiopaedia_case_36,2,0.75,2474,31,0,4,2470,0,0.12903225806451613
C100_DIS,17,radiopaedia_40_86625_0,radiopaedia_case_40,3,0.75,4707,9,1,1,4706,0,0.1111111111111111
C100_DIS,17,radiopaedia_4_85506_1,radiopaedia_case_4,1,0.75,33424,29,0,1,33423,0,0.034482758620689655
C100_DIS,17,radiopaedia_7_85703_0,radiopaedia_case_7,2,0.75,4454,4,0,0,4454,0,0.0
C100_DIS,17,coronacases_001,coronacases_001,3,0.8,2540,44,10,6,2533,1,0.13636363636363635
C100_DIS,17,coronacases_002,coronacases_002,0,0.8,5520,26,0,2,5518,0,0.07692307692307693
C100_DIS,17,coronacases_003,coronacases_003,3,0.8,2128,36,5,7,2120,1,0.19444444444444445
C100_DIS,17,coronacases_005,coronacases_005,0,0.8,3739,2,1,1,3738,0,0.5
C100_DIS,17,coronacases_006,coronacases_006,2,0.8,5670,1,0,0,5670,0,0.0
C100_DIS,17,coronacases_007,coronacases_007,2,0.8,4008,7,0,1,4007,0,0.14285714285714285
C100_DIS,17,coronacases_009,coronacases_009,3,0.8,2442,8,2,0,2442,0,0.0
C100_DIS,17,coronacases_010,coronacases_010,1,0.8,3867,6,0,1,3866,0,0.16666666666666666
C100_DIS,17,radiopaedia_10_85902_1,radiopaedia_case_10,1,0.8,28805,2,0,0,28805,0,0.0
C100_DIS,17,radiopaedia_10_85902_3,radiopaedia_case_10,1,0.8,29984,2,1,1,29983,0,0.5
C100_DIS,17,radiopaedia_29_86490_1,radiopaedia_case_29,0,0.8,3896,2,0,0,3896,0,0.0
C100_DIS,17,radiopaedia_29_86491_1,radiopaedia_case_29,0,0.8,5430,3,0,0,5430,0,0.0
C100_DIS,17,radiopaedia_36_86526_0,radiopaedia_case_36,2,0.8,2418,31,0,4,2414,0,0.12903225806451613
C100_DIS,17,radiopaedia_40_86625_0,radiopaedia_case_40,3,0.8,4760,9,1,1,4759,0,0.1111111111111111
C100_DIS,17,radiopaedia_4_85506_1,radiopaedia_case_4,1,0.8,33493,29,0,1,33492,0,0.034482758620689655
C100_DIS,17,radiopaedia_7_85703_0,radiopaedia_case_7,2,0.8,4686,4,0,0,4686,0,0.0
C100_DIS,17,coronacases_001,coronacases_001,3,0.85,2693,44,10,7,2685,1,0.1590909090909091
C100_DIS,17,coronacases_002,coronacases_002,0,0.85,5502,26,0,2,5500,0,0.07692307692307693
C100_DIS,17,coronacases_003,coronacases_003,3,0.85,2437,36,5,7,2428,2,0.19444444444444445
C100_DIS,17,coronacases_005,coronacases_005,0,0.85,3815,2,1,1,3814,0,0.5
C100_DIS,17,coronacases_006,coronacases_006,2,0.85,5883,1,0,0,5883,0,0.0
C100_DIS,17,coronacases_007,coronacases_007,2,0.85,4094,7,0,1,4093,0,0.14285714285714285
C100_DIS,17,coronacases_009,coronacases_009,3,0.85,2579,8,2,1,2578,0,0.125
C100_DIS,17,coronacases_010,coronacases_010,1,0.85,3805,6,0,1,3804,0,0.16666666666666666
C100_DIS,17,radiopaedia_10_85902_1,radiopaedia_case_10,1,0.85,27092,2,0,1,27091,0,0.5
C100_DIS,17,radiopaedia_10_85902_3,radiopaedia_case_10,1,0.85,28146,2,1,1,28145,0,0.5
C100_DIS,17,radiopaedia_29_86490_1,radiopaedia_case_29,0,0.85,3746,2,0,0,3746,0,0.0
C100_DIS,17,radiopaedia_29_86491_1,radiopaedia_case_29,0,0.85,5328,3,0,0,5328,0,0.0
C100_DIS,17,radiopaedia_36_86526_0,radiopaedia_case_36,2,0.85,2361,31,0,6,2355,0,0.1935483870967742
C100_DIS,17,radiopaedia_40_86625_0,radiopaedia_case_40,3,0.85,4882,9,1,1,4881,0,0.1111111111111111
C100_DIS,17,radiopaedia_4_85506_1,radiopaedia_case_4,1,0.85,32104,29,0,3,32101,0,0.10344827586206896
C100_DIS,17,radiopaedia_7_85703_0,radiopaedia_case_7,2,0.85,4798,4,0,0,4798,0,0.0
C100_DIS,17,coronacases_001,coronacases_001,3,0.9,2667,44,10,9,2657,1,0.20454545454545456
C100_DIS,17,coronacases_002,coronacases_002,0,0.9,5458,26,0,2,5456,0,0.07692307692307693
C100_DIS,17,coronacases_003,coronacases_003,3,0.9,2610,36,5,8,2600,2,0.2222222222222222
C100_DIS,17,coronacases_005,coronacases_005,0,0.9,3857,2,1,1,3856,0,0.5
C100_DIS,17,coronacases_006,coronacases_006,2,0.9,6192,1,0,0,6192,0,0.0
C100_DIS,17,coronacases_007,coronacases_007,2,0.9,4174,7,0,1,4173,0,0.14285714285714285
C100_DIS,17,coronacases_009,coronacases_009,3,0.9,2513,8,2,1,2512,0,0.125
C100_DIS,17,coronacases_010,coronacases_010,1,0.9,3858,6,0,1,3857,0,0.16666666666666666
C100_DIS,17,radiopaedia_10_85902_1,radiopaedia_case_10,1,0.9,23446,2,0,1,23445,0,0.5
C100_DIS,17,radiopaedia_10_85902_3,radiopaedia_case_10,1,0.9,25246,2,1,1,25245,0,0.5
C100_DIS,17,radiopaedia_29_86490_1,radiopaedia_case_29,0,0.9,3646,2,0,0,3646,0,0.0
C100_DIS,17,radiopaedia_29_86491_1,radiopaedia_case_29,0,0.9,5198,3,0,0,5198,0,0.0
C100_DIS,17,radiopaedia_36_86526_0,radiopaedia_case_36,2,0.9,2314,31,0,7,2307,0,0.22580645161290322
C100_DIS,17,radiopaedia_40_86625_0,radiopaedia_case_40,3,0.9,4895,9,1,1,4894,0,0.1111111111111111
C100_DIS,17,radiopaedia_4_85506_1,radiopaedia_case_4,1,0.9,28845,29,0,4,28841,0,0.13793103448275862
C100_DIS,17,radiopaedia_7_85703_0,radiopaedia_case_7,2,0.9,4747,4,0,1,4746,0,0.25
C100_DIS,17,coronacases_001,coronacases_001,3,0.95,2772,44,10,12,2759,1,0.2727272727272727
C100_DIS,17,coronacases_002,coronacases_002,0,0.95,4920,26,0,3,4917,0,0.11538461538461539
C100_DIS,17,coronacases_003,coronacases_003,3,0.95,2953,36,5,12,2939,2,0.3333333333333333
C100_DIS,17,coronacases_005,coronacases_005,0,0.95,3476,2,1,1,3475,0,0.5
C100_DIS,17,coronacases_006,coronacases_006,2,0.95,6862,1,0,0,6862,0,0.0
C100_DIS,17,coronacases_007,coronacases_007,2,0.95,4237,7,0,1,4236,0,0.14285714285714285
C100_DIS,17,coronacases_009,coronacases_009,3,0.95,2567,8,2,1,2566,0,0.125
C100_DIS,17,coronacases_010,coronacases_010,1,0.95,3864,6,0,2,3862,0,0.3333333333333333
C100_DIS,17,radiopaedia_10_85902_1,radiopaedia_case_10,1,0.95,17584,2,0,1,17583,0,0.5
C100_DIS,17,radiopaedia_10_85902_3,radiopaedia_case_10,1,0.95,20466,2,1,1,20465,0,0.5
C100_DIS,17,radiopaedia_29_86490_1,radiopaedia_case_29,0,0.95,3421,2,0,0,3421,0,0.0
C100_DIS,17,radiopaedia_29_86491_1,radiopaedia_case_29,0,0.95,4974,3,0,0,4974,0,0.0
C100_DIS,17,radiopaedia_36_86526_0,radiopaedia_case_36,2,0.95,2441,31,0,8,2433,0,0.25806451612903225
C100_DIS,17,radiopaedia_40_86625_0,radiopaedia_case_40,3,0.95,5355,9,1,1,5354,0,0.1111111111111111
C100_DIS,17,radiopaedia_4_85506_1,radiopaedia_case_4,1,0.95,22407,29,0,5,22402,0,0.1724137931034483
C100_DIS,17,radiopaedia_7_85703_0,radiopaedia_case_7,2,0.95,4825,4,0,1,4824,0,0.25
C100_DIS,17,coronacases_001,coronacases_001,3,0.975,3303,44,10,13,3289,1,0.29545454545454547
C100_DIS,17,coronacases_002,coronacases_002,0,0.975,4517,26,0,6,4511,0,0.23076923076923078
C100_DIS,17,coronacases_003,coronacases_003,3,0.975,3466,36,5,12,3453,1,0.3333333333333333
C100_DIS,17,coronacases_005,coronacases_005,0,0.975,3259,2,1,1,3258,0,0.5
C100_DIS,17,coronacases_006,coronacases_006,2,0.975,7844,1,0,0,7844,0,0.0
C100_DIS,17,coronacases_007,coronacases_007,2,0.975,4916,7,0,1,4915,0,0.14285714285714285
C100_DIS,17,coronacases_009,coronacases_009,3,0.975,2732,8,2,1,2731,0,0.125
C100_DIS,17,coronacases_010,coronacases_010,1,0.975,3800,6,0,2,3798,0,0.3333333333333333
C100_DIS,17,radiopaedia_10_85902_1,radiopaedia_case_10,1,0.975,12684,2,0,1,12683,0,0.5
C100_DIS,17,radiopaedia_10_85902_3,radiopaedia_case_10,1,0.975,16720,2,1,1,16719,0,0.5
C100_DIS,17,radiopaedia_29_86490_1,radiopaedia_case_29,0,0.975,3281,2,0,0,3281,0,0.0
C100_DIS,17,radiopaedia_29_86491_1,radiopaedia_case_29,0,0.975,4614,3,0,1,4613,0,0.3333333333333333
C100_DIS,17,radiopaedia_36_86526_0,radiopaedia_case_36,2,0.975,2621,31,0,9,2612,0,0.2903225806451613
C100_DIS,17,radiopaedia_40_86625_0,radiopaedia_case_40,3,0.975,6112,9,1,2,6110,0,0.2222222222222222
C100_DIS,17,radiopaedia_4_85506_1,radiopaedia_case_4,1,0.975,16367,29,0,6,16361,0,0.20689655172413793
C100_DIS,17,radiopaedia_7_85703_0,radiopaedia_case_7,2,0.975,5389,4,0,1,5388,0,0.25
C100_DIS,17,coronacases_001,coronacases_001,3,0.99,3833,44,10,12,3820,1,0.2727272727272727
C100_DIS,17,coronacases_002,coronacases_002,0,0.99,4182,26,0,8,4174,0,0.3076923076923077
C100_DIS,17,coronacases_003,coronacases_003,3,0.99,4971,36,5,12,4958,1,0.3333333333333333
C100_DIS,17,coronacases_005,coronacases_005,0,0.99,3007,2,1,2,3005,0,1.0
C100_DIS,17,coronacases_006,coronacases_006,2,0.99,10397,1,0,0,10397,0,0.0
C100_DIS,17,coronacases_007,coronacases_007,2,0.99,7258,7,0,1,7257,0,0.14285714285714285
C100_DIS,17,coronacases_009,coronacases_009,3,0.99,3499,8,2,3,3496,0,0.375
C100_DIS,17,coronacases_010,coronacases_010,1,0.99,3702,6,0,3,3699,0,0.5
C100_DIS,17,radiopaedia_10_85902_1,radiopaedia_case_10,1,0.99,7932,2,0,1,7931,0,0.5
C100_DIS,17,radiopaedia_10_85902_3,radiopaedia_case_10,1,0.99,12662,2,1,1,12661,0,0.5
C100_DIS,17,radiopaedia_29_86490_1,radiopaedia_case_29,0,0.99,3055,2,0,1,3054,0,0.5
C100_DIS,17,radiopaedia_29_86491_1,radiopaedia_case_29,0,0.99,4163,3,0,2,4161,0,0.6666666666666666
C100_DIS,17,radiopaedia_36_86526_0,radiopaedia_case_36,2,0.99,2932,31,0,11,2921,0,0.3548387096774194
C100_DIS,17,radiopaedia_40_86625_0,radiopaedia_case_40,3,0.99,7369,9,1,2,7367,0,0.2222222222222222
C100_DIS,17,radiopaedia_4_85506_1,radiopaedia_case_4,1,0.99,9989,29,0,8,9981,0,0.27586206896551724
C100_DIS,17,radiopaedia_7_85703_0,radiopaedia_case_7,2,0.99,7059,4,0,1,7058,0,0.25
C100_DIS,17,coronacases_001,coronacases_001,3,0.995,4522,44,10,13,4508,1,0.29545454545454547
C100_DIS,17,coronacases_002,coronacases_002,0,0.995,3930,26,0,11,3919,0,0.4230769230769231
C100_DIS,17,coronacases_003,coronacases_003,3,0.995,7311,36,5,11,7299,1,0.3055555555555556
C100_DIS,17,coronacases_005,coronacases_005,0,0.995,2729,2,1,2,2727,0,1.0
C100_DIS,17,coronacases_006,coronacases_006,2,0.995,14306,1,0,0,14306,0,0.0
C100_DIS,17,coronacases_007,coronacases_007,2,0.995,8490,7,0,1,8489,0,0.14285714285714285
C100_DIS,17,coronacases_009,coronacases_009,3,0.995,4639,8,2,4,4635,0,0.5
C100_DIS,17,coronacases_010,coronacases_010,1,0.995,3437,6,0,5,3432,0,0.8333333333333334
C100_DIS,17,radiopaedia_10_85902_1,radiopaedia_case_10,1,0.995,5637,2,0,2,5635,0,1.0
C100_DIS,17,radiopaedia_10_85902_3,radiopaedia_case_10,1,0.995,10664,2,1,2,10662,0,1.0
C100_DIS,17,radiopaedia_29_86490_1,radiopaedia_case_29,0,0.995,2786,2,0,1,2785,0,0.5
C100_DIS,17,radiopaedia_29_86491_1,radiopaedia_case_29,0,0.995,3686,3,0,2,3684,0,0.6666666666666666
C100_DIS,17,radiopaedia_36_86526_0,radiopaedia_case_36,2,0.995,3651,31,0,11,3640,0,0.3548387096774194
C100_DIS,17,radiopaedia_40_86625_0,radiopaedia_case_40,3,0.995,9106,9,1,2,9104,0,0.2222222222222222
C100_DIS,17,radiopaedia_4_85506_1,radiopaedia_case_4,1,0.995,6761,29,0,9,6752,0,0.3103448275862069
C100_DIS,17,radiopaedia_7_85703_0,radiopaedia_case_7,2,0.995,9457,4,0,1,9456,0,0.25
C100_DIS,17,coronacases_001,coronacases_001,3,1.000001,0,44,10,0,0,0,0.0
C100_DIS,17,coronacases_002,coronacases_002,0,1.000001,0,26,0,0,0,0,0.0
C100_DIS,17,coronacases_003,coronacases_003,3,1.000001,0,36,5,0,0,0,0.0
C100_DIS,17,coronacases_005,coronacases_005,0,1.000001,0,2,1,0,0,0,0.0
C100_DIS,17,coronacases_006,coronacases_006,2,1.000001,0,1,0,0,0,0,0.0
C100_DIS,17,coronacases_007,coronacases_007,2,1.000001,0,7,0,0,0,0,0.0
C100_DIS,17,coronacases_009,coronacases_009,3,1.000001,0,8,2,0,0,0,0.0
C100_DIS,17,coronacases_010,coronacases_010,1,1.000001,0,6,0,0,0,0,0.0
C100_DIS,17,radiopaedia_10_85902_1,radiopaedia_case_10,1,1.000001,0,2,0,0,0,0,0.0
C100_DIS,17,radiopaedia_10_85902_3,radiopaedia_case_10,1,1.000001,0,2,1,0,0,0,0.0
C100_DIS,17,radiopaedia_29_86490_1,radiopaedia_case_29,0,1.000001,0,2,0,0,0,0,0.0
C100_DIS,17,radiopaedia_29_86491_1,radiopaedia_case_29,0,1.000001,0,3,0,0,0,0,0.0
C100_DIS,17,radiopaedia_36_86526_0,radiopaedia_case_36,2,1.000001,0,31,0,0,0,0,0.0
C100_DIS,17,radiopaedia_40_86625_0,radiopaedia_case_40,3,1.000001,0,9,1,0,0,0,0.0
C100_DIS,17,radiopaedia_4_85506_1,radiopaedia_case_4,1,1.000001,0,29,0,0,0,0,0.0
C100_DIS,17,radiopaedia_7_85703_0,radiopaedia_case_7,2,1.000001,0,4,0,0,0,0,0.0
C100_DIS,29,coronacases_001,coronacases_001,3,0.05,10770,44,10,2,10767,1,0.045454545454545456
C100_DIS,29,coronacases_002,coronacases_002,0,0.05,2052,26,0,0,2052,0,0.0
C100_DIS,29,coronacases_003,coronacases_003,3,0.05,7301,36,5,0,7301,0,0.0
C100_DIS,29,coronacases_005,coronacases_005,0,0.05,1105,2,1,0,1105,0,0.0
C100_DIS,29,coronacases_006,coronacases_006,2,0.05,7207,1,0,0,7207,0,0.0
C100_DIS,29,coronacases_007,coronacases_007,2,0.05,4008,7,0,0,4008,0,0.0
C100_DIS,29,coronacases_009,coronacases_009,3,0.05,8666,8,2,0,8666,0,0.0
C100_DIS,29,coronacases_010,coronacases_010,1,0.05,1077,6,0,0,1077,0,0.0
C100_DIS,29,radiopaedia_10_85902_1,radiopaedia_case_10,1,0.05,1748,2,0,0,1748,0,0.0
C100_DIS,29,radiopaedia_10_85902_3,radiopaedia_case_10,1,0.05,3319,2,1,0,3319,0,0.0
C100_DIS,29,radiopaedia_29_86490_1,radiopaedia_case_29,0,0.05,3040,2,0,0,3040,0,0.0
C100_DIS,29,radiopaedia_29_86491_1,radiopaedia_case_29,0,0.05,2772,3,0,0,2772,0,0.0
C100_DIS,29,radiopaedia_36_86526_0,radiopaedia_case_36,2,0.05,4249,31,0,0,4249,0,0.0
C100_DIS,29,radiopaedia_40_86625_0,radiopaedia_case_40,3,0.05,17452,9,1,1,17451,0,0.1111111111111111
C100_DIS,29,radiopaedia_4_85506_1,radiopaedia_case_4,1,0.05,2179,29,0,0,2179,0,0.0
C100_DIS,29,radiopaedia_7_85703_0,radiopaedia_case_7,2,0.05,10891,4,0,0,10891,0,0.0
C100_DIS,29,coronacases_001,coronacases_001,3,0.1,16947,44,10,2,16944,1,0.045454545454545456
C100_DIS,29,coronacases_002,coronacases_002,0,0.1,2385,26,0,0,2385,0,0.0
C100_DIS,29,coronacases_003,coronacases_003,3,0.1,11850,36,5,0,11850,0,0.0
C100_DIS,29,coronacases_005,coronacases_005,0,0.1,1439,2,1,0,1439,0,0.0
C100_DIS,29,coronacases_006,coronacases_006,2,0.1,6551,1,0,0,6551,0,0.0
C100_DIS,29,coronacases_007,coronacases_007,2,0.1,3697,7,0,0,3697,0,0.0
C100_DIS,29,coronacases_009,coronacases_009,3,0.1,10188,8,2,0,10188,0,0.0
C100_DIS,29,coronacases_010,coronacases_010,1,0.1,1231,6,0,0,1231,0,0.0
C100_DIS,29,radiopaedia_10_85902_1,radiopaedia_case_10,1,0.1,1950,2,0,0,1950,0,0.0
C100_DIS,29,radiopaedia_10_85902_3,radiopaedia_case_10,1,0.1,3469,2,1,0,3469,0,0.0
C100_DIS,29,radiopaedia_29_86490_1,radiopaedia_case_29,0,0.1,3017,2,0,0,3017,0,0.0
C100_DIS,29,radiopaedia_29_86491_1,radiopaedia_case_29,0,0.1,3663,3,0,0,3663,0,0.0
C100_DIS,29,radiopaedia_36_86526_0,radiopaedia_case_36,2,0.1,4073,31,0,0,4073,0,0.0
C100_DIS,29,radiopaedia_40_86625_0,radiopaedia_case_40,3,0.1,23108,9,1,1,23107,0,0.1111111111111111
C100_DIS,29,radiopaedia_4_85506_1,radiopaedia_case_4,1,0.1,2268,29,0,0,2268,0,0.0
C100_DIS,29,radiopaedia_7_85703_0,radiopaedia_case_7,2,0.1,9128,4,0,0,9128,0,0.0
C100_DIS,29,coronacases_001,coronacases_001,3,0.15,19880,44,10,3,19876,1,0.06818181818181818
C100_DIS,29,coronacases_002,coronacases_002,0,0.15,2719,26,0,0,2719,0,0.0
C100_DIS,29,coronacases_003,coronacases_003,3,0.15,14163,36,5,1,14161,1,0.027777777777777776
C100_DIS,29,coronacases_005,coronacases_005,0,0.15,1682,2,1,0,1682,0,0.0
C100_DIS,29,coronacases_006,coronacases_006,2,0.15,6361,1,0,0,6361,0,0.0
C100_DIS,29,coronacases_007,coronacases_007,2,0.15,3669,7,0,0,3669,0,0.0
C100_DIS,29,coronacases_009,coronacases_009,3,0.15,10703,8,2,0,10703,0,0.0
C100_DIS,29,coronacases_010,coronacases_010,1,0.15,1284,6,0,0,1284,0,0.0
C100_DIS,29,radiopaedia_10_85902_1,radiopaedia_case_10,1,0.15,2108,2,0,0,2108,0,0.0
C100_DIS,29,radiopaedia_10_85902_3,radiopaedia_case_10,1,0.15,3632,2,1,0,3632,0,0.0
C100_DIS,29,radiopaedia_29_86490_1,radiopaedia_case_29,0,0.15,2921,2,0,0,2921,0,0.0
C100_DIS,29,radiopaedia_29_86491_1,radiopaedia_case_29,0,0.15,3831,3,0,0,3831,0,0.0
C100_DIS,29,radiopaedia_36_86526_0,radiopaedia_case_36,2,0.15,4017,31,0,0,4017,0,0.0
C100_DIS,29,radiopaedia_40_86625_0,radiopaedia_case_40,3,0.15,26650,9,1,1,26649,0,0.1111111111111111
C100_DIS,29,radiopaedia_4_85506_1,radiopaedia_case_4,1,0.15,2243,29,0,0,2243,0,0.0
C100_DIS,29,radiopaedia_7_85703_0,radiopaedia_case_7,2,0.15,8248,4,0,0,8248,0,0.0
C100_DIS,29,coronacases_001,coronacases_001,3,0.2,21107,44,10,3,21103,1,0.06818181818181818
C100_DIS,29,coronacases_002,coronacases_002,0,0.2,2994,26,0,0,2994,0,0.0
C100_DIS,29,coronacases_003,coronacases_003,3,0.2,15142,36,5,0,15141,1,0.0
C100_DIS,29,coronacases_005,coronacases_005,0,0.2,1897,2,1,0,1897,0,0.0
C100_DIS,29,coronacases_006,coronacases_006,2,0.2,6238,1,0,0,6238,0,0.0
C100_DIS,29,coronacases_007,coronacases_007,2,0.2,3637,7,0,0,3637,0,0.0
C100_DIS,29,coronacases_009,coronacases_009,3,0.2,11017,8,2,0,11017,0,0.0
C100_DIS,29,coronacases_010,coronacases_010,1,0.2,1294,6,0,0,1294,0,0.0
C100_DIS,29,radiopaedia_10_85902_1,radiopaedia_case_10,1,0.2,2307,2,0,0,2307,0,0.0
C100_DIS,29,radiopaedia_10_85902_3,radiopaedia_case_10,1,0.2,3683,2,1,0,3683,0,0.0
C100_DIS,29,radiopaedia_29_86490_1,radiopaedia_case_29,0,0.2,2882,2,0,0,2882,0,0.0
C100_DIS,29,radiopaedia_29_86491_1,radiopaedia_case_29,0,0.2,3697,3,0,0,3697,0,0.0
C100_DIS,29,radiopaedia_36_86526_0,radiopaedia_case_36,2,0.2,4033,31,0,0,4033,0,0.0
C100_DIS,29,radiopaedia_40_86625_0,radiopaedia_case_40,3,0.2,28594,9,1,1,28593,0,0.1111111111111111
C100_DIS,29,radiopaedia_4_85506_1,radiopaedia_case_4,1,0.2,2386,29,0,0,2386,0,0.0
C100_DIS,29,radiopaedia_7_85703_0,radiopaedia_case_7,2,0.2,7739,4,0,0,7739,0,0.0
C100_DIS,29,coronacases_001,coronacases_001,3,0.25,21707,44,10,4,21702,1,0.09090909090909091
C100_DIS,29,coronacases_002,coronacases_002,0,0.25,3246,26,0,0,3246,0,0.0
C100_DIS,29,coronacases_003,coronacases_003,3,0.25,15757,36,5,0,15756,1,0.0
C100_DIS,29,coronacases_005,coronacases_005,0,0.25,2051,2,1,0,2051,0,0.0
C100_DIS,29,coronacases_006,coronacases_006,2,0.25,5946,1,0,0,5946,0,0.0
C100_DIS,29,coronacases_007,coronacases_007,2,0.25,3598,7,0,0,3598,0,0.0
C100_DIS,29,coronacases_009,coronacases_009,3,0.25,11298,8,2,0,11298,0,0.0
C100_DIS,29,coronacases_010,coronacases_010,1,0.25,1302,6,0,0,1302,0,0.0
C100_DIS,29,radiopaedia_10_85902_1,radiopaedia_case_10,1,0.25,2323,2,0,0,2323,0,0.0
C100_DIS,29,radiopaedia_10_85902_3,radiopaedia_case_10,1,0.25,3733,2,1,1,3732,0,0.5
C100_DIS,29,radiopaedia_29_86490_1,radiopaedia_case_29,0,0.25,2756,2,0,0,2756,0,0.0
C100_DIS,29,radiopaedia_29_86491_1,radiopaedia_case_29,0,0.25,3622,3,0,0,3622,0,0.0
C100_DIS,29,radiopaedia_36_86526_0,radiopaedia_case_36,2,0.25,4109,31,0,0,4109,0,0.0
C100_DIS,29,radiopaedia_40_86625_0,radiopaedia_case_40,3,0.25,30164,9,1,1,30163,0,0.1111111111111111
C100_DIS,29,radiopaedia_4_85506_1,radiopaedia_case_4,1,0.25,2479,29,0,1,2478,0,0.034482758620689655
C100_DIS,29,radiopaedia_7_85703_0,radiopaedia_case_7,2,0.25,7409,4,0,0,7409,0,0.0
C100_DIS,29,coronacases_001,coronacases_001,3,0.3,21896,44,10,5,21890,1,0.11363636363636363
C100_DIS,29,coronacases_002,coronacases_002,0,0.3,3444,26,0,0,3444,0,0.0
C100_DIS,29,coronacases_003,coronacases_003,3,0.3,15981,36,5,0,15980,1,0.0
C100_DIS,29,coronacases_005,coronacases_005,0,0.3,2236,2,1,0,2236,0,0.0
C100_DIS,29,coronacases_006,coronacases_006,2,0.3,5734,1,0,0,5734,0,0.0
C100_DIS,29,coronacases_007,coronacases_007,2,0.3,3565,7,0,0,3565,0,0.0
C100_DIS,29,coronacases_009,coronacases_009,3,0.3,11306,8,2,0,11306,0,0.0
C100_DIS,29,coronacases_010,coronacases_010,1,0.3,1375,6,0,0,1375,0,0.0
C100_DIS,29,radiopaedia_10_85902_1,radiopaedia_case_10,1,0.3,2434,2,0,0,2434,0,0.0
C100_DIS,29,radiopaedia_10_85902_3,radiopaedia_case_10,1,0.3,3712,2,1,1,3711,0,0.5
C100_DIS,29,radiopaedia_29_86490_1,radiopaedia_case_29,0,0.3,2722,2,0,0,2722,0,0.0
C100_DIS,29,radiopaedia_29_86491_1,radiopaedia_case_29,0,0.3,3546,3,0,0,3546,0,0.0
C100_DIS,29,radiopaedia_36_86526_0,radiopaedia_case_36,2,0.3,4135,31,0,0,4135,0,0.0
C100_DIS,29,radiopaedia_40_86625_0,radiopaedia_case_40,3,0.3,31334,9,1,1,31333,0,0.1111111111111111
C100_DIS,29,radiopaedia_4_85506_1,radiopaedia_case_4,1,0.3,2542,29,0,1,2541,0,0.034482758620689655
C100_DIS,29,radiopaedia_7_85703_0,radiopaedia_case_7,2,0.3,7117,4,0,0,7117,0,0.0
C100_DIS,29,coronacases_001,coronacases_001,3,0.35,22019,44,10,5,22013,1,0.11363636363636363
C100_DIS,29,coronacases_002,coronacases_002,0,0.35,3622,26,0,0,3622,0,0.0
C100_DIS,29,coronacases_003,coronacases_003,3,0.35,16018,36,5,1,16016,1,0.027777777777777776
C100_DIS,29,coronacases_005,coronacases_005,0,0.35,2492,2,1,0,2492,0,0.0
C100_DIS,29,coronacases_006,coronacases_006,2,0.35,5627,1,0,0,5627,0,0.0
C100_DIS,29,coronacases_007,coronacases_007,2,0.35,3459,7,0,0,3459,0,0.0
C100_DIS,29,coronacases_009,coronacases_009,3,0.35,11298,8,2,0,11298,0,0.0
C100_DIS,29,coronacases_010,coronacases_010,1,0.35,1434,6,0,0,1434,0,0.0
C100_DIS,29,radiopaedia_10_85902_1,radiopaedia_case_10,1,0.35,2410,2,0,0,2410,0,0.0
C100_DIS,29,radiopaedia_10_85902_3,radiopaedia_case_10,1,0.35,3763,2,1,1,3762,0,0.5
C100_DIS,29,radiopaedia_29_86490_1,radiopaedia_case_29,0,0.35,2697,2,0,0,2697,0,0.0
C100_DIS,29,radiopaedia_29_86491_1,radiopaedia_case_29,0,0.35,3521,3,0,0,3521,0,0.0
C100_DIS,29,radiopaedia_36_86526_0,radiopaedia_case_36,2,0.35,4169,31,0,0,4169,0,0.0
C100_DIS,29,radiopaedia_40_86625_0,radiopaedia_case_40,3,0.35,32008,9,1,0,32008,0,0.0
C100_DIS,29,radiopaedia_4_85506_1,radiopaedia_case_4,1,0.35,2640,29,0,1,2639,0,0.034482758620689655
C100_DIS,29,radiopaedia_7_85703_0,radiopaedia_case_7,2,0.35,7032,4,0,0,7032,0,0.0
C100_DIS,29,coronacases_001,coronacases_001,3,0.4,21647,44,10,5,21641,1,0.11363636363636363
C100_DIS,29,coronacases_002,coronacases_002,0,0.4,3758,26,0,0,3758,0,0.0
C100_DIS,29,coronacases_003,coronacases_003,3,0.4,15855,36,5,1,15853,1,0.027777777777777776
C100_DIS,29,coronacases_005,coronacases_005,0,0.4,2719,2,1,0,2719,0,0.0
C100_DIS,29,coronacases_006,coronacases_006,2,0.4,5418,1,0,0,5418,0,0.0
C100_DIS,29,coronacases_007,coronacases_007,2,0.4,3359,7,0,0,3359,0,0.0
C100_DIS,29,coronacases_009,coronacases_009,3,0.4,11073,8,2,0,11073,0,0.0
C100_DIS,29,coronacases_010,coronacases_010,1,0.4,1451,6,0,0,1451,0,0.0
C100_DIS,29,radiopaedia_10_85902_1,radiopaedia_case_10,1,0.4,2423,2,0,0,2423,0,0.0
C100_DIS,29,radiopaedia_10_85902_3,radiopaedia_case_10,1,0.4,3744,2,1,1,3743,0,0.5
C100_DIS,29,radiopaedia_29_86490_1,radiopaedia_case_29,0,0.4,2708,2,0,0,2708,0,0.0
C100_DIS,29,radiopaedia_29_86491_1,radiopaedia_case_29,0,0.4,3484,3,0,0,3484,0,0.0
C100_DIS,29,radiopaedia_36_86526_0,radiopaedia_case_36,2,0.4,4215,31,0,0,4215,0,0.0
C100_DIS,29,radiopaedia_40_86625_0,radiopaedia_case_40,3,0.4,32553,9,1,0,32553,0,0.0
C100_DIS,29,radiopaedia_4_85506_1,radiopaedia_case_4,1,0.4,2705,29,0,1,2704,0,0.034482758620689655
C100_DIS,29,radiopaedia_7_85703_0,radiopaedia_case_7,2,0.4,6873,4,0,0,6873,0,0.0
C100_DIS,29,coronacases_001,coronacases_001,3,0.45,21182,44,10,6,21175,1,0.13636363636363635
C100_DIS,29,coronacases_002,coronacases_002,0,0.45,3908,26,0,0,3908,0,0.0
C100_DIS,29,coronacases_003,coronacases_003,3,0.45,15372,36,5,1,15370,1,0.027777777777777776
C100_DIS,29,coronacases_005,coronacases_005,0,0.45,2973,2,1,0,2973,0,0.0
C100_DIS,29,coronacases_006,coronacases_006,2,0.45,5305,1,0,0,5305,0,0.0
C100_DIS,29,coronacases_007,coronacases_007,2,0.45,3365,7,0,0,3365,0,0.0
C100_DIS,29,coronacases_009,coronacases_009,3,0.45,10720,8,2,0,10720,0,0.0
C100_DIS,29,coronacases_010,coronacases_010,1,0.45,1505,6,0,0,1505,0,0.0
C100_DIS,29,radiopaedia_10_85902_1,radiopaedia_case_10,1,0.45,2501,2,0,0,2501,0,0.0
C100_DIS,29,radiopaedia_10_85902_3,radiopaedia_case_10,1,0.45,3845,2,1,1,3844,0,0.5
C100_DIS,29,radiopaedia_29_86490_1,radiopaedia_case_29,0,0.45,2730,2,0,0,2730,0,0.0
C100_DIS,29,radiopaedia_29_86491_1,radiopaedia_case_29,0,0.45,3428,3,0,0,3428,0,0.0
C100_DIS,29,radiopaedia_36_86526_0,radiopaedia_case_36,2,0.45,4201,31,0,1,4200,0,0.03225806451612903
C100_DIS,29,radiopaedia_40_86625_0,radiopaedia_case_40,3,0.45,32454,9,1,0,32454,0,0.0
C100_DIS,29,radiopaedia_4_85506_1,radiopaedia_case_4,1,0.45,2698,29,0,1,2697,0,0.034482758620689655
C100_DIS,29,radiopaedia_7_85703_0,radiopaedia_case_7,2,0.45,6731,4,0,0,6731,0,0.0
C100_DIS,29,coronacases_001,coronacases_001,3,0.5,20423,44,10,6,20416,1,0.13636363636363635
C100_DIS,29,coronacases_002,coronacases_002,0,0.5,4171,26,0,0,4171,0,0.0
C100_DIS,29,coronacases_003,coronacases_003,3,0.5,15017,36,5,1,15015,1,0.027777777777777776
C100_DIS,29,coronacases_005,coronacases_005,0,0.5,3293,2,1,0,3293,0,0.0
C100_DIS,29,coronacases_006,coronacases_006,2,0.5,5248,1,0,0,5248,0,0.0
C100_DIS,29,coronacases_007,coronacases_007,2,0.5,3317,7,0,0,3317,0,0.0
C100_DIS,29,coronacases_009,coronacases_009,3,0.5,10315,8,2,0,10315,0,0.0
C100_DIS,29,coronacases_010,coronacases_010,1,0.5,1602,6,0,0,1602,0,0.0
C100_DIS,29,radiopaedia_10_85902_1,radiopaedia_case_10,1,0.5,2575,2,0,0,2575,0,0.0
C100_DIS,29,radiopaedia_10_85902_3,radiopaedia_case_10,1,0.5,3952,2,1,1,3951,0,0.5
C100_DIS,29,radiopaedia_29_86490_1,radiopaedia_case_29,0,0.5,2784,2,0,0,2784,0,0.0
C100_DIS,29,radiopaedia_29_86491_1,radiopaedia_case_29,0,0.5,3446,3,0,0,3446,0,0.0
C100_DIS,29,radiopaedia_36_86526_0,radiopaedia_case_36,2,0.5,4248,31,0,1,4247,0,0.03225806451612903
C100_DIS,29,radiopaedia_40_86625_0,radiopaedia_case_40,3,0.5,32224,9,1,0,32224,0,0.0
C100_DIS,29,radiopaedia_4_85506_1,radiopaedia_case_4,1,0.5,2699,29,0,1,2698,0,0.034482758620689655
C100_DIS,29,radiopaedia_7_85703_0,radiopaedia_case_7,2,0.5,6680,4,0,0,6680,0,0.0
C100_DIS,29,coronacases_001,coronacases_001,3,0.55,19505,44,10,6,19498,1,0.13636363636363635
C100_DIS,29,coronacases_002,coronacases_002,0,0.55,4353,26,0,0,4353,0,0.0
C100_DIS,29,coronacases_003,coronacases_003,3,0.55,14468,36,5,2,14465,1,0.05555555555555555
C100_DIS,29,coronacases_005,coronacases_005,0,0.55,3759,2,1,0,3759,0,0.0
C100_DIS,29,coronacases_006,coronacases_006,2,0.55,5301,1,0,0,5301,0,0.0
C100_DIS,29,coronacases_007,coronacases_007,2,0.55,3270,7,0,0,3270,0,0.0
C100_DIS,29,coronacases_009,coronacases_009,3,0.55,10030,8,2,0,10030,0,0.0
C100_DIS,29,coronacases_010,coronacases_010,1,0.55,1669,6,0,0,1669,0,0.0
C100_DIS,29,radiopaedia_10_85902_1,radiopaedia_case_10,1,0.55,2605,2,0,0,2605,0,0.0
C100_DIS,29,radiopaedia_10_85902_3,radiopaedia_case_10,1,0.55,4107,2,1,1,4106,0,0.5
C100_DIS,29,radiopaedia_29_86490_1,radiopaedia_case_29,0,0.55,2886,2,0,0,2886,0,0.0
C100_DIS,29,radiopaedia_29_86491_1,radiopaedia_case_29,0,0.55,3462,3,0,0,3462,0,0.0
C100_DIS,29,radiopaedia_36_86526_0,radiopaedia_case_36,2,0.55,4290,31,0,1,4289,0,0.03225806451612903
C100_DIS,29,radiopaedia_40_86625_0,radiopaedia_case_40,3,0.55,31917,9,1,0,31917,0,0.0
C100_DIS,29,radiopaedia_4_85506_1,radiopaedia_case_4,1,0.55,2627,29,0,1,2626,0,0.034482758620689655
C100_DIS,29,radiopaedia_7_85703_0,radiopaedia_case_7,2,0.55,6619,4,0,0,6619,0,0.0
C100_DIS,29,coronacases_001,coronacases_001,3,0.6,18493,44,10,6,18486,1,0.13636363636363635
C100_DIS,29,coronacases_002,coronacases_002,0,0.6,4627,26,0,0,4627,0,0.0
C100_DIS,29,coronacases_003,coronacases_003,3,0.6,13978,36,5,2,13975,1,0.05555555555555555
C100_DIS,29,coronacases_005,coronacases_005,0,0.6,4139,2,1,0,4139,0,0.0
C100_DIS,29,coronacases_006,coronacases_006,2,0.6,5335,1,0,0,5335,0,0.0
C100_DIS,29,coronacases_007,coronacases_007,2,0.6,3209,7,0,0,3209,0,0.0
C100_DIS,29,coronacases_009,coronacases_009,3,0.6,9598,8,2,0,9598,0,0.0
C100_DIS,29,coronacases_010,coronacases_010,1,0.6,1807,6,0,0,1807,0,0.0
C100_DIS,29,radiopaedia_10_85902_1,radiopaedia_case_10,1,0.6,2620,2,0,0,2620,0,0.0
C100_DIS,29,radiopaedia_10_85902_3,radiopaedia_case_10,1,0.6,4272,2,1,1,4271,0,0.5
C100_DIS,29,radiopaedia_29_86490_1,radiopaedia_case_29,0,0.6,2987,2,0,0,2987,0,0.0
C100_DIS,29,radiopaedia_29_86491_1,radiopaedia_case_29,0,0.6,3495,3,0,0,3495,0,0.0
C100_DIS,29,radiopaedia_36_86526_0,radiopaedia_case_36,2,0.6,4263,31,0,3,4260,0,0.0967741935483871
C100_DIS,29,radiopaedia_40_86625_0,radiopaedia_case_40,3,0.6,31290,9,1,0,31290,0,0.0
C100_DIS,29,radiopaedia_4_85506_1,radiopaedia_case_4,1,0.6,2591,29,0,1,2590,0,0.034482758620689655
C100_DIS,29,radiopaedia_7_85703_0,radiopaedia_case_7,2,0.6,6623,4,0,0,6623,0,0.0
C100_DIS,29,coronacases_001,coronacases_001,3,0.65,17593,44,10,7,17585,1,0.1590909090909091
C100_DIS,29,coronacases_002,coronacases_002,0,0.65,4941,26,0,0,4941,0,0.0
C100_DIS,29,coronacases_003,coronacases_003,3,0.65,13319,36,5,4,13314,1,0.1111111111111111
C100_DIS,29,coronacases_005,coronacases_005,0,0.65,4571,2,1,0,4571,0,0.0
C100_DIS,29,coronacases_006,coronacases_006,2,0.65,5247,1,0,0,5247,0,0.0
C100_DIS,29,coronacases_007,coronacases_007,2,0.65,3178,7,0,0,3178,0,0.0
C100_DIS,29,coronacases_009,coronacases_009,3,0.65,9056,8,2,0,9056,0,0.0
C100_DIS,29,coronacases_010,coronacases_010,1,0.65,1902,6,0,0,1902,0,0.0
C100_DIS,29,radiopaedia_10_85902_1,radiopaedia_case_10,1,0.65,2585,2,0,0,2585,0,0.0
C100_DIS,29,radiopaedia_10_85902_3,radiopaedia_case_10,1,0.65,4332,2,1,1,4331,0,0.5
C100_DIS,29,radiopaedia_29_86490_1,radiopaedia_case_29,0,0.65,3183,2,0,0,3183,0,0.0
C100_DIS,29,radiopaedia_29_86491_1,radiopaedia_case_29,0,0.65,3525,3,0,0,3525,0,0.0
C100_DIS,29,radiopaedia_36_86526_0,radiopaedia_case_36,2,0.65,4324,31,0,3,4321,0,0.0967741935483871
C100_DIS,29,radiopaedia_40_86625_0,radiopaedia_case_40,3,0.65,30338,9,1,0,30338,0,0.0
C100_DIS,29,radiopaedia_4_85506_1,radiopaedia_case_4,1,0.65,2613,29,0,0,2613,0,0.0
C100_DIS,29,radiopaedia_7_85703_0,radiopaedia_case_7,2,0.65,6772,4,0,0,6772,0,0.0
C100_DIS,29,coronacases_001,coronacases_001,3,0.7,16541,44,10,7,16533,1,0.1590909090909091
C100_DIS,29,coronacases_002,coronacases_002,0,0.7,5302,26,0,0,5302,0,0.0
C100_DIS,29,coronacases_003,coronacases_003,3,0.7,12583,36,5,6,12575,2,0.16666666666666666
C100_DIS,29,coronacases_005,coronacases_005,0,0.7,5062,2,1,0,5062,0,0.0
C100_DIS,29,coronacases_006,coronacases_006,2,0.7,5228,1,0,0,5228,0,0.0
C100_DIS,29,coronacases_007,coronacases_007,2,0.7,3197,7,0,0,3197,0,0.0
C100_DIS,29,coronacases_009,coronacases_009,3,0.7,8828,8,2,0,8828,0,0.0
C100_DIS,29,coronacases_010,coronacases_010,1,0.7,1966,6,0,0,1966,0,0.0
C100_DIS,29,radiopaedia_10_85902_1,radiopaedia_case_10,1,0.7,2566,2,0,0,2566,0,0.0
C100_DIS,29,radiopaedia_10_85902_3,radiopaedia_case_10,1,0.7,4475,2,1,1,4474,0,0.5
C100_DIS,29,radiopaedia_29_86490_1,radiopaedia_case_29,0,0.7,3406,2,0,0,3406,0,0.0
C100_DIS,29,radiopaedia_29_86491_1,radiopaedia_case_29,0,0.7,3501,3,0,0,3501,0,0.0
C100_DIS,29,radiopaedia_36_86526_0,radiopaedia_case_36,2,0.7,4409,31,0,4,4405,0,0.12903225806451613
C100_DIS,29,radiopaedia_40_86625_0,radiopaedia_case_40,3,0.7,28871,9,1,0,28871,0,0.0
C100_DIS,29,radiopaedia_4_85506_1,radiopaedia_case_4,1,0.7,2722,29,0,2,2720,0,0.06896551724137931
C100_DIS,29,radiopaedia_7_85703_0,radiopaedia_case_7,2,0.7,6893,4,0,0,6893,0,0.0
C100_DIS,29,coronacases_001,coronacases_001,3,0.75,15452,44,10,7,15445,0,0.1590909090909091
C100_DIS,29,coronacases_002,coronacases_002,0,0.75,5739,26,0,0,5739,0,0.0
C100_DIS,29,coronacases_003,coronacases_003,3,0.75,11911,36,5,8,11902,1,0.2222222222222222
C100_DIS,29,coronacases_005,coronacases_005,0,0.75,5500,2,1,0,5500,0,0.0
C100_DIS,29,coronacases_006,coronacases_006,2,0.75,5071,1,0,0,5071,0,0.0
C100_DIS,29,coronacases_007,coronacases_007,2,0.75,3138,7,0,1,3137,0,0.14285714285714285
C100_DIS,29,coronacases_009,coronacases_009,3,0.75,8424,8,2,0,8424,0,0.0
C100_DIS,29,coronacases_010,coronacases_010,1,0.75,2099,6,0,0,2099,0,0.0
C100_DIS,29,radiopaedia_10_85902_1,radiopaedia_case_10,1,0.75,2597,2,0,0,2597,0,0.0
C100_DIS,29,radiopaedia_10_85902_3,radiopaedia_case_10,1,0.75,4657,2,1,1,4656,0,0.5
C100_DIS,29,radiopaedia_29_86490_1,radiopaedia_case_29,0,0.75,3670,2,0,0,3670,0,0.0
C100_DIS,29,radiopaedia_29_86491_1,radiopaedia_case_29,0,0.75,3512,3,0,0,3512,0,0.0
C100_DIS,29,radiopaedia_36_86526_0,radiopaedia_case_36,2,0.75,4336,31,0,4,4332,0,0.12903225806451613
C100_DIS,29,radiopaedia_40_86625_0,radiopaedia_case_40,3,0.75,27268,9,1,0,27268,0,0.0
C100_DIS,29,radiopaedia_4_85506_1,radiopaedia_case_4,1,0.75,2858,29,0,4,2854,0,0.13793103448275862
C100_DIS,29,radiopaedia_7_85703_0,radiopaedia_case_7,2,0.75,7113,4,0,0,7113,0,0.0
C100_DIS,29,coronacases_001,coronacases_001,3,0.8,14135,44,10,8,14127,0,0.18181818181818182
C100_DIS,29,coronacases_002,coronacases_002,0,0.8,6421,26,0,0,6421,0,0.0
C100_DIS,29,coronacases_003,coronacases_003,3,0.8,11045,36,5,8,11036,1,0.2222222222222222
C100_DIS,29,coronacases_005,coronacases_005,0,0.8,5977,2,1,0,5977,0,0.0
C100_DIS,29,coronacases_006,coronacases_006,2,0.8,5000,1,0,0,5000,0,0.0
C100_DIS,29,coronacases_007,coronacases_007,2,0.8,3034,7,0,1,3033,0,0.14285714285714285
C100_DIS,29,coronacases_009,coronacases_009,3,0.8,7864,8,2,0,7864,0,0.0
C100_DIS,29,coronacases_010,coronacases_010,1,0.8,2214,6,0,0,2214,0,0.0
C100_DIS,29,radiopaedia_10_85902_1,radiopaedia_case_10,1,0.8,2488,2,0,0,2488,0,0.0
C100_DIS,29,radiopaedia_10_85902_3,radiopaedia_case_10,1,0.8,4792,2,1,1,4791,0,0.5
C100_DIS,29,radiopaedia_29_86490_1,radiopaedia_case_29,0,0.8,4014,2,0,0,4014,0,0.0
C100_DIS,29,radiopaedia_29_86491_1,radiopaedia_case_29,0,0.8,3602,3,0,0,3602,0,0.0
C100_DIS,29,radiopaedia_36_86526_0,radiopaedia_case_36,2,0.8,4293,31,0,5,4288,0,0.16129032258064516
C100_DIS,29,radiopaedia_40_86625_0,radiopaedia_case_40,3,0.8,25589,9,1,1,25588,0,0.1111111111111111
C100_DIS,29,radiopaedia_4_85506_1,radiopaedia_case_4,1,0.8,3167,29,0,5,3162,0,0.1724137931034483
C100_DIS,29,radiopaedia_7_85703_0,radiopaedia_case_7,2,0.8,7227,4,0,1,7226,0,0.25
C100_DIS,29,coronacases_001,coronacases_001,3,0.85,12629,44,10,9,12620,0,0.20454545454545456
C100_DIS,29,coronacases_002,coronacases_002,0,0.85,7360,26,0,0,7360,0,0.0
C100_DIS,29,coronacases_003,coronacases_003,3,0.85,10160,36,5,10,10149,1,0.2777777777777778
C100_DIS,29,coronacases_005,coronacases_005,0,0.85,6340,2,1,0,6340,0,0.0
C100_DIS,29,coronacases_006,coronacases_006,2,0.85,4995,1,0,0,4995,0,0.0
C100_DIS,29,coronacases_007,coronacases_007,2,0.85,3067,7,0,0,3067,0,0.0
C100_DIS,29,coronacases_009,coronacases_009,3,0.85,7131,8,2,0,7131,0,0.0
C100_DIS,29,coronacases_010,coronacases_010,1,0.85,2214,6,0,0,2214,0,0.0
C100_DIS,29,radiopaedia_10_85902_1,radiopaedia_case_10,1,0.85,2280,2,0,1,2279,0,0.5
C100_DIS,29,radiopaedia_10_85902_3,radiopaedia_case_10,1,0.85,5047,2,1,1,5046,0,0.5
C100_DIS,29,radiopaedia_29_86490_1,radiopaedia_case_29,0,0.85,4642,2,0,0,4642,0,0.0
C100_DIS,29,radiopaedia_29_86491_1,radiopaedia_case_29,0,0.85,3919,3,0,0,3919,0,0.0
C100_DIS,29,radiopaedia_36_86526_0,radiopaedia_case_36,2,0.85,4350,31,0,6,4344,0,0.1935483870967742
C100_DIS,29,radiopaedia_40_86625_0,radiopaedia_case_40,3,0.85,23254,9,1,1,23253,0,0.1111111111111111
C100_DIS,29,radiopaedia_4_85506_1,radiopaedia_case_4,1,0.85,3347,29,0,4,3343,0,0.13793103448275862
C100_DIS,29,radiopaedia_7_85703_0,radiopaedia_case_7,2,0.85,6907,4,0,1,6906,0,0.25
C100_DIS,29,coronacases_001,coronacases_001,3,0.9,10910,44,10,9,10901,0,0.20454545454545456
C100_DIS,29,coronacases_002,coronacases_002,0,0.9,8479,26,0,1,8478,0,0.038461538461538464
C100_DIS,29,coronacases_003,coronacases_003,3,0.9,9034,36,5,10,9022,2,0.2777777777777778
C100_DIS,29,coronacases_005,coronacases_005,0,0.9,6776,2,1,0,6776,0,0.0
C100_DIS,29,coronacases_006,coronacases_006,2,0.9,4891,1,0,0,4891,0,0.0
C100_DIS,29,coronacases_007,coronacases_007,2,0.9,3051,7,0,0,3051,0,0.0
C100_DIS,29,coronacases_009,coronacases_009,3,0.9,6386,8,2,0,6386,0,0.0
C100_DIS,29,coronacases_010,coronacases_010,1,0.9,2279,6,0,0,2279,0,0.0
C100_DIS,29,radiopaedia_10_85902_1,radiopaedia_case_10,1,0.9,2134,2,0,1,2133,0,0.5
C100_DIS,29,radiopaedia_10_85902_3,radiopaedia_case_10,1,0.9,5295,2,1,1,5294,0,0.5
C100_DIS,29,radiopaedia_29_86490_1,radiopaedia_case_29,0,0.9,5586,2,0,0,5586,0,0.0
C100_DIS,29,radiopaedia_29_86491_1,radiopaedia_case_29,0,0.9,4455,3,0,0,4455,0,0.0
C100_DIS,29,radiopaedia_36_86526_0,radiopaedia_case_36,2,0.9,4514,31,0,8,4506,0,0.25806451612903225
C100_DIS,29,radiopaedia_40_86625_0,radiopaedia_case_40,3,0.9,20255,9,1,1,20254,0,0.1111111111111111
C100_DIS,29,radiopaedia_4_85506_1,radiopaedia_case_4,1,0.9,3546,29,0,3,3543,0,0.10344827586206896
C100_DIS,29,radiopaedia_7_85703_0,radiopaedia_case_7,2,0.9,6807,4,0,1,6806,0,0.25
C100_DIS,29,coronacases_001,coronacases_001,3,0.95,8680,44,10,9,8670,1,0.20454545454545456
C100_DIS,29,coronacases_002,coronacases_002,0,0.95,10052,26,0,5,10047,0,0.19230769230769232
C100_DIS,29,coronacases_003,coronacases_003,3,0.95,7692,36,5,13,7677,2,0.3611111111111111
C100_DIS,29,coronacases_005,coronacases_005,0,0.95,6930,2,1,0,6930,0,0.0
C100_DIS,29,coronacases_006,coronacases_006,2,0.95,4903,1,0,0,4903,0,0.0
C100_DIS,29,coronacases_007,coronacases_007,2,0.95,3109,7,0,0,3109,0,0.0
C100_DIS,29,coronacases_009,coronacases_009,3,0.95,5588,8,2,0,5588,0,0.0
C100_DIS,29,coronacases_010,coronacases_010,1,0.95,2776,6,0,0,2776,0,0.0
C100_DIS,29,radiopaedia_10_85902_1,radiopaedia_case_10,1,0.95,2170,2,0,1,2169,0,0.5
C100_DIS,29,radiopaedia_10_85902_3,radiopaedia_case_10,1,0.95,5871,2,1,1,5870,0,0.5
C100_DIS,29,radiopaedia_29_86490_1,radiopaedia_case_29,0,0.95,7595,2,0,0,7595,0,0.0
C100_DIS,29,radiopaedia_29_86491_1,radiopaedia_case_29,0,0.95,5736,3,0,0,5736,0,0.0
C100_DIS,29,radiopaedia_36_86526_0,radiopaedia_case_36,2,0.95,4851,31,0,10,4841,0,0.3225806451612903
C100_DIS,29,radiopaedia_40_86625_0,radiopaedia_case_40,3,0.95,16282,9,1,1,16281,0,0.1111111111111111
C100_DIS,29,radiopaedia_4_85506_1,radiopaedia_case_4,1,0.95,4172,29,0,5,4167,0,0.1724137931034483
C100_DIS,29,radiopaedia_7_85703_0,radiopaedia_case_7,2,0.95,6732,4,0,1,6731,0,0.25
C100_DIS,29,coronacases_001,coronacases_001,3,0.975,7035,44,10,12,7022,1,0.2727272727272727
C100_DIS,29,coronacases_002,coronacases_002,0,0.975,11255,26,0,5,11250,0,0.19230769230769232
C100_DIS,29,coronacases_003,coronacases_003,3,0.975,6854,36,5,14,6838,2,0.3888888888888889
C100_DIS,29,coronacases_005,coronacases_005,0,0.975,6513,2,1,0,6513,0,0.0
C100_DIS,29,coronacases_006,coronacases_006,2,0.975,4878,1,0,0,4878,0,0.0
C100_DIS,29,coronacases_007,coronacases_007,2,0.975,3266,7,0,1,3265,0,0.14285714285714285
C100_DIS,29,coronacases_009,coronacases_009,3,0.975,4986,8,2,0,4986,0,0.0
C100_DIS,29,coronacases_010,coronacases_010,1,0.975,3475,6,0,0,3475,0,0.0
C100_DIS,29,radiopaedia_10_85902_1,radiopaedia_case_10,1,0.975,2209,2,0,1,2208,0,0.5
C100_DIS,29,radiopaedia_10_85902_3,radiopaedia_case_10,1,0.975,6414,2,1,1,6413,0,0.5
C100_DIS,29,radiopaedia_29_86490_1,radiopaedia_case_29,0,0.975,10608,2,0,0,10608,0,0.0
C100_DIS,29,radiopaedia_29_86491_1,radiopaedia_case_29,0,0.975,7685,3,0,0,7685,0,0.0
C100_DIS,29,radiopaedia_36_86526_0,radiopaedia_case_36,2,0.975,4971,31,0,14,4957,0,0.45161290322580644
C100_DIS,29,radiopaedia_40_86625_0,radiopaedia_case_40,3,0.975,13543,9,1,1,13542,0,0.1111111111111111
C100_DIS,29,radiopaedia_4_85506_1,radiopaedia_case_4,1,0.975,4731,29,0,5,4726,0,0.1724137931034483
C100_DIS,29,radiopaedia_7_85703_0,radiopaedia_case_7,2,0.975,6391,4,0,2,6389,0,0.5
C100_DIS,29,coronacases_001,coronacases_001,3,0.99,5782,44,10,17,5765,0,0.38636363636363635
C100_DIS,29,coronacases_002,coronacases_002,0,0.99,12155,26,0,6,12149,0,0.23076923076923078
C100_DIS,29,coronacases_003,coronacases_003,3,0.99,6201,36,5,13,6187,1,0.3611111111111111
C100_DIS,29,coronacases_005,coronacases_005,0,0.99,6193,2,1,0,6193,0,0.0
C100_DIS,29,coronacases_006,coronacases_006,2,0.99,4772,1,0,0,4772,0,0.0
C100_DIS,29,coronacases_007,coronacases_007,2,0.99,3415,7,0,1,3414,0,0.14285714285714285
C100_DIS,29,coronacases_009,coronacases_009,3,0.99,4615,8,2,2,4613,0,0.25
C100_DIS,29,coronacases_010,coronacases_010,1,0.99,4313,6,0,0,4313,0,0.0
C100_DIS,29,radiopaedia_10_85902_1,radiopaedia_case_10,1,0.99,2718,2,0,1,2717,0,0.5
C100_DIS,29,radiopaedia_10_85902_3,radiopaedia_case_10,1,0.99,7569,2,1,1,7568,0,0.5
C100_DIS,29,radiopaedia_29_86490_1,radiopaedia_case_29,0,0.99,13663,2,0,0,13663,0,0.0
C100_DIS,29,radiopaedia_29_86491_1,radiopaedia_case_29,0,0.99,10632,3,0,1,10631,0,0.3333333333333333
C100_DIS,29,radiopaedia_36_86526_0,radiopaedia_case_36,2,0.99,4758,31,0,16,4742,0,0.5161290322580645
C100_DIS,29,radiopaedia_40_86625_0,radiopaedia_case_40,3,0.99,11130,9,1,1,11129,0,0.1111111111111111
C100_DIS,29,radiopaedia_4_85506_1,radiopaedia_case_4,1,0.99,5968,29,0,5,5963,0,0.1724137931034483
C100_DIS,29,radiopaedia_7_85703_0,radiopaedia_case_7,2,0.99,6328,4,0,3,6325,0,0.75
C100_DIS,29,coronacases_001,coronacases_001,3,0.995,5324,44,10,18,5306,0,0.4090909090909091
C100_DIS,29,coronacases_002,coronacases_002,0,0.995,12478,26,0,7,12471,0,0.2692307692307692
C100_DIS,29,coronacases_003,coronacases_003,3,0.995,5517,36,5,15,5502,0,0.4166666666666667
C100_DIS,29,coronacases_005,coronacases_005,0,0.995,6042,2,1,0,6042,0,0.0
C100_DIS,29,coronacases_006,coronacases_006,2,0.995,4747,1,0,0,4747,0,0.0
C100_DIS,29,coronacases_007,coronacases_007,2,0.995,3523,7,0,1,3522,0,0.14285714285714285
C100_DIS,29,coronacases_009,coronacases_009,3,0.995,4501,8,2,2,4499,0,0.25
C100_DIS,29,coronacases_010,coronacases_010,1,0.995,4949,6,0,2,4947,0,0.3333333333333333
C100_DIS,29,radiopaedia_10_85902_1,radiopaedia_case_10,1,0.995,3177,2,0,1,3176,0,0.5
C100_DIS,29,radiopaedia_10_85902_3,radiopaedia_case_10,1,0.995,8857,2,1,1,8856,0,0.5
C100_DIS,29,radiopaedia_29_86490_1,radiopaedia_case_29,0,0.995,13765,2,0,1,13764,0,0.5
C100_DIS,29,radiopaedia_29_86491_1,radiopaedia_case_29,0,0.995,13545,3,0,1,13544,0,0.3333333333333333
C100_DIS,29,radiopaedia_36_86526_0,radiopaedia_case_36,2,0.995,4437,31,0,17,4420,0,0.5483870967741935
C100_DIS,29,radiopaedia_40_86625_0,radiopaedia_case_40,3,0.995,9942,9,1,1,9941,0,0.1111111111111111
C100_DIS,29,radiopaedia_4_85506_1,radiopaedia_case_4,1,0.995,6941,29,0,7,6934,0,0.2413793103448276
C100_DIS,29,radiopaedia_7_85703_0,radiopaedia_case_7,2,0.995,6185,4,0,3,6182,0,0.75
C100_DIS,29,coronacases_001,coronacases_001,3,1.000001,0,44,10,0,0,0,0.0
C100_DIS,29,coronacases_002,coronacases_002,0,1.000001,0,26,0,0,0,0,0.0
C100_DIS,29,coronacases_003,coronacases_003,3,1.000001,0,36,5,0,0,0,0.0
C100_DIS,29,coronacases_005,coronacases_005,0,1.000001,0,2,1,0,0,0,0.0
C100_DIS,29,coronacases_006,coronacases_006,2,1.000001,0,1,0,0,0,0,0.0
C100_DIS,29,coronacases_007,coronacases_007,2,1.000001,0,7,0,0,0,0,0.0
C100_DIS,29,coronacases_009,coronacases_009,3,1.000001,0,8,2,0,0,0,0.0
C100_DIS,29,coronacases_010,coronacases_010,1,1.000001,0,6,0,0,0,0,0.0
C100_DIS,29,radiopaedia_10_85902_1,radiopaedia_case_10,1,1.000001,0,2,0,0,0,0,0.0
C100_DIS,29,radiopaedia_10_85902_3,radiopaedia_case_10,1,1.000001,0,2,1,0,0,0,0.0
C100_DIS,29,radiopaedia_29_86490_1,radiopaedia_case_29,0,1.000001,0,2,0,0,0,0,0.0
C100_DIS,29,radiopaedia_29_86491_1,radiopaedia_case_29,0,1.000001,0,3,0,0,0,0,0.0
C100_DIS,29,radiopaedia_36_86526_0,radiopaedia_case_36,2,1.000001,0,31,0,0,0,0,0.0
C100_DIS,29,radiopaedia_40_86625_0,radiopaedia_case_40,3,1.000001,0,9,1,0,0,0,0.0
C100_DIS,29,radiopaedia_4_85506_1,radiopaedia_case_4,1,1.000001,0,29,0,0,0,0,0.0
C100_DIS,29,radiopaedia_7_85703_0,radiopaedia_case_7,2,1.000001,0,4,0,0,0,0,0.0
C100_DIS,43,coronacases_001,coronacases_001,3,0.05,1180,44,10,0,1178,2,0.0
C100_DIS,43,coronacases_002,coronacases_002,0,0.05,17037,26,0,0,17037,0,0.0
C100_DIS,43,coronacases_003,coronacases_003,3,0.05,1175,36,5,0,1175,0,0.0
C100_DIS,43,coronacases_005,coronacases_005,0,0.05,9084,2,1,0,9084,0,0.0
C100_DIS,43,coronacases_006,coronacases_006,2,0.05,2291,1,0,0,2291,0,0.0
C100_DIS,43,coronacases_007,coronacases_007,2,0.05,1174,7,0,0,1174,0,0.0
C100_DIS,43,coronacases_009,coronacases_009,3,0.05,949,8,2,0,949,0,0.0
C100_DIS,43,coronacases_010,coronacases_010,1,0.05,1589,6,0,0,1589,0,0.0
C100_DIS,43,radiopaedia_10_85902_1,radiopaedia_case_10,1,0.05,1967,2,0,0,1967,0,0.0
C100_DIS,43,radiopaedia_10_85902_3,radiopaedia_case_10,1,0.05,3140,2,1,0,3140,0,0.0
C100_DIS,43,radiopaedia_29_86490_1,radiopaedia_case_29,0,0.05,17526,2,0,0,17526,0,0.0
C100_DIS,43,radiopaedia_29_86491_1,radiopaedia_case_29,0,0.05,20492,3,0,0,20492,0,0.0
C100_DIS,43,radiopaedia_36_86526_0,radiopaedia_case_36,2,0.05,1532,31,0,0,1532,0,0.0
C100_DIS,43,radiopaedia_40_86625_0,radiopaedia_case_40,3,0.05,3120,9,1,0,3120,0,0.0
C100_DIS,43,radiopaedia_4_85506_1,radiopaedia_case_4,1,0.05,2758,29,0,0,2758,0,0.0
C100_DIS,43,radiopaedia_7_85703_0,radiopaedia_case_7,2,0.05,2777,4,0,0,2777,0,0.0
C100_DIS,43,coronacases_001,coronacases_001,3,0.1,1486,44,10,0,1485,1,0.0
C100_DIS,43,coronacases_002,coronacases_002,0,0.1,15286,26,0,0,15286,0,0.0
C100_DIS,43,coronacases_003,coronacases_003,3,0.1,1543,36,5,0,1543,0,0.0
C100_DIS,43,coronacases_005,coronacases_005,0,0.1,7682,2,1,0,7682,0,0.0
C100_DIS,43,coronacases_006,coronacases_006,2,0.1,2423,1,0,0,2423,0,0.0
C100_DIS,43,coronacases_007,coronacases_007,2,0.1,1268,7,0,0,1268,0,0.0
C100_DIS,43,coronacases_009,coronacases_009,3,0.1,1373,8,2,0,1373,0,0.0
C100_DIS,43,coronacases_010,coronacases_010,1,0.1,2351,6,0,0,2351,0,0.0
C100_DIS,43,radiopaedia_10_85902_1,radiopaedia_case_10,1,0.1,2380,2,0,0,2380,0,0.0
C100_DIS,43,radiopaedia_10_85902_3,radiopaedia_case_10,1,0.1,3674,2,1,0,3674,0,0.0
C100_DIS,43,radiopaedia_29_86490_1,radiopaedia_case_29,0,0.1,16516,2,0,0,16516,0,0.0
C100_DIS,43,radiopaedia_29_86491_1,radiopaedia_case_29,0,0.1,19217,3,0,0,19217,0,0.0
C100_DIS,43,radiopaedia_36_86526_0,radiopaedia_case_36,2,0.1,1609,31,0,0,1609,0,0.0
C100_DIS,43,radiopaedia_40_86625_0,radiopaedia_case_40,3,0.1,3335,9,1,0,3335,0,0.0
C100_DIS,43,radiopaedia_4_85506_1,radiopaedia_case_4,1,0.1,3185,29,0,0,3185,0,0.0
C100_DIS,43,radiopaedia_7_85703_0,radiopaedia_case_7,2,0.1,3352,4,0,0,3352,0,0.0
C100_DIS,43,coronacases_001,coronacases_001,3,0.15,1476,44,10,1,1474,1,0.022727272727272728
C100_DIS,43,coronacases_002,coronacases_002,0,0.15,13401,26,0,0,13401,0,0.0
C100_DIS,43,coronacases_003,coronacases_003,3,0.15,1739,36,5,1,1738,0,0.027777777777777776
C100_DIS,43,coronacases_005,coronacases_005,0,0.15,6757,2,1,0,6757,0,0.0
C100_DIS,43,coronacases_006,coronacases_006,2,0.15,2653,1,0,0,2653,0,0.0
C100_DIS,43,coronacases_007,coronacases_007,2,0.15,1382,7,0,0,1382,0,0.0
C100_DIS,43,coronacases_009,coronacases_009,3,0.15,1498,8,2,0,1498,0,0.0
C100_DIS,43,coronacases_010,coronacases_010,1,0.15,3025,6,0,0,3025,0,0.0
C100_DIS,43,radiopaedia_10_85902_1,radiopaedia_case_10,1,0.15,2744,2,0,0,2744,0,0.0
C100_DIS,43,radiopaedia_10_85902_3,radiopaedia_case_10,1,0.15,4013,2,1,0,4013,0,0.0
C100_DIS,43,radiopaedia_29_86490_1,radiopaedia_case_29,0,0.15,14476,2,0,0,14476,0,0.0
C100_DIS,43,radiopaedia_29_86491_1,radiopaedia_case_29,0,0.15,16759,3,0,0,16759,0,0.0
C100_DIS,43,radiopaedia_36_86526_0,radiopaedia_case_36,2,0.15,1782,31,0,1,1781,0,0.03225806451612903
C100_DIS,43,radiopaedia_40_86625_0,radiopaedia_case_40,3,0.15,3718,9,1,0,3718,0,0.0
C100_DIS,43,radiopaedia_4_85506_1,radiopaedia_case_4,1,0.15,3447,29,0,1,3446,0,0.034482758620689655
C100_DIS,43,radiopaedia_7_85703_0,radiopaedia_case_7,2,0.15,3318,4,0,0,3318,0,0.0
C100_DIS,43,coronacases_001,coronacases_001,3,0.2,1537,44,10,1,1535,1,0.022727272727272728
C100_DIS,43,coronacases_002,coronacases_002,0,0.2,12129,26,0,0,12129,0,0.0
C100_DIS,43,coronacases_003,coronacases_003,3,0.2,1746,36,5,2,1744,0,0.05555555555555555
C100_DIS,43,coronacases_005,coronacases_005,0,0.2,5939,2,1,0,5939,0,0.0
C100_DIS,43,coronacases_006,coronacases_006,2,0.2,2918,1,0,0,2918,0,0.0
C100_DIS,43,coronacases_007,coronacases_007,2,0.2,1585,7,0,0,1585,0,0.0
C100_DIS,43,coronacases_009,coronacases_009,3,0.2,1675,8,2,0,1675,0,0.0
C100_DIS,43,coronacases_010,coronacases_010,1,0.2,3785,6,0,0,3785,0,0.0
C100_DIS,43,radiopaedia_10_85902_1,radiopaedia_case_10,1,0.2,2916,2,0,0,2916,0,0.0
C100_DIS,43,radiopaedia_10_85902_3,radiopaedia_case_10,1,0.2,4249,2,1,0,4249,0,0.0
C100_DIS,43,radiopaedia_29_86490_1,radiopaedia_case_29,0,0.2,12569,2,0,0,12569,0,0.0
C100_DIS,43,radiopaedia_29_86491_1,radiopaedia_case_29,0,0.2,14974,3,0,0,14974,0,0.0
C100_DIS,43,radiopaedia_36_86526_0,radiopaedia_case_36,2,0.2,1926,31,0,1,1925,0,0.03225806451612903
C100_DIS,43,radiopaedia_40_86625_0,radiopaedia_case_40,3,0.2,3820,9,1,0,3820,0,0.0
C100_DIS,43,radiopaedia_4_85506_1,radiopaedia_case_4,1,0.2,3679,29,0,1,3678,0,0.034482758620689655
C100_DIS,43,radiopaedia_7_85703_0,radiopaedia_case_7,2,0.2,3114,4,0,0,3114,0,0.0
C100_DIS,43,coronacases_001,coronacases_001,3,0.25,1530,44,10,3,1526,1,0.06818181818181818
C100_DIS,43,coronacases_002,coronacases_002,0,0.25,11026,26,0,0,11026,0,0.0
C100_DIS,43,coronacases_003,coronacases_003,3,0.25,1731,36,5,4,1727,0,0.1111111111111111
C100_DIS,43,coronacases_005,coronacases_005,0,0.25,5388,2,1,0,5388,0,0.0
C100_DIS,43,coronacases_006,coronacases_006,2,0.25,3094,1,0,0,3094,0,0.0
C100_DIS,43,coronacases_007,coronacases_007,2,0.25,1731,7,0,0,1731,0,0.0
C100_DIS,43,coronacases_009,coronacases_009,3,0.25,1789,8,2,0,1789,0,0.0
C100_DIS,43,coronacases_010,coronacases_010,1,0.25,4386,6,0,0,4386,0,0.0
C100_DIS,43,radiopaedia_10_85902_1,radiopaedia_case_10,1,0.25,3107,2,0,0,3107,0,0.0
C100_DIS,43,radiopaedia_10_85902_3,radiopaedia_case_10,1,0.25,4674,2,1,0,4674,0,0.0
C100_DIS,43,radiopaedia_29_86490_1,radiopaedia_case_29,0,0.25,11160,2,0,0,11160,0,0.0
C100_DIS,43,radiopaedia_29_86491_1,radiopaedia_case_29,0,0.25,13589,3,0,0,13589,0,0.0
C100_DIS,43,radiopaedia_36_86526_0,radiopaedia_case_36,2,0.25,1790,31,0,1,1789,0,0.03225806451612903
C100_DIS,43,radiopaedia_40_86625_0,radiopaedia_case_40,3,0.25,3833,9,1,0,3833,0,0.0
C100_DIS,43,radiopaedia_4_85506_1,radiopaedia_case_4,1,0.25,4239,29,0,1,4238,0,0.034482758620689655
C100_DIS,43,radiopaedia_7_85703_0,radiopaedia_case_7,2,0.25,2994,4,0,0,2994,0,0.0
C100_DIS,43,coronacases_001,coronacases_001,3,0.3,1609,44,10,4,1603,2,0.09090909090909091
C100_DIS,43,coronacases_002,coronacases_002,0,0.3,10175,26,0,0,10175,0,0.0
C100_DIS,43,coronacases_003,coronacases_003,3,0.3,1697,36,5,4,1693,0,0.1111111111111111
C100_DIS,43,coronacases_005,coronacases_005,0,0.3,4941,2,1,0,4941,0,0.0
C100_DIS,43,coronacases_006,coronacases_006,2,0.3,3268,1,0,0,3268,0,0.0
C100_DIS,43,coronacases_007,coronacases_007,2,0.3,1792,7,0,0,1792,0,0.0
C100_DIS,43,coronacases_009,coronacases_009,3,0.3,1874,8,2,0,1874,0,0.0
C100_DIS,43,coronacases_010,coronacases_010,1,0.3,5080,6,0,0,5080,0,0.0
C100_DIS,43,radiopaedia_10_85902_1,radiopaedia_case_10,1,0.3,3388,2,0,0,3388,0,0.0
C100_DIS,43,radiopaedia_10_85902_3,radiopaedia_case_10,1,0.3,5016,2,1,1,5015,0,0.5
C100_DIS,43,radiopaedia_29_86490_1,radiopaedia_case_29,0,0.3,9872,2,0,0,9872,0,0.0
C100_DIS,43,radiopaedia_29_86491_1,radiopaedia_case_29,0,0.3,12497,3,0,0,12497,0,0.0
C100_DIS,43,radiopaedia_36_86526_0,radiopaedia_case_36,2,0.3,1797,31,0,1,1796,0,0.03225806451612903
C100_DIS,43,radiopaedia_40_86625_0,radiopaedia_case_40,3,0.3,3845,9,1,0,3845,0,0.0
C100_DIS,43,radiopaedia_4_85506_1,radiopaedia_case_4,1,0.3,4807,29,0,1,4806,0,0.034482758620689655
C100_DIS,43,radiopaedia_7_85703_0,radiopaedia_case_7,2,0.3,2968,4,0,0,2968,0,0.0
C100_DIS,43,coronacases_001,coronacases_001,3,0.35,1752,44,10,4,1746,2,0.09090909090909091
C100_DIS,43,coronacases_002,coronacases_002,0,0.35,9341,26,0,0,9341,0,0.0
C100_DIS,43,coronacases_003,coronacases_003,3,0.35,1625,36,5,4,1621,0,0.1111111111111111
C100_DIS,43,coronacases_005,coronacases_005,0,0.35,4505,2,1,0,4505,0,0.0
C100_DIS,43,coronacases_006,coronacases_006,2,0.35,3255,1,0,0,3255,0,0.0
C100_DIS,43,coronacases_007,coronacases_007,2,0.35,1865,7,0,0,1865,0,0.0
C100_DIS,43,coronacases_009,coronacases_009,3,0.35,1903,8,2,0,1903,0,0.0
C100_DIS,43,coronacases_010,coronacases_010,1,0.35,5685,6,0,0,5685,0,0.0
C100_DIS,43,radiopaedia_10_85902_1,radiopaedia_case_10,1,0.35,3676,2,0,0,3676,0,0.0
C100_DIS,43,radiopaedia_10_85902_3,radiopaedia_case_10,1,0.35,5526,2,1,1,5525,0,0.5
C100_DIS,43,radiopaedia_29_86490_1,radiopaedia_case_29,0,0.35,8832,2,0,0,8832,0,0.0
C100_DIS,43,radiopaedia_29_86491_1,radiopaedia_case_29,0,0.35,11507,3,0,0,11507,0,0.0
C100_DIS,43,radiopaedia_36_86526_0,radiopaedia_case_36,2,0.35,1818,31,0,1,1817,0,0.03225806451612903
C100_DIS,43,radiopaedia_40_86625_0,radiopaedia_case_40,3,0.35,3776,9,1,0,3776,0,0.0
C100_DIS,43,radiopaedia_4_85506_1,radiopaedia_case_4,1,0.35,5478,29,0,1,5477,0,0.034482758620689655
C100_DIS,43,radiopaedia_7_85703_0,radiopaedia_case_7,2,0.35,2885,4,0,0,2885,0,0.0
C100_DIS,43,coronacases_001,coronacases_001,3,0.4,1828,44,10,4,1822,2,0.09090909090909091
C100_DIS,43,coronacases_002,coronacases_002,0,0.4,8675,26,0,0,8675,0,0.0
C100_DIS,43,coronacases_003,coronacases_003,3,0.4,1597,36,5,4,1593,0,0.1111111111111111
C100_DIS,43,coronacases_005,coronacases_005,0,0.4,4168,2,1,0,4168,0,0.0
C100_DIS,43,coronacases_006,coronacases_006,2,0.4,3285,1,0,0,3285,0,0.0
C100_DIS,43,coronacases_007,coronacases_007,2,0.4,2000,7,0,0,2000,0,0.0
C100_DIS,43,coronacases_009,coronacases_009,3,0.4,1919,8,2,0,1919,0,0.0
C100_DIS,43,coronacases_010,coronacases_010,1,0.4,6231,6,0,0,6231,0,0.0
C100_DIS,43,radiopaedia_10_85902_1,radiopaedia_case_10,1,0.4,4009,2,0,0,4009,0,0.0
C100_DIS,43,radiopaedia_10_85902_3,radiopaedia_case_10,1,0.4,6006,2,1,1,6005,0,0.5
C100_DIS,43,radiopaedia_29_86490_1,radiopaedia_case_29,0,0.4,7923,2,0,0,7923,0,0.0
C100_DIS,43,radiopaedia_29_86491_1,radiopaedia_case_29,0,0.4,10566,3,0,0,10566,0,0.0
C100_DIS,43,radiopaedia_36_86526_0,radiopaedia_case_36,2,0.4,1778,31,0,1,1777,0,0.03225806451612903
C100_DIS,43,radiopaedia_40_86625_0,radiopaedia_case_40,3,0.4,3705,9,1,0,3705,0,0.0
C100_DIS,43,radiopaedia_4_85506_1,radiopaedia_case_4,1,0.4,6103,29,0,2,6101,0,0.06896551724137931
C100_DIS,43,radiopaedia_7_85703_0,radiopaedia_case_7,2,0.4,2853,4,0,1,2852,0,0.25
C100_DIS,43,coronacases_001,coronacases_001,3,0.45,1929,44,10,4,1923,2,0.09090909090909091
C100_DIS,43,coronacases_002,coronacases_002,0,0.45,8025,26,0,0,8025,0,0.0
C100_DIS,43,coronacases_003,coronacases_003,3,0.45,1568,36,5,4,1564,0,0.1111111111111111
C100_DIS,43,coronacases_005,coronacases_005,0,0.45,3905,2,1,0,3905,0,0.0
C100_DIS,43,coronacases_006,coronacases_006,2,0.45,3263,1,0,0,3263,0,0.0
C100_DIS,43,coronacases_007,coronacases_007,2,0.45,2037,7,0,1,2036,0,0.14285714285714285
C100_DIS,43,coronacases_009,coronacases_009,3,0.45,1949,8,2,0,1949,0,0.0
C100_DIS,43,coronacases_010,coronacases_010,1,0.45,6817,6,0,0,6817,0,0.0
C100_DIS,43,radiopaedia_10_85902_1,radiopaedia_case_10,1,0.45,4357,2,0,0,4357,0,0.0
C100_DIS,43,radiopaedia_10_85902_3,radiopaedia_case_10,1,0.45,6530,2,1,1,6529,0,0.5
C100_DIS,43,radiopaedia_29_86490_1,radiopaedia_case_29,0,0.45,7106,2,0,0,7106,0,0.0
C100_DIS,43,radiopaedia_29_86491_1,radiopaedia_case_29,0,0.45,9929,3,0,0,9929,0,0.0
C100_DIS,43,radiopaedia_36_86526_0,radiopaedia_case_36,2,0.45,1836,31,0,1,1835,0,0.03225806451612903
C100_DIS,43,radiopaedia_40_86625_0,radiopaedia_case_40,3,0.45,3623,9,1,0,3623,0,0.0
C100_DIS,43,radiopaedia_4_85506_1,radiopaedia_case_4,1,0.45,6924,29,0,2,6922,0,0.06896551724137931
C100_DIS,43,radiopaedia_7_85703_0,radiopaedia_case_7,2,0.45,2859,4,0,1,2858,0,0.25
C100_DIS,43,coronacases_001,coronacases_001,3,0.5,1978,44,10,4,1973,1,0.09090909090909091
C100_DIS,43,coronacases_002,coronacases_002,0,0.5,7508,26,0,0,7508,0,0.0
C100_DIS,43,coronacases_003,coronacases_003,3,0.5,1573,36,5,4,1569,0,0.1111111111111111
C100_DIS,43,coronacases_005,coronacases_005,0,0.5,3858,2,1,0,3858,0,0.0
C100_DIS,43,coronacases_006,coronacases_006,2,0.5,3277,1,0,0,3277,0,0.0
C100_DIS,43,coronacases_007,coronacases_007,2,0.5,2051,7,0,1,2050,0,0.14285714285714285
C100_DIS,43,coronacases_009,coronacases_009,3,0.5,1959,8,2,0,1959,0,0.0
C100_DIS,43,coronacases_010,coronacases_010,1,0.5,7428,6,0,0,7428,0,0.0
C100_DIS,43,radiopaedia_10_85902_1,radiopaedia_case_10,1,0.5,4725,2,0,0,4725,0,0.0
C100_DIS,43,radiopaedia_10_85902_3,radiopaedia_case_10,1,0.5,7330,2,1,1,7329,0,0.5
C100_DIS,43,radiopaedia_29_86490_1,radiopaedia_case_29,0,0.5,6476,2,0,0,6476,0,0.0
C100_DIS,43,radiopaedia_29_86491_1,radiopaedia_case_29,0,0.5,9278,3,0,0,9278,0,0.0
C100_DIS,43,radiopaedia_36_86526_0,radiopaedia_case_36,2,0.5,1853,31,0,3,1850,0,0.0967741935483871
C100_DIS,43,radiopaedia_40_86625_0,radiopaedia_case_40,3,0.5,3623,9,1,0,3623,0,0.0
C100_DIS,43,radiopaedia_4_85506_1,radiopaedia_case_4,1,0.5,8035,29,0,3,8032,0,0.10344827586206896
C100_DIS,43,radiopaedia_7_85703_0,radiopaedia_case_7,2,0.5,2988,4,0,1,2987,0,0.25
C100_DIS,43,coronacases_001,coronacases_001,3,0.55,2076,44,10,3,2072,1,0.06818181818181818
C100_DIS,43,coronacases_002,coronacases_002,0,0.55,7107,26,0,0,7107,0,0.0
C100_DIS,43,coronacases_003,coronacases_003,3,0.55,1554,36,5,4,1550,0,0.1111111111111111
C100_DIS,43,coronacases_005,coronacases_005,0,0.55,3725,2,1,0,3725,0,0.0
C100_DIS,43,coronacases_006,coronacases_006,2,0.55,3335,1,0,0,3335,0,0.0
C100_DIS,43,coronacases_007,coronacases_007,2,0.55,2041,7,0,1,2040,0,0.14285714285714285
C100_DIS,43,coronacases_009,coronacases_009,3,0.55,1924,8,2,0,1924,0,0.0
C100_DIS,43,coronacases_010,coronacases_010,1,0.55,7990,6,0,0,7990,0,0.0
C100_DIS,43,radiopaedia_10_85902_1,radiopaedia_case_10,1,0.55,5199,2,0,0,5199,0,0.0
C100_DIS,43,radiopaedia_10_85902_3,radiopaedia_case_10,1,0.55,8101,2,1,1,8100,0,0.5
C100_DIS,43,radiopaedia_29_86490_1,radiopaedia_case_29,0,0.55,5882,2,0,0,5882,0,0.0
C100_DIS,43,radiopaedia_29_86491_1,radiopaedia_case_29,0,0.55,8578,3,0,0,8578,0,0.0
C100_DIS,43,radiopaedia_36_86526_0,radiopaedia_case_36,2,0.55,1852,31,0,3,1849,0,0.0967741935483871
C100_DIS,43,radiopaedia_40_86625_0,radiopaedia_case_40,3,0.55,3601,9,1,0,3601,0,0.0
C100_DIS,43,radiopaedia_4_85506_1,radiopaedia_case_4,1,0.55,9097,29,0,3,9094,0,0.10344827586206896
C100_DIS,43,radiopaedia_7_85703_0,radiopaedia_case_7,2,0.55,3192,4,0,1,3191,0,0.25
C100_DIS,43,coronacases_001,coronacases_001,3,0.6,2193,44,10,3,2189,1,0.06818181818181818
C100_DIS,43,coronacases_002,coronacases_002,0,0.6,6723,26,0,0,6723,0,0.0
C100_DIS,43,coronacases_003,coronacases_003,3,0.6,1539,36,5,4,1535,0,0.1111111111111111
C100_DIS,43,coronacases_005,coronacases_005,0,0.6,3540,2,1,0,3540,0,0.0
C100_DIS,43,coronacases_006,coronacases_006,2,0.6,3450,1,0,0,3450,0,0.0
C100_DIS,43,coronacases_007,coronacases_007,2,0.6,1999,7,0,1,1998,0,0.14285714285714285
C100_DIS,43,coronacases_009,coronacases_009,3,0.6,1958,8,2,0,1958,0,0.0
C100_DIS,43,coronacases_010,coronacases_010,1,0.6,8465,6,0,0,8465,0,0.0
C100_DIS,43,radiopaedia_10_85902_1,radiopaedia_case_10,1,0.6,5849,2,0,0,5849,0,0.0
C100_DIS,43,radiopaedia_10_85902_3,radiopaedia_case_10,1,0.6,9233,2,1,1,9232,0,0.5
C100_DIS,43,radiopaedia_29_86490_1,radiopaedia_case_29,0,0.6,5299,2,0,0,5299,0,0.0
C100_DIS,43,radiopaedia_29_86491_1,radiopaedia_case_29,0,0.6,8126,3,0,0,8126,0,0.0
C100_DIS,43,radiopaedia_36_86526_0,radiopaedia_case_36,2,0.6,1753,31,0,3,1750,0,0.0967741935483871
C100_DIS,43,radiopaedia_40_86625_0,radiopaedia_case_40,3,0.6,3603,9,1,0,3603,0,0.0
C100_DIS,43,radiopaedia_4_85506_1,radiopaedia_case_4,1,0.6,10424,29,0,3,10421,0,0.10344827586206896
C100_DIS,43,radiopaedia_7_85703_0,radiopaedia_case_7,2,0.6,3405,4,0,1,3404,0,0.25
C100_DIS,43,coronacases_001,coronacases_001,3,0.65,2272,44,10,3,2268,1,0.06818181818181818
C100_DIS,43,coronacases_002,coronacases_002,0,0.65,6256,26,0,0,6256,0,0.0
C100_DIS,43,coronacases_003,coronacases_003,3,0.65,1491,36,5,4,1487,0,0.1111111111111111
C100_DIS,43,coronacases_005,coronacases_005,0,0.65,3361,2,1,0,3361,0,0.0
C100_DIS,43,coronacases_006,coronacases_006,2,0.65,3524,1,0,0,3524,0,0.0
C100_DIS,43,coronacases_007,coronacases_007,2,0.65,2007,7,0,1,2006,0,0.14285714285714285
C100_DIS,43,coronacases_009,coronacases_009,3,0.65,1948,8,2,0,1948,0,0.0
C100_DIS,43,coronacases_010,coronacases_010,1,0.65,8935,6,0,0,8935,0,0.0
C100_DIS,43,radiopaedia_10_85902_1,radiopaedia_case_10,1,0.65,6476,2,0,0,6476,0,0.0
C100_DIS,43,radiopaedia_10_85902_3,radiopaedia_case_10,1,0.65,10415,2,1,1,10414,0,0.5
C100_DIS,43,radiopaedia_29_86490_1,radiopaedia_case_29,0,0.65,4870,2,0,0,4870,0,0.0
C100_DIS,43,radiopaedia_29_86491_1,radiopaedia_case_29,0,0.65,7455,3,0,0,7455,0,0.0
C100_DIS,43,radiopaedia_36_86526_0,radiopaedia_case_36,2,0.65,1629,31,0,3,1626,0,0.0967741935483871
C100_DIS,43,radiopaedia_40_86625_0,radiopaedia_case_40,3,0.65,3622,9,1,0,3622,0,0.0
C100_DIS,43,radiopaedia_4_85506_1,radiopaedia_case_4,1,0.65,11906,29,0,3,11903,0,0.10344827586206896
C100_DIS,43,radiopaedia_7_85703_0,radiopaedia_case_7,2,0.65,3688,4,0,1,3687,0,0.25
C100_DIS,43,coronacases_001,coronacases_001,3,0.7,2280,44,10,3,2276,1,0.06818181818181818
C100_DIS,43,coronacases_002,coronacases_002,0,0.7,5831,26,0,0,5831,0,0.0
C100_DIS,43,coronacases_003,coronacases_003,3,0.7,1458,36,5,6,1452,0,0.16666666666666666
C100_DIS,43,coronacases_005,coronacases_005,0,0.7,3309,2,1,0,3309,0,0.0
C100_DIS,43,coronacases_006,coronacases_006,2,0.7,3594,1,0,0,3594,0,0.0
C100_DIS,43,coronacases_007,coronacases_007,2,0.7,2009,7,0,1,2008,0,0.14285714285714285
C100_DIS,43,coronacases_009,coronacases_009,3,0.7,1929,8,2,1,1928,0,0.125
C100_DIS,43,coronacases_010,coronacases_010,1,0.7,9263,6,0,0,9263,0,0.0
C100_DIS,43,radiopaedia_10_85902_1,radiopaedia_case_10,1,0.7,7327,2,0,0,7327,0,0.0
C100_DIS,43,radiopaedia_10_85902_3,radiopaedia_case_10,1,0.7,12071,2,1,1,12070,0,0.5
C100_DIS,43,radiopaedia_29_86490_1,radiopaedia_case_29,0,0.7,4484,2,0,0,4484,0,0.0
C100_DIS,43,radiopaedia_29_86491_1,radiopaedia_case_29,0,0.7,6797,3,0,0,6797,0,0.0
C100_DIS,43,radiopaedia_36_86526_0,radiopaedia_case_36,2,0.7,1532,31,0,3,1529,0,0.0967741935483871
C100_DIS,43,radiopaedia_40_86625_0,radiopaedia_case_40,3,0.7,3680,9,1,1,3679,0,0.1111111111111111
C100_DIS,43,radiopaedia_4_85506_1,radiopaedia_case_4,1,0.7,13602,29,0,4,13598,0,0.13793103448275862
C100_DIS,43,radiopaedia_7_85703_0,radiopaedia_case_7,2,0.7,3912,4,0,1,3911,0,0.25
C100_DIS,43,coronacases_001,coronacases_001,3,0.75,2281,44,10,6,2274,1,0.13636363636363635
C100_DIS,43,coronacases_002,coronacases_002,0,0.75,5538,26,0,0,5538,0,0.0
C100_DIS,43,coronacases_003,coronacases_003,3,0.75,1413,36,5,5,1408,0,0.1388888888888889
C100_DIS,43,coronacases_005,coronacases_005,0,0.75,3279,2,1,0,3279,0,0.0
C100_DIS,43,coronacases_006,coronacases_006,2,0.75,3727,1,0,0,3727,0,0.0
C100_DIS,43,coronacases_007,coronacases_007,2,0.75,1992,7,0,1,1991,0,0.14285714285714285
C100_DIS,43,coronacases_009,coronacases_009,3,0.75,1862,8,2,1,1861,0,0.125
C100_DIS,43,coronacases_010,coronacases_010,1,0.75,9570,6,0,0,9570,0,0.0
C100_DIS,43,radiopaedia_10_85902_1,radiopaedia_case_10,1,0.75,8522,2,0,0,8522,0,0.0
C100_DIS,43,radiopaedia_10_85902_3,radiopaedia_case_10,1,0.75,14215,2,1,1,14214,0,0.5
C100_DIS,43,radiopaedia_29_86490_1,radiopaedia_case_29,0,0.75,4087,2,0,1,4086,0,0.5
C100_DIS,43,radiopaedia_29_86491_1,radiopaedia_case_29,0,0.75,6076,3,0,0,6076,0,0.0
C100_DIS,43,radiopaedia_36_86526_0,radiopaedia_case_36,2,0.75,1444,31,0,2,1442,0,0.06451612903225806
C100_DIS,43,radiopaedia_40_86625_0,radiopaedia_case_40,3,0.75,3610,9,1,1,3609,0,0.1111111111111111
C100_DIS,43,radiopaedia_4_85506_1,radiopaedia_case_4,1,0.75,15489,29,0,4,15485,0,0.13793103448275862
C100_DIS,43,radiopaedia_7_85703_0,radiopaedia_case_7,2,0.75,3821,4,0,1,3820,0,0.25
C100_DIS,43,coronacases_001,coronacases_001,3,0.8,2131,44,10,6,2124,1,0.13636363636363635
C100_DIS,43,coronacases_002,coronacases_002,0,0.8,5265,26,0,0,5265,0,0.0
C100_DIS,43,coronacases_003,coronacases_003,3,0.8,1375,36,5,6,1369,0,0.16666666666666666
C100_DIS,43,coronacases_005,coronacases_005,0,0.8,3278,2,1,0,3278,0,0.0
C100_DIS,43,coronacases_006,coronacases_006,2,0.8,3764,1,0,0,3764,0,0.0
C100_DIS,43,coronacases_007,coronacases_007,2,0.8,2045,7,0,2,2043,0,0.2857142857142857
C100_DIS,43,coronacases_009,coronacases_009,3,0.8,1855,8,2,1,1854,0,0.125
C100_DIS,43,coronacases_010,coronacases_010,1,0.8,9830,6,0,0,9830,0,0.0
C100_DIS,43,radiopaedia_10_85902_1,radiopaedia_case_10,1,0.8,10086,2,0,0,10086,0,0.0
C100_DIS,43,radiopaedia_10_85902_3,radiopaedia_case_10,1,0.8,17131,2,1,1,17130,0,0.5
C100_DIS,43,radiopaedia_29_86490_1,radiopaedia_case_29,0,0.8,3738,2,0,1,3737,0,0.5
C100_DIS,43,radiopaedia_29_86491_1,radiopaedia_case_29,0,0.8,5548,3,0,0,5548,0,0.0
C100_DIS,43,radiopaedia_36_86526_0,radiopaedia_case_36,2,0.8,1489,31,0,2,1487,0,0.06451612903225806
C100_DIS,43,radiopaedia_40_86625_0,radiopaedia_case_40,3,0.8,3573,9,1,1,3572,0,0.1111111111111111
C100_DIS,43,radiopaedia_4_85506_1,radiopaedia_case_4,1,0.8,18279,29,0,4,18275,0,0.13793103448275862
C100_DIS,43,radiopaedia_7_85703_0,radiopaedia_case_7,2,0.8,3636,4,0,1,3635,0,0.25
C100_DIS,43,coronacases_001,coronacases_001,3,0.85,2093,44,10,8,2084,1,0.18181818181818182
C100_DIS,43,coronacases_002,coronacases_002,0,0.85,5088,26,0,0,5088,0,0.0
C100_DIS,43,coronacases_003,coronacases_003,3,0.85,1376,36,5,6,1370,0,0.16666666666666666
C100_DIS,43,coronacases_005,coronacases_005,0,0.85,3238,2,1,0,3238,0,0.0
C100_DIS,43,coronacases_006,coronacases_006,2,0.85,3957,1,0,0,3957,0,0.0
C100_DIS,43,coronacases_007,coronacases_007,2,0.85,2131,7,0,1,2130,0,0.14285714285714285
C100_DIS,43,coronacases_009,coronacases_009,3,0.85,1890,8,2,1,1889,0,0.125
C100_DIS,43,coronacases_010,coronacases_010,1,0.85,9754,6,0,0,9754,0,0.0
C100_DIS,43,radiopaedia_10_85902_1,radiopaedia_case_10,1,0.85,12831,2,0,0,12831,0,0.0
C100_DIS,43,radiopaedia_10_85902_3,radiopaedia_case_10,1,0.85,21105,2,1,1,21104,0,0.5
C100_DIS,43,radiopaedia_29_86490_1,radiopaedia_case_29,0,0.85,3481,2,0,0,3481,0,0.0
C100_DIS,43,radiopaedia_29_86491_1,radiopaedia_case_29,0,0.85,5109,3,0,1,5108,0,0.3333333333333333
C100_DIS,43,radiopaedia_36_86526_0,radiopaedia_case_36,2,0.85,1528,31,0,4,1524,0,0.12903225806451613
C100_DIS,43,radiopaedia_40_86625_0,radiopaedia_case_40,3,0.85,3664,9,1,1,3663,0,0.1111111111111111
C100_DIS,43,radiopaedia_4_85506_1,radiopaedia_case_4,1,0.85,22410,29,0,4,22406,0,0.13793103448275862
C100_DIS,43,radiopaedia_7_85703_0,radiopaedia_case_7,2,0.85,3484,4,0,1,3483,0,0.25
C100_DIS,43,coronacases_001,coronacases_001,3,0.9,2272,44,10,8,2263,1,0.18181818181818182
C100_DIS,43,coronacases_002,coronacases_002,0,0.9,5049,26,0,3,5046,0,0.11538461538461539
C100_DIS,43,coronacases_003,coronacases_003,3,0.9,1483,36,5,7,1476,0,0.19444444444444445
C100_DIS,43,coronacases_005,coronacases_005,0,0.9,3221,2,1,0,3221,0,0.0
C100_DIS,43,coronacases_006,coronacases_006,2,0.9,4254,1,0,0,4254,0,0.0
C100_DIS,43,coronacases_007,coronacases_007,2,0.9,2490,7,0,1,2489,0,0.14285714285714285
C100_DIS,43,coronacases_009,coronacases_009,3,0.9,2003,8,2,2,2001,0,0.25
C100_DIS,43,coronacases_010,coronacases_010,1,0.9,9226,6,0,0,9226,0,0.0
C100_DIS,43,radiopaedia_10_85902_1,radiopaedia_case_10,1,0.9,17753,2,0,1,17752,0,0.5
C100_DIS,43,radiopaedia_10_85902_3,radiopaedia_case_10,1,0.9,27666,2,1,1,27665,0,0.5
C100_DIS,43,radiopaedia_29_86490_1,radiopaedia_case_29,0,0.9,3219,2,0,0,3219,0,0.0
C100_DIS,43,radiopaedia_29_86491_1,radiopaedia_case_29,0,0.9,4892,3,0,1,4891,0,0.3333333333333333
C100_DIS,43,radiopaedia_36_86526_0,radiopaedia_case_36,2,0.9,1746,31,0,4,1742,0,0.12903225806451613
C100_DIS,43,radiopaedia_40_86625_0,radiopaedia_case_40,3,0.9,3801,9,1,1,3800,0,0.1111111111111111
C100_DIS,43,radiopaedia_4_85506_1,radiopaedia_case_4,1,0.9,29528,29,0,5,29523,0,0.1724137931034483
C100_DIS,43,radiopaedia_7_85703_0,radiopaedia_case_7,2,0.9,3330,4,0,1,3329,0,0.25
C100_DIS,43,coronacases_001,coronacases_001,3,0.95,2829,44,10,10,2818,1,0.22727272727272727
C100_DIS,43,coronacases_002,coronacases_002,0,0.95,5163,26,0,3,5160,0,0.11538461538461539
C100_DIS,43,coronacases_003,coronacases_003,3,0.95,1977,36,5,7,1969,1,0.19444444444444445
C100_DIS,43,coronacases_005,coronacases_005,0,0.95,3165,2,1,0,3165,0,0.0
C100_DIS,43,coronacases_006,coronacases_006,2,0.95,5308,1,0,0,5308,0,0.0
C100_DIS,43,coronacases_007,coronacases_007,2,0.95,3505,7,0,0,3505,0,0.0
C100_DIS,43,coronacases_009,coronacases_009,3,0.95,2618,8,2,2,2616,0,0.25
C100_DIS,43,coronacases_010,coronacases_010,1,0.95,8556,6,0,1,8555,0,0.16666666666666666
C100_DIS,43,radiopaedia_10_85902_1,radiopaedia_case_10,1,0.95,28715,2,0,1,28714,0,0.5
C100_DIS,43,radiopaedia_10_85902_3,radiopaedia_case_10,1,0.95,40169,2,1,1,40168,0,0.5
C100_DIS,43,radiopaedia_29_86490_1,radiopaedia_case_29,0,0.95,3077,2,0,0,3077,0,0.0
C100_DIS,43,radiopaedia_29_86491_1,radiopaedia_case_29,0,0.95,4899,3,0,1,4898,0,0.3333333333333333
C100_DIS,43,radiopaedia_36_86526_0,radiopaedia_case_36,2,0.95,1913,31,0,4,1909,0,0.12903225806451613
C100_DIS,43,radiopaedia_40_86625_0,radiopaedia_case_40,3,0.95,4267,9,1,1,4266,0,0.1111111111111111
C100_DIS,43,radiopaedia_4_85506_1,radiopaedia_case_4,1,0.95,43606,29,0,8,43598,0,0.27586206896551724
C100_DIS,43,radiopaedia_7_85703_0,radiopaedia_case_7,2,0.95,3834,4,0,1,3833,0,0.25
C100_DIS,43,coronacases_001,coronacases_001,3,0.975,3578,44,10,13,3565,0,0.29545454545454547
C100_DIS,43,coronacases_002,coronacases_002,0,0.975,4964,26,0,5,4959,0,0.19230769230769232
C100_DIS,43,coronacases_003,coronacases_003,3,0.975,3240,36,5,8,3231,1,0.2222222222222222
C100_DIS,43,coronacases_005,coronacases_005,0,0.975,3042,2,1,0,3042,0,0.0
C100_DIS,43,coronacases_006,coronacases_006,2,0.975,7197,1,0,0,7197,0,0.0
C100_DIS,43,coronacases_007,coronacases_007,2,0.975,5069,7,0,0,5069,0,0.0
C100_DIS,43,coronacases_009,coronacases_009,3,0.975,3478,8,2,1,3477,0,0.125
C100_DIS,43,coronacases_010,coronacases_010,1,0.975,7596,6,0,1,7595,0,0.16666666666666666
C100_DIS,43,radiopaedia_10_85902_1,radiopaedia_case_10,1,0.975,37097,2,0,1,37096,0,0.5
C100_DIS,43,radiopaedia_10_85902_3,radiopaedia_case_10,1,0.975,51416,2,1,1,51415,0,0.5
C100_DIS,43,radiopaedia_29_86490_1,radiopaedia_case_29,0,0.975,3215,2,0,0,3215,0,0.0
C100_DIS,43,radiopaedia_29_86491_1,radiopaedia_case_29,0,0.975,5111,3,0,1,5110,0,0.3333333333333333
C100_DIS,43,radiopaedia_36_86526_0,radiopaedia_case_36,2,0.975,2282,31,0,4,2278,0,0.12903225806451613
C100_DIS,43,radiopaedia_40_86625_0,radiopaedia_case_40,3,0.975,5269,9,1,1,5268,0,0.1111111111111111
C100_DIS,43,radiopaedia_4_85506_1,radiopaedia_case_4,1,0.975,53586,29,0,8,53578,0,0.27586206896551724
C100_DIS,43,radiopaedia_7_85703_0,radiopaedia_case_7,2,0.975,5789,4,0,1,5788,0,0.25
C100_DIS,43,coronacases_001,coronacases_001,3,0.99,4952,44,10,14,4937,1,0.3181818181818182
C100_DIS,43,coronacases_002,coronacases_002,0,0.99,4882,26,0,8,4874,0,0.3076923076923077
C100_DIS,43,coronacases_003,coronacases_003,3,0.99,8385,36,5,8,8376,1,0.2222222222222222
C100_DIS,43,coronacases_005,coronacases_005,0,0.99,2967,2,1,0,2967,0,0.0
C100_DIS,43,coronacases_006,coronacases_006,2,0.99,11603,1,0,0,11603,0,0.0
C100_DIS,43,coronacases_007,coronacases_007,2,0.99,7552,7,0,0,7552,0,0.0
C100_DIS,43,coronacases_009,coronacases_009,3,0.99,3893,8,2,2,3891,0,0.25
C100_DIS,43,coronacases_010,coronacases_010,1,0.99,6912,6,0,2,6910,0,0.3333333333333333
C100_DIS,43,radiopaedia_10_85902_1,radiopaedia_case_10,1,0.99,39337,2,0,2,39335,0,1.0
C100_DIS,43,radiopaedia_10_85902_3,radiopaedia_case_10,1,0.99,57593,2,1,1,57592,0,0.5
C100_DIS,43,radiopaedia_29_86490_1,radiopaedia_case_29,0,0.99,3292,2,0,0,3292,0,0.0
C100_DIS,43,radiopaedia_29_86491_1,radiopaedia_case_29,0,0.99,4999,3,0,2,4997,0,0.6666666666666666
C100_DIS,43,radiopaedia_36_86526_0,radiopaedia_case_36,2,0.99,3409,31,0,7,3402,0,0.22580645161290322
C100_DIS,43,radiopaedia_40_86625_0,radiopaedia_case_40,3,0.99,6762,9,1,1,6761,0,0.1111111111111111
C100_DIS,43,radiopaedia_4_85506_1,radiopaedia_case_4,1,0.99,50981,29,0,9,50972,0,0.3103448275862069
C100_DIS,43,radiopaedia_7_85703_0,radiopaedia_case_7,2,0.99,11406,4,0,1,11405,0,0.25
C100_DIS,43,coronacases_001,coronacases_001,3,0.995,5319,44,10,15,5303,1,0.3409090909090909
C100_DIS,43,coronacases_002,coronacases_002,0,0.995,4776,26,0,9,4767,0,0.34615384615384615
C100_DIS,43,coronacases_003,coronacases_003,3,0.995,11524,36,5,8,11516,0,0.2222222222222222
C100_DIS,43,coronacases_005,coronacases_005,0,0.995,2870,2,1,2,2868,0,1.0
C100_DIS,43,coronacases_006,coronacases_006,2,0.995,16302,1,0,0,16302,0,0.0
C100_DIS,43,coronacases_007,coronacases_007,2,0.995,9142,7,0,0,9142,0,0.0
C100_DIS,43,coronacases_009,coronacases_009,3,0.995,3624,8,2,1,3623,0,0.125
C100_DIS,43,coronacases_010,coronacases_010,1,0.995,6197,6,0,3,6194,0,0.5
C100_DIS,43,radiopaedia_10_85902_1,radiopaedia_case_10,1,0.995,34410,2,0,2,34408,0,1.0
C100_DIS,43,radiopaedia_10_85902_3,radiopaedia_case_10,1,0.995,53735,2,1,2,53733,0,1.0
C100_DIS,43,radiopaedia_29_86490_1,radiopaedia_case_29,0,0.995,3371,2,0,0,3371,0,0.0
C100_DIS,43,radiopaedia_29_86491_1,radiopaedia_case_29,0,0.995,5009,3,0,2,5007,0,0.6666666666666666
C100_DIS,43,radiopaedia_36_86526_0,radiopaedia_case_36,2,0.995,5740,31,0,8,5732,0,0.25806451612903225
C100_DIS,43,radiopaedia_40_86625_0,radiopaedia_case_40,3,0.995,7686,9,1,1,7685,0,0.1111111111111111
C100_DIS,43,radiopaedia_4_85506_1,radiopaedia_case_4,1,0.995,41001,29,0,12,40989,0,0.41379310344827586
C100_DIS,43,radiopaedia_7_85703_0,radiopaedia_case_7,2,0.995,17035,4,0,1,17034,0,0.25
C100_DIS,43,coronacases_001,coronacases_001,3,1.000001,0,44,10,0,0,0,0.0
C100_DIS,43,coronacases_002,coronacases_002,0,1.000001,0,26,0,0,0,0,0.0
C100_DIS,43,coronacases_003,coronacases_003,3,1.000001,0,36,5,0,0,0,0.0
C100_DIS,43,coronacases_005,coronacases_005,0,1.000001,0,2,1,0,0,0,0.0
C100_DIS,43,coronacases_006,coronacases_006,2,1.000001,0,1,0,0,0,0,0.0
C100_DIS,43,coronacases_007,coronacases_007,2,1.000001,0,7,0,0,0,0,0.0
C100_DIS,43,coronacases_009,coronacases_009,3,1.000001,0,8,2,0,0,0,0.0
C100_DIS,43,coronacases_010,coronacases_010,1,1.000001,0,6,0,0,0,0,0.0
C100_DIS,43,radiopaedia_10_85902_1,radiopaedia_case_10,1,1.000001,0,2,0,0,0,0,0.0
C100_DIS,43,radiopaedia_10_85902_3,radiopaedia_case_10,1,1.000001,0,2,1,0,0,0,0.0
C100_DIS,43,radiopaedia_29_86490_1,radiopaedia_case_29,0,1.000001,0,2,0,0,0,0,0.0
C100_DIS,43,radiopaedia_29_86491_1,radiopaedia_case_29,0,1.000001,0,3,0,0,0,0,0.0
C100_DIS,43,radiopaedia_36_86526_0,radiopaedia_case_36,2,1.000001,0,31,0,0,0,0,0.0
C100_DIS,43,radiopaedia_40_86625_0,radiopaedia_case_40,3,1.000001,0,9,1,0,0,0,0.0
C100_DIS,43,radiopaedia_4_85506_1,radiopaedia_case_4,1,1.000001,0,29,0,0,0,0,0.0
C100_DIS,43,radiopaedia_7_85703_0,radiopaedia_case_7,2,1.000001,0,4,0,0,0,0,0.0
C100_FRG,17,coronacases_001,coronacases_001,3,0.05,1638,44,10,1,1637,0,0.022727272727272728
C100_FRG,17,coronacases_002,coronacases_002,0,0.05,3582,26,0,0,3582,0,0.0
C100_FRG,17,coronacases_003,coronacases_003,3,0.05,1227,36,5,1,1226,0,0.027777777777777776
C100_FRG,17,coronacases_005,coronacases_005,0,0.05,2167,2,1,0,2167,0,0.0
C100_FRG,17,coronacases_006,coronacases_006,2,0.05,3407,1,0,0,3407,0,0.0
C100_FRG,17,coronacases_007,coronacases_007,2,0.05,2150,7,0,0,2150,0,0.0
C100_FRG,17,coronacases_009,coronacases_009,3,0.05,1388,8,2,0,1388,0,0.0
C100_FRG,17,coronacases_010,coronacases_010,1,0.05,13543,6,0,0,13543,0,0.0
C100_FRG,17,radiopaedia_10_85902_1,radiopaedia_case_10,1,0.05,2835,2,0,0,2835,0,0.0
C100_FRG,17,radiopaedia_10_85902_3,radiopaedia_case_10,1,0.05,10041,2,1,0,10041,0,0.0
C100_FRG,17,radiopaedia_29_86490_1,radiopaedia_case_29,0,0.05,3176,2,0,0,3176,0,0.0
C100_FRG,17,radiopaedia_29_86491_1,radiopaedia_case_29,0,0.05,4783,3,0,0,4783,0,0.0
C100_FRG,17,radiopaedia_36_86526_0,radiopaedia_case_36,2,0.05,3697,31,0,0,3697,0,0.0
C100_FRG,17,radiopaedia_40_86625_0,radiopaedia_case_40,3,0.05,4417,9,1,0,4417,0,0.0
C100_FRG,17,radiopaedia_4_85506_1,radiopaedia_case_4,1,0.05,3601,29,0,0,3601,0,0.0
C100_FRG,17,radiopaedia_7_85703_0,radiopaedia_case_7,2,0.05,5002,4,0,0,5002,0,0.0
C100_FRG,17,coronacases_001,coronacases_001,3,0.1,1664,44,10,4,1660,0,0.09090909090909091
C100_FRG,17,coronacases_002,coronacases_002,0,0.1,4356,26,0,0,4356,0,0.0
C100_FRG,17,coronacases_003,coronacases_003,3,0.1,1326,36,5,2,1324,0,0.05555555555555555
C100_FRG,17,coronacases_005,coronacases_005,0,0.1,2677,2,1,0,2677,0,0.0
C100_FRG,17,coronacases_006,coronacases_006,2,0.1,4330,1,0,0,4330,0,0.0
C100_FRG,17,coronacases_007,coronacases_007,2,0.1,2498,7,0,0,2498,0,0.0
C100_FRG,17,coronacases_009,coronacases_009,3,0.1,1475,8,2,0,1475,0,0.0
C100_FRG,17,coronacases_010,coronacases_010,1,0.1,12947,6,0,0,12947,0,0.0
C100_FRG,17,radiopaedia_10_85902_1,radiopaedia_case_10,1,0.1,4467,2,0,0,4467,0,0.0
C100_FRG,17,radiopaedia_10_85902_3,radiopaedia_case_10,1,0.1,19156,2,1,0,19156,0,0.0
C100_FRG,17,radiopaedia_29_86490_1,radiopaedia_case_29,0,0.1,3664,2,0,0,3664,0,0.0
C100_FRG,17,radiopaedia_29_86491_1,radiopaedia_case_29,0,0.1,5502,3,0,0,5502,0,0.0
C100_FRG,17,radiopaedia_36_86526_0,radiopaedia_case_36,2,0.1,3166,31,0,0,3166,0,0.0
C100_FRG,17,radiopaedia_40_86625_0,radiopaedia_case_40,3,0.1,4955,9,1,1,4954,0,0.1111111111111111
C100_FRG,17,radiopaedia_4_85506_1,radiopaedia_case_4,1,0.1,7071,29,0,1,7070,0,0.034482758620689655
C100_FRG,17,radiopaedia_7_85703_0,radiopaedia_case_7,2,0.1,5074,4,0,0,5074,0,0.0
C100_FRG,17,coronacases_001,coronacases_001,3,0.15,1812,44,10,5,1806,1,0.11363636363636363
C100_FRG,17,coronacases_002,coronacases_002,0,0.15,4735,26,0,0,4735,0,0.0
C100_FRG,17,coronacases_003,coronacases_003,3,0.15,1355,36,5,2,1353,0,0.05555555555555555
C100_FRG,17,coronacases_005,coronacases_005,0,0.15,2820,2,1,0,2820,0,0.0
C100_FRG,17,coronacases_006,coronacases_006,2,0.15,4637,1,0,0,4637,0,0.0
C100_FRG,17,coronacases_007,coronacases_007,2,0.15,2665,7,0,0,2665,0,0.0
C100_FRG,17,coronacases_009,coronacases_009,3,0.15,1670,8,2,0,1670,0,0.0
C100_FRG,17,coronacases_010,coronacases_010,1,0.15,11601,6,0,0,11601,0,0.0
C100_FRG,17,radiopaedia_10_85902_1,radiopaedia_case_10,1,0.15,7111,2,0,0,7111,0,0.0
C100_FRG,17,radiopaedia_10_85902_3,radiopaedia_case_10,1,0.15,29485,2,1,0,29485,0,0.0
C100_FRG,17,radiopaedia_29_86490_1,radiopaedia_case_29,0,0.15,3837,2,0,0,3837,0,0.0
C100_FRG,17,radiopaedia_29_86491_1,radiopaedia_case_29,0,0.15,5927,3,0,0,5927,0,0.0
C100_FRG,17,radiopaedia_36_86526_0,radiopaedia_case_36,2,0.15,3060,31,0,0,3060,0,0.0
C100_FRG,17,radiopaedia_40_86625_0,radiopaedia_case_40,3,0.15,5282,9,1,1,5281,0,0.1111111111111111
C100_FRG,17,radiopaedia_4_85506_1,radiopaedia_case_4,1,0.15,11479,29,0,0,11479,0,0.0
C100_FRG,17,radiopaedia_7_85703_0,radiopaedia_case_7,2,0.15,5179,4,0,0,5179,0,0.0
C100_FRG,17,coronacases_001,coronacases_001,3,0.2,2013,44,10,5,2007,1,0.11363636363636363
C100_FRG,17,coronacases_002,coronacases_002,0,0.2,4900,26,0,0,4900,0,0.0
C100_FRG,17,coronacases_003,coronacases_003,3,0.2,1362,36,5,3,1359,0,0.08333333333333333
C100_FRG,17,coronacases_005,coronacases_005,0,0.2,3055,2,1,0,3055,0,0.0
C100_FRG,17,coronacases_006,coronacases_006,2,0.2,4681,1,0,0,4681,0,0.0
C100_FRG,17,coronacases_007,coronacases_007,2,0.2,2827,7,0,0,2827,0,0.0
C100_FRG,17,coronacases_009,coronacases_009,3,0.2,1849,8,2,0,1849,0,0.0
C100_FRG,17,coronacases_010,coronacases_010,1,0.2,10863,6,0,1,10862,0,0.16666666666666666
C100_FRG,17,radiopaedia_10_85902_1,radiopaedia_case_10,1,0.2,10260,2,0,0,10260,0,0.0
C100_FRG,17,radiopaedia_10_85902_3,radiopaedia_case_10,1,0.2,39105,2,1,1,39104,0,0.5
C100_FRG,17,radiopaedia_29_86490_1,radiopaedia_case_29,0,0.2,3949,2,0,0,3949,0,0.0
C100_FRG,17,radiopaedia_29_86491_1,radiopaedia_case_29,0,0.2,6262,3,0,0,6262,0,0.0
C100_FRG,17,radiopaedia_36_86526_0,radiopaedia_case_36,2,0.2,3235,31,0,2,3233,0,0.06451612903225806
C100_FRG,17,radiopaedia_40_86625_0,radiopaedia_case_40,3,0.2,5510,9,1,1,5509,0,0.1111111111111111
C100_FRG,17,radiopaedia_4_85506_1,radiopaedia_case_4,1,0.2,16224,29,0,0,16224,0,0.0
C100_FRG,17,radiopaedia_7_85703_0,radiopaedia_case_7,2,0.2,5226,4,0,0,5226,0,0.0
C100_FRG,17,coronacases_001,coronacases_001,3,0.25,2141,44,10,5,2135,1,0.11363636363636363
C100_FRG,17,coronacases_002,coronacases_002,0,0.25,5140,26,0,0,5140,0,0.0
C100_FRG,17,coronacases_003,coronacases_003,3,0.25,1396,36,5,4,1391,1,0.1111111111111111
C100_FRG,17,coronacases_005,coronacases_005,0,0.25,3257,2,1,0,3257,0,0.0
C100_FRG,17,coronacases_006,coronacases_006,2,0.25,4685,1,0,0,4685,0,0.0
C100_FRG,17,coronacases_007,coronacases_007,2,0.25,2880,7,0,0,2880,0,0.0
C100_FRG,17,coronacases_009,coronacases_009,3,0.25,1944,8,2,1,1943,0,0.125
C100_FRG,17,coronacases_010,coronacases_010,1,0.25,10084,6,0,1,10083,0,0.16666666666666666
C100_FRG,17,radiopaedia_10_85902_1,radiopaedia_case_10,1,0.25,13610,2,0,0,13610,0,0.0
C100_FRG,17,radiopaedia_10_85902_3,radiopaedia_case_10,1,0.25,48125,2,1,1,48124,0,0.5
C100_FRG,17,radiopaedia_29_86490_1,radiopaedia_case_29,0,0.25,3969,2,0,0,3969,0,0.0
C100_FRG,17,radiopaedia_29_86491_1,radiopaedia_case_29,0,0.25,6428,3,0,0,6428,0,0.0
C100_FRG,17,radiopaedia_36_86526_0,radiopaedia_case_36,2,0.25,3117,31,0,2,3115,0,0.06451612903225806
C100_FRG,17,radiopaedia_40_86625_0,radiopaedia_case_40,3,0.25,5457,9,1,1,5456,0,0.1111111111111111
C100_FRG,17,radiopaedia_4_85506_1,radiopaedia_case_4,1,0.25,21342,29,0,0,21342,0,0.0
C100_FRG,17,radiopaedia_7_85703_0,radiopaedia_case_7,2,0.25,5282,4,0,0,5282,0,0.0
C100_FRG,17,coronacases_001,coronacases_001,3,0.3,2229,44,10,5,2223,1,0.11363636363636363
C100_FRG,17,coronacases_002,coronacases_002,0,0.3,5281,26,0,0,5281,0,0.0
C100_FRG,17,coronacases_003,coronacases_003,3,0.3,1361,36,5,4,1356,1,0.1111111111111111
C100_FRG,17,coronacases_005,coronacases_005,0,0.3,3369,2,1,0,3369,0,0.0
C100_FRG,17,coronacases_006,coronacases_006,2,0.3,4670,1,0,0,4670,0,0.0
C100_FRG,17,coronacases_007,coronacases_007,2,0.3,2907,7,0,0,2907,0,0.0
C100_FRG,17,coronacases_009,coronacases_009,3,0.3,1967,8,2,1,1966,0,0.125
C100_FRG,17,coronacases_010,coronacases_010,1,0.3,9486,6,0,1,9485,0,0.16666666666666666
C100_FRG,17,radiopaedia_10_85902_1,radiopaedia_case_10,1,0.3,17140,2,0,0,17140,0,0.0
C100_FRG,17,radiopaedia_10_85902_3,radiopaedia_case_10,1,0.3,55972,2,1,1,55971,0,0.5
C100_FRG,17,radiopaedia_29_86490_1,radiopaedia_case_29,0,0.3,3940,2,0,0,3940,0,0.0
C100_FRG,17,radiopaedia_29_86491_1,radiopaedia_case_29,0,0.3,6487,3,0,0,6487,0,0.0
C100_FRG,17,radiopaedia_36_86526_0,radiopaedia_case_36,2,0.3,2970,31,0,2,2968,0,0.06451612903225806
C100_FRG,17,radiopaedia_40_86625_0,radiopaedia_case_40,3,0.3,5438,9,1,1,5437,0,0.1111111111111111
C100_FRG,17,radiopaedia_4_85506_1,radiopaedia_case_4,1,0.3,26147,29,0,0,26147,0,0.0
C100_FRG,17,radiopaedia_7_85703_0,radiopaedia_case_7,2,0.3,5319,4,0,0,5319,0,0.0
C100_FRG,17,coronacases_001,coronacases_001,3,0.35,2208,44,10,5,2202,1,0.11363636363636363
C100_FRG,17,coronacases_002,coronacases_002,0,0.35,5414,26,0,0,5414,0,0.0
C100_FRG,17,coronacases_003,coronacases_003,3,0.35,1413,36,5,4,1408,1,0.1111111111111111
C100_FRG,17,coronacases_005,coronacases_005,0,0.35,3362,2,1,0,3362,0,0.0
C100_FRG,17,coronacases_006,coronacases_006,2,0.35,4674,1,0,0,4674,0,0.0
C100_FRG,17,coronacases_007,coronacases_007,2,0.35,2981,7,0,0,2981,0,0.0
C100_FRG,17,coronacases_009,coronacases_009,3,0.35,2028,8,2,1,2027,0,0.125
C100_FRG,17,coronacases_010,coronacases_010,1,0.35,8968,6,0,1,8967,0,0.16666666666666666
C100_FRG,17,radiopaedia_10_85902_1,radiopaedia_case_10,1,0.35,20670,2,0,0,20670,0,0.0
C100_FRG,17,radiopaedia_10_85902_3,radiopaedia_case_10,1,0.35,62637,2,1,1,62636,0,0.5
C100_FRG,17,radiopaedia_29_86490_1,radiopaedia_case_29,0,0.35,4029,2,0,0,4029,0,0.0
C100_FRG,17,radiopaedia_29_86491_1,radiopaedia_case_29,0,0.35,6585,3,0,0,6585,0,0.0
C100_FRG,17,radiopaedia_36_86526_0,radiopaedia_case_36,2,0.35,2859,31,0,2,2857,0,0.06451612903225806
C100_FRG,17,radiopaedia_40_86625_0,radiopaedia_case_40,3,0.35,5387,9,1,1,5386,0,0.1111111111111111
C100_FRG,17,radiopaedia_4_85506_1,radiopaedia_case_4,1,0.35,30933,29,0,0,30933,0,0.0
C100_FRG,17,radiopaedia_7_85703_0,radiopaedia_case_7,2,0.35,5235,4,0,0,5235,0,0.0
C100_FRG,17,coronacases_001,coronacases_001,3,0.4,2211,44,10,5,2205,1,0.11363636363636363
C100_FRG,17,coronacases_002,coronacases_002,0,0.4,5490,26,0,0,5490,0,0.0
C100_FRG,17,coronacases_003,coronacases_003,3,0.4,1472,36,5,5,1466,1,0.1388888888888889
C100_FRG,17,coronacases_005,coronacases_005,0,0.4,3436,2,1,0,3436,0,0.0
C100_FRG,17,coronacases_006,coronacases_006,2,0.4,4615,1,0,0,4615,0,0.0
C100_FRG,17,coronacases_007,coronacases_007,2,0.4,3033,7,0,0,3033,0,0.0
C100_FRG,17,coronacases_009,coronacases_009,3,0.4,2096,8,2,1,2095,0,0.125
C100_FRG,17,coronacases_010,coronacases_010,1,0.4,8702,6,0,1,8701,0,0.16666666666666666
C100_FRG,17,radiopaedia_10_85902_1,radiopaedia_case_10,1,0.4,23925,2,0,0,23925,0,0.0
C100_FRG,17,radiopaedia_10_85902_3,radiopaedia_case_10,1,0.4,67703,2,1,1,67702,0,0.5
C100_FRG,17,radiopaedia_29_86490_1,radiopaedia_case_29,0,0.4,4088,2,0,0,4088,0,0.0
C100_FRG,17,radiopaedia_29_86491_1,radiopaedia_case_29,0,0.4,6754,3,0,0,6754,0,0.0
C100_FRG,17,radiopaedia_36_86526_0,radiopaedia_case_36,2,0.4,2791,31,0,2,2789,0,0.06451612903225806
C100_FRG,17,radiopaedia_40_86625_0,radiopaedia_case_40,3,0.4,5227,9,1,1,5226,0,0.1111111111111111
C100_FRG,17,radiopaedia_4_85506_1,radiopaedia_case_4,1,0.4,35211,29,0,0,35211,0,0.0
C100_FRG,17,radiopaedia_7_85703_0,radiopaedia_case_7,2,0.4,5325,4,0,0,5325,0,0.0
C100_FRG,17,coronacases_001,coronacases_001,3,0.45,2225,44,10,7,2217,1,0.1590909090909091
C100_FRG,17,coronacases_002,coronacases_002,0,0.45,5640,26,0,0,5640,0,0.0
C100_FRG,17,coronacases_003,coronacases_003,3,0.45,1514,36,5,6,1507,1,0.16666666666666666
C100_FRG,17,coronacases_005,coronacases_005,0,0.45,3577,2,1,0,3577,0,0.0
C100_FRG,17,coronacases_006,coronacases_006,2,0.45,4662,1,0,0,4662,0,0.0
C100_FRG,17,coronacases_007,coronacases_007,2,0.45,3085,7,0,0,3085,0,0.0
C100_FRG,17,coronacases_009,coronacases_009,3,0.45,2076,8,2,1,2075,0,0.125
C100_FRG,17,coronacases_010,coronacases_010,1,0.45,8437,6,0,1,8436,0,0.16666666666666666
C100_FRG,17,radiopaedia_10_85902_1,radiopaedia_case_10,1,0.45,26962,2,0,0,26962,0,0.0
C100_FRG,17,radiopaedia_10_85902_3,radiopaedia_case_10,1,0.45,71375,2,1,1,71374,0,0.5
C100_FRG,17,radiopaedia_29_86490_1,radiopaedia_case_29,0,0.45,4149,2,0,0,4149,0,0.0
C100_FRG,17,radiopaedia_29_86491_1,radiopaedia_case_29,0,0.45,6802,3,0,0,6802,0,0.0
C100_FRG,17,radiopaedia_36_86526_0,radiopaedia_case_36,2,0.45,2782,31,0,2,2780,0,0.06451612903225806
C100_FRG,17,radiopaedia_40_86625_0,radiopaedia_case_40,3,0.45,5148,9,1,1,5147,0,0.1111111111111111
C100_FRG,17,radiopaedia_4_85506_1,radiopaedia_case_4,1,0.45,39026,29,0,0,39026,0,0.0
C100_FRG,17,radiopaedia_7_85703_0,radiopaedia_case_7,2,0.45,5289,4,0,0,5289,0,0.0
C100_FRG,17,coronacases_001,coronacases_001,3,0.5,2246,44,10,7,2238,1,0.1590909090909091
C100_FRG,17,coronacases_002,coronacases_002,0,0.5,5746,26,0,1,5745,0,0.038461538461538464
C100_FRG,17,coronacases_003,coronacases_003,3,0.5,1478,36,5,6,1471,1,0.16666666666666666
C100_FRG,17,coronacases_005,coronacases_005,0,0.5,3722,2,1,0,3722,0,0.0
C100_FRG,17,coronacases_006,coronacases_006,2,0.5,4722,1,0,0,4722,0,0.0
C100_FRG,17,coronacases_007,coronacases_007,2,0.5,3175,7,0,0,3175,0,0.0
C100_FRG,17,coronacases_009,coronacases_009,3,0.5,2110,8,2,1,2109,0,0.125
C100_FRG,17,coronacases_010,coronacases_010,1,0.5,8111,6,0,1,8110,0,0.16666666666666666
C100_FRG,17,radiopaedia_10_85902_1,radiopaedia_case_10,1,0.5,29895,2,0,0,29895,0,0.0
C100_FRG,17,radiopaedia_10_85902_3,radiopaedia_case_10,1,0.5,73925,2,1,1,73924,0,0.5
C100_FRG,17,radiopaedia_29_86490_1,radiopaedia_case_29,0,0.5,4239,2,0,0,4239,0,0.0
C100_FRG,17,radiopaedia_29_86491_1,radiopaedia_case_29,0,0.5,6669,3,0,0,6669,0,0.0
C100_FRG,17,radiopaedia_36_86526_0,radiopaedia_case_36,2,0.5,2769,31,0,3,2766,0,0.0967741935483871
C100_FRG,17,radiopaedia_40_86625_0,radiopaedia_case_40,3,0.5,4952,9,1,1,4951,0,0.1111111111111111
C100_FRG,17,radiopaedia_4_85506_1,radiopaedia_case_4,1,0.5,42808,29,0,0,42808,0,0.0
C100_FRG,17,radiopaedia_7_85703_0,radiopaedia_case_7,2,0.5,5197,4,0,0,5197,0,0.0
C100_FRG,17,coronacases_001,coronacases_001,3,0.55,2216,44,10,7,2208,1,0.1590909090909091
C100_FRG,17,coronacases_002,coronacases_002,0,0.55,5769,26,0,1,5768,0,0.038461538461538464
C100_FRG,17,coronacases_003,coronacases_003,3,0.55,1504,36,5,6,1497,1,0.16666666666666666
C100_FRG,17,coronacases_005,coronacases_005,0,0.55,3950,2,1,0,3950,0,0.0
C100_FRG,17,coronacases_006,coronacases_006,2,0.55,4710,1,0,0,4710,0,0.0
C100_FRG,17,coronacases_007,coronacases_007,2,0.55,3254,7,0,0,3254,0,0.0
C100_FRG,17,coronacases_009,coronacases_009,3,0.55,2141,8,2,1,2140,0,0.125
C100_FRG,17,coronacases_010,coronacases_010,1,0.55,7899,6,0,1,7898,0,0.16666666666666666
C100_FRG,17,radiopaedia_10_85902_1,radiopaedia_case_10,1,0.55,32722,2,0,0,32722,0,0.0
C100_FRG,17,radiopaedia_10_85902_3,radiopaedia_case_10,1,0.55,75071,2,1,1,75070,0,0.5
C100_FRG,17,radiopaedia_29_86490_1,radiopaedia_case_29,0,0.55,4236,2,0,0,4236,0,0.0
C100_FRG,17,radiopaedia_29_86491_1,radiopaedia_case_29,0,0.55,6670,3,0,1,6669,0,0.3333333333333333
C100_FRG,17,radiopaedia_36_86526_0,radiopaedia_case_36,2,0.55,2827,31,0,3,2824,0,0.0967741935483871
C100_FRG,17,radiopaedia_40_86625_0,radiopaedia_case_40,3,0.55,4805,9,1,1,4804,0,0.1111111111111111
C100_FRG,17,radiopaedia_4_85506_1,radiopaedia_case_4,1,0.55,46001,29,0,0,46001,0,0.0
C100_FRG,17,radiopaedia_7_85703_0,radiopaedia_case_7,2,0.55,5087,4,0,0,5087,0,0.0
C100_FRG,17,coronacases_001,coronacases_001,3,0.6,2204,44,10,6,2197,1,0.13636363636363635
C100_FRG,17,coronacases_002,coronacases_002,0,0.6,5865,26,0,1,5864,0,0.038461538461538464
C100_FRG,17,coronacases_003,coronacases_003,3,0.6,1589,36,5,7,1581,1,0.19444444444444445
C100_FRG,17,coronacases_005,coronacases_005,0,0.6,3956,2,1,0,3956,0,0.0
C100_FRG,17,coronacases_006,coronacases_006,2,0.6,4669,1,0,0,4669,0,0.0
C100_FRG,17,coronacases_007,coronacases_007,2,0.6,3365,7,0,0,3365,0,0.0
C100_FRG,17,coronacases_009,coronacases_009,3,0.6,2166,8,2,1,2165,0,0.125
C100_FRG,17,coronacases_010,coronacases_010,1,0.6,7779,6,0,1,7778,0,0.16666666666666666
C100_FRG,17,radiopaedia_10_85902_1,radiopaedia_case_10,1,0.6,35044,2,0,0,35044,0,0.0
C100_FRG,17,radiopaedia_10_85902_3,radiopaedia_case_10,1,0.6,74994,2,1,1,74993,0,0.5
C100_FRG,17,radiopaedia_29_86490_1,radiopaedia_case_29,0,0.6,4245,2,0,0,4245,0,0.0
C100_FRG,17,radiopaedia_29_86491_1,radiopaedia_case_29,0,0.6,6660,3,0,1,6659,0,0.3333333333333333
C100_FRG,17,radiopaedia_36_86526_0,radiopaedia_case_36,2,0.6,2920,31,0,3,2917,0,0.0967741935483871
C100_FRG,17,radiopaedia_40_86625_0,radiopaedia_case_40,3,0.6,4578,9,1,1,4577,0,0.1111111111111111
C100_FRG,17,radiopaedia_4_85506_1,radiopaedia_case_4,1,0.6,48457,29,0,0,48457,0,0.0
C100_FRG,17,radiopaedia_7_85703_0,radiopaedia_case_7,2,0.6,5022,4,0,0,5022,0,0.0
C100_FRG,17,coronacases_001,coronacases_001,3,0.65,2169,44,10,7,2161,1,0.1590909090909091
C100_FRG,17,coronacases_002,coronacases_002,0,0.65,5831,26,0,1,5830,0,0.038461538461538464
C100_FRG,17,coronacases_003,coronacases_003,3,0.65,1676,36,5,8,1667,1,0.2222222222222222
C100_FRG,17,coronacases_005,coronacases_005,0,0.65,3905,2,1,0,3905,0,0.0
C100_FRG,17,coronacases_006,coronacases_006,2,0.65,4641,1,0,0,4641,0,0.0
C100_FRG,17,coronacases_007,coronacases_007,2,0.65,3371,7,0,0,3371,0,0.0
C100_FRG,17,coronacases_009,coronacases_009,3,0.65,2187,8,2,1,2186,0,0.125
C100_FRG,17,coronacases_010,coronacases_010,1,0.65,7654,6,0,1,7653,0,0.16666666666666666
C100_FRG,17,radiopaedia_10_85902_1,radiopaedia_case_10,1,0.65,37097,2,0,0,37097,0,0.0
C100_FRG,17,radiopaedia_10_85902_3,radiopaedia_case_10,1,0.65,73508,2,1,1,73507,0,0.5
C100_FRG,17,radiopaedia_29_86490_1,radiopaedia_case_29,0,0.65,4249,2,0,0,4249,0,0.0
C100_FRG,17,radiopaedia_29_86491_1,radiopaedia_case_29,0,0.65,6667,3,0,1,6666,0,0.3333333333333333
C100_FRG,17,radiopaedia_36_86526_0,radiopaedia_case_36,2,0.65,2831,31,0,3,2828,0,0.0967741935483871
C100_FRG,17,radiopaedia_40_86625_0,radiopaedia_case_40,3,0.65,4408,9,1,1,4407,0,0.1111111111111111
C100_FRG,17,radiopaedia_4_85506_1,radiopaedia_case_4,1,0.65,50006,29,0,1,50005,0,0.034482758620689655
C100_FRG,17,radiopaedia_7_85703_0,radiopaedia_case_7,2,0.65,5013,4,0,0,5013,0,0.0
C100_FRG,17,coronacases_001,coronacases_001,3,0.7,2206,44,10,7,2198,1,0.1590909090909091
C100_FRG,17,coronacases_002,coronacases_002,0,0.7,5795,26,0,1,5794,0,0.038461538461538464
C100_FRG,17,coronacases_003,coronacases_003,3,0.7,1745,36,5,9,1735,1,0.25
C100_FRG,17,coronacases_005,coronacases_005,0,0.7,3700,2,1,0,3700,0,0.0
C100_FRG,17,coronacases_006,coronacases_006,2,0.7,4634,1,0,0,4634,0,0.0
C100_FRG,17,coronacases_007,coronacases_007,2,0.7,3383,7,0,0,3383,0,0.0
C100_FRG,17,coronacases_009,coronacases_009,3,0.7,2142,8,2,1,2141,0,0.125
C100_FRG,17,coronacases_010,coronacases_010,1,0.7,7663,6,0,1,7662,0,0.16666666666666666
C100_FRG,17,radiopaedia_10_85902_1,radiopaedia_case_10,1,0.7,38896,2,0,0,38896,0,0.0
C100_FRG,17,radiopaedia_10_85902_3,radiopaedia_case_10,1,0.7,70806,2,1,1,70805,0,0.5
C100_FRG,17,radiopaedia_29_86490_1,radiopaedia_case_29,0,0.7,4362,2,0,0,4362,0,0.0
C100_FRG,17,radiopaedia_29_86491_1,radiopaedia_case_29,0,0.7,6686,3,0,1,6685,0,0.3333333333333333
C100_FRG,17,radiopaedia_36_86526_0,radiopaedia_case_36,2,0.7,2790,31,0,3,2787,0,0.0967741935483871
C100_FRG,17,radiopaedia_40_86625_0,radiopaedia_case_40,3,0.7,4283,9,1,1,4282,0,0.1111111111111111
C100_FRG,17,radiopaedia_4_85506_1,radiopaedia_case_4,1,0.7,51016,29,0,2,51014,0,0.06896551724137931
C100_FRG,17,radiopaedia_7_85703_0,radiopaedia_case_7,2,0.7,4957,4,0,0,4957,0,0.0
C100_FRG,17,coronacases_001,coronacases_001,3,0.75,2210,44,10,9,2198,3,0.20454545454545456
C100_FRG,17,coronacases_002,coronacases_002,0,0.75,5812,26,0,1,5811,0,0.038461538461538464
C100_FRG,17,coronacases_003,coronacases_003,3,0.75,1749,36,5,9,1739,1,0.25
C100_FRG,17,coronacases_005,coronacases_005,0,0.75,3561,2,1,0,3561,0,0.0
C100_FRG,17,coronacases_006,coronacases_006,2,0.75,4539,1,0,0,4539,0,0.0
C100_FRG,17,coronacases_007,coronacases_007,2,0.75,3405,7,0,0,3405,0,0.0
C100_FRG,17,coronacases_009,coronacases_009,3,0.75,2181,8,2,1,2180,0,0.125
C100_FRG,17,coronacases_010,coronacases_010,1,0.75,7554,6,0,1,7553,0,0.16666666666666666
C100_FRG,17,radiopaedia_10_85902_1,radiopaedia_case_10,1,0.75,40153,2,0,0,40153,0,0.0
C100_FRG,17,radiopaedia_10_85902_3,radiopaedia_case_10,1,0.75,66768,2,1,1,66767,0,0.5
C100_FRG,17,radiopaedia_29_86490_1,radiopaedia_case_29,0,0.75,4394,2,0,1,4393,0,0.5
C100_FRG,17,radiopaedia_29_86491_1,radiopaedia_case_29,0,0.75,6626,3,0,1,6625,0,0.3333333333333333
C100_FRG,17,radiopaedia_36_86526_0,radiopaedia_case_36,2,0.75,2682,31,0,3,2679,0,0.0967741935483871
C100_FRG,17,radiopaedia_40_86625_0,radiopaedia_case_40,3,0.75,4174,9,1,1,4173,0,0.1111111111111111
C100_FRG,17,radiopaedia_4_85506_1,radiopaedia_case_4,1,0.75,50729,29,0,2,50727,0,0.06896551724137931
C100_FRG,17,radiopaedia_7_85703_0,radiopaedia_case_7,2,0.75,4749,4,0,0,4749,0,0.0
C100_FRG,17,coronacases_001,coronacases_001,3,0.8,2175,44,10,10,2162,3,0.22727272727272727
C100_FRG,17,coronacases_002,coronacases_002,0,0.8,5965,26,0,2,5963,0,0.07692307692307693
C100_FRG,17,coronacases_003,coronacases_003,3,0.8,1841,36,5,9,1831,1,0.25
C100_FRG,17,coronacases_005,coronacases_005,0,0.8,3503,2,1,0,3503,0,0.0
C100_FRG,17,coronacases_006,coronacases_006,2,0.8,4612,1,0,0,4612,0,0.0
C100_FRG,17,coronacases_007,coronacases_007,2,0.8,3335,7,0,0,3335,0,0.0
C100_FRG,17,coronacases_009,coronacases_009,3,0.8,2161,8,2,1,2160,0,0.125
C100_FRG,17,coronacases_010,coronacases_010,1,0.8,7316,6,0,1,7315,0,0.16666666666666666
C100_FRG,17,radiopaedia_10_85902_1,radiopaedia_case_10,1,0.8,40511,2,0,0,40511,0,0.0
C100_FRG,17,radiopaedia_10_85902_3,radiopaedia_case_10,1,0.8,60995,2,1,1,60994,0,0.5
C100_FRG,17,radiopaedia_29_86490_1,radiopaedia_case_29,0,0.8,4420,2,0,1,4419,0,0.5
C100_FRG,17,radiopaedia_29_86491_1,radiopaedia_case_29,0,0.8,6528,3,0,1,6527,0,0.3333333333333333
C100_FRG,17,radiopaedia_36_86526_0,radiopaedia_case_36,2,0.8,2652,31,0,3,2649,0,0.0967741935483871
C100_FRG,17,radiopaedia_40_86625_0,radiopaedia_case_40,3,0.8,4115,9,1,1,4114,0,0.1111111111111111
C100_FRG,17,radiopaedia_4_85506_1,radiopaedia_case_4,1,0.8,49145,29,0,2,49143,0,0.06896551724137931
C100_FRG,17,radiopaedia_7_85703_0,radiopaedia_case_7,2,0.8,4623,4,0,0,4623,0,0.0
C100_FRG,17,coronacases_001,coronacases_001,3,0.85,2085,44,10,10,2072,3,0.22727272727272727
C100_FRG,17,coronacases_002,coronacases_002,0,0.85,6006,26,0,3,6003,0,0.11538461538461539
C100_FRG,17,coronacases_003,coronacases_003,3,0.85,2014,36,5,9,2004,1,0.25
C100_FRG,17,coronacases_005,coronacases_005,0,0.85,3409,2,1,1,3408,0,0.5
C100_FRG,17,coronacases_006,coronacases_006,2,0.85,4577,1,0,0,4577,0,0.0
C100_FRG,17,coronacases_007,coronacases_007,2,0.85,3278,7,0,1,3277,0,0.14285714285714285
C100_FRG,17,coronacases_009,coronacases_009,3,0.85,2128,8,2,2,2126,0,0.25
C100_FRG,17,coronacases_010,coronacases_010,1,0.85,7115,6,0,1,7114,0,0.16666666666666666
C100_FRG,17,radiopaedia_10_85902_1,radiopaedia_case_10,1,0.85,39776,2,0,0,39776,0,0.0
C100_FRG,17,radiopaedia_10_85902_3,radiopaedia_case_10,1,0.85,53303,2,1,1,53302,0,0.5
C100_FRG,17,radiopaedia_29_86490_1,radiopaedia_case_29,0,0.85,4536,2,0,1,4535,0,0.5
C100_FRG,17,radiopaedia_29_86491_1,radiopaedia_case_29,0,0.85,6393,3,0,1,6392,0,0.3333333333333333
C100_FRG,17,radiopaedia_36_86526_0,radiopaedia_case_36,2,0.85,2548,31,0,5,2543,0,0.16129032258064516
C100_FRG,17,radiopaedia_40_86625_0,radiopaedia_case_40,3,0.85,4069,9,1,1,4068,0,0.1111111111111111
C100_FRG,17,radiopaedia_4_85506_1,radiopaedia_case_4,1,0.85,46509,29,0,4,46505,0,0.13793103448275862
C100_FRG,17,radiopaedia_7_85703_0,radiopaedia_case_7,2,0.85,4623,4,0,0,4623,0,0.0
C100_FRG,17,coronacases_001,coronacases_001,3,0.9,2202,44,10,10,2189,3,0.22727272727272727
C100_FRG,17,coronacases_002,coronacases_002,0,0.9,6089,26,0,5,6084,0,0.19230769230769232
C100_FRG,17,coronacases_003,coronacases_003,3,0.9,2429,36,5,11,2417,1,0.3055555555555556
C100_FRG,17,coronacases_005,coronacases_005,0,0.9,3402,2,1,1,3401,0,0.5
C100_FRG,17,coronacases_006,coronacases_006,2,0.9,4895,1,0,0,4895,0,0.0
C100_FRG,17,coronacases_007,coronacases_007,2,0.9,3372,7,0,1,3371,0,0.14285714285714285
C100_FRG,17,coronacases_009,coronacases_009,3,0.9,2133,8,2,2,2131,0,0.25
C100_FRG,17,coronacases_010,coronacases_010,1,0.9,6742,6,0,2,6740,0,0.3333333333333333
C100_FRG,17,radiopaedia_10_85902_1,radiopaedia_case_10,1,0.9,37026,2,0,1,37025,0,0.5
C100_FRG,17,radiopaedia_10_85902_3,radiopaedia_case_10,1,0.9,43345,2,1,1,43344,0,0.5
C100_FRG,17,radiopaedia_29_86490_1,radiopaedia_case_29,0,0.9,4595,2,0,1,4594,0,0.5
C100_FRG,17,radiopaedia_29_86491_1,radiopaedia_case_29,0,0.9,6088,3,0,1,6087,0,0.3333333333333333
C100_FRG,17,radiopaedia_36_86526_0,radiopaedia_case_36,2,0.9,2579,31,0,5,2574,0,0.16129032258064516
C100_FRG,17,radiopaedia_40_86625_0,radiopaedia_case_40,3,0.9,4241,9,1,1,4240,0,0.1111111111111111
C100_FRG,17,radiopaedia_4_85506_1,radiopaedia_case_4,1,0.9,41151,29,0,4,41147,0,0.13793103448275862
C100_FRG,17,radiopaedia_7_85703_0,radiopaedia_case_7,2,0.9,4460,4,0,1,4459,0,0.25
C100_FRG,17,coronacases_001,coronacases_001,3,0.95,3073,44,10,15,3055,3,0.3409090909090909
C100_FRG,17,coronacases_002,coronacases_002,0,0.95,5625,26,0,6,5619,0,0.23076923076923078
C100_FRG,17,coronacases_003,coronacases_003,3,0.95,4161,36,5,13,4147,1,0.3611111111111111
C100_FRG,17,coronacases_005,coronacases_005,0,0.95,3403,2,1,1,3402,0,0.5
C100_FRG,17,coronacases_006,coronacases_006,2,0.95,5767,1,0,0,5767,0,0.0
C100_FRG,17,coronacases_007,coronacases_007,2,0.95,3601,7,0,1,3600,0,0.14285714285714285
C100_FRG,17,coronacases_009,coronacases_009,3,0.95,2228,8,2,2,2226,0,0.25
C100_FRG,17,coronacases_010,coronacases_010,1,0.95,6061,6,0,2,6059,0,0.3333333333333333
C100_FRG,17,radiopaedia_10_85902_1,radiopaedia_case_10,1,0.95,29969,2,0,1,29968,0,0.5
C100_FRG,17,radiopaedia_10_85902_3,radiopaedia_case_10,1,0.95,30614,2,1,1,30613,0,0.5
C100_FRG,17,radiopaedia_29_86490_1,radiopaedia_case_29,0,0.95,4330,2,0,1,4329,0,0.5
C100_FRG,17,radiopaedia_29_86491_1,radiopaedia_case_29,0,0.95,5659,3,0,1,5658,0,0.3333333333333333
C100_FRG,17,radiopaedia_36_86526_0,radiopaedia_case_36,2,0.95,2263,31,0,6,2257,0,0.1935483870967742
C100_FRG,17,radiopaedia_40_86625_0,radiopaedia_case_40,3,0.95,4954,9,1,1,4953,0,0.1111111111111111
C100_FRG,17,radiopaedia_4_85506_1,radiopaedia_case_4,1,0.95,32531,29,0,6,32525,0,0.20689655172413793
C100_FRG,17,radiopaedia_7_85703_0,radiopaedia_case_7,2,0.95,4481,4,0,1,4480,0,0.25
C100_FRG,17,coronacases_001,coronacases_001,3,0.975,5606,44,10,17,5586,3,0.38636363636363635
C100_FRG,17,coronacases_002,coronacases_002,0,0.975,4986,26,0,8,4978,0,0.3076923076923077
C100_FRG,17,coronacases_003,coronacases_003,3,0.975,10082,36,5,15,10067,0,0.4166666666666667
C100_FRG,17,coronacases_005,coronacases_005,0,0.975,3288,2,1,2,3286,0,1.0
C100_FRG,17,coronacases_006,coronacases_006,2,0.975,6602,1,0,0,6602,0,0.0
C100_FRG,17,coronacases_007,coronacases_007,2,0.975,3818,7,0,3,3815,0,0.42857142857142855
C100_FRG,17,coronacases_009,coronacases_009,3,0.975,3622,8,2,3,3619,0,0.375
C100_FRG,17,coronacases_010,coronacases_010,1,0.975,5416,6,0,3,5413,0,0.5
C100_FRG,17,radiopaedia_10_85902_1,radiopaedia_case_10,1,0.975,23499,2,0,1,23498,0,0.5
C100_FRG,17,radiopaedia_10_85902_3,radiopaedia_case_10,1,0.975,22381,2,1,1,22380,0,0.5
C100_FRG,17,radiopaedia_29_86490_1,radiopaedia_case_29,0,0.975,3692,2,0,1,3691,0,0.5
C100_FRG,17,radiopaedia_29_86491_1,radiopaedia_case_29,0,0.975,4943,3,0,2,4941,0,0.6666666666666666
C100_FRG,17,radiopaedia_36_86526_0,radiopaedia_case_36,2,0.975,1936,31,0,8,1928,0,0.25806451612903225
C100_FRG,17,radiopaedia_40_86625_0,radiopaedia_case_40,3,0.975,6712,9,1,1,6711,0,0.1111111111111111
C100_FRG,17,radiopaedia_4_85506_1,radiopaedia_case_4,1,0.975,25474,29,0,7,25467,0,0.2413793103448276
C100_FRG,17,radiopaedia_7_85703_0,radiopaedia_case_7,2,0.975,4652,4,0,1,4651,0,0.25
C100_FRG,17,coronacases_001,coronacases_001,3,0.99,10801,44,10,19,10781,1,0.4318181818181818
C100_FRG,17,coronacases_002,coronacases_002,0,0.99,4280,26,0,11,4269,0,0.4230769230769231
C100_FRG,17,coronacases_003,coronacases_003,3,0.99,19613,36,5,20,19592,1,0.5555555555555556
C100_FRG,17,coronacases_005,coronacases_005,0,0.99,2892,2,1,2,2890,0,1.0
C100_FRG,17,coronacases_006,coronacases_006,2,0.99,7384,1,0,0,7384,0,0.0
C100_FRG,17,coronacases_007,coronacases_007,2,0.99,4595,7,0,4,4591,0,0.5714285714285714
C100_FRG,17,coronacases_009,coronacases_009,3,0.99,7147,8,2,3,7144,0,0.375
C100_FRG,17,coronacases_010,coronacases_010,1,0.99,4680,6,0,4,4676,0,0.6666666666666666
C100_FRG,17,radiopaedia_10_85902_1,radiopaedia_case_10,1,0.99,16765,2,0,1,16764,0,0.5
C100_FRG,17,radiopaedia_10_85902_3,radiopaedia_case_10,1,0.99,16227,2,1,2,16225,0,1.0
C100_FRG,17,radiopaedia_29_86490_1,radiopaedia_case_29,0,0.99,2969,2,0,2,2967,0,1.0
C100_FRG,17,radiopaedia_29_86491_1,radiopaedia_case_29,0,0.99,4153,3,0,2,4151,0,0.6666666666666666
C100_FRG,17,radiopaedia_36_86526_0,radiopaedia_case_36,2,0.99,1981,31,0,13,1968,0,0.41935483870967744
C100_FRG,17,radiopaedia_40_86625_0,radiopaedia_case_40,3,0.99,13422,9,1,1,13421,0,0.1111111111111111
C100_FRG,17,radiopaedia_4_85506_1,radiopaedia_case_4,1,0.99,18833,29,0,11,18822,0,0.3793103448275862
C100_FRG,17,radiopaedia_7_85703_0,radiopaedia_case_7,2,0.99,5196,4,0,1,5195,0,0.25
C100_FRG,17,coronacases_001,coronacases_001,3,0.995,15766,44,10,21,15744,1,0.4772727272727273
C100_FRG,17,coronacases_002,coronacases_002,0,0.995,3952,26,0,14,3938,0,0.5384615384615384
C100_FRG,17,coronacases_003,coronacases_003,3,0.995,21955,36,5,24,21930,1,0.6666666666666666
C100_FRG,17,coronacases_005,coronacases_005,0,0.995,2558,2,1,2,2556,0,1.0
C100_FRG,17,coronacases_006,coronacases_006,2,0.995,7759,1,0,0,7759,0,0.0
C100_FRG,17,coronacases_007,coronacases_007,2,0.995,5518,7,0,4,5514,0,0.5714285714285714
C100_FRG,17,coronacases_009,coronacases_009,3,0.995,10790,8,2,3,10787,0,0.375
C100_FRG,17,coronacases_010,coronacases_010,1,0.995,4089,6,0,4,4085,0,0.6666666666666666
C100_FRG,17,radiopaedia_10_85902_1,radiopaedia_case_10,1,0.995,13050,2,0,2,13048,0,1.0
C100_FRG,17,radiopaedia_10_85902_3,radiopaedia_case_10,1,0.995,13172,2,1,2,13170,0,1.0
C100_FRG,17,radiopaedia_29_86490_1,radiopaedia_case_29,0,0.995,2556,2,0,2,2554,0,1.0
C100_FRG,17,radiopaedia_29_86491_1,radiopaedia_case_29,0,0.995,3602,3,0,3,3599,0,1.0
C100_FRG,17,radiopaedia_36_86526_0,radiopaedia_case_36,2,0.995,2177,31,0,15,2162,0,0.4838709677419355
C100_FRG,17,radiopaedia_40_86625_0,radiopaedia_case_40,3,0.995,22286,9,1,1,22285,0,0.1111111111111111
C100_FRG,17,radiopaedia_4_85506_1,radiopaedia_case_4,1,0.995,14843,29,0,14,14829,0,0.4827586206896552
C100_FRG,17,radiopaedia_7_85703_0,radiopaedia_case_7,2,0.995,5711,4,0,1,5710,0,0.25
C100_FRG,17,coronacases_001,coronacases_001,3,1.000001,0,44,10,0,0,0,0.0
C100_FRG,17,coronacases_002,coronacases_002,0,1.000001,0,26,0,0,0,0,0.0
C100_FRG,17,coronacases_003,coronacases_003,3,1.000001,0,36,5,0,0,0,0.0
C100_FRG,17,coronacases_005,coronacases_005,0,1.000001,0,2,1,0,0,0,0.0
C100_FRG,17,coronacases_006,coronacases_006,2,1.000001,0,1,0,0,0,0,0.0
C100_FRG,17,coronacases_007,coronacases_007,2,1.000001,0,7,0,0,0,0,0.0
C100_FRG,17,coronacases_009,coronacases_009,3,1.000001,0,8,2,0,0,0,0.0
C100_FRG,17,coronacases_010,coronacases_010,1,1.000001,0,6,0,0,0,0,0.0
C100_FRG,17,radiopaedia_10_85902_1,radiopaedia_case_10,1,1.000001,0,2,0,0,0,0,0.0
C100_FRG,17,radiopaedia_10_85902_3,radiopaedia_case_10,1,1.000001,0,2,1,0,0,0,0.0
C100_FRG,17,radiopaedia_29_86490_1,radiopaedia_case_29,0,1.000001,0,2,0,0,0,0,0.0
C100_FRG,17,radiopaedia_29_86491_1,radiopaedia_case_29,0,1.000001,0,3,0,0,0,0,0.0
C100_FRG,17,radiopaedia_36_86526_0,radiopaedia_case_36,2,1.000001,0,31,0,0,0,0,0.0
C100_FRG,17,radiopaedia_40_86625_0,radiopaedia_case_40,3,1.000001,0,9,1,0,0,0,0.0
C100_FRG,17,radiopaedia_4_85506_1,radiopaedia_case_4,1,1.000001,0,29,0,0,0,0,0.0
C100_FRG,17,radiopaedia_7_85703_0,radiopaedia_case_7,2,1.000001,0,4,0,0,0,0,0.0
C100_FRG,29,coronacases_001,coronacases_001,3,0.05,7957,44,10,0,7956,1,0.0
C100_FRG,29,coronacases_002,coronacases_002,0,0.05,2304,26,0,0,2304,0,0.0
C100_FRG,29,coronacases_003,coronacases_003,3,0.05,9628,36,5,0,9628,0,0.0
C100_FRG,29,coronacases_005,coronacases_005,0,0.05,1241,2,1,0,1241,0,0.0
C100_FRG,29,coronacases_006,coronacases_006,2,0.05,8884,1,0,0,8884,0,0.0
C100_FRG,29,coronacases_007,coronacases_007,2,0.05,5047,7,0,0,5047,0,0.0
C100_FRG,29,coronacases_009,coronacases_009,3,0.05,5540,8,2,0,5540,0,0.0
C100_FRG,29,coronacases_010,coronacases_010,1,0.05,1020,6,0,0,1020,0,0.0
C100_FRG,29,radiopaedia_10_85902_1,radiopaedia_case_10,1,0.05,2147,2,0,0,2147,0,0.0
C100_FRG,29,radiopaedia_10_85902_3,radiopaedia_case_10,1,0.05,3715,2,1,1,3714,0,0.5
C100_FRG,29,radiopaedia_29_86490_1,radiopaedia_case_29,0,0.05,1939,2,0,0,1939,0,0.0
C100_FRG,29,radiopaedia_29_86491_1,radiopaedia_case_29,0,0.05,2148,3,0,0,2148,0,0.0
C100_FRG,29,radiopaedia_36_86526_0,radiopaedia_case_36,2,0.05,7422,31,0,0,7422,0,0.0
C100_FRG,29,radiopaedia_40_86625_0,radiopaedia_case_40,3,0.05,29578,9,1,0,29578,0,0.0
C100_FRG,29,radiopaedia_4_85506_1,radiopaedia_case_4,1,0.05,1839,29,0,0,1839,0,0.0
C100_FRG,29,radiopaedia_7_85703_0,radiopaedia_case_7,2,0.05,14061,4,0,0,14061,0,0.0
C100_FRG,29,coronacases_001,coronacases_001,3,0.1,7651,44,10,0,7648,3,0.0
C100_FRG,29,coronacases_002,coronacases_002,0,0.1,2856,26,0,0,2856,0,0.0
C100_FRG,29,coronacases_003,coronacases_003,3,0.1,8777,36,5,1,8776,0,0.027777777777777776
C100_FRG,29,coronacases_005,coronacases_005,0,0.1,1485,2,1,0,1485,0,0.0
C100_FRG,29,coronacases_006,coronacases_006,2,0.1,9437,1,0,0,9437,0,0.0
C100_FRG,29,coronacases_007,coronacases_007,2,0.1,5197,7,0,0,5197,0,0.0
C100_FRG,29,coronacases_009,coronacases_009,3,0.1,5406,8,2,0,5406,0,0.0
C100_FRG,29,coronacases_010,coronacases_010,1,0.1,1036,6,0,0,1036,0,0.0
C100_FRG,29,radiopaedia_10_85902_1,radiopaedia_case_10,1,0.1,2378,2,0,0,2378,0,0.0
C100_FRG,29,radiopaedia_10_85902_3,radiopaedia_case_10,1,0.1,3928,2,1,1,3927,0,0.5
C100_FRG,29,radiopaedia_29_86490_1,radiopaedia_case_29,0,0.1,2170,2,0,0,2170,0,0.0
C100_FRG,29,radiopaedia_29_86491_1,radiopaedia_case_29,0,0.1,2738,3,0,0,2738,0,0.0
C100_FRG,29,radiopaedia_36_86526_0,radiopaedia_case_36,2,0.1,6938,31,0,0,6938,0,0.0
C100_FRG,29,radiopaedia_40_86625_0,radiopaedia_case_40,3,0.1,30502,9,1,1,30501,0,0.1111111111111111
C100_FRG,29,radiopaedia_4_85506_1,radiopaedia_case_4,1,0.1,1948,29,0,0,1948,0,0.0
C100_FRG,29,radiopaedia_7_85703_0,radiopaedia_case_7,2,0.1,14044,4,0,0,14044,0,0.0
C100_FRG,29,coronacases_001,coronacases_001,3,0.15,7223,44,10,1,7218,4,0.022727272727272728
C100_FRG,29,coronacases_002,coronacases_002,0,0.15,3143,26,0,0,3143,0,0.0
C100_FRG,29,coronacases_003,coronacases_003,3,0.15,8234,36,5,2,8232,0,0.05555555555555555
C100_FRG,29,coronacases_005,coronacases_005,0,0.15,1668,2,1,0,1668,0,0.0
C100_FRG,29,coronacases_006,coronacases_006,2,0.15,9526,1,0,0,9526,0,0.0
C100_FRG,29,coronacases_007,coronacases_007,2,0.15,5353,7,0,1,5352,0,0.14285714285714285
C100_FRG,29,coronacases_009,coronacases_009,3,0.15,5293,8,2,0,5293,0,0.0
C100_FRG,29,coronacases_010,coronacases_010,1,0.15,1165,6,0,0,1165,0,0.0
C100_FRG,29,radiopaedia_10_85902_1,radiopaedia_case_10,1,0.15,2387,2,0,0,2387,0,0.0
C100_FRG,29,radiopaedia_10_85902_3,radiopaedia_case_10,1,0.15,4044,2,1,1,4043,0,0.5
C100_FRG,29,radiopaedia_29_86490_1,radiopaedia_case_29,0,0.15,2533,2,0,0,2533,0,0.0
C100_FRG,29,radiopaedia_29_86491_1,radiopaedia_case_29,0,0.15,3197,3,0,0,3197,0,0.0
C100_FRG,29,radiopaedia_36_86526_0,radiopaedia_case_36,2,0.15,6680,31,0,0,6680,0,0.0
C100_FRG,29,radiopaedia_40_86625_0,radiopaedia_case_40,3,0.15,30657,9,1,1,30656,0,0.1111111111111111
C100_FRG,29,radiopaedia_4_85506_1,radiopaedia_case_4,1,0.15,2180,29,0,0,2180,0,0.0
C100_FRG,29,radiopaedia_7_85703_0,radiopaedia_case_7,2,0.15,14328,4,0,0,14328,0,0.0
C100_FRG,29,coronacases_001,coronacases_001,3,0.2,6961,44,10,3,6954,4,0.06818181818181818
C100_FRG,29,coronacases_002,coronacases_002,0,0.2,3414,26,0,0,3414,0,0.0
C100_FRG,29,coronacases_003,coronacases_003,3,0.2,7680,36,5,3,7677,0,0.08333333333333333
C100_FRG,29,coronacases_005,coronacases_005,0,0.2,1815,2,1,0,1815,0,0.0
C100_FRG,29,coronacases_006,coronacases_006,2,0.2,9599,1,0,0,9599,0,0.0
C100_FRG,29,coronacases_007,coronacases_007,2,0.2,5406,7,0,1,5405,0,0.14285714285714285
C100_FRG,29,coronacases_009,coronacases_009,3,0.2,5177,8,2,0,5177,0,0.0
C100_FRG,29,coronacases_010,coronacases_010,1,0.2,1170,6,0,0,1170,0,0.0
C100_FRG,29,radiopaedia_10_85902_1,radiopaedia_case_10,1,0.2,2364,2,0,0,2364,0,0.0
C100_FRG,29,radiopaedia_10_85902_3,radiopaedia_case_10,1,0.2,4034,2,1,1,4033,0,0.5
C100_FRG,29,radiopaedia_29_86490_1,radiopaedia_case_29,0,0.2,2796,2,0,0,2796,0,0.0
C100_FRG,29,radiopaedia_29_86491_1,radiopaedia_case_29,0,0.2,3469,3,0,0,3469,0,0.0
C100_FRG,29,radiopaedia_36_86526_0,radiopaedia_case_36,2,0.2,6750,31,0,0,6750,0,0.0
C100_FRG,29,radiopaedia_40_86625_0,radiopaedia_case_40,3,0.2,30429,9,1,1,30428,0,0.1111111111111111
C100_FRG,29,radiopaedia_4_85506_1,radiopaedia_case_4,1,0.2,2231,29,0,0,2231,0,0.0
C100_FRG,29,radiopaedia_7_85703_0,radiopaedia_case_7,2,0.2,14277,4,0,0,14277,0,0.0
C100_FRG,29,coronacases_001,coronacases_001,3,0.25,6914,44,10,4,6906,4,0.09090909090909091
C100_FRG,29,coronacases_002,coronacases_002,0,0.25,3477,26,0,0,3477,0,0.0
C100_FRG,29,coronacases_003,coronacases_003,3,0.25,7314,36,5,3,7311,0,0.08333333333333333
C100_FRG,29,coronacases_005,coronacases_005,0,0.25,1885,2,1,0,1885,0,0.0
C100_FRG,29,coronacases_006,coronacases_006,2,0.25,9588,1,0,0,9588,0,0.0
C100_FRG,29,coronacases_007,coronacases_007,2,0.25,5574,7,0,1,5573,0,0.14285714285714285
C100_FRG,29,coronacases_009,coronacases_009,3,0.25,5250,8,2,0,5250,0,0.0
C100_FRG,29,coronacases_010,coronacases_010,1,0.25,1198,6,0,0,1198,0,0.0
C100_FRG,29,radiopaedia_10_85902_1,radiopaedia_case_10,1,0.25,2355,2,0,0,2355,0,0.0
C100_FRG,29,radiopaedia_10_85902_3,radiopaedia_case_10,1,0.25,4021,2,1,1,4020,0,0.5
C100_FRG,29,radiopaedia_29_86490_1,radiopaedia_case_29,0,0.25,2939,2,0,0,2939,0,0.0
C100_FRG,29,radiopaedia_29_86491_1,radiopaedia_case_29,0,0.25,3632,3,0,0,3632,0,0.0
C100_FRG,29,radiopaedia_36_86526_0,radiopaedia_case_36,2,0.25,6748,31,0,0,6748,0,0.0
C100_FRG,29,radiopaedia_40_86625_0,radiopaedia_case_40,3,0.25,29859,9,1,1,29858,0,0.1111111111111111
C100_FRG,29,radiopaedia_4_85506_1,radiopaedia_case_4,1,0.25,2174,29,0,0,2174,0,0.0
C100_FRG,29,radiopaedia_7_85703_0,radiopaedia_case_7,2,0.25,14172,4,0,0,14172,0,0.0
C100_FRG,29,coronacases_001,coronacases_001,3,0.3,6790,44,10,5,6781,4,0.11363636363636363
C100_FRG,29,coronacases_002,coronacases_002,0,0.3,3641,26,0,0,3641,0,0.0
C100_FRG,29,coronacases_003,coronacases_003,3,0.3,6992,36,5,3,6989,0,0.08333333333333333
C100_FRG,29,coronacases_005,coronacases_005,0,0.3,1953,2,1,0,1953,0,0.0
C100_FRG,29,coronacases_006,coronacases_006,2,0.3,9637,1,0,0,9637,0,0.0
C100_FRG,29,coronacases_007,coronacases_007,2,0.3,5585,7,0,1,5584,0,0.14285714285714285
C100_FRG,29,coronacases_009,coronacases_009,3,0.3,5402,8,2,0,5402,0,0.0
C100_FRG,29,coronacases_010,coronacases_010,1,0.3,1225,6,0,0,1225,0,0.0
C100_FRG,29,radiopaedia_10_85902_1,radiopaedia_case_10,1,0.3,2320,2,0,0,2320,0,0.0
C100_FRG,29,radiopaedia_10_85902_3,radiopaedia_case_10,1,0.3,3988,2,1,1,3987,0,0.5
C100_FRG,29,radiopaedia_29_86490_1,radiopaedia_case_29,0,0.3,3133,2,0,0,3133,0,0.0
C100_FRG,29,radiopaedia_29_86491_1,radiopaedia_case_29,0,0.3,3991,3,0,0,3991,0,0.0
C100_FRG,29,radiopaedia_36_86526_0,radiopaedia_case_36,2,0.3,6794,31,0,0,6794,0,0.0
C100_FRG,29,radiopaedia_40_86625_0,radiopaedia_case_40,3,0.3,29111,9,1,1,29110,0,0.1111111111111111
C100_FRG,29,radiopaedia_4_85506_1,radiopaedia_case_4,1,0.3,2100,29,0,0,2100,0,0.0
C100_FRG,29,radiopaedia_7_85703_0,radiopaedia_case_7,2,0.3,13973,4,0,0,13973,0,0.0
C100_FRG,29,coronacases_001,coronacases_001,3,0.35,6724,44,10,6,6714,4,0.13636363636363635
C100_FRG,29,coronacases_002,coronacases_002,0,0.35,3769,26,0,0,3769,0,0.0
C100_FRG,29,coronacases_003,coronacases_003,3,0.35,6747,36,5,3,6744,0,0.08333333333333333
C100_FRG,29,coronacases_005,coronacases_005,0,0.35,1964,2,1,0,1964,0,0.0
C100_FRG,29,coronacases_006,coronacases_006,2,0.35,9721,1,0,0,9721,0,0.0
C100_FRG,29,coronacases_007,coronacases_007,2,0.35,5642,7,0,1,5641,0,0.14285714285714285
C100_FRG,29,coronacases_009,coronacases_009,3,0.35,5392,8,2,0,5392,0,0.0
C100_FRG,29,coronacases_010,coronacases_010,1,0.35,1323,6,0,0,1323,0,0.0
C100_FRG,29,radiopaedia_10_85902_1,radiopaedia_case_10,1,0.35,2315,2,0,0,2315,0,0.0
C100_FRG,29,radiopaedia_10_85902_3,radiopaedia_case_10,1,0.35,3954,2,1,1,3953,0,0.5
C100_FRG,29,radiopaedia_29_86490_1,radiopaedia_case_29,0,0.35,3208,2,0,0,3208,0,0.0
C100_FRG,29,radiopaedia_29_86491_1,radiopaedia_case_29,0,0.35,4256,3,0,0,4256,0,0.0
C100_FRG,29,radiopaedia_36_86526_0,radiopaedia_case_36,2,0.35,6843,31,0,1,6842,0,0.03225806451612903
C100_FRG,29,radiopaedia_40_86625_0,radiopaedia_case_40,3,0.35,28193,9,1,1,28192,0,0.1111111111111111
C100_FRG,29,radiopaedia_4_85506_1,radiopaedia_case_4,1,0.35,2158,29,0,0,2158,0,0.0
C100_FRG,29,radiopaedia_7_85703_0,radiopaedia_case_7,2,0.35,13879,4,0,0,13879,0,0.0
C100_FRG,29,coronacases_001,coronacases_001,3,0.4,6587,44,10,6,6578,3,0.13636363636363635
C100_FRG,29,coronacases_002,coronacases_002,0,0.4,3866,26,0,0,3866,0,0.0
C100_FRG,29,coronacases_003,coronacases_003,3,0.4,6584,36,5,3,6580,1,0.08333333333333333
C100_FRG,29,coronacases_005,coronacases_005,0,0.4,2047,2,1,0,2047,0,0.0
C100_FRG,29,coronacases_006,coronacases_006,2,0.4,9802,1,0,0,9802,0,0.0
C100_FRG,29,coronacases_007,coronacases_007,2,0.4,5616,7,0,1,5615,0,0.14285714285714285
C100_FRG,29,coronacases_009,coronacases_009,3,0.4,5272,8,2,0,5272,0,0.0
C100_FRG,29,coronacases_010,coronacases_010,1,0.4,1391,6,0,0,1391,0,0.0
C100_FRG,29,radiopaedia_10_85902_1,radiopaedia_case_10,1,0.4,2288,2,0,0,2288,0,0.0
C100_FRG,29,radiopaedia_10_85902_3,radiopaedia_case_10,1,0.4,4062,2,1,1,4061,0,0.5
C100_FRG,29,radiopaedia_29_86490_1,radiopaedia_case_29,0,0.4,3244,2,0,0,3244,0,0.0
C100_FRG,29,radiopaedia_29_86491_1,radiopaedia_case_29,0,0.4,4669,3,0,0,4669,0,0.0
C100_FRG,29,radiopaedia_36_86526_0,radiopaedia_case_36,2,0.4,6971,31,0,1,6970,0,0.03225806451612903
C100_FRG,29,radiopaedia_40_86625_0,radiopaedia_case_40,3,0.4,27570,9,1,1,27569,0,0.1111111111111111
C100_FRG,29,radiopaedia_4_85506_1,radiopaedia_case_4,1,0.4,2187,29,0,0,2187,0,0.0
C100_FRG,29,radiopaedia_7_85703_0,radiopaedia_case_7,2,0.4,13724,4,0,0,13724,0,0.0
C100_FRG,29,coronacases_001,coronacases_001,3,0.45,6506,44,10,7,6496,3,0.1590909090909091
C100_FRG,29,coronacases_002,coronacases_002,0,0.45,3896,26,0,0,3896,0,0.0
C100_FRG,29,coronacases_003,coronacases_003,3,0.45,6365,36,5,3,6361,1,0.08333333333333333
C100_FRG,29,coronacases_005,coronacases_005,0,0.45,2102,2,1,0,2102,0,0.0
C100_FRG,29,coronacases_006,coronacases_006,2,0.45,9613,1,0,0,9613,0,0.0
C100_FRG,29,coronacases_007,coronacases_007,2,0.45,5627,7,0,1,5626,0,0.14285714285714285
C100_FRG,29,coronacases_009,coronacases_009,3,0.45,5203,8,2,0,5203,0,0.0
C100_FRG,29,coronacases_010,coronacases_010,1,0.45,1451,6,0,0,1451,0,0.0
C100_FRG,29,radiopaedia_10_85902_1,radiopaedia_case_10,1,0.45,2358,2,0,0,2358,0,0.0
C100_FRG,29,radiopaedia_10_85902_3,radiopaedia_case_10,1,0.45,4175,2,1,1,4174,0,0.5
C100_FRG,29,radiopaedia_29_86490_1,radiopaedia_case_29,0,0.45,3250,2,0,0,3250,0,0.0
C100_FRG,29,radiopaedia_29_86491_1,radiopaedia_case_29,0,0.45,4636,3,0,0,4636,0,0.0
C100_FRG,29,radiopaedia_36_86526_0,radiopaedia_case_36,2,0.45,7149,31,0,2,7147,0,0.06451612903225806
C100_FRG,29,radiopaedia_40_86625_0,radiopaedia_case_40,3,0.45,26966,9,1,1,26965,0,0.1111111111111111
C100_FRG,29,radiopaedia_4_85506_1,radiopaedia_case_4,1,0.45,2239,29,0,0,2239,0,0.0
C100_FRG,29,radiopaedia_7_85703_0,radiopaedia_case_7,2,0.45,13358,4,0,0,13358,0,0.0
C100_FRG,29,coronacases_001,coronacases_001,3,0.5,6386,44,10,9,6374,3,0.20454545454545456
C100_FRG,29,coronacases_002,coronacases_002,0,0.5,3994,26,0,0,3994,0,0.0
C100_FRG,29,coronacases_003,coronacases_003,3,0.5,6242,36,5,3,6238,1,0.08333333333333333
C100_FRG,29,coronacases_005,coronacases_005,0,0.5,2227,2,1,0,2227,0,0.0
C100_FRG,29,coronacases_006,coronacases_006,2,0.5,9546,1,0,0,9546,0,0.0
C100_FRG,29,coronacases_007,coronacases_007,2,0.5,5545,7,0,1,5544,0,0.14285714285714285
C100_FRG,29,coronacases_009,coronacases_009,3,0.5,5157,8,2,0,5157,0,0.0
C100_FRG,29,coronacases_010,coronacases_010,1,0.5,1497,6,0,0,1497,0,0.0
C100_FRG,29,radiopaedia_10_85902_1,radiopaedia_case_10,1,0.5,2322,2,0,0,2322,0,0.0
C100_FRG,29,radiopaedia_10_85902_3,radiopaedia_case_10,1,0.5,4283,2,1,1,4282,0,0.5
C100_FRG,29,radiopaedia_29_86490_1,radiopaedia_case_29,0,0.5,3234,2,0,0,3234,0,0.0
C100_FRG,29,radiopaedia_29_86491_1,radiopaedia_case_29,0,0.5,4552,3,0,0,4552,0,0.0
C100_FRG,29,radiopaedia_36_86526_0,radiopaedia_case_36,2,0.5,7411,31,0,2,7409,0,0.06451612903225806
C100_FRG,29,radiopaedia_40_86625_0,radiopaedia_case_40,3,0.5,26266,9,1,1,26265,0,0.1111111111111111
C100_FRG,29,radiopaedia_4_85506_1,radiopaedia_case_4,1,0.5,2173,29,0,1,2172,0,0.034482758620689655
C100_FRG,29,radiopaedia_7_85703_0,radiopaedia_case_7,2,0.5,13018,4,0,0,13018,0,0.0
C100_FRG,29,coronacases_001,coronacases_001,3,0.55,6268,44,10,11,6254,3,0.25
C100_FRG,29,coronacases_002,coronacases_002,0,0.55,4005,26,0,0,4005,0,0.0
C100_FRG,29,coronacases_003,coronacases_003,3,0.55,6083,36,5,4,6078,1,0.1111111111111111
C100_FRG,29,coronacases_005,coronacases_005,0,0.55,2318,2,1,0,2318,0,0.0
C100_FRG,29,coronacases_006,coronacases_006,2,0.55,9429,1,0,0,9429,0,0.0
C100_FRG,29,coronacases_007,coronacases_007,2,0.55,5426,7,0,1,5425,0,0.14285714285714285
C100_FRG,29,coronacases_009,coronacases_009,3,0.55,5097,8,2,0,5097,0,0.0
C100_FRG,29,coronacases_010,coronacases_010,1,0.55,1556,6,0,0,1556,0,0.0
C100_FRG,29,radiopaedia_10_85902_1,radiopaedia_case_10,1,0.55,2266,2,0,0,2266,0,0.0
C100_FRG,29,radiopaedia_10_85902_3,radiopaedia_case_10,1,0.55,4274,2,1,1,4273,0,0.5
C100_FRG,29,radiopaedia_29_86490_1,radiopaedia_case_29,0,0.55,3295,2,0,1,3294,0,0.5
C100_FRG,29,radiopaedia_29_86491_1,radiopaedia_case_29,0,0.55,4490,3,0,0,4490,0,0.0
C100_FRG,29,radiopaedia_36_86526_0,radiopaedia_case_36,2,0.55,7652,31,0,2,7650,0,0.06451612903225806
C100_FRG,29,radiopaedia_40_86625_0,radiopaedia_case_40,3,0.55,25472,9,1,1,25471,0,0.1111111111111111
C100_FRG,29,radiopaedia_4_85506_1,radiopaedia_case_4,1,0.55,2044,29,0,1,2043,0,0.034482758620689655
C100_FRG,29,radiopaedia_7_85703_0,radiopaedia_case_7,2,0.55,12438,4,0,0,12438,0,0.0
C100_FRG,29,coronacases_001,coronacases_001,3,0.6,6278,44,10,11,6264,3,0.25
C100_FRG,29,coronacases_002,coronacases_002,0,0.6,4075,26,0,0,4075,0,0.0
C100_FRG,29,coronacases_003,coronacases_003,3,0.6,6033,36,5,4,6028,1,0.1111111111111111
C100_FRG,29,coronacases_005,coronacases_005,0,0.6,2456,2,1,0,2456,0,0.0
C100_FRG,29,coronacases_006,coronacases_006,2,0.6,9301,1,0,0,9301,0,0.0
C100_FRG,29,coronacases_007,coronacases_007,2,0.6,5426,7,0,1,5425,0,0.14285714285714285
C100_FRG,29,coronacases_009,coronacases_009,3,0.6,5022,8,2,0,5022,0,0.0
C100_FRG,29,coronacases_010,coronacases_010,1,0.6,1620,6,0,0,1620,0,0.0
C100_FRG,29,radiopaedia_10_85902_1,radiopaedia_case_10,1,0.6,2241,2,0,0,2241,0,0.0
C100_FRG,29,radiopaedia_10_85902_3,radiopaedia_case_10,1,0.6,4401,2,1,1,4400,0,0.5
C100_FRG,29,radiopaedia_29_86490_1,radiopaedia_case_29,0,0.6,3315,2,0,1,3314,0,0.5
C100_FRG,29,radiopaedia_29_86491_1,radiopaedia_case_29,0,0.6,4355,3,0,0,4355,0,0.0
C100_FRG,29,radiopaedia_36_86526_0,radiopaedia_case_36,2,0.6,7804,31,0,2,7802,0,0.06451612903225806
C100_FRG,29,radiopaedia_40_86625_0,radiopaedia_case_40,3,0.6,24473,9,1,1,24472,0,0.1111111111111111
C100_FRG,29,radiopaedia_4_85506_1,radiopaedia_case_4,1,0.6,1954,29,0,1,1953,0,0.034482758620689655
C100_FRG,29,radiopaedia_7_85703_0,radiopaedia_case_7,2,0.6,12178,4,0,0,12178,0,0.0
C100_FRG,29,coronacases_001,coronacases_001,3,0.65,6106,44,10,10,6093,3,0.22727272727272727
C100_FRG,29,coronacases_002,coronacases_002,0,0.65,4214,26,0,0,4214,0,0.0
C100_FRG,29,coronacases_003,coronacases_003,3,0.65,6045,36,5,4,6040,1,0.1111111111111111
C100_FRG,29,coronacases_005,coronacases_005,0,0.65,2630,2,1,0,2630,0,0.0
C100_FRG,29,coronacases_006,coronacases_006,2,0.65,9141,1,0,0,9141,0,0.0
C100_FRG,29,coronacases_007,coronacases_007,2,0.65,5362,7,0,1,5361,0,0.14285714285714285
C100_FRG,29,coronacases_009,coronacases_009,3,0.65,4955,8,2,0,4955,0,0.0
C100_FRG,29,coronacases_010,coronacases_010,1,0.65,1629,6,0,0,1629,0,0.0
C100_FRG,29,radiopaedia_10_85902_1,radiopaedia_case_10,1,0.65,2175,2,0,0,2175,0,0.0
C100_FRG,29,radiopaedia_10_85902_3,radiopaedia_case_10,1,0.65,4471,2,1,1,4470,0,0.5
C100_FRG,29,radiopaedia_29_86490_1,radiopaedia_case_29,0,0.65,3390,2,0,1,3389,0,0.5
C100_FRG,29,radiopaedia_29_86491_1,radiopaedia_case_29,0,0.65,4331,3,0,0,4331,0,0.0
C100_FRG,29,radiopaedia_36_86526_0,radiopaedia_case_36,2,0.65,7983,31,0,3,7980,0,0.0967741935483871
C100_FRG,29,radiopaedia_40_86625_0,radiopaedia_case_40,3,0.65,23591,9,1,1,23590,0,0.1111111111111111
C100_FRG,29,radiopaedia_4_85506_1,radiopaedia_case_4,1,0.65,2008,29,0,1,2007,0,0.034482758620689655
C100_FRG,29,radiopaedia_7_85703_0,radiopaedia_case_7,2,0.65,11645,4,0,1,11644,0,0.25
C100_FRG,29,coronacases_001,coronacases_001,3,0.7,6156,44,10,11,6142,3,0.25
C100_FRG,29,coronacases_002,coronacases_002,0,0.7,4349,26,0,0,4349,0,0.0
C100_FRG,29,coronacases_003,coronacases_003,3,0.7,5977,36,5,4,5972,1,0.1111111111111111
C100_FRG,29,coronacases_005,coronacases_005,0,0.7,2900,2,1,0,2900,0,0.0
C100_FRG,29,coronacases_006,coronacases_006,2,0.7,9009,1,0,0,9009,0,0.0
C100_FRG,29,coronacases_007,coronacases_007,2,0.7,5280,7,0,0,5280,0,0.0
C100_FRG,29,coronacases_009,coronacases_009,3,0.7,4898,8,2,0,4898,0,0.0
C100_FRG,29,coronacases_010,coronacases_010,1,0.7,1715,6,0,0,1715,0,0.0
C100_FRG,29,radiopaedia_10_85902_1,radiopaedia_case_10,1,0.7,2104,2,0,0,2104,0,0.0
C100_FRG,29,radiopaedia_10_85902_3,radiopaedia_case_10,1,0.7,4564,2,1,1,4563,0,0.5
C100_FRG,29,radiopaedia_29_86490_1,radiopaedia_case_29,0,0.7,3535,2,0,1,3534,0,0.5
C100_FRG,29,radiopaedia_29_86491_1,radiopaedia_case_29,0,0.7,4385,3,0,0,4385,0,0.0
C100_FRG,29,radiopaedia_36_86526_0,radiopaedia_case_36,2,0.7,8007,31,0,5,8002,0,0.16129032258064516
C100_FRG,29,radiopaedia_40_86625_0,radiopaedia_case_40,3,0.7,22627,9,1,1,22626,0,0.1111111111111111
C100_FRG,29,radiopaedia_4_85506_1,radiopaedia_case_4,1,0.7,2070,29,0,1,2069,0,0.034482758620689655
C100_FRG,29,radiopaedia_7_85703_0,radiopaedia_case_7,2,0.7,11412,4,0,1,11411,0,0.25
C100_FRG,29,coronacases_001,coronacases_001,3,0.75,6043,44,10,11,6030,2,0.25
C100_FRG,29,coronacases_002,coronacases_002,0,0.75,4639,26,0,0,4639,0,0.0
C100_FRG,29,coronacases_003,coronacases_003,3,0.75,6017,36,5,4,6012,1,0.1111111111111111
C100_FRG,29,coronacases_005,coronacases_005,0,0.75,3176,2,1,0,3176,0,0.0
C100_FRG,29,coronacases_006,coronacases_006,2,0.75,8917,1,0,0,8917,0,0.0
C100_FRG,29,coronacases_007,coronacases_007,2,0.75,5206,7,0,0,5206,0,0.0
C100_FRG,29,coronacases_009,coronacases_009,3,0.75,4845,8,2,0,4845,0,0.0
C100_FRG,29,coronacases_010,coronacases_010,1,0.75,1709,6,0,0,1709,0,0.0
C100_FRG,29,radiopaedia_10_85902_1,radiopaedia_case_10,1,0.75,2103,2,0,0,2103,0,0.0
C100_FRG,29,radiopaedia_10_85902_3,radiopaedia_case_10,1,0.75,4668,2,1,1,4667,0,0.5
C100_FRG,29,radiopaedia_29_86490_1,radiopaedia_case_29,0,0.75,3711,2,0,0,3711,0,0.0
C100_FRG,29,radiopaedia_29_86491_1,radiopaedia_case_29,0,0.75,4486,3,0,0,4486,0,0.0
C100_FRG,29,radiopaedia_36_86526_0,radiopaedia_case_36,2,0.75,7859,31,0,7,7852,0,0.22580645161290322
C100_FRG,29,radiopaedia_40_86625_0,radiopaedia_case_40,3,0.75,21576,9,1,1,21575,0,0.1111111111111111
C100_FRG,29,radiopaedia_4_85506_1,radiopaedia_case_4,1,0.75,2113,29,0,1,2112,0,0.034482758620689655
C100_FRG,29,radiopaedia_7_85703_0,radiopaedia_case_7,2,0.75,11100,4,0,1,11099,0,0.25
C100_FRG,29,coronacases_001,coronacases_001,3,0.8,5860,44,10,10,5848,2,0.22727272727272727
C100_FRG,29,coronacases_002,coronacases_002,0,0.8,4885,26,0,0,4885,0,0.0
C100_FRG,29,coronacases_003,coronacases_003,3,0.8,5966,36,5,5,5960,1,0.1388888888888889
C100_FRG,29,coronacases_005,coronacases_005,0,0.8,3540,2,1,0,3540,0,0.0
C100_FRG,29,coronacases_006,coronacases_006,2,0.8,8746,1,0,0,8746,0,0.0
C100_FRG,29,coronacases_007,coronacases_007,2,0.8,5176,7,0,1,5175,0,0.14285714285714285
C100_FRG,29,coronacases_009,coronacases_009,3,0.8,4677,8,2,0,4677,0,0.0
C100_FRG,29,coronacases_010,coronacases_010,1,0.8,1782,6,0,0,1782,0,0.0
C100_FRG,29,radiopaedia_10_85902_1,radiopaedia_case_10,1,0.8,2117,2,0,0,2117,0,0.0
C100_FRG,29,radiopaedia_10_85902_3,radiopaedia_case_10,1,0.8,4916,2,1,1,4915,0,0.5
C100_FRG,29,radiopaedia_29_86490_1,radiopaedia_case_29,0,0.8,4081,2,0,0,4081,0,0.0
C100_FRG,29,radiopaedia_29_86491_1,radiopaedia_case_29,0,0.8,4584,3,0,0,4584,0,0.0
C100_FRG,29,radiopaedia_36_86526_0,radiopaedia_case_36,2,0.8,7790,31,0,7,7783,0,0.22580645161290322
C100_FRG,29,radiopaedia_40_86625_0,radiopaedia_case_40,3,0.8,20627,9,1,1,20626,0,0.1111111111111111
C100_FRG,29,radiopaedia_4_85506_1,radiopaedia_case_4,1,0.8,2214,29,0,1,2213,0,0.034482758620689655
C100_FRG,29,radiopaedia_7_85703_0,radiopaedia_case_7,2,0.8,10676,4,0,1,10675,0,0.25
C100_FRG,29,coronacases_001,coronacases_001,3,0.85,5833,44,10,11,5820,2,0.25
C100_FRG,29,coronacases_002,coronacases_002,0,0.85,5378,26,0,2,5376,0,0.07692307692307693
C100_FRG,29,coronacases_003,coronacases_003,3,0.85,5942,36,5,5,5936,1,0.1388888888888889
C100_FRG,29,coronacases_005,coronacases_005,0,0.85,4259,2,1,0,4259,0,0.0
C100_FRG,29,coronacases_006,coronacases_006,2,0.85,8450,1,0,0,8450,0,0.0
C100_FRG,29,coronacases_007,coronacases_007,2,0.85,5022,7,0,0,5022,0,0.0
C100_FRG,29,coronacases_009,coronacases_009,3,0.85,4652,8,2,0,4652,0,0.0
C100_FRG,29,coronacases_010,coronacases_010,1,0.85,1929,6,0,0,1929,0,0.0
C100_FRG,29,radiopaedia_10_85902_1,radiopaedia_case_10,1,0.85,2053,2,0,1,2052,0,0.5
C100_FRG,29,radiopaedia_10_85902_3,radiopaedia_case_10,1,0.85,5071,2,1,1,5070,0,0.5
C100_FRG,29,radiopaedia_29_86490_1,radiopaedia_case_29,0,0.85,4587,2,0,0,4587,0,0.0
C100_FRG,29,radiopaedia_29_86491_1,radiopaedia_case_29,0,0.85,4554,3,0,0,4554,0,0.0
C100_FRG,29,radiopaedia_36_86526_0,radiopaedia_case_36,2,0.85,7414,31,0,7,7407,0,0.22580645161290322
C100_FRG,29,radiopaedia_40_86625_0,radiopaedia_case_40,3,0.85,19355,9,1,1,19354,0,0.1111111111111111
C100_FRG,29,radiopaedia_4_85506_1,radiopaedia_case_4,1,0.85,2543,29,0,1,2542,0,0.034482758620689655
C100_FRG,29,radiopaedia_7_85703_0,radiopaedia_case_7,2,0.85,9977,4,0,1,9976,0,0.25
C100_FRG,29,coronacases_001,coronacases_001,3,0.9,5794,44,10,10,5782,2,0.22727272727272727
C100_FRG,29,coronacases_002,coronacases_002,0,0.9,6116,26,0,3,6113,0,0.11538461538461539
C100_FRG,29,coronacases_003,coronacases_003,3,0.9,5820,36,5,7,5812,1,0.19444444444444445
C100_FRG,29,coronacases_005,coronacases_005,0,0.9,6036,2,1,0,6036,0,0.0
C100_FRG,29,coronacases_006,coronacases_006,2,0.9,8072,1,0,0,8072,0,0.0
C100_FRG,29,coronacases_007,coronacases_007,2,0.9,4893,7,0,0,4893,0,0.0
C100_FRG,29,coronacases_009,coronacases_009,3,0.9,4625,8,2,1,4624,0,0.125
C100_FRG,29,coronacases_010,coronacases_010,1,0.9,2258,6,0,0,2258,0,0.0
C100_FRG,29,radiopaedia_10_85902_1,radiopaedia_case_10,1,0.9,2009,2,0,1,2008,0,0.5
C100_FRG,29,radiopaedia_10_85902_3,radiopaedia_case_10,1,0.9,5383,2,1,1,5382,0,0.5
C100_FRG,29,radiopaedia_29_86490_1,radiopaedia_case_29,0,0.9,5534,2,0,0,5534,0,0.0
C100_FRG,29,radiopaedia_29_86491_1,radiopaedia_case_29,0,0.9,4715,3,0,1,4714,0,0.3333333333333333
C100_FRG,29,radiopaedia_36_86526_0,radiopaedia_case_36,2,0.9,7244,31,0,8,7236,0,0.25806451612903225
C100_FRG,29,radiopaedia_40_86625_0,radiopaedia_case_40,3,0.9,17698,9,1,1,17697,0,0.1111111111111111
C100_FRG,29,radiopaedia_4_85506_1,radiopaedia_case_4,1,0.9,3036,29,0,2,3034,0,0.06896551724137931
C100_FRG,29,radiopaedia_7_85703_0,radiopaedia_case_7,2,0.9,9388,4,0,1,9387,0,0.25
C100_FRG,29,coronacases_001,coronacases_001,3,0.95,5882,44,10,15,5865,2,0.3409090909090909
C100_FRG,29,coronacases_002,coronacases_002,0,0.95,7809,26,0,3,7806,0,0.11538461538461539
C100_FRG,29,coronacases_003,coronacases_003,3,0.95,5449,36,5,13,5435,1,0.3611111111111111
C100_FRG,29,coronacases_005,coronacases_005,0,0.95,9746,2,1,0,9746,0,0.0
C100_FRG,29,coronacases_006,coronacases_006,2,0.95,7478,1,0,0,7478,0,0.0
C100_FRG,29,coronacases_007,coronacases_007,2,0.95,4644,7,0,0,4644,0,0.0
C100_FRG,29,coronacases_009,coronacases_009,3,0.95,4599,8,2,2,4597,0,0.25
C100_FRG,29,coronacases_010,coronacases_010,1,0.95,2903,6,0,1,2902,0,0.16666666666666666
C100_FRG,29,radiopaedia_10_85902_1,radiopaedia_case_10,1,0.95,2118,2,0,1,2117,0,0.5
C100_FRG,29,radiopaedia_10_85902_3,radiopaedia_case_10,1,0.95,6375,2,1,1,6374,0,0.5
C100_FRG,29,radiopaedia_29_86490_1,radiopaedia_case_29,0,0.95,7918,2,0,0,7918,0,0.0
C100_FRG,29,radiopaedia_29_86491_1,radiopaedia_case_29,0,0.95,5330,3,0,1,5329,0,0.3333333333333333
C100_FRG,29,radiopaedia_36_86526_0,radiopaedia_case_36,2,0.95,6709,31,0,9,6700,0,0.2903225806451613
C100_FRG,29,radiopaedia_40_86625_0,radiopaedia_case_40,3,0.95,15534,9,1,2,15532,0,0.2222222222222222
C100_FRG,29,radiopaedia_4_85506_1,radiopaedia_case_4,1,0.95,3976,29,0,3,3973,0,0.10344827586206896
C100_FRG,29,radiopaedia_7_85703_0,radiopaedia_case_7,2,0.95,8766,4,0,2,8764,0,0.5
C100_FRG,29,coronacases_001,coronacases_001,3,0.975,6044,44,10,14,6030,0,0.3181818181818182
C100_FRG,29,coronacases_002,coronacases_002,0,0.975,10553,26,0,4,10549,0,0.15384615384615385
C100_FRG,29,coronacases_003,coronacases_003,3,0.975,5059,36,5,14,5043,2,0.3888888888888889
C100_FRG,29,coronacases_005,coronacases_005,0,0.975,12173,2,1,0,12173,0,0.0
C100_FRG,29,coronacases_006,coronacases_006,2,0.975,6986,1,0,1,6985,0,1.0
C100_FRG,29,coronacases_007,coronacases_007,2,0.975,4584,7,0,2,4582,0,0.2857142857142857
C100_FRG,29,coronacases_009,coronacases_009,3,0.975,4539,8,2,2,4537,0,0.25
C100_FRG,29,coronacases_010,coronacases_010,1,0.975,3447,6,0,1,3446,0,0.16666666666666666
C100_FRG,29,radiopaedia_10_85902_1,radiopaedia_case_10,1,0.975,2517,2,0,1,2516,0,0.5
C100_FRG,29,radiopaedia_10_85902_3,radiopaedia_case_10,1,0.975,7760,2,1,1,7759,0,0.5
C100_FRG,29,radiopaedia_29_86490_1,radiopaedia_case_29,0,0.975,11219,2,0,1,11218,0,0.5
C100_FRG,29,radiopaedia_29_86491_1,radiopaedia_case_29,0,0.975,6643,3,0,2,6641,0,0.6666666666666666
C100_FRG,29,radiopaedia_36_86526_0,radiopaedia_case_36,2,0.975,6003,31,0,12,5991,0,0.3870967741935484
C100_FRG,29,radiopaedia_40_86625_0,radiopaedia_case_40,3,0.975,13599,9,1,2,13597,0,0.2222222222222222
C100_FRG,29,radiopaedia_4_85506_1,radiopaedia_case_4,1,0.975,5060,29,0,5,5055,0,0.1724137931034483
C100_FRG,29,radiopaedia_7_85703_0,radiopaedia_case_7,2,0.975,8255,4,0,3,8252,0,0.75
C100_FRG,29,coronacases_001,coronacases_001,3,0.99,6213,44,10,16,6197,0,0.36363636363636365
C100_FRG,29,coronacases_002,coronacases_002,0,0.99,15484,26,0,5,15479,0,0.19230769230769232
C100_FRG,29,coronacases_003,coronacases_003,3,0.99,4593,36,5,17,4573,3,0.4722222222222222
C100_FRG,29,coronacases_005,coronacases_005,0,0.99,13341,2,1,0,13341,0,0.0
C100_FRG,29,coronacases_006,coronacases_006,2,0.99,6304,1,0,1,6303,0,1.0
C100_FRG,29,coronacases_007,coronacases_007,2,0.99,4330,7,0,3,4327,0,0.42857142857142855
C100_FRG,29,coronacases_009,coronacases_009,3,0.99,4967,8,2,3,4964,0,0.375
C100_FRG,29,coronacases_010,coronacases_010,1,0.99,4059,6,0,1,4058,0,0.16666666666666666
C100_FRG,29,radiopaedia_10_85902_1,radiopaedia_case_10,1,0.99,2955,2,0,1,2954,0,0.5
C100_FRG,29,radiopaedia_10_85902_3,radiopaedia_case_10,1,0.99,9861,2,1,1,9860,0,0.5
C100_FRG,29,radiopaedia_29_86490_1,radiopaedia_case_29,0,0.99,16172,2,0,1,16171,0,0.5
C100_FRG,29,radiopaedia_29_86491_1,radiopaedia_case_29,0,0.99,9192,3,0,2,9190,0,0.6666666666666666
C100_FRG,29,radiopaedia_36_86526_0,radiopaedia_case_36,2,0.99,5523,31,0,13,5510,0,0.41935483870967744
C100_FRG,29,radiopaedia_40_86625_0,radiopaedia_case_40,3,0.99,11554,9,1,3,11551,0,0.3333333333333333
C100_FRG,29,radiopaedia_4_85506_1,radiopaedia_case_4,1,0.99,5866,29,0,5,5861,0,0.1724137931034483
C100_FRG,29,radiopaedia_7_85703_0,radiopaedia_case_7,2,0.99,7570,4,0,3,7567,0,0.75
C100_FRG,29,coronacases_001,coronacases_001,3,0.995,6139,44,10,16,6123,0,0.36363636363636365
C100_FRG,29,coronacases_002,coronacases_002,0,0.995,19630,26,0,7,19623,0,0.2692307692307692
C100_FRG,29,coronacases_003,coronacases_003,3,0.995,4367,36,5,17,4348,2,0.4722222222222222
C100_FRG,29,coronacases_005,coronacases_005,0,0.995,12545,2,1,0,12545,0,0.0
C100_FRG,29,coronacases_006,coronacases_006,2,0.995,5873,1,0,1,5872,0,1.0
C100_FRG,29,coronacases_007,coronacases_007,2,0.995,4016,7,0,5,4011,0,0.7142857142857143
C100_FRG,29,coronacases_009,coronacases_009,3,0.995,5018,8,2,4,5014,0,0.5
C100_FRG,29,coronacases_010,coronacases_010,1,0.995,4416,6,0,2,4414,0,0.3333333333333333
C100_FRG,29,radiopaedia_10_85902_1,radiopaedia_case_10,1,0.995,3042,2,0,1,3041,0,0.5
C100_FRG,29,radiopaedia_10_85902_3,radiopaedia_case_10,1,0.995,10679,2,1,1,10678,0,0.5
C100_FRG,29,radiopaedia_29_86490_1,radiopaedia_case_29,0,0.995,19223,2,0,1,19222,0,0.5
C100_FRG,29,radiopaedia_29_86491_1,radiopaedia_case_29,0,0.995,12429,3,0,2,12427,0,0.6666666666666666
C100_FRG,29,radiopaedia_36_86526_0,radiopaedia_case_36,2,0.995,5013,31,0,17,4996,0,0.5483870967741935
C100_FRG,29,radiopaedia_40_86625_0,radiopaedia_case_40,3,0.995,10428,9,1,2,10426,0,0.2222222222222222
C100_FRG,29,radiopaedia_4_85506_1,radiopaedia_case_4,1,0.995,6130,29,0,6,6124,0,0.20689655172413793
C100_FRG,29,radiopaedia_7_85703_0,radiopaedia_case_7,2,0.995,7092,4,0,3,7089,0,0.75
C100_FRG,29,coronacases_001,coronacases_001,3,1.000001,0,44,10,0,0,0,0.0
C100_FRG,29,coronacases_002,coronacases_002,0,1.000001,0,26,0,0,0,0,0.0
C100_FRG,29,coronacases_003,coronacases_003,3,1.000001,0,36,5,0,0,0,0.0
C100_FRG,29,coronacases_005,coronacases_005,0,1.000001,0,2,1,0,0,0,0.0
C100_FRG,29,coronacases_006,coronacases_006,2,1.000001,0,1,0,0,0,0,0.0
C100_FRG,29,coronacases_007,coronacases_007,2,1.000001,0,7,0,0,0,0,0.0
C100_FRG,29,coronacases_009,coronacases_009,3,1.000001,0,8,2,0,0,0,0.0
C100_FRG,29,coronacases_010,coronacases_010,1,1.000001,0,6,0,0,0,0,0.0
C100_FRG,29,radiopaedia_10_85902_1,radiopaedia_case_10,1,1.000001,0,2,0,0,0,0,0.0
C100_FRG,29,radiopaedia_10_85902_3,radiopaedia_case_10,1,1.000001,0,2,1,0,0,0,0.0
C100_FRG,29,radiopaedia_29_86490_1,radiopaedia_case_29,0,1.000001,0,2,0,0,0,0,0.0
C100_FRG,29,radiopaedia_29_86491_1,radiopaedia_case_29,0,1.000001,0,3,0,0,0,0,0.0
C100_FRG,29,radiopaedia_36_86526_0,radiopaedia_case_36,2,1.000001,0,31,0,0,0,0,0.0
C100_FRG,29,radiopaedia_40_86625_0,radiopaedia_case_40,3,1.000001,0,9,1,0,0,0,0.0
C100_FRG,29,radiopaedia_4_85506_1,radiopaedia_case_4,1,1.000001,0,29,0,0,0,0,0.0
C100_FRG,29,radiopaedia_7_85703_0,radiopaedia_case_7,2,1.000001,0,4,0,0,0,0,0.0
C100_FRG,43,coronacases_001,coronacases_001,3,0.05,1394,44,10,1,1393,0,0.022727272727272728
C100_FRG,43,coronacases_002,coronacases_002,0,0.05,7652,26,0,0,7652,0,0.0
C100_FRG,43,coronacases_003,coronacases_003,3,0.05,1156,36,5,1,1155,0,0.027777777777777776
C100_FRG,43,coronacases_005,coronacases_005,0,0.05,3779,2,1,0,3779,0,0.0
C100_FRG,43,coronacases_006,coronacases_006,2,0.05,2938,1,0,0,2938,0,0.0
C100_FRG,43,coronacases_007,coronacases_007,2,0.05,1548,7,0,0,1548,0,0.0
C100_FRG,43,coronacases_009,coronacases_009,3,0.05,1525,8,2,0,1525,0,0.0
C100_FRG,43,coronacases_010,coronacases_010,1,0.05,1133,6,0,0,1133,0,0.0
C100_FRG,43,radiopaedia_10_85902_1,radiopaedia_case_10,1,0.05,1829,2,0,0,1829,0,0.0
C100_FRG,43,radiopaedia_10_85902_3,radiopaedia_case_10,1,0.05,3366,2,1,0,3366,0,0.0
C100_FRG,43,radiopaedia_29_86490_1,radiopaedia_case_29,0,0.05,10241,2,0,0,10241,0,0.0
C100_FRG,43,radiopaedia_29_86491_1,radiopaedia_case_29,0,0.05,12136,3,0,0,12136,0,0.0
C100_FRG,43,radiopaedia_36_86526_0,radiopaedia_case_36,2,0.05,3226,31,0,0,3226,0,0.0
C100_FRG,43,radiopaedia_40_86625_0,radiopaedia_case_40,3,0.05,3881,9,1,0,3881,0,0.0
C100_FRG,43,radiopaedia_4_85506_1,radiopaedia_case_4,1,0.05,1800,29,0,0,1800,0,0.0
C100_FRG,43,radiopaedia_7_85703_0,radiopaedia_case_7,2,0.05,5811,4,0,0,5811,0,0.0
C100_FRG,43,coronacases_001,coronacases_001,3,0.1,1544,44,10,4,1539,1,0.09090909090909091
C100_FRG,43,coronacases_002,coronacases_002,0,0.1,7938,26,0,0,7938,0,0.0
C100_FRG,43,coronacases_003,coronacases_003,3,0.1,1412,36,5,2,1410,0,0.05555555555555555
C100_FRG,43,coronacases_005,coronacases_005,0,0.1,4022,2,1,0,4022,0,0.0
C100_FRG,43,coronacases_006,coronacases_006,2,0.1,3315,1,0,0,3315,0,0.0
C100_FRG,43,coronacases_007,coronacases_007,2,0.1,1918,7,0,0,1918,0,0.0
C100_FRG,43,coronacases_009,coronacases_009,3,0.1,1668,8,2,0,1668,0,0.0
C100_FRG,43,coronacases_010,coronacases_010,1,0.1,1461,6,0,0,1461,0,0.0
C100_FRG,43,radiopaedia_10_85902_1,radiopaedia_case_10,1,0.1,2041,2,0,0,2041,0,0.0
C100_FRG,43,radiopaedia_10_85902_3,radiopaedia_case_10,1,0.1,3761,2,1,0,3761,0,0.0
C100_FRG,43,radiopaedia_29_86490_1,radiopaedia_case_29,0,0.1,10847,2,0,0,10847,0,0.0
C100_FRG,43,radiopaedia_29_86491_1,radiopaedia_case_29,0,0.1,13326,3,0,0,13326,0,0.0
C100_FRG,43,radiopaedia_36_86526_0,radiopaedia_case_36,2,0.1,3402,31,0,0,3402,0,0.0
C100_FRG,43,radiopaedia_40_86625_0,radiopaedia_case_40,3,0.1,3694,9,1,1,3693,0,0.1111111111111111
C100_FRG,43,radiopaedia_4_85506_1,radiopaedia_case_4,1,0.1,1859,29,0,0,1859,0,0.0
C100_FRG,43,radiopaedia_7_85703_0,radiopaedia_case_7,2,0.1,5712,4,0,0,5712,0,0.0
C100_FRG,43,coronacases_001,coronacases_001,3,0.15,1760,44,10,4,1755,1,0.09090909090909091
C100_FRG,43,coronacases_002,coronacases_002,0,0.15,7877,26,0,0,7877,0,0.0
C100_FRG,43,coronacases_003,coronacases_003,3,0.15,1504,36,5,2,1502,0,0.05555555555555555
C100_FRG,43,coronacases_005,coronacases_005,0,0.15,3855,2,1,0,3855,0,0.0
C100_FRG,43,coronacases_006,coronacases_006,2,0.15,3575,1,0,0,3575,0,0.0
C100_FRG,43,coronacases_007,coronacases_007,2,0.15,2117,7,0,0,2117,0,0.0
C100_FRG,43,coronacases_009,coronacases_009,3,0.15,1844,8,2,0,1844,0,0.0
C100_FRG,43,coronacases_010,coronacases_010,1,0.15,1613,6,0,0,1613,0,0.0
C100_FRG,43,radiopaedia_10_85902_1,radiopaedia_case_10,1,0.15,2151,2,0,0,2151,0,0.0
C100_FRG,43,radiopaedia_10_85902_3,radiopaedia_case_10,1,0.15,4021,2,1,1,4020,0,0.5
C100_FRG,43,radiopaedia_29_86490_1,radiopaedia_case_29,0,0.15,10559,2,0,0,10559,0,0.0
C100_FRG,43,radiopaedia_29_86491_1,radiopaedia_case_29,0,0.15,13214,3,0,0,13214,0,0.0
C100_FRG,43,radiopaedia_36_86526_0,radiopaedia_case_36,2,0.15,3682,31,0,0,3682,0,0.0
C100_FRG,43,radiopaedia_40_86625_0,radiopaedia_case_40,3,0.15,3772,9,1,1,3771,0,0.1111111111111111
C100_FRG,43,radiopaedia_4_85506_1,radiopaedia_case_4,1,0.15,2136,29,0,0,2136,0,0.0
C100_FRG,43,radiopaedia_7_85703_0,radiopaedia_case_7,2,0.15,5400,4,0,0,5400,0,0.0
C100_FRG,43,coronacases_001,coronacases_001,3,0.2,1865,44,10,5,1859,1,0.11363636363636363
C100_FRG,43,coronacases_002,coronacases_002,0,0.2,7881,26,0,0,7881,0,0.0
C100_FRG,43,coronacases_003,coronacases_003,3,0.2,1486,36,5,2,1484,0,0.05555555555555555
C100_FRG,43,coronacases_005,coronacases_005,0,0.2,3623,2,1,0,3623,0,0.0
C100_FRG,43,coronacases_006,coronacases_006,2,0.2,3730,1,0,0,3730,0,0.0
C100_FRG,43,coronacases_007,coronacases_007,2,0.2,2236,7,0,0,2236,0,0.0
C100_FRG,43,coronacases_009,coronacases_009,3,0.2,1945,8,2,0,1945,0,0.0
C100_FRG,43,coronacases_010,coronacases_010,1,0.2,1814,6,0,0,1814,0,0.0
C100_FRG,43,radiopaedia_10_85902_1,radiopaedia_case_10,1,0.2,2256,2,0,0,2256,0,0.0
C100_FRG,43,radiopaedia_10_85902_3,radiopaedia_case_10,1,0.2,4229,2,1,1,4228,0,0.5
C100_FRG,43,radiopaedia_29_86490_1,radiopaedia_case_29,0,0.2,9752,2,0,0,9752,0,0.0
C100_FRG,43,radiopaedia_29_86491_1,radiopaedia_case_29,0,0.2,12654,3,0,0,12654,0,0.0
C100_FRG,43,radiopaedia_36_86526_0,radiopaedia_case_36,2,0.2,3163,31,0,0,3163,0,0.0
C100_FRG,43,radiopaedia_40_86625_0,radiopaedia_case_40,3,0.2,3856,9,1,1,3855,0,0.1111111111111111
C100_FRG,43,radiopaedia_4_85506_1,radiopaedia_case_4,1,0.2,2334,29,0,0,2334,0,0.0
C100_FRG,43,radiopaedia_7_85703_0,radiopaedia_case_7,2,0.2,5607,4,0,0,5607,0,0.0
C100_FRG,43,coronacases_001,coronacases_001,3,0.25,1941,44,10,5,1934,2,0.11363636363636363
C100_FRG,43,coronacases_002,coronacases_002,0,0.25,7724,26,0,0,7724,0,0.0
C100_FRG,43,coronacases_003,coronacases_003,3,0.25,1505,36,5,2,1503,0,0.05555555555555555
C100_FRG,43,coronacases_005,coronacases_005,0,0.25,3455,2,1,0,3455,0,0.0
C100_FRG,43,coronacases_006,coronacases_006,2,0.25,3748,1,0,0,3748,0,0.0
C100_FRG,43,coronacases_007,coronacases_007,2,0.25,2362,7,0,0,2362,0,0.0
C100_FRG,43,coronacases_009,coronacases_009,3,0.25,2066,8,2,0,2066,0,0.0
C100_FRG,43,coronacases_010,coronacases_010,1,0.25,1984,6,0,0,1984,0,0.0
C100_FRG,43,radiopaedia_10_85902_1,radiopaedia_case_10,1,0.25,2385,2,0,0,2385,0,0.0
C100_FRG,43,radiopaedia_10_85902_3,radiopaedia_case_10,1,0.25,4452,2,1,1,4451,0,0.5
C100_FRG,43,radiopaedia_29_86490_1,radiopaedia_case_29,0,0.25,9052,2,0,0,9052,0,0.0
C100_FRG,43,radiopaedia_29_86491_1,radiopaedia_case_29,0,0.25,11884,3,0,0,11884,0,0.0
C100_FRG,43,radiopaedia_36_86526_0,radiopaedia_case_36,2,0.25,2750,31,0,0,2750,0,0.0
C100_FRG,43,radiopaedia_40_86625_0,radiopaedia_case_40,3,0.25,3975,9,1,1,3974,0,0.1111111111111111
C100_FRG,43,radiopaedia_4_85506_1,radiopaedia_case_4,1,0.25,2648,29,0,0,2648,0,0.0
C100_FRG,43,radiopaedia_7_85703_0,radiopaedia_case_7,2,0.25,5512,4,0,0,5512,0,0.0
C100_FRG,43,coronacases_001,coronacases_001,3,0.3,2034,44,10,4,2028,2,0.09090909090909091
C100_FRG,43,coronacases_002,coronacases_002,0,0.3,7542,26,0,0,7542,0,0.0
C100_FRG,43,coronacases_003,coronacases_003,3,0.3,1528,36,5,2,1526,0,0.05555555555555555
C100_FRG,43,coronacases_005,coronacases_005,0,0.3,3489,2,1,0,3489,0,0.0
C100_FRG,43,coronacases_006,coronacases_006,2,0.3,3633,1,0,0,3633,0,0.0
C100_FRG,43,coronacases_007,coronacases_007,2,0.3,2446,7,0,0,2446,0,0.0
C100_FRG,43,coronacases_009,coronacases_009,3,0.3,2069,8,2,1,2068,0,0.125
C100_FRG,43,coronacases_010,coronacases_010,1,0.3,2185,6,0,0,2185,0,0.0
C100_FRG,43,radiopaedia_10_85902_1,radiopaedia_case_10,1,0.3,2469,2,0,0,2469,0,0.0
C100_FRG,43,radiopaedia_10_85902_3,radiopaedia_case_10,1,0.3,4648,2,1,1,4647,0,0.5
C100_FRG,43,radiopaedia_29_86490_1,radiopaedia_case_29,0,0.3,8252,2,0,0,8252,0,0.0
C100_FRG,43,radiopaedia_29_86491_1,radiopaedia_case_29,0,0.3,11226,3,0,0,11226,0,0.0
C100_FRG,43,radiopaedia_36_86526_0,radiopaedia_case_36,2,0.3,2546,31,0,0,2546,0,0.0
C100_FRG,43,radiopaedia_40_86625_0,radiopaedia_case_40,3,0.3,4198,9,1,1,4197,0,0.1111111111111111
C100_FRG,43,radiopaedia_4_85506_1,radiopaedia_case_4,1,0.3,2832,29,0,0,2832,0,0.0
C100_FRG,43,radiopaedia_7_85703_0,radiopaedia_case_7,2,0.3,5356,4,0,0,5356,0,0.0
C100_FRG,43,coronacases_001,coronacases_001,3,0.35,2202,44,10,6,2194,2,0.13636363636363635
C100_FRG,43,coronacases_002,coronacases_002,0,0.35,7393,26,0,1,7392,0,0.038461538461538464
C100_FRG,43,coronacases_003,coronacases_003,3,0.35,1555,36,5,2,1553,0,0.05555555555555555
C100_FRG,43,coronacases_005,coronacases_005,0,0.35,3464,2,1,0,3464,0,0.0
C100_FRG,43,coronacases_006,coronacases_006,2,0.35,3548,1,0,0,3548,0,0.0
C100_FRG,43,coronacases_007,coronacases_007,2,0.35,2516,7,0,0,2516,0,0.0
C100_FRG,43,coronacases_009,coronacases_009,3,0.35,2149,8,2,1,2148,0,0.125
C100_FRG,43,coronacases_010,coronacases_010,1,0.35,2556,6,0,0,2556,0,0.0
C100_FRG,43,radiopaedia_10_85902_1,radiopaedia_case_10,1,0.35,2588,2,0,0,2588,0,0.0
C100_FRG,43,radiopaedia_10_85902_3,radiopaedia_case_10,1,0.35,4960,2,1,1,4959,0,0.5
C100_FRG,43,radiopaedia_29_86490_1,radiopaedia_case_29,0,0.35,7641,2,0,0,7641,0,0.0
C100_FRG,43,radiopaedia_29_86491_1,radiopaedia_case_29,0,0.35,10605,3,0,0,10605,0,0.0
C100_FRG,43,radiopaedia_36_86526_0,radiopaedia_case_36,2,0.35,2486,31,0,0,2486,0,0.0
C100_FRG,43,radiopaedia_40_86625_0,radiopaedia_case_40,3,0.35,4337,9,1,1,4336,0,0.1111111111111111
C100_FRG,43,radiopaedia_4_85506_1,radiopaedia_case_4,1,0.35,2961,29,0,0,2961,0,0.0
C100_FRG,43,radiopaedia_7_85703_0,radiopaedia_case_7,2,0.35,5147,4,0,0,5147,0,0.0
C100_FRG,43,coronacases_001,coronacases_001,3,0.4,2358,44,10,7,2349,2,0.1590909090909091
C100_FRG,43,coronacases_002,coronacases_002,0,0.4,7190,26,0,1,7189,0,0.038461538461538464
C100_FRG,43,coronacases_003,coronacases_003,3,0.4,1518,36,5,2,1516,0,0.05555555555555555
C100_FRG,43,coronacases_005,coronacases_005,0,0.4,3447,2,1,0,3447,0,0.0
C100_FRG,43,coronacases_006,coronacases_006,2,0.4,3567,1,0,0,3567,0,0.0
C100_FRG,43,coronacases_007,coronacases_007,2,0.4,2553,7,0,0,2553,0,0.0
C100_FRG,43,coronacases_009,coronacases_009,3,0.4,2251,8,2,1,2250,0,0.125
C100_FRG,43,coronacases_010,coronacases_010,1,0.4,2893,6,0,0,2893,0,0.0
C100_FRG,43,radiopaedia_10_85902_1,radiopaedia_case_10,1,0.4,2606,2,0,0,2606,0,0.0
C100_FRG,43,radiopaedia_10_85902_3,radiopaedia_case_10,1,0.4,5269,2,1,1,5268,0,0.5
C100_FRG,43,radiopaedia_29_86490_1,radiopaedia_case_29,0,0.4,7114,2,0,0,7114,0,0.0
C100_FRG,43,radiopaedia_29_86491_1,radiopaedia_case_29,0,0.4,10077,3,0,0,10077,0,0.0
C100_FRG,43,radiopaedia_36_86526_0,radiopaedia_case_36,2,0.4,2410,31,0,0,2410,0,0.0
C100_FRG,43,radiopaedia_40_86625_0,radiopaedia_case_40,3,0.4,4415,9,1,1,4414,0,0.1111111111111111
C100_FRG,43,radiopaedia_4_85506_1,radiopaedia_case_4,1,0.4,3122,29,0,0,3122,0,0.0
C100_FRG,43,radiopaedia_7_85703_0,radiopaedia_case_7,2,0.4,4955,4,0,0,4955,0,0.0
C100_FRG,43,coronacases_001,coronacases_001,3,0.45,2375,44,10,7,2366,2,0.1590909090909091
C100_FRG,43,coronacases_002,coronacases_002,0,0.45,7032,26,0,1,7031,0,0.038461538461538464
C100_FRG,43,coronacases_003,coronacases_003,3,0.45,1524,36,5,2,1522,0,0.05555555555555555
C100_FRG,43,coronacases_005,coronacases_005,0,0.45,3432,2,1,0,3432,0,0.0
C100_FRG,43,coronacases_006,coronacases_006,2,0.45,3598,1,0,0,3598,0,0.0
C100_FRG,43,coronacases_007,coronacases_007,2,0.45,2597,7,0,1,2596,0,0.14285714285714285
C100_FRG,43,coronacases_009,coronacases_009,3,0.45,2311,8,2,1,2310,0,0.125
C100_FRG,43,coronacases_010,coronacases_010,1,0.45,3284,6,0,0,3284,0,0.0
C100_FRG,43,radiopaedia_10_85902_1,radiopaedia_case_10,1,0.45,2724,2,0,0,2724,0,0.0
C100_FRG,43,radiopaedia_10_85902_3,radiopaedia_case_10,1,0.45,5623,2,1,1,5622,0,0.5
C100_FRG,43,radiopaedia_29_86490_1,radiopaedia_case_29,0,0.45,6660,2,0,0,6660,0,0.0
C100_FRG,43,radiopaedia_29_86491_1,radiopaedia_case_29,0,0.45,9568,3,0,0,9568,0,0.0
C100_FRG,43,radiopaedia_36_86526_0,radiopaedia_case_36,2,0.45,2345,31,0,0,2345,0,0.0
C100_FRG,43,radiopaedia_40_86625_0,radiopaedia_case_40,3,0.45,4412,9,1,1,4411,0,0.1111111111111111
C100_FRG,43,radiopaedia_4_85506_1,radiopaedia_case_4,1,0.45,3310,29,0,0,3310,0,0.0
C100_FRG,43,radiopaedia_7_85703_0,radiopaedia_case_7,2,0.45,4690,4,0,0,4690,0,0.0
C100_FRG,43,coronacases_001,coronacases_001,3,0.5,2353,44,10,8,2343,2,0.18181818181818182
C100_FRG,43,coronacases_002,coronacases_002,0,0.5,6823,26,0,1,6822,0,0.038461538461538464
C100_FRG,43,coronacases_003,coronacases_003,3,0.5,1569,36,5,2,1567,0,0.05555555555555555
C100_FRG,43,coronacases_005,coronacases_005,0,0.5,3444,2,1,0,3444,0,0.0
C100_FRG,43,coronacases_006,coronacases_006,2,0.5,3623,1,0,0,3623,0,0.0
C100_FRG,43,coronacases_007,coronacases_007,2,0.5,2645,7,0,1,2644,0,0.14285714285714285
C100_FRG,43,coronacases_009,coronacases_009,3,0.5,2346,8,2,1,2345,0,0.125
C100_FRG,43,coronacases_010,coronacases_010,1,0.5,3894,6,0,0,3894,0,0.0
C100_FRG,43,radiopaedia_10_85902_1,radiopaedia_case_10,1,0.5,2900,2,0,0,2900,0,0.0
C100_FRG,43,radiopaedia_10_85902_3,radiopaedia_case_10,1,0.5,6078,2,1,1,6077,0,0.5
C100_FRG,43,radiopaedia_29_86490_1,radiopaedia_case_29,0,0.5,6136,2,0,0,6136,0,0.0
C100_FRG,43,radiopaedia_29_86491_1,radiopaedia_case_29,0,0.5,9241,3,0,0,9241,0,0.0
C100_FRG,43,radiopaedia_36_86526_0,radiopaedia_case_36,2,0.5,2343,31,0,0,2343,0,0.0
C100_FRG,43,radiopaedia_40_86625_0,radiopaedia_case_40,3,0.5,4440,9,1,1,4439,0,0.1111111111111111
C100_FRG,43,radiopaedia_4_85506_1,radiopaedia_case_4,1,0.5,3594,29,0,0,3594,0,0.0
C100_FRG,43,radiopaedia_7_85703_0,radiopaedia_case_7,2,0.5,4506,4,0,0,4506,0,0.0
C100_FRG,43,coronacases_001,coronacases_001,3,0.55,2307,44,10,8,2297,2,0.18181818181818182
C100_FRG,43,coronacases_002,coronacases_002,0,0.55,6645,26,0,1,6644,0,0.038461538461538464
C100_FRG,43,coronacases_003,coronacases_003,3,0.55,1667,36,5,4,1663,0,0.1111111111111111
C100_FRG,43,coronacases_005,coronacases_005,0,0.55,3460,2,1,0,3460,0,0.0
C100_FRG,43,coronacases_006,coronacases_006,2,0.55,3610,1,0,0,3610,0,0.0
C100_FRG,43,coronacases_007,coronacases_007,2,0.55,2605,7,0,1,2604,0,0.14285714285714285
C100_FRG,43,coronacases_009,coronacases_009,3,0.55,2449,8,2,1,2448,0,0.125
C100_FRG,43,coronacases_010,coronacases_010,1,0.55,4525,6,0,0,4525,0,0.0
C100_FRG,43,radiopaedia_10_85902_1,radiopaedia_case_10,1,0.55,3078,2,0,0,3078,0,0.0
C100_FRG,43,radiopaedia_10_85902_3,radiopaedia_case_10,1,0.55,6716,2,1,1,6715,0,0.5
C100_FRG,43,radiopaedia_29_86490_1,radiopaedia_case_29,0,0.55,5853,2,0,0,5853,0,0.0
C100_FRG,43,radiopaedia_29_86491_1,radiopaedia_case_29,0,0.55,8913,3,0,0,8913,0,0.0
C100_FRG,43,radiopaedia_36_86526_0,radiopaedia_case_36,2,0.55,2357,31,0,0,2357,0,0.0
C100_FRG,43,radiopaedia_40_86625_0,radiopaedia_case_40,3,0.55,4382,9,1,1,4381,0,0.1111111111111111
C100_FRG,43,radiopaedia_4_85506_1,radiopaedia_case_4,1,0.55,3915,29,0,0,3915,0,0.0
C100_FRG,43,radiopaedia_7_85703_0,radiopaedia_case_7,2,0.55,4345,4,0,0,4345,0,0.0
C100_FRG,43,coronacases_001,coronacases_001,3,0.6,2286,44,10,8,2276,2,0.18181818181818182
C100_FRG,43,coronacases_002,coronacases_002,0,0.6,6446,26,0,1,6445,0,0.038461538461538464
C100_FRG,43,coronacases_003,coronacases_003,3,0.6,1722,36,5,4,1718,0,0.1111111111111111
C100_FRG,43,coronacases_005,coronacases_005,0,0.6,3407,2,1,0,3407,0,0.0
C100_FRG,43,coronacases_006,coronacases_006,2,0.6,3601,1,0,0,3601,0,0.0
C100_FRG,43,coronacases_007,coronacases_007,2,0.6,2613,7,0,1,2612,0,0.14285714285714285
C100_FRG,43,coronacases_009,coronacases_009,3,0.6,2505,8,2,1,2504,0,0.125
C100_FRG,43,coronacases_010,coronacases_010,1,0.6,5276,6,0,0,5276,0,0.0
C100_FRG,43,radiopaedia_10_85902_1,radiopaedia_case_10,1,0.6,3361,2,0,0,3361,0,0.0
C100_FRG,43,radiopaedia_10_85902_3,radiopaedia_case_10,1,0.6,7425,2,1,1,7424,0,0.5
C100_FRG,43,radiopaedia_29_86490_1,radiopaedia_case_29,0,0.6,5534,2,0,0,5534,0,0.0
C100_FRG,43,radiopaedia_29_86491_1,radiopaedia_case_29,0,0.6,8608,3,0,0,8608,0,0.0
C100_FRG,43,radiopaedia_36_86526_0,radiopaedia_case_36,2,0.6,2346,31,0,1,2345,0,0.03225806451612903
C100_FRG,43,radiopaedia_40_86625_0,radiopaedia_case_40,3,0.6,4400,9,1,1,4399,0,0.1111111111111111
C100_FRG,43,radiopaedia_4_85506_1,radiopaedia_case_4,1,0.6,4344,29,0,0,4344,0,0.0
C100_FRG,43,radiopaedia_7_85703_0,radiopaedia_case_7,2,0.6,4313,4,0,0,4313,0,0.0
C100_FRG,43,coronacases_001,coronacases_001,3,0.65,2295,44,10,8,2285,2,0.18181818181818182
C100_FRG,43,coronacases_002,coronacases_002,0,0.65,6241,26,0,1,6240,0,0.038461538461538464
C100_FRG,43,coronacases_003,coronacases_003,3,0.65,1742,36,5,4,1738,0,0.1111111111111111
C100_FRG,43,coronacases_005,coronacases_005,0,0.65,3457,2,1,0,3457,0,0.0
C100_FRG,43,coronacases_006,coronacases_006,2,0.65,3598,1,0,0,3598,0,0.0
C100_FRG,43,coronacases_007,coronacases_007,2,0.65,2665,7,0,1,2664,0,0.14285714285714285
C100_FRG,43,coronacases_009,coronacases_009,3,0.65,2541,8,2,1,2540,0,0.125
C100_FRG,43,coronacases_010,coronacases_010,1,0.65,6444,6,0,0,6444,0,0.0
C100_FRG,43,radiopaedia_10_85902_1,radiopaedia_case_10,1,0.65,3582,2,0,0,3582,0,0.0
C100_FRG,43,radiopaedia_10_85902_3,radiopaedia_case_10,1,0.65,8415,2,1,1,8414,0,0.5
C100_FRG,43,radiopaedia_29_86490_1,radiopaedia_case_29,0,0.65,5279,2,0,0,5279,0,0.0
C100_FRG,43,radiopaedia_29_86491_1,radiopaedia_case_29,0,0.65,8295,3,0,0,8295,0,0.0
C100_FRG,43,radiopaedia_36_86526_0,radiopaedia_case_36,2,0.65,2244,31,0,2,2242,0,0.06451612903225806
C100_FRG,43,radiopaedia_40_86625_0,radiopaedia_case_40,3,0.65,4231,9,1,1,4230,0,0.1111111111111111
C100_FRG,43,radiopaedia_4_85506_1,radiopaedia_case_4,1,0.65,4955,29,0,0,4955,0,0.0
C100_FRG,43,radiopaedia_7_85703_0,radiopaedia_case_7,2,0.65,4349,4,0,0,4349,0,0.0
C100_FRG,43,coronacases_001,coronacases_001,3,0.7,2329,44,10,10,2317,2,0.22727272727272727
C100_FRG,43,coronacases_002,coronacases_002,0,0.7,6019,26,0,1,6018,0,0.038461538461538464
C100_FRG,43,coronacases_003,coronacases_003,3,0.7,1660,36,5,6,1654,0,0.16666666666666666
C100_FRG,43,coronacases_005,coronacases_005,0,0.7,3453,2,1,0,3453,0,0.0
C100_FRG,43,coronacases_006,coronacases_006,2,0.7,3613,1,0,0,3613,0,0.0
C100_FRG,43,coronacases_007,coronacases_007,2,0.7,2638,7,0,1,2637,0,0.14285714285714285
C100_FRG,43,coronacases_009,coronacases_009,3,0.7,2531,8,2,1,2530,0,0.125
C100_FRG,43,coronacases_010,coronacases_010,1,0.7,7980,6,0,0,7980,0,0.0
C100_FRG,43,radiopaedia_10_85902_1,radiopaedia_case_10,1,0.7,3898,2,0,1,3897,0,0.5
C100_FRG,43,radiopaedia_10_85902_3,radiopaedia_case_10,1,0.7,9784,2,1,1,9783,0,0.5
C100_FRG,43,radiopaedia_29_86490_1,radiopaedia_case_29,0,0.7,5020,2,0,0,5020,0,0.0
C100_FRG,43,radiopaedia_29_86491_1,radiopaedia_case_29,0,0.7,8116,3,0,0,8116,0,0.0
C100_FRG,43,radiopaedia_36_86526_0,radiopaedia_case_36,2,0.7,2324,31,0,2,2322,0,0.06451612903225806
C100_FRG,43,radiopaedia_40_86625_0,radiopaedia_case_40,3,0.7,4106,9,1,1,4105,0,0.1111111111111111
C100_FRG,43,radiopaedia_4_85506_1,radiopaedia_case_4,1,0.7,5664,29,0,1,5663,0,0.034482758620689655
C100_FRG,43,radiopaedia_7_85703_0,radiopaedia_case_7,2,0.7,4333,4,0,0,4333,0,0.0
C100_FRG,43,coronacases_001,coronacases_001,3,0.75,2177,44,10,11,2164,2,0.25
C100_FRG,43,coronacases_002,coronacases_002,0,0.75,5827,26,0,1,5826,0,0.038461538461538464
C100_FRG,43,coronacases_003,coronacases_003,3,0.75,1584,36,5,6,1578,0,0.16666666666666666
C100_FRG,43,coronacases_005,coronacases_005,0,0.75,3390,2,1,0,3390,0,0.0
C100_FRG,43,coronacases_006,coronacases_006,2,0.75,3601,1,0,0,3601,0,0.0
C100_FRG,43,coronacases_007,coronacases_007,2,0.75,2581,7,0,1,2580,0,0.14285714285714285
C100_FRG,43,coronacases_009,coronacases_009,3,0.75,2378,8,2,1,2377,0,0.125
C100_FRG,43,coronacases_010,coronacases_010,1,0.75,9774,6,0,1,9773,0,0.16666666666666666
C100_FRG,43,radiopaedia_10_85902_1,radiopaedia_case_10,1,0.75,4286,2,0,1,4285,0,0.5
C100_FRG,43,radiopaedia_10_85902_3,radiopaedia_case_10,1,0.75,11745,2,1,1,11744,0,0.5
C100_FRG,43,radiopaedia_29_86490_1,radiopaedia_case_29,0,0.75,4712,2,0,0,4712,0,0.0
C100_FRG,43,radiopaedia_29_86491_1,radiopaedia_case_29,0,0.75,7766,3,0,0,7766,0,0.0
C100_FRG,43,radiopaedia_36_86526_0,radiopaedia_case_36,2,0.75,2457,31,0,3,2454,0,0.0967741935483871
C100_FRG,43,radiopaedia_40_86625_0,radiopaedia_case_40,3,0.75,3918,9,1,1,3917,0,0.1111111111111111
C100_FRG,43,radiopaedia_4_85506_1,radiopaedia_case_4,1,0.75,6656,29,0,1,6655,0,0.034482758620689655
C100_FRG,43,radiopaedia_7_85703_0,radiopaedia_case_7,2,0.75,4273,4,0,0,4273,0,0.0
C100_FRG,43,coronacases_001,coronacases_001,3,0.8,1993,44,10,11,1981,1,0.25
C100_FRG,43,coronacases_002,coronacases_002,0,0.8,5718,26,0,1,5717,0,0.038461538461538464
C100_FRG,43,coronacases_003,coronacases_003,3,0.8,1485,36,5,7,1478,0,0.19444444444444445
C100_FRG,43,coronacases_005,coronacases_005,0,0.8,3383,2,1,0,3383,0,0.0
C100_FRG,43,coronacases_006,coronacases_006,2,0.8,3662,1,0,0,3662,0,0.0
C100_FRG,43,coronacases_007,coronacases_007,2,0.8,2566,7,0,1,2565,0,0.14285714285714285
C100_FRG,43,coronacases_009,coronacases_009,3,0.8,2084,8,2,2,2082,0,0.25
C100_FRG,43,coronacases_010,coronacases_010,1,0.8,12038,6,0,1,12037,0,0.16666666666666666
C100_FRG,43,radiopaedia_10_85902_1,radiopaedia_case_10,1,0.8,4802,2,0,1,4801,0,0.5
C100_FRG,43,radiopaedia_10_85902_3,radiopaedia_case_10,1,0.8,14240,2,1,1,14239,0,0.5
C100_FRG,43,radiopaedia_29_86490_1,radiopaedia_case_29,0,0.8,4466,2,0,0,4466,0,0.0
C100_FRG,43,radiopaedia_29_86491_1,radiopaedia_case_29,0,0.8,7427,3,0,0,7427,0,0.0
C100_FRG,43,radiopaedia_36_86526_0,radiopaedia_case_36,2,0.8,2563,31,0,4,2559,0,0.12903225806451613
C100_FRG,43,radiopaedia_40_86625_0,radiopaedia_case_40,3,0.8,3883,9,1,1,3882,0,0.1111111111111111
C100_FRG,43,radiopaedia_4_85506_1,radiopaedia_case_4,1,0.8,8164,29,0,1,8163,0,0.034482758620689655
C100_FRG,43,radiopaedia_7_85703_0,radiopaedia_case_7,2,0.8,4270,4,0,1,4269,0,0.25
C100_FRG,43,coronacases_001,coronacases_001,3,0.85,1813,44,10,12,1800,1,0.2727272727272727
C100_FRG,43,coronacases_002,coronacases_002,0,0.85,5688,26,0,1,5687,0,0.038461538461538464
C100_FRG,43,coronacases_003,coronacases_003,3,0.85,1461,36,5,6,1455,0,0.16666666666666666
C100_FRG,43,coronacases_005,coronacases_005,0,0.85,3463,2,1,0,3463,0,0.0
C100_FRG,43,coronacases_006,coronacases_006,2,0.85,3788,1,0,0,3788,0,0.0
C100_FRG,43,coronacases_007,coronacases_007,2,0.85,2623,7,0,1,2622,0,0.14285714285714285
C100_FRG,43,coronacases_009,coronacases_009,3,0.85,1788,8,2,2,1786,0,0.25
C100_FRG,43,coronacases_010,coronacases_010,1,0.85,14853,6,0,2,14851,0,0.3333333333333333
C100_FRG,43,radiopaedia_10_85902_1,radiopaedia_case_10,1,0.85,5593,2,0,1,5592,0,0.5
C100_FRG,43,radiopaedia_10_85902_3,radiopaedia_case_10,1,0.85,17989,2,1,1,17988,0,0.5
C100_FRG,43,radiopaedia_29_86490_1,radiopaedia_case_29,0,0.85,4169,2,0,0,4169,0,0.0
C100_FRG,43,radiopaedia_29_86491_1,radiopaedia_case_29,0,0.85,7061,3,0,0,7061,0,0.0
C100_FRG,43,radiopaedia_36_86526_0,radiopaedia_case_36,2,0.85,2756,31,0,4,2752,0,0.12903225806451613
C100_FRG,43,radiopaedia_40_86625_0,radiopaedia_case_40,3,0.85,3780,9,1,1,3779,0,0.1111111111111111
C100_FRG,43,radiopaedia_4_85506_1,radiopaedia_case_4,1,0.85,10753,29,0,2,10751,0,0.06896551724137931
C100_FRG,43,radiopaedia_7_85703_0,radiopaedia_case_7,2,0.85,4378,4,0,1,4377,0,0.25
C100_FRG,43,coronacases_001,coronacases_001,3,0.9,1658,44,10,14,1642,2,0.3181818181818182
C100_FRG,43,coronacases_002,coronacases_002,0,0.9,5675,26,0,1,5674,0,0.038461538461538464
C100_FRG,43,coronacases_003,coronacases_003,3,0.9,1770,36,5,7,1763,0,0.19444444444444445
C100_FRG,43,coronacases_005,coronacases_005,0,0.9,3517,2,1,0,3517,0,0.0
C100_FRG,43,coronacases_006,coronacases_006,2,0.9,4008,1,0,0,4008,0,0.0
C100_FRG,43,coronacases_007,coronacases_007,2,0.9,2739,7,0,0,2739,0,0.0
C100_FRG,43,coronacases_009,coronacases_009,3,0.9,1585,8,2,2,1583,0,0.25
C100_FRG,43,coronacases_010,coronacases_010,1,0.9,18115,6,0,2,18113,0,0.3333333333333333
C100_FRG,43,radiopaedia_10_85902_1,radiopaedia_case_10,1,0.9,6833,2,0,1,6832,0,0.5
C100_FRG,43,radiopaedia_10_85902_3,radiopaedia_case_10,1,0.9,23894,2,1,1,23893,0,0.5
C100_FRG,43,radiopaedia_29_86490_1,radiopaedia_case_29,0,0.9,3905,2,0,0,3905,0,0.0
C100_FRG,43,radiopaedia_29_86491_1,radiopaedia_case_29,0,0.9,6574,3,0,0,6574,0,0.0
C100_FRG,43,radiopaedia_36_86526_0,radiopaedia_case_36,2,0.9,2864,31,0,4,2860,0,0.12903225806451613
C100_FRG,43,radiopaedia_40_86625_0,radiopaedia_case_40,3,0.9,3569,9,1,1,3568,0,0.1111111111111111
C100_FRG,43,radiopaedia_4_85506_1,radiopaedia_case_4,1,0.9,15734,29,0,2,15732,0,0.06896551724137931
C100_FRG,43,radiopaedia_7_85703_0,radiopaedia_case_7,2,0.9,4350,4,0,1,4349,0,0.25
C100_FRG,43,coronacases_001,coronacases_001,3,0.95,1724,44,10,16,1706,2,0.36363636363636365
C100_FRG,43,coronacases_002,coronacases_002,0,0.95,5628,26,0,3,5625,0,0.11538461538461539
C100_FRG,43,coronacases_003,coronacases_003,3,0.95,2860,36,5,10,2850,0,0.2777777777777778
C100_FRG,43,coronacases_005,coronacases_005,0,0.95,3550,2,1,0,3550,0,0.0
C100_FRG,43,coronacases_006,coronacases_006,2,0.95,4807,1,0,0,4807,0,0.0
C100_FRG,43,coronacases_007,coronacases_007,2,0.95,3167,7,0,0,3167,0,0.0
C100_FRG,43,coronacases_009,coronacases_009,3,0.95,1460,8,2,2,1458,0,0.25
C100_FRG,43,coronacases_010,coronacases_010,1,0.95,20891,6,0,2,20889,0,0.3333333333333333
C100_FRG,43,radiopaedia_10_85902_1,radiopaedia_case_10,1,0.95,10941,2,0,1,10940,0,0.5
C100_FRG,43,radiopaedia_10_85902_3,radiopaedia_case_10,1,0.95,34777,2,1,1,34776,0,0.5
C100_FRG,43,radiopaedia_29_86490_1,radiopaedia_case_29,0,0.95,3905,2,0,0,3905,0,0.0
C100_FRG,43,radiopaedia_29_86491_1,radiopaedia_case_29,0,0.95,6230,3,0,0,6230,0,0.0
C100_FRG,43,radiopaedia_36_86526_0,radiopaedia_case_36,2,0.95,2922,31,0,4,2918,0,0.12903225806451613
C100_FRG,43,radiopaedia_40_86625_0,radiopaedia_case_40,3,0.95,3647,9,1,1,3646,0,0.1111111111111111
C100_FRG,43,radiopaedia_4_85506_1,radiopaedia_case_4,1,0.95,27376,29,0,2,27374,0,0.06896551724137931
C100_FRG,43,radiopaedia_7_85703_0,radiopaedia_case_7,2,0.95,4646,4,0,1,4645,0,0.25
C100_FRG,43,coronacases_001,coronacases_001,3,0.975,2097,44,10,16,2080,1,0.36363636363636365
C100_FRG,43,coronacases_002,coronacases_002,0,0.975,5651,26,0,4,5647,0,0.15384615384615385
C100_FRG,43,coronacases_003,coronacases_003,3,0.975,4108,36,5,13,4094,1,0.3611111111111111
C100_FRG,43,coronacases_005,coronacases_005,0,0.975,3445,2,1,0,3445,0,0.0
C100_FRG,43,coronacases_006,coronacases_006,2,0.975,6546,1,0,0,6546,0,0.0
C100_FRG,43,coronacases_007,coronacases_007,2,0.975,4113,7,0,0,4113,0,0.0
C100_FRG,43,coronacases_009,coronacases_009,3,0.975,1533,8,2,2,1531,0,0.25
C100_FRG,43,coronacases_010,coronacases_010,1,0.975,20635,6,0,2,20633,0,0.3333333333333333
C100_FRG,43,radiopaedia_10_85902_1,radiopaedia_case_10,1,0.975,17448,2,0,1,17447,0,0.5
C100_FRG,43,radiopaedia_10_85902_3,radiopaedia_case_10,1,0.975,44701,2,1,1,44700,0,0.5
C100_FRG,43,radiopaedia_29_86490_1,radiopaedia_case_29,0,0.975,3711,2,0,0,3711,0,0.0
C100_FRG,43,radiopaedia_29_86491_1,radiopaedia_case_29,0,0.975,5990,3,0,0,5990,0,0.0
C100_FRG,43,radiopaedia_36_86526_0,radiopaedia_case_36,2,0.975,3180,31,0,5,3175,0,0.16129032258064516
C100_FRG,43,radiopaedia_40_86625_0,radiopaedia_case_40,3,0.975,4121,9,1,1,4120,0,0.1111111111111111
C100_FRG,43,radiopaedia_4_85506_1,radiopaedia_case_4,1,0.975,38619,29,0,6,38613,0,0.20689655172413793
C100_FRG,43,radiopaedia_7_85703_0,radiopaedia_case_7,2,0.975,5334,4,0,1,5333,0,0.25
C100_FRG,43,coronacases_001,coronacases_001,3,0.99,2758,44,10,17,2740,1,0.38636363636363635
C100_FRG,43,coronacases_002,coronacases_002,0,0.99,5508,26,0,10,5498,0,0.38461538461538464
C100_FRG,43,coronacases_003,coronacases_003,3,0.99,5242,36,5,12,5229,1,0.3333333333333333
C100_FRG,43,coronacases_005,coronacases_005,0,0.99,3240,2,1,0,3240,0,0.0
C100_FRG,43,coronacases_006,coronacases_006,2,0.99,11757,1,0,0,11757,0,0.0
C100_FRG,43,coronacases_007,coronacases_007,2,0.99,7374,7,0,0,7374,0,0.0
C100_FRG,43,coronacases_009,coronacases_009,3,0.99,1897,8,2,1,1896,0,0.125
C100_FRG,43,coronacases_010,coronacases_010,1,0.99,16782,6,0,3,16779,0,0.5
C100_FRG,43,radiopaedia_10_85902_1,radiopaedia_case_10,1,0.99,28313,2,0,1,28312,0,0.5
C100_FRG,43,radiopaedia_10_85902_3,radiopaedia_case_10,1,0.99,55386,2,1,1,55385,0,0.5
C100_FRG,43,radiopaedia_29_86490_1,radiopaedia_case_29,0,0.99,3668,2,0,0,3668,0,0.0
C100_FRG,43,radiopaedia_29_86491_1,radiopaedia_case_29,0,0.99,5464,3,0,0,5464,0,0.0
C100_FRG,43,radiopaedia_36_86526_0,radiopaedia_case_36,2,0.99,3582,31,0,7,3575,0,0.22580645161290322
C100_FRG,43,radiopaedia_40_86625_0,radiopaedia_case_40,3,0.99,5235,9,1,1,5234,0,0.1111111111111111
C100_FRG,43,radiopaedia_4_85506_1,radiopaedia_case_4,1,0.99,49283,29,0,7,49276,0,0.2413793103448276
C100_FRG,43,radiopaedia_7_85703_0,radiopaedia_case_7,2,0.99,7738,4,0,1,7737,0,0.25
C100_FRG,43,coronacases_001,coronacases_001,3,0.995,3369,44,10,16,3352,1,0.36363636363636365
C100_FRG,43,coronacases_002,coronacases_002,0,0.995,5230,26,0,14,5216,0,0.5384615384615384
C100_FRG,43,coronacases_003,coronacases_003,3,0.995,5343,36,5,13,5329,1,0.3611111111111111
C100_FRG,43,coronacases_005,coronacases_005,0,0.995,3126,2,1,1,3125,0,0.5
C100_FRG,43,coronacases_006,coronacases_006,2,0.995,18219,1,0,0,18219,0,0.0
C100_FRG,43,coronacases_007,coronacases_007,2,0.995,10335,7,0,2,10333,0,0.2857142857142857
C100_FRG,43,coronacases_009,coronacases_009,3,0.995,2170,8,2,2,2168,0,0.25
C100_FRG,43,coronacases_010,coronacases_010,1,0.995,13095,6,0,3,13092,0,0.5
C100_FRG,43,radiopaedia_10_85902_1,radiopaedia_case_10,1,0.995,35668,2,0,1,35667,0,0.5
C100_FRG,43,radiopaedia_10_85902_3,radiopaedia_case_10,1,0.995,60081,2,1,1,60080,0,0.5
C100_FRG,43,radiopaedia_29_86490_1,radiopaedia_case_29,0,0.995,3493,2,0,0,3493,0,0.0
C100_FRG,43,radiopaedia_29_86491_1,radiopaedia_case_29,0,0.995,5142,3,0,2,5140,0,0.6666666666666666
C100_FRG,43,radiopaedia_36_86526_0,radiopaedia_case_36,2,0.995,4128,31,0,11,4117,0,0.3548387096774194
C100_FRG,43,radiopaedia_40_86625_0,radiopaedia_case_40,3,0.995,6397,9,1,1,6396,0,0.1111111111111111
C100_FRG,43,radiopaedia_4_85506_1,radiopaedia_case_4,1,0.995,52398,29,0,10,52388,0,0.3448275862068966
C100_FRG,43,radiopaedia_7_85703_0,radiopaedia_case_7,2,0.995,11715,4,0,1,11714,0,0.25
C100_FRG,43,coronacases_001,coronacases_001,3,1.000001,0,44,10,0,0,0,0.0
C100_FRG,43,coronacases_002,coronacases_002,0,1.000001,0,26,0,0,0,0,0.0
C100_FRG,43,coronacases_003,coronacases_003,3,1.000001,0,36,5,0,0,0,0.0
C100_FRG,43,coronacases_005,coronacases_005,0,1.000001,0,2,1,0,0,0,0.0
C100_FRG,43,coronacases_006,coronacases_006,2,1.000001,0,1,0,0,0,0,0.0
C100_FRG,43,coronacases_007,coronacases_007,2,1.000001,0,7,0,0,0,0,0.0
C100_FRG,43,coronacases_009,coronacases_009,3,1.000001,0,8,2,0,0,0,0.0
C100_FRG,43,coronacases_010,coronacases_010,1,1.000001,0,6,0,0,0,0,0.0
C100_FRG,43,radiopaedia_10_85902_1,radiopaedia_case_10,1,1.000001,0,2,0,0,0,0,0.0
C100_FRG,43,radiopaedia_10_85902_3,radiopaedia_case_10,1,1.000001,0,2,1,0,0,0,0.0
C100_FRG,43,radiopaedia_29_86490_1,radiopaedia_case_29,0,1.000001,0,2,0,0,0,0,0.0
C100_FRG,43,radiopaedia_29_86491_1,radiopaedia_case_29,0,1.000001,0,3,0,0,0,0,0.0
C100_FRG,43,radiopaedia_36_86526_0,radiopaedia_case_36,2,1.000001,0,31,0,0,0,0,0.0
C100_FRG,43,radiopaedia_40_86625_0,radiopaedia_case_40,3,1.000001,0,9,1,0,0,0,0.0
C100_FRG,43,radiopaedia_4_85506_1,radiopaedia_case_4,1,1.000001,0,29,0,0,0,0,0.0
C100_FRG,43,radiopaedia_7_85703_0,radiopaedia_case_7,2,1.000001,0,4,0,0,0,0,0.0
