batch_id,run_id,condition,outer_fold,seed,initialization_seed,shared_initialization_sha256,paired_plan_sha256,epoch,epoch_1based,logical_microbatches,successful_optimizer_steps_total,mean_loss,mean_partial_bce,mean_partial_dice_fp32,labelled_voxels_seen,foreground_voxels_seen,zero_label_microbatches,foreground_centered,background_centered,uniform_crop,amp_overflow_events,amp_retry_attempts,amp_scale_min,amp_scale_max,amp_scale_end,mean_preclip_grad_norm,max_preclip_grad_norm,learning_rate_end,epoch_seconds,peak_allocated_gb,peak_reserved_gb
fold1_seed29,cova3d_c50_coh_fold1_seed29,C50_COH,1,29,1864415079,fbdb93fe8c701f7ef1a0c86eb54c7e20f6afcb3334eec45d058209ef57dc5a05,6642a4475ebd4023eeb60bbad3d69fd90f9fd3dd7326c61d31b7e9f242a756ef,0,1,120,60,2.389012935757637,1.970690316831072,0.4183226133386294,7893,4076,3,58,30,32,2,2,1024.0,4096.0,1024.0,79.54921385447184,257.5140075683594,0.00017999999999999998,28.84855565200087,1.3336772918701172,1.361328125
fold1_seed29,cova3d_c50_coh_fold1_seed29,C50_COH,1,29,1864415079,fbdb93fe8c701f7ef1a0c86eb54c7e20f6afcb3334eec45d058209ef57dc5a05,6642a4475ebd4023eeb60bbad3d69fd90f9fd3dd7326c61d31b7e9f242a756ef,1,2,120,120,1.002758387522772,0.6666403956711292,0.3361179937918981,7662,3841,0,58,25,37,0,0,1024.0,1024.0,1024.0,24.426673718293507,102.9253921508789,0.0002999445918673937,26.077931135001563,1.3336772918701172,1.361328125
fold1_seed29,cova3d_c50_coh_fold1_seed29,C50_COH,1,29,1864415079,fbdb93fe8c701f7ef1a0c86eb54c7e20f6afcb3334eec45d058209ef57dc5a05,6642a4475ebd4023eeb60bbad3d69fd90f9fd3dd7326c61d31b7e9f242a756ef,2,3,120,180,0.6525894641022508,0.39301371383480727,0.2595757499337196,8302,4182,1,62,30,28,0,0,1024.0,1024.0,1024.0,8.990728155771892,26.423683166503906,0.0002991142965839822,25.85677285699967,1.3336772918701172,1.361328125
fold1_seed29,cova3d_c50_coh_fold1_seed29,C50_COH,1,29,1864415079,fbdb93fe8c701f7ef1a0c86eb54c7e20f6afcb3334eec45d058209ef57dc5a05,6642a4475ebd4023eeb60bbad3d69fd90f9fd3dd7326c61d31b7e9f242a756ef,3,4,120,240,0.4480120337762249,0.28274098014226184,0.16527105470498402,8438,4568,0,68,30,22,0,0,1024.0,1024.0,1024.0,7.329238732655843,19.79522705078125,0.0002972930965702204,26.498166373999993,1.3336772918701172,1.361328125
fold1_seed29,cova3d_c50_coh_fold1_seed29,C50_COH,1,29,1864415079,fbdb93fe8c701f7ef1a0c86eb54c7e20f6afcb3334eec45d058209ef57dc5a05,6642a4475ebd4023eeb60bbad3d69fd90f9fd3dd7326c61d31b7e9f242a756ef,4,5,120,300,0.40875166168843863,0.22732710274188625,0.18142455865939458,8171,4259,1,61,29,30,0,0,1024.0,1024.0,1024.0,6.195638579130173,19.20868492126465,0.0002944932171711482,26.257819422000466,1.3336772918701172,1.361328125
fold1_seed29,cova3d_c50_coh_fold1_seed29,C50_COH,1,29,1864415079,fbdb93fe8c701f7ef1a0c86eb54c7e20f6afcb3334eec45d058209ef57dc5a05,6642a4475ebd4023eeb60bbad3d69fd90f9fd3dd7326c61d31b7e9f242a756ef,5,6,120,360,0.41467121444366056,0.2196797058362184,0.19499150862296422,8325,4438,0,57,32,31,0,0,1024.0,1024.0,1024.0,6.40390171011289,20.92280387878418,0.000290733453407337,26.030098612000074,1.3336772918701172,1.361328125
fold1_seed29,cova3d_c50_coh_fold1_seed29,C50_COH,1,29,1864415079,fbdb93fe8c701f7ef1a0c86eb54c7e20f6afcb3334eec45d058209ef57dc5a05,6642a4475ebd4023eeb60bbad3d69fd90f9fd3dd7326c61d31b7e9f242a756ef,6,7,120,420,0.41382372002505385,0.19453058668683904,0.21929313540458678,8062,4038,1,48,38,34,0,0,1024.0,1024.0,1024.0,6.099978427092235,32.098541259765625,0.0002860390438077423,26.110523623001427,1.3336772918701172,1.361328125
fold1_seed29,cova3d_c50_coh_fold1_seed29,C50_COH,1,29,1864415079,fbdb93fe8c701f7ef1a0c86eb54c7e20f6afcb3334eec45d058209ef57dc5a05,6642a4475ebd4023eeb60bbad3d69fd90f9fd3dd7326c61d31b7e9f242a756ef,7,8,120,480,0.324598366489469,0.13614105330658882,0.1884573151667913,8077,4173,0,66,25,29,0,0,1024.0,1024.0,1024.0,4.867512752115727,15.529916763305664,0.00028044150098859483,26.14777039100045,1.3336772918701172,1.361328125
fold1_seed29,cova3d_c50_coh_fold1_seed29,C50_COH,1,29,1864415079,fbdb93fe8c701f7ef1a0c86eb54c7e20f6afcb3334eec45d058209ef57dc5a05,6642a4475ebd4023eeb60bbad3d69fd90f9fd3dd7326c61d31b7e9f242a756ef,8,9,120,540,0.31258035033821824,0.14519868496399796,0.16738166511058808,8122,4101,1,64,34,22,0,0,1024.0,1024.0,1024.0,5.63838624805212,17.42731475830078,0.0002739784001156218,26.089780080999844,1.3336772918701172,1.361328125
fold1_seed29,cova3d_c50_coh_fold1_seed29,C50_COH,1,29,1864415079,fbdb93fe8c701f7ef1a0c86eb54c7e20f6afcb3334eec45d058209ef57dc5a05,6642a4475ebd4023eeb60bbad3d69fd90f9fd3dd7326c61d31b7e9f242a756ef,9,10,120,600,0.2997814603988066,0.13536518153404511,0.16441627939542133,8183,4291,0,54,40,26,0,0,1024.0,1024.0,1024.0,5.224016932646434,33.07327651977539,0.0002666931266696063,26.052455492999798,1.3336772918701172,1.361328125
fold1_seed29,cova3d_c50_coh_fold1_seed29,C50_COH,1,29,1864415079,fbdb93fe8c701f7ef1a0c86eb54c7e20f6afcb3334eec45d058209ef57dc5a05,6642a4475ebd4023eeb60bbad3d69fd90f9fd3dd7326c61d31b7e9f242a756ef,10,11,120,660,0.2211030561570908,0.1012870819569173,0.11981597493092219,8513,4499,1,75,24,21,0,0,1024.0,1024.0,1024.0,4.444394822542866,33.04670715332031,0.0002586345852084849,26.101090714999373,1.3336772918701172,1.361328125
fold1_seed29,cova3d_c50_coh_fold1_seed29,C50_COH,1,29,1864415079,fbdb93fe8c701f7ef1a0c86eb54c7e20f6afcb3334eec45d058209ef57dc5a05,6642a4475ebd4023eeb60bbad3d69fd90f9fd3dd7326c61d31b7e9f242a756ef,11,12,120,720,0.2135588588759371,0.08516887722689717,0.12838998089234036,8193,4040,1,59,37,24,0,0,1024.0,1024.0,1024.0,4.769465637703736,17.839033126831055,0.0002498568710810032,26.00699256000007,1.3336772918701172,1.361328125
fold1_seed29,cova3d_c50_coh_fold1_seed29,C50_COH,1,29,1864415079,fbdb93fe8c701f7ef1a0c86eb54c7e20f6afcb3334eec45d058209ef57dc5a05,6642a4475ebd4023eeb60bbad3d69fd90f9fd3dd7326c61d31b7e9f242a756ef,12,13,120,780,0.1578161015475731,0.06641062821287823,0.0914054736495018,8213,4327,3,64,25,31,0,0,1024.0,1024.0,1024.0,3.1960440409680206,9.777850151062012,0.0002404189072956492,25.82356264700138,1.3336772918701172,1.361328125
fold1_seed29,cova3d_c50_coh_fold1_seed29,C50_COH,1,29,1864415079,fbdb93fe8c701f7ef1a0c86eb54c7e20f6afcb3334eec45d058209ef57dc5a05,6642a4475ebd4023eeb60bbad3d69fd90f9fd3dd7326c61d31b7e9f242a756ef,13,14,120,840,0.16267806742617286,0.06110956084109773,0.10156850665807723,8207,4265,4,59,31,30,0,0,1024.0,1024.0,1024.0,3.303449567888553,19.113548278808594,0.00023038404898248976,25.841139006000958,1.3336772918701172,1.361328125
fold1_seed29,cova3d_c50_coh_fold1_seed29,C50_COH,1,29,1864415079,fbdb93fe8c701f7ef1a0c86eb54c7e20f6afcb3334eec45d058209ef57dc5a05,6642a4475ebd4023eeb60bbad3d69fd90f9fd3dd7326c61d31b7e9f242a756ef,14,15,120,900,0.2267164785977928,0.08751003803763689,0.13920643975337346,8061,4162,0,61,36,23,0,0,1024.0,1024.0,1024.0,4.585908492282033,26.020673751831055,0.00021981965810307605,25.977689469000325,1.3336772918701172,1.361328125
fold1_seed29,cova3d_c50_coh_fold1_seed29,C50_COH,1,29,1864415079,fbdb93fe8c701f7ef1a0c86eb54c7e20f6afcb3334eec45d058209ef57dc5a05,6642a4475ebd4023eeb60bbad3d69fd90f9fd3dd7326c61d31b7e9f242a756ef,15,16,120,960,0.1353852802814089,0.04940182195819496,0.08598345865805944,8276,4364,2,71,21,28,0,0,1024.0,1024.0,1024.0,3.6442964696635802,16.742645263671875,0.00020879665126330557,25.886548787999345,1.3336772918701172,1.361328125
fold1_seed29,cova3d_c50_coh_fold1_seed29,C50_COH,1,29,1864415079,fbdb93fe8c701f7ef1a0c86eb54c7e20f6afcb3334eec45d058209ef57dc5a05,6642a4475ebd4023eeb60bbad3d69fd90f9fd3dd7326c61d31b7e9f242a756ef,16,17,120,1020,0.15671364194800858,0.04490892888257818,0.11180471231540044,8277,4274,0,66,29,25,0,0,1024.0,1024.0,1024.0,3.1329826614664245,14.230561256408691,0.00019738902366467966,25.857140317000813,1.3336772918701172,1.361328125
fold1_seed29,cova3d_c50_coh_fold1_seed29,C50_COH,1,29,1864415079,fbdb93fe8c701f7ef1a0c86eb54c7e20f6afcb3334eec45d058209ef57dc5a05,6642a4475ebd4023eeb60bbad3d69fd90f9fd3dd7326c61d31b7e9f242a756ef,17,18,120,1080,0.17104874989415275,0.04100353917618342,0.1300452118118604,8505,4426,0,62,23,35,0,0,1024.0,1024.0,1024.0,3.0800736868133147,23.594234466552734,0.00018567335238957547,25.878680101999635,1.3336772918701172,1.361328125
fold1_seed29,cova3d_c50_coh_fold1_seed29,C50_COH,1,29,1864415079,fbdb93fe8c701f7ef1a0c86eb54c7e20f6afcb3334eec45d058209ef57dc5a05,6642a4475ebd4023eeb60bbad3d69fd90f9fd3dd7326c61d31b7e9f242a756ef,18,19,120,1140,0.14850229121142078,0.044348412171592064,0.10415387849013011,8233,4357,3,61,26,33,0,0,1024.0,1024.0,1024.0,3.853784064265589,30.549285888671875,0.0001737282823548769,25.886364899999535,1.3336772918701172,1.361328125
fold1_seed29,cova3d_c50_coh_fold1_seed29,C50_COH,1,29,1864415079,fbdb93fe8c701f7ef1a0c86eb54c7e20f6afcb3334eec45d058209ef57dc5a05,6642a4475ebd4023eeb60bbad3d69fd90f9fd3dd7326c61d31b7e9f242a756ef,19,20,120,1200,0.15843668887998016,0.05762318533556936,0.10081350157658259,7854,3916,0,58,38,24,0,0,1024.0,1024.0,1024.0,4.956407746300101,61.02800750732422,0.00016163399838465363,25.861724059001062,1.3336772918701172,1.361328125
fold1_seed29,cova3d_c50_coh_fold1_seed29,C50_COH,1,29,1864415079,fbdb93fe8c701f7ef1a0c86eb54c7e20f6afcb3334eec45d058209ef57dc5a05,6642a4475ebd4023eeb60bbad3d69fd90f9fd3dd7326c61d31b7e9f242a756ef,20,21,120,1260,0.1563317323699257,0.028990658146736358,0.12734107474486034,7710,3956,0,64,30,26,0,0,1024.0,1024.0,1024.0,2.567333218486359,23.262943267822266,0.00014947168694575625,25.819783572000233,1.3336772918701172,1.361328125
fold1_seed29,cova3d_c50_coh_fold1_seed29,C50_COH,1,29,1864415079,fbdb93fe8c701f7ef1a0c86eb54c7e20f6afcb3334eec45d058209ef57dc5a05,6642a4475ebd4023eeb60bbad3d69fd90f9fd3dd7326c61d31b7e9f242a756ef,21,22,120,1320,0.09987617560309445,0.017519411595990183,0.0823567638794581,8259,4169,1,63,29,28,0,0,1024.0,1024.0,1024.0,1.6951515143116316,13.048665046691895,0.0001373229911595876,25.686161064999396,1.3336772918701172,1.361328125
fold1_seed29,cova3d_c50_coh_fold1_seed29,C50_COH,1,29,1864415079,fbdb93fe8c701f7ef1a0c86eb54c7e20f6afcb3334eec45d058209ef57dc5a05,6642a4475ebd4023eeb60bbad3d69fd90f9fd3dd7326c61d31b7e9f242a756ef,22,23,120,1380,0.1272176257341817,0.018964901316224362,0.10825272450844446,8141,4119,0,66,31,23,0,0,1024.0,1024.0,1024.0,1.643958934675902,8.183721542358398,0.00012526946274844474,25.683384820000356,1.3336772918701172,1.361328125
fold1_seed29,cova3d_c50_coh_fold1_seed29,C50_COH,1,29,1864415079,fbdb93fe8c701f7ef1a0c86eb54c7e20f6afcb3334eec45d058209ef57dc5a05,6642a4475ebd4023eeb60bbad3d69fd90f9fd3dd7326c61d31b7e9f242a756ef,23,24,120,1440,0.1877486711610026,0.018232683974290176,0.16951598872741064,8302,4195,0,50,37,33,0,0,1024.0,1024.0,1024.0,2.6671173914646107,44.23463439941406,0.00011339201459540494,25.75585082299949,1.3336772918701172,1.361328125
fold1_seed29,cova3d_c50_coh_fold1_seed29,C50_COH,1,29,1864415079,fbdb93fe8c701f7ef1a0c86eb54c7e20f6afcb3334eec45d058209ef57dc5a05,6642a4475ebd4023eeb60bbad3d69fd90f9fd3dd7326c61d31b7e9f242a756ef,24,25,120,1500,0.09820230211434099,0.032009496879972704,0.06619280477364858,8164,4057,2,61,23,36,0,0,1024.0,1024.0,1024.0,2.7262233698119718,20.337142944335938,0.00010177037759260854,25.805726493999828,1.3336772918701172,1.361328125
fold1_seed29,cova3d_c50_coh_fold1_seed29,C50_COH,1,29,1864415079,fbdb93fe8c701f7ef1a0c86eb54c7e20f6afcb3334eec45d058209ef57dc5a05,6642a4475ebd4023eeb60bbad3d69fd90f9fd3dd7326c61d31b7e9f242a756ef,25,26,120,1560,0.21890711856516798,0.041039170363282786,0.17786794950564702,8153,4061,2,55,28,37,0,0,1024.0,1024.0,1024.0,5.628474960848689,67.63875579833984,9.048256542400759e-05,25.804061621000074,1.3336772918701172,1.361328125
fold1_seed29,cova3d_c50_coh_fold1_seed29,C50_COH,1,29,1864415079,fbdb93fe8c701f7ef1a0c86eb54c7e20f6afcb3334eec45d058209ef57dc5a05,6642a4475ebd4023eeb60bbad3d69fd90f9fd3dd7326c61d31b7e9f242a756ef,26,27,120,1620,0.08676168405428772,0.01910209526268667,0.0676595891515414,8166,4183,1,59,37,24,0,0,1024.0,1024.0,1024.0,1.6610499353148043,10.317858695983887,7.960435087538242e-05,25.612194627999997,1.3336772918701172,1.361328125
fold1_seed29,cova3d_c50_coh_fold1_seed29,C50_COH,1,29,1864415079,fbdb93fe8c701f7ef1a0c86eb54c7e20f6afcb3334eec45d058209ef57dc5a05,6642a4475ebd4023eeb60bbad3d69fd90f9fd3dd7326c61d31b7e9f242a756ef,27,28,120,1680,0.11568902214620115,0.032720183736824046,0.08296883801619212,8207,4166,1,55,28,37,0,0,1024.0,1024.0,1024.0,3.7777232228351445,29.49688148498535,6.920875718705205e-05,25.755089952999697,1.3336772918701172,1.361328125
fold1_seed29,cova3d_c50_coh_fold1_seed29,C50_COH,1,29,1864415079,fbdb93fe8c701f7ef1a0c86eb54c7e20f6afcb3334eec45d058209ef57dc5a05,6642a4475ebd4023eeb60bbad3d69fd90f9fd3dd7326c61d31b7e9f242a756ef,28,29,120,1740,0.1176596198744619,0.020274352195366892,0.09738526791334152,8260,4218,0,57,32,31,0,0,1024.0,1024.0,1024.0,2.5610831988791083,18.029983520507812,5.936556786372413e-05,25.710515942999336,1.3336772918701172,1.361328125
fold1_seed29,cova3d_c50_coh_fold1_seed29,C50_COH,1,29,1864415079,fbdb93fe8c701f7ef1a0c86eb54c7e20f6afcb3334eec45d058209ef57dc5a05,6642a4475ebd4023eeb60bbad3d69fd90f9fd3dd7326c61d31b7e9f242a756ef,29,30,120,1800,0.12792541722548,0.013969980471190994,0.11395543565352757,8262,4163,0,57,29,34,0,0,1024.0,1024.0,1024.0,1.5740872882694628,9.979425430297852,5.014085823202989e-05,25.672279344000344,1.3336772918701172,1.361328125
fold1_seed29,cova3d_c50_coh_fold1_seed29,C50_COH,1,29,1864415079,fbdb93fe8c701f7ef1a0c86eb54c7e20f6afcb3334eec45d058209ef57dc5a05,6642a4475ebd4023eeb60bbad3d69fd90f9fd3dd7326c61d31b7e9f242a756ef,30,31,120,1860,0.07248906066891792,0.007953703984005033,0.06453535656134288,8100,4299,2,58,23,39,0,0,1024.0,1024.0,1024.0,1.4425538812143108,15.692717552185059,4.159655189030408e-05,25.601469922001343,1.3336772918701172,1.361328125
fold1_seed29,cova3d_c50_coh_fold1_seed29,C50_COH,1,29,1864415079,fbdb93fe8c701f7ef1a0c86eb54c7e20f6afcb3334eec45d058209ef57dc5a05,6642a4475ebd4023eeb60bbad3d69fd90f9fd3dd7326c61d31b7e9f242a756ef,31,32,120,1920,0.11285696773368734,0.01726131727730995,0.09559565087159475,7947,4058,0,65,27,28,0,0,1024.0,1024.0,1024.0,2.2976825421404405,16.84317970275879,3.379000502807257e-05,25.60234624199984,1.3336772918701172,1.361328125
fold1_seed29,cova3d_c50_coh_fold1_seed29,C50_COH,1,29,1864415079,fbdb93fe8c701f7ef1a0c86eb54c7e20f6afcb3334eec45d058209ef57dc5a05,6642a4475ebd4023eeb60bbad3d69fd90f9fd3dd7326c61d31b7e9f242a756ef,32,33,120,1980,0.11029232465698106,0.01578910412615898,0.09450321992238363,8290,4157,0,70,30,20,0,0,1024.0,1024.0,1024.0,2.21773484077324,32.532005310058594,2.6773621405624713e-05,25.66308041800039,1.3336772918701172,1.361328125
fold1_seed29,cova3d_c50_coh_fold1_seed29,C50_COH,1,29,1864415079,fbdb93fe8c701f7ef1a0c86eb54c7e20f6afcb3334eec45d058209ef57dc5a05,6642a4475ebd4023eeb60bbad3d69fd90f9fd3dd7326c61d31b7e9f242a756ef,33,34,120,2040,0.11701519656599392,0.008643639220138529,0.1083715558052063,8042,3982,0,57,32,31,0,0,1024.0,1024.0,1024.0,1.5755122262334529,9.121159553527832,2.059450057823627e-05,25.672054377000677,1.3336772918701172,1.361328125
fold1_seed29,cova3d_c50_coh_fold1_seed29,C50_COH,1,29,1864415079,fbdb93fe8c701f7ef1a0c86eb54c7e20f6afcb3334eec45d058209ef57dc5a05,6642a4475ebd4023eeb60bbad3d69fd90f9fd3dd7326c61d31b7e9f242a756ef,34,35,120,2100,0.08949659156101979,0.015012406456208553,0.07448418438434601,8155,4045,1,53,34,33,0,0,1024.0,1024.0,1024.0,3.2428076030764106,54.30976104736328,1.5294121726440254e-05,25.62891277199924,1.3336772918701172,1.361328125
fold1_seed29,cova3d_c50_coh_fold1_seed29,C50_COH,1,29,1864415079,fbdb93fe8c701f7ef1a0c86eb54c7e20f6afcb3334eec45d058209ef57dc5a05,6642a4475ebd4023eeb60bbad3d69fd90f9fd3dd7326c61d31b7e9f242a756ef,35,36,120,2160,0.06094192246527162,0.010803285233055248,0.05013863692680995,8494,4159,0,64,34,22,0,0,1024.0,1024.0,1024.0,1.9479979175007125,18.589794158935547,1.0908065214729997e-05,25.584760829000516,1.3336772918701172,1.361328125
fold1_seed29,cova3d_c50_coh_fold1_seed29,C50_COH,1,29,1864415079,fbdb93fe8c701f7ef1a0c86eb54c7e20f6afcb3334eec45d058209ef57dc5a05,6642a4475ebd4023eeb60bbad3d69fd90f9fd3dd7326c61d31b7e9f242a756ef,36,37,120,2220,0.11651042460103875,0.027003547922700752,0.0895068754752477,8037,4091,0,57,32,31,0,0,1024.0,1024.0,1024.0,3.9271433061532055,48.54011535644531,7.465773747813819e-06,25.613839723000638,1.3336772918701172,1.361328125
fold1_seed29,cova3d_c50_coh_fold1_seed29,C50_COH,1,29,1864415079,fbdb93fe8c701f7ef1a0c86eb54c7e20f6afcb3334eec45d058209ef57dc5a05,6642a4475ebd4023eeb60bbad3d69fd90f9fd3dd7326c61d31b7e9f242a756ef,37,38,120,2280,0.06193749919117151,0.012296339895348962,0.049641159176826474,8310,4390,1,71,26,23,0,0,1024.0,1024.0,1024.0,3.0456639688955573,41.83971405029297,4.990354727730315e-06,25.589285775000462,1.3336772918701172,1.361328125
fold1_seed29,cova3d_c50_coh_fold1_seed29,C50_COH,1,29,1864415079,fbdb93fe8c701f7ef1a0c86eb54c7e20f6afcb3334eec45d058209ef57dc5a05,6642a4475ebd4023eeb60bbad3d69fd90f9fd3dd7326c61d31b7e9f242a756ef,38,39,120,2340,0.12808563853309998,0.0091998674991092,0.11888577143351237,7952,4061,0,53,27,40,0,0,1024.0,1024.0,1024.0,2.118453755081767,31.992633819580078,3.498425138561358e-06,25.640974501000528,1.3336772918701172,1.361328125
fold1_seed29,cova3d_c50_coh_fold1_seed29,C50_COH,1,29,1864415079,fbdb93fe8c701f7ef1a0c86eb54c7e20f6afcb3334eec45d058209ef57dc5a05,6642a4475ebd4023eeb60bbad3d69fd90f9fd3dd7326c61d31b7e9f242a756ef,39,40,120,2400,0.058469530155824526,0.010424072973851768,0.04804545690615972,8059,4303,2,58,27,35,0,0,1024.0,1024.0,1024.0,2.4105313537975235,23.559566497802734,3e-06,25.615090704000977,1.3336772918701172,1.361328125
fold1_seed29,cova3d_c50_dis_fold1_seed29,C50_DIS,1,29,1864415079,fbdb93fe8c701f7ef1a0c86eb54c7e20f6afcb3334eec45d058209ef57dc5a05,6642a4475ebd4023eeb60bbad3d69fd90f9fd3dd7326c61d31b7e9f242a756ef,0,1,120,60,2.471597785745204,2.040524563311677,0.43107322106758755,7901,4062,2,58,30,32,2,2,1024.0,4096.0,1024.0,83.18152271906534,244.39540100097656,0.00017999999999999998,27.094132541000363,1.3363170623779297,1.3671875
fold1_seed29,cova3d_c50_dis_fold1_seed29,C50_DIS,1,29,1864415079,fbdb93fe8c701f7ef1a0c86eb54c7e20f6afcb3334eec45d058209ef57dc5a05,6642a4475ebd4023eeb60bbad3d69fd90f9fd3dd7326c61d31b7e9f242a756ef,1,2,120,120,1.2456958318750064,0.85024456170698,0.3954512615998586,7722,3894,0,58,25,37,0,0,1024.0,1024.0,1024.0,25.309183009465535,81.45697784423828,0.0002999445918673937,26.381262122000408,1.3363170623779297,1.3671875
fold1_seed29,cova3d_c50_dis_fold1_seed29,C50_DIS,1,29,1864415079,fbdb93fe8c701f7ef1a0c86eb54c7e20f6afcb3334eec45d058209ef57dc5a05,6642a4475ebd4023eeb60bbad3d69fd90f9fd3dd7326c61d31b7e9f242a756ef,2,3,120,180,0.894580733589828,0.5566074145492166,0.33797332147757214,8185,4111,1,62,30,28,0,0,1024.0,1024.0,1024.0,10.429972366491954,88.5670394897461,0.0002991142965839822,26.141818895999677,1.3363170623779297,1.3671875
fold1_seed29,cova3d_c50_dis_fold1_seed29,C50_DIS,1,29,1864415079,fbdb93fe8c701f7ef1a0c86eb54c7e20f6afcb3334eec45d058209ef57dc5a05,6642a4475ebd4023eeb60bbad3d69fd90f9fd3dd7326c61d31b7e9f242a756ef,3,4,120,240,0.7010824212804436,0.44648800720460713,0.2545944149295489,8301,4536,0,68,30,22,0,0,1024.0,1024.0,1024.0,7.691093941529592,25.3419132232666,0.0002972930965702204,26.18266308999955,1.3363170623779297,1.3671875
fold1_seed29,cova3d_c50_dis_fold1_seed29,C50_DIS,1,29,1864415079,fbdb93fe8c701f7ef1a0c86eb54c7e20f6afcb3334eec45d058209ef57dc5a05,6642a4475ebd4023eeb60bbad3d69fd90f9fd3dd7326c61d31b7e9f242a756ef,4,5,120,300,0.6400414492934943,0.3859299429071446,0.25411150405804317,8308,4374,0,61,29,30,0,0,1024.0,1024.0,1024.0,8.766073775291442,68.71715545654297,0.0002944932171711482,26.16295109499879,1.3363170623779297,1.3671875
fold1_seed29,cova3d_c50_dis_fold1_seed29,C50_DIS,1,29,1864415079,fbdb93fe8c701f7ef1a0c86eb54c7e20f6afcb3334eec45d058209ef57dc5a05,6642a4475ebd4023eeb60bbad3d69fd90f9fd3dd7326c61d31b7e9f242a756ef,5,6,120,360,0.6239217853484055,0.36480066015695534,0.2591211254398028,8216,4356,0,57,32,31,0,0,1024.0,1024.0,1024.0,7.914141321182251,29.99567413330078,0.000290733453407337,26.187813704998916,1.3363170623779297,1.3671875
fold1_seed29,cova3d_c50_dis_fold1_seed29,C50_DIS,1,29,1864415079,fbdb93fe8c701f7ef1a0c86eb54c7e20f6afcb3334eec45d058209ef57dc5a05,6642a4475ebd4023eeb60bbad3d69fd90f9fd3dd7326c61d31b7e9f242a756ef,6,7,120,420,0.6842485807215174,0.3856738128233701,0.2985747650265694,8057,4046,1,48,38,34,0,0,1024.0,1024.0,1024.0,8.109329728285472,23.945598602294922,0.0002860390438077423,26.104564227998708,1.3363170623779297,1.3671875
fold1_seed29,cova3d_c50_dis_fold1_seed29,C50_DIS,1,29,1864415079,fbdb93fe8c701f7ef1a0c86eb54c7e20f6afcb3334eec45d058209ef57dc5a05,6642a4475ebd4023eeb60bbad3d69fd90f9fd3dd7326c61d31b7e9f242a756ef,7,8,120,480,0.575062048342079,0.32083583981730046,0.2542262112100919,7964,4115,0,66,25,29,0,0,1024.0,1024.0,1024.0,7.093024607499441,17.63349151611328,0.00028044150098859483,26.101078792999033,1.3363170623779297,1.3671875
fold1_seed29,cova3d_c50_dis_fold1_seed29,C50_DIS,1,29,1864415079,fbdb93fe8c701f7ef1a0c86eb54c7e20f6afcb3334eec45d058209ef57dc5a05,6642a4475ebd4023eeb60bbad3d69fd90f9fd3dd7326c61d31b7e9f242a756ef,8,9,120,540,0.49019956672564147,0.26979075962832816,0.22040880819161732,7994,4041,1,64,34,22,0,0,1024.0,1024.0,1024.0,6.386578955252966,15.600221633911133,0.0002739784001156218,26.018485216000045,1.3363170623779297,1.3671875
fold1_seed29,cova3d_c50_dis_fold1_seed29,C50_DIS,1,29,1864415079,fbdb93fe8c701f7ef1a0c86eb54c7e20f6afcb3334eec45d058209ef57dc5a05,6642a4475ebd4023eeb60bbad3d69fd90f9fd3dd7326c61d31b7e9f242a756ef,9,10,120,600,0.4912785437889397,0.2680133065208793,0.22326524009307225,8180,4270,0,54,40,26,0,0,1024.0,1024.0,1024.0,6.890246667464575,19.439098358154297,0.0002666931266696063,26.147060837000026,1.3363170623779297,1.3671875
fold1_seed29,cova3d_c50_dis_fold1_seed29,C50_DIS,1,29,1864415079,fbdb93fe8c701f7ef1a0c86eb54c7e20f6afcb3334eec45d058209ef57dc5a05,6642a4475ebd4023eeb60bbad3d69fd90f9fd3dd7326c61d31b7e9f242a756ef,10,11,120,660,0.40933559912567336,0.22692956141739462,0.18240603705247244,8433,4447,1,75,24,21,0,0,1024.0,1024.0,1024.0,5.592773554722468,13.783413887023926,0.0002586345852084849,26.122204430999773,1.3363170623779297,1.3671875
fold1_seed29,cova3d_c50_dis_fold1_seed29,C50_DIS,1,29,1864415079,fbdb93fe8c701f7ef1a0c86eb54c7e20f6afcb3334eec45d058209ef57dc5a05,6642a4475ebd4023eeb60bbad3d69fd90f9fd3dd7326c61d31b7e9f242a756ef,11,12,120,720,0.39714887233373397,0.2233234362405104,0.17382543583710988,8065,3975,1,59,37,24,0,0,1024.0,1024.0,1024.0,7.123823834458987,25.93548011779785,0.0002498568710810032,26.188775337999687,1.3363170623779297,1.3671875
fold1_seed29,cova3d_c50_dis_fold1_seed29,C50_DIS,1,29,1864415079,fbdb93fe8c701f7ef1a0c86eb54c7e20f6afcb3334eec45d058209ef57dc5a05,6642a4475ebd4023eeb60bbad3d69fd90f9fd3dd7326c61d31b7e9f242a756ef,12,13,120,780,0.36825598482973876,0.20969506184143635,0.15856092174847922,8214,4337,0,64,25,31,0,0,1024.0,1024.0,1024.0,6.776293927431107,26.96923828125,0.0002404189072956492,26.12847373799923,1.3363170623779297,1.3671875
fold1_seed29,cova3d_c50_dis_fold1_seed29,C50_DIS,1,29,1864415079,fbdb93fe8c701f7ef1a0c86eb54c7e20f6afcb3334eec45d058209ef57dc5a05,6642a4475ebd4023eeb60bbad3d69fd90f9fd3dd7326c61d31b7e9f242a756ef,13,14,120,840,0.34549840340623633,0.19206077341223135,0.15343762834866842,8190,4223,4,59,31,30,0,0,1024.0,1024.0,1024.0,5.957806345820427,21.558345794677734,0.00023038404898248976,25.97445906899884,1.3363170623779297,1.3671875
fold1_seed29,cova3d_c50_dis_fold1_seed29,C50_DIS,1,29,1864415079,fbdb93fe8c701f7ef1a0c86eb54c7e20f6afcb3334eec45d058209ef57dc5a05,6642a4475ebd4023eeb60bbad3d69fd90f9fd3dd7326c61d31b7e9f242a756ef,14,15,120,900,0.4282377775661492,0.22393552481662482,0.20430225282907485,7861,4091,0,61,36,23,0,0,1024.0,1024.0,1024.0,6.557346649964651,30.03715705871582,0.00021981965810307605,26.038065398999606,1.3363170623779297,1.3671875
fold1_seed29,cova3d_c50_dis_fold1_seed29,C50_DIS,1,29,1864415079,fbdb93fe8c701f7ef1a0c86eb54c7e20f6afcb3334eec45d058209ef57dc5a05,6642a4475ebd4023eeb60bbad3d69fd90f9fd3dd7326c61d31b7e9f242a756ef,15,16,120,960,0.26704514607942353,0.13510990302505282,0.13193524082501729,8139,4278,2,71,21,28,0,0,1024.0,1024.0,1024.0,5.082281269629797,20.640615463256836,0.00020879665126330557,25.962378893000277,1.3363170623779297,1.3671875
fold1_seed29,cova3d_c50_dis_fold1_seed29,C50_DIS,1,29,1864415079,fbdb93fe8c701f7ef1a0c86eb54c7e20f6afcb3334eec45d058209ef57dc5a05,6642a4475ebd4023eeb60bbad3d69fd90f9fd3dd7326c61d31b7e9f242a756ef,16,17,120,1020,0.30666826606708736,0.14503656273688345,0.16163170238335928,8074,4160,0,66,29,25,0,0,1024.0,1024.0,1024.0,5.522958270957073,17.275074005126953,0.00019738902366467966,26.034556023998448,1.3363170623779297,1.3671875
fold1_seed29,cova3d_c50_dis_fold1_seed29,C50_DIS,1,29,1864415079,fbdb93fe8c701f7ef1a0c86eb54c7e20f6afcb3334eec45d058209ef57dc5a05,6642a4475ebd4023eeb60bbad3d69fd90f9fd3dd7326c61d31b7e9f242a756ef,17,18,120,1080,0.3111880279417771,0.14481241741159465,0.16637561122576397,8532,4511,0,62,23,35,0,0,1024.0,1024.0,1024.0,6.172611103703578,16.539566040039062,0.00018567335238957547,26.123400366999704,1.3363170623779297,1.3671875
fold1_seed29,cova3d_c50_dis_fold1_seed29,C50_DIS,1,29,1864415079,fbdb93fe8c701f7ef1a0c86eb54c7e20f6afcb3334eec45d058209ef57dc5a05,6642a4475ebd4023eeb60bbad3d69fd90f9fd3dd7326c61d31b7e9f242a756ef,18,19,120,1140,0.3040103701709692,0.1533407337565829,0.15066963533560435,8248,4316,1,61,26,33,0,0,1024.0,1024.0,1024.0,6.035516005195677,21.827367782592773,0.0001737282823548769,25.9554740399999,1.3363170623779297,1.3671875
fold1_seed29,cova3d_c50_dis_fold1_seed29,C50_DIS,1,29,1864415079,fbdb93fe8c701f7ef1a0c86eb54c7e20f6afcb3334eec45d058209ef57dc5a05,6642a4475ebd4023eeb60bbad3d69fd90f9fd3dd7326c61d31b7e9f242a756ef,19,20,120,1200,0.2474274765806816,0.12444966946641216,0.12297780762116114,7771,3859,0,58,38,24,0,0,1024.0,1024.0,1024.0,5.800206437706947,30.016742706298828,0.00016163399838465363,25.986259520999738,1.3363170623779297,1.3671875
fold1_seed29,cova3d_c50_dis_fold1_seed29,C50_DIS,1,29,1864415079,fbdb93fe8c701f7ef1a0c86eb54c7e20f6afcb3334eec45d058209ef57dc5a05,6642a4475ebd4023eeb60bbad3d69fd90f9fd3dd7326c61d31b7e9f242a756ef,20,21,120,1260,0.2660877576665371,0.10948095202814632,0.15660680582125983,7878,4085,0,64,30,26,0,0,1024.0,1024.0,1024.0,4.200461887816588,18.586872100830078,0.00014947168694575625,25.93510878199959,1.3363170623779297,1.3671875
fold1_seed29,cova3d_c50_dis_fold1_seed29,C50_DIS,1,29,1864415079,fbdb93fe8c701f7ef1a0c86eb54c7e20f6afcb3334eec45d058209ef57dc5a05,6642a4475ebd4023eeb60bbad3d69fd90f9fd3dd7326c61d31b7e9f242a756ef,21,22,120,1320,0.194156024485225,0.08606225997015524,0.10809376388788224,8198,4103,1,63,29,28,0,0,1024.0,1024.0,1024.0,4.456593145678441,17.98778533935547,0.0001373229911595876,25.897334966000926,1.3363170623779297,1.3671875
fold1_seed29,cova3d_c50_dis_fold1_seed29,C50_DIS,1,29,1864415079,fbdb93fe8c701f7ef1a0c86eb54c7e20f6afcb3334eec45d058209ef57dc5a05,6642a4475ebd4023eeb60bbad3d69fd90f9fd3dd7326c61d31b7e9f242a756ef,22,23,120,1380,0.213257438626412,0.08903352460668733,0.12422391374905904,8010,4100,0,66,31,23,0,0,1024.0,1024.0,1024.0,4.383223439753055,19.161865234375,0.00012526946274844474,25.939074703999722,1.3363170623779297,1.3671875
fold1_seed29,cova3d_c50_dis_fold1_seed29,C50_DIS,1,29,1864415079,fbdb93fe8c701f7ef1a0c86eb54c7e20f6afcb3334eec45d058209ef57dc5a05,6642a4475ebd4023eeb60bbad3d69fd90f9fd3dd7326c61d31b7e9f242a756ef,23,24,120,1440,0.24862486492284006,0.07974094228638932,0.16888392368952435,8270,4168,0,50,37,33,0,0,1024.0,1024.0,1024.0,4.838613553841909,35.601863861083984,0.00011339201459540494,25.94557311099925,1.3363170623779297,1.3671875
fold1_seed29,cova3d_c50_dis_fold1_seed29,C50_DIS,1,29,1864415079,fbdb93fe8c701f7ef1a0c86eb54c7e20f6afcb3334eec45d058209ef57dc5a05,6642a4475ebd4023eeb60bbad3d69fd90f9fd3dd7326c61d31b7e9f242a756ef,24,25,120,1500,0.1691018102831246,0.06756336998247812,0.10153843959172566,8176,4126,2,61,23,36,0,0,1024.0,1024.0,1024.0,3.2495401540771125,13.283782005310059,0.00010177037759260854,25.935901716000444,1.3363170623779297,1.3671875
fold1_seed29,cova3d_c50_dis_fold1_seed29,C50_DIS,1,29,1864415079,fbdb93fe8c701f7ef1a0c86eb54c7e20f6afcb3334eec45d058209ef57dc5a05,6642a4475ebd4023eeb60bbad3d69fd90f9fd3dd7326c61d31b7e9f242a756ef,25,26,120,1560,0.2673865485941254,0.08742906643977524,0.179957481722037,8164,4061,2,55,28,37,0,0,1024.0,1024.0,1024.0,5.561064252754052,33.862728118896484,9.048256542400759e-05,25.980821609000486,1.3363170623779297,1.3671875
fold1_seed29,cova3d_c50_dis_fold1_seed29,C50_DIS,1,29,1864415079,fbdb93fe8c701f7ef1a0c86eb54c7e20f6afcb3334eec45d058209ef57dc5a05,6642a4475ebd4023eeb60bbad3d69fd90f9fd3dd7326c61d31b7e9f242a756ef,26,27,120,1620,0.1393820419779028,0.05507403182782582,0.08430801033973694,8118,4157,1,59,37,24,0,0,1024.0,1024.0,1024.0,3.1518081381917,15.986566543579102,7.960435087538242e-05,25.902369668001484,1.3363170623779297,1.3671875
fold1_seed29,cova3d_c50_dis_fold1_seed29,C50_DIS,1,29,1864415079,fbdb93fe8c701f7ef1a0c86eb54c7e20f6afcb3334eec45d058209ef57dc5a05,6642a4475ebd4023eeb60bbad3d69fd90f9fd3dd7326c61d31b7e9f242a756ef,27,28,120,1680,0.14432357474142918,0.04835996975962189,0.09596360474824905,8320,4256,1,55,28,37,0,0,1024.0,1024.0,1024.0,2.9229725174605847,17.031049728393555,6.920875718705205e-05,25.83562865299973,1.3363170623779297,1.3671875
fold1_seed29,cova3d_c50_dis_fold1_seed29,C50_DIS,1,29,1864415079,fbdb93fe8c701f7ef1a0c86eb54c7e20f6afcb3334eec45d058209ef57dc5a05,6642a4475ebd4023eeb60bbad3d69fd90f9fd3dd7326c61d31b7e9f242a756ef,28,29,120,1740,0.17262022543460867,0.051294939447567835,0.1213252862294515,8139,4190,0,57,32,31,0,0,1024.0,1024.0,1024.0,3.4809762343764303,23.212575912475586,5.936556786372413e-05,25.84107338300055,1.3363170623779297,1.3671875
fold1_seed29,cova3d_c50_dis_fold1_seed29,C50_DIS,1,29,1864415079,fbdb93fe8c701f7ef1a0c86eb54c7e20f6afcb3334eec45d058209ef57dc5a05,6642a4475ebd4023eeb60bbad3d69fd90f9fd3dd7326c61d31b7e9f242a756ef,29,30,120,1800,0.13614987343886847,0.04580515403370858,0.09034471958875656,8221,4146,0,57,29,34,0,0,1024.0,1024.0,1024.0,3.3065466047264636,15.78244686126709,5.014085823202989e-05,25.937856823000402,1.3363170623779297,1.3671875
fold1_seed29,cova3d_c50_dis_fold1_seed29,C50_DIS,1,29,1864415079,fbdb93fe8c701f7ef1a0c86eb54c7e20f6afcb3334eec45d058209ef57dc5a05,6642a4475ebd4023eeb60bbad3d69fd90f9fd3dd7326c61d31b7e9f242a756ef,30,31,120,1860,0.14753174652517675,0.04324975346462452,0.10428199370702108,8022,4196,0,58,23,39,0,0,1024.0,1024.0,1024.0,3.2747569591427843,38.92068862915039,4.159655189030408e-05,25.878458731000137,1.3363170623779297,1.3671875
fold1_seed29,cova3d_c50_dis_fold1_seed29,C50_DIS,1,29,1864415079,fbdb93fe8c701f7ef1a0c86eb54c7e20f6afcb3334eec45d058209ef57dc5a05,6642a4475ebd4023eeb60bbad3d69fd90f9fd3dd7326c61d31b7e9f242a756ef,31,32,120,1920,0.1466332955213147,0.03518533018529221,0.11144796560208002,8100,4171,0,65,27,28,0,0,1024.0,1024.0,1024.0,2.579806289076805,14.736770629882812,3.379000502807257e-05,25.93547209099961,1.3363170623779297,1.3671875
fold1_seed29,cova3d_c50_dis_fold1_seed29,C50_DIS,1,29,1864415079,fbdb93fe8c701f7ef1a0c86eb54c7e20f6afcb3334eec45d058209ef57dc5a05,6642a4475ebd4023eeb60bbad3d69fd90f9fd3dd7326c61d31b7e9f242a756ef,32,33,120,1980,0.1268605449548583,0.03027865852903536,0.0965818872054418,8340,4224,0,70,30,20,0,0,1024.0,1024.0,1024.0,2.849831202502052,17.95941162109375,2.6773621405624713e-05,25.903308237999227,1.3363170623779297,1.3671875
fold1_seed29,cova3d_c50_dis_fold1_seed29,C50_DIS,1,29,1864415079,fbdb93fe8c701f7ef1a0c86eb54c7e20f6afcb3334eec45d058209ef57dc5a05,6642a4475ebd4023eeb60bbad3d69fd90f9fd3dd7326c61d31b7e9f242a756ef,33,34,120,2040,0.15432946745662168,0.03286042597995523,0.12146904269854228,8192,4060,0,57,32,31,0,0,1024.0,1024.0,1024.0,2.919766347265492,25.873306274414062,2.059450057823627e-05,25.804523597998923,1.3363170623779297,1.3671875
fold1_seed29,cova3d_c50_dis_fold1_seed29,C50_DIS,1,29,1864415079,fbdb93fe8c701f7ef1a0c86eb54c7e20f6afcb3334eec45d058209ef57dc5a05,6642a4475ebd4023eeb60bbad3d69fd90f9fd3dd7326c61d31b7e9f242a756ef,34,35,120,2100,0.15583381447274103,0.02738191936162669,0.1284518952171008,8175,4061,1,53,34,33,0,0,1024.0,1024.0,1024.0,2.5525241371865075,28.71532440185547,1.5294121726440254e-05,25.847661997000614,1.3363170623779297,1.3671875
fold1_seed29,cova3d_c50_dis_fold1_seed29,C50_DIS,1,29,1864415079,fbdb93fe8c701f7ef1a0c86eb54c7e20f6afcb3334eec45d058209ef57dc5a05,6642a4475ebd4023eeb60bbad3d69fd90f9fd3dd7326c61d31b7e9f242a756ef,35,36,120,2160,0.11263636459661938,0.03518759189294845,0.07744877139727274,8440,4187,0,64,34,22,0,0,1024.0,1024.0,1024.0,3.3287167029765743,36.337432861328125,1.0908065214729997e-05,25.825389153000287,1.3363170623779297,1.3671875
fold1_seed29,cova3d_c50_dis_fold1_seed29,C50_DIS,1,29,1864415079,fbdb93fe8c701f7ef1a0c86eb54c7e20f6afcb3334eec45d058209ef57dc5a05,6642a4475ebd4023eeb60bbad3d69fd90f9fd3dd7326c61d31b7e9f242a756ef,36,37,120,2220,0.14679756716129003,0.05794562268280667,0.08885194311539332,8113,4149,0,57,32,31,0,0,1024.0,1024.0,1024.0,4.845694712673624,63.0563850402832,7.465773747813819e-06,25.84056796599907,1.3363170623779297,1.3671875
fold1_seed29,cova3d_c50_dis_fold1_seed29,C50_DIS,1,29,1864415079,fbdb93fe8c701f7ef1a0c86eb54c7e20f6afcb3334eec45d058209ef57dc5a05,6642a4475ebd4023eeb60bbad3d69fd90f9fd3dd7326c61d31b7e9f242a756ef,37,38,120,2280,0.1082761087073474,0.02427111062240025,0.08400499920050303,8247,4369,1,71,26,23,0,0,1024.0,1024.0,1024.0,2.5438837300986052,24.832592010498047,4.990354727730315e-06,25.745041397000023,1.3363170623779297,1.3671875
fold1_seed29,cova3d_c50_dis_fold1_seed29,C50_DIS,1,29,1864415079,fbdb93fe8c701f7ef1a0c86eb54c7e20f6afcb3334eec45d058209ef57dc5a05,6642a4475ebd4023eeb60bbad3d69fd90f9fd3dd7326c61d31b7e9f242a756ef,38,39,120,2340,0.13574905765757042,0.031161602562739667,0.10458745658397675,8007,4125,0,53,27,40,0,0,1024.0,1024.0,1024.0,2.5206262771971524,25.5772762298584,3.498425138561358e-06,25.808859349001068,1.3363170623779297,1.3671875
fold1_seed29,cova3d_c50_dis_fold1_seed29,C50_DIS,1,29,1864415079,fbdb93fe8c701f7ef1a0c86eb54c7e20f6afcb3334eec45d058209ef57dc5a05,6642a4475ebd4023eeb60bbad3d69fd90f9fd3dd7326c61d31b7e9f242a756ef,39,40,120,2400,0.10754384089838519,0.025670279431051313,0.08187356094519298,8091,4291,2,58,27,35,0,0,1024.0,1024.0,1024.0,1.9194741966202855,10.558015823364258,3e-06,25.79386096899907,1.3363170623779297,1.3671875
fold1_seed29,cova3d_c50_frg_fold1_seed29,C50_FRG,1,29,1864415079,fbdb93fe8c701f7ef1a0c86eb54c7e20f6afcb3334eec45d058209ef57dc5a05,6642a4475ebd4023eeb60bbad3d69fd90f9fd3dd7326c61d31b7e9f242a756ef,0,1,120,60,2.4054509880669985,1.9799394053745345,0.42551158169905345,7788,4027,3,58,30,32,2,2,1024.0,4096.0,1024.0,82.90030533472697,249.59754943847656,0.00017999999999999998,27.172414592001587,1.3347301483154297,1.396484375
fold1_seed29,cova3d_c50_frg_fold1_seed29,C50_FRG,1,29,1864415079,fbdb93fe8c701f7ef1a0c86eb54c7e20f6afcb3334eec45d058209ef57dc5a05,6642a4475ebd4023eeb60bbad3d69fd90f9fd3dd7326c61d31b7e9f242a756ef,1,2,120,120,1.230579818598926,0.8422648759558797,0.38831494450569154,7728,3900,0,58,25,37,0,0,1024.0,1024.0,1024.0,24.72427134513855,90.56391906738281,0.0002999445918673937,26.309121260999746,1.3347301483154297,1.396484375
fold1_seed29,cova3d_c50_frg_fold1_seed29,C50_FRG,1,29,1864415079,fbdb93fe8c701f7ef1a0c86eb54c7e20f6afcb3334eec45d058209ef57dc5a05,6642a4475ebd4023eeb60bbad3d69fd90f9fd3dd7326c61d31b7e9f242a756ef,2,3,120,180,0.7717833898961544,0.47239185380749404,0.2993915379047394,8278,4220,1,62,30,28,0,0,1024.0,1024.0,1024.0,9.41329112847646,52.07404327392578,0.0002991142965839822,26.111834772998918,1.3347301483154297,1.396484375
fold1_seed29,cova3d_c50_frg_fold1_seed29,C50_FRG,1,29,1864415079,fbdb93fe8c701f7ef1a0c86eb54c7e20f6afcb3334eec45d058209ef57dc5a05,6642a4475ebd4023eeb60bbad3d69fd90f9fd3dd7326c61d31b7e9f242a756ef,3,4,120,240,0.5739380408388873,0.35358094399174056,0.22035709669192632,8270,4505,0,68,30,22,0,0,1024.0,1024.0,1024.0,7.078754778703054,18.460773468017578,0.0002972930965702204,26.17431396699976,1.3347301483154297,1.396484375
fold1_seed29,cova3d_c50_frg_fold1_seed29,C50_FRG,1,29,1864415079,fbdb93fe8c701f7ef1a0c86eb54c7e20f6afcb3334eec45d058209ef57dc5a05,6642a4475ebd4023eeb60bbad3d69fd90f9fd3dd7326c61d31b7e9f242a756ef,4,5,120,300,0.5508977321907877,0.3207185077791413,0.23017922242482503,8265,4348,1,61,29,30,0,0,1024.0,1024.0,1024.0,6.770986517270406,19.407276153564453,0.0002944932171711482,26.10116705300061,1.3347301483154297,1.396484375
fold1_seed29,cova3d_c50_frg_fold1_seed29,C50_FRG,1,29,1864415079,fbdb93fe8c701f7ef1a0c86eb54c7e20f6afcb3334eec45d058209ef57dc5a05,6642a4475ebd4023eeb60bbad3d69fd90f9fd3dd7326c61d31b7e9f242a756ef,5,6,120,360,0.5688187109927336,0.3234808677419399,0.24533784091472627,8186,4351,0,57,32,31,0,0,1024.0,1024.0,1024.0,7.33225977619489,38.82695007324219,0.000290733453407337,26.155594989000747,1.3347301483154297,1.396484375
fold1_seed29,cova3d_c50_frg_fold1_seed29,C50_FRG,1,29,1864415079,fbdb93fe8c701f7ef1a0c86eb54c7e20f6afcb3334eec45d058209ef57dc5a05,6642a4475ebd4023eeb60bbad3d69fd90f9fd3dd7326c61d31b7e9f242a756ef,6,7,120,420,0.5635105544856439,0.29286499144509437,0.2706455647945404,7990,3979,1,48,38,34,0,0,1024.0,1024.0,1024.0,5.830038789908091,20.969764709472656,0.0002860390438077423,26.109105062998424,1.3347301483154297,1.396484375
fold1_seed29,cova3d_c50_frg_fold1_seed29,C50_FRG,1,29,1864415079,fbdb93fe8c701f7ef1a0c86eb54c7e20f6afcb3334eec45d058209ef57dc5a05,6642a4475ebd4023eeb60bbad3d69fd90f9fd3dd7326c61d31b7e9f242a756ef,7,8,120,480,0.49721460308392124,0.25758111607510725,0.23963348517815272,8041,4167,0,66,25,29,0,0,1024.0,1024.0,1024.0,6.429934761921564,41.27653503417969,0.00028044150098859483,26.13140033200034,1.3347301483154297,1.396484375
fold1_seed29,cova3d_c50_frg_fold1_seed29,C50_FRG,1,29,1864415079,fbdb93fe8c701f7ef1a0c86eb54c7e20f6afcb3334eec45d058209ef57dc5a05,6642a4475ebd4023eeb60bbad3d69fd90f9fd3dd7326c61d31b7e9f242a756ef,8,9,120,540,0.42191876890913893,0.2234431016763362,0.19847566684087117,8074,4077,1,64,34,22,0,0,1024.0,1024.0,1024.0,5.284655423959096,16.57979393005371,0.0002739784001156218,26.10734530299851,1.3347301483154297,1.396484375
fold1_seed29,cova3d_c50_frg_fold1_seed29,C50_FRG,1,29,1864415079,fbdb93fe8c701f7ef1a0c86eb54c7e20f6afcb3334eec45d058209ef57dc5a05,6642a4475ebd4023eeb60bbad3d69fd90f9fd3dd7326c61d31b7e9f242a756ef,9,10,120,600,0.4300432314941039,0.2289851378959914,0.20105809321006138,8184,4288,0,54,40,26,0,0,1024.0,1024.0,1024.0,5.995243690411249,16.269123077392578,0.0002666931266696063,26.09086319099879,1.3347301483154297,1.396484375
fold1_seed29,cova3d_c50_frg_fold1_seed29,C50_FRG,1,29,1864415079,fbdb93fe8c701f7ef1a0c86eb54c7e20f6afcb3334eec45d058209ef57dc5a05,6642a4475ebd4023eeb60bbad3d69fd90f9fd3dd7326c61d31b7e9f242a756ef,10,11,120,660,0.3437480215798132,0.18584468750826394,0.15790333499511083,8527,4525,1,75,24,21,0,0,1024.0,1024.0,1024.0,4.8200776716073355,15.718156814575195,0.0002586345852084849,26.006974444999287,1.3347301483154297,1.396484375
fold1_seed29,cova3d_c50_frg_fold1_seed29,C50_FRG,1,29,1864415079,fbdb93fe8c701f7ef1a0c86eb54c7e20f6afcb3334eec45d058209ef57dc5a05,6642a4475ebd4023eeb60bbad3d69fd90f9fd3dd7326c61d31b7e9f242a756ef,11,12,120,720,0.3426138648840909,0.18938614216215985,0.15322772065798443,8074,3991,1,59,37,24,0,0,1024.0,1024.0,1024.0,5.552545077602068,18.915241241455078,0.0002498568710810032,26.05358812799932,1.3347301483154297,1.396484375
fold1_seed29,cova3d_c50_frg_fold1_seed29,C50_FRG,1,29,1864415079,fbdb93fe8c701f7ef1a0c86eb54c7e20f6afcb3334eec45d058209ef57dc5a05,6642a4475ebd4023eeb60bbad3d69fd90f9fd3dd7326c61d31b7e9f242a756ef,12,13,120,780,0.2680594003429481,0.14184213420958258,0.12621726840734482,8139,4307,1,64,25,31,0,0,1024.0,1024.0,1024.0,4.276847908894221,12.98257827758789,0.0002404189072956492,26.03795836899917,1.3347301483154297,1.396484375
fold1_seed29,cova3d_c50_frg_fold1_seed29,C50_FRG,1,29,1864415079,fbdb93fe8c701f7ef1a0c86eb54c7e20f6afcb3334eec45d058209ef57dc5a05,6642a4475ebd4023eeb60bbad3d69fd90f9fd3dd7326c61d31b7e9f242a756ef,13,14,120,840,0.2933499119084445,0.15447670443985165,0.1388732060790062,8215,4262,4,59,31,30,0,0,1024.0,1024.0,1024.0,4.69249565800031,17.58439064025879,0.00023038404898248976,26.05218272899947,1.3347301483154297,1.396484375
fold1_seed29,cova3d_c50_frg_fold1_seed29,C50_FRG,1,29,1864415079,fbdb93fe8c701f7ef1a0c86eb54c7e20f6afcb3334eec45d058209ef57dc5a05,6642a4475ebd4023eeb60bbad3d69fd90f9fd3dd7326c61d31b7e9f242a756ef,14,15,120,900,0.3263514773828774,0.14694446006913797,0.17940701494614283,7881,4125,0,61,36,23,0,0,1024.0,1024.0,1024.0,5.253317806124687,35.32416534423828,0.00021981965810307605,26.11393049599974,1.3347301483154297,1.396484375
fold1_seed29,cova3d_c50_frg_fold1_seed29,C50_FRG,1,29,1864415079,fbdb93fe8c701f7ef1a0c86eb54c7e20f6afcb3334eec45d058209ef57dc5a05,6642a4475ebd4023eeb60bbad3d69fd90f9fd3dd7326c61d31b7e9f242a756ef,15,16,120,960,0.23218681422004012,0.11522030011425764,0.11696651577949524,8272,4368,2,71,21,28,0,0,1024.0,1024.0,1024.0,4.2857053880890215,20.356407165527344,0.00020879665126330557,25.975393799000813,1.3347301483154297,1.396484375
fold1_seed29,cova3d_c50_frg_fold1_seed29,C50_FRG,1,29,1864415079,fbdb93fe8c701f7ef1a0c86eb54c7e20f6afcb3334eec45d058209ef57dc5a05,6642a4475ebd4023eeb60bbad3d69fd90f9fd3dd7326c61d31b7e9f242a756ef,16,17,120,1020,0.24243088530832513,0.10493756136420415,0.13749332427978517,8198,4235,0,66,29,25,0,0,1024.0,1024.0,1024.0,4.170930817723274,12.424363136291504,0.00019738902366467966,25.96113948099992,1.3347301483154297,1.396484375
fold1_seed29,cova3d_c50_frg_fold1_seed29,C50_FRG,1,29,1864415079,fbdb93fe8c701f7ef1a0c86eb54c7e20f6afcb3334eec45d058209ef57dc5a05,6642a4475ebd4023eeb60bbad3d69fd90f9fd3dd7326c61d31b7e9f242a756ef,17,18,120,1080,0.2646899801931189,0.11128078901359308,0.15340919146935145,8506,4443,0,62,23,35,0,0,1024.0,1024.0,1024.0,5.3880442229410015,18.481365203857422,0.00018567335238957547,26.057437974001004,1.3347301483154297,1.396484375
fold1_seed29,cova3d_c50_frg_fold1_seed29,C50_FRG,1,29,1864415079,fbdb93fe8c701f7ef1a0c86eb54c7e20f6afcb3334eec45d058209ef57dc5a05,6642a4475ebd4023eeb60bbad3d69fd90f9fd3dd7326c61d31b7e9f242a756ef,18,19,120,1140,0.3143986886699471,0.17943873611705688,0.13495995452006657,8222,4354,1,61,26,33,0,0,1024.0,1024.0,1024.0,6.30919468201076,66.98979949951172,0.0001737282823548769,26.07943441899988,1.3347301483154297,1.396484375
fold1_seed29,cova3d_c50_frg_fold1_seed29,C50_FRG,1,29,1864415079,fbdb93fe8c701f7ef1a0c86eb54c7e20f6afcb3334eec45d058209ef57dc5a05,6642a4475ebd4023eeb60bbad3d69fd90f9fd3dd7326c61d31b7e9f242a756ef,19,20,120,1200,0.20405320388466255,0.09730664772860109,0.10674655785163244,7893,3945,0,58,38,24,0,0,1024.0,1024.0,1024.0,5.5304321106523275,35.33744430541992,0.00016163399838465363,26.065206567998757,1.3347301483154297,1.396484375
fold1_seed29,cova3d_c50_frg_fold1_seed29,C50_FRG,1,29,1864415079,fbdb93fe8c701f7ef1a0c86eb54c7e20f6afcb3334eec45d058209ef57dc5a05,6642a4475ebd4023eeb60bbad3d69fd90f9fd3dd7326c61d31b7e9f242a756ef,20,21,120,1260,0.21045632815239515,0.07139978987076272,0.13905653854211172,7824,4026,0,64,30,26,0,0,1024.0,1024.0,1024.0,2.9280681527840593,9.391230583190918,0.00014947168694575625,25.912644718000593,1.3347301483154297,1.396484375
fold1_seed29,cova3d_c50_frg_fold1_seed29,C50_FRG,1,29,1864415079,fbdb93fe8c701f7ef1a0c86eb54c7e20f6afcb3334eec45d058209ef57dc5a05,6642a4475ebd4023eeb60bbad3d69fd90f9fd3dd7326c61d31b7e9f242a756ef,21,22,120,1320,0.1733657445175197,0.06308645880126847,0.11027928491433461,8190,4118,1,63,29,28,0,0,1024.0,1024.0,1024.0,3.7002268827520313,25.70669937133789,0.0001373229911595876,25.89512088599986,1.3347301483154297,1.396484375
fold1_seed29,cova3d_c50_frg_fold1_seed29,C50_FRG,1,29,1864415079,fbdb93fe8c701f7ef1a0c86eb54c7e20f6afcb3334eec45d058209ef57dc5a05,6642a4475ebd4023eeb60bbad3d69fd90f9fd3dd7326c61d31b7e9f242a756ef,22,23,120,1380,0.16826251393358688,0.05445878168029594,0.11380373338858286,8018,4122,0,66,31,23,0,0,1024.0,1024.0,1024.0,3.101008361950517,13.207514762878418,0.00012526946274844474,25.932130293000228,1.3347301483154297,1.396484375
fold1_seed29,cova3d_c50_frg_fold1_seed29,C50_FRG,1,29,1864415079,fbdb93fe8c701f7ef1a0c86eb54c7e20f6afcb3334eec45d058209ef57dc5a05,6642a4475ebd4023eeb60bbad3d69fd90f9fd3dd7326c61d31b7e9f242a756ef,23,24,120,1440,0.21958311002571804,0.050941942067790555,0.16864116887251537,8270,4113,0,50,37,33,0,0,1024.0,1024.0,1024.0,3.1947666987776757,17.377634048461914,0.00011339201459540494,25.940650289001496,1.3347301483154297,1.396484375
fold1_seed29,cova3d_c50_frg_fold1_seed29,C50_FRG,1,29,1864415079,fbdb93fe8c701f7ef1a0c86eb54c7e20f6afcb3334eec45d058209ef57dc5a05,6642a4475ebd4023eeb60bbad3d69fd90f9fd3dd7326c61d31b7e9f242a756ef,24,25,120,1500,0.1457639823361281,0.05292233367427646,0.09284164806207021,8156,4118,2,61,23,36,0,0,1024.0,1024.0,1024.0,3.5057522212465604,25.375473022460938,0.00010177037759260854,25.856150643001456,1.3347301483154297,1.396484375
fold1_seed29,cova3d_c50_frg_fold1_seed29,C50_FRG,1,29,1864415079,fbdb93fe8c701f7ef1a0c86eb54c7e20f6afcb3334eec45d058209ef57dc5a05,6642a4475ebd4023eeb60bbad3d69fd90f9fd3dd7326c61d31b7e9f242a756ef,25,26,120,1560,0.21380631563924907,0.05114473403418742,0.1626615822315216,8177,4055,2,55,28,37,0,0,1024.0,1024.0,1024.0,4.5353288751095535,21.575345993041992,9.048256542400759e-05,25.895249286999388,1.3347301483154297,1.396484375
fold1_seed29,cova3d_c50_frg_fold1_seed29,C50_FRG,1,29,1864415079,fbdb93fe8c701f7ef1a0c86eb54c7e20f6afcb3334eec45d058209ef57dc5a05,6642a4475ebd4023eeb60bbad3d69fd90f9fd3dd7326c61d31b7e9f242a756ef,26,27,120,1620,0.1302028097099291,0.04640691618214845,0.08379589219888052,8168,4182,1,59,37,24,0,0,1024.0,1024.0,1024.0,3.24661291235437,19.677261352539062,7.960435087538242e-05,25.83179099500012,1.3347301483154297,1.396484375
fold1_seed29,cova3d_c50_frg_fold1_seed29,C50_FRG,1,29,1864415079,fbdb93fe8c701f7ef1a0c86eb54c7e20f6afcb3334eec45d058209ef57dc5a05,6642a4475ebd4023eeb60bbad3d69fd90f9fd3dd7326c61d31b7e9f242a756ef,27,28,120,1680,0.1255573056125286,0.037028618559497774,0.08852868576844533,8311,4264,1,55,28,37,0,0,1024.0,1024.0,1024.0,2.481136029586196,12.596134185791016,6.920875718705205e-05,25.830674998000177,1.3347301483154297,1.396484375
fold1_seed29,cova3d_c50_frg_fold1_seed29,C50_FRG,1,29,1864415079,fbdb93fe8c701f7ef1a0c86eb54c7e20f6afcb3334eec45d058209ef57dc5a05,6642a4475ebd4023eeb60bbad3d69fd90f9fd3dd7326c61d31b7e9f242a756ef,28,29,120,1740,0.1681191896054467,0.04189743148084138,0.1262217586239179,8007,4085,0,57,32,31,0,0,1024.0,1024.0,1024.0,2.9252450107596815,21.672286987304688,5.936556786372413e-05,25.85843194500012,1.3347301483154297,1.396484375
fold1_seed29,cova3d_c50_frg_fold1_seed29,C50_FRG,1,29,1864415079,fbdb93fe8c701f7ef1a0c86eb54c7e20f6afcb3334eec45d058209ef57dc5a05,6642a4475ebd4023eeb60bbad3d69fd90f9fd3dd7326c61d31b7e9f242a756ef,29,30,120,1800,0.11808017714101121,0.027505824043623762,0.09057435244321824,8285,4192,0,57,29,34,0,0,1024.0,1024.0,1024.0,2.140657794413467,6.893823146820068,5.014085823202989e-05,25.87036788000114,1.3347301483154297,1.396484375
fold1_seed29,cova3d_c50_frg_fold1_seed29,C50_FRG,1,29,1864415079,fbdb93fe8c701f7ef1a0c86eb54c7e20f6afcb3334eec45d058209ef57dc5a05,6642a4475ebd4023eeb60bbad3d69fd90f9fd3dd7326c61d31b7e9f242a756ef,30,31,120,1860,0.12235627723700494,0.02503404105143166,0.09732223749160766,8062,4227,1,58,23,39,0,0,1024.0,1024.0,1024.0,1.791172528328995,8.591948509216309,4.159655189030408e-05,25.830385195999042,1.3347301483154297,1.396484375
fold1_seed29,cova3d_c50_frg_fold1_seed29,C50_FRG,1,29,1864415079,fbdb93fe8c701f7ef1a0c86eb54c7e20f6afcb3334eec45d058209ef57dc5a05,6642a4475ebd4023eeb60bbad3d69fd90f9fd3dd7326c61d31b7e9f242a756ef,31,32,120,1920,0.11732169977846449,0.021551686864647004,0.09577001333236694,8191,4230,0,65,27,28,0,0,1024.0,1024.0,1024.0,1.8314607250504196,11.00960636138916,3.379000502807257e-05,25.79948174099991,1.3347301483154297,1.396484375
fold1_seed29,cova3d_c50_frg_fold1_seed29,C50_FRG,1,29,1864415079,fbdb93fe8c701f7ef1a0c86eb54c7e20f6afcb3334eec45d058209ef57dc5a05,6642a4475ebd4023eeb60bbad3d69fd90f9fd3dd7326c61d31b7e9f242a756ef,32,33,120,1980,0.14387852310731736,0.03738341344343705,0.1064951111872991,8355,4263,0,70,30,20,0,0,1024.0,1024.0,1024.0,2.4235858492553235,16.79425811767578,2.6773621405624713e-05,25.84381880500041,1.3347301483154297,1.396484375
fold1_seed29,cova3d_c50_frg_fold1_seed29,C50_FRG,1,29,1864415079,fbdb93fe8c701f7ef1a0c86eb54c7e20f6afcb3334eec45d058209ef57dc5a05,6642a4475ebd4023eeb60bbad3d69fd90f9fd3dd7326c61d31b7e9f242a756ef,33,34,120,2040,0.14693244801786587,0.023635206768830838,0.12329724083344142,8004,3964,0,57,32,31,0,0,1024.0,1024.0,1024.0,2.0724502820832034,9.160612106323242,2.059450057823627e-05,25.876171082998553,1.3347301483154297,1.396484375
fold1_seed29,cova3d_c50_frg_fold1_seed29,C50_FRG,1,29,1864415079,fbdb93fe8c701f7ef1a0c86eb54c7e20f6afcb3334eec45d058209ef57dc5a05,6642a4475ebd4023eeb60bbad3d69fd90f9fd3dd7326c61d31b7e9f242a756ef,34,35,120,2100,0.14346164387485866,0.0202539668522301,0.12320767839749654,8139,4053,1,53,34,33,0,0,1024.0,1024.0,1024.0,1.796496838098392,21.554338455200195,1.5294121726440254e-05,25.865198187000715,1.3347301483154297,1.396484375
fold1_seed29,cova3d_c50_frg_fold1_seed29,C50_FRG,1,29,1864415079,fbdb93fe8c701f7ef1a0c86eb54c7e20f6afcb3334eec45d058209ef57dc5a05,6642a4475ebd4023eeb60bbad3d69fd90f9fd3dd7326c61d31b7e9f242a756ef,35,36,120,2160,0.11445180646581624,0.032739075557113514,0.08171273122231165,8478,4163,0,64,34,22,0,0,1024.0,1024.0,1024.0,2.5306783163764823,31.53265953063965,1.0908065214729997e-05,25.847813580001457,1.3347301483154297,1.396484375
fold1_seed29,cova3d_c50_frg_fold1_seed29,C50_FRG,1,29,1864415079,fbdb93fe8c701f7ef1a0c86eb54c7e20f6afcb3334eec45d058209ef57dc5a05,6642a4475ebd4023eeb60bbad3d69fd90f9fd3dd7326c61d31b7e9f242a756ef,36,37,120,2220,0.18010390655506398,0.07337762299723588,0.10672628482182821,8045,4083,0,57,32,31,0,0,1024.0,1024.0,1024.0,4.941211884981021,52.13151550292969,7.465773747813819e-06,25.784448679998604,1.3347301483154297,1.396484375
fold1_seed29,cova3d_c50_frg_fold1_seed29,C50_FRG,1,29,1864415079,fbdb93fe8c701f7ef1a0c86eb54c7e20f6afcb3334eec45d058209ef57dc5a05,6642a4475ebd4023eeb60bbad3d69fd90f9fd3dd7326c61d31b7e9f242a756ef,37,38,120,2280,0.10385427624250945,0.0262971383009092,0.07755713661511739,8363,4477,1,71,26,23,0,0,1024.0,1024.0,1024.0,2.5282955447832745,21.027494430541992,4.990354727730315e-06,25.764530369000568,1.3347301483154297,1.396484375
fold1_seed29,cova3d_c50_frg_fold1_seed29,C50_FRG,1,29,1864415079,fbdb93fe8c701f7ef1a0c86eb54c7e20f6afcb3334eec45d058209ef57dc5a05,6642a4475ebd4023eeb60bbad3d69fd90f9fd3dd7326c61d31b7e9f242a756ef,38,39,120,2340,0.14418201039522197,0.02294861231875984,0.12123339821894964,7900,4010,0,53,27,40,0,0,1024.0,1024.0,1024.0,2.071717631832386,15.707789421081543,3.498425138561358e-06,25.73484475299847,1.3347301483154297,1.396484375
fold1_seed29,cova3d_c50_frg_fold1_seed29,C50_FRG,1,29,1864415079,fbdb93fe8c701f7ef1a0c86eb54c7e20f6afcb3334eec45d058209ef57dc5a05,6642a4475ebd4023eeb60bbad3d69fd90f9fd3dd7326c61d31b7e9f242a756ef,39,40,120,2400,0.0991106586497646,0.021596131311090023,0.07751452773809434,8114,4310,2,58,27,35,0,0,1024.0,1024.0,1024.0,1.5119586419391757,13.688623428344727,3e-06,25.710626166999646,1.3347301483154297,1.396484375
fold1_seed29,cova3d_c100_coh_fold1_seed29,C100_COH,1,29,1864415079,fbdb93fe8c701f7ef1a0c86eb54c7e20f6afcb3334eec45d058209ef57dc5a05,6642a4475ebd4023eeb60bbad3d69fd90f9fd3dd7326c61d31b7e9f242a756ef,0,1,120,60,2.309988890774548,1.90486028312395,0.4051285887757937,7843,4055,2,58,30,32,2,2,1024.0,4096.0,1024.0,79.68008139928182,247.36695861816406,0.00017999999999999998,27.160628509000162,1.3320064544677734,1.37890625
fold1_seed29,cova3d_c100_coh_fold1_seed29,C100_COH,1,29,1864415079,fbdb93fe8c701f7ef1a0c86eb54c7e20f6afcb3334eec45d058209ef57dc5a05,6642a4475ebd4023eeb60bbad3d69fd90f9fd3dd7326c61d31b7e9f242a756ef,1,2,120,120,1.054390374039455,0.7330512014178869,0.32133917609850565,7670,3861,0,58,25,37,0,0,1024.0,1024.0,1024.0,25.186327950159708,88.25216674804688,0.0002999445918673937,26.342940561000432,1.3320064544677734,1.37890625
fold1_seed29,cova3d_c100_coh_fold1_seed29,C100_COH,1,29,1864415079,fbdb93fe8c701f7ef1a0c86eb54c7e20f6afcb3334eec45d058209ef57dc5a05,6642a4475ebd4023eeb60bbad3d69fd90f9fd3dd7326c61d31b7e9f242a756ef,2,3,120,180,0.7278981490943504,0.4583053719281452,0.2695927768945694,8269,4161,0,62,30,28,0,0,1024.0,1024.0,1024.0,10.265715710322063,55.63392639160156,0.0002991142965839822,26.273843130999012,1.3320064544677734,1.37890625
fold1_seed29,cova3d_c100_coh_fold1_seed29,C100_COH,1,29,1864415079,fbdb93fe8c701f7ef1a0c86eb54c7e20f6afcb3334eec45d058209ef57dc5a05,6642a4475ebd4023eeb60bbad3d69fd90f9fd3dd7326c61d31b7e9f242a756ef,3,4,120,240,0.48086732623778516,0.2957910005871478,0.1850763276219368,8119,4190,0,68,30,22,0,0,1024.0,1024.0,1024.0,6.711043576399486,19.691463470458984,0.0002972930965702204,26.079499806000968,1.3320064544677734,1.37890625
fold1_seed29,cova3d_c100_coh_fold1_seed29,C100_COH,1,29,1864415079,fbdb93fe8c701f7ef1a0c86eb54c7e20f6afcb3334eec45d058209ef57dc5a05,6642a4475ebd4023eeb60bbad3d69fd90f9fd3dd7326c61d31b7e9f242a756ef,4,5,120,300,0.4255493527335299,0.24851631612388397,0.177033036450545,8319,4329,1,61,29,30,0,0,1024.0,1024.0,1024.0,6.598803160587947,24.62995719909668,0.0002944932171711482,25.924488501999804,1.3320064544677734,1.37890625
fold1_seed29,cova3d_c100_coh_fold1_seed29,C100_COH,1,29,1864415079,fbdb93fe8c701f7ef1a0c86eb54c7e20f6afcb3334eec45d058209ef57dc5a05,6642a4475ebd4023eeb60bbad3d69fd90f9fd3dd7326c61d31b7e9f242a756ef,5,6,120,360,0.4527080553297613,0.25777909110620384,0.19492896497249604,7874,4044,0,57,32,31,0,0,1024.0,1024.0,1024.0,7.328909641504287,44.965980529785156,0.000290733453407337,26.013805317999868,1.3320064544677734,1.37890625
fold1_seed29,cova3d_c100_coh_fold1_seed29,C100_COH,1,29,1864415079,fbdb93fe8c701f7ef1a0c86eb54c7e20f6afcb3334eec45d058209ef57dc5a05,6642a4475ebd4023eeb60bbad3d69fd90f9fd3dd7326c61d31b7e9f242a756ef,6,7,120,420,0.4315457286856448,0.2187733007987845,0.21277242700258892,8017,3952,1,48,38,34,0,0,1024.0,1024.0,1024.0,6.974590655167898,38.21631622314453,0.0002860390438077423,26.100142889999915,1.3320064544677734,1.37890625
fold1_seed29,cova3d_c100_coh_fold1_seed29,C100_COH,1,29,1864415079,fbdb93fe8c701f7ef1a0c86eb54c7e20f6afcb3334eec45d058209ef57dc5a05,6642a4475ebd4023eeb60bbad3d69fd90f9fd3dd7326c61d31b7e9f242a756ef,7,8,120,480,0.3824027764610946,0.1910192924629276,0.19138348549604417,7594,3854,0,66,25,29,0,0,1024.0,1024.0,1024.0,6.399828173716863,49.93136978149414,0.00028044150098859483,26.05851794800037,1.3320064544677734,1.37890625
fold1_seed29,cova3d_c100_coh_fold1_seed29,C100_COH,1,29,1864415079,fbdb93fe8c701f7ef1a0c86eb54c7e20f6afcb3334eec45d058209ef57dc5a05,6642a4475ebd4023eeb60bbad3d69fd90f9fd3dd7326c61d31b7e9f242a756ef,8,9,120,540,0.2961971989226489,0.1510457764918101,0.1451514224211375,7522,3775,0,64,34,22,0,0,1024.0,1024.0,1024.0,5.298481419682503,18.462005615234375,0.0002739784001156218,26.00276850500086,1.3320064544677734,1.37890625
fold1_seed29,cova3d_c100_coh_fold1_seed29,C100_COH,1,29,1864415079,fbdb93fe8c701f7ef1a0c86eb54c7e20f6afcb3334eec45d058209ef57dc5a05,6642a4475ebd4023eeb60bbad3d69fd90f9fd3dd7326c61d31b7e9f242a756ef,9,10,120,600,0.2753982518236929,0.12777084935223684,0.14762740234533947,7910,4004,0,54,40,26,0,0,1024.0,1024.0,1024.0,5.310945200920105,25.217130661010742,0.0002666931266696063,26.008133404000546,1.3320064544677734,1.37890625
fold1_seed29,cova3d_c100_coh_fold1_seed29,C100_COH,1,29,1864415079,fbdb93fe8c701f7ef1a0c86eb54c7e20f6afcb3334eec45d058209ef57dc5a05,6642a4475ebd4023eeb60bbad3d69fd90f9fd3dd7326c61d31b7e9f242a756ef,10,11,120,660,0.26897382828792615,0.14496122920960866,0.12401259988546372,8119,4154,0,75,24,21,0,0,1024.0,1024.0,1024.0,7.076489804436763,52.65779113769531,0.0002586345852084849,25.99920754499908,1.3320064544677734,1.37890625
fold1_seed29,cova3d_c100_coh_fold1_seed29,C100_COH,1,29,1864415079,fbdb93fe8c701f7ef1a0c86eb54c7e20f6afcb3334eec45d058209ef57dc5a05,6642a4475ebd4023eeb60bbad3d69fd90f9fd3dd7326c61d31b7e9f242a756ef,11,12,120,720,0.2910881208370483,0.15370276272568237,0.13738535940647126,8164,4150,0,59,37,24,0,0,1024.0,1024.0,1024.0,6.654252366224925,52.79935073852539,0.0002498568710810032,25.986042653999903,1.3320064544677734,1.37890625
fold1_seed29,cova3d_c100_coh_fold1_seed29,C100_COH,1,29,1864415079,fbdb93fe8c701f7ef1a0c86eb54c7e20f6afcb3334eec45d058209ef57dc5a05,6642a4475ebd4023eeb60bbad3d69fd90f9fd3dd7326c61d31b7e9f242a756ef,12,13,120,780,0.21472885064667935,0.10329831558744142,0.11143053621053696,7890,4060,2,64,25,31,0,0,1024.0,1024.0,1024.0,4.08975152472655,23.030141830444336,0.0002404189072956492,25.98693541800094,1.3320064544677734,1.37890625
fold1_seed29,cova3d_c100_coh_fold1_seed29,C100_COH,1,29,1864415079,fbdb93fe8c701f7ef1a0c86eb54c7e20f6afcb3334eec45d058209ef57dc5a05,6642a4475ebd4023eeb60bbad3d69fd90f9fd3dd7326c61d31b7e9f242a756ef,13,14,120,840,0.1828503200371917,0.08582303950047958,0.0970272809267044,7806,4021,1,59,31,30,0,0,1024.0,1024.0,1024.0,4.277398447319865,32.068302154541016,0.00023038404898248976,25.934462388999236,1.3320064544677734,1.37890625
fold1_seed29,cova3d_c100_coh_fold1_seed29,C100_COH,1,29,1864415079,fbdb93fe8c701f7ef1a0c86eb54c7e20f6afcb3334eec45d058209ef57dc5a05,6642a4475ebd4023eeb60bbad3d69fd90f9fd3dd7326c61d31b7e9f242a756ef,14,15,120,900,0.20010401608459755,0.08636406101610333,0.11373995542526245,7625,3777,0,61,36,23,0,0,1024.0,1024.0,1024.0,5.15384604409337,29.30060577392578,0.00021981965810307605,25.964413881998553,1.3320064544677734,1.37890625
fold1_seed29,cova3d_c100_coh_fold1_seed29,C100_COH,1,29,1864415079,fbdb93fe8c701f7ef1a0c86eb54c7e20f6afcb3334eec45d058209ef57dc5a05,6642a4475ebd4023eeb60bbad3d69fd90f9fd3dd7326c61d31b7e9f242a756ef,15,16,120,960,0.14399048476614193,0.0627322468793949,0.08125823736190796,7879,4084,1,71,21,28,0,0,1024.0,1024.0,1024.0,3.9475990270574886,19.53005599975586,0.00020879665126330557,25.92272335100097,1.3320064544677734,1.37890625
fold1_seed29,cova3d_c100_coh_fold1_seed29,C100_COH,1,29,1864415079,fbdb93fe8c701f7ef1a0c86eb54c7e20f6afcb3334eec45d058209ef57dc5a05,6642a4475ebd4023eeb60bbad3d69fd90f9fd3dd7326c61d31b7e9f242a756ef,16,17,120,1020,0.1620356592656113,0.04959142819348585,0.1124442329009374,7931,3951,0,66,29,25,0,0,1024.0,1024.0,1024.0,3.37283747519056,19.11612892150879,0.00019738902366467966,25.95359505399938,1.3320064544677734,1.37890625
fold1_seed29,cova3d_c100_coh_fold1_seed29,C100_COH,1,29,1864415079,fbdb93fe8c701f7ef1a0c86eb54c7e20f6afcb3334eec45d058209ef57dc5a05,6642a4475ebd4023eeb60bbad3d69fd90f9fd3dd7326c61d31b7e9f242a756ef,17,18,120,1080,0.1867223319324192,0.07437702629159659,0.11234530657529831,8143,4084,0,62,23,35,0,0,1024.0,1024.0,1024.0,4.510169504458705,42.803104400634766,0.00018567335238957547,25.946354330999384,1.3320064544677734,1.37890625
fold1_seed29,cova3d_c100_coh_fold1_seed29,C100_COH,1,29,1864415079,fbdb93fe8c701f7ef1a0c86eb54c7e20f6afcb3334eec45d058209ef57dc5a05,6642a4475ebd4023eeb60bbad3d69fd90f9fd3dd7326c61d31b7e9f242a756ef,18,19,120,1140,0.1332504416174371,0.054835535522754476,0.07841490656137466,7932,4095,2,61,26,33,0,0,1024.0,1024.0,1024.0,4.103762671755006,21.003765106201172,0.0001737282823548769,25.882776333000947,1.3320064544677734,1.37890625
fold1_seed29,cova3d_c100_coh_fold1_seed29,C100_COH,1,29,1864415079,fbdb93fe8c701f7ef1a0c86eb54c7e20f6afcb3334eec45d058209ef57dc5a05,6642a4475ebd4023eeb60bbad3d69fd90f9fd3dd7326c61d31b7e9f242a756ef,19,20,120,1200,0.16199843143306983,0.07486490133460393,0.08713352928558986,7859,3915,0,58,38,24,0,0,1024.0,1024.0,1024.0,4.941555315628648,31.492097854614258,0.00016163399838465363,25.931727410999883,1.3320064544677734,1.37890625
fold1_seed29,cova3d_c100_coh_fold1_seed29,C100_COH,1,29,1864415079,fbdb93fe8c701f7ef1a0c86eb54c7e20f6afcb3334eec45d058209ef57dc5a05,6642a4475ebd4023eeb60bbad3d69fd90f9fd3dd7326c61d31b7e9f242a756ef,20,21,120,1260,0.1738112107050256,0.05447178085557122,0.11933943082888922,7941,4082,0,64,30,26,0,0,1024.0,1024.0,1024.0,3.9838479592775307,46.36025619506836,0.00014947168694575625,25.89793916599956,1.3320064544677734,1.37890625
fold1_seed29,cova3d_c100_coh_fold1_seed29,C100_COH,1,29,1864415079,fbdb93fe8c701f7ef1a0c86eb54c7e20f6afcb3334eec45d058209ef57dc5a05,6642a4475ebd4023eeb60bbad3d69fd90f9fd3dd7326c61d31b7e9f242a756ef,21,22,120,1320,0.10834484311953435,0.04793070854250609,0.060414134959379834,8150,4021,0,63,29,28,0,0,1024.0,1024.0,1024.0,3.177186203732466,15.594244003295898,0.0001373229911595876,25.834220340000684,1.3320064544677734,1.37890625
fold1_seed29,cova3d_c100_coh_fold1_seed29,C100_COH,1,29,1864415079,fbdb93fe8c701f7ef1a0c86eb54c7e20f6afcb3334eec45d058209ef57dc5a05,6642a4475ebd4023eeb60bbad3d69fd90f9fd3dd7326c61d31b7e9f242a756ef,22,23,120,1380,0.12839732405597412,0.028146229378095692,0.10025109450022379,8147,4155,0,66,31,23,0,0,1024.0,1024.0,1024.0,2.5511882830411197,11.804970741271973,0.00012526946274844474,25.845748116000323,1.3320064544677734,1.37890625
fold1_seed29,cova3d_c100_coh_fold1_seed29,C100_COH,1,29,1864415079,fbdb93fe8c701f7ef1a0c86eb54c7e20f6afcb3334eec45d058209ef57dc5a05,6642a4475ebd4023eeb60bbad3d69fd90f9fd3dd7326c61d31b7e9f242a756ef,23,24,120,1440,0.18019922308502373,0.027446798516804538,0.15275242626667024,8021,3927,0,50,37,33,0,0,1024.0,1024.0,1024.0,2.970629048207775,19.311748504638672,0.00011339201459540494,25.815511303000676,1.3320064544677734,1.37890625
fold1_seed29,cova3d_c100_coh_fold1_seed29,C100_COH,1,29,1864415079,fbdb93fe8c701f7ef1a0c86eb54c7e20f6afcb3334eec45d058209ef57dc5a05,6642a4475ebd4023eeb60bbad3d69fd90f9fd3dd7326c61d31b7e9f242a756ef,24,25,120,1500,0.12212865316592834,0.04475188639507337,0.07737676650285721,7906,3967,0,61,23,36,0,0,1024.0,1024.0,1024.0,3.3499201816506683,18.35132598876953,0.00010177037759260854,25.858768605001387,1.3320064544677734,1.37890625
fold1_seed29,cova3d_c100_coh_fold1_seed29,C100_COH,1,29,1864415079,fbdb93fe8c701f7ef1a0c86eb54c7e20f6afcb3334eec45d058209ef57dc5a05,6642a4475ebd4023eeb60bbad3d69fd90f9fd3dd7326c61d31b7e9f242a756ef,25,26,120,1560,0.1624333183881505,0.038438852348201755,0.12399446417888006,8327,4171,2,55,28,37,0,0,1024.0,1024.0,1024.0,3.51587508743008,25.732601165771484,9.048256542400759e-05,25.788866965000125,1.3320064544677734,1.37890625
fold1_seed29,cova3d_c100_coh_fold1_seed29,C100_COH,1,29,1864415079,fbdb93fe8c701f7ef1a0c86eb54c7e20f6afcb3334eec45d058209ef57dc5a05,6642a4475ebd4023eeb60bbad3d69fd90f9fd3dd7326c61d31b7e9f242a756ef,26,27,120,1620,0.0814525189324546,0.025601634154796674,0.055850884815057115,8287,4285,0,59,37,24,0,0,1024.0,1024.0,1024.0,2.661478520937574,23.008481979370117,7.960435087538242e-05,25.74251066099896,1.3320064544677734,1.37890625
fold1_seed29,cova3d_c100_coh_fold1_seed29,C100_COH,1,29,1864415079,fbdb93fe8c701f7ef1a0c86eb54c7e20f6afcb3334eec45d058209ef57dc5a05,6642a4475ebd4023eeb60bbad3d69fd90f9fd3dd7326c61d31b7e9f242a756ef,27,28,120,1680,0.11944168664238645,0.021864575936776494,0.09757710993289948,8059,3931,1,55,28,37,0,0,1024.0,1024.0,1024.0,2.485562099702656,16.600915908813477,6.920875718705205e-05,25.80786296199949,1.3320064544677734,1.37890625
fold1_seed29,cova3d_c100_coh_fold1_seed29,C100_COH,1,29,1864415079,fbdb93fe8c701f7ef1a0c86eb54c7e20f6afcb3334eec45d058209ef57dc5a05,6642a4475ebd4023eeb60bbad3d69fd90f9fd3dd7326c61d31b7e9f242a756ef,28,29,120,1740,0.12162135054519858,0.024656992141657123,0.09696435829003652,7852,4016,0,57,32,31,0,0,1024.0,1024.0,1024.0,2.8362161882221697,24.226293563842773,5.936556786372413e-05,25.860942406001413,1.3320064544677734,1.37890625
fold1_seed29,cova3d_c100_coh_fold1_seed29,C100_COH,1,29,1864415079,fbdb93fe8c701f7ef1a0c86eb54c7e20f6afcb3334eec45d058209ef57dc5a05,6642a4475ebd4023eeb60bbad3d69fd90f9fd3dd7326c61d31b7e9f242a756ef,29,30,120,1800,0.10072490428325788,0.02116438189773362,0.07956052323182423,8065,4084,0,57,29,34,0,0,1024.0,1024.0,1024.0,2.2790083518872657,23.31280517578125,5.014085823202989e-05,25.70792276499924,1.3320064544677734,1.37890625
fold1_seed29,cova3d_c100_coh_fold1_seed29,C100_COH,1,29,1864415079,fbdb93fe8c701f7ef1a0c86eb54c7e20f6afcb3334eec45d058209ef57dc5a05,6642a4475ebd4023eeb60bbad3d69fd90f9fd3dd7326c61d31b7e9f242a756ef,30,31,120,1860,0.09630817549020959,0.013860370561411447,0.08244780451059341,7991,4184,1,58,23,39,0,0,1024.0,1024.0,1024.0,1.2165708353742957,8.705470085144043,4.159655189030408e-05,25.69559211900014,1.3320064544677734,1.37890625
fold1_seed29,cova3d_c100_coh_fold1_seed29,C100_COH,1,29,1864415079,fbdb93fe8c701f7ef1a0c86eb54c7e20f6afcb3334eec45d058209ef57dc5a05,6642a4475ebd4023eeb60bbad3d69fd90f9fd3dd7326c61d31b7e9f242a756ef,31,32,120,1920,0.1030334994608313,0.017991120186088276,0.08504237979650497,7763,4063,0,65,27,28,0,0,1024.0,1024.0,1024.0,1.917472222695748,37.370994567871094,3.379000502807257e-05,25.705114608999793,1.3320064544677734,1.37890625
fold1_seed29,cova3d_c100_coh_fold1_seed29,C100_COH,1,29,1864415079,fbdb93fe8c701f7ef1a0c86eb54c7e20f6afcb3334eec45d058209ef57dc5a05,6642a4475ebd4023eeb60bbad3d69fd90f9fd3dd7326c61d31b7e9f242a756ef,32,33,120,1980,0.11697717908648526,0.028607105567100676,0.08837007333834966,8129,3943,0,70,30,20,0,0,1024.0,1024.0,1024.0,2.581078119696273,43.68349838256836,2.6773621405624713e-05,25.717621473999316,1.3320064544677734,1.37890625
fold1_seed29,cova3d_c100_coh_fold1_seed29,C100_COH,1,29,1864415079,fbdb93fe8c701f7ef1a0c86eb54c7e20f6afcb3334eec45d058209ef57dc5a05,6642a4475ebd4023eeb60bbad3d69fd90f9fd3dd7326c61d31b7e9f242a756ef,33,34,120,2040,0.13531851251794555,0.013638969269292527,0.12167954494555791,7940,3932,0,57,32,31,0,0,1024.0,1024.0,1024.0,1.9493698180963597,17.78608512878418,2.059450057823627e-05,25.761736332999135,1.3320064544677734,1.37890625
fold1_seed29,cova3d_c100_coh_fold1_seed29,C100_COH,1,29,1864415079,fbdb93fe8c701f7ef1a0c86eb54c7e20f6afcb3334eec45d058209ef57dc5a05,6642a4475ebd4023eeb60bbad3d69fd90f9fd3dd7326c61d31b7e9f242a756ef,34,35,120,2100,0.10326206022106514,0.013001606499960872,0.09026045401891072,8122,3958,1,53,34,33,0,0,1024.0,1024.0,1024.0,1.3423260427235315,9.455434799194336,1.5294121726440254e-05,25.618773524000062,1.3320064544677734,1.37890625
fold1_seed29,cova3d_c100_coh_fold1_seed29,C100_COH,1,29,1864415079,fbdb93fe8c701f7ef1a0c86eb54c7e20f6afcb3334eec45d058209ef57dc5a05,6642a4475ebd4023eeb60bbad3d69fd90f9fd3dd7326c61d31b7e9f242a756ef,35,36,120,2160,0.08366850381306297,0.015572269066865374,0.06809623489777247,8199,3970,0,64,34,22,0,0,1024.0,1024.0,1024.0,1.7315183424002802,14.120946884155273,1.0908065214729997e-05,25.640097037001397,1.3320064544677734,1.37890625
fold1_seed29,cova3d_c100_coh_fold1_seed29,C100_COH,1,29,1864415079,fbdb93fe8c701f7ef1a0c86eb54c7e20f6afcb3334eec45d058209ef57dc5a05,6642a4475ebd4023eeb60bbad3d69fd90f9fd3dd7326c61d31b7e9f242a756ef,36,37,120,2220,0.0945316906009707,0.02409343267279655,0.07043825685977936,8057,4142,0,57,32,31,0,0,1024.0,1024.0,1024.0,2.5277709596596347,45.739173889160156,7.465773747813819e-06,25.73430071799885,1.3320064544677734,1.37890625
fold1_seed29,cova3d_c100_coh_fold1_seed29,C100_COH,1,29,1864415079,fbdb93fe8c701f7ef1a0c86eb54c7e20f6afcb3334eec45d058209ef57dc5a05,6642a4475ebd4023eeb60bbad3d69fd90f9fd3dd7326c61d31b7e9f242a756ef,37,38,120,2280,0.07542963027201968,0.011607071038907435,0.06382255802551905,7976,4173,1,71,26,23,0,0,1024.0,1024.0,1024.0,1.1758064120619869,13.909660339355469,4.990354727730315e-06,25.659923444000015,1.3320064544677734,1.37890625
fold1_seed29,cova3d_c100_coh_fold1_seed29,C100_COH,1,29,1864415079,fbdb93fe8c701f7ef1a0c86eb54c7e20f6afcb3334eec45d058209ef57dc5a05,6642a4475ebd4023eeb60bbad3d69fd90f9fd3dd7326c61d31b7e9f242a756ef,38,39,120,2340,0.12021540452494671,0.012984893816117449,0.10723051180442174,7932,3984,0,53,27,40,0,0,1024.0,1024.0,1024.0,1.4430793174232046,11.64299488067627,3.498425138561358e-06,25.621783799000696,1.3320064544677734,1.37890625
fold1_seed29,cova3d_c100_coh_fold1_seed29,C100_COH,1,29,1864415079,fbdb93fe8c701f7ef1a0c86eb54c7e20f6afcb3334eec45d058209ef57dc5a05,6642a4475ebd4023eeb60bbad3d69fd90f9fd3dd7326c61d31b7e9f242a756ef,39,40,120,2400,0.0749540099217512,0.011096216259044193,0.06385779281457266,7987,4270,1,58,27,35,0,0,1024.0,1024.0,1024.0,1.0520128547602023,11.45030689239502,3e-06,25.596296159001213,1.3320064544677734,1.37890625
fold1_seed29,cova3d_c100_dis_fold1_seed29,C100_DIS,1,29,1864415079,fbdb93fe8c701f7ef1a0c86eb54c7e20f6afcb3334eec45d058209ef57dc5a05,6642a4475ebd4023eeb60bbad3d69fd90f9fd3dd7326c61d31b7e9f242a756ef,0,1,120,60,2.606338853094106,2.168789407191798,0.4375494509935379,8008,4138,0,58,30,32,3,3,512.0,4096.0,512.0,90.58394902547201,432.17218017578125,0.00017999999999999998,27.672600744999727,1.3322734832763672,1.44140625
fold1_seed29,cova3d_c100_dis_fold1_seed29,C100_DIS,1,29,1864415079,fbdb93fe8c701f7ef1a0c86eb54c7e20f6afcb3334eec45d058209ef57dc5a05,6642a4475ebd4023eeb60bbad3d69fd90f9fd3dd7326c61d31b7e9f242a756ef,1,2,120,120,1.2934781362613041,0.9126565443351865,0.3808215926090876,7771,3935,0,58,25,37,0,0,512.0,512.0,512.0,31.293003924687703,198.6859893798828,0.0002999445918673937,26.41244767399985,1.3322734832763672,1.44140625
fold1_seed29,cova3d_c100_dis_fold1_seed29,C100_DIS,1,29,1864415079,fbdb93fe8c701f7ef1a0c86eb54c7e20f6afcb3334eec45d058209ef57dc5a05,6642a4475ebd4023eeb60bbad3d69fd90f9fd3dd7326c61d31b7e9f242a756ef,2,3,120,180,0.9438553740270436,0.6156188819324597,0.32823649446169534,8413,4307,0,62,30,28,0,0,512.0,512.0,512.0,12.220203483104706,102.63197326660156,0.0002991142965839822,26.20051266900009,1.3322734832763672,1.44140625
fold1_seed29,cova3d_c100_dis_fold1_seed29,C100_DIS,1,29,1864415079,fbdb93fe8c701f7ef1a0c86eb54c7e20f6afcb3334eec45d058209ef57dc5a05,6642a4475ebd4023eeb60bbad3d69fd90f9fd3dd7326c61d31b7e9f242a756ef,3,4,120,240,0.7494023344169061,0.4730911273509264,0.2763112093011538,8093,4198,0,68,30,22,0,0,512.0,512.0,512.0,6.963843921820323,20.638681411743164,0.0002972930965702204,26.03789558599965,1.3322734832763672,1.44140625
fold1_seed29,cova3d_c100_dis_fold1_seed29,C100_DIS,1,29,1864415079,fbdb93fe8c701f7ef1a0c86eb54c7e20f6afcb3334eec45d058209ef57dc5a05,6642a4475ebd4023eeb60bbad3d69fd90f9fd3dd7326c61d31b7e9f242a756ef,4,5,120,300,0.6860185564806064,0.4259763006897022,0.2600422531366348,8481,4472,0,61,29,30,0,0,512.0,512.0,512.0,6.24197279214859,18.373708724975586,0.0002944932171711482,26.08004596899991,1.3322734832763672,1.44140625
fold1_seed29,cova3d_c100_dis_fold1_seed29,C100_DIS,1,29,1864415079,fbdb93fe8c701f7ef1a0c86eb54c7e20f6afcb3334eec45d058209ef57dc5a05,6642a4475ebd4023eeb60bbad3d69fd90f9fd3dd7326c61d31b7e9f242a756ef,5,6,120,360,0.6783277176941435,0.4053376058737437,0.2729901115099589,7746,3913,0,57,32,31,0,0,512.0,512.0,512.0,6.701519421736399,17.04021644592285,0.000290733453407337,26.112872256000628,1.3322734832763672,1.44140625
fold1_seed29,cova3d_c100_dis_fold1_seed29,C100_DIS,1,29,1864415079,fbdb93fe8c701f7ef1a0c86eb54c7e20f6afcb3334eec45d058209ef57dc5a05,6642a4475ebd4023eeb60bbad3d69fd90f9fd3dd7326c61d31b7e9f242a756ef,6,7,120,420,0.704739793902263,0.408844863018021,0.29589493324359256,8225,4074,1,48,38,34,0,0,512.0,512.0,512.0,7.023358722527822,25.687448501586914,0.0002860390438077423,26.156866987001195,1.3322734832763672,1.44140625
fold1_seed29,cova3d_c100_dis_fold1_seed29,C100_DIS,1,29,1864415079,fbdb93fe8c701f7ef1a0c86eb54c7e20f6afcb3334eec45d058209ef57dc5a05,6642a4475ebd4023eeb60bbad3d69fd90f9fd3dd7326c61d31b7e9f242a756ef,7,8,120,480,0.6160823080067833,0.3698892887060841,0.24619301855564119,7458,3795,0,66,25,29,0,0,512.0,512.0,512.0,6.569705208142598,18.534414291381836,0.00028044150098859483,26.12309542299954,1.3322734832763672,1.44140625
fold1_seed29,cova3d_c100_dis_fold1_seed29,C100_DIS,1,29,1864415079,fbdb93fe8c701f7ef1a0c86eb54c7e20f6afcb3334eec45d058209ef57dc5a05,6642a4475ebd4023eeb60bbad3d69fd90f9fd3dd7326c61d31b7e9f242a756ef,8,9,120,540,0.5608640072246392,0.337836963776499,0.2230270430445671,7777,3926,0,64,34,22,0,0,512.0,512.0,512.0,6.5072018583615625,12.663811683654785,0.0002739784001156218,26.092236538999714,1.3322734832763672,1.44140625
fold1_seed29,cova3d_c100_dis_fold1_seed29,C100_DIS,1,29,1864415079,fbdb93fe8c701f7ef1a0c86eb54c7e20f6afcb3334eec45d058209ef57dc5a05,6642a4475ebd4023eeb60bbad3d69fd90f9fd3dd7326c61d31b7e9f242a756ef,9,10,120,600,0.5402319802902639,0.30173905454576017,0.23849292546510698,8023,4031,0,54,40,26,0,0,512.0,512.0,512.0,5.846131859223048,21.4992618560791,0.0002666931266696063,26.102032796999993,1.3322734832763672,1.44140625
fold1_seed29,cova3d_c100_dis_fold1_seed29,C100_DIS,1,29,1864415079,fbdb93fe8c701f7ef1a0c86eb54c7e20f6afcb3334eec45d058209ef57dc5a05,6642a4475ebd4023eeb60bbad3d69fd90f9fd3dd7326c61d31b7e9f242a756ef,10,11,120,660,0.5525447172112763,0.33168781421457727,0.2208569034934044,7911,3965,0,75,24,21,0,0,512.0,512.0,512.0,6.183472983042399,24.546361923217773,0.0002586345852084849,26.068764575999012,1.3322734832763672,1.44140625
fold1_seed29,cova3d_c100_dis_fold1_seed29,C100_DIS,1,29,1864415079,fbdb93fe8c701f7ef1a0c86eb54c7e20f6afcb3334eec45d058209ef57dc5a05,6642a4475ebd4023eeb60bbad3d69fd90f9fd3dd7326c61d31b7e9f242a756ef,11,12,120,720,0.44720997132050494,0.2767296033484551,0.17048036803801855,7890,3927,0,59,37,24,0,0,512.0,512.0,512.0,6.220765050252279,19.114830017089844,0.0002498568710810032,26.012648269999772,1.3322734832763672,1.44140625
fold1_seed29,cova3d_c100_dis_fold1_seed29,C100_DIS,1,29,1864415079,fbdb93fe8c701f7ef1a0c86eb54c7e20f6afcb3334eec45d058209ef57dc5a05,6642a4475ebd4023eeb60bbad3d69fd90f9fd3dd7326c61d31b7e9f242a756ef,12,13,120,780,0.4173080202036848,0.24427703941085685,0.17303097993135452,7736,3906,0,64,25,31,0,0,512.0,512.0,512.0,6.176295006275177,20.528907775878906,0.0002404189072956492,25.996492029000365,1.3322734832763672,1.44140625
fold1_seed29,cova3d_c100_dis_fold1_seed29,C100_DIS,1,29,1864415079,fbdb93fe8c701f7ef1a0c86eb54c7e20f6afcb3334eec45d058209ef57dc5a05,6642a4475ebd4023eeb60bbad3d69fd90f9fd3dd7326c61d31b7e9f242a756ef,13,14,120,840,0.41320533987212305,0.2397941931353368,0.1734111487865448,7680,3972,0,59,31,30,0,0,512.0,512.0,512.0,6.428125538428625,21.179508209228516,0.00023038404898248976,25.984610085000895,1.3322734832763672,1.44140625
fold1_seed29,cova3d_c100_dis_fold1_seed29,C100_DIS,1,29,1864415079,fbdb93fe8c701f7ef1a0c86eb54c7e20f6afcb3334eec45d058209ef57dc5a05,6642a4475ebd4023eeb60bbad3d69fd90f9fd3dd7326c61d31b7e9f242a756ef,14,15,120,900,0.4454001002634565,0.2532948216772638,0.19210527688264847,7713,3887,0,61,36,23,0,0,512.0,512.0,512.0,5.922492227951685,31.71133041381836,0.00021981965810307605,26.093203051999808,1.3322734832763672,1.44140625
fold1_seed29,cova3d_c100_dis_fold1_seed29,C100_DIS,1,29,1864415079,fbdb93fe8c701f7ef1a0c86eb54c7e20f6afcb3334eec45d058209ef57dc5a05,6642a4475ebd4023eeb60bbad3d69fd90f9fd3dd7326c61d31b7e9f242a756ef,15,16,120,960,0.35911290952159713,0.21341722487025738,0.1456956833600998,8101,4229,0,71,21,28,0,0,512.0,512.0,512.0,6.231506442030271,28.06159019470215,0.00020879665126330557,26.02658498800156,1.3322734832763672,1.44140625
fold1_seed29,cova3d_c100_dis_fold1_seed29,C100_DIS,1,29,1864415079,fbdb93fe8c701f7ef1a0c86eb54c7e20f6afcb3334eec45d058209ef57dc5a05,6642a4475ebd4023eeb60bbad3d69fd90f9fd3dd7326c61d31b7e9f242a756ef,16,17,120,1020,0.3658501766854897,0.19914346666579755,0.16670671105384827,7842,3895,0,66,29,25,0,0,512.0,512.0,512.0,5.813421185811361,16.885705947875977,0.00019738902366467966,26.048018187999332,1.3322734832763672,1.44140625
fold1_seed29,cova3d_c100_dis_fold1_seed29,C100_DIS,1,29,1864415079,fbdb93fe8c701f7ef1a0c86eb54c7e20f6afcb3334eec45d058209ef57dc5a05,6642a4475ebd4023eeb60bbad3d69fd90f9fd3dd7326c61d31b7e9f242a756ef,17,18,120,1080,0.35913785367350404,0.20242557127106314,0.15671228071053822,8050,4029,0,62,23,35,0,0,512.0,512.0,512.0,6.497443183263143,33.05706787109375,0.00018567335238957547,26.006470071000876,1.3322734832763672,1.44140625
fold1_seed29,cova3d_c100_dis_fold1_seed29,C100_DIS,1,29,1864415079,fbdb93fe8c701f7ef1a0c86eb54c7e20f6afcb3334eec45d058209ef57dc5a05,6642a4475ebd4023eeb60bbad3d69fd90f9fd3dd7326c61d31b7e9f242a756ef,18,19,120,1140,0.33387258065243564,0.19336559192937178,0.14050698777039847,7898,4111,0,61,26,33,0,0,512.0,512.0,512.0,6.455671678980192,23.450613021850586,0.0001737282823548769,26.019070983998972,1.3322734832763672,1.44140625
fold1_seed29,cova3d_c100_dis_fold1_seed29,C100_DIS,1,29,1864415079,fbdb93fe8c701f7ef1a0c86eb54c7e20f6afcb3334eec45d058209ef57dc5a05,6642a4475ebd4023eeb60bbad3d69fd90f9fd3dd7326c61d31b7e9f242a756ef,19,20,120,1200,0.3214623442307735,0.1820399127493147,0.13942242960135143,7794,3875,0,58,38,24,0,0,512.0,512.0,512.0,5.991325643658638,16.081932067871094,0.00016163399838465363,26.076857828998982,1.3322734832763672,1.44140625
fold1_seed29,cova3d_c100_dis_fold1_seed29,C100_DIS,1,29,1864415079,fbdb93fe8c701f7ef1a0c86eb54c7e20f6afcb3334eec45d058209ef57dc5a05,6642a4475ebd4023eeb60bbad3d69fd90f9fd3dd7326c61d31b7e9f242a756ef,20,21,120,1260,0.28852672447101213,0.14690984716192665,0.14161687542994816,7756,3951,0,64,30,26,0,0,512.0,512.0,512.0,4.742045046885808,15.708552360534668,0.00014947168694575625,25.997079000999292,1.3322734832763672,1.44140625
fold1_seed29,cova3d_c100_dis_fold1_seed29,C100_DIS,1,29,1864415079,fbdb93fe8c701f7ef1a0c86eb54c7e20f6afcb3334eec45d058209ef57dc5a05,6642a4475ebd4023eeb60bbad3d69fd90f9fd3dd7326c61d31b7e9f242a756ef,21,22,120,1320,0.2218403558207986,0.11673828574906414,0.10510206917921702,8007,3948,0,63,29,28,0,0,512.0,512.0,512.0,4.38168891419967,12.797303199768066,0.0001373229911595876,25.94747709600051,1.3322734832763672,1.44140625
fold1_seed29,cova3d_c100_dis_fold1_seed29,C100_DIS,1,29,1864415079,fbdb93fe8c701f7ef1a0c86eb54c7e20f6afcb3334eec45d058209ef57dc5a05,6642a4475ebd4023eeb60bbad3d69fd90f9fd3dd7326c61d31b7e9f242a756ef,22,23,120,1380,0.2499585632060189,0.12148129583899087,0.12847726891438166,7934,4023,0,66,31,23,0,0,512.0,512.0,512.0,4.660526065528392,14.017244338989258,0.00012526946274844474,25.93907596200006,1.3322734832763672,1.44140625
fold1_seed29,cova3d_c100_dis_fold1_seed29,C100_DIS,1,29,1864415079,fbdb93fe8c701f7ef1a0c86eb54c7e20f6afcb3334eec45d058209ef57dc5a05,6642a4475ebd4023eeb60bbad3d69fd90f9fd3dd7326c61d31b7e9f242a756ef,23,24,120,1440,0.2519446136095212,0.10452783060706376,0.14741678088903426,8011,3932,0,50,37,33,0,0,512.0,512.0,512.0,5.050558223823706,20.937923431396484,0.00011339201459540494,25.94530914400093,1.3322734832763672,1.44140625
fold1_seed29,cova3d_c100_dis_fold1_seed29,C100_DIS,1,29,1864415079,fbdb93fe8c701f7ef1a0c86eb54c7e20f6afcb3334eec45d058209ef57dc5a05,6642a4475ebd4023eeb60bbad3d69fd90f9fd3dd7326c61d31b7e9f242a756ef,24,25,120,1500,0.19760037936242345,0.10365630383231898,0.09394407421350479,7933,3960,0,61,23,36,0,0,512.0,512.0,512.0,4.249738468726476,26.0911808013916,0.00010177037759260854,25.934007806999944,1.3322734832763672,1.44140625
fold1_seed29,cova3d_c100_dis_fold1_seed29,C100_DIS,1,29,1864415079,fbdb93fe8c701f7ef1a0c86eb54c7e20f6afcb3334eec45d058209ef57dc5a05,6642a4475ebd4023eeb60bbad3d69fd90f9fd3dd7326c61d31b7e9f242a756ef,25,26,120,1560,0.265794787783913,0.11648572252888698,0.14930906742811204,8246,4116,2,55,28,37,0,0,512.0,512.0,512.0,6.130862120787302,36.43748474121094,9.048256542400759e-05,25.9505567340002,1.3322734832763672,1.44140625
fold1_seed29,cova3d_c100_dis_fold1_seed29,C100_DIS,1,29,1864415079,fbdb93fe8c701f7ef1a0c86eb54c7e20f6afcb3334eec45d058209ef57dc5a05,6642a4475ebd4023eeb60bbad3d69fd90f9fd3dd7326c61d31b7e9f242a756ef,26,27,120,1620,0.16865588194724712,0.08728902339313625,0.08136685887972514,8289,4303,0,59,37,24,0,0,512.0,512.0,512.0,4.2698842243601876,14.495076179504395,7.960435087538242e-05,25.93215471700023,1.3322734832763672,1.44140625
fold1_seed29,cova3d_c100_dis_fold1_seed29,C100_DIS,1,29,1864415079,fbdb93fe8c701f7ef1a0c86eb54c7e20f6afcb3334eec45d058209ef57dc5a05,6642a4475ebd4023eeb60bbad3d69fd90f9fd3dd7326c61d31b7e9f242a756ef,27,28,120,1680,0.15667145769110297,0.0722899743151326,0.0843814825018247,8038,3956,1,55,28,37,0,0,512.0,512.0,512.0,3.364935638507207,10.149351119995117,6.920875718705205e-05,25.943212074000257,1.3322734832763672,1.44140625
fold1_seed29,cova3d_c100_dis_fold1_seed29,C100_DIS,1,29,1864415079,fbdb93fe8c701f7ef1a0c86eb54c7e20f6afcb3334eec45d058209ef57dc5a05,6642a4475ebd4023eeb60bbad3d69fd90f9fd3dd7326c61d31b7e9f242a756ef,28,29,120,1740,0.19434548845044144,0.08713859170469125,0.10720689644416173,8019,4083,0,57,32,31,0,0,512.0,512.0,512.0,4.947377148518959,56.51850509643555,5.936556786372413e-05,25.918975388000035,1.3322734832763672,1.44140625
fold1_seed29,cova3d_c100_dis_fold1_seed29,C100_DIS,1,29,1864415079,fbdb93fe8c701f7ef1a0c86eb54c7e20f6afcb3334eec45d058209ef57dc5a05,6642a4475ebd4023eeb60bbad3d69fd90f9fd3dd7326c61d31b7e9f242a756ef,29,30,120,1800,0.1549522283198409,0.07054212039632451,0.0844101091225942,8077,4028,0,57,29,34,0,0,512.0,512.0,512.0,4.371000718449553,29.382144927978516,5.014085823202989e-05,25.935486205000416,1.3322734832763672,1.44140625
fold1_seed29,cova3d_c100_dis_fold1_seed29,C100_DIS,1,29,1864415079,fbdb93fe8c701f7ef1a0c86eb54c7e20f6afcb3334eec45d058209ef57dc5a05,6642a4475ebd4023eeb60bbad3d69fd90f9fd3dd7326c61d31b7e9f242a756ef,30,31,120,1860,0.16400708049060123,0.06489783836363448,0.0991092418630918,7943,4131,0,58,23,39,0,0,512.0,512.0,512.0,3.9649098690599205,32.46533203125,4.159655189030408e-05,25.816789419999623,1.3322734832763672,1.44140625
fold1_seed29,cova3d_c100_dis_fold1_seed29,C100_DIS,1,29,1864415079,fbdb93fe8c701f7ef1a0c86eb54c7e20f6afcb3334eec45d058209ef57dc5a05,6642a4475ebd4023eeb60bbad3d69fd90f9fd3dd7326c61d31b7e9f242a756ef,31,32,120,1920,0.1483424084837073,0.0640592404256798,0.08428316762049994,7975,4195,0,65,27,28,0,0,512.0,512.0,512.0,3.751623451213042,22.321178436279297,3.379000502807257e-05,25.720868877000612,1.3322734832763672,1.44140625
fold1_seed29,cova3d_c100_dis_fold1_seed29,C100_DIS,1,29,1864415079,fbdb93fe8c701f7ef1a0c86eb54c7e20f6afcb3334eec45d058209ef57dc5a05,6642a4475ebd4023eeb60bbad3d69fd90f9fd3dd7326c61d31b7e9f242a756ef,32,33,120,1980,0.15011730010204094,0.06630914351104972,0.08380815784136454,8222,4050,0,70,30,20,0,0,512.0,512.0,512.0,3.753286187723279,18.563350677490234,2.6773621405624713e-05,25.883981553000922,1.3322734832763672,1.44140625
fold1_seed29,cova3d_c100_dis_fold1_seed29,C100_DIS,1,29,1864415079,fbdb93fe8c701f7ef1a0c86eb54c7e20f6afcb3334eec45d058209ef57dc5a05,6642a4475ebd4023eeb60bbad3d69fd90f9fd3dd7326c61d31b7e9f242a756ef,33,34,120,2040,0.1724274052246983,0.06638947788948522,0.10603792667388916,7865,3893,0,57,32,31,0,0,512.0,512.0,512.0,3.9268702451139688,13.447144508361816,2.059450057823627e-05,25.9917549769998,1.3322734832763672,1.44140625
fold1_seed29,cova3d_c100_dis_fold1_seed29,C100_DIS,1,29,1864415079,fbdb93fe8c701f7ef1a0c86eb54c7e20f6afcb3334eec45d058209ef57dc5a05,6642a4475ebd4023eeb60bbad3d69fd90f9fd3dd7326c61d31b7e9f242a756ef,34,35,120,2100,0.13868189383247226,0.04508228196112517,0.09359961201747259,8309,4104,0,53,34,33,0,0,512.0,512.0,512.0,3.288114832962553,18.00967788696289,1.5294121726440254e-05,25.889526417000525,1.3322734832763672,1.44140625
fold1_seed29,cova3d_c100_dis_fold1_seed29,C100_DIS,1,29,1864415079,fbdb93fe8c701f7ef1a0c86eb54c7e20f6afcb3334eec45d058209ef57dc5a05,6642a4475ebd4023eeb60bbad3d69fd90f9fd3dd7326c61d31b7e9f242a756ef,35,36,120,2160,0.12122334904197488,0.0581409805189954,0.06308236867189407,8353,4132,0,64,34,22,0,0,512.0,512.0,512.0,3.8302568866560858,31.483991622924805,1.0908065214729997e-05,25.89472062800087,1.3322734832763672,1.44140625
fold1_seed29,cova3d_c100_dis_fold1_seed29,C100_DIS,1,29,1864415079,fbdb93fe8c701f7ef1a0c86eb54c7e20f6afcb3334eec45d058209ef57dc5a05,6642a4475ebd4023eeb60bbad3d69fd90f9fd3dd7326c61d31b7e9f242a756ef,36,37,120,2220,0.16414714826836038,0.08044348043658829,0.08370366642872493,8134,4188,0,57,32,31,0,0,512.0,512.0,512.0,5.799567411839962,44.086090087890625,7.465773747813819e-06,25.750021627000024,1.3322734832763672,1.44140625
fold1_seed29,cova3d_c100_dis_fold1_seed29,C100_DIS,1,29,1864415079,fbdb93fe8c701f7ef1a0c86eb54c7e20f6afcb3334eec45d058209ef57dc5a05,6642a4475ebd4023eeb60bbad3d69fd90f9fd3dd7326c61d31b7e9f242a756ef,37,38,120,2280,0.1243345189367877,0.043488085430605374,0.08084643334150314,8036,4254,0,71,26,23,0,0,512.0,512.0,512.0,2.3667851746082307,15.413517951965332,4.990354727730315e-06,25.803553417999865,1.3322734832763672,1.44140625
fold1_seed29,cova3d_c100_dis_fold1_seed29,C100_DIS,1,29,1864415079,fbdb93fe8c701f7ef1a0c86eb54c7e20f6afcb3334eec45d058209ef57dc5a05,6642a4475ebd4023eeb60bbad3d69fd90f9fd3dd7326c61d31b7e9f242a756ef,38,39,120,2340,0.1420700696699593,0.04807775241897616,0.09399231572945912,8115,4149,0,53,27,40,0,0,512.0,512.0,512.0,3.168323532616099,19.0455265045166,3.498425138561358e-06,25.81633642700035,1.3322734832763672,1.44140625
fold1_seed29,cova3d_c100_dis_fold1_seed29,C100_DIS,1,29,1864415079,fbdb93fe8c701f7ef1a0c86eb54c7e20f6afcb3334eec45d058209ef57dc5a05,6642a4475ebd4023eeb60bbad3d69fd90f9fd3dd7326c61d31b7e9f242a756ef,39,40,120,2400,0.12245415576168549,0.0472919728913439,0.07516218225161235,8021,4286,0,58,27,35,0,0,512.0,512.0,512.0,3.24987816841652,25.095603942871094,3e-06,25.882364056998995,1.3322734832763672,1.44140625
fold1_seed29,cova3d_c100_frg_fold1_seed29,C100_FRG,1,29,1864415079,fbdb93fe8c701f7ef1a0c86eb54c7e20f6afcb3334eec45d058209ef57dc5a05,6642a4475ebd4023eeb60bbad3d69fd90f9fd3dd7326c61d31b7e9f242a756ef,0,1,120,60,2.5162051550423103,2.0729232762620087,0.44328187555074694,7795,4032,1,58,30,32,4,4,256.0,4096.0,256.0,96.9623210589091,704.017822265625,0.00017999999999999998,28.004440451000846,1.3347759246826172,1.408203125
fold1_seed29,cova3d_c100_frg_fold1_seed29,C100_FRG,1,29,1864415079,fbdb93fe8c701f7ef1a0c86eb54c7e20f6afcb3334eec45d058209ef57dc5a05,6642a4475ebd4023eeb60bbad3d69fd90f9fd3dd7326c61d31b7e9f242a756ef,1,2,120,120,1.2609823303297163,0.9003562794998288,0.3606260528167089,7790,3973,0,58,25,37,0,0,256.0,256.0,256.0,30.57715721130371,197.9785614013672,0.0002999445918673937,26.138286760000483,1.3347759246826172,1.408203125
fold1_seed29,cova3d_c100_frg_fold1_seed29,C100_FRG,1,29,1864415079,fbdb93fe8c701f7ef1a0c86eb54c7e20f6afcb3334eec45d058209ef57dc5a05,6642a4475ebd4023eeb60bbad3d69fd90f9fd3dd7326c61d31b7e9f242a756ef,2,3,120,180,0.8670246057212353,0.5579116889586051,0.3091129203637441,8389,4247,0,62,30,28,0,0,256.0,256.0,256.0,9.359658567110698,58.55294418334961,0.0002991142965839822,26.030460550000498,1.3347759246826172,1.408203125
fold1_seed29,cova3d_c100_frg_fold1_seed29,C100_FRG,1,29,1864415079,fbdb93fe8c701f7ef1a0c86eb54c7e20f6afcb3334eec45d058209ef57dc5a05,6642a4475ebd4023eeb60bbad3d69fd90f9fd3dd7326c61d31b7e9f242a756ef,3,4,120,240,0.6778472572565079,0.4244149343421062,0.2534323235352834,8159,4268,0,68,30,22,0,0,256.0,256.0,256.0,6.196340731779734,22.475507736206055,0.0002972930965702204,26.09846004300016,1.3347759246826172,1.408203125
fold1_seed29,cova3d_c100_frg_fold1_seed29,C100_FRG,1,29,1864415079,fbdb93fe8c701f7ef1a0c86eb54c7e20f6afcb3334eec45d058209ef57dc5a05,6642a4475ebd4023eeb60bbad3d69fd90f9fd3dd7326c61d31b7e9f242a756ef,4,5,120,300,0.60927962915351,0.3781145165363948,0.23116511553525926,8423,4451,1,61,29,30,0,0,256.0,256.0,256.0,6.430522151788076,17.880535125732422,0.0002944932171711482,26.03607868600011,1.3347759246826172,1.408203125
fold1_seed29,cova3d_c100_frg_fold1_seed29,C100_FRG,1,29,1864415079,fbdb93fe8c701f7ef1a0c86eb54c7e20f6afcb3334eec45d058209ef57dc5a05,6642a4475ebd4023eeb60bbad3d69fd90f9fd3dd7326c61d31b7e9f242a756ef,5,6,120,360,0.6211702077959974,0.36971472459845245,0.25145547837018967,7803,3944,0,57,32,31,0,0,256.0,256.0,256.0,6.819605147838592,46.97934341430664,0.000290733453407337,26.04760154199903,1.3347759246826172,1.408203125
fold1_seed29,cova3d_c100_frg_fold1_seed29,C100_FRG,1,29,1864415079,fbdb93fe8c701f7ef1a0c86eb54c7e20f6afcb3334eec45d058209ef57dc5a05,6642a4475ebd4023eeb60bbad3d69fd90f9fd3dd7326c61d31b7e9f242a756ef,6,7,120,420,0.6156950812165936,0.3521329409132401,0.263562140862147,8299,4151,1,48,38,34,0,0,256.0,256.0,256.0,6.251602733135224,26.635250091552734,0.0002860390438077423,25.917232105999574,1.3347759246826172,1.408203125
fold1_seed29,cova3d_c100_frg_fold1_seed29,C100_FRG,1,29,1864415079,fbdb93fe8c701f7ef1a0c86eb54c7e20f6afcb3334eec45d058209ef57dc5a05,6642a4475ebd4023eeb60bbad3d69fd90f9fd3dd7326c61d31b7e9f242a756ef,7,8,120,480,0.5474146652649021,0.3284761284160292,0.21893854240576427,7571,3860,0,66,25,29,0,0,256.0,256.0,256.0,5.529407666126887,15.732309341430664,0.00028044150098859483,25.941373056000884,1.3347759246826172,1.408203125
fold1_seed29,cova3d_c100_frg_fold1_seed29,C100_FRG,1,29,1864415079,fbdb93fe8c701f7ef1a0c86eb54c7e20f6afcb3334eec45d058209ef57dc5a05,6642a4475ebd4023eeb60bbad3d69fd90f9fd3dd7326c61d31b7e9f242a756ef,8,9,120,540,0.4680237028398551,0.2717194150784053,0.1963042880098025,7717,3836,0,64,34,22,0,0,256.0,256.0,256.0,4.839446989695231,18.9488468170166,0.0002739784001156218,26.017533012000058,1.3347759246826172,1.408203125
fold1_seed29,cova3d_c100_frg_fold1_seed29,C100_FRG,1,29,1864415079,fbdb93fe8c701f7ef1a0c86eb54c7e20f6afcb3334eec45d058209ef57dc5a05,6642a4475ebd4023eeb60bbad3d69fd90f9fd3dd7326c61d31b7e9f242a756ef,9,10,120,600,0.5059782043875506,0.2841083199639494,0.22186988194783527,7969,4004,0,54,40,26,0,0,256.0,256.0,256.0,5.795931196212768,16.060222625732422,0.0002666931266696063,25.831009318000724,1.3347759246826172,1.408203125
fold1_seed29,cova3d_c100_frg_fold1_seed29,C100_FRG,1,29,1864415079,fbdb93fe8c701f7ef1a0c86eb54c7e20f6afcb3334eec45d058209ef57dc5a05,6642a4475ebd4023eeb60bbad3d69fd90f9fd3dd7326c61d31b7e9f242a756ef,10,11,120,660,0.46922356424232325,0.27547269529507806,0.1937508707245191,8181,4129,0,75,24,21,0,0,256.0,256.0,256.0,6.354715971151988,40.490570068359375,0.0002586345852084849,25.898730943999908,1.3347759246826172,1.408203125
fold1_seed29,cova3d_c100_frg_fold1_seed29,C100_FRG,1,29,1864415079,fbdb93fe8c701f7ef1a0c86eb54c7e20f6afcb3334eec45d058209ef57dc5a05,6642a4475ebd4023eeb60bbad3d69fd90f9fd3dd7326c61d31b7e9f242a756ef,11,12,120,720,0.4258961463153052,0.26011767264377944,0.16577847301959991,8114,4078,0,59,37,24,0,0,256.0,256.0,256.0,6.635194321473439,34.018402099609375,0.0002498568710810032,25.92220803700002,1.3347759246826172,1.408203125
fold1_seed29,cova3d_c100_frg_fold1_seed29,C100_FRG,1,29,1864415079,fbdb93fe8c701f7ef1a0c86eb54c7e20f6afcb3334eec45d058209ef57dc5a05,6642a4475ebd4023eeb60bbad3d69fd90f9fd3dd7326c61d31b7e9f242a756ef,12,13,120,780,0.4195548858183126,0.24423015375311177,0.17532473256190617,7815,3970,1,64,25,31,0,0,256.0,256.0,256.0,5.738003794352213,21.906248092651367,0.0002404189072956492,25.86496862199965,1.3347759246826172,1.408203125
fold1_seed29,cova3d_c100_frg_fold1_seed29,C100_FRG,1,29,1864415079,fbdb93fe8c701f7ef1a0c86eb54c7e20f6afcb3334eec45d058209ef57dc5a05,6642a4475ebd4023eeb60bbad3d69fd90f9fd3dd7326c61d31b7e9f242a756ef,13,14,120,840,0.3343066248150232,0.18653344402555377,0.1477731794118881,7693,3951,1,59,31,30,0,0,256.0,256.0,256.0,4.671985767285029,16.4576473236084,0.00023038404898248976,25.93150540700117,1.3347759246826172,1.408203125
fold1_seed29,cova3d_c100_frg_fold1_seed29,C100_FRG,1,29,1864415079,fbdb93fe8c701f7ef1a0c86eb54c7e20f6afcb3334eec45d058209ef57dc5a05,6642a4475ebd4023eeb60bbad3d69fd90f9fd3dd7326c61d31b7e9f242a756ef,14,15,120,900,0.38053929167049366,0.2141775602381591,0.16636173327763876,7718,3868,0,61,36,23,0,0,256.0,256.0,256.0,5.572168299555779,28.21452522277832,0.00021981965810307605,25.90080304299954,1.3347759246826172,1.408203125
fold1_seed29,cova3d_c100_frg_fold1_seed29,C100_FRG,1,29,1864415079,fbdb93fe8c701f7ef1a0c86eb54c7e20f6afcb3334eec45d058209ef57dc5a05,6642a4475ebd4023eeb60bbad3d69fd90f9fd3dd7326c61d31b7e9f242a756ef,15,16,120,960,0.3073533339542337,0.18153977098021035,0.1258135641614596,8069,4230,0,71,21,28,0,0,256.0,256.0,256.0,5.71351057489713,25.984556198120117,0.00020879665126330557,25.900577128000805,1.3347759246826172,1.408203125
fold1_seed29,cova3d_c100_frg_fold1_seed29,C100_FRG,1,29,1864415079,fbdb93fe8c701f7ef1a0c86eb54c7e20f6afcb3334eec45d058209ef57dc5a05,6642a4475ebd4023eeb60bbad3d69fd90f9fd3dd7326c61d31b7e9f242a756ef,16,17,120,1020,0.28699105863148966,0.14104998935072216,0.14594107021888097,7889,3942,0,66,29,25,0,0,256.0,256.0,256.0,4.250752456982931,10.906631469726562,0.00019738902366467966,25.832563478999873,1.3347759246826172,1.408203125
fold1_seed29,cova3d_c100_frg_fold1_seed29,C100_FRG,1,29,1864415079,fbdb93fe8c701f7ef1a0c86eb54c7e20f6afcb3334eec45d058209ef57dc5a05,6642a4475ebd4023eeb60bbad3d69fd90f9fd3dd7326c61d31b7e9f242a756ef,17,18,120,1080,0.27884272375764946,0.15543118024555344,0.1234115426739057,8312,4191,0,62,23,35,0,0,256.0,256.0,256.0,5.236014431715011,24.26254653930664,0.00018567335238957547,25.852725648999694,1.3347759246826172,1.408203125
fold1_seed29,cova3d_c100_frg_fold1_seed29,C100_FRG,1,29,1864415079,fbdb93fe8c701f7ef1a0c86eb54c7e20f6afcb3334eec45d058209ef57dc5a05,6642a4475ebd4023eeb60bbad3d69fd90f9fd3dd7326c61d31b7e9f242a756ef,18,19,120,1140,0.3627448987264264,0.23000384080623917,0.1327410578727722,7932,4116,0,61,26,33,0,0,256.0,256.0,256.0,6.8433810313542685,68.08574676513672,0.0001737282823548769,25.862196752999807,1.3347759246826172,1.408203125
fold1_seed29,cova3d_c100_frg_fold1_seed29,C100_FRG,1,29,1864415079,fbdb93fe8c701f7ef1a0c86eb54c7e20f6afcb3334eec45d058209ef57dc5a05,6642a4475ebd4023eeb60bbad3d69fd90f9fd3dd7326c61d31b7e9f242a756ef,19,20,120,1200,0.27637143922050506,0.15601405997886103,0.12035737882057826,7899,3943,0,58,38,24,0,0,256.0,256.0,256.0,5.212496948242188,19.792922973632812,0.00016163399838465363,25.872306870000102,1.3347759246826172,1.408203125
fold1_seed29,cova3d_c100_frg_fold1_seed29,C100_FRG,1,29,1864415079,fbdb93fe8c701f7ef1a0c86eb54c7e20f6afcb3334eec45d058209ef57dc5a05,6642a4475ebd4023eeb60bbad3d69fd90f9fd3dd7326c61d31b7e9f242a756ef,20,21,120,1260,0.24752128170997215,0.12153790659164466,0.1259833758076032,7814,4007,0,64,30,26,0,0,256.0,256.0,256.0,4.414916749298572,19.985868453979492,0.00014947168694575625,25.81810400500035,1.3347759246826172,1.408203125
fold1_seed29,cova3d_c100_frg_fold1_seed29,C100_FRG,1,29,1864415079,fbdb93fe8c701f7ef1a0c86eb54c7e20f6afcb3334eec45d058209ef57dc5a05,6642a4475ebd4023eeb60bbad3d69fd90f9fd3dd7326c61d31b7e9f242a756ef,21,22,120,1320,0.18906468350614886,0.09737957098162345,0.09168511281410853,8142,4025,0,63,29,28,0,0,256.0,256.0,256.0,3.959678266197443,17.960594177246094,0.0001373229911595876,25.850749575998634,1.3347759246826172,1.408203125
fold1_seed29,cova3d_c100_frg_fold1_seed29,C100_FRG,1,29,1864415079,fbdb93fe8c701f7ef1a0c86eb54c7e20f6afcb3334eec45d058209ef57dc5a05,6642a4475ebd4023eeb60bbad3d69fd90f9fd3dd7326c61d31b7e9f242a756ef,22,23,120,1380,0.18724362347614562,0.08302555070088904,0.10421807219584783,7896,3936,0,66,31,23,0,0,256.0,256.0,256.0,3.663927558561166,11.635126113891602,0.00012526946274844474,25.737659250000434,1.3347759246826172,1.408203125
fold1_seed29,cova3d_c100_frg_fold1_seed29,C100_FRG,1,29,1864415079,fbdb93fe8c701f7ef1a0c86eb54c7e20f6afcb3334eec45d058209ef57dc5a05,6642a4475ebd4023eeb60bbad3d69fd90f9fd3dd7326c61d31b7e9f242a756ef,23,24,120,1440,0.2215418182585078,0.08931719204792898,0.13222462485233943,8181,4061,0,50,37,33,0,0,256.0,256.0,256.0,4.613800247013569,25.944000244140625,0.00011339201459540494,25.78209084000082,1.3347759246826172,1.408203125
fold1_seed29,cova3d_c100_frg_fold1_seed29,C100_FRG,1,29,1864415079,fbdb93fe8c701f7ef1a0c86eb54c7e20f6afcb3334eec45d058209ef57dc5a05,6642a4475ebd4023eeb60bbad3d69fd90f9fd3dd7326c61d31b7e9f242a756ef,24,25,120,1500,0.16022314512485422,0.07987846745856472,0.08034467796484629,8050,4073,0,61,23,36,0,0,256.0,256.0,256.0,4.246865932270884,32.5141716003418,0.00010177037759260854,25.780681488000482,1.3347759246826172,1.408203125
fold1_seed29,cova3d_c100_frg_fold1_seed29,C100_FRG,1,29,1864415079,fbdb93fe8c701f7ef1a0c86eb54c7e20f6afcb3334eec45d058209ef57dc5a05,6642a4475ebd4023eeb60bbad3d69fd90f9fd3dd7326c61d31b7e9f242a756ef,25,26,120,1560,0.2092275992744059,0.08078157745027663,0.1284460206826528,8241,4114,2,55,28,37,0,0,256.0,256.0,256.0,4.96292147487402,14.948467254638672,9.048256542400759e-05,25.826650323999274,1.3347759246826172,1.408203125
fold1_seed29,cova3d_c100_frg_fold1_seed29,C100_FRG,1,29,1864415079,fbdb93fe8c701f7ef1a0c86eb54c7e20f6afcb3334eec45d058209ef57dc5a05,6642a4475ebd4023eeb60bbad3d69fd90f9fd3dd7326c61d31b7e9f242a756ef,26,27,120,1620,0.14421770717623683,0.07224461589912987,0.07197309235731761,8189,4223,0,59,37,24,0,0,256.0,256.0,256.0,4.481932604064544,45.26700210571289,7.960435087538242e-05,25.80423644399889,1.3347759246826172,1.408203125
fold1_seed29,cova3d_c100_frg_fold1_seed29,C100_FRG,1,29,1864415079,fbdb93fe8c701f7ef1a0c86eb54c7e20f6afcb3334eec45d058209ef57dc5a05,6642a4475ebd4023eeb60bbad3d69fd90f9fd3dd7326c61d31b7e9f242a756ef,27,28,120,1680,0.13397021057462552,0.05063586741647062,0.08333434363206228,8060,3947,1,55,28,37,0,0,256.0,256.0,256.0,3.2092153896888096,14.614859580993652,6.920875718705205e-05,25.812011266998525,1.3347759246826172,1.408203125
fold1_seed29,cova3d_c100_frg_fold1_seed29,C100_FRG,1,29,1864415079,fbdb93fe8c701f7ef1a0c86eb54c7e20f6afcb3334eec45d058209ef57dc5a05,6642a4475ebd4023eeb60bbad3d69fd90f9fd3dd7326c61d31b7e9f242a756ef,28,29,120,1740,0.16660838895492514,0.06563415127939151,0.10097423891226451,7981,4069,0,57,32,31,0,0,256.0,256.0,256.0,4.408979753777385,59.35896682739258,5.936556786372413e-05,25.717769884999143,1.3347759246826172,1.408203125
fold1_seed29,cova3d_c100_frg_fold1_seed29,C100_FRG,1,29,1864415079,fbdb93fe8c701f7ef1a0c86eb54c7e20f6afcb3334eec45d058209ef57dc5a05,6642a4475ebd4023eeb60bbad3d69fd90f9fd3dd7326c61d31b7e9f242a756ef,29,30,120,1800,0.1234433787659026,0.056526217359108656,0.06691716065009436,8076,4037,0,57,29,34,0,0,256.0,256.0,256.0,3.647838093402485,24.86590003967285,5.014085823202989e-05,25.697478296000554,1.3347759246826172,1.408203125
fold1_seed29,cova3d_c100_frg_fold1_seed29,C100_FRG,1,29,1864415079,fbdb93fe8c701f7ef1a0c86eb54c7e20f6afcb3334eec45d058209ef57dc5a05,6642a4475ebd4023eeb60bbad3d69fd90f9fd3dd7326c61d31b7e9f242a756ef,30,31,120,1860,0.11461952748334928,0.036616566173446094,0.0780029609799385,7973,4156,1,58,23,39,0,0,256.0,256.0,256.0,2.5415994080404443,12.843859672546387,4.159655189030408e-05,25.580357748000097,1.3347759246826172,1.408203125
fold1_seed29,cova3d_c100_frg_fold1_seed29,C100_FRG,1,29,1864415079,fbdb93fe8c701f7ef1a0c86eb54c7e20f6afcb3334eec45d058209ef57dc5a05,6642a4475ebd4023eeb60bbad3d69fd90f9fd3dd7326c61d31b7e9f242a756ef,31,32,120,1920,0.13189183694169818,0.04796469213445865,0.08392714460690816,7940,4162,0,65,27,28,0,0,256.0,256.0,256.0,3.150903249407808,34.28242874145508,3.379000502807257e-05,25.621199613999124,1.3347759246826172,1.408203125
fold1_seed29,cova3d_c100_frg_fold1_seed29,C100_FRG,1,29,1864415079,fbdb93fe8c701f7ef1a0c86eb54c7e20f6afcb3334eec45d058209ef57dc5a05,6642a4475ebd4023eeb60bbad3d69fd90f9fd3dd7326c61d31b7e9f242a756ef,32,33,120,1980,0.12594991953325613,0.050307703993166794,0.07564221570889156,8323,4110,0,70,30,20,0,0,256.0,256.0,256.0,3.223529683922728,18.20219612121582,2.6773621405624713e-05,25.62535066899909,1.3347759246826172,1.408203125
fold1_seed29,cova3d_c100_frg_fold1_seed29,C100_FRG,1,29,1864415079,fbdb93fe8c701f7ef1a0c86eb54c7e20f6afcb3334eec45d058209ef57dc5a05,6642a4475ebd4023eeb60bbad3d69fd90f9fd3dd7326c61d31b7e9f242a756ef,33,34,120,2040,0.150914035476823,0.04118887717816809,0.10972515692313513,7890,3924,0,57,32,31,0,0,256.0,256.0,256.0,2.9309360985954602,10.445781707763672,2.059450057823627e-05,25.7283336219989,1.3347759246826172,1.408203125
fold1_seed29,cova3d_c100_frg_fold1_seed29,C100_FRG,1,29,1864415079,fbdb93fe8c701f7ef1a0c86eb54c7e20f6afcb3334eec45d058209ef57dc5a05,6642a4475ebd4023eeb60bbad3d69fd90f9fd3dd7326c61d31b7e9f242a756ef,34,35,120,2100,0.13459768209297635,0.03225817252762227,0.10233951111634572,8166,4014,0,53,34,33,0,0,256.0,256.0,256.0,2.2490941987062496,11.93245792388916,1.5294121726440254e-05,25.766062826000052,1.3347759246826172,1.408203125
fold1_seed29,cova3d_c100_frg_fold1_seed29,C100_FRG,1,29,1864415079,fbdb93fe8c701f7ef1a0c86eb54c7e20f6afcb3334eec45d058209ef57dc5a05,6642a4475ebd4023eeb60bbad3d69fd90f9fd3dd7326c61d31b7e9f242a756ef,35,36,120,2160,0.13068875902875637,0.05557633385415102,0.0751124252875646,8435,4139,0,64,34,22,0,0,256.0,256.0,256.0,3.7626258434106905,24.902482986450195,1.0908065214729997e-05,25.742590222998842,1.3347759246826172,1.408203125
fold1_seed29,cova3d_c100_frg_fold1_seed29,C100_FRG,1,29,1864415079,fbdb93fe8c701f7ef1a0c86eb54c7e20f6afcb3334eec45d058209ef57dc5a05,6642a4475ebd4023eeb60bbad3d69fd90f9fd3dd7326c61d31b7e9f242a756ef,36,37,120,2220,0.13047360251559892,0.057597749593567914,0.07287585337956747,8129,4150,0,57,32,31,0,0,256.0,256.0,256.0,5.286321987335881,58.054630279541016,7.465773747813819e-06,25.709672531998876,1.3347759246826172,1.408203125
fold1_seed29,cova3d_c100_frg_fold1_seed29,C100_FRG,1,29,1864415079,fbdb93fe8c701f7ef1a0c86eb54c7e20f6afcb3334eec45d058209ef57dc5a05,6642a4475ebd4023eeb60bbad3d69fd90f9fd3dd7326c61d31b7e9f242a756ef,37,38,120,2280,0.10574709286053122,0.03103226973002696,0.07471482108036677,8202,4361,0,71,26,23,0,0,256.0,256.0,256.0,2.1282493682578205,16.957752227783203,4.990354727730315e-06,25.7065004269989,1.3347759246826172,1.408203125
fold1_seed29,cova3d_c100_frg_fold1_seed29,C100_FRG,1,29,1864415079,fbdb93fe8c701f7ef1a0c86eb54c7e20f6afcb3334eec45d058209ef57dc5a05,6642a4475ebd4023eeb60bbad3d69fd90f9fd3dd7326c61d31b7e9f242a756ef,38,39,120,2340,0.13764352327101126,0.03338646869500129,0.10425705264012018,8034,4060,0,53,27,40,0,0,256.0,256.0,256.0,2.6379752611741423,14.07622241973877,3.498425138561358e-06,25.79575573800139,1.3347759246826172,1.408203125
fold1_seed29,cova3d_c100_frg_fold1_seed29,C100_FRG,1,29,1864415079,fbdb93fe8c701f7ef1a0c86eb54c7e20f6afcb3334eec45d058209ef57dc5a05,6642a4475ebd4023eeb60bbad3d69fd90f9fd3dd7326c61d31b7e9f242a756ef,39,40,120,2400,0.10533370665525581,0.0301314449204483,0.07520226091146469,8151,4384,0,58,27,35,0,0,256.0,256.0,256.0,2.0746772357573113,9.642230033874512,3e-06,25.693651622999823,1.3347759246826172,1.408203125
