batch_id,run_id,condition,outer_fold,seed,initialization_seed,shared_initialization_sha256,paired_plan_sha256,epoch,epoch_1based,logical_microbatches,successful_optimizer_steps_total,mean_loss,mean_partial_bce,mean_partial_dice_fp32,labelled_voxels_seen,foreground_voxels_seen,zero_label_microbatches,foreground_centered,background_centered,uniform_crop,amp_overflow_events,amp_retry_attempts,amp_scale_min,amp_scale_max,amp_scale_end,mean_preclip_grad_norm,max_preclip_grad_norm,learning_rate_end,epoch_seconds,peak_allocated_gb,peak_reserved_gb
fold1_seed17,cova3d_c50_coh_fold1_seed17,C50_COH,1,17,3864554962,e7d08ee7aed59282e5f1fb8c6c9c6a04081c89a7745919254c486c6d27a7b5bf,d0af5897f8d5d04b0fb7aa0ac1d12f04fe18a376d6c12a714e7bd271d3234888,0,1,120,60,2.8229473803192375,2.250862179479251,0.5720851962765058,8279,4282,0,64,28,28,2,2,1024.0,4096.0,1024.0,93.69256960550943,255.67564392089844,0.00017999999999999998,23.268720296999163,1.6301603317260742,1.662109375
fold1_seed17,cova3d_c50_coh_fold1_seed17,C50_COH,1,17,3864554962,e7d08ee7aed59282e5f1fb8c6c9c6a04081c89a7745919254c486c6d27a7b5bf,d0af5897f8d5d04b0fb7aa0ac1d12f04fe18a376d6c12a714e7bd271d3234888,1,2,120,120,1.0242285660778483,0.7156496305406714,0.30857894122600554,8334,4360,1,68,25,27,0,0,1024.0,1024.0,1024.0,29.519756118456524,103.80416107177734,0.0002999445918673937,22.771069554999485,1.6301603317260742,1.662109375
fold1_seed17,cova3d_c50_coh_fold1_seed17,C50_COH,1,17,3864554962,e7d08ee7aed59282e5f1fb8c6c9c6a04081c89a7745919254c486c6d27a7b5bf,d0af5897f8d5d04b0fb7aa0ac1d12f04fe18a376d6c12a714e7bd271d3234888,2,3,120,180,0.6212288879304348,0.3982186841065413,0.2230102002620697,8123,4198,2,61,34,25,0,0,1024.0,1024.0,1024.0,11.02764887412389,53.477195739746094,0.0002991142965839822,22.857833026000662,1.6301603317260742,1.662109375
fold1_seed17,cova3d_c50_coh_fold1_seed17,C50_COH,1,17,3864554962,e7d08ee7aed59282e5f1fb8c6c9c6a04081c89a7745919254c486c6d27a7b5bf,d0af5897f8d5d04b0fb7aa0ac1d12f04fe18a376d6c12a714e7bd271d3234888,3,4,120,240,0.5451283486626683,0.3106554257953879,0.23447292695442837,8169,4069,0,52,27,41,0,0,1024.0,1024.0,1024.0,8.90501915216446,35.86664581298828,0.0002972930965702204,23.09113991400045,1.6301603317260742,1.662109375
fold1_seed17,cova3d_c50_coh_fold1_seed17,C50_COH,1,17,3864554962,e7d08ee7aed59282e5f1fb8c6c9c6a04081c89a7745919254c486c6d27a7b5bf,d0af5897f8d5d04b0fb7aa0ac1d12f04fe18a376d6c12a714e7bd271d3234888,4,5,120,300,0.40418791421689093,0.2120346007849245,0.19215331226587296,8384,4208,0,63,27,30,0,0,1024.0,1024.0,1024.0,6.566605168581009,22.060766220092773,0.0002944932171711482,23.19288868699914,1.6301603317260742,1.662109375
fold1_seed17,cova3d_c50_coh_fold1_seed17,C50_COH,1,17,3864554962,e7d08ee7aed59282e5f1fb8c6c9c6a04081c89a7745919254c486c6d27a7b5bf,d0af5897f8d5d04b0fb7aa0ac1d12f04fe18a376d6c12a714e7bd271d3234888,5,6,120,360,0.359564579227784,0.14529858511523344,0.21426599125067394,7640,3882,1,61,32,27,0,0,1024.0,1024.0,1024.0,5.133188669383526,14.75510025024414,0.000290733453407337,23.229886148001242,1.6301603317260742,1.662109375
fold1_seed17,cova3d_c50_coh_fold1_seed17,C50_COH,1,17,3864554962,e7d08ee7aed59282e5f1fb8c6c9c6a04081c89a7745919254c486c6d27a7b5bf,d0af5897f8d5d04b0fb7aa0ac1d12f04fe18a376d6c12a714e7bd271d3234888,6,7,120,420,0.3249430532498688,0.15480164177806727,0.17014141231775284,8203,4185,0,62,24,34,0,0,1024.0,1024.0,1024.0,6.016913479566574,37.33730697631836,0.0002860390438077423,23.43833167699995,1.6301603317260742,1.662109375
fold1_seed17,cova3d_c50_coh_fold1_seed17,C50_COH,1,17,3864554962,e7d08ee7aed59282e5f1fb8c6c9c6a04081c89a7745919254c486c6d27a7b5bf,d0af5897f8d5d04b0fb7aa0ac1d12f04fe18a376d6c12a714e7bd271d3234888,7,8,120,480,0.3354960550521658,0.15128045876466178,0.18421559482812883,7661,3967,1,57,23,40,0,0,1024.0,1024.0,1024.0,6.58036203260223,26.383405685424805,0.00028044150098859483,23.451411975000156,1.6301603317260742,1.662109375
fold1_seed17,cova3d_c50_coh_fold1_seed17,C50_COH,1,17,3864554962,e7d08ee7aed59282e5f1fb8c6c9c6a04081c89a7745919254c486c6d27a7b5bf,d0af5897f8d5d04b0fb7aa0ac1d12f04fe18a376d6c12a714e7bd271d3234888,8,9,120,540,0.3662201811506141,0.18091420200968666,0.1853059823314349,8509,4375,0,60,32,28,0,0,1024.0,1024.0,1024.0,6.400458604345719,39.66654968261719,0.0002739784001156218,23.461594862999846,1.6301603317260742,1.662109375
fold1_seed17,cova3d_c50_coh_fold1_seed17,C50_COH,1,17,3864554962,e7d08ee7aed59282e5f1fb8c6c9c6a04081c89a7745919254c486c6d27a7b5bf,d0af5897f8d5d04b0fb7aa0ac1d12f04fe18a376d6c12a714e7bd271d3234888,9,10,120,600,0.3046437198650665,0.11364709565293651,0.1909966250260671,8015,4162,0,56,30,34,0,0,1024.0,1024.0,1024.0,4.49677330305179,27.488847732543945,0.0002666931266696063,23.565913656999328,1.6301603317260742,1.662109375
fold1_seed17,cova3d_c50_coh_fold1_seed17,C50_COH,1,17,3864554962,e7d08ee7aed59282e5f1fb8c6c9c6a04081c89a7745919254c486c6d27a7b5bf,d0af5897f8d5d04b0fb7aa0ac1d12f04fe18a376d6c12a714e7bd271d3234888,10,11,120,660,0.26361431172311617,0.09796975525284021,0.16564455678065618,7948,3952,2,57,27,36,0,0,1024.0,1024.0,1024.0,4.029253976543744,18.854454040527344,0.0002586345852084849,23.54313189399909,1.6301603317260742,1.662109375
fold1_seed17,cova3d_c50_coh_fold1_seed17,C50_COH,1,17,3864554962,e7d08ee7aed59282e5f1fb8c6c9c6a04081c89a7745919254c486c6d27a7b5bf,d0af5897f8d5d04b0fb7aa0ac1d12f04fe18a376d6c12a714e7bd271d3234888,11,12,120,720,0.2000404317369733,0.06146165780670951,0.13857877453168232,7984,4116,2,63,25,32,0,0,1024.0,1024.0,1024.0,3.2502767965197563,14.648700714111328,0.0002498568710810032,23.533955097000216,1.6301603317260742,1.662109375
fold1_seed17,cova3d_c50_coh_fold1_seed17,C50_COH,1,17,3864554962,e7d08ee7aed59282e5f1fb8c6c9c6a04081c89a7745919254c486c6d27a7b5bf,d0af5897f8d5d04b0fb7aa0ac1d12f04fe18a376d6c12a714e7bd271d3234888,12,13,120,780,0.17669096779009702,0.050451576372754985,0.12623939017454783,8120,4148,1,56,33,31,0,0,1024.0,1024.0,1024.0,3.0397302908202013,12.074784278869629,0.0002404189072956492,23.613029367001218,1.6301603317260742,1.662109375
fold1_seed17,cova3d_c50_coh_fold1_seed17,C50_COH,1,17,3864554962,e7d08ee7aed59282e5f1fb8c6c9c6a04081c89a7745919254c486c6d27a7b5bf,d0af5897f8d5d04b0fb7aa0ac1d12f04fe18a376d6c12a714e7bd271d3234888,13,14,120,840,0.18056887757752804,0.06724552451646844,0.11332335422436396,8257,4451,0,70,29,21,0,0,1024.0,1024.0,1024.0,3.802710685568551,15.877557754516602,0.00023038404898248976,23.645229421001204,1.6301603317260742,1.662109375
fold1_seed17,cova3d_c50_coh_fold1_seed17,C50_COH,1,17,3864554962,e7d08ee7aed59282e5f1fb8c6c9c6a04081c89a7745919254c486c6d27a7b5bf,d0af5897f8d5d04b0fb7aa0ac1d12f04fe18a376d6c12a714e7bd271d3234888,14,15,120,900,0.15261791375062425,0.0507434463344237,0.10187446723381678,8154,4248,0,54,28,38,0,0,1024.0,1024.0,1024.0,2.8188776139169933,14.264569282531738,0.00021981965810307605,23.59785423300127,1.6301603317260742,1.662109375
fold1_seed17,cova3d_c50_coh_fold1_seed17,C50_COH,1,17,3864554962,e7d08ee7aed59282e5f1fb8c6c9c6a04081c89a7745919254c486c6d27a7b5bf,d0af5897f8d5d04b0fb7aa0ac1d12f04fe18a376d6c12a714e7bd271d3234888,15,16,120,960,0.16953431634005536,0.0531615077285057,0.11637280881404877,8065,4079,0,58,33,29,0,0,1024.0,1024.0,1024.0,3.7359887712324658,28.74876594543457,0.00020879665126330557,23.604606052000236,1.6301603317260742,1.662109375
fold1_seed17,cova3d_c50_coh_fold1_seed17,C50_COH,1,17,3864554962,e7d08ee7aed59282e5f1fb8c6c9c6a04081c89a7745919254c486c6d27a7b5bf,d0af5897f8d5d04b0fb7aa0ac1d12f04fe18a376d6c12a714e7bd271d3234888,16,17,120,1020,0.14758009387098026,0.031971392287171566,0.11560870061318079,8025,4120,4,66,21,33,0,0,1024.0,1024.0,1024.0,2.0008176629877803,8.679478645324707,0.00019738902366467966,23.493931545999658,1.6301603317260742,1.662109375
fold1_seed17,cova3d_c50_coh_fold1_seed17,C50_COH,1,17,3864554962,e7d08ee7aed59282e5f1fb8c6c9c6a04081c89a7745919254c486c6d27a7b5bf,d0af5897f8d5d04b0fb7aa0ac1d12f04fe18a376d6c12a714e7bd271d3234888,17,18,120,1080,0.10249518986261137,0.02205207028098357,0.08044312000274659,8422,4406,0,65,28,27,0,0,1024.0,1024.0,1024.0,1.7458012351766228,7.357772350311279,0.00018567335238957547,23.488368975999038,1.6301603317260742,1.662109375
fold1_seed17,cova3d_c50_coh_fold1_seed17,C50_COH,1,17,3864554962,e7d08ee7aed59282e5f1fb8c6c9c6a04081c89a7745919254c486c6d27a7b5bf,d0af5897f8d5d04b0fb7aa0ac1d12f04fe18a376d6c12a714e7bd271d3234888,18,19,120,1140,0.13614420613463002,0.032458171279248896,0.10368603567282358,7838,3657,2,51,32,37,0,0,1024.0,1024.0,1024.0,2.239574948748729,10.915613174438477,0.0001737282823548769,23.49654726100016,1.6301603317260742,1.662109375
fold1_seed17,cova3d_c50_coh_fold1_seed17,C50_COH,1,17,3864554962,e7d08ee7aed59282e5f1fb8c6c9c6a04081c89a7745919254c486c6d27a7b5bf,d0af5897f8d5d04b0fb7aa0ac1d12f04fe18a376d6c12a714e7bd271d3234888,19,20,120,1200,0.1397159429742988,0.026890045511842525,0.11282589634259542,7614,3797,1,56,30,34,0,0,1024.0,1024.0,1024.0,2.5117269004539895,20.667465209960938,0.00016163399838465363,23.483842276998985,1.6301603317260742,1.662109375
fold1_seed17,cova3d_c50_coh_fold1_seed17,C50_COH,1,17,3864554962,e7d08ee7aed59282e5f1fb8c6c9c6a04081c89a7745919254c486c6d27a7b5bf,d0af5897f8d5d04b0fb7aa0ac1d12f04fe18a376d6c12a714e7bd271d3234888,20,21,120,1260,0.17691808721898555,0.01933467531080418,0.15758341203133266,8056,4115,0,61,28,31,0,0,1024.0,1024.0,1024.0,2.2114415943001706,7.0340375900268555,0.00014947168694575625,23.5400915299997,1.6301603317260742,1.662109375
fold1_seed17,cova3d_c50_coh_fold1_seed17,C50_COH,1,17,3864554962,e7d08ee7aed59282e5f1fb8c6c9c6a04081c89a7745919254c486c6d27a7b5bf,d0af5897f8d5d04b0fb7aa0ac1d12f04fe18a376d6c12a714e7bd271d3234888,21,22,120,1320,0.14559928204313058,0.061396708825538854,0.08420257469018301,8151,4166,3,68,23,29,0,0,1024.0,1024.0,1024.0,4.077670069349309,33.3545036315918,0.0001373229911595876,23.514929082999515,1.6301603317260742,1.662109375
fold1_seed17,cova3d_c50_coh_fold1_seed17,C50_COH,1,17,3864554962,e7d08ee7aed59282e5f1fb8c6c9c6a04081c89a7745919254c486c6d27a7b5bf,d0af5897f8d5d04b0fb7aa0ac1d12f04fe18a376d6c12a714e7bd271d3234888,22,23,120,1380,0.12774616629065652,0.02566344841265078,0.10208271791537603,7955,4200,1,63,28,29,0,0,1024.0,1024.0,1024.0,2.454271779457728,11.788082122802734,0.00012526946274844474,23.524087654999676,1.6301603317260742,1.662109375
fold1_seed17,cova3d_c50_coh_fold1_seed17,C50_COH,1,17,3864554962,e7d08ee7aed59282e5f1fb8c6c9c6a04081c89a7745919254c486c6d27a7b5bf,d0af5897f8d5d04b0fb7aa0ac1d12f04fe18a376d6c12a714e7bd271d3234888,23,24,120,1440,0.1217056869070376,0.044447994694312834,0.07725769033034642,8395,4399,3,66,21,33,0,0,1024.0,1024.0,1024.0,3.30455836088319,44.57022476196289,0.00011339201459540494,23.495057037998777,1.6301603317260742,1.662109375
fold1_seed17,cova3d_c50_coh_fold1_seed17,C50_COH,1,17,3864554962,e7d08ee7aed59282e5f1fb8c6c9c6a04081c89a7745919254c486c6d27a7b5bf,d0af5897f8d5d04b0fb7aa0ac1d12f04fe18a376d6c12a714e7bd271d3234888,24,25,120,1500,0.12228605570235564,0.022203817210215013,0.1000822385152181,8560,4416,0,64,28,28,0,0,1024.0,1024.0,1024.0,2.507385992491618,28.86208152770996,0.00010177037759260854,23.522724466,1.6301603317260742,1.662109375
fold1_seed17,cova3d_c50_coh_fold1_seed17,C50_COH,1,17,3864554962,e7d08ee7aed59282e5f1fb8c6c9c6a04081c89a7745919254c486c6d27a7b5bf,d0af5897f8d5d04b0fb7aa0ac1d12f04fe18a376d6c12a714e7bd271d3234888,25,26,120,1560,0.10647386626993607,0.026303273603712162,0.08017059365908305,8230,4299,1,55,21,44,0,0,1024.0,1024.0,1024.0,4.9990187714109195,37.43086242675781,9.048256542400759e-05,23.502321504000065,1.6301603317260742,1.662109375
fold1_seed17,cova3d_c50_coh_fold1_seed17,C50_COH,1,17,3864554962,e7d08ee7aed59282e5f1fb8c6c9c6a04081c89a7745919254c486c6d27a7b5bf,d0af5897f8d5d04b0fb7aa0ac1d12f04fe18a376d6c12a714e7bd271d3234888,26,27,120,1620,0.09358695549664575,0.02945046277916791,0.06413649320602417,8156,4352,4,63,28,29,0,0,1024.0,1024.0,1024.0,3.6017408478835327,29.907068252563477,7.960435087538242e-05,23.49371735100067,1.6301603317260742,1.662109375
fold1_seed17,cova3d_c50_coh_fold1_seed17,C50_COH,1,17,3864554962,e7d08ee7aed59282e5f1fb8c6c9c6a04081c89a7745919254c486c6d27a7b5bf,d0af5897f8d5d04b0fb7aa0ac1d12f04fe18a376d6c12a714e7bd271d3234888,27,28,120,1680,0.10626625855963798,0.023646900660195473,0.08261935810248057,8381,4193,0,63,28,29,0,0,1024.0,1024.0,1024.0,2.8885616472378994,62.467018127441406,6.920875718705205e-05,23.395401709998623,1.6301603317260742,1.662109375
fold1_seed17,cova3d_c50_coh_fold1_seed17,C50_COH,1,17,3864554962,e7d08ee7aed59282e5f1fb8c6c9c6a04081c89a7745919254c486c6d27a7b5bf,d0af5897f8d5d04b0fb7aa0ac1d12f04fe18a376d6c12a714e7bd271d3234888,28,29,120,1740,0.09648419439243545,0.01963158197679422,0.07685261219739914,8527,4307,0,62,28,30,0,0,1024.0,1024.0,1024.0,3.998564537018926,39.49315643310547,5.936556786372413e-05,23.444038003999594,1.6301603317260742,1.662109375
fold1_seed17,cova3d_c50_coh_fold1_seed17,C50_COH,1,17,3864554962,e7d08ee7aed59282e5f1fb8c6c9c6a04081c89a7745919254c486c6d27a7b5bf,d0af5897f8d5d04b0fb7aa0ac1d12f04fe18a376d6c12a714e7bd271d3234888,29,30,120,1800,0.07826717839914148,0.01199499790321777,0.06627218027909597,8278,4141,1,60,36,24,0,0,1024.0,1024.0,1024.0,2.108982177722161,30.08972930908203,5.014085823202989e-05,23.422999860000346,1.6301603317260742,1.662109375
fold1_seed17,cova3d_c50_coh_fold1_seed17,C50_COH,1,17,3864554962,e7d08ee7aed59282e5f1fb8c6c9c6a04081c89a7745919254c486c6d27a7b5bf,d0af5897f8d5d04b0fb7aa0ac1d12f04fe18a376d6c12a714e7bd271d3234888,30,31,120,1860,0.06732900406717754,0.015192647303292988,0.0521363561352094,8118,4116,1,55,33,32,0,0,1024.0,1024.0,1024.0,3.682993715500925,73.56261444091797,4.159655189030408e-05,23.449938370999007,1.6301603317260742,1.662109375
fold1_seed17,cova3d_c50_coh_fold1_seed17,C50_COH,1,17,3864554962,e7d08ee7aed59282e5f1fb8c6c9c6a04081c89a7745919254c486c6d27a7b5bf,d0af5897f8d5d04b0fb7aa0ac1d12f04fe18a376d6c12a714e7bd271d3234888,31,32,120,1920,0.08784329231598512,0.016521224085613035,0.07132206857204437,8487,4323,2,60,34,26,0,0,1024.0,1024.0,1024.0,3.8999246922515645,49.03850555419922,3.379000502807257e-05,23.402996353999697,1.6301603317260742,1.662109375
fold1_seed17,cova3d_c50_coh_fold1_seed17,C50_COH,1,17,3864554962,e7d08ee7aed59282e5f1fb8c6c9c6a04081c89a7745919254c486c6d27a7b5bf,d0af5897f8d5d04b0fb7aa0ac1d12f04fe18a376d6c12a714e7bd271d3234888,32,33,120,1980,0.08741621589937279,0.035370046859074585,0.05204616884390513,8321,4228,1,59,32,29,0,0,1024.0,1024.0,1024.0,3.8812918447656557,55.843421936035156,2.6773621405624713e-05,23.44928993599933,1.6301603317260742,1.662109375
fold1_seed17,cova3d_c50_coh_fold1_seed17,C50_COH,1,17,3864554962,e7d08ee7aed59282e5f1fb8c6c9c6a04081c89a7745919254c486c6d27a7b5bf,d0af5897f8d5d04b0fb7aa0ac1d12f04fe18a376d6c12a714e7bd271d3234888,33,34,120,2040,0.056287540835297065,0.017290272083376093,0.03899726818005244,8286,4197,0,54,37,29,0,0,1024.0,1024.0,1024.0,2.544398238385717,30.95871925354004,2.059450057823627e-05,23.428855937998378,1.6301603317260742,1.662109375
fold1_seed17,cova3d_c50_coh_fold1_seed17,C50_COH,1,17,3864554962,e7d08ee7aed59282e5f1fb8c6c9c6a04081c89a7745919254c486c6d27a7b5bf,d0af5897f8d5d04b0fb7aa0ac1d12f04fe18a376d6c12a714e7bd271d3234888,34,35,120,2100,0.09295939759458642,0.01914038514780961,0.07381901144981384,8235,4240,1,57,31,32,0,0,1024.0,1024.0,1024.0,3.376672462746501,27.996475219726562,1.5294121726440254e-05,23.40758755599927,1.6301603317260742,1.662109375
fold1_seed17,cova3d_c50_coh_fold1_seed17,C50_COH,1,17,3864554962,e7d08ee7aed59282e5f1fb8c6c9c6a04081c89a7745919254c486c6d27a7b5bf,d0af5897f8d5d04b0fb7aa0ac1d12f04fe18a376d6c12a714e7bd271d3234888,35,36,120,2160,0.037219894574460684,0.012555358588171795,0.024664536118507385,8086,4043,2,63,30,27,0,0,1024.0,1024.0,1024.0,1.7124187461033822,21.88915252685547,1.0908065214729997e-05,23.33245181699931,1.6301603317260742,1.662109375
fold1_seed17,cova3d_c50_coh_fold1_seed17,C50_COH,1,17,3864554962,e7d08ee7aed59282e5f1fb8c6c9c6a04081c89a7745919254c486c6d27a7b5bf,d0af5897f8d5d04b0fb7aa0ac1d12f04fe18a376d6c12a714e7bd271d3234888,36,37,120,2220,0.07468709081338042,0.019687061706148753,0.055000029504299164,8023,4049,2,53,39,28,0,0,1024.0,1024.0,1024.0,2.112176367861745,22.60248374938965,7.465773747813819e-06,23.30512237000039,1.6301603317260742,1.662109375
fold1_seed17,cova3d_c50_coh_fold1_seed17,C50_COH,1,17,3864554962,e7d08ee7aed59282e5f1fb8c6c9c6a04081c89a7745919254c486c6d27a7b5bf,d0af5897f8d5d04b0fb7aa0ac1d12f04fe18a376d6c12a714e7bd271d3234888,37,38,120,2280,0.0686690346911255,0.022502677751273053,0.04616635690132777,8270,4238,2,60,25,35,0,0,1024.0,1024.0,1024.0,4.720630249293026,60.48868942260742,4.990354727730315e-06,23.37778928100124,1.6301603317260742,1.662109375
fold1_seed17,cova3d_c50_coh_fold1_seed17,C50_COH,1,17,3864554962,e7d08ee7aed59282e5f1fb8c6c9c6a04081c89a7745919254c486c6d27a7b5bf,d0af5897f8d5d04b0fb7aa0ac1d12f04fe18a376d6c12a714e7bd271d3234888,38,39,120,2340,0.05741704695333498,0.010320076050033837,0.047096970677375796,8060,4087,0,65,27,28,0,0,1024.0,1024.0,1024.0,1.5066561607561502,18.132333755493164,3.498425138561358e-06,23.38004793899927,1.6301603317260742,1.662109375
fold1_seed17,cova3d_c50_coh_fold1_seed17,C50_COH,1,17,3864554962,e7d08ee7aed59282e5f1fb8c6c9c6a04081c89a7745919254c486c6d27a7b5bf,d0af5897f8d5d04b0fb7aa0ac1d12f04fe18a376d6c12a714e7bd271d3234888,39,40,120,2400,0.05790919043249516,0.016537305600369714,0.04137188444534937,8481,4352,1,62,32,26,0,0,1024.0,1024.0,1024.0,3.6309094533857813,53.452213287353516,3e-06,23.33132367500002,1.6301603317260742,1.662109375
fold1_seed17,cova3d_c50_dis_fold1_seed17,C50_DIS,1,17,3864554962,e7d08ee7aed59282e5f1fb8c6c9c6a04081c89a7745919254c486c6d27a7b5bf,d0af5897f8d5d04b0fb7aa0ac1d12f04fe18a376d6c12a714e7bd271d3234888,0,1,120,60,2.972917951643467,2.369129647438725,0.6037883092959722,8286,4266,0,64,28,28,2,2,1024.0,4096.0,1024.0,93.22295834223429,276.3118591308594,0.00017999999999999998,24.547072182998818,1.6317930221557617,1.748046875
fold1_seed17,cova3d_c50_dis_fold1_seed17,C50_DIS,1,17,3864554962,e7d08ee7aed59282e5f1fb8c6c9c6a04081c89a7745919254c486c6d27a7b5bf,d0af5897f8d5d04b0fb7aa0ac1d12f04fe18a376d6c12a714e7bd271d3234888,1,2,120,120,1.3265356010446945,0.9649027293547988,0.36163287460803983,8364,4401,1,68,25,27,0,0,1024.0,1024.0,1024.0,31.777094022432962,120.3086166381836,0.0002999445918673937,23.85225174399966,1.6317930221557617,1.748046875
fold1_seed17,cova3d_c50_dis_fold1_seed17,C50_DIS,1,17,3864554962,e7d08ee7aed59282e5f1fb8c6c9c6a04081c89a7745919254c486c6d27a7b5bf,d0af5897f8d5d04b0fb7aa0ac1d12f04fe18a376d6c12a714e7bd271d3234888,2,3,120,180,0.8574462947125236,0.5690181851076583,0.28842810640732447,8210,4268,1,61,34,25,0,0,1024.0,1024.0,1024.0,11.4196098446846,51.32200241088867,0.0002991142965839822,23.768725440000708,1.6317930221557617,1.748046875
fold1_seed17,cova3d_c50_dis_fold1_seed17,C50_DIS,1,17,3864554962,e7d08ee7aed59282e5f1fb8c6c9c6a04081c89a7745919254c486c6d27a7b5bf,d0af5897f8d5d04b0fb7aa0ac1d12f04fe18a376d6c12a714e7bd271d3234888,3,4,120,240,0.7869479564328988,0.4634290486263732,0.32351890703042346,8102,4028,0,52,27,41,0,0,1024.0,1024.0,1024.0,9.066638437906901,21.767515182495117,0.0002972930965702204,23.789267846999792,1.6317930221557617,1.748046875
fold1_seed17,cova3d_c50_dis_fold1_seed17,C50_DIS,1,17,3864554962,e7d08ee7aed59282e5f1fb8c6c9c6a04081c89a7745919254c486c6d27a7b5bf,d0af5897f8d5d04b0fb7aa0ac1d12f04fe18a376d6c12a714e7bd271d3234888,4,5,120,300,0.647136656412234,0.3769145176668341,0.27022213687499363,8219,4111,0,63,27,30,0,0,1024.0,1024.0,1024.0,7.866167314847311,18.018173217773438,0.0002944932171711482,23.72528136100118,1.6317930221557617,1.748046875
fold1_seed17,cova3d_c50_dis_fold1_seed17,C50_DIS,1,17,3864554962,e7d08ee7aed59282e5f1fb8c6c9c6a04081c89a7745919254c486c6d27a7b5bf,d0af5897f8d5d04b0fb7aa0ac1d12f04fe18a376d6c12a714e7bd271d3234888,5,6,120,360,0.5756246554044385,0.3007680898532271,0.27485656638940176,7653,3952,0,61,32,27,0,0,1024.0,1024.0,1024.0,6.467633926868439,12.79586124420166,0.000290733453407337,23.70678671799942,1.6317930221557617,1.748046875
fold1_seed17,cova3d_c50_dis_fold1_seed17,C50_DIS,1,17,3864554962,e7d08ee7aed59282e5f1fb8c6c9c6a04081c89a7745919254c486c6d27a7b5bf,d0af5897f8d5d04b0fb7aa0ac1d12f04fe18a376d6c12a714e7bd271d3234888,6,7,120,420,0.5963628112493704,0.3408736174926162,0.25548919339974724,8254,4208,0,62,24,34,0,0,1024.0,1024.0,1024.0,7.598898231983185,19.477338790893555,0.0002860390438077423,23.725842193000062,1.6317930221557617,1.748046875
fold1_seed17,cova3d_c50_dis_fold1_seed17,C50_DIS,1,17,3864554962,e7d08ee7aed59282e5f1fb8c6c9c6a04081c89a7745919254c486c6d27a7b5bf,d0af5897f8d5d04b0fb7aa0ac1d12f04fe18a376d6c12a714e7bd271d3234888,7,8,120,480,0.5938398177735508,0.33304087100550533,0.2607989490032196,7752,3991,1,57,23,40,0,0,1024.0,1024.0,1024.0,7.405239661534627,20.93593978881836,0.00028044150098859483,23.71758398199927,1.6317930221557617,1.748046875
fold1_seed17,cova3d_c50_dis_fold1_seed17,C50_DIS,1,17,3864554962,e7d08ee7aed59282e5f1fb8c6c9c6a04081c89a7745919254c486c6d27a7b5bf,d0af5897f8d5d04b0fb7aa0ac1d12f04fe18a376d6c12a714e7bd271d3234888,8,9,120,540,0.5586692412539075,0.3132775373912106,0.2453917036453883,8318,4309,0,60,32,28,0,0,1024.0,1024.0,1024.0,7.570672891537348,56.19139862060547,0.0002739784001156218,23.70704883399958,1.6317930221557617,1.748046875
fold1_seed17,cova3d_c50_dis_fold1_seed17,C50_DIS,1,17,3864554962,e7d08ee7aed59282e5f1fb8c6c9c6a04081c89a7745919254c486c6d27a7b5bf,d0af5897f8d5d04b0fb7aa0ac1d12f04fe18a376d6c12a714e7bd271d3234888,9,10,120,600,0.4752141260309145,0.22700279423152098,0.2482113276918729,8029,4224,0,56,30,34,0,0,1024.0,1024.0,1024.0,6.537898882230123,26.832271575927734,0.0002666931266696063,23.7325419230001,1.6317930221557617,1.748046875
fold1_seed17,cova3d_c50_dis_fold1_seed17,C50_DIS,1,17,3864554962,e7d08ee7aed59282e5f1fb8c6c9c6a04081c89a7745919254c486c6d27a7b5bf,d0af5897f8d5d04b0fb7aa0ac1d12f04fe18a376d6c12a714e7bd271d3234888,10,11,120,660,0.4588697613294547,0.247299110237509,0.21157065232594807,7983,3977,0,57,27,36,0,0,1024.0,1024.0,1024.0,7.165093330542247,45.91288757324219,0.0002586345852084849,23.698029610999583,1.6317930221557617,1.748046875
fold1_seed17,cova3d_c50_dis_fold1_seed17,C50_DIS,1,17,3864554962,e7d08ee7aed59282e5f1fb8c6c9c6a04081c89a7745919254c486c6d27a7b5bf,d0af5897f8d5d04b0fb7aa0ac1d12f04fe18a376d6c12a714e7bd271d3234888,11,12,120,720,0.4303163320757449,0.22460185202168456,0.205714480082194,7947,4116,0,63,25,32,0,0,1024.0,1024.0,1024.0,6.293791640798251,22.271961212158203,0.0002498568710810032,23.69390330999886,1.6317930221557617,1.748046875
fold1_seed17,cova3d_c50_dis_fold1_seed17,C50_DIS,1,17,3864554962,e7d08ee7aed59282e5f1fb8c6c9c6a04081c89a7745919254c486c6d27a7b5bf,d0af5897f8d5d04b0fb7aa0ac1d12f04fe18a376d6c12a714e7bd271d3234888,12,13,120,780,0.3935736814280972,0.19310028267791496,0.2004733994603157,7910,3965,1,56,33,31,0,0,1024.0,1024.0,1024.0,6.137565186619758,31.906749725341797,0.0002404189072956492,23.68285307500082,1.6317930221557617,1.748046875
fold1_seed17,cova3d_c50_dis_fold1_seed17,C50_DIS,1,17,3864554962,e7d08ee7aed59282e5f1fb8c6c9c6a04081c89a7745919254c486c6d27a7b5bf,d0af5897f8d5d04b0fb7aa0ac1d12f04fe18a376d6c12a714e7bd271d3234888,13,14,120,840,0.2827780859932924,0.14130405163062582,0.14147403538227082,8200,4447,0,70,29,21,0,0,1024.0,1024.0,1024.0,5.229054808616638,14.173386573791504,0.00023038404898248976,23.708249298000737,1.6317930221557617,1.748046875
fold1_seed17,cova3d_c50_dis_fold1_seed17,C50_DIS,1,17,3864554962,e7d08ee7aed59282e5f1fb8c6c9c6a04081c89a7745919254c486c6d27a7b5bf,d0af5897f8d5d04b0fb7aa0ac1d12f04fe18a376d6c12a714e7bd271d3234888,14,15,120,900,0.2931303301670899,0.14088947785930941,0.15224085201819737,8106,4248,0,54,28,38,0,0,1024.0,1024.0,1024.0,5.149865827461084,15.065037727355957,0.00021981965810307605,23.66962217800028,1.6317930221557617,1.748046875
fold1_seed17,cova3d_c50_dis_fold1_seed17,C50_DIS,1,17,3864554962,e7d08ee7aed59282e5f1fb8c6c9c6a04081c89a7745919254c486c6d27a7b5bf,d0af5897f8d5d04b0fb7aa0ac1d12f04fe18a376d6c12a714e7bd271d3234888,15,16,120,960,0.35371087733850193,0.1752928110169402,0.17841806560754775,8103,4130,0,58,33,29,0,0,1024.0,1024.0,1024.0,6.471213509639104,22.015697479248047,0.00020879665126330557,23.72466815000007,1.6317930221557617,1.748046875
fold1_seed17,cova3d_c50_dis_fold1_seed17,C50_DIS,1,17,3864554962,e7d08ee7aed59282e5f1fb8c6c9c6a04081c89a7745919254c486c6d27a7b5bf,d0af5897f8d5d04b0fb7aa0ac1d12f04fe18a376d6c12a714e7bd271d3234888,16,17,120,1020,0.26599278684088856,0.11246493082032126,0.15352785686651865,7950,4109,2,66,21,33,0,0,1024.0,1024.0,1024.0,4.7834111904104555,13.04074478149414,0.00019738902366467966,23.619931707000433,1.6317930221557617,1.748046875
fold1_seed17,cova3d_c50_dis_fold1_seed17,C50_DIS,1,17,3864554962,e7d08ee7aed59282e5f1fb8c6c9c6a04081c89a7745919254c486c6d27a7b5bf,d0af5897f8d5d04b0fb7aa0ac1d12f04fe18a376d6c12a714e7bd271d3234888,17,18,120,1080,0.22064087908608296,0.11508649449582056,0.10555438697338104,8485,4433,0,65,28,27,0,0,1024.0,1024.0,1024.0,5.408880340804656,24.52635383605957,0.00018567335238957547,23.62700982699971,1.6317930221557617,1.748046875
fold1_seed17,cova3d_c50_dis_fold1_seed17,C50_DIS,1,17,3864554962,e7d08ee7aed59282e5f1fb8c6c9c6a04081c89a7745919254c486c6d27a7b5bf,d0af5897f8d5d04b0fb7aa0ac1d12f04fe18a376d6c12a714e7bd271d3234888,18,19,120,1140,0.30383429179588956,0.15630764013937248,0.1475266526142756,7908,3733,2,51,32,37,0,0,1024.0,1024.0,1024.0,7.124323605994383,29.14036750793457,0.0001737282823548769,23.683669424999607,1.6317930221557617,1.748046875
fold1_seed17,cova3d_c50_dis_fold1_seed17,C50_DIS,1,17,3864554962,e7d08ee7aed59282e5f1fb8c6c9c6a04081c89a7745919254c486c6d27a7b5bf,d0af5897f8d5d04b0fb7aa0ac1d12f04fe18a376d6c12a714e7bd271d3234888,19,20,120,1200,0.24003631815697493,0.10353449209008735,0.1365018258492152,7506,3683,0,56,30,34,0,0,1024.0,1024.0,1024.0,5.469901939233144,42.53539276123047,0.00016163399838465363,23.704409600999497,1.6317930221557617,1.748046875
fold1_seed17,cova3d_c50_dis_fold1_seed17,C50_DIS,1,17,3864554962,e7d08ee7aed59282e5f1fb8c6c9c6a04081c89a7745919254c486c6d27a7b5bf,d0af5897f8d5d04b0fb7aa0ac1d12f04fe18a376d6c12a714e7bd271d3234888,20,21,120,1260,0.2640676388759554,0.08263082009913585,0.18143681834141415,7978,4039,0,61,28,31,0,0,1024.0,1024.0,1024.0,5.252064256618421,21.172021865844727,0.00014947168694575625,23.68153455599895,1.6317930221557617,1.748046875
fold1_seed17,cova3d_c50_dis_fold1_seed17,C50_DIS,1,17,3864554962,e7d08ee7aed59282e5f1fb8c6c9c6a04081c89a7745919254c486c6d27a7b5bf,d0af5897f8d5d04b0fb7aa0ac1d12f04fe18a376d6c12a714e7bd271d3234888,21,22,120,1320,0.18264015682131382,0.08730418195391394,0.09533597578605016,8161,4227,3,68,23,29,0,0,1024.0,1024.0,1024.0,4.850441594670216,35.22983169555664,0.0001373229911595876,23.616543671998443,1.6317930221557617,1.748046875
fold1_seed17,cova3d_c50_dis_fold1_seed17,C50_DIS,1,17,3864554962,e7d08ee7aed59282e5f1fb8c6c9c6a04081c89a7745919254c486c6d27a7b5bf,d0af5897f8d5d04b0fb7aa0ac1d12f04fe18a376d6c12a714e7bd271d3234888,22,23,120,1380,0.15752108946847632,0.05113668057780766,0.10638440996408463,8019,4193,0,63,28,29,0,0,1024.0,1024.0,1024.0,3.142152658974131,7.988054275512695,0.00012526946274844474,23.680177555999762,1.6317930221557617,1.748046875
fold1_seed17,cova3d_c50_dis_fold1_seed17,C50_DIS,1,17,3864554962,e7d08ee7aed59282e5f1fb8c6c9c6a04081c89a7745919254c486c6d27a7b5bf,d0af5897f8d5d04b0fb7aa0ac1d12f04fe18a376d6c12a714e7bd271d3234888,23,24,120,1440,0.14865634318254403,0.06824925218499327,0.08040709048509598,8365,4389,2,66,21,33,0,0,1024.0,1024.0,1024.0,4.833853122716149,39.711551666259766,0.00011339201459540494,23.702296108000155,1.6317930221557617,1.748046875
fold1_seed17,cova3d_c50_dis_fold1_seed17,C50_DIS,1,17,3864554962,e7d08ee7aed59282e5f1fb8c6c9c6a04081c89a7745919254c486c6d27a7b5bf,d0af5897f8d5d04b0fb7aa0ac1d12f04fe18a376d6c12a714e7bd271d3234888,24,25,120,1500,0.17584643434729513,0.07317910649103396,0.10266732722520829,8518,4375,0,64,28,28,0,0,1024.0,1024.0,1024.0,5.867946670639018,64.9737777709961,0.00010177037759260854,23.68430941599945,1.6317930221557617,1.748046875
fold1_seed17,cova3d_c50_dis_fold1_seed17,C50_DIS,1,17,3864554962,e7d08ee7aed59282e5f1fb8c6c9c6a04081c89a7745919254c486c6d27a7b5bf,d0af5897f8d5d04b0fb7aa0ac1d12f04fe18a376d6c12a714e7bd271d3234888,25,26,120,1560,0.1870590735425746,0.07521852087787313,0.11184055308500926,8266,4284,0,55,21,44,0,0,1024.0,1024.0,1024.0,5.079308773577213,66.04367065429688,9.048256542400759e-05,23.69607072100007,1.6317930221557617,1.748046875
fold1_seed17,cova3d_c50_dis_fold1_seed17,C50_DIS,1,17,3864554962,e7d08ee7aed59282e5f1fb8c6c9c6a04081c89a7745919254c486c6d27a7b5bf,d0af5897f8d5d04b0fb7aa0ac1d12f04fe18a376d6c12a714e7bd271d3234888,26,27,120,1620,0.12679097627503022,0.04292804186564657,0.08386293351650238,8052,4243,3,63,28,29,0,0,1024.0,1024.0,1024.0,3.093982425145805,10.828939437866211,7.960435087538242e-05,23.591962603000866,1.6317930221557617,1.748046875
fold1_seed17,cova3d_c50_dis_fold1_seed17,C50_DIS,1,17,3864554962,e7d08ee7aed59282e5f1fb8c6c9c6a04081c89a7745919254c486c6d27a7b5bf,d0af5897f8d5d04b0fb7aa0ac1d12f04fe18a376d6c12a714e7bd271d3234888,27,28,120,1680,0.16425788269619565,0.06058546527618394,0.10367241750160854,8355,4165,0,63,28,29,0,0,1024.0,1024.0,1024.0,3.781862280021111,24.62786102294922,6.920875718705205e-05,23.604712062000544,1.6317930221557617,1.748046875
fold1_seed17,cova3d_c50_dis_fold1_seed17,C50_DIS,1,17,3864554962,e7d08ee7aed59282e5f1fb8c6c9c6a04081c89a7745919254c486c6d27a7b5bf,d0af5897f8d5d04b0fb7aa0ac1d12f04fe18a376d6c12a714e7bd271d3234888,28,29,120,1740,0.13714129643287076,0.03681892918819661,0.10032236725091934,8568,4359,0,62,28,30,0,0,1024.0,1024.0,1024.0,2.958383314932386,13.354409217834473,5.936556786372413e-05,23.650140312000076,1.6317930221557617,1.748046875
fold1_seed17,cova3d_c50_dis_fold1_seed17,C50_DIS,1,17,3864554962,e7d08ee7aed59282e5f1fb8c6c9c6a04081c89a7745919254c486c6d27a7b5bf,d0af5897f8d5d04b0fb7aa0ac1d12f04fe18a376d6c12a714e7bd271d3234888,29,30,120,1800,0.13010157050033133,0.04346234357387857,0.08663922548294067,8448,4291,0,60,36,24,0,0,1024.0,1024.0,1024.0,4.0480394863213105,57.47301483154297,5.014085823202989e-05,23.627538872000514,1.6317930221557617,1.748046875
fold1_seed17,cova3d_c50_dis_fold1_seed17,C50_DIS,1,17,3864554962,e7d08ee7aed59282e5f1fb8c6c9c6a04081c89a7745919254c486c6d27a7b5bf,d0af5897f8d5d04b0fb7aa0ac1d12f04fe18a376d6c12a714e7bd271d3234888,30,31,120,1860,0.12925903016912343,0.03423608192880844,0.09502294808626174,8033,4021,1,55,33,32,0,0,1024.0,1024.0,1024.0,3.05439464993154,15.230487823486328,4.159655189030408e-05,23.67429887399885,1.6317930221557617,1.748046875
fold1_seed17,cova3d_c50_dis_fold1_seed17,C50_DIS,1,17,3864554962,e7d08ee7aed59282e5f1fb8c6c9c6a04081c89a7745919254c486c6d27a7b5bf,d0af5897f8d5d04b0fb7aa0ac1d12f04fe18a376d6c12a714e7bd271d3234888,31,32,120,1920,0.13456984493947555,0.04074666571173111,0.09382317910591761,8483,4338,1,60,34,26,0,0,1024.0,1024.0,1024.0,3.215133179180945,30.200801849365234,3.379000502807257e-05,23.60852935100047,1.6317930221557617,1.748046875
fold1_seed17,cova3d_c50_dis_fold1_seed17,C50_DIS,1,17,3864554962,e7d08ee7aed59282e5f1fb8c6c9c6a04081c89a7745919254c486c6d27a7b5bf,d0af5897f8d5d04b0fb7aa0ac1d12f04fe18a376d6c12a714e7bd271d3234888,32,33,120,1980,0.13361142142442758,0.03861891596708915,0.09499250650405884,8358,4272,1,59,32,29,0,0,1024.0,1024.0,1024.0,3.5929988000541924,31.181903839111328,2.6773621405624713e-05,23.567341158999625,1.6317930221557617,1.748046875
fold1_seed17,cova3d_c50_dis_fold1_seed17,C50_DIS,1,17,3864554962,e7d08ee7aed59282e5f1fb8c6c9c6a04081c89a7745919254c486c6d27a7b5bf,d0af5897f8d5d04b0fb7aa0ac1d12f04fe18a376d6c12a714e7bd271d3234888,33,34,120,2040,0.09453575990355603,0.027932067695322377,0.06660369286934535,8319,4247,0,54,37,29,0,0,1024.0,1024.0,1024.0,2.2169375617057083,8.406906127929688,2.059450057823627e-05,23.556507088998842,1.6317930221557617,1.748046875
fold1_seed17,cova3d_c50_dis_fold1_seed17,C50_DIS,1,17,3864554962,e7d08ee7aed59282e5f1fb8c6c9c6a04081c89a7745919254c486c6d27a7b5bf,d0af5897f8d5d04b0fb7aa0ac1d12f04fe18a376d6c12a714e7bd271d3234888,34,35,120,2100,0.1798175038614924,0.0659073152254526,0.11391019026438395,8167,4238,0,57,31,32,0,0,1024.0,1024.0,1024.0,4.729415462600688,50.44895553588867,1.5294121726440254e-05,23.607937215001584,1.6317930221557617,1.748046875
fold1_seed17,cova3d_c50_dis_fold1_seed17,C50_DIS,1,17,3864554962,e7d08ee7aed59282e5f1fb8c6c9c6a04081c89a7745919254c486c6d27a7b5bf,d0af5897f8d5d04b0fb7aa0ac1d12f04fe18a376d6c12a714e7bd271d3234888,35,36,120,2160,0.09155800024342019,0.02566667031324338,0.06589133044083913,7998,4038,1,63,30,27,0,0,1024.0,1024.0,1024.0,2.9763265166819717,26.328826904296875,1.0908065214729997e-05,23.587787854001363,1.6317930221557617,1.748046875
fold1_seed17,cova3d_c50_dis_fold1_seed17,C50_DIS,1,17,3864554962,e7d08ee7aed59282e5f1fb8c6c9c6a04081c89a7745919254c486c6d27a7b5bf,d0af5897f8d5d04b0fb7aa0ac1d12f04fe18a376d6c12a714e7bd271d3234888,36,37,120,2220,0.09350959406165202,0.03052624150207445,0.06298335293928782,7922,3995,2,53,39,28,0,0,1024.0,1024.0,1024.0,2.4576699169973533,19.958829879760742,7.465773747813819e-06,23.501847224000812,1.6317930221557617,1.748046875
fold1_seed17,cova3d_c50_dis_fold1_seed17,C50_DIS,1,17,3864554962,e7d08ee7aed59282e5f1fb8c6c9c6a04081c89a7745919254c486c6d27a7b5bf,d0af5897f8d5d04b0fb7aa0ac1d12f04fe18a376d6c12a714e7bd271d3234888,37,38,120,2280,0.09675043409938931,0.029760256945136614,0.06699017683664958,8348,4296,2,60,25,35,0,0,1024.0,1024.0,1024.0,2.947973174415529,18.781957626342773,4.990354727730315e-06,23.565015590000257,1.6317930221557617,1.748046875
fold1_seed17,cova3d_c50_dis_fold1_seed17,C50_DIS,1,17,3864554962,e7d08ee7aed59282e5f1fb8c6c9c6a04081c89a7745919254c486c6d27a7b5bf,d0af5897f8d5d04b0fb7aa0ac1d12f04fe18a376d6c12a714e7bd271d3234888,38,39,120,2340,0.11648784136491486,0.020479762423269675,0.09600807925065359,7974,4099,0,65,27,28,0,0,1024.0,1024.0,1024.0,2.1790935886402925,7.033461093902588,3.498425138561358e-06,23.558642285999667,1.6317930221557617,1.748046875
fold1_seed17,cova3d_c50_dis_fold1_seed17,C50_DIS,1,17,3864554962,e7d08ee7aed59282e5f1fb8c6c9c6a04081c89a7745919254c486c6d27a7b5bf,d0af5897f8d5d04b0fb7aa0ac1d12f04fe18a376d6c12a714e7bd271d3234888,39,40,120,2400,0.11560144562999236,0.024890035683699806,0.09071140935023626,8460,4354,1,62,32,26,0,0,1024.0,1024.0,1024.0,2.81902360660024,14.402641296386719,3e-06,23.58438090600066,1.6317930221557617,1.748046875
fold1_seed17,cova3d_c50_frg_fold1_seed17,C50_FRG,1,17,3864554962,e7d08ee7aed59282e5f1fb8c6c9c6a04081c89a7745919254c486c6d27a7b5bf,d0af5897f8d5d04b0fb7aa0ac1d12f04fe18a376d6c12a714e7bd271d3234888,0,1,120,60,2.961998504648606,2.3634628290931383,0.5985356842478117,8322,4319,0,64,28,28,2,2,1024.0,4096.0,1024.0,95.85730244318644,256.50604248046875,0.00017999999999999998,24.605207145999884,1.630702018737793,1.6953125
fold1_seed17,cova3d_c50_frg_fold1_seed17,C50_FRG,1,17,3864554962,e7d08ee7aed59282e5f1fb8c6c9c6a04081c89a7745919254c486c6d27a7b5bf,d0af5897f8d5d04b0fb7aa0ac1d12f04fe18a376d6c12a714e7bd271d3234888,1,2,120,120,1.194067627005279,0.8529427368193865,0.34112488925457,8364,4391,1,68,25,27,0,0,1024.0,1024.0,1024.0,30.520681953430177,136.60574340820312,0.0002999445918673937,23.903353360999972,1.630702018737793,1.6953125
fold1_seed17,cova3d_c50_frg_fold1_seed17,C50_FRG,1,17,3864554962,e7d08ee7aed59282e5f1fb8c6c9c6a04081c89a7745919254c486c6d27a7b5bf,d0af5897f8d5d04b0fb7aa0ac1d12f04fe18a376d6c12a714e7bd271d3234888,2,3,120,180,0.7344117087622484,0.4887677125943204,0.24564399619897206,8209,4246,2,61,34,25,0,0,1024.0,1024.0,1024.0,10.48713822364807,29.798751831054688,0.0002991142965839822,23.833273255000677,1.630702018737793,1.6953125
fold1_seed17,cova3d_c50_frg_fold1_seed17,C50_FRG,1,17,3864554962,e7d08ee7aed59282e5f1fb8c6c9c6a04081c89a7745919254c486c6d27a7b5bf,d0af5897f8d5d04b0fb7aa0ac1d12f04fe18a376d6c12a714e7bd271d3234888,3,4,120,240,0.7017199673379461,0.39894710909575226,0.30277285824219385,8140,4057,0,52,27,41,0,0,1024.0,1024.0,1024.0,9.059650081396104,38.9206657409668,0.0002972930965702204,23.777574489999097,1.630702018737793,1.6953125
fold1_seed17,cova3d_c50_frg_fold1_seed17,C50_FRG,1,17,3864554962,e7d08ee7aed59282e5f1fb8c6c9c6a04081c89a7745919254c486c6d27a7b5bf,d0af5897f8d5d04b0fb7aa0ac1d12f04fe18a376d6c12a714e7bd271d3234888,4,5,120,300,0.5301074110281964,0.2960140624898486,0.2340933511654536,8231,4131,0,63,27,30,0,0,1024.0,1024.0,1024.0,7.110303433736165,30.15827751159668,0.0002944932171711482,23.74686434599971,1.630702018737793,1.6953125
fold1_seed17,cova3d_c50_frg_fold1_seed17,C50_FRG,1,17,3864554962,e7d08ee7aed59282e5f1fb8c6c9c6a04081c89a7745919254c486c6d27a7b5bf,d0af5897f8d5d04b0fb7aa0ac1d12f04fe18a376d6c12a714e7bd271d3234888,5,6,120,360,0.5658524026473363,0.28866406409457945,0.27718833883603416,7546,3853,0,61,32,27,0,0,1024.0,1024.0,1024.0,8.739291310310364,51.12779235839844,0.000290733453407337,23.80797583599997,1.630702018737793,1.6953125
fold1_seed17,cova3d_c50_frg_fold1_seed17,C50_FRG,1,17,3864554962,e7d08ee7aed59282e5f1fb8c6c9c6a04081c89a7745919254c486c6d27a7b5bf,d0af5897f8d5d04b0fb7aa0ac1d12f04fe18a376d6c12a714e7bd271d3234888,6,7,120,420,0.5121064800924311,0.2850340536252285,0.22707242518663406,8255,4199,0,62,24,34,0,0,1024.0,1024.0,1024.0,6.914478131135305,27.710487365722656,0.0002860390438077423,23.767657592999967,1.630702018737793,1.6953125
fold1_seed17,cova3d_c50_frg_fold1_seed17,C50_FRG,1,17,3864554962,e7d08ee7aed59282e5f1fb8c6c9c6a04081c89a7745919254c486c6d27a7b5bf,d0af5897f8d5d04b0fb7aa0ac1d12f04fe18a376d6c12a714e7bd271d3234888,7,8,120,480,0.4893654839368537,0.25295544502247747,0.23641004065672558,7617,3915,1,57,23,40,0,0,1024.0,1024.0,1024.0,7.141716576615969,26.375173568725586,0.00028044150098859483,23.77406733799944,1.630702018737793,1.6953125
fold1_seed17,cova3d_c50_frg_fold1_seed17,C50_FRG,1,17,3864554962,e7d08ee7aed59282e5f1fb8c6c9c6a04081c89a7745919254c486c6d27a7b5bf,d0af5897f8d5d04b0fb7aa0ac1d12f04fe18a376d6c12a714e7bd271d3234888,8,9,120,540,0.46756264311261475,0.25514130943920466,0.21242133527994156,8368,4336,0,60,32,28,0,0,1024.0,1024.0,1024.0,7.378739157567422,49.867820739746094,0.0002739784001156218,23.67944124799942,1.630702018737793,1.6953125
fold1_seed17,cova3d_c50_frg_fold1_seed17,C50_FRG,1,17,3864554962,e7d08ee7aed59282e5f1fb8c6c9c6a04081c89a7745919254c486c6d27a7b5bf,d0af5897f8d5d04b0fb7aa0ac1d12f04fe18a376d6c12a714e7bd271d3234888,9,10,120,600,0.4375764751069558,0.20836666677884447,0.22920980999867122,8037,4187,0,56,30,34,0,0,1024.0,1024.0,1024.0,6.96688573161761,39.39176940917969,0.0002666931266696063,23.716695223998613,1.630702018737793,1.6953125
fold1_seed17,cova3d_c50_frg_fold1_seed17,C50_FRG,1,17,3864554962,e7d08ee7aed59282e5f1fb8c6c9c6a04081c89a7745919254c486c6d27a7b5bf,d0af5897f8d5d04b0fb7aa0ac1d12f04fe18a376d6c12a714e7bd271d3234888,10,11,120,660,0.3936094949254766,0.19792187258717603,0.1956876238187154,7928,3948,0,57,27,36,0,0,1024.0,1024.0,1024.0,5.892414412895838,45.5069580078125,0.0002586345852084849,23.736640888999318,1.630702018737793,1.6953125
fold1_seed17,cova3d_c50_frg_fold1_seed17,C50_FRG,1,17,3864554962,e7d08ee7aed59282e5f1fb8c6c9c6a04081c89a7745919254c486c6d27a7b5bf,d0af5897f8d5d04b0fb7aa0ac1d12f04fe18a376d6c12a714e7bd271d3234888,11,12,120,720,0.3419219376111869,0.16310450830496848,0.17881742964188257,7955,4134,1,63,25,32,0,0,1024.0,1024.0,1024.0,7.0033592482407885,72.68427276611328,0.0002498568710810032,23.707006411999828,1.630702018737793,1.6953125
fold1_seed17,cova3d_c50_frg_fold1_seed17,C50_FRG,1,17,3864554962,e7d08ee7aed59282e5f1fb8c6c9c6a04081c89a7745919254c486c6d27a7b5bf,d0af5897f8d5d04b0fb7aa0ac1d12f04fe18a376d6c12a714e7bd271d3234888,12,13,120,780,0.32202567083004396,0.14673499393296272,0.17529067595799763,8065,4093,1,56,33,31,0,0,1024.0,1024.0,1024.0,5.643027169257403,27.771141052246094,0.0002404189072956492,23.69255005299965,1.630702018737793,1.6953125
fold1_seed17,cova3d_c50_frg_fold1_seed17,C50_FRG,1,17,3864554962,e7d08ee7aed59282e5f1fb8c6c9c6a04081c89a7745919254c486c6d27a7b5bf,d0af5897f8d5d04b0fb7aa0ac1d12f04fe18a376d6c12a714e7bd271d3234888,13,14,120,840,0.2825959645978097,0.13497731097668292,0.14761865387360254,8169,4422,0,70,29,21,0,0,1024.0,1024.0,1024.0,5.833691715573271,43.14567947387695,0.00023038404898248976,23.64325828100118,1.630702018737793,1.6953125
fold1_seed17,cova3d_c50_frg_fold1_seed17,C50_FRG,1,17,3864554962,e7d08ee7aed59282e5f1fb8c6c9c6a04081c89a7745919254c486c6d27a7b5bf,d0af5897f8d5d04b0fb7aa0ac1d12f04fe18a376d6c12a714e7bd271d3234888,14,15,120,900,0.257742567070333,0.12415457155148032,0.13358799467484156,8070,4214,0,54,28,38,0,0,1024.0,1024.0,1024.0,6.059365770220756,32.48633575439453,0.00021981965810307605,23.674415157998737,1.630702018737793,1.6953125
fold1_seed17,cova3d_c50_frg_fold1_seed17,C50_FRG,1,17,3864554962,e7d08ee7aed59282e5f1fb8c6c9c6a04081c89a7745919254c486c6d27a7b5bf,d0af5897f8d5d04b0fb7aa0ac1d12f04fe18a376d6c12a714e7bd271d3234888,15,16,120,960,0.2668397737388053,0.11439616479025669,0.15244361013174057,7956,4068,0,58,33,29,0,0,1024.0,1024.0,1024.0,6.0416988151768845,27.320547103881836,0.00020879665126330557,23.70743627000047,1.630702018737793,1.6953125
fold1_seed17,cova3d_c50_frg_fold1_seed17,C50_FRG,1,17,3864554962,e7d08ee7aed59282e5f1fb8c6c9c6a04081c89a7745919254c486c6d27a7b5bf,d0af5897f8d5d04b0fb7aa0ac1d12f04fe18a376d6c12a714e7bd271d3234888,16,17,120,1020,0.220427608594188,0.08096831833703012,0.13945929060379664,8107,4184,3,66,21,33,0,0,1024.0,1024.0,1024.0,4.003693489833192,12.720568656921387,0.00019738902366467966,23.741820571000062,1.630702018737793,1.6953125
fold1_seed17,cova3d_c50_frg_fold1_seed17,C50_FRG,1,17,3864554962,e7d08ee7aed59282e5f1fb8c6c9c6a04081c89a7745919254c486c6d27a7b5bf,d0af5897f8d5d04b0fb7aa0ac1d12f04fe18a376d6c12a714e7bd271d3234888,17,18,120,1080,0.18188316302676527,0.09218484479449482,0.08969831864039103,8453,4395,0,65,28,27,0,0,1024.0,1024.0,1024.0,4.916576448331276,31.601865768432617,0.00018567335238957547,23.716393272999994,1.630702018737793,1.6953125
fold1_seed17,cova3d_c50_frg_fold1_seed17,C50_FRG,1,17,3864554962,e7d08ee7aed59282e5f1fb8c6c9c6a04081c89a7745919254c486c6d27a7b5bf,d0af5897f8d5d04b0fb7aa0ac1d12f04fe18a376d6c12a714e7bd271d3234888,18,19,120,1140,0.19204941006157697,0.08538958580377312,0.10665982564290365,7862,3702,2,51,32,37,0,0,1024.0,1024.0,1024.0,4.683397981524467,17.060583114624023,0.0001737282823548769,23.67270135599938,1.630702018737793,1.6953125
fold1_seed17,cova3d_c50_frg_fold1_seed17,C50_FRG,1,17,3864554962,e7d08ee7aed59282e5f1fb8c6c9c6a04081c89a7745919254c486c6d27a7b5bf,d0af5897f8d5d04b0fb7aa0ac1d12f04fe18a376d6c12a714e7bd271d3234888,19,20,120,1200,0.18952871656413967,0.07039648022067316,0.1191322366396586,7611,3807,0,56,30,34,0,0,1024.0,1024.0,1024.0,4.755408242593209,24.346189498901367,0.00016163399838465363,23.655365301998245,1.630702018737793,1.6953125
fold1_seed17,cova3d_c50_frg_fold1_seed17,C50_FRG,1,17,3864554962,e7d08ee7aed59282e5f1fb8c6c9c6a04081c89a7745919254c486c6d27a7b5bf,d0af5897f8d5d04b0fb7aa0ac1d12f04fe18a376d6c12a714e7bd271d3234888,20,21,120,1260,0.25947265276805853,0.08498297360847408,0.17448967695236206,8021,4097,0,61,28,31,0,0,1024.0,1024.0,1024.0,5.889631897211075,65.33634185791016,0.00014947168694575625,23.6226476060001,1.630702018737793,1.6953125
fold1_seed17,cova3d_c50_frg_fold1_seed17,C50_FRG,1,17,3864554962,e7d08ee7aed59282e5f1fb8c6c9c6a04081c89a7745919254c486c6d27a7b5bf,d0af5897f8d5d04b0fb7aa0ac1d12f04fe18a376d6c12a714e7bd271d3234888,21,22,120,1320,0.15027018617932236,0.056113962076889005,0.0941562240322431,8215,4267,3,68,23,29,0,0,1024.0,1024.0,1024.0,4.162855895422399,26.716514587402344,0.0001373229911595876,23.620303183999567,1.630702018737793,1.6953125
fold1_seed17,cova3d_c50_frg_fold1_seed17,C50_FRG,1,17,3864554962,e7d08ee7aed59282e5f1fb8c6c9c6a04081c89a7745919254c486c6d27a7b5bf,d0af5897f8d5d04b0fb7aa0ac1d12f04fe18a376d6c12a714e7bd271d3234888,22,23,120,1380,0.14378607423463638,0.04431207574899645,0.09947399844725927,7922,4169,1,63,28,29,0,0,1024.0,1024.0,1024.0,3.166078254409755,14.673675537109375,0.00012526946274844474,23.64388217299893,1.630702018737793,1.6953125
fold1_seed17,cova3d_c50_frg_fold1_seed17,C50_FRG,1,17,3864554962,e7d08ee7aed59282e5f1fb8c6c9c6a04081c89a7745919254c486c6d27a7b5bf,d0af5897f8d5d04b0fb7aa0ac1d12f04fe18a376d6c12a714e7bd271d3234888,23,24,120,1440,0.10462620545901397,0.04003302556417718,0.06459318002065023,8448,4438,2,66,21,33,0,0,1024.0,1024.0,1024.0,3.7256918276970583,27.941390991210938,0.00011339201459540494,23.59890715599977,1.630702018737793,1.6953125
fold1_seed17,cova3d_c50_frg_fold1_seed17,C50_FRG,1,17,3864554962,e7d08ee7aed59282e5f1fb8c6c9c6a04081c89a7745919254c486c6d27a7b5bf,d0af5897f8d5d04b0fb7aa0ac1d12f04fe18a376d6c12a714e7bd271d3234888,24,25,120,1500,0.12766878786472305,0.0345330439891742,0.09313574632008871,8387,4314,0,64,28,28,0,0,1024.0,1024.0,1024.0,3.3280376374100644,39.433380126953125,0.00010177037759260854,23.621403617000396,1.630702018737793,1.6953125
fold1_seed17,cova3d_c50_frg_fold1_seed17,C50_FRG,1,17,3864554962,e7d08ee7aed59282e5f1fb8c6c9c6a04081c89a7745919254c486c6d27a7b5bf,d0af5897f8d5d04b0fb7aa0ac1d12f04fe18a376d6c12a714e7bd271d3234888,25,26,120,1560,0.13780252472373225,0.039940635021976804,0.09786189049482345,8203,4307,0,55,21,44,0,0,1024.0,1024.0,1024.0,3.9424452078839143,40.63137435913086,9.048256542400759e-05,23.6787083119998,1.630702018737793,1.6953125
fold1_seed17,cova3d_c50_frg_fold1_seed17,C50_FRG,1,17,3864554962,e7d08ee7aed59282e5f1fb8c6c9c6a04081c89a7745919254c486c6d27a7b5bf,d0af5897f8d5d04b0fb7aa0ac1d12f04fe18a376d6c12a714e7bd271d3234888,26,27,120,1620,0.09907445567085583,0.02776141430108557,0.07131304144859314,8098,4321,3,63,28,29,0,0,1024.0,1024.0,1024.0,2.6085122036049144,12.861129760742188,7.960435087538242e-05,23.529080550999424,1.630702018737793,1.6953125
fold1_seed17,cova3d_c50_frg_fold1_seed17,C50_FRG,1,17,3864554962,e7d08ee7aed59282e5f1fb8c6c9c6a04081c89a7745919254c486c6d27a7b5bf,d0af5897f8d5d04b0fb7aa0ac1d12f04fe18a376d6c12a714e7bd271d3234888,27,28,120,1680,0.1099777152296349,0.02286243600309434,0.08711527983347575,8285,4159,0,63,28,29,0,0,1024.0,1024.0,1024.0,2.305514315608889,13.148127555847168,6.920875718705205e-05,23.480403603000013,1.630702018737793,1.6953125
fold1_seed17,cova3d_c50_frg_fold1_seed17,C50_FRG,1,17,3864554962,e7d08ee7aed59282e5f1fb8c6c9c6a04081c89a7745919254c486c6d27a7b5bf,d0af5897f8d5d04b0fb7aa0ac1d12f04fe18a376d6c12a714e7bd271d3234888,28,29,120,1740,0.12098083459322155,0.025082627041409334,0.09589820802211761,8638,4375,0,62,28,30,0,0,1024.0,1024.0,1024.0,3.0567139668622985,25.906667709350586,5.936556786372413e-05,23.52929757899983,1.630702018737793,1.6953125
fold1_seed17,cova3d_c50_frg_fold1_seed17,C50_FRG,1,17,3864554962,e7d08ee7aed59282e5f1fb8c6c9c6a04081c89a7745919254c486c6d27a7b5bf,d0af5897f8d5d04b0fb7aa0ac1d12f04fe18a376d6c12a714e7bd271d3234888,29,30,120,1800,0.11601364483642745,0.030542309601298237,0.08547133555014928,8369,4222,0,60,36,24,0,0,1024.0,1024.0,1024.0,4.4841170334606435,78.6286849975586,5.014085823202989e-05,23.558381355000165,1.630702018737793,1.6953125
fold1_seed17,cova3d_c50_frg_fold1_seed17,C50_FRG,1,17,3864554962,e7d08ee7aed59282e5f1fb8c6c9c6a04081c89a7745919254c486c6d27a7b5bf,d0af5897f8d5d04b0fb7aa0ac1d12f04fe18a376d6c12a714e7bd271d3234888,30,31,120,1860,0.10762427927072811,0.02729813777237145,0.0803261419137319,8169,4113,1,55,33,32,0,0,1024.0,1024.0,1024.0,4.063388247663776,28.41248321533203,4.159655189030408e-05,23.476850355998977,1.630702018737793,1.6953125
fold1_seed17,cova3d_c50_frg_fold1_seed17,C50_FRG,1,17,3864554962,e7d08ee7aed59282e5f1fb8c6c9c6a04081c89a7745919254c486c6d27a7b5bf,d0af5897f8d5d04b0fb7aa0ac1d12f04fe18a376d6c12a714e7bd271d3234888,31,32,120,1920,0.13706902844165442,0.03901380843193557,0.0980552186568578,8506,4306,1,60,34,26,0,0,1024.0,1024.0,1024.0,3.9105905815338096,35.1321907043457,3.379000502807257e-05,23.543555332000324,1.630702018737793,1.6953125
fold1_seed17,cova3d_c50_frg_fold1_seed17,C50_FRG,1,17,3864554962,e7d08ee7aed59282e5f1fb8c6c9c6a04081c89a7745919254c486c6d27a7b5bf,d0af5897f8d5d04b0fb7aa0ac1d12f04fe18a376d6c12a714e7bd271d3234888,32,33,120,1980,0.10140570766543938,0.023786415011644406,0.07761929283539454,8354,4264,1,59,32,29,0,0,1024.0,1024.0,1024.0,2.5340123834709325,20.34609603881836,2.6773621405624713e-05,23.56823119799992,1.630702018737793,1.6953125
fold1_seed17,cova3d_c50_frg_fold1_seed17,C50_FRG,1,17,3864554962,e7d08ee7aed59282e5f1fb8c6c9c6a04081c89a7745919254c486c6d27a7b5bf,d0af5897f8d5d04b0fb7aa0ac1d12f04fe18a376d6c12a714e7bd271d3234888,33,34,120,2040,0.07405276877455738,0.0198665865092579,0.054186181724071504,8274,4200,0,54,37,29,0,0,1024.0,1024.0,1024.0,2.6406838298076765,25.994197845458984,2.059450057823627e-05,23.54988571299873,1.630702018737793,1.6953125
fold1_seed17,cova3d_c50_frg_fold1_seed17,C50_FRG,1,17,3864554962,e7d08ee7aed59282e5f1fb8c6c9c6a04081c89a7745919254c486c6d27a7b5bf,d0af5897f8d5d04b0fb7aa0ac1d12f04fe18a376d6c12a714e7bd271d3234888,34,35,120,2100,0.22371834343057345,0.0996981854023223,0.12402015626430511,8206,4237,0,57,31,32,0,0,1024.0,1024.0,1024.0,6.710753141033153,138.68972778320312,1.5294121726440254e-05,23.58837444299934,1.630702018737793,1.6953125
fold1_seed17,cova3d_c50_frg_fold1_seed17,C50_FRG,1,17,3864554962,e7d08ee7aed59282e5f1fb8c6c9c6a04081c89a7745919254c486c6d27a7b5bf,d0af5897f8d5d04b0fb7aa0ac1d12f04fe18a376d6c12a714e7bd271d3234888,35,36,120,2160,0.0789430993891377,0.025670658532959578,0.053272440532843274,8000,4085,1,63,30,27,0,0,1024.0,1024.0,1024.0,2.773279251053464,23.662797927856445,1.0908065214729997e-05,23.49790203700104,1.630702018737793,1.6953125
fold1_seed17,cova3d_c50_frg_fold1_seed17,C50_FRG,1,17,3864554962,e7d08ee7aed59282e5f1fb8c6c9c6a04081c89a7745919254c486c6d27a7b5bf,d0af5897f8d5d04b0fb7aa0ac1d12f04fe18a376d6c12a714e7bd271d3234888,36,37,120,2220,0.08829892328174178,0.02437805489206683,0.06392086793979009,7950,4028,2,53,39,28,0,0,1024.0,1024.0,1024.0,2.3352612919484574,28.026540756225586,7.465773747813819e-06,23.52356098400014,1.630702018737793,1.6953125
fold1_seed17,cova3d_c50_frg_fold1_seed17,C50_FRG,1,17,3864554962,e7d08ee7aed59282e5f1fb8c6c9c6a04081c89a7745919254c486c6d27a7b5bf,d0af5897f8d5d04b0fb7aa0ac1d12f04fe18a376d6c12a714e7bd271d3234888,37,38,120,2280,0.10202399753046242,0.033073294960952876,0.06895070225000381,8341,4305,2,60,25,35,0,0,1024.0,1024.0,1024.0,4.05667951554254,63.39318084716797,4.990354727730315e-06,23.531917231999614,1.630702018737793,1.6953125
fold1_seed17,cova3d_c50_frg_fold1_seed17,C50_FRG,1,17,3864554962,e7d08ee7aed59282e5f1fb8c6c9c6a04081c89a7745919254c486c6d27a7b5bf,d0af5897f8d5d04b0fb7aa0ac1d12f04fe18a376d6c12a714e7bd271d3234888,38,39,120,2340,0.1275906469476732,0.026941060768490312,0.1006495863199234,7876,4051,0,65,27,28,0,0,1024.0,1024.0,1024.0,2.6713880646197747,26.362070083618164,3.498425138561358e-06,23.555508105000627,1.630702018737793,1.6953125
fold1_seed17,cova3d_c50_frg_fold1_seed17,C50_FRG,1,17,3864554962,e7d08ee7aed59282e5f1fb8c6c9c6a04081c89a7745919254c486c6d27a7b5bf,d0af5897f8d5d04b0fb7aa0ac1d12f04fe18a376d6c12a714e7bd271d3234888,39,40,120,2400,0.09084773126163323,0.01633283589259265,0.07451489667097727,8522,4421,1,62,32,26,0,0,1024.0,1024.0,1024.0,2.6572469678280566,19.233999252319336,3e-06,23.574964164999983,1.630702018737793,1.6953125
fold1_seed17,cova3d_c100_coh_fold1_seed17,C100_COH,1,17,3864554962,e7d08ee7aed59282e5f1fb8c6c9c6a04081c89a7745919254c486c6d27a7b5bf,d0af5897f8d5d04b0fb7aa0ac1d12f04fe18a376d6c12a714e7bd271d3234888,0,1,120,60,2.6094180084764957,2.0458481102250516,0.5635699048638344,8156,4136,0,64,28,28,2,2,1024.0,4096.0,1024.0,91.46880979537964,286.599609375,0.00017999999999999998,24.57026808699993,1.633997917175293,1.7421875
fold1_seed17,cova3d_c100_coh_fold1_seed17,C100_COH,1,17,3864554962,e7d08ee7aed59282e5f1fb8c6c9c6a04081c89a7745919254c486c6d27a7b5bf,d0af5897f8d5d04b0fb7aa0ac1d12f04fe18a376d6c12a714e7bd271d3234888,1,2,120,120,1.0355380665704919,0.7138985919960154,0.32163946876923244,7994,4014,0,68,25,27,0,0,1024.0,1024.0,1024.0,30.051233128706613,175.6291961669922,0.0002999445918673937,23.942503491000025,1.633997917175293,1.7421875
fold1_seed17,cova3d_c100_coh_fold1_seed17,C100_COH,1,17,3864554962,e7d08ee7aed59282e5f1fb8c6c9c6a04081c89a7745919254c486c6d27a7b5bf,d0af5897f8d5d04b0fb7aa0ac1d12f04fe18a376d6c12a714e7bd271d3234888,2,3,120,180,0.6060658798589429,0.3796861146457862,0.22637976408004762,7983,4021,1,61,34,25,0,0,1024.0,1024.0,1024.0,12.034355680147806,46.22160339355469,0.0002991142965839822,23.758966461000455,1.633997917175293,1.7421875
fold1_seed17,cova3d_c100_coh_fold1_seed17,C100_COH,1,17,3864554962,e7d08ee7aed59282e5f1fb8c6c9c6a04081c89a7745919254c486c6d27a7b5bf,d0af5897f8d5d04b0fb7aa0ac1d12f04fe18a376d6c12a714e7bd271d3234888,3,4,120,240,0.545354114176007,0.2981667557488739,0.2471873591343562,7795,3820,0,52,27,41,0,0,1024.0,1024.0,1024.0,8.872851319114368,33.39366912841797,0.0002972930965702204,23.7945070450005,1.633997917175293,1.7421875
fold1_seed17,cova3d_c100_coh_fold1_seed17,C100_COH,1,17,3864554962,e7d08ee7aed59282e5f1fb8c6c9c6a04081c89a7745919254c486c6d27a7b5bf,d0af5897f8d5d04b0fb7aa0ac1d12f04fe18a376d6c12a714e7bd271d3234888,4,5,120,300,0.42249804993043655,0.23363463013471725,0.18886341750621796,7994,3981,0,63,27,30,0,0,1024.0,1024.0,1024.0,6.844676224390666,29.43183708190918,0.0002944932171711482,23.739006416999473,1.633997917175293,1.7421875
fold1_seed17,cova3d_c100_coh_fold1_seed17,C100_COH,1,17,3864554962,e7d08ee7aed59282e5f1fb8c6c9c6a04081c89a7745919254c486c6d27a7b5bf,d0af5897f8d5d04b0fb7aa0ac1d12f04fe18a376d6c12a714e7bd271d3234888,5,6,120,360,0.40033333385945297,0.1947802794359935,0.20555305381615957,7614,3882,1,61,32,27,0,0,1024.0,1024.0,1024.0,6.500602646668752,31.978776931762695,0.000290733453407337,23.72818455900051,1.633997917175293,1.7421875
fold1_seed17,cova3d_c100_coh_fold1_seed17,C100_COH,1,17,3864554962,e7d08ee7aed59282e5f1fb8c6c9c6a04081c89a7745919254c486c6d27a7b5bf,d0af5897f8d5d04b0fb7aa0ac1d12f04fe18a376d6c12a714e7bd271d3234888,6,7,120,420,0.36003080181083835,0.18704796181724911,0.17298284123341243,8056,4043,0,62,24,34,0,0,1024.0,1024.0,1024.0,7.368494552373886,31.651527404785156,0.0002860390438077423,23.773934007998832,1.633997917175293,1.7421875
fold1_seed17,cova3d_c100_coh_fold1_seed17,C100_COH,1,17,3864554962,e7d08ee7aed59282e5f1fb8c6c9c6a04081c89a7745919254c486c6d27a7b5bf,d0af5897f8d5d04b0fb7aa0ac1d12f04fe18a376d6c12a714e7bd271d3234888,7,8,120,480,0.2890414331050124,0.1388890564715742,0.15015237629413605,7191,3568,1,57,23,40,0,0,1024.0,1024.0,1024.0,5.9561240921417875,18.03925132751465,0.00028044150098859483,23.63701968100031,1.633997917175293,1.7421875
fold1_seed17,cova3d_c100_coh_fold1_seed17,C100_COH,1,17,3864554962,e7d08ee7aed59282e5f1fb8c6c9c6a04081c89a7745919254c486c6d27a7b5bf,d0af5897f8d5d04b0fb7aa0ac1d12f04fe18a376d6c12a714e7bd271d3234888,8,9,120,540,0.330431187961464,0.16328802499338052,0.1671431635816892,8019,3998,0,60,32,28,0,0,1024.0,1024.0,1024.0,5.917542810241382,28.74374771118164,0.0002739784001156218,23.691554693999933,1.633997917175293,1.7421875
fold1_seed17,cova3d_c100_coh_fold1_seed17,C100_COH,1,17,3864554962,e7d08ee7aed59282e5f1fb8c6c9c6a04081c89a7745919254c486c6d27a7b5bf,d0af5897f8d5d04b0fb7aa0ac1d12f04fe18a376d6c12a714e7bd271d3234888,9,10,120,600,0.28280699566035994,0.1346726719433377,0.14813432147105535,7864,3950,0,56,30,34,0,0,1024.0,1024.0,1024.0,5.359273734688759,31.96868896484375,0.0002666931266696063,23.640676675999202,1.633997917175293,1.7421875
fold1_seed17,cova3d_c100_coh_fold1_seed17,C100_COH,1,17,3864554962,e7d08ee7aed59282e5f1fb8c6c9c6a04081c89a7745919254c486c6d27a7b5bf,d0af5897f8d5d04b0fb7aa0ac1d12f04fe18a376d6c12a714e7bd271d3234888,10,11,120,660,0.22008230021025763,0.09706099707852142,0.12302130212386449,7870,3899,2,57,27,36,0,0,1024.0,1024.0,1024.0,4.64468912743032,19.606441497802734,0.0002586345852084849,23.64751319199968,1.633997917175293,1.7421875
fold1_seed17,cova3d_c100_coh_fold1_seed17,C100_COH,1,17,3864554962,e7d08ee7aed59282e5f1fb8c6c9c6a04081c89a7745919254c486c6d27a7b5bf,d0af5897f8d5d04b0fb7aa0ac1d12f04fe18a376d6c12a714e7bd271d3234888,11,12,120,720,0.214964060143393,0.09423520482935904,0.12072885533173879,7633,3891,2,63,25,32,0,0,1024.0,1024.0,1024.0,4.80244311504066,25.06183433532715,0.0002498568710810032,23.67166384600023,1.633997917175293,1.7421875
fold1_seed17,cova3d_c100_coh_fold1_seed17,C100_COH,1,17,3864554962,e7d08ee7aed59282e5f1fb8c6c9c6a04081c89a7745919254c486c6d27a7b5bf,d0af5897f8d5d04b0fb7aa0ac1d12f04fe18a376d6c12a714e7bd271d3234888,12,13,120,780,0.1843928313437876,0.07629026676607585,0.10810256600379944,8168,4139,1,56,33,31,0,0,1024.0,1024.0,1024.0,4.189455689986547,26.697219848632812,0.0002404189072956492,23.683645606000937,1.633997917175293,1.7421875
fold1_seed17,cova3d_c100_coh_fold1_seed17,C100_COH,1,17,3864554962,e7d08ee7aed59282e5f1fb8c6c9c6a04081c89a7745919254c486c6d27a7b5bf,d0af5897f8d5d04b0fb7aa0ac1d12f04fe18a376d6c12a714e7bd271d3234888,13,14,120,840,0.1543730802453259,0.05440645013732137,0.09996663133303324,7844,4029,0,70,29,21,0,0,1024.0,1024.0,1024.0,2.927385108017673,17.30156898498535,0.00023038404898248976,23.67753740399894,1.633997917175293,1.7421875
fold1_seed17,cova3d_c100_coh_fold1_seed17,C100_COH,1,17,3864554962,e7d08ee7aed59282e5f1fb8c6c9c6a04081c89a7745919254c486c6d27a7b5bf,d0af5897f8d5d04b0fb7aa0ac1d12f04fe18a376d6c12a714e7bd271d3234888,14,15,120,900,0.16314488896077534,0.06357434821208112,0.09957054058710733,7907,4162,0,54,28,38,0,0,1024.0,1024.0,1024.0,4.130343215664228,38.88421630859375,0.00021981965810307605,23.718477746000644,1.633997917175293,1.7421875
fold1_seed17,cova3d_c100_coh_fold1_seed17,C100_COH,1,17,3864554962,e7d08ee7aed59282e5f1fb8c6c9c6a04081c89a7745919254c486c6d27a7b5bf,d0af5897f8d5d04b0fb7aa0ac1d12f04fe18a376d6c12a714e7bd271d3234888,15,16,120,960,0.18309598939654967,0.0788594140924405,0.10423657397429148,7899,3854,0,58,33,29,0,0,1024.0,1024.0,1024.0,6.35462551911672,61.59500503540039,0.00020879665126330557,23.722353688999647,1.633997917175293,1.7421875
fold1_seed17,cova3d_c100_coh_fold1_seed17,C100_COH,1,17,3864554962,e7d08ee7aed59282e5f1fb8c6c9c6a04081c89a7745919254c486c6d27a7b5bf,d0af5897f8d5d04b0fb7aa0ac1d12f04fe18a376d6c12a714e7bd271d3234888,16,17,120,1020,0.12323904760737332,0.041433228692294814,0.08180581877628962,8057,4213,4,66,21,33,0,0,1024.0,1024.0,1024.0,2.940500696670885,18.827375411987305,0.00019738902366467966,23.58254005500021,1.633997917175293,1.7421875
fold1_seed17,cova3d_c100_coh_fold1_seed17,C100_COH,1,17,3864554962,e7d08ee7aed59282e5f1fb8c6c9c6a04081c89a7745919254c486c6d27a7b5bf,d0af5897f8d5d04b0fb7aa0ac1d12f04fe18a376d6c12a714e7bd271d3234888,17,18,120,1080,0.14568868485450062,0.06123838847227982,0.08445029606421789,7866,4086,0,65,28,27,0,0,1024.0,1024.0,1024.0,5.128358701864879,66.701904296875,0.00018567335238957547,23.64865092999935,1.633997917175293,1.7421875
fold1_seed17,cova3d_c100_coh_fold1_seed17,C100_COH,1,17,3864554962,e7d08ee7aed59282e5f1fb8c6c9c6a04081c89a7745919254c486c6d27a7b5bf,d0af5897f8d5d04b0fb7aa0ac1d12f04fe18a376d6c12a714e7bd271d3234888,18,19,120,1140,0.17100786305980667,0.06022457229775,0.11078328937292099,7910,3790,1,51,32,37,0,0,1024.0,1024.0,1024.0,4.436189609145125,35.373966217041016,0.0001737282823548769,23.580871666999883,1.633997917175293,1.7421875
fold1_seed17,cova3d_c100_coh_fold1_seed17,C100_COH,1,17,3864554962,e7d08ee7aed59282e5f1fb8c6c9c6a04081c89a7745919254c486c6d27a7b5bf,d0af5897f8d5d04b0fb7aa0ac1d12f04fe18a376d6c12a714e7bd271d3234888,19,20,120,1200,0.13451181730511053,0.027971147437142456,0.10654067148764929,7902,4064,1,56,30,34,0,0,1024.0,1024.0,1024.0,2.166155291845401,9.806342124938965,0.00016163399838465363,23.57576929499919,1.633997917175293,1.7421875
fold1_seed17,cova3d_c100_coh_fold1_seed17,C100_COH,1,17,3864554962,e7d08ee7aed59282e5f1fb8c6c9c6a04081c89a7745919254c486c6d27a7b5bf,d0af5897f8d5d04b0fb7aa0ac1d12f04fe18a376d6c12a714e7bd271d3234888,20,21,120,1260,0.1611575573287022,0.05165649778068274,0.10950105885664622,7847,3952,0,61,28,31,0,0,1024.0,1024.0,1024.0,6.306030959077179,88.78510284423828,0.00014947168694575625,23.567840727999283,1.633997917175293,1.7421875
fold1_seed17,cova3d_c100_coh_fold1_seed17,C100_COH,1,17,3864554962,e7d08ee7aed59282e5f1fb8c6c9c6a04081c89a7745919254c486c6d27a7b5bf,d0af5897f8d5d04b0fb7aa0ac1d12f04fe18a376d6c12a714e7bd271d3234888,21,22,120,1320,0.1296299896024681,0.05775836971437167,0.07187162041664123,7690,3783,2,68,23,29,0,0,1024.0,1024.0,1024.0,5.209365951087481,100.10491943359375,0.0001373229911595876,23.652782633000243,1.633997917175293,1.7421875
fold1_seed17,cova3d_c100_coh_fold1_seed17,C100_COH,1,17,3864554962,e7d08ee7aed59282e5f1fb8c6c9c6a04081c89a7745919254c486c6d27a7b5bf,d0af5897f8d5d04b0fb7aa0ac1d12f04fe18a376d6c12a714e7bd271d3234888,22,23,120,1380,0.1009026202600694,0.022546727952443273,0.0783558929959933,7776,3978,1,63,28,29,0,0,1024.0,1024.0,1024.0,2.5832753860391677,15.123504638671875,0.00012526946274844474,23.536099215998547,1.633997917175293,1.7421875
fold1_seed17,cova3d_c100_coh_fold1_seed17,C100_COH,1,17,3864554962,e7d08ee7aed59282e5f1fb8c6c9c6a04081c89a7745919254c486c6d27a7b5bf,d0af5897f8d5d04b0fb7aa0ac1d12f04fe18a376d6c12a714e7bd271d3234888,23,24,120,1440,0.08401065575079403,0.033411815416525624,0.050598840415477755,7800,3952,2,66,21,33,0,0,1024.0,1024.0,1024.0,3.40285641780744,68.4049072265625,0.00011339201459540494,23.542558127999655,1.633997917175293,1.7421875
fold1_seed17,cova3d_c100_coh_fold1_seed17,C100_COH,1,17,3864554962,e7d08ee7aed59282e5f1fb8c6c9c6a04081c89a7745919254c486c6d27a7b5bf,d0af5897f8d5d04b0fb7aa0ac1d12f04fe18a376d6c12a714e7bd271d3234888,24,25,120,1500,0.11573045780492824,0.016268026933642925,0.09946243166923523,8210,4103,0,64,28,28,0,0,1024.0,1024.0,1024.0,2.0547170182301975,15.323338508605957,0.00010177037759260854,23.56426111300061,1.633997917175293,1.7421875
fold1_seed17,cova3d_c100_coh_fold1_seed17,C100_COH,1,17,3864554962,e7d08ee7aed59282e5f1fb8c6c9c6a04081c89a7745919254c486c6d27a7b5bf,d0af5897f8d5d04b0fb7aa0ac1d12f04fe18a376d6c12a714e7bd271d3234888,25,26,120,1560,0.0823588282590392,0.02454682102158549,0.057812007268269856,8080,4173,0,55,21,44,0,0,1024.0,1024.0,1024.0,4.536389580617349,82.25106811523438,9.048256542400759e-05,23.611570749000748,1.633997917175293,1.7421875
fold1_seed17,cova3d_c100_coh_fold1_seed17,C100_COH,1,17,3864554962,e7d08ee7aed59282e5f1fb8c6c9c6a04081c89a7745919254c486c6d27a7b5bf,d0af5897f8d5d04b0fb7aa0ac1d12f04fe18a376d6c12a714e7bd271d3234888,26,27,120,1620,0.06685791350229854,0.016396494518377953,0.05046141892671585,8156,4243,4,63,28,29,0,0,1024.0,1024.0,1024.0,2.1558239436747195,20.872249603271484,7.960435087538242e-05,23.495882193999932,1.633997917175293,1.7421875
fold1_seed17,cova3d_c100_coh_fold1_seed17,C100_COH,1,17,3864554962,e7d08ee7aed59282e5f1fb8c6c9c6a04081c89a7745919254c486c6d27a7b5bf,d0af5897f8d5d04b0fb7aa0ac1d12f04fe18a376d6c12a714e7bd271d3234888,27,28,120,1680,0.10772384115540881,0.023011987166040745,0.084711854159832,8103,4023,0,63,28,29,0,0,1024.0,1024.0,1024.0,2.455029439062734,24.80180549621582,6.920875718705205e-05,23.599915550999867,1.633997917175293,1.7421875
fold1_seed17,cova3d_c100_coh_fold1_seed17,C100_COH,1,17,3864554962,e7d08ee7aed59282e5f1fb8c6c9c6a04081c89a7745919254c486c6d27a7b5bf,d0af5897f8d5d04b0fb7aa0ac1d12f04fe18a376d6c12a714e7bd271d3234888,28,29,120,1740,0.08845517019877733,0.025391594713901466,0.0630635753273964,8291,4101,0,62,28,30,0,0,1024.0,1024.0,1024.0,3.8584358535008505,74.61614990234375,5.936556786372413e-05,23.542830079999476,1.633997917175293,1.7421875
fold1_seed17,cova3d_c100_coh_fold1_seed17,C100_COH,1,17,3864554962,e7d08ee7aed59282e5f1fb8c6c9c6a04081c89a7745919254c486c6d27a7b5bf,d0af5897f8d5d04b0fb7aa0ac1d12f04fe18a376d6c12a714e7bd271d3234888,29,30,120,1800,0.07434789156933702,0.011014153266132117,0.06333373785018921,8130,4055,1,60,36,24,0,0,1024.0,1024.0,1024.0,1.995270832280706,22.562318801879883,5.014085823202989e-05,23.53106239399858,1.633997917175293,1.7421875
fold1_seed17,cova3d_c100_coh_fold1_seed17,C100_COH,1,17,3864554962,e7d08ee7aed59282e5f1fb8c6c9c6a04081c89a7745919254c486c6d27a7b5bf,d0af5897f8d5d04b0fb7aa0ac1d12f04fe18a376d6c12a714e7bd271d3234888,30,31,120,1860,0.06040036938223824,0.011167977973346628,0.049232391516367595,8242,4139,0,55,33,32,0,0,1024.0,1024.0,1024.0,3.1826809527973334,36.0850715637207,4.159655189030408e-05,23.53182749900043,1.633997917175293,1.7421875
fold1_seed17,cova3d_c100_coh_fold1_seed17,C100_COH,1,17,3864554962,e7d08ee7aed59282e5f1fb8c6c9c6a04081c89a7745919254c486c6d27a7b5bf,d0af5897f8d5d04b0fb7aa0ac1d12f04fe18a376d6c12a714e7bd271d3234888,31,32,120,1920,0.0689757709309043,0.02124552540457981,0.04773024618625641,8175,4034,2,60,34,26,0,0,1024.0,1024.0,1024.0,3.867291032114493,35.673301696777344,3.379000502807257e-05,23.483352279999963,1.633997917175293,1.7421875
fold1_seed17,cova3d_c100_coh_fold1_seed17,C100_COH,1,17,3864554962,e7d08ee7aed59282e5f1fb8c6c9c6a04081c89a7745919254c486c6d27a7b5bf,d0af5897f8d5d04b0fb7aa0ac1d12f04fe18a376d6c12a714e7bd271d3234888,32,33,120,1980,0.0646750214148547,0.01946738737447715,0.04520763357480367,8113,3994,0,59,32,29,0,0,1024.0,1024.0,1024.0,4.207430642358182,49.63644027709961,2.6773621405624713e-05,23.48470139500023,1.633997917175293,1.7421875
fold1_seed17,cova3d_c100_coh_fold1_seed17,C100_COH,1,17,3864554962,e7d08ee7aed59282e5f1fb8c6c9c6a04081c89a7745919254c486c6d27a7b5bf,d0af5897f8d5d04b0fb7aa0ac1d12f04fe18a376d6c12a714e7bd271d3234888,33,34,120,2040,0.04069145596700719,0.010969436266350741,0.029722020030021667,8148,4115,0,54,37,29,0,0,1024.0,1024.0,1024.0,1.6214853997419898,13.098695755004883,2.059450057823627e-05,23.41157282200038,1.633997917175293,1.7421875
fold1_seed17,cova3d_c100_coh_fold1_seed17,C100_COH,1,17,3864554962,e7d08ee7aed59282e5f1fb8c6c9c6a04081c89a7745919254c486c6d27a7b5bf,d0af5897f8d5d04b0fb7aa0ac1d12f04fe18a376d6c12a714e7bd271d3234888,34,35,120,2100,0.07287349442662418,0.017965578185195515,0.054907916486263274,7931,3992,1,57,31,32,0,0,1024.0,1024.0,1024.0,3.7211059922274825,45.982460021972656,1.5294121726440254e-05,23.383372258000236,1.633997917175293,1.7421875
fold1_seed17,cova3d_c100_coh_fold1_seed17,C100_COH,1,17,3864554962,e7d08ee7aed59282e5f1fb8c6c9c6a04081c89a7745919254c486c6d27a7b5bf,d0af5897f8d5d04b0fb7aa0ac1d12f04fe18a376d6c12a714e7bd271d3234888,35,36,120,2160,0.04561816605885835,0.011895474125888313,0.03372269223133723,7693,3816,1,63,30,27,0,0,1024.0,1024.0,1024.0,3.1957471717881467,29.400375366210938,1.0908065214729997e-05,23.3972236339996,1.633997917175293,1.7421875
fold1_seed17,cova3d_c100_coh_fold1_seed17,C100_COH,1,17,3864554962,e7d08ee7aed59282e5f1fb8c6c9c6a04081c89a7745919254c486c6d27a7b5bf,d0af5897f8d5d04b0fb7aa0ac1d12f04fe18a376d6c12a714e7bd271d3234888,36,37,120,2220,0.052038806984882655,0.012113113094661903,0.039925693968931836,7942,4005,2,53,39,28,0,0,1024.0,1024.0,1024.0,3.6844071076794838,54.921146392822266,7.465773747813819e-06,23.444742321999,1.633997917175293,1.7421875
fold1_seed17,cova3d_c100_coh_fold1_seed17,C100_COH,1,17,3864554962,e7d08ee7aed59282e5f1fb8c6c9c6a04081c89a7745919254c486c6d27a7b5bf,d0af5897f8d5d04b0fb7aa0ac1d12f04fe18a376d6c12a714e7bd271d3234888,37,38,120,2280,0.050208029593491285,0.010629111385764615,0.039578917622566226,7857,3912,0,60,25,35,0,0,1024.0,1024.0,1024.0,4.255942928143001,61.453208923339844,4.990354727730315e-06,23.483505832000446,1.633997917175293,1.7421875
fold1_seed17,cova3d_c100_coh_fold1_seed17,C100_COH,1,17,3864554962,e7d08ee7aed59282e5f1fb8c6c9c6a04081c89a7745919254c486c6d27a7b5bf,d0af5897f8d5d04b0fb7aa0ac1d12f04fe18a376d6c12a714e7bd271d3234888,38,39,120,2340,0.03643931241903649,0.010628282245745276,0.025811029970645903,7818,3963,0,65,27,28,0,0,1024.0,1024.0,1024.0,4.222200125993307,43.94614791870117,3.498425138561358e-06,23.440036316998885,1.633997917175293,1.7421875
fold1_seed17,cova3d_c100_coh_fold1_seed17,C100_COH,1,17,3864554962,e7d08ee7aed59282e5f1fb8c6c9c6a04081c89a7745919254c486c6d27a7b5bf,d0af5897f8d5d04b0fb7aa0ac1d12f04fe18a376d6c12a714e7bd271d3234888,39,40,120,2400,0.03725039472653893,0.011530202871460758,0.025720191995302837,8293,4127,0,62,32,26,0,0,1024.0,1024.0,1024.0,3.2969645161564887,37.98577117919922,3e-06,23.45745496300151,1.633997917175293,1.7421875
fold1_seed17,cova3d_c100_dis_fold1_seed17,C100_DIS,1,17,3864554962,e7d08ee7aed59282e5f1fb8c6c9c6a04081c89a7745919254c486c6d27a7b5bf,d0af5897f8d5d04b0fb7aa0ac1d12f04fe18a376d6c12a714e7bd271d3234888,0,1,120,60,2.970092285672824,2.3683849121133487,0.6017073765397072,8313,4188,0,64,28,28,2,2,1024.0,4096.0,1024.0,93.03418080012004,293.4236755371094,0.00017999999999999998,24.625825561000966,1.6317625045776367,1.669921875
fold1_seed17,cova3d_c100_dis_fold1_seed17,C100_DIS,1,17,3864554962,e7d08ee7aed59282e5f1fb8c6c9c6a04081c89a7745919254c486c6d27a7b5bf,d0af5897f8d5d04b0fb7aa0ac1d12f04fe18a376d6c12a714e7bd271d3234888,1,2,120,120,1.3265110551534842,0.9357610157923772,0.3907500331600507,8022,4023,0,68,25,27,0,0,1024.0,1024.0,1024.0,30.106181573867797,81.92371368408203,0.0002999445918673937,23.87779390399919,1.6317625045776367,1.669921875
fold1_seed17,cova3d_c100_dis_fold1_seed17,C100_DIS,1,17,3864554962,e7d08ee7aed59282e5f1fb8c6c9c6a04081c89a7745919254c486c6d27a7b5bf,d0af5897f8d5d04b0fb7aa0ac1d12f04fe18a376d6c12a714e7bd271d3234888,2,3,120,180,0.8999086281439911,0.5932705793684969,0.30663804660240807,8166,4178,0,61,34,25,0,0,1024.0,1024.0,1024.0,11.256411695480347,43.37810134887695,0.0002991142965839822,23.764605971000492,1.6317625045776367,1.669921875
fold1_seed17,cova3d_c100_dis_fold1_seed17,C100_DIS,1,17,3864554962,e7d08ee7aed59282e5f1fb8c6c9c6a04081c89a7745919254c486c6d27a7b5bf,d0af5897f8d5d04b0fb7aa0ac1d12f04fe18a376d6c12a714e7bd271d3234888,3,4,120,240,0.8380117762212952,0.4989887686135868,0.3390230079491933,7631,3728,0,52,27,41,0,0,1024.0,1024.0,1024.0,9.584113542238871,28.442773818969727,0.0002972930965702204,23.753479348000837,1.6317625045776367,1.669921875
fold1_seed17,cova3d_c100_dis_fold1_seed17,C100_DIS,1,17,3864554962,e7d08ee7aed59282e5f1fb8c6c9c6a04081c89a7745919254c486c6d27a7b5bf,d0af5897f8d5d04b0fb7aa0ac1d12f04fe18a376d6c12a714e7bd271d3234888,4,5,120,300,0.7062847865434985,0.4385199648949007,0.2677648216485977,7928,3973,0,63,27,30,0,0,1024.0,1024.0,1024.0,7.5938125650087995,19.756467819213867,0.0002944932171711482,23.749116302000402,1.6317625045776367,1.669921875
fold1_seed17,cova3d_c100_dis_fold1_seed17,C100_DIS,1,17,3864554962,e7d08ee7aed59282e5f1fb8c6c9c6a04081c89a7745919254c486c6d27a7b5bf,d0af5897f8d5d04b0fb7aa0ac1d12f04fe18a376d6c12a714e7bd271d3234888,5,6,120,360,0.6709544856722156,0.3917430038253466,0.2792114794254303,7545,3879,0,61,32,27,0,0,1024.0,1024.0,1024.0,7.827587989966075,17.910402297973633,0.000290733453407337,23.733974253998895,1.6317625045776367,1.669921875
fold1_seed17,cova3d_c100_dis_fold1_seed17,C100_DIS,1,17,3864554962,e7d08ee7aed59282e5f1fb8c6c9c6a04081c89a7745919254c486c6d27a7b5bf,d0af5897f8d5d04b0fb7aa0ac1d12f04fe18a376d6c12a714e7bd271d3234888,6,7,120,420,0.6379270597671469,0.3783302733985086,0.25959678590297697,8071,4017,0,62,24,34,0,0,1024.0,1024.0,1024.0,7.454049372673035,23.8868350982666,0.0002860390438077423,23.764837279999483,1.6317625045776367,1.669921875
fold1_seed17,cova3d_c100_dis_fold1_seed17,C100_DIS,1,17,3864554962,e7d08ee7aed59282e5f1fb8c6c9c6a04081c89a7745919254c486c6d27a7b5bf,d0af5897f8d5d04b0fb7aa0ac1d12f04fe18a376d6c12a714e7bd271d3234888,7,8,120,480,0.5704104517276088,0.33919314690865576,0.23121730585892994,7313,3662,1,57,23,40,0,0,1024.0,1024.0,1024.0,7.475550037622452,22.152267456054688,0.00028044150098859483,23.758371788999284,1.6317625045776367,1.669921875
fold1_seed17,cova3d_c100_dis_fold1_seed17,C100_DIS,1,17,3864554962,e7d08ee7aed59282e5f1fb8c6c9c6a04081c89a7745919254c486c6d27a7b5bf,d0af5897f8d5d04b0fb7aa0ac1d12f04fe18a376d6c12a714e7bd271d3234888,8,9,120,540,0.5851885098032653,0.3416765845535944,0.24351192613442738,8142,4028,0,60,32,28,0,0,1024.0,1024.0,1024.0,7.748294208447138,33.543556213378906,0.0002739784001156218,23.74771340299958,1.6317625045776367,1.669921875
fold1_seed17,cova3d_c100_dis_fold1_seed17,C100_DIS,1,17,3864554962,e7d08ee7aed59282e5f1fb8c6c9c6a04081c89a7745919254c486c6d27a7b5bf,d0af5897f8d5d04b0fb7aa0ac1d12f04fe18a376d6c12a714e7bd271d3234888,9,10,120,600,0.507398086724182,0.287156741352131,0.22024134546518326,7724,3820,0,56,30,34,0,0,1024.0,1024.0,1024.0,7.588214194774627,42.39860916137695,0.0002666931266696063,23.82133315200008,1.6317625045776367,1.669921875
fold1_seed17,cova3d_c100_dis_fold1_seed17,C100_DIS,1,17,3864554962,e7d08ee7aed59282e5f1fb8c6c9c6a04081c89a7745919254c486c6d27a7b5bf,d0af5897f8d5d04b0fb7aa0ac1d12f04fe18a376d6c12a714e7bd271d3234888,10,11,120,660,0.511780408055832,0.3015898995256672,0.21019051025311153,7882,3879,0,57,27,36,0,0,1024.0,1024.0,1024.0,7.784101128578186,35.35863494873047,0.0002586345852084849,23.77085027999965,1.6317625045776367,1.669921875
fold1_seed17,cova3d_c100_dis_fold1_seed17,C100_DIS,1,17,3864554962,e7d08ee7aed59282e5f1fb8c6c9c6a04081c89a7745919254c486c6d27a7b5bf,d0af5897f8d5d04b0fb7aa0ac1d12f04fe18a376d6c12a714e7bd271d3234888,11,12,120,720,0.4628782999236137,0.26986455649797186,0.19301374306281407,7750,3957,0,63,25,32,0,0,1024.0,1024.0,1024.0,6.45113374988238,17.213058471679688,0.0002498568710810032,23.683075117000044,1.6317625045776367,1.669921875
fold1_seed17,cova3d_c100_dis_fold1_seed17,C100_DIS,1,17,3864554962,e7d08ee7aed59282e5f1fb8c6c9c6a04081c89a7745919254c486c6d27a7b5bf,d0af5897f8d5d04b0fb7aa0ac1d12f04fe18a376d6c12a714e7bd271d3234888,12,13,120,780,0.4683747075032443,0.26446715053850006,0.2039075568318367,7856,3916,0,56,33,31,0,0,1024.0,1024.0,1024.0,7.336714345216751,26.00689697265625,0.0002404189072956492,23.616731799998888,1.6317625045776367,1.669921875
fold1_seed17,cova3d_c100_dis_fold1_seed17,C100_DIS,1,17,3864554962,e7d08ee7aed59282e5f1fb8c6c9c6a04081c89a7745919254c486c6d27a7b5bf,d0af5897f8d5d04b0fb7aa0ac1d12f04fe18a376d6c12a714e7bd271d3234888,13,14,120,840,0.3466128615817676,0.19733570914249868,0.14927715460459393,7853,4037,0,70,29,21,0,0,1024.0,1024.0,1024.0,5.6213957091172535,16.47675323486328,0.00023038404898248976,23.69943441900068,1.6317625045776367,1.669921875
fold1_seed17,cova3d_c100_dis_fold1_seed17,C100_DIS,1,17,3864554962,e7d08ee7aed59282e5f1fb8c6c9c6a04081c89a7745919254c486c6d27a7b5bf,d0af5897f8d5d04b0fb7aa0ac1d12f04fe18a376d6c12a714e7bd271d3234888,14,15,120,900,0.3810867106386771,0.2197517849194507,0.16133492439985275,7861,4125,0,54,28,38,0,0,1024.0,1024.0,1024.0,6.693032538890838,15.469703674316406,0.00021981965810307605,23.72073651500068,1.6317625045776367,1.669921875
fold1_seed17,cova3d_c100_dis_fold1_seed17,C100_DIS,1,17,3864554962,e7d08ee7aed59282e5f1fb8c6c9c6a04081c89a7745919254c486c6d27a7b5bf,d0af5897f8d5d04b0fb7aa0ac1d12f04fe18a376d6c12a714e7bd271d3234888,15,16,120,960,0.38388431802159173,0.2144520089525031,0.16943230877319973,8129,4035,0,58,33,29,0,0,1024.0,1024.0,1024.0,7.064745873212814,34.615177154541016,0.00020879665126330557,23.66470084700086,1.6317625045776367,1.669921875
fold1_seed17,cova3d_c100_dis_fold1_seed17,C100_DIS,1,17,3864554962,e7d08ee7aed59282e5f1fb8c6c9c6a04081c89a7745919254c486c6d27a7b5bf,d0af5897f8d5d04b0fb7aa0ac1d12f04fe18a376d6c12a714e7bd271d3234888,16,17,120,1020,0.29714906270819486,0.1509326793355285,0.14621638456980388,8020,4177,2,66,21,33,0,0,1024.0,1024.0,1024.0,4.9425968090693155,17.939889907836914,0.00019738902366467966,23.64887460800128,1.6317625045776367,1.669921875
fold1_seed17,cova3d_c100_dis_fold1_seed17,C100_DIS,1,17,3864554962,e7d08ee7aed59282e5f1fb8c6c9c6a04081c89a7745919254c486c6d27a7b5bf,d0af5897f8d5d04b0fb7aa0ac1d12f04fe18a376d6c12a714e7bd271d3234888,17,18,120,1080,0.2552563914633689,0.15459610359610754,0.10066028833389282,8003,4074,0,65,28,27,0,0,1024.0,1024.0,1024.0,6.075775956859191,27.095230102539062,0.00018567335238957547,23.66857856399838,1.6317625045776367,1.669921875
fold1_seed17,cova3d_c100_dis_fold1_seed17,C100_DIS,1,17,3864554962,e7d08ee7aed59282e5f1fb8c6c9c6a04081c89a7745919254c486c6d27a7b5bf,d0af5897f8d5d04b0fb7aa0ac1d12f04fe18a376d6c12a714e7bd271d3234888,18,19,120,1140,0.330532892717747,0.16991178375513602,0.16062111010154087,7676,3634,1,51,32,37,0,0,1024.0,1024.0,1024.0,7.132659047842026,34.07765579223633,0.0001737282823548769,23.673357981000663,1.6317625045776367,1.669921875
fold1_seed17,cova3d_c100_dis_fold1_seed17,C100_DIS,1,17,3864554962,e7d08ee7aed59282e5f1fb8c6c9c6a04081c89a7745919254c486c6d27a7b5bf,d0af5897f8d5d04b0fb7aa0ac1d12f04fe18a376d6c12a714e7bd271d3234888,19,20,120,1200,0.29263860236969774,0.15354837729149343,0.13909022510051727,7858,4089,0,56,30,34,0,0,1024.0,1024.0,1024.0,6.198167172074318,63.188236236572266,0.00016163399838465363,23.597953480999422,1.6317625045776367,1.669921875
fold1_seed17,cova3d_c100_dis_fold1_seed17,C100_DIS,1,17,3864554962,e7d08ee7aed59282e5f1fb8c6c9c6a04081c89a7745919254c486c6d27a7b5bf,d0af5897f8d5d04b0fb7aa0ac1d12f04fe18a376d6c12a714e7bd271d3234888,20,21,120,1260,0.3081541809389213,0.14221092577572564,0.16594325453042985,7669,3894,0,61,28,31,0,0,1024.0,1024.0,1024.0,6.554126890500386,41.23637771606445,0.00014947168694575625,23.630422756999906,1.6317625045776367,1.669921875
fold1_seed17,cova3d_c100_dis_fold1_seed17,C100_DIS,1,17,3864554962,e7d08ee7aed59282e5f1fb8c6c9c6a04081c89a7745919254c486c6d27a7b5bf,d0af5897f8d5d04b0fb7aa0ac1d12f04fe18a376d6c12a714e7bd271d3234888,21,22,120,1320,0.20609793376130103,0.11634620381103104,0.08975172837575277,8024,4038,1,68,23,29,0,0,1024.0,1024.0,1024.0,5.7510624771316845,31.85776710510254,0.0001373229911595876,23.684755139000117,1.6317625045776367,1.669921875
fold1_seed17,cova3d_c100_dis_fold1_seed17,C100_DIS,1,17,3864554962,e7d08ee7aed59282e5f1fb8c6c9c6a04081c89a7745919254c486c6d27a7b5bf,d0af5897f8d5d04b0fb7aa0ac1d12f04fe18a376d6c12a714e7bd271d3234888,22,23,120,1380,0.20938164999921963,0.101491367320826,0.10789028257131576,7819,3961,0,63,28,29,0,0,1024.0,1024.0,1024.0,5.042133983472983,14.292290687561035,0.00012526946274844474,23.628993606000222,1.6317625045776367,1.669921875
fold1_seed17,cova3d_c100_dis_fold1_seed17,C100_DIS,1,17,3864554962,e7d08ee7aed59282e5f1fb8c6c9c6a04081c89a7745919254c486c6d27a7b5bf,d0af5897f8d5d04b0fb7aa0ac1d12f04fe18a376d6c12a714e7bd271d3234888,23,24,120,1440,0.16763220008773108,0.09273559934942265,0.07489660133918126,7741,3936,1,66,21,33,0,0,1024.0,1024.0,1024.0,4.85920414129893,17.905929565429688,0.00011339201459540494,23.603983646000415,1.6317625045776367,1.669921875
fold1_seed17,cova3d_c100_dis_fold1_seed17,C100_DIS,1,17,3864554962,e7d08ee7aed59282e5f1fb8c6c9c6a04081c89a7745919254c486c6d27a7b5bf,d0af5897f8d5d04b0fb7aa0ac1d12f04fe18a376d6c12a714e7bd271d3234888,24,25,120,1500,0.2103641636761798,0.10779731166270115,0.10256685167551041,8216,4095,0,64,28,28,0,0,1024.0,1024.0,1024.0,5.1399108841394385,24.877405166625977,0.00010177037759260854,23.66820892999931,1.6317625045776367,1.669921875
fold1_seed17,cova3d_c100_dis_fold1_seed17,C100_DIS,1,17,3864554962,e7d08ee7aed59282e5f1fb8c6c9c6a04081c89a7745919254c486c6d27a7b5bf,d0af5897f8d5d04b0fb7aa0ac1d12f04fe18a376d6c12a714e7bd271d3234888,25,26,120,1560,0.17659435305104126,0.08726656658121404,0.08932778636614482,8019,4102,0,55,21,44,0,0,1024.0,1024.0,1024.0,4.488786425193151,11.793707847595215,9.048256542400759e-05,23.65632027099855,1.6317625045776367,1.669921875
fold1_seed17,cova3d_c100_dis_fold1_seed17,C100_DIS,1,17,3864554962,e7d08ee7aed59282e5f1fb8c6c9c6a04081c89a7745919254c486c6d27a7b5bf,d0af5897f8d5d04b0fb7aa0ac1d12f04fe18a376d6c12a714e7bd271d3234888,26,27,120,1620,0.15931543782110869,0.07516795836224142,0.08414747913678487,8027,4137,1,63,28,29,0,0,1024.0,1024.0,1024.0,4.1101905412971975,16.770532608032227,7.960435087538242e-05,23.51755938399947,1.6317625045776367,1.669921875
fold1_seed17,cova3d_c100_dis_fold1_seed17,C100_DIS,1,17,3864554962,e7d08ee7aed59282e5f1fb8c6c9c6a04081c89a7745919254c486c6d27a7b5bf,d0af5897f8d5d04b0fb7aa0ac1d12f04fe18a376d6c12a714e7bd271d3234888,27,28,120,1680,0.16734330239502146,0.07139733870247073,0.09594596326351165,8077,4014,0,63,28,29,0,0,1024.0,1024.0,1024.0,4.289460775007805,28.674657821655273,6.920875718705205e-05,23.589877455000533,1.6317625045776367,1.669921875
fold1_seed17,cova3d_c100_dis_fold1_seed17,C100_DIS,1,17,3864554962,e7d08ee7aed59282e5f1fb8c6c9c6a04081c89a7745919254c486c6d27a7b5bf,d0af5897f8d5d04b0fb7aa0ac1d12f04fe18a376d6c12a714e7bd271d3234888,28,29,120,1740,0.15237858670067606,0.06769981374024307,0.08467877308527628,8346,4170,0,62,28,30,0,0,1024.0,1024.0,1024.0,4.52497884221375,32.89237976074219,5.936556786372413e-05,23.578483060000508,1.6317625045776367,1.669921875
fold1_seed17,cova3d_c100_dis_fold1_seed17,C100_DIS,1,17,3864554962,e7d08ee7aed59282e5f1fb8c6c9c6a04081c89a7745919254c486c6d27a7b5bf,d0af5897f8d5d04b0fb7aa0ac1d12f04fe18a376d6c12a714e7bd271d3234888,29,30,120,1800,0.14135103958679238,0.06147759302885234,0.07987344662348429,8052,4014,0,60,36,24,0,0,1024.0,1024.0,1024.0,3.994398261637737,46.01429748535156,5.014085823202989e-05,23.679720644000554,1.6317625045776367,1.669921875
fold1_seed17,cova3d_c100_dis_fold1_seed17,C100_DIS,1,17,3864554962,e7d08ee7aed59282e5f1fb8c6c9c6a04081c89a7745919254c486c6d27a7b5bf,d0af5897f8d5d04b0fb7aa0ac1d12f04fe18a376d6c12a714e7bd271d3234888,30,31,120,1860,0.14092751750504248,0.06118890843551223,0.07973860949277878,8023,3962,0,55,33,32,0,0,1024.0,1024.0,1024.0,4.2262735991428295,18.026992797851562,4.159655189030408e-05,23.597440051000376,1.6317625045776367,1.669921875
fold1_seed17,cova3d_c100_dis_fold1_seed17,C100_DIS,1,17,3864554962,e7d08ee7aed59282e5f1fb8c6c9c6a04081c89a7745919254c486c6d27a7b5bf,d0af5897f8d5d04b0fb7aa0ac1d12f04fe18a376d6c12a714e7bd271d3234888,31,32,120,1920,0.13535139488964584,0.06681089671795538,0.06854049960772196,7957,3935,0,60,34,26,0,0,1024.0,1024.0,1024.0,5.28077052248021,63.63756561279297,3.379000502807257e-05,23.539581441000337,1.6317625045776367,1.669921875
fold1_seed17,cova3d_c100_dis_fold1_seed17,C100_DIS,1,17,3864554962,e7d08ee7aed59282e5f1fb8c6c9c6a04081c89a7745919254c486c6d27a7b5bf,d0af5897f8d5d04b0fb7aa0ac1d12f04fe18a376d6c12a714e7bd271d3234888,32,33,120,1980,0.15715480609396765,0.05733320959458676,0.09982159535090128,7966,3868,0,59,32,29,0,0,1024.0,1024.0,1024.0,3.6647217633823552,24.959335327148438,2.6773621405624713e-05,23.570253830001093,1.6317625045776367,1.669921875
fold1_seed17,cova3d_c100_dis_fold1_seed17,C100_DIS,1,17,3864554962,e7d08ee7aed59282e5f1fb8c6c9c6a04081c89a7745919254c486c6d27a7b5bf,d0af5897f8d5d04b0fb7aa0ac1d12f04fe18a376d6c12a714e7bd271d3234888,33,34,120,2040,0.09285532057644257,0.04213785836794462,0.05071746160586675,8120,4064,0,54,37,29,0,0,1024.0,1024.0,1024.0,3.2740298164387545,10.987512588500977,2.059450057823627e-05,23.516266560000076,1.6317625045776367,1.669921875
fold1_seed17,cova3d_c100_dis_fold1_seed17,C100_DIS,1,17,3864554962,e7d08ee7aed59282e5f1fb8c6c9c6a04081c89a7745919254c486c6d27a7b5bf,d0af5897f8d5d04b0fb7aa0ac1d12f04fe18a376d6c12a714e7bd271d3234888,34,35,120,2100,0.14326386618561932,0.057163153033108455,0.08610071341196696,7997,4003,0,57,31,32,0,0,1024.0,1024.0,1024.0,4.897213573257129,65.55215454101562,1.5294121726440254e-05,23.585126695001236,1.6317625045776367,1.669921875
fold1_seed17,cova3d_c100_dis_fold1_seed17,C100_DIS,1,17,3864554962,e7d08ee7aed59282e5f1fb8c6c9c6a04081c89a7745919254c486c6d27a7b5bf,d0af5897f8d5d04b0fb7aa0ac1d12f04fe18a376d6c12a714e7bd271d3234888,35,36,120,2160,0.11056544703230126,0.041780011508308235,0.06878543545802435,7917,3918,0,63,30,27,0,0,1024.0,1024.0,1024.0,3.2526605262731514,17.154823303222656,1.0908065214729997e-05,23.657201873000304,1.6317625045776367,1.669921875
fold1_seed17,cova3d_c100_dis_fold1_seed17,C100_DIS,1,17,3864554962,e7d08ee7aed59282e5f1fb8c6c9c6a04081c89a7745919254c486c6d27a7b5bf,d0af5897f8d5d04b0fb7aa0ac1d12f04fe18a376d6c12a714e7bd271d3234888,36,37,120,2220,0.10029505432686889,0.04212391387979366,0.05817113965749741,7847,3924,0,53,39,28,0,0,1024.0,1024.0,1024.0,3.222749564299981,10.555512428283691,7.465773747813819e-06,23.532296418999977,1.6317625045776367,1.669921875
fold1_seed17,cova3d_c100_dis_fold1_seed17,C100_DIS,1,17,3864554962,e7d08ee7aed59282e5f1fb8c6c9c6a04081c89a7745919254c486c6d27a7b5bf,d0af5897f8d5d04b0fb7aa0ac1d12f04fe18a376d6c12a714e7bd271d3234888,37,38,120,2280,0.1032332239113733,0.045811612411785066,0.0574216107527415,7776,3829,0,60,25,35,0,0,1024.0,1024.0,1024.0,4.355663502588868,36.90983581542969,4.990354727730315e-06,23.591302930999518,1.6317625045776367,1.669921875
fold1_seed17,cova3d_c100_dis_fold1_seed17,C100_DIS,1,17,3864554962,e7d08ee7aed59282e5f1fb8c6c9c6a04081c89a7745919254c486c6d27a7b5bf,d0af5897f8d5d04b0fb7aa0ac1d12f04fe18a376d6c12a714e7bd271d3234888,38,39,120,2340,0.11942746509294011,0.03968190685124569,0.07974555889765421,7845,4060,0,65,27,28,0,0,1024.0,1024.0,1024.0,3.311786092010637,25.732254028320312,3.498425138561358e-06,23.611614800998723,1.6317625045776367,1.669921875
fold1_seed17,cova3d_c100_dis_fold1_seed17,C100_DIS,1,17,3864554962,e7d08ee7aed59282e5f1fb8c6c9c6a04081c89a7745919254c486c6d27a7b5bf,d0af5897f8d5d04b0fb7aa0ac1d12f04fe18a376d6c12a714e7bd271d3234888,39,40,120,2400,0.09594430878863326,0.034298105674179166,0.06164620320002238,8184,4090,0,62,32,26,0,0,1024.0,1024.0,1024.0,2.5804815544591597,15.442687034606934,3e-06,23.607546572999127,1.6317625045776367,1.669921875
fold1_seed17,cova3d_c100_frg_fold1_seed17,C100_FRG,1,17,3864554962,e7d08ee7aed59282e5f1fb8c6c9c6a04081c89a7745919254c486c6d27a7b5bf,d0af5897f8d5d04b0fb7aa0ac1d12f04fe18a376d6c12a714e7bd271d3234888,0,1,120,60,2.8252189432581267,2.2626874148845673,0.5625315204262733,8289,4214,0,64,28,28,2,2,1024.0,4096.0,1024.0,90.80666058858236,246.00033569335938,0.00017999999999999998,24.646502759000214,1.6355161666870117,1.671875
fold1_seed17,cova3d_c100_frg_fold1_seed17,C100_FRG,1,17,3864554962,e7d08ee7aed59282e5f1fb8c6c9c6a04081c89a7745919254c486c6d27a7b5bf,d0af5897f8d5d04b0fb7aa0ac1d12f04fe18a376d6c12a714e7bd271d3234888,1,2,120,120,1.2168627753853798,0.8532067507971078,0.36365602413813275,7938,3937,0,68,25,27,0,0,1024.0,1024.0,1024.0,30.24270394643148,107.9190673828125,0.0002999445918673937,23.866598668000734,1.6355161666870117,1.671875
fold1_seed17,cova3d_c100_frg_fold1_seed17,C100_FRG,1,17,3864554962,e7d08ee7aed59282e5f1fb8c6c9c6a04081c89a7745919254c486c6d27a7b5bf,d0af5897f8d5d04b0fb7aa0ac1d12f04fe18a376d6c12a714e7bd271d3234888,2,3,120,180,0.7899606812745332,0.5318910613656044,0.2580696235100428,8030,4027,1,61,34,25,0,0,1024.0,1024.0,1024.0,12.213510791460672,40.68315505981445,0.0002991142965839822,23.756905017999088,1.6355161666870117,1.671875
fold1_seed17,cova3d_c100_frg_fold1_seed17,C100_FRG,1,17,3864554962,e7d08ee7aed59282e5f1fb8c6c9c6a04081c89a7745919254c486c6d27a7b5bf,d0af5897f8d5d04b0fb7aa0ac1d12f04fe18a376d6c12a714e7bd271d3234888,3,4,120,240,0.759538238402456,0.4507810929324478,0.3087571427226067,7639,3725,0,52,27,41,0,0,1024.0,1024.0,1024.0,11.72495410044988,63.50623321533203,0.0002972930965702204,23.809230191000097,1.6355161666870117,1.671875
fold1_seed17,cova3d_c100_frg_fold1_seed17,C100_FRG,1,17,3864554962,e7d08ee7aed59282e5f1fb8c6c9c6a04081c89a7745919254c486c6d27a7b5bf,d0af5897f8d5d04b0fb7aa0ac1d12f04fe18a376d6c12a714e7bd271d3234888,4,5,120,300,0.6340693673351779,0.38165798597813894,0.2524113804101944,7950,3933,0,63,27,30,0,0,1024.0,1024.0,1024.0,8.553791530927022,33.51219177246094,0.0002944932171711482,23.813938610999685,1.6355161666870117,1.671875
fold1_seed17,cova3d_c100_frg_fold1_seed17,C100_FRG,1,17,3864554962,e7d08ee7aed59282e5f1fb8c6c9c6a04081c89a7745919254c486c6d27a7b5bf,d0af5897f8d5d04b0fb7aa0ac1d12f04fe18a376d6c12a714e7bd271d3234888,5,6,120,360,0.5858882549839716,0.3454939607763663,0.2403942957520485,7516,3852,0,61,32,27,0,0,1024.0,1024.0,1024.0,9.209585571289063,80.92058563232422,0.000290733453407337,23.808017048000693,1.6355161666870117,1.671875
fold1_seed17,cova3d_c100_frg_fold1_seed17,C100_FRG,1,17,3864554962,e7d08ee7aed59282e5f1fb8c6c9c6a04081c89a7745919254c486c6d27a7b5bf,d0af5897f8d5d04b0fb7aa0ac1d12f04fe18a376d6c12a714e7bd271d3234888,6,7,120,420,0.5718526097790648,0.3250527981998554,0.2467998132109642,7991,3942,0,62,24,34,0,0,1024.0,1024.0,1024.0,7.9168106834093726,32.10457992553711,0.0002860390438077423,23.741220918998806,1.6355161666870117,1.671875
fold1_seed17,cova3d_c100_frg_fold1_seed17,C100_FRG,1,17,3864554962,e7d08ee7aed59282e5f1fb8c6c9c6a04081c89a7745919254c486c6d27a7b5bf,d0af5897f8d5d04b0fb7aa0ac1d12f04fe18a376d6c12a714e7bd271d3234888,7,8,120,480,0.49409102466888727,0.284570436218443,0.20952058633168538,7283,3644,1,57,23,40,0,0,1024.0,1024.0,1024.0,8.086859484513601,24.092084884643555,0.00028044150098859483,23.718465715999628,1.6355161666870117,1.671875
fold1_seed17,cova3d_c100_frg_fold1_seed17,C100_FRG,1,17,3864554962,e7d08ee7aed59282e5f1fb8c6c9c6a04081c89a7745919254c486c6d27a7b5bf,d0af5897f8d5d04b0fb7aa0ac1d12f04fe18a376d6c12a714e7bd271d3234888,8,9,120,540,0.5305482594917218,0.31356987967931976,0.21697837859392166,8059,4028,0,60,32,28,0,0,1024.0,1024.0,1024.0,7.424289572238922,40.34249496459961,0.0002739784001156218,23.690630809998765,1.6355161666870117,1.671875
fold1_seed17,cova3d_c100_frg_fold1_seed17,C100_FRG,1,17,3864554962,e7d08ee7aed59282e5f1fb8c6c9c6a04081c89a7745919254c486c6d27a7b5bf,d0af5897f8d5d04b0fb7aa0ac1d12f04fe18a376d6c12a714e7bd271d3234888,9,10,120,600,0.46942551066167654,0.26505259637100004,0.20437291463216145,7797,3864,0,56,30,34,0,0,1024.0,1024.0,1024.0,8.51449831922849,99.16960144042969,0.0002666931266696063,23.699501004999547,1.6355161666870117,1.671875
fold1_seed17,cova3d_c100_frg_fold1_seed17,C100_FRG,1,17,3864554962,e7d08ee7aed59282e5f1fb8c6c9c6a04081c89a7745919254c486c6d27a7b5bf,d0af5897f8d5d04b0fb7aa0ac1d12f04fe18a376d6c12a714e7bd271d3234888,10,11,120,660,0.4299548960135629,0.2579403132471877,0.17201458315054577,7984,4002,0,57,27,36,0,0,1024.0,1024.0,1024.0,7.930301890770594,82.09709930419922,0.0002586345852084849,23.761330834000546,1.6355161666870117,1.671875
fold1_seed17,cova3d_c100_frg_fold1_seed17,C100_FRG,1,17,3864554962,e7d08ee7aed59282e5f1fb8c6c9c6a04081c89a7745919254c486c6d27a7b5bf,d0af5897f8d5d04b0fb7aa0ac1d12f04fe18a376d6c12a714e7bd271d3234888,11,12,120,720,0.415008624154143,0.24493748634510362,0.17007113744815192,7874,4084,1,63,25,32,0,0,1024.0,1024.0,1024.0,8.29591205517451,100.60726928710938,0.0002498568710810032,23.741656389000127,1.6355161666870117,1.671875
fold1_seed17,cova3d_c100_frg_fold1_seed17,C100_FRG,1,17,3864554962,e7d08ee7aed59282e5f1fb8c6c9c6a04081c89a7745919254c486c6d27a7b5bf,d0af5897f8d5d04b0fb7aa0ac1d12f04fe18a376d6c12a714e7bd271d3234888,12,13,120,780,0.3727744654015017,0.2103081512711166,0.16246631642182668,8106,4133,0,56,33,31,0,0,1024.0,1024.0,1024.0,7.60163982907931,44.011680603027344,0.0002404189072956492,23.74532195699976,1.6355161666870117,1.671875
fold1_seed17,cova3d_c100_frg_fold1_seed17,C100_FRG,1,17,3864554962,e7d08ee7aed59282e5f1fb8c6c9c6a04081c89a7745919254c486c6d27a7b5bf,d0af5897f8d5d04b0fb7aa0ac1d12f04fe18a376d6c12a714e7bd271d3234888,13,14,120,840,0.2707617994087438,0.1457535642257426,0.12500823587179183,7950,4133,0,70,29,21,0,0,1024.0,1024.0,1024.0,6.006375292936961,31.923969268798828,0.00023038404898248976,23.753971464999267,1.6355161666870117,1.671875
fold1_seed17,cova3d_c100_frg_fold1_seed17,C100_FRG,1,17,3864554962,e7d08ee7aed59282e5f1fb8c6c9c6a04081c89a7745919254c486c6d27a7b5bf,d0af5897f8d5d04b0fb7aa0ac1d12f04fe18a376d6c12a714e7bd271d3234888,14,15,120,900,0.2996152879282211,0.16909481556552539,0.1305204724272092,7927,4206,0,54,28,38,0,0,1024.0,1024.0,1024.0,6.760519913832346,51.33513259887695,0.00021981965810307605,23.810708343000442,1.6355161666870117,1.671875
fold1_seed17,cova3d_c100_frg_fold1_seed17,C100_FRG,1,17,3864554962,e7d08ee7aed59282e5f1fb8c6c9c6a04081c89a7745919254c486c6d27a7b5bf,d0af5897f8d5d04b0fb7aa0ac1d12f04fe18a376d6c12a714e7bd271d3234888,15,16,120,960,0.2979974056682598,0.16248957226622832,0.13550783346096676,7974,3961,0,58,33,29,0,0,1024.0,1024.0,1024.0,6.709136464198431,31.78292465209961,0.00020879665126330557,23.749896395000178,1.6355161666870117,1.671875
fold1_seed17,cova3d_c100_frg_fold1_seed17,C100_FRG,1,17,3864554962,e7d08ee7aed59282e5f1fb8c6c9c6a04081c89a7745919254c486c6d27a7b5bf,d0af5897f8d5d04b0fb7aa0ac1d12f04fe18a376d6c12a714e7bd271d3234888,16,17,120,1020,0.23515004036726167,0.12220884855240305,0.1129411906003952,8197,4337,3,66,21,33,0,0,1024.0,1024.0,1024.0,4.944462719776978,36.035987854003906,0.00019738902366467966,23.647477308000816,1.6355161666870117,1.671875
fold1_seed17,cova3d_c100_frg_fold1_seed17,C100_FRG,1,17,3864554962,e7d08ee7aed59282e5f1fb8c6c9c6a04081c89a7745919254c486c6d27a7b5bf,d0af5897f8d5d04b0fb7aa0ac1d12f04fe18a376d6c12a714e7bd271d3234888,17,18,120,1080,0.18125224773311857,0.11763331239068672,0.06361893514792125,8146,4218,0,65,28,27,0,0,1024.0,1024.0,1024.0,4.653461754322052,25.865455627441406,0.00018567335238957547,23.713703720999547,1.6355161666870117,1.671875
fold1_seed17,cova3d_c100_frg_fold1_seed17,C100_FRG,1,17,3864554962,e7d08ee7aed59282e5f1fb8c6c9c6a04081c89a7745919254c486c6d27a7b5bf,d0af5897f8d5d04b0fb7aa0ac1d12f04fe18a376d6c12a714e7bd271d3234888,18,19,120,1140,0.23746188342681004,0.11816630910448869,0.1192955752213796,7874,3779,1,51,32,37,0,0,1024.0,1024.0,1024.0,6.192821885893742,22.262269973754883,0.0001737282823548769,23.66038961800041,1.6355161666870117,1.671875
fold1_seed17,cova3d_c100_frg_fold1_seed17,C100_FRG,1,17,3864554962,e7d08ee7aed59282e5f1fb8c6c9c6a04081c89a7745919254c486c6d27a7b5bf,d0af5897f8d5d04b0fb7aa0ac1d12f04fe18a376d6c12a714e7bd271d3234888,19,20,120,1200,0.23207040553194627,0.11752083909468639,0.1145495668053627,7823,4018,0,56,30,34,0,0,1024.0,1024.0,1024.0,6.240407784779866,53.37179946899414,0.00016163399838465363,23.720108310000796,1.6355161666870117,1.671875
fold1_seed17,cova3d_c100_frg_fold1_seed17,C100_FRG,1,17,3864554962,e7d08ee7aed59282e5f1fb8c6c9c6a04081c89a7745919254c486c6d27a7b5bf,d0af5897f8d5d04b0fb7aa0ac1d12f04fe18a376d6c12a714e7bd271d3234888,20,21,120,1260,0.25227780995545196,0.10588547337842916,0.14639233698447546,7853,3996,0,61,28,31,0,0,1024.0,1024.0,1024.0,5.449614964425564,46.74413299560547,0.00014947168694575625,23.635953136001262,1.6355161666870117,1.671875
fold1_seed17,cova3d_c100_frg_fold1_seed17,C100_FRG,1,17,3864554962,e7d08ee7aed59282e5f1fb8c6c9c6a04081c89a7745919254c486c6d27a7b5bf,d0af5897f8d5d04b0fb7aa0ac1d12f04fe18a376d6c12a714e7bd271d3234888,21,22,120,1320,0.19113199791715185,0.10462113064462149,0.08651086787382761,7943,3990,1,68,23,29,0,0,1024.0,1024.0,1024.0,5.56520724594593,53.58889389038086,0.0001373229911595876,23.62481162399854,1.6355161666870117,1.671875
fold1_seed17,cova3d_c100_frg_fold1_seed17,C100_FRG,1,17,3864554962,e7d08ee7aed59282e5f1fb8c6c9c6a04081c89a7745919254c486c6d27a7b5bf,d0af5897f8d5d04b0fb7aa0ac1d12f04fe18a376d6c12a714e7bd271d3234888,22,23,120,1380,0.15768079965540285,0.06604470490686556,0.0916360929608345,7969,4079,1,63,28,29,0,0,1024.0,1024.0,1024.0,4.405239345133305,24.97953224182129,0.00012526946274844474,23.685469100000773,1.6355161666870117,1.671875
fold1_seed17,cova3d_c100_frg_fold1_seed17,C100_FRG,1,17,3864554962,e7d08ee7aed59282e5f1fb8c6c9c6a04081c89a7745919254c486c6d27a7b5bf,d0af5897f8d5d04b0fb7aa0ac1d12f04fe18a376d6c12a714e7bd271d3234888,23,24,120,1440,0.12576723232881099,0.07175679562216525,0.054010436435540515,7756,3925,1,66,21,33,0,0,1024.0,1024.0,1024.0,5.729321385423343,48.56876754760742,0.00011339201459540494,23.59909574000085,1.6355161666870117,1.671875
fold1_seed17,cova3d_c100_frg_fold1_seed17,C100_FRG,1,17,3864554962,e7d08ee7aed59282e5f1fb8c6c9c6a04081c89a7745919254c486c6d27a7b5bf,d0af5897f8d5d04b0fb7aa0ac1d12f04fe18a376d6c12a714e7bd271d3234888,24,25,120,1500,0.1786038009976437,0.07649580149084159,0.10210799972216288,8378,4196,0,64,28,28,0,0,1024.0,1024.0,1024.0,5.274139960110188,42.657508850097656,0.00010177037759260854,23.666306369999802,1.6355161666870117,1.671875
fold1_seed17,cova3d_c100_frg_fold1_seed17,C100_FRG,1,17,3864554962,e7d08ee7aed59282e5f1fb8c6c9c6a04081c89a7745919254c486c6d27a7b5bf,d0af5897f8d5d04b0fb7aa0ac1d12f04fe18a376d6c12a714e7bd271d3234888,25,26,120,1560,0.13470421317615547,0.05819875169745501,0.07650546083847681,8139,4179,0,55,21,44,0,0,1024.0,1024.0,1024.0,4.316802664349477,22.355710983276367,9.048256542400759e-05,23.57595740800025,1.6355161666870117,1.671875
fold1_seed17,cova3d_c100_frg_fold1_seed17,C100_FRG,1,17,3864554962,e7d08ee7aed59282e5f1fb8c6c9c6a04081c89a7745919254c486c6d27a7b5bf,d0af5897f8d5d04b0fb7aa0ac1d12f04fe18a376d6c12a714e7bd271d3234888,26,27,120,1620,0.11219978680833265,0.0452376249110633,0.06696216265360515,8070,4214,2,63,28,29,0,0,1024.0,1024.0,1024.0,2.8640678328772387,11.027270317077637,7.960435087538242e-05,23.526290087000234,1.6355161666870117,1.671875
fold1_seed17,cova3d_c100_frg_fold1_seed17,C100_FRG,1,17,3864554962,e7d08ee7aed59282e5f1fb8c6c9c6a04081c89a7745919254c486c6d27a7b5bf,d0af5897f8d5d04b0fb7aa0ac1d12f04fe18a376d6c12a714e7bd271d3234888,27,28,120,1680,0.14198414641437293,0.05054679895236989,0.09143734723329544,8198,4044,0,63,28,29,0,0,1024.0,1024.0,1024.0,3.328397114512821,26.5394229888916,6.920875718705205e-05,23.583510088001276,1.6355161666870117,1.671875
fold1_seed17,cova3d_c100_frg_fold1_seed17,C100_FRG,1,17,3864554962,e7d08ee7aed59282e5f1fb8c6c9c6a04081c89a7745919254c486c6d27a7b5bf,d0af5897f8d5d04b0fb7aa0ac1d12f04fe18a376d6c12a714e7bd271d3234888,28,29,120,1740,0.10689751500520212,0.05050282213903377,0.05639469176530838,8382,4144,0,62,28,30,0,0,1024.0,1024.0,1024.0,4.259965484961867,33.642066955566406,5.936556786372413e-05,23.641587774998698,1.6355161666870117,1.671875
fold1_seed17,cova3d_c100_frg_fold1_seed17,C100_FRG,1,17,3864554962,e7d08ee7aed59282e5f1fb8c6c9c6a04081c89a7745919254c486c6d27a7b5bf,d0af5897f8d5d04b0fb7aa0ac1d12f04fe18a376d6c12a714e7bd271d3234888,29,30,120,1800,0.10930101337782502,0.04190673734601849,0.06739427596330642,8327,4217,0,60,36,24,0,0,1024.0,1024.0,1024.0,4.052035737968981,29.14872932434082,5.014085823202989e-05,23.58014943300077,1.6355161666870117,1.671875
fold1_seed17,cova3d_c100_frg_fold1_seed17,C100_FRG,1,17,3864554962,e7d08ee7aed59282e5f1fb8c6c9c6a04081c89a7745919254c486c6d27a7b5bf,d0af5897f8d5d04b0fb7aa0ac1d12f04fe18a376d6c12a714e7bd271d3234888,30,31,120,1860,0.14096795431663242,0.047747271971396305,0.09322068194548289,8085,3989,0,55,33,32,0,0,1024.0,1024.0,1024.0,3.870825774843494,25.281753540039062,4.159655189030408e-05,23.593811058000938,1.6355161666870117,1.671875
fold1_seed17,cova3d_c100_frg_fold1_seed17,C100_FRG,1,17,3864554962,e7d08ee7aed59282e5f1fb8c6c9c6a04081c89a7745919254c486c6d27a7b5bf,d0af5897f8d5d04b0fb7aa0ac1d12f04fe18a376d6c12a714e7bd271d3234888,31,32,120,1920,0.11342931262195842,0.04541897840864818,0.06801033318042755,8123,4023,0,60,34,26,0,0,1024.0,1024.0,1024.0,4.359641547345867,45.76875686645508,3.379000502807257e-05,23.55580213399844,1.6355161666870117,1.671875
fold1_seed17,cova3d_c100_frg_fold1_seed17,C100_FRG,1,17,3864554962,e7d08ee7aed59282e5f1fb8c6c9c6a04081c89a7745919254c486c6d27a7b5bf,d0af5897f8d5d04b0fb7aa0ac1d12f04fe18a376d6c12a714e7bd271d3234888,32,33,120,1980,0.12026859850345015,0.03456576465149889,0.08570283353328705,7984,3940,0,59,32,29,0,0,1024.0,1024.0,1024.0,2.748125150427222,23.462112426757812,2.6773621405624713e-05,23.55866314800005,1.6355161666870117,1.671875
fold1_seed17,cova3d_c100_frg_fold1_seed17,C100_FRG,1,17,3864554962,e7d08ee7aed59282e5f1fb8c6c9c6a04081c89a7745919254c486c6d27a7b5bf,d0af5897f8d5d04b0fb7aa0ac1d12f04fe18a376d6c12a714e7bd271d3234888,33,34,120,2040,0.060022111561799346,0.026520512977655623,0.03350159823894501,8102,4068,0,54,37,29,0,0,1024.0,1024.0,1024.0,2.495706120257576,15.024438858032227,2.059450057823627e-05,23.549389375999453,1.6355161666870117,1.671875
fold1_seed17,cova3d_c100_frg_fold1_seed17,C100_FRG,1,17,3864554962,e7d08ee7aed59282e5f1fb8c6c9c6a04081c89a7745919254c486c6d27a7b5bf,d0af5897f8d5d04b0fb7aa0ac1d12f04fe18a376d6c12a714e7bd271d3234888,34,35,120,2100,0.13639706671365276,0.04959899112045605,0.08679807633161545,8166,4166,0,57,31,32,0,0,1024.0,1024.0,1024.0,6.30554077376922,175.6403045654297,1.5294121726440254e-05,23.510887541999182,1.6355161666870117,1.671875
fold1_seed17,cova3d_c100_frg_fold1_seed17,C100_FRG,1,17,3864554962,e7d08ee7aed59282e5f1fb8c6c9c6a04081c89a7745919254c486c6d27a7b5bf,d0af5897f8d5d04b0fb7aa0ac1d12f04fe18a376d6c12a714e7bd271d3234888,35,36,120,2160,0.08843058110699833,0.030139876696163508,0.05829070508480072,7790,3907,0,63,30,27,0,0,1024.0,1024.0,1024.0,2.762928153326114,20.404449462890625,1.0908065214729997e-05,23.53261467199991,1.6355161666870117,1.671875
fold1_seed17,cova3d_c100_frg_fold1_seed17,C100_FRG,1,17,3864554962,e7d08ee7aed59282e5f1fb8c6c9c6a04081c89a7745919254c486c6d27a7b5bf,d0af5897f8d5d04b0fb7aa0ac1d12f04fe18a376d6c12a714e7bd271d3234888,36,37,120,2220,0.08394211843110691,0.02670624661156471,0.057235871255397794,7922,4024,0,53,39,28,0,0,1024.0,1024.0,1024.0,2.3926582358156643,10.382930755615234,7.465773747813819e-06,23.551837970000634,1.6355161666870117,1.671875
fold1_seed17,cova3d_c100_frg_fold1_seed17,C100_FRG,1,17,3864554962,e7d08ee7aed59282e5f1fb8c6c9c6a04081c89a7745919254c486c6d27a7b5bf,d0af5897f8d5d04b0fb7aa0ac1d12f04fe18a376d6c12a714e7bd271d3234888,37,38,120,2280,0.08268869955960932,0.026535692506210278,0.0561530073483785,7886,3909,0,60,25,35,0,0,1024.0,1024.0,1024.0,3.437321818557878,33.777793884277344,4.990354727730315e-06,23.5599077400002,1.6355161666870117,1.671875
fold1_seed17,cova3d_c100_frg_fold1_seed17,C100_FRG,1,17,3864554962,e7d08ee7aed59282e5f1fb8c6c9c6a04081c89a7745919254c486c6d27a7b5bf,d0af5897f8d5d04b0fb7aa0ac1d12f04fe18a376d6c12a714e7bd271d3234888,38,39,120,2340,0.09458742091409474,0.03330629317592712,0.06128112822771072,7853,4040,0,65,27,28,0,0,1024.0,1024.0,1024.0,3.5253047353588043,84.62884521484375,3.498425138561358e-06,23.598741744001018,1.6355161666870117,1.671875
fold1_seed17,cova3d_c100_frg_fold1_seed17,C100_FRG,1,17,3864554962,e7d08ee7aed59282e5f1fb8c6c9c6a04081c89a7745919254c486c6d27a7b5bf,d0af5897f8d5d04b0fb7aa0ac1d12f04fe18a376d6c12a714e7bd271d3234888,39,40,120,2400,0.07645011246600006,0.021368676738548704,0.0550814355413119,8435,4225,0,62,32,26,0,0,1024.0,1024.0,1024.0,2.115366620446245,10.186650276184082,3e-06,23.57055771100022,1.6355161666870117,1.671875
