batch_id,run_id,condition,outer_fold,seed,initialization_seed,shared_initialization_sha256,paired_plan_sha256,epoch,epoch_1based,logical_microbatches,successful_optimizer_steps_total,mean_loss,mean_partial_bce,mean_partial_dice_fp32,labelled_voxels_seen,foreground_voxels_seen,zero_label_microbatches,foreground_centered,background_centered,uniform_crop,amp_overflow_events,amp_retry_attempts,amp_scale_min,amp_scale_max,amp_scale_end,mean_preclip_grad_norm,max_preclip_grad_norm,learning_rate_end,epoch_seconds,peak_allocated_gb,peak_reserved_gb
fold1_seed43,cova3d_c50_coh_fold1_seed43,C50_COH,1,43,1250903718,f75d6b13f73b49d413daa2049704ea388ba74bb57a35bf21e2fad9f1321cee0d,81ad9cc21bb11722a79de989d03a23f2b16c7c81760dce22d71f4a5d47a396c9,0,1,120,60,1.7489038000504176,1.2861768510192633,0.46272695660591123,8234,4213,0,52,37,31,1,1,2048.0,4096.0,2048.0,58.418531290690105,134.79550170898438,0.00017999999999999998,22.912006804001066,1.6301603317260742,1.662109375
fold1_seed43,cova3d_c50_coh_fold1_seed43,C50_COH,1,43,1250903718,f75d6b13f73b49d413daa2049704ea388ba74bb57a35bf21e2fad9f1321cee0d,81ad9cc21bb11722a79de989d03a23f2b16c7c81760dce22d71f4a5d47a396c9,1,2,120,120,0.9823798290143411,0.6250607401598245,0.3573190912604332,7995,4035,0,54,32,34,0,0,2048.0,2048.0,2048.0,19.791788196563722,101.62470245361328,0.0002999445918673937,22.7191727419995,1.6301603317260742,1.662109375
fold1_seed43,cova3d_c50_coh_fold1_seed43,C50_COH,1,43,1250903718,f75d6b13f73b49d413daa2049704ea388ba74bb57a35bf21e2fad9f1321cee0d,81ad9cc21bb11722a79de989d03a23f2b16c7c81760dce22d71f4a5d47a396c9,2,3,120,180,0.6865503983067659,0.3748917467785456,0.31165865461031594,7850,3889,0,59,28,33,0,0,2048.0,2048.0,2048.0,9.120587054888407,28.142005920410156,0.0002991142965839822,22.91644623600041,1.6301603317260742,1.662109375
fold1_seed43,cova3d_c50_coh_fold1_seed43,C50_COH,1,43,1250903718,f75d6b13f73b49d413daa2049704ea388ba74bb57a35bf21e2fad9f1321cee0d,81ad9cc21bb11722a79de989d03a23f2b16c7c81760dce22d71f4a5d47a396c9,3,4,120,240,0.47054917945254904,0.26979624975744326,0.20075292934974034,8360,4323,2,62,22,36,0,0,2048.0,2048.0,2048.0,7.259125078717868,23.296846389770508,0.0002972930965702204,23.02775094199933,1.6301603317260742,1.662109375
fold1_seed43,cova3d_c50_coh_fold1_seed43,C50_COH,1,43,1250903718,f75d6b13f73b49d413daa2049704ea388ba74bb57a35bf21e2fad9f1321cee0d,81ad9cc21bb11722a79de989d03a23f2b16c7c81760dce22d71f4a5d47a396c9,4,5,120,300,0.4225180646374506,0.2231456752797584,0.19937238842248917,8367,4475,3,60,23,37,0,0,2048.0,2048.0,2048.0,7.344006445010503,27.64093589782715,0.0002944932171711482,23.143705508000494,1.6301603317260742,1.662109375
fold1_seed43,cova3d_c50_coh_fold1_seed43,C50_COH,1,43,1250903718,f75d6b13f73b49d413daa2049704ea388ba74bb57a35bf21e2fad9f1321cee0d,81ad9cc21bb11722a79de989d03a23f2b16c7c81760dce22d71f4a5d47a396c9,5,6,120,360,0.3302323106218561,0.17707920314157188,0.15315310806035995,8465,4464,0,61,35,24,0,0,2048.0,2048.0,2048.0,5.954276659091314,16.59657096862793,0.000290733453407337,23.287918190999335,1.6301603317260742,1.662109375
fold1_seed43,cova3d_c50_coh_fold1_seed43,C50_COH,1,43,1250903718,f75d6b13f73b49d413daa2049704ea388ba74bb57a35bf21e2fad9f1321cee0d,81ad9cc21bb11722a79de989d03a23f2b16c7c81760dce22d71f4a5d47a396c9,6,7,120,420,0.3183850528484527,0.15116923384158934,0.16721581717332204,8173,4263,1,62,31,27,0,0,2048.0,2048.0,2048.0,5.981411887208621,31.240530014038086,0.0002860390438077423,23.40935858299963,1.6301603317260742,1.662109375
fold1_seed43,cova3d_c50_coh_fold1_seed43,C50_COH,1,43,1250903718,f75d6b13f73b49d413daa2049704ea388ba74bb57a35bf21e2fad9f1321cee0d,81ad9cc21bb11722a79de989d03a23f2b16c7c81760dce22d71f4a5d47a396c9,7,8,120,480,0.33129940038003647,0.15883597617503256,0.17246342450380325,8185,4178,0,51,29,40,0,0,2048.0,2048.0,2048.0,7.468201645215353,46.83976745605469,0.00028044150098859483,23.487672465000287,1.6301603317260742,1.662109375
fold1_seed43,cova3d_c50_coh_fold1_seed43,C50_COH,1,43,1250903718,f75d6b13f73b49d413daa2049704ea388ba74bb57a35bf21e2fad9f1321cee0d,81ad9cc21bb11722a79de989d03a23f2b16c7c81760dce22d71f4a5d47a396c9,8,9,120,540,0.24448427373796838,0.10684434727233275,0.13763992538054784,8253,4109,0,60,33,27,0,0,2048.0,2048.0,2048.0,5.499960553646088,22.211294174194336,0.0002739784001156218,23.546815366000374,1.6301603317260742,1.662109375
fold1_seed43,cova3d_c50_coh_fold1_seed43,C50_COH,1,43,1250903718,f75d6b13f73b49d413daa2049704ea388ba74bb57a35bf21e2fad9f1321cee0d,81ad9cc21bb11722a79de989d03a23f2b16c7c81760dce22d71f4a5d47a396c9,9,10,120,600,0.2765016239510126,0.13500605326555035,0.14149557302395502,8209,4260,0,51,37,32,0,0,2048.0,2048.0,2048.0,7.688063171009222,37.312923431396484,0.0002666931266696063,23.607050390999575,1.6301603317260742,1.662109375
fold1_seed43,cova3d_c50_coh_fold1_seed43,C50_COH,1,43,1250903718,f75d6b13f73b49d413daa2049704ea388ba74bb57a35bf21e2fad9f1321cee0d,81ad9cc21bb11722a79de989d03a23f2b16c7c81760dce22d71f4a5d47a396c9,10,11,120,660,0.21437461165672478,0.09352682362186897,0.12084778894980748,8380,4218,1,64,31,25,0,0,2048.0,2048.0,2048.0,4.618101252118747,29.265262603759766,0.0002586345852084849,23.58772624300036,1.6301603317260742,1.662109375
fold1_seed43,cova3d_c50_coh_fold1_seed43,C50_COH,1,43,1250903718,f75d6b13f73b49d413daa2049704ea388ba74bb57a35bf21e2fad9f1321cee0d,81ad9cc21bb11722a79de989d03a23f2b16c7c81760dce22d71f4a5d47a396c9,11,12,120,720,0.20914691319706336,0.08492881439769538,0.12421809832255046,7964,4066,1,66,27,27,0,0,2048.0,2048.0,2048.0,4.95268527486672,48.52705383300781,0.0002498568710810032,23.61504093000076,1.6301603317260742,1.662109375
fold1_seed43,cova3d_c50_coh_fold1_seed43,C50_COH,1,43,1250903718,f75d6b13f73b49d413daa2049704ea388ba74bb57a35bf21e2fad9f1321cee0d,81ad9cc21bb11722a79de989d03a23f2b16c7c81760dce22d71f4a5d47a396c9,12,13,120,780,0.21335751608858117,0.09478566505137374,0.11857184916734695,8302,4317,0,61,25,34,0,0,2048.0,2048.0,2048.0,5.317767652124166,18.335676193237305,0.0002404189072956492,23.69661363100022,1.6301603317260742,1.662109375
fold1_seed43,cova3d_c50_coh_fold1_seed43,C50_COH,1,43,1250903718,f75d6b13f73b49d413daa2049704ea388ba74bb57a35bf21e2fad9f1321cee0d,81ad9cc21bb11722a79de989d03a23f2b16c7c81760dce22d71f4a5d47a396c9,13,14,120,840,0.24686220607429432,0.07156053287485979,0.17530167202154795,8311,4219,0,56,27,37,0,0,2048.0,2048.0,2048.0,4.411800322743754,55.399864196777344,0.00023038404898248976,23.689555769000435,1.6301603317260742,1.662109375
fold1_seed43,cova3d_c50_coh_fold1_seed43,C50_COH,1,43,1250903718,f75d6b13f73b49d413daa2049704ea388ba74bb57a35bf21e2fad9f1321cee0d,81ad9cc21bb11722a79de989d03a23f2b16c7c81760dce22d71f4a5d47a396c9,14,15,120,900,0.1534616964408997,0.050418047313905846,0.10304364711046218,8323,4236,1,67,25,28,0,0,2048.0,2048.0,2048.0,3.6375901136547326,14.772791862487793,0.00021981965810307605,23.63815490699926,1.6301603317260742,1.662109375
fold1_seed43,cova3d_c50_coh_fold1_seed43,C50_COH,1,43,1250903718,f75d6b13f73b49d413daa2049704ea388ba74bb57a35bf21e2fad9f1321cee0d,81ad9cc21bb11722a79de989d03a23f2b16c7c81760dce22d71f4a5d47a396c9,15,16,120,960,0.15081828014534632,0.04447172199475353,0.10634655753771464,8244,4458,1,68,28,24,0,0,2048.0,2048.0,2048.0,4.103111164458096,20.339866638183594,0.00020879665126330557,23.617186065999704,1.6301603317260742,1.662109375
fold1_seed43,cova3d_c50_coh_fold1_seed43,C50_COH,1,43,1250903718,f75d6b13f73b49d413daa2049704ea388ba74bb57a35bf21e2fad9f1321cee0d,81ad9cc21bb11722a79de989d03a23f2b16c7c81760dce22d71f4a5d47a396c9,16,17,120,1020,0.13893077715711116,0.04612243397053438,0.09280834247668585,8595,4369,0,60,32,28,0,0,2048.0,2048.0,2048.0,4.089086017509302,20.984861373901367,0.00019738902366467966,23.627336450001167,1.6301603317260742,1.662109375
fold1_seed43,cova3d_c50_coh_fold1_seed43,C50_COH,1,43,1250903718,f75d6b13f73b49d413daa2049704ea388ba74bb57a35bf21e2fad9f1321cee0d,81ad9cc21bb11722a79de989d03a23f2b16c7c81760dce22d71f4a5d47a396c9,17,18,120,1080,0.15313993872042897,0.060018151580136334,0.09312178591887156,8298,4230,1,56,32,32,0,0,2048.0,2048.0,2048.0,3.2926570279989393,40.32892990112305,0.00018567335238957547,23.585100095999223,1.6301603317260742,1.662109375
fold1_seed43,cova3d_c50_coh_fold1_seed43,C50_COH,1,43,1250903718,f75d6b13f73b49d413daa2049704ea388ba74bb57a35bf21e2fad9f1321cee0d,81ad9cc21bb11722a79de989d03a23f2b16c7c81760dce22d71f4a5d47a396c9,18,19,120,1140,0.13539555433713193,0.0239577869190305,0.1114377682407697,8466,4435,3,61,28,31,0,0,2048.0,2048.0,2048.0,2.4282505847513676,12.701930046081543,0.0001737282823548769,23.5783252429992,1.6301603317260742,1.662109375
fold1_seed43,cova3d_c50_coh_fold1_seed43,C50_COH,1,43,1250903718,f75d6b13f73b49d413daa2049704ea388ba74bb57a35bf21e2fad9f1321cee0d,81ad9cc21bb11722a79de989d03a23f2b16c7c81760dce22d71f4a5d47a396c9,19,20,120,1200,0.17996151381979208,0.04534247287626783,0.13461903880039852,8013,4154,2,61,26,33,0,0,2048.0,2048.0,2048.0,3.6971621653685967,19.179529190063477,0.00016163399838465363,23.570481775999724,1.6301603317260742,1.662109375
fold1_seed43,cova3d_c50_coh_fold1_seed43,C50_COH,1,43,1250903718,f75d6b13f73b49d413daa2049704ea388ba74bb57a35bf21e2fad9f1321cee0d,81ad9cc21bb11722a79de989d03a23f2b16c7c81760dce22d71f4a5d47a396c9,20,21,120,1260,0.13342782365164546,0.021428129030691506,0.11199969450632731,8392,4295,0,62,24,34,0,0,2048.0,2048.0,2048.0,2.248521794813375,47.69175338745117,0.00014947168694575625,23.571561161999853,1.6301603317260742,1.662109375
fold1_seed43,cova3d_c50_coh_fold1_seed43,C50_COH,1,43,1250903718,f75d6b13f73b49d413daa2049704ea388ba74bb57a35bf21e2fad9f1321cee0d,81ad9cc21bb11722a79de989d03a23f2b16c7c81760dce22d71f4a5d47a396c9,21,22,120,1320,0.18404185160809575,0.03220762322663152,0.15183422863483428,7804,3984,0,51,31,38,0,0,2048.0,2048.0,2048.0,3.0591202619019895,53.95075988769531,0.0001373229911595876,23.61863160199937,1.6301603317260742,1.662109375
fold1_seed43,cova3d_c50_coh_fold1_seed43,C50_COH,1,43,1250903718,f75d6b13f73b49d413daa2049704ea388ba74bb57a35bf21e2fad9f1321cee0d,81ad9cc21bb11722a79de989d03a23f2b16c7c81760dce22d71f4a5d47a396c9,22,23,120,1380,0.1038776795823992,0.019802302120954587,0.08407537788152694,8082,4178,0,62,27,31,0,0,2048.0,2048.0,2048.0,2.2542324285410964,26.89575958251953,0.00012526946274844474,23.53257669100094,1.6301603317260742,1.662109375
fold1_seed43,cova3d_c50_coh_fold1_seed43,C50_COH,1,43,1250903718,f75d6b13f73b49d413daa2049704ea388ba74bb57a35bf21e2fad9f1321cee0d,81ad9cc21bb11722a79de989d03a23f2b16c7c81760dce22d71f4a5d47a396c9,23,24,120,1440,0.10264317009147514,0.012302225454815623,0.09034094413121542,8505,4340,0,56,29,35,0,0,2048.0,2048.0,2048.0,1.5687799174105748,7.278079509735107,0.00011339201459540494,23.57294123199972,1.6301603317260742,1.662109375
fold1_seed43,cova3d_c50_coh_fold1_seed43,C50_COH,1,43,1250903718,f75d6b13f73b49d413daa2049704ea388ba74bb57a35bf21e2fad9f1321cee0d,81ad9cc21bb11722a79de989d03a23f2b16c7c81760dce22d71f4a5d47a396c9,24,25,120,1500,0.08872500726336814,0.010780247539639258,0.07794476052125295,8830,4696,1,73,25,22,0,0,2048.0,2048.0,2048.0,1.2498350829739744,16.697065353393555,0.00010177037759260854,23.45120014800159,1.6301603317260742,1.662109375
fold1_seed43,cova3d_c50_coh_fold1_seed43,C50_COH,1,43,1250903718,f75d6b13f73b49d413daa2049704ea388ba74bb57a35bf21e2fad9f1321cee0d,81ad9cc21bb11722a79de989d03a23f2b16c7c81760dce22d71f4a5d47a396c9,25,26,120,1560,0.053080924704651644,0.009500389779062144,0.04358053555091222,8338,4381,1,63,32,25,0,0,2048.0,2048.0,2048.0,1.4705226485481642,11.256053924560547,9.048256542400759e-05,23.438984266998887,1.6301603317260742,1.662109375
fold1_seed43,cova3d_c50_coh_fold1_seed43,C50_COH,1,43,1250903718,f75d6b13f73b49d413daa2049704ea388ba74bb57a35bf21e2fad9f1321cee0d,81ad9cc21bb11722a79de989d03a23f2b16c7c81760dce22d71f4a5d47a396c9,26,27,120,1620,0.054425533073924455,0.010422055019347539,0.044003478189309435,8389,4426,2,68,23,29,0,0,2048.0,2048.0,2048.0,1.7797017200128418,34.106807708740234,7.960435087538242e-05,23.421806010999717,1.6301603317260742,1.662109375
fold1_seed43,cova3d_c50_coh_fold1_seed43,C50_COH,1,43,1250903718,f75d6b13f73b49d413daa2049704ea388ba74bb57a35bf21e2fad9f1321cee0d,81ad9cc21bb11722a79de989d03a23f2b16c7c81760dce22d71f4a5d47a396c9,27,28,120,1680,0.08865422573383273,0.010029987421267738,0.0786242385705312,8144,4295,0,59,30,31,0,0,2048.0,2048.0,2048.0,1.399417814585225,8.495051383972168,6.920875718705205e-05,23.49486790100127,1.6301603317260742,1.662109375
fold1_seed43,cova3d_c50_coh_fold1_seed43,C50_COH,1,43,1250903718,f75d6b13f73b49d413daa2049704ea388ba74bb57a35bf21e2fad9f1321cee0d,81ad9cc21bb11722a79de989d03a23f2b16c7c81760dce22d71f4a5d47a396c9,28,29,120,1740,0.1327738355096812,0.025446483145680366,0.10732735246419907,8497,4369,0,46,38,36,0,0,2048.0,2048.0,2048.0,3.936692104342607,35.55093002319336,5.936556786372413e-05,23.51225289300055,1.6301603317260742,1.662109375
fold1_seed43,cova3d_c50_coh_fold1_seed43,C50_COH,1,43,1250903718,f75d6b13f73b49d413daa2049704ea388ba74bb57a35bf21e2fad9f1321cee0d,81ad9cc21bb11722a79de989d03a23f2b16c7c81760dce22d71f4a5d47a396c9,29,30,120,1800,0.13364908858652952,0.01950400231577488,0.11414508471886317,8169,4055,0,56,38,26,0,0,2048.0,2048.0,2048.0,3.1277046224429794,38.715396881103516,5.014085823202989e-05,23.475673401000677,1.6301603317260742,1.662109375
fold1_seed43,cova3d_c50_coh_fold1_seed43,C50_COH,1,43,1250903718,f75d6b13f73b49d413daa2049704ea388ba74bb57a35bf21e2fad9f1321cee0d,81ad9cc21bb11722a79de989d03a23f2b16c7c81760dce22d71f4a5d47a396c9,30,31,120,1860,0.07983216381237442,0.00785364011247037,0.07197852383057277,8442,4264,1,63,25,32,0,0,2048.0,2048.0,2048.0,3.370854217284553,58.3809814453125,4.159655189030408e-05,23.47578530699866,1.6301603317260742,1.662109375
fold1_seed43,cova3d_c50_coh_fold1_seed43,C50_COH,1,43,1250903718,f75d6b13f73b49d413daa2049704ea388ba74bb57a35bf21e2fad9f1321cee0d,81ad9cc21bb11722a79de989d03a23f2b16c7c81760dce22d71f4a5d47a396c9,31,32,120,1920,0.10624457803323754,0.02127984478742424,0.08496473282575608,8699,4533,0,59,35,26,0,0,2048.0,2048.0,2048.0,3.5638452173276165,56.71590805053711,3.379000502807257e-05,23.457654121000814,1.6301603317260742,1.662109375
fold1_seed43,cova3d_c50_coh_fold1_seed43,C50_COH,1,43,1250903718,f75d6b13f73b49d413daa2049704ea388ba74bb57a35bf21e2fad9f1321cee0d,81ad9cc21bb11722a79de989d03a23f2b16c7c81760dce22d71f4a5d47a396c9,32,33,120,1980,0.07929672189473996,0.013549209640156731,0.06574751138687134,8483,4232,2,58,35,27,0,0,2048.0,2048.0,2048.0,1.746718219195706,15.926121711730957,2.6773621405624713e-05,23.38980477000041,1.6301603317260742,1.662109375
fold1_seed43,cova3d_c50_coh_fold1_seed43,C50_COH,1,43,1250903718,f75d6b13f73b49d413daa2049704ea388ba74bb57a35bf21e2fad9f1321cee0d,81ad9cc21bb11722a79de989d03a23f2b16c7c81760dce22d71f4a5d47a396c9,33,34,120,2040,0.11394078142284335,0.01591508938622939,0.0980256920059522,7821,4000,0,55,36,29,0,0,2048.0,2048.0,2048.0,3.620691507105827,38.1265754699707,2.059450057823627e-05,23.532533388999582,1.6301603317260742,1.662109375
fold1_seed43,cova3d_c50_coh_fold1_seed43,C50_COH,1,43,1250903718,f75d6b13f73b49d413daa2049704ea388ba74bb57a35bf21e2fad9f1321cee0d,81ad9cc21bb11722a79de989d03a23f2b16c7c81760dce22d71f4a5d47a396c9,34,35,120,2100,0.057345274679988,0.009799207089262513,0.04754606783390045,8110,4112,0,64,30,26,0,0,2048.0,2048.0,2048.0,3.0073508898572374,33.14695358276367,1.5294121726440254e-05,23.526174332000664,1.6301603317260742,1.662109375
fold1_seed43,cova3d_c50_coh_fold1_seed43,C50_COH,1,43,1250903718,f75d6b13f73b49d413daa2049704ea388ba74bb57a35bf21e2fad9f1321cee0d,81ad9cc21bb11722a79de989d03a23f2b16c7c81760dce22d71f4a5d47a396c9,35,36,120,2160,0.06863892464987863,0.022939608502226587,0.04569931576649348,8275,4275,0,68,33,19,0,0,2048.0,2048.0,2048.0,2.5008655303468306,45.42193603515625,1.0908065214729997e-05,23.43074678499761,1.6301603317260742,1.662109375
fold1_seed43,cova3d_c50_coh_fold1_seed43,C50_COH,1,43,1250903718,f75d6b13f73b49d413daa2049704ea388ba74bb57a35bf21e2fad9f1321cee0d,81ad9cc21bb11722a79de989d03a23f2b16c7c81760dce22d71f4a5d47a396c9,36,37,120,2220,0.05641940831592053,0.0222642343688349,0.03415517459313075,8422,4537,0,75,26,19,0,0,2048.0,2048.0,2048.0,3.65292613264149,64.22210693359375,7.465773747813819e-06,23.447212613999,1.6301603317260742,1.662109375
fold1_seed43,cova3d_c50_coh_fold1_seed43,C50_COH,1,43,1250903718,f75d6b13f73b49d413daa2049704ea388ba74bb57a35bf21e2fad9f1321cee0d,81ad9cc21bb11722a79de989d03a23f2b16c7c81760dce22d71f4a5d47a396c9,37,38,120,2280,0.041859741922071265,0.0072315629195975435,0.03462817867596944,8627,4555,1,67,30,23,0,0,2048.0,2048.0,2048.0,2.3765597335123556,38.52775573730469,4.990354727730315e-06,23.467196727000555,1.6301603317260742,1.662109375
fold1_seed43,cova3d_c50_coh_fold1_seed43,C50_COH,1,43,1250903718,f75d6b13f73b49d413daa2049704ea388ba74bb57a35bf21e2fad9f1321cee0d,81ad9cc21bb11722a79de989d03a23f2b16c7c81760dce22d71f4a5d47a396c9,38,39,120,2340,0.05696045903967796,0.010640179204496749,0.04632027993599574,8198,3972,1,52,38,30,0,0,2048.0,2048.0,2048.0,2.4113751640691587,23.264883041381836,3.498425138561358e-06,23.429275242000585,1.6301603317260742,1.662109375
fold1_seed43,cova3d_c50_coh_fold1_seed43,C50_COH,1,43,1250903718,f75d6b13f73b49d413daa2049704ea388ba74bb57a35bf21e2fad9f1321cee0d,81ad9cc21bb11722a79de989d03a23f2b16c7c81760dce22d71f4a5d47a396c9,39,40,120,2400,0.043700488375326564,0.01436985842936506,0.02933063010374705,8719,4346,0,60,27,33,0,0,2048.0,2048.0,2048.0,2.6239106396664282,17.58376121520996,3e-06,23.43826403500134,1.6301603317260742,1.662109375
fold1_seed43,cova3d_c50_dis_fold1_seed43,C50_DIS,1,43,1250903718,f75d6b13f73b49d413daa2049704ea388ba74bb57a35bf21e2fad9f1321cee0d,81ad9cc21bb11722a79de989d03a23f2b16c7c81760dce22d71f4a5d47a396c9,0,1,120,60,1.9153773705164592,1.4160578752557436,0.49931949625412625,8345,4309,0,52,37,31,1,1,2048.0,4096.0,2048.0,60.62741886774699,147.53700256347656,0.00017999999999999998,24.280065286002355,1.3324565887451172,1.5625
fold1_seed43,cova3d_c50_dis_fold1_seed43,C50_DIS,1,43,1250903718,f75d6b13f73b49d413daa2049704ea388ba74bb57a35bf21e2fad9f1321cee0d,81ad9cc21bb11722a79de989d03a23f2b16c7c81760dce22d71f4a5d47a396c9,1,2,120,120,1.1502779899785915,0.7565140499422948,0.39376393804947535,7861,4005,0,54,32,34,0,0,2048.0,2048.0,2048.0,23.56393433411916,100.9561996459961,0.0002999445918673937,23.878129207998427,1.3324565887451172,1.5625
fold1_seed43,cova3d_c50_dis_fold1_seed43,C50_DIS,1,43,1250903718,f75d6b13f73b49d413daa2049704ea388ba74bb57a35bf21e2fad9f1321cee0d,81ad9cc21bb11722a79de989d03a23f2b16c7c81760dce22d71f4a5d47a396c9,2,3,120,180,0.884583348967135,0.5116070592155059,0.37297629068295163,7819,3927,0,59,28,33,0,0,2048.0,2048.0,2048.0,10.616107471783955,33.195125579833984,0.0002991142965839822,23.838671787998464,1.3324565887451172,1.5625
fold1_seed43,cova3d_c50_dis_fold1_seed43,C50_DIS,1,43,1250903718,f75d6b13f73b49d413daa2049704ea388ba74bb57a35bf21e2fad9f1321cee0d,81ad9cc21bb11722a79de989d03a23f2b16c7c81760dce22d71f4a5d47a396c9,3,4,120,240,0.6522029880744715,0.3915189559881886,0.2606840332349141,8369,4340,2,62,22,36,0,0,2048.0,2048.0,2048.0,7.838272722562154,17.015968322753906,0.0002972930965702204,23.82722147700042,1.3324565887451172,1.5625
fold1_seed43,cova3d_c50_dis_fold1_seed43,C50_DIS,1,43,1250903718,f75d6b13f73b49d413daa2049704ea388ba74bb57a35bf21e2fad9f1321cee0d,81ad9cc21bb11722a79de989d03a23f2b16c7c81760dce22d71f4a5d47a396c9,4,5,120,300,0.6309479773044586,0.35680026492724815,0.2741477171579997,8337,4459,3,60,23,37,0,0,2048.0,2048.0,2048.0,6.784445309638977,21.88338279724121,0.0002944932171711482,23.782458706002217,1.3324565887451172,1.5625
fold1_seed43,cova3d_c50_dis_fold1_seed43,C50_DIS,1,43,1250903718,f75d6b13f73b49d413daa2049704ea388ba74bb57a35bf21e2fad9f1321cee0d,81ad9cc21bb11722a79de989d03a23f2b16c7c81760dce22d71f4a5d47a396c9,5,6,120,360,0.5440460534455875,0.3153620990614096,0.2286839519937833,8413,4433,0,61,35,24,0,0,2048.0,2048.0,2048.0,7.499992350737254,24.48468589782715,0.000290733453407337,23.824334818000352,1.3324565887451172,1.5625
fold1_seed43,cova3d_c50_dis_fold1_seed43,C50_DIS,1,43,1250903718,f75d6b13f73b49d413daa2049704ea388ba74bb57a35bf21e2fad9f1321cee0d,81ad9cc21bb11722a79de989d03a23f2b16c7c81760dce22d71f4a5d47a396c9,6,7,120,420,0.5270357877171288,0.3013936888271322,0.2256420999765396,8127,4203,0,62,31,27,0,0,2048.0,2048.0,2048.0,7.914248536030452,20.902551651000977,0.0002860390438077423,23.806682162998186,1.3324565887451172,1.5625
fold1_seed43,cova3d_c50_dis_fold1_seed43,C50_DIS,1,43,1250903718,f75d6b13f73b49d413daa2049704ea388ba74bb57a35bf21e2fad9f1321cee0d,81ad9cc21bb11722a79de989d03a23f2b16c7c81760dce22d71f4a5d47a396c9,7,8,120,480,0.5199556740776946,0.2800422898842953,0.23991338461637496,8076,4127,0,51,29,40,0,0,2048.0,2048.0,2048.0,7.182114946842193,18.61591911315918,0.00028044150098859483,23.825252161001117,1.3324565887451172,1.5625
fold1_seed43,cova3d_c50_dis_fold1_seed43,C50_DIS,1,43,1250903718,f75d6b13f73b49d413daa2049704ea388ba74bb57a35bf21e2fad9f1321cee0d,81ad9cc21bb11722a79de989d03a23f2b16c7c81760dce22d71f4a5d47a396c9,8,9,120,540,0.41816081034485253,0.22807874488644303,0.19008206526438395,8237,4120,0,60,33,27,0,0,2048.0,2048.0,2048.0,7.503155392408371,22.154191970825195,0.0002739784001156218,23.841961310001352,1.3324565887451172,1.5625
fold1_seed43,cova3d_c50_dis_fold1_seed43,C50_DIS,1,43,1250903718,f75d6b13f73b49d413daa2049704ea388ba74bb57a35bf21e2fad9f1321cee0d,81ad9cc21bb11722a79de989d03a23f2b16c7c81760dce22d71f4a5d47a396c9,9,10,120,600,0.4211376931751147,0.23042980001385635,0.1907078891992569,8147,4224,0,51,37,32,0,0,2048.0,2048.0,2048.0,7.437606050570806,30.41182518005371,0.0002666931266696063,23.865305051000178,1.3324565887451172,1.5625
fold1_seed43,cova3d_c50_dis_fold1_seed43,C50_DIS,1,43,1250903718,f75d6b13f73b49d413daa2049704ea388ba74bb57a35bf21e2fad9f1321cee0d,81ad9cc21bb11722a79de989d03a23f2b16c7c81760dce22d71f4a5d47a396c9,10,11,120,660,0.3800569292313109,0.2036614166999546,0.17639551361401876,8427,4243,1,64,31,25,0,0,2048.0,2048.0,2048.0,6.85428595940272,22.003660202026367,0.0002586345852084849,23.795452620001015,1.3324565887451172,1.5625
fold1_seed43,cova3d_c50_dis_fold1_seed43,C50_DIS,1,43,1250903718,f75d6b13f73b49d413daa2049704ea388ba74bb57a35bf21e2fad9f1321cee0d,81ad9cc21bb11722a79de989d03a23f2b16c7c81760dce22d71f4a5d47a396c9,11,12,120,720,0.338020944527428,0.17622240803320893,0.16179853528738022,7993,4061,1,66,27,27,0,0,2048.0,2048.0,2048.0,6.720063839356104,38.268470764160156,0.0002498568710810032,23.754583500998706,1.3324565887451172,1.5625
fold1_seed43,cova3d_c50_dis_fold1_seed43,C50_DIS,1,43,1250903718,f75d6b13f73b49d413daa2049704ea388ba74bb57a35bf21e2fad9f1321cee0d,81ad9cc21bb11722a79de989d03a23f2b16c7c81760dce22d71f4a5d47a396c9,12,13,120,780,0.3499853401929916,0.18427102559217018,0.16571431358655295,8071,4152,0,61,25,34,0,0,2048.0,2048.0,2048.0,7.90244946628809,61.70978927612305,0.0002404189072956492,23.747728772999835,1.3324565887451172,1.5625
fold1_seed43,cova3d_c50_dis_fold1_seed43,C50_DIS,1,43,1250903718,f75d6b13f73b49d413daa2049704ea388ba74bb57a35bf21e2fad9f1321cee0d,81ad9cc21bb11722a79de989d03a23f2b16c7c81760dce22d71f4a5d47a396c9,13,14,120,840,0.36062424791938,0.16124659164537056,0.1993776559829712,8333,4230,0,56,27,37,0,0,2048.0,2048.0,2048.0,7.424900287638108,20.645816802978516,0.00023038404898248976,23.77318422100143,1.3324565887451172,1.5625
fold1_seed43,cova3d_c50_dis_fold1_seed43,C50_DIS,1,43,1250903718,f75d6b13f73b49d413daa2049704ea388ba74bb57a35bf21e2fad9f1321cee0d,81ad9cc21bb11722a79de989d03a23f2b16c7c81760dce22d71f4a5d47a396c9,14,15,120,900,0.30954744323583633,0.15365434374446826,0.15589309930801393,8272,4250,1,67,25,28,0,0,2048.0,2048.0,2048.0,7.120029168576002,31.685117721557617,0.00021981965810307605,23.79990583199833,1.3324565887451172,1.5625
fold1_seed43,cova3d_c50_dis_fold1_seed43,C50_DIS,1,43,1250903718,f75d6b13f73b49d413daa2049704ea388ba74bb57a35bf21e2fad9f1321cee0d,81ad9cc21bb11722a79de989d03a23f2b16c7c81760dce22d71f4a5d47a396c9,15,16,120,960,0.2885057630541269,0.1483741862946772,0.14013157586256664,8243,4439,0,68,28,24,0,0,2048.0,2048.0,2048.0,8.090559180577596,46.9854850769043,0.00020879665126330557,23.81576014500024,1.3324565887451172,1.5625
fold1_seed43,cova3d_c50_dis_fold1_seed43,C50_DIS,1,43,1250903718,f75d6b13f73b49d413daa2049704ea388ba74bb57a35bf21e2fad9f1321cee0d,81ad9cc21bb11722a79de989d03a23f2b16c7c81760dce22d71f4a5d47a396c9,16,17,120,1020,0.26296937140480925,0.13637238826728815,0.12659698377052944,8559,4372,0,60,32,28,0,0,2048.0,2048.0,2048.0,6.529996494452159,27.572168350219727,0.00019738902366467966,23.754339563998656,1.3324565887451172,1.5625
fold1_seed43,cova3d_c50_dis_fold1_seed43,C50_DIS,1,43,1250903718,f75d6b13f73b49d413daa2049704ea388ba74bb57a35bf21e2fad9f1321cee0d,81ad9cc21bb11722a79de989d03a23f2b16c7c81760dce22d71f4a5d47a396c9,17,18,120,1080,0.20795801790591212,0.08960079564385523,0.11835722476243973,8264,4188,0,56,32,32,0,0,2048.0,2048.0,2048.0,5.035628496607145,25.357685089111328,0.00018567335238957547,23.758890330998838,1.3324565887451172,1.5625
fold1_seed43,cova3d_c50_dis_fold1_seed43,C50_DIS,1,43,1250903718,f75d6b13f73b49d413daa2049704ea388ba74bb57a35bf21e2fad9f1321cee0d,81ad9cc21bb11722a79de989d03a23f2b16c7c81760dce22d71f4a5d47a396c9,18,19,120,1140,0.22529174134312294,0.09475535209894588,0.13053639034430187,8383,4375,0,61,28,31,0,0,2048.0,2048.0,2048.0,5.591666902353366,25.928922653198242,0.0001737282823548769,23.73650123999687,1.3324565887451172,1.5625
fold1_seed43,cova3d_c50_dis_fold1_seed43,C50_DIS,1,43,1250903718,f75d6b13f73b49d413daa2049704ea388ba74bb57a35bf21e2fad9f1321cee0d,81ad9cc21bb11722a79de989d03a23f2b16c7c81760dce22d71f4a5d47a396c9,19,20,120,1200,0.22891692548209666,0.08658197315880661,0.14233495344718297,7976,4144,2,61,26,33,0,0,2048.0,2048.0,2048.0,5.632886579291275,25.627639770507812,0.00016163399838465363,23.626446727997973,1.3324565887451172,1.5625
fold1_seed43,cova3d_c50_dis_fold1_seed43,C50_DIS,1,43,1250903718,f75d6b13f73b49d413daa2049704ea388ba74bb57a35bf21e2fad9f1321cee0d,81ad9cc21bb11722a79de989d03a23f2b16c7c81760dce22d71f4a5d47a396c9,20,21,120,1260,0.21074211529436676,0.06912445304672778,0.14161766270796458,8216,4168,0,62,24,34,0,0,2048.0,2048.0,2048.0,5.090564959185818,23.096406936645508,0.00014947168694575625,23.69024690900187,1.3324565887451172,1.5625
fold1_seed43,cova3d_c50_dis_fold1_seed43,C50_DIS,1,43,1250903718,f75d6b13f73b49d413daa2049704ea388ba74bb57a35bf21e2fad9f1321cee0d,81ad9cc21bb11722a79de989d03a23f2b16c7c81760dce22d71f4a5d47a396c9,21,22,120,1320,0.2000300367860594,0.06746661454447651,0.1325634221235911,7839,4045,0,51,31,38,0,0,2048.0,2048.0,2048.0,5.236929537293812,32.82577133178711,0.0001373229911595876,23.675362578000204,1.3324565887451172,1.5625
fold1_seed43,cova3d_c50_dis_fold1_seed43,C50_DIS,1,43,1250903718,f75d6b13f73b49d413daa2049704ea388ba74bb57a35bf21e2fad9f1321cee0d,81ad9cc21bb11722a79de989d03a23f2b16c7c81760dce22d71f4a5d47a396c9,22,23,120,1380,0.17900533198312588,0.07765884601193042,0.10134648581345876,8114,4239,0,62,27,31,0,0,2048.0,2048.0,2048.0,5.280349821480923,27.64326286315918,0.00012526946274844474,23.681532154001616,1.3324565887451172,1.5625
fold1_seed43,cova3d_c50_dis_fold1_seed43,C50_DIS,1,43,1250903718,f75d6b13f73b49d413daa2049704ea388ba74bb57a35bf21e2fad9f1321cee0d,81ad9cc21bb11722a79de989d03a23f2b16c7c81760dce22d71f4a5d47a396c9,23,24,120,1440,0.14189488581020365,0.05030988715395021,0.09158499936262766,8509,4360,0,56,29,35,0,0,2048.0,2048.0,2048.0,4.180444098326067,34.602298736572266,0.00011339201459540494,23.716558817002806,1.3324565887451172,1.5625
fold1_seed43,cova3d_c50_dis_fold1_seed43,C50_DIS,1,43,1250903718,f75d6b13f73b49d413daa2049704ea388ba74bb57a35bf21e2fad9f1321cee0d,81ad9cc21bb11722a79de989d03a23f2b16c7c81760dce22d71f4a5d47a396c9,24,25,120,1500,0.12666820340994794,0.046773772703909346,0.07989443043867747,8669,4508,1,73,25,22,0,0,2048.0,2048.0,2048.0,3.673976624912272,21.366165161132812,0.00010177037759260854,23.587550506999833,1.3324565887451172,1.5625
fold1_seed43,cova3d_c50_dis_fold1_seed43,C50_DIS,1,43,1250903718,f75d6b13f73b49d413daa2049704ea388ba74bb57a35bf21e2fad9f1321cee0d,81ad9cc21bb11722a79de989d03a23f2b16c7c81760dce22d71f4a5d47a396c9,25,26,120,1560,0.10681309111896553,0.04094766740806032,0.06586542427539825,8417,4449,1,63,32,25,0,0,2048.0,2048.0,2048.0,3.2386147639714182,18.69688606262207,9.048256542400759e-05,23.62417322300098,1.3324565887451172,1.5625
fold1_seed43,cova3d_c50_dis_fold1_seed43,C50_DIS,1,43,1250903718,f75d6b13f73b49d413daa2049704ea388ba74bb57a35bf21e2fad9f1321cee0d,81ad9cc21bb11722a79de989d03a23f2b16c7c81760dce22d71f4a5d47a396c9,26,27,120,1620,0.08202623738722346,0.035266146317921236,0.046760091185569765,8284,4369,1,68,23,29,0,0,2048.0,2048.0,2048.0,3.477527069176237,29.059951782226562,7.960435087538242e-05,23.667085396999028,1.3324565887451172,1.5625
fold1_seed43,cova3d_c50_dis_fold1_seed43,C50_DIS,1,43,1250903718,f75d6b13f73b49d413daa2049704ea388ba74bb57a35bf21e2fad9f1321cee0d,81ad9cc21bb11722a79de989d03a23f2b16c7c81760dce22d71f4a5d47a396c9,27,28,120,1680,0.14519566401249903,0.047482409621125043,0.09771325488885244,8126,4248,0,59,30,31,0,0,2048.0,2048.0,2048.0,4.327185487405708,45.922847747802734,6.920875718705205e-05,23.6753741600005,1.3324565887451172,1.5625
fold1_seed43,cova3d_c50_dis_fold1_seed43,C50_DIS,1,43,1250903718,f75d6b13f73b49d413daa2049704ea388ba74bb57a35bf21e2fad9f1321cee0d,81ad9cc21bb11722a79de989d03a23f2b16c7c81760dce22d71f4a5d47a396c9,28,29,120,1740,0.16974002087883946,0.0420206787834483,0.1277193417151769,8513,4372,0,46,38,36,0,0,2048.0,2048.0,2048.0,3.6323768391739577,16.856725692749023,5.936556786372413e-05,23.689447876000486,1.3324565887451172,1.5625
fold1_seed43,cova3d_c50_dis_fold1_seed43,C50_DIS,1,43,1250903718,f75d6b13f73b49d413daa2049704ea388ba74bb57a35bf21e2fad9f1321cee0d,81ad9cc21bb11722a79de989d03a23f2b16c7c81760dce22d71f4a5d47a396c9,29,30,120,1800,0.16962998717990557,0.02830716075144058,0.14132282535235088,8190,4057,0,56,38,26,0,0,2048.0,2048.0,2048.0,2.3740834816048544,8.683600425720215,5.014085823202989e-05,23.618331039000623,1.3324565887451172,1.5625
fold1_seed43,cova3d_c50_dis_fold1_seed43,C50_DIS,1,43,1250903718,f75d6b13f73b49d413daa2049704ea388ba74bb57a35bf21e2fad9f1321cee0d,81ad9cc21bb11722a79de989d03a23f2b16c7c81760dce22d71f4a5d47a396c9,30,31,120,1860,0.1117875175090982,0.026713724522202633,0.08507379194100698,8496,4308,1,63,25,32,0,0,2048.0,2048.0,2048.0,2.855919150666644,23.053054809570312,4.159655189030408e-05,23.674473015998956,1.3324565887451172,1.5625
fold1_seed43,cova3d_c50_dis_fold1_seed43,C50_DIS,1,43,1250903718,f75d6b13f73b49d413daa2049704ea388ba74bb57a35bf21e2fad9f1321cee0d,81ad9cc21bb11722a79de989d03a23f2b16c7c81760dce22d71f4a5d47a396c9,31,32,120,1920,0.11345777397245911,0.03445701793105703,0.07900075515111288,8744,4579,0,59,35,26,0,0,2048.0,2048.0,2048.0,3.103902368123333,38.793548583984375,3.379000502807257e-05,23.677355161999003,1.3324565887451172,1.5625
fold1_seed43,cova3d_c50_dis_fold1_seed43,C50_DIS,1,43,1250903718,f75d6b13f73b49d413daa2049704ea388ba74bb57a35bf21e2fad9f1321cee0d,81ad9cc21bb11722a79de989d03a23f2b16c7c81760dce22d71f4a5d47a396c9,32,33,120,1980,0.103501377100838,0.02810439620898251,0.07539698084195455,8416,4180,2,58,35,27,0,0,2048.0,2048.0,2048.0,2.2795929066138343,10.390083312988281,2.6773621405624713e-05,23.65166317799958,1.3324565887451172,1.5625
fold1_seed43,cova3d_c50_dis_fold1_seed43,C50_DIS,1,43,1250903718,f75d6b13f73b49d413daa2049704ea388ba74bb57a35bf21e2fad9f1321cee0d,81ad9cc21bb11722a79de989d03a23f2b16c7c81760dce22d71f4a5d47a396c9,33,34,120,2040,0.13388160820222766,0.033690821046623874,0.10019078801075618,7664,3902,0,55,36,29,0,0,2048.0,2048.0,2048.0,2.896552811190486,16.958105087280273,2.059450057823627e-05,23.780071271998168,1.3324565887451172,1.5625
fold1_seed43,cova3d_c50_dis_fold1_seed43,C50_DIS,1,43,1250903718,f75d6b13f73b49d413daa2049704ea388ba74bb57a35bf21e2fad9f1321cee0d,81ad9cc21bb11722a79de989d03a23f2b16c7c81760dce22d71f4a5d47a396c9,34,35,120,2100,0.09589837637672645,0.026860659105189675,0.06903771708408991,8097,4154,0,64,30,26,0,0,2048.0,2048.0,2048.0,2.478550798248034,19.217044830322266,1.5294121726440254e-05,23.640515254999627,1.3324565887451172,1.5625
fold1_seed43,cova3d_c50_dis_fold1_seed43,C50_DIS,1,43,1250903718,f75d6b13f73b49d413daa2049704ea388ba74bb57a35bf21e2fad9f1321cee0d,81ad9cc21bb11722a79de989d03a23f2b16c7c81760dce22d71f4a5d47a396c9,35,36,120,2160,0.10473296863159097,0.029688918618004816,0.07504404981931051,7992,4084,0,68,33,19,0,0,2048.0,2048.0,2048.0,2.7856469010934233,28.317909240722656,1.0908065214729997e-05,23.63674169099977,1.3324565887451172,1.5625
fold1_seed43,cova3d_c50_dis_fold1_seed43,C50_DIS,1,43,1250903718,f75d6b13f73b49d413daa2049704ea388ba74bb57a35bf21e2fad9f1321cee0d,81ad9cc21bb11722a79de989d03a23f2b16c7c81760dce22d71f4a5d47a396c9,36,37,120,2220,0.09310969746411502,0.01577872377342828,0.07733097374439239,8399,4530,0,75,26,19,0,0,2048.0,2048.0,2048.0,1.9338877017299334,13.000641822814941,7.465773747813819e-06,23.61307813500025,1.3324565887451172,1.5625
fold1_seed43,cova3d_c50_dis_fold1_seed43,C50_DIS,1,43,1250903718,f75d6b13f73b49d413daa2049704ea388ba74bb57a35bf21e2fad9f1321cee0d,81ad9cc21bb11722a79de989d03a23f2b16c7c81760dce22d71f4a5d47a396c9,37,38,120,2280,0.08468976288816824,0.022816654077253893,0.06187310914198558,8640,4605,1,67,30,23,0,0,2048.0,2048.0,2048.0,2.8735066080621134,22.706972122192383,4.990354727730315e-06,23.61451672900148,1.3324565887451172,1.5625
fold1_seed43,cova3d_c50_dis_fold1_seed43,C50_DIS,1,43,1250903718,f75d6b13f73b49d413daa2049704ea388ba74bb57a35bf21e2fad9f1321cee0d,81ad9cc21bb11722a79de989d03a23f2b16c7c81760dce22d71f4a5d47a396c9,38,39,120,2340,0.1310164608358112,0.023687876695809486,0.10732858330011368,8143,3914,0,52,38,30,0,0,2048.0,2048.0,2048.0,2.228201922106867,10.853830337524414,3.498425138561358e-06,23.73256394800046,1.3324565887451172,1.5625
fold1_seed43,cova3d_c50_dis_fold1_seed43,C50_DIS,1,43,1250903718,f75d6b13f73b49d413daa2049704ea388ba74bb57a35bf21e2fad9f1321cee0d,81ad9cc21bb11722a79de989d03a23f2b16c7c81760dce22d71f4a5d47a396c9,39,40,120,2400,0.09736494154699357,0.02390623986692238,0.07345870286226272,8581,4289,0,60,27,33,0,0,2048.0,2048.0,2048.0,2.3794150620078045,24.418628692626953,3e-06,23.677629080997576,1.3324565887451172,1.5625
fold1_seed43,cova3d_c50_frg_fold1_seed43,C50_FRG,1,43,1250903718,f75d6b13f73b49d413daa2049704ea388ba74bb57a35bf21e2fad9f1321cee0d,81ad9cc21bb11722a79de989d03a23f2b16c7c81760dce22d71f4a5d47a396c9,0,1,120,60,1.8972894604007402,1.4137934257586797,0.48349603414535525,8244,4266,0,52,37,31,1,1,2048.0,4096.0,2048.0,63.09737571080526,209.1032257080078,0.00017999999999999998,24.48381384499953,1.3342723846435547,1.357421875
fold1_seed43,cova3d_c50_frg_fold1_seed43,C50_FRG,1,43,1250903718,f75d6b13f73b49d413daa2049704ea388ba74bb57a35bf21e2fad9f1321cee0d,81ad9cc21bb11722a79de989d03a23f2b16c7c81760dce22d71f4a5d47a396c9,1,2,120,120,1.0866978581994773,0.6981858305012186,0.3885120357076327,7936,4045,0,54,32,34,0,0,2048.0,2048.0,2048.0,21.500167361895244,100.27340698242188,0.0002999445918673937,24.11667082400163,1.3342723846435547,1.357421875
fold1_seed43,cova3d_c50_frg_fold1_seed43,C50_FRG,1,43,1250903718,f75d6b13f73b49d413daa2049704ea388ba74bb57a35bf21e2fad9f1321cee0d,81ad9cc21bb11722a79de989d03a23f2b16c7c81760dce22d71f4a5d47a396c9,2,3,120,180,0.7882120812311768,0.43970052947600685,0.3485115528106689,7905,3970,0,59,28,33,0,0,2048.0,2048.0,2048.0,9.98732713063558,25.589662551879883,0.0002991142965839822,24.011673671000608,1.3342723846435547,1.357421875
fold1_seed43,cova3d_c50_frg_fold1_seed43,C50_FRG,1,43,1250903718,f75d6b13f73b49d413daa2049704ea388ba74bb57a35bf21e2fad9f1321cee0d,81ad9cc21bb11722a79de989d03a23f2b16c7c81760dce22d71f4a5d47a396c9,3,4,120,240,0.5899157516347865,0.3478649463970214,0.2420508066813151,8303,4274,2,62,22,36,0,0,2048.0,2048.0,2048.0,6.9937943577766415,17.25748634338379,0.0002972930965702204,24.01155125200239,1.3342723846435547,1.357421875
fold1_seed43,cova3d_c50_frg_fold1_seed43,C50_FRG,1,43,1250903718,f75d6b13f73b49d413daa2049704ea388ba74bb57a35bf21e2fad9f1321cee0d,81ad9cc21bb11722a79de989d03a23f2b16c7c81760dce22d71f4a5d47a396c9,4,5,120,300,0.5915891726811727,0.335068365962555,0.25652080625295637,8263,4416,3,60,23,37,0,0,2048.0,2048.0,2048.0,7.477555151780447,37.124210357666016,0.0002944932171711482,24.001243017002707,1.3342723846435547,1.357421875
fold1_seed43,cova3d_c50_frg_fold1_seed43,C50_FRG,1,43,1250903718,f75d6b13f73b49d413daa2049704ea388ba74bb57a35bf21e2fad9f1321cee0d,81ad9cc21bb11722a79de989d03a23f2b16c7c81760dce22d71f4a5d47a396c9,5,6,120,360,0.4675846135864655,0.2609779486587892,0.20660666475693384,8365,4375,0,61,35,24,0,0,2048.0,2048.0,2048.0,7.427616475025813,23.145593643188477,0.000290733453407337,23.9832278640024,1.3342723846435547,1.357421875
fold1_seed43,cova3d_c50_frg_fold1_seed43,C50_FRG,1,43,1250903718,f75d6b13f73b49d413daa2049704ea388ba74bb57a35bf21e2fad9f1321cee0d,81ad9cc21bb11722a79de989d03a23f2b16c7c81760dce22d71f4a5d47a396c9,6,7,120,420,0.49282862486628193,0.28152524050480376,0.2113033836086591,8072,4188,1,62,31,27,1,1,1024.0,2048.0,1024.0,9.663225760062536,102.2143783569336,0.0002860390438077423,24.312516712001525,1.3342723846435547,1.357421875
fold1_seed43,cova3d_c50_frg_fold1_seed43,C50_FRG,1,43,1250903718,f75d6b13f73b49d413daa2049704ea388ba74bb57a35bf21e2fad9f1321cee0d,81ad9cc21bb11722a79de989d03a23f2b16c7c81760dce22d71f4a5d47a396c9,7,8,120,480,0.4957862539915368,0.2672694781717534,0.22851677735646567,8122,4155,0,51,29,40,0,0,1024.0,1024.0,1024.0,6.7947056889534,25.135467529296875,0.00028044150098859483,23.927049731999432,1.3342723846435547,1.357421875
fold1_seed43,cova3d_c50_frg_fold1_seed43,C50_FRG,1,43,1250903718,f75d6b13f73b49d413daa2049704ea388ba74bb57a35bf21e2fad9f1321cee0d,81ad9cc21bb11722a79de989d03a23f2b16c7c81760dce22d71f4a5d47a396c9,8,9,120,540,0.35591037723158175,0.19518711791170062,0.16072326054175695,8157,4069,0,60,33,27,0,0,1024.0,1024.0,1024.0,6.476012116670608,30.46825408935547,0.0002739784001156218,23.956649784999172,1.3342723846435547,1.357421875
fold1_seed43,cova3d_c50_frg_fold1_seed43,C50_FRG,1,43,1250903718,f75d6b13f73b49d413daa2049704ea388ba74bb57a35bf21e2fad9f1321cee0d,81ad9cc21bb11722a79de989d03a23f2b16c7c81760dce22d71f4a5d47a396c9,9,10,120,600,0.3562022977535283,0.18274775646520236,0.1734545404712359,8180,4242,0,51,37,32,0,0,1024.0,1024.0,1024.0,7.189657239119212,31.54355812072754,0.0002666931266696063,23.925001548999717,1.3342723846435547,1.357421875
fold1_seed43,cova3d_c50_frg_fold1_seed43,C50_FRG,1,43,1250903718,f75d6b13f73b49d413daa2049704ea388ba74bb57a35bf21e2fad9f1321cee0d,81ad9cc21bb11722a79de989d03a23f2b16c7c81760dce22d71f4a5d47a396c9,10,11,120,660,0.3500837446500858,0.1833780373854097,0.1667057082056999,8282,4131,1,64,31,25,0,0,1024.0,1024.0,1024.0,5.920768857002258,20.374528884887695,0.0002586345852084849,23.91931145700073,1.3342723846435547,1.357421875
fold1_seed43,cova3d_c50_frg_fold1_seed43,C50_FRG,1,43,1250903718,f75d6b13f73b49d413daa2049704ea388ba74bb57a35bf21e2fad9f1321cee0d,81ad9cc21bb11722a79de989d03a23f2b16c7c81760dce22d71f4a5d47a396c9,11,12,120,720,0.29095272506795783,0.14250909418406082,0.14844362984100978,8091,4138,1,66,27,27,0,0,1024.0,1024.0,1024.0,6.093886949121952,32.936180114746094,0.0002498568710810032,24.03295866699773,1.3342723846435547,1.357421875
fold1_seed43,cova3d_c50_frg_fold1_seed43,C50_FRG,1,43,1250903718,f75d6b13f73b49d413daa2049704ea388ba74bb57a35bf21e2fad9f1321cee0d,81ad9cc21bb11722a79de989d03a23f2b16c7c81760dce22d71f4a5d47a396c9,12,13,120,780,0.284480259306171,0.14766791151548658,0.13681234767039616,8090,4236,0,61,25,34,0,0,1024.0,1024.0,1024.0,7.33924776216348,47.632572174072266,0.0002404189072956492,23.91466125399893,1.3342723846435547,1.357421875
fold1_seed43,cova3d_c50_frg_fold1_seed43,C50_FRG,1,43,1250903718,f75d6b13f73b49d413daa2049704ea388ba74bb57a35bf21e2fad9f1321cee0d,81ad9cc21bb11722a79de989d03a23f2b16c7c81760dce22d71f4a5d47a396c9,13,14,120,840,0.3307384814504379,0.13211176002126498,0.19862671941518784,8291,4208,0,56,27,37,0,0,1024.0,1024.0,1024.0,6.728344073891639,48.97603988647461,0.00023038404898248976,23.887751147001836,1.3342723846435547,1.357421875
fold1_seed43,cova3d_c50_frg_fold1_seed43,C50_FRG,1,43,1250903718,f75d6b13f73b49d413daa2049704ea388ba74bb57a35bf21e2fad9f1321cee0d,81ad9cc21bb11722a79de989d03a23f2b16c7c81760dce22d71f4a5d47a396c9,14,15,120,900,0.22751951216114322,0.10225214088316079,0.1252673700451851,8325,4273,1,67,25,28,0,0,1024.0,1024.0,1024.0,4.776166348407666,20.96520233154297,0.00021981965810307605,23.876332126998022,1.3342723846435547,1.357421875
fold1_seed43,cova3d_c50_frg_fold1_seed43,C50_FRG,1,43,1250903718,f75d6b13f73b49d413daa2049704ea388ba74bb57a35bf21e2fad9f1321cee0d,81ad9cc21bb11722a79de989d03a23f2b16c7c81760dce22d71f4a5d47a396c9,15,16,120,960,0.23528375076257363,0.11052756354978707,0.12475618620713552,8105,4369,0,68,28,24,0,0,1024.0,1024.0,1024.0,6.0161078756054245,47.5175666809082,0.00020879665126330557,23.880106910000904,1.3342723846435547,1.357421875
fold1_seed43,cova3d_c50_frg_fold1_seed43,C50_FRG,1,43,1250903718,f75d6b13f73b49d413daa2049704ea388ba74bb57a35bf21e2fad9f1321cee0d,81ad9cc21bb11722a79de989d03a23f2b16c7c81760dce22d71f4a5d47a396c9,16,17,120,1020,0.192834181025169,0.09039953174139394,0.10243465056022008,8534,4366,0,60,32,28,0,0,1024.0,1024.0,1024.0,4.9101943125327425,19.16522979736328,0.00019738902366467966,23.882047398001305,1.3342723846435547,1.357421875
fold1_seed43,cova3d_c50_frg_fold1_seed43,C50_FRG,1,43,1250903718,f75d6b13f73b49d413daa2049704ea388ba74bb57a35bf21e2fad9f1321cee0d,81ad9cc21bb11722a79de989d03a23f2b16c7c81760dce22d71f4a5d47a396c9,17,18,120,1080,0.1794426885335118,0.07555435443578062,0.10388833334048589,8241,4160,0,56,32,32,0,0,1024.0,1024.0,1024.0,4.617939423273007,20.064897537231445,0.00018567335238957547,23.856978930998594,1.3342723846435547,1.357421875
fold1_seed43,cova3d_c50_frg_fold1_seed43,C50_FRG,1,43,1250903718,f75d6b13f73b49d413daa2049704ea388ba74bb57a35bf21e2fad9f1321cee0d,81ad9cc21bb11722a79de989d03a23f2b16c7c81760dce22d71f4a5d47a396c9,18,19,120,1140,0.20182819503340094,0.0785231862476697,0.1233050083120664,8432,4435,0,61,28,31,0,0,1024.0,1024.0,1024.0,6.003309892242154,27.743728637695312,0.0001737282823548769,23.86211096400075,1.3342723846435547,1.357421875
fold1_seed43,cova3d_c50_frg_fold1_seed43,C50_FRG,1,43,1250903718,f75d6b13f73b49d413daa2049704ea388ba74bb57a35bf21e2fad9f1321cee0d,81ad9cc21bb11722a79de989d03a23f2b16c7c81760dce22d71f4a5d47a396c9,19,20,120,1200,0.2106599888925994,0.07883417963643354,0.13182581265767415,8047,4198,2,61,26,33,0,0,1024.0,1024.0,1024.0,5.090523763249318,31.5988826751709,0.00016163399838465363,23.801221178997366,1.3342723846435547,1.357421875
fold1_seed43,cova3d_c50_frg_fold1_seed43,C50_FRG,1,43,1250903718,f75d6b13f73b49d413daa2049704ea388ba74bb57a35bf21e2fad9f1321cee0d,81ad9cc21bb11722a79de989d03a23f2b16c7c81760dce22d71f4a5d47a396c9,20,21,120,1260,0.17522606109305344,0.046294436257206445,0.12893162419398627,8238,4216,0,62,24,34,0,0,1024.0,1024.0,1024.0,3.36154743048052,12.441605567932129,0.00014947168694575625,23.805895591998706,1.3342723846435547,1.357421875
fold1_seed43,cova3d_c50_frg_fold1_seed43,C50_FRG,1,43,1250903718,f75d6b13f73b49d413daa2049704ea388ba74bb57a35bf21e2fad9f1321cee0d,81ad9cc21bb11722a79de989d03a23f2b16c7c81760dce22d71f4a5d47a396c9,21,22,120,1320,0.1754840809514282,0.047406596857836276,0.1280774826804797,7807,3986,0,51,31,38,0,0,1024.0,1024.0,1024.0,4.063333408472439,15.323033332824707,0.0001373229911595876,23.76765088799948,1.3342723846435547,1.357421875
fold1_seed43,cova3d_c50_frg_fold1_seed43,C50_FRG,1,43,1250903718,f75d6b13f73b49d413daa2049704ea388ba74bb57a35bf21e2fad9f1321cee0d,81ad9cc21bb11722a79de989d03a23f2b16c7c81760dce22d71f4a5d47a396c9,22,23,120,1380,0.16759133512849492,0.06503606491801407,0.10255527198314666,8135,4263,0,62,27,31,0,0,1024.0,1024.0,1024.0,3.9684319545825324,19.476667404174805,0.00012526946274844474,23.79847009600053,1.3342723846435547,1.357421875
fold1_seed43,cova3d_c50_frg_fold1_seed43,C50_FRG,1,43,1250903718,f75d6b13f73b49d413daa2049704ea388ba74bb57a35bf21e2fad9f1321cee0d,81ad9cc21bb11722a79de989d03a23f2b16c7c81760dce22d71f4a5d47a396c9,23,24,120,1440,0.13400456920389842,0.03659022802194158,0.09741434057553609,8522,4349,0,56,29,35,0,0,1024.0,1024.0,1024.0,2.9017342809587716,19.186986923217773,0.00011339201459540494,23.88470919199972,1.3342723846435547,1.357421875
fold1_seed43,cova3d_c50_frg_fold1_seed43,C50_FRG,1,43,1250903718,f75d6b13f73b49d413daa2049704ea388ba74bb57a35bf21e2fad9f1321cee0d,81ad9cc21bb11722a79de989d03a23f2b16c7c81760dce22d71f4a5d47a396c9,24,25,120,1500,0.10129970679299731,0.03232213168318291,0.06897757450739543,8709,4607,1,73,25,22,0,0,1024.0,1024.0,1024.0,2.5287591403350236,10.557631492614746,0.00010177037759260854,23.811346184000286,1.3342723846435547,1.357421875
fold1_seed43,cova3d_c50_frg_fold1_seed43,C50_FRG,1,43,1250903718,f75d6b13f73b49d413daa2049704ea388ba74bb57a35bf21e2fad9f1321cee0d,81ad9cc21bb11722a79de989d03a23f2b16c7c81760dce22d71f4a5d47a396c9,25,26,120,1560,0.10072612287397728,0.031088062966742176,0.06963806003332138,8337,4380,1,63,32,25,0,0,1024.0,1024.0,1024.0,2.8581733151338993,12.892326354980469,9.048256542400759e-05,23.80771544199888,1.3342723846435547,1.357421875
fold1_seed43,cova3d_c50_frg_fold1_seed43,C50_FRG,1,43,1250903718,f75d6b13f73b49d413daa2049704ea388ba74bb57a35bf21e2fad9f1321cee0d,81ad9cc21bb11722a79de989d03a23f2b16c7c81760dce22d71f4a5d47a396c9,26,27,120,1620,0.06872420821893381,0.020961056289782693,0.04776315291722615,8396,4477,1,68,23,29,0,0,1024.0,1024.0,1024.0,2.4785644493376213,14.330548286437988,7.960435087538242e-05,23.78964851099954,1.3342723846435547,1.357421875
fold1_seed43,cova3d_c50_frg_fold1_seed43,C50_FRG,1,43,1250903718,f75d6b13f73b49d413daa2049704ea388ba74bb57a35bf21e2fad9f1321cee0d,81ad9cc21bb11722a79de989d03a23f2b16c7c81760dce22d71f4a5d47a396c9,27,28,120,1680,0.12026247428796827,0.029832249552297678,0.09043022443850836,8127,4231,0,59,30,31,0,0,1024.0,1024.0,1024.0,3.033789790701121,27.09808349609375,6.920875718705205e-05,23.853657023002597,1.3342723846435547,1.357421875
fold1_seed43,cova3d_c50_frg_fold1_seed43,C50_FRG,1,43,1250903718,f75d6b13f73b49d413daa2049704ea388ba74bb57a35bf21e2fad9f1321cee0d,81ad9cc21bb11722a79de989d03a23f2b16c7c81760dce22d71f4a5d47a396c9,28,29,120,1740,0.18320780153826527,0.04215428745753074,0.14105351368586222,8441,4346,0,46,38,36,0,0,1024.0,1024.0,1024.0,3.6649339061851305,35.64110565185547,5.936556786372413e-05,23.769653882998682,1.3342723846435547,1.357421875
fold1_seed43,cova3d_c50_frg_fold1_seed43,C50_FRG,1,43,1250903718,f75d6b13f73b49d413daa2049704ea388ba74bb57a35bf21e2fad9f1321cee0d,81ad9cc21bb11722a79de989d03a23f2b16c7c81760dce22d71f4a5d47a396c9,29,30,120,1800,0.1576580254124565,0.020382206038812002,0.1372758184870084,8147,4034,0,56,38,26,0,0,1024.0,1024.0,1024.0,2.1958740964531898,14.524103164672852,5.014085823202989e-05,23.802696391998325,1.3342723846435547,1.357421875
fold1_seed43,cova3d_c50_frg_fold1_seed43,C50_FRG,1,43,1250903718,f75d6b13f73b49d413daa2049704ea388ba74bb57a35bf21e2fad9f1321cee0d,81ad9cc21bb11722a79de989d03a23f2b16c7c81760dce22d71f4a5d47a396c9,30,31,120,1860,0.09862312066150783,0.019850277034412517,0.07877284338076909,8460,4306,1,63,25,32,0,0,1024.0,1024.0,1024.0,2.0562339765407764,8.00910472869873,4.159655189030408e-05,23.734996633000264,1.3342723846435547,1.357421875
fold1_seed43,cova3d_c50_frg_fold1_seed43,C50_FRG,1,43,1250903718,f75d6b13f73b49d413daa2049704ea388ba74bb57a35bf21e2fad9f1321cee0d,81ad9cc21bb11722a79de989d03a23f2b16c7c81760dce22d71f4a5d47a396c9,31,32,120,1920,0.12988249767737822,0.03513984392366941,0.09474265476067861,8794,4575,0,59,35,26,0,0,1024.0,1024.0,1024.0,3.3193754356044036,54.61924743652344,3.379000502807257e-05,23.744180165002035,1.3342723846435547,1.357421875
fold1_seed43,cova3d_c50_frg_fold1_seed43,C50_FRG,1,43,1250903718,f75d6b13f73b49d413daa2049704ea388ba74bb57a35bf21e2fad9f1321cee0d,81ad9cc21bb11722a79de989d03a23f2b16c7c81760dce22d71f4a5d47a396c9,32,33,120,1980,0.09138072043786546,0.020579846689374483,0.07080087413390478,8434,4199,2,58,35,27,0,0,1024.0,1024.0,1024.0,2.068718336770932,19.48447036743164,2.6773621405624713e-05,23.73616673699871,1.3342723846435547,1.357421875
fold1_seed43,cova3d_c50_frg_fold1_seed43,C50_FRG,1,43,1250903718,f75d6b13f73b49d413daa2049704ea388ba74bb57a35bf21e2fad9f1321cee0d,81ad9cc21bb11722a79de989d03a23f2b16c7c81760dce22d71f4a5d47a396c9,33,34,120,2040,0.14400951103671106,0.02258918740168762,0.12142032384872437,7671,3935,0,55,36,29,0,0,1024.0,1024.0,1024.0,2.6448263694842655,19.20136260986328,2.059450057823627e-05,23.814976061999914,1.3342723846435547,1.357421875
fold1_seed43,cova3d_c50_frg_fold1_seed43,C50_FRG,1,43,1250903718,f75d6b13f73b49d413daa2049704ea388ba74bb57a35bf21e2fad9f1321cee0d,81ad9cc21bb11722a79de989d03a23f2b16c7c81760dce22d71f4a5d47a396c9,34,35,120,2100,0.08826449541555045,0.012975573230816433,0.07528892159461975,8052,4101,0,64,30,26,0,0,1024.0,1024.0,1024.0,1.3954562833765523,10.386384010314941,1.5294121726440254e-05,23.809040673997515,1.3342723846435547,1.357421875
fold1_seed43,cova3d_c50_frg_fold1_seed43,C50_FRG,1,43,1250903718,f75d6b13f73b49d413daa2049704ea388ba74bb57a35bf21e2fad9f1321cee0d,81ad9cc21bb11722a79de989d03a23f2b16c7c81760dce22d71f4a5d47a396c9,35,36,120,2160,0.1275664514550499,0.04067376572205982,0.08689268281062444,8085,4128,0,68,33,19,0,0,1024.0,1024.0,1024.0,2.631295424606651,45.90848922729492,1.0908065214729997e-05,23.738487051999982,1.3342723846435547,1.357421875
fold1_seed43,cova3d_c50_frg_fold1_seed43,C50_FRG,1,43,1250903718,f75d6b13f73b49d413daa2049704ea388ba74bb57a35bf21e2fad9f1321cee0d,81ad9cc21bb11722a79de989d03a23f2b16c7c81760dce22d71f4a5d47a396c9,36,37,120,2220,0.11685348356359863,0.026542011837826427,0.0903114711244901,8374,4538,0,75,26,19,0,0,1024.0,1024.0,1024.0,2.5025994817803925,36.22230529785156,7.465773747813819e-06,23.735513673997048,1.3342723846435547,1.357421875
fold1_seed43,cova3d_c50_frg_fold1_seed43,C50_FRG,1,43,1250903718,f75d6b13f73b49d413daa2049704ea388ba74bb57a35bf21e2fad9f1321cee0d,81ad9cc21bb11722a79de989d03a23f2b16c7c81760dce22d71f4a5d47a396c9,37,38,120,2280,0.08936130754104694,0.01425633273962067,0.07510497371355693,8619,4547,1,67,30,23,0,0,1024.0,1024.0,1024.0,1.3647616987349465,8.762649536132812,4.990354727730315e-06,23.715752227999474,1.3342723846435547,1.357421875
fold1_seed43,cova3d_c50_frg_fold1_seed43,C50_FRG,1,43,1250903718,f75d6b13f73b49d413daa2049704ea388ba74bb57a35bf21e2fad9f1321cee0d,81ad9cc21bb11722a79de989d03a23f2b16c7c81760dce22d71f4a5d47a396c9,38,39,120,2340,0.129894906372054,0.017939523532442367,0.11195538192987442,8184,3988,0,52,38,30,0,0,1024.0,1024.0,1024.0,2.2723588820391645,21.431873321533203,3.498425138561358e-06,23.781103559998883,1.3342723846435547,1.357421875
fold1_seed43,cova3d_c50_frg_fold1_seed43,C50_FRG,1,43,1250903718,f75d6b13f73b49d413daa2049704ea388ba74bb57a35bf21e2fad9f1321cee0d,81ad9cc21bb11722a79de989d03a23f2b16c7c81760dce22d71f4a5d47a396c9,39,40,120,2400,0.09305066719027778,0.015419763517540404,0.07763090382019679,8593,4326,0,60,27,33,0,0,1024.0,1024.0,1024.0,1.8609670581761748,11.628134727478027,3e-06,23.715013886001543,1.3342723846435547,1.357421875
fold1_seed43,cova3d_c100_coh_fold1_seed43,C100_COH,1,43,1250903718,f75d6b13f73b49d413daa2049704ea388ba74bb57a35bf21e2fad9f1321cee0d,81ad9cc21bb11722a79de989d03a23f2b16c7c81760dce22d71f4a5d47a396c9,0,1,120,60,1.778588374207417,1.312899486720562,0.4656888827681541,7943,3942,0,52,37,31,1,1,2048.0,4096.0,2048.0,61.5075753847758,155.36927795410156,0.00017999999999999998,24.313349708001624,1.336355209350586,1.404296875
fold1_seed43,cova3d_c100_coh_fold1_seed43,C100_COH,1,43,1250903718,f75d6b13f73b49d413daa2049704ea388ba74bb57a35bf21e2fad9f1321cee0d,81ad9cc21bb11722a79de989d03a23f2b16c7c81760dce22d71f4a5d47a396c9,1,2,120,120,0.9568364093390603,0.6296977069228887,0.32713870306809745,7948,3982,0,54,32,34,0,0,2048.0,2048.0,2048.0,22.16128354072571,142.23387145996094,0.0002999445918673937,23.884643459998188,1.336355209350586,1.404296875
fold1_seed43,cova3d_c100_coh_fold1_seed43,C100_COH,1,43,1250903718,f75d6b13f73b49d413daa2049704ea388ba74bb57a35bf21e2fad9f1321cee0d,81ad9cc21bb11722a79de989d03a23f2b16c7c81760dce22d71f4a5d47a396c9,2,3,120,180,0.7377796015236526,0.4225265467849871,0.3152530565857887,7900,3948,0,59,28,33,0,0,2048.0,2048.0,2048.0,10.640342775980631,38.02094268798828,0.0002991142965839822,23.88235482500022,1.336355209350586,1.404296875
fold1_seed43,cova3d_c100_coh_fold1_seed43,C100_COH,1,43,1250903718,f75d6b13f73b49d413daa2049704ea388ba74bb57a35bf21e2fad9f1321cee0d,81ad9cc21bb11722a79de989d03a23f2b16c7c81760dce22d71f4a5d47a396c9,3,4,120,240,0.4862230168332947,0.27956830640202196,0.20665471057097118,8148,4108,1,62,22,36,0,0,2048.0,2048.0,2048.0,7.01692582766215,29.791017532348633,0.0002972930965702204,23.829083462998824,1.336355209350586,1.404296875
fold1_seed43,cova3d_c100_coh_fold1_seed43,C100_COH,1,43,1250903718,f75d6b13f73b49d413daa2049704ea388ba74bb57a35bf21e2fad9f1321cee0d,81ad9cc21bb11722a79de989d03a23f2b16c7c81760dce22d71f4a5d47a396c9,4,5,120,300,0.45391734170358783,0.2431421870910223,0.21077515482902526,7962,4070,3,60,23,37,0,0,2048.0,2048.0,2048.0,6.537725754578909,23.652795791625977,0.0002944932171711482,23.770390440000483,1.336355209350586,1.404296875
fold1_seed43,cova3d_c100_coh_fold1_seed43,C100_COH,1,43,1250903718,f75d6b13f73b49d413daa2049704ea388ba74bb57a35bf21e2fad9f1321cee0d,81ad9cc21bb11722a79de989d03a23f2b16c7c81760dce22d71f4a5d47a396c9,5,6,120,360,0.34419327295534285,0.18965621956074585,0.15453705390294392,7943,4091,0,61,35,24,0,0,2048.0,2048.0,2048.0,6.594208073616028,26.16920280456543,0.000290733453407337,23.773564495000755,1.336355209350586,1.404296875
fold1_seed43,cova3d_c100_coh_fold1_seed43,C100_COH,1,43,1250903718,f75d6b13f73b49d413daa2049704ea388ba74bb57a35bf21e2fad9f1321cee0d,81ad9cc21bb11722a79de989d03a23f2b16c7c81760dce22d71f4a5d47a396c9,6,7,120,420,0.36510219644707526,0.19901420624335794,0.16608798901240032,8015,4066,1,62,31,27,0,0,2048.0,2048.0,2048.0,6.351738499104977,48.04108810424805,0.0002860390438077423,23.795180293996964,1.336355209350586,1.404296875
fold1_seed43,cova3d_c100_coh_fold1_seed43,C100_COH,1,43,1250903718,f75d6b13f73b49d413daa2049704ea388ba74bb57a35bf21e2fad9f1321cee0d,81ad9cc21bb11722a79de989d03a23f2b16c7c81760dce22d71f4a5d47a396c9,7,8,120,480,0.33907630499876784,0.16678138152380295,0.17229492366313934,7887,3920,0,51,29,40,0,0,2048.0,2048.0,2048.0,6.407607683539391,24.864564895629883,0.00028044150098859483,23.807246831001976,1.336355209350586,1.404296875
fold1_seed43,cova3d_c100_coh_fold1_seed43,C100_COH,1,43,1250903718,f75d6b13f73b49d413daa2049704ea388ba74bb57a35bf21e2fad9f1321cee0d,81ad9cc21bb11722a79de989d03a23f2b16c7c81760dce22d71f4a5d47a396c9,8,9,120,540,0.2868347534471013,0.13902463259947997,0.1478101208806038,7856,3919,0,60,33,27,0,0,2048.0,2048.0,2048.0,6.123288106918335,20.8983211517334,0.0002739784001156218,23.76559387100133,1.336355209350586,1.404296875
fold1_seed43,cova3d_c100_coh_fold1_seed43,C100_COH,1,43,1250903718,f75d6b13f73b49d413daa2049704ea388ba74bb57a35bf21e2fad9f1321cee0d,81ad9cc21bb11722a79de989d03a23f2b16c7c81760dce22d71f4a5d47a396c9,9,10,120,600,0.27238525450811724,0.1435498000580992,0.12883545408646266,8333,4339,0,51,37,32,0,0,2048.0,2048.0,2048.0,7.4054812242587404,44.101593017578125,0.0002666931266696063,23.834844263998093,1.336355209350586,1.404296875
fold1_seed43,cova3d_c100_coh_fold1_seed43,C100_COH,1,43,1250903718,f75d6b13f73b49d413daa2049704ea388ba74bb57a35bf21e2fad9f1321cee0d,81ad9cc21bb11722a79de989d03a23f2b16c7c81760dce22d71f4a5d47a396c9,10,11,120,660,0.2566838329434783,0.13332770786073525,0.12335612525542577,8258,4121,1,64,31,25,0,0,2048.0,2048.0,2048.0,5.850073499480883,22.071313858032227,0.0002586345852084849,23.76514373500322,1.336355209350586,1.404296875
fold1_seed43,cova3d_c100_coh_fold1_seed43,C100_COH,1,43,1250903718,f75d6b13f73b49d413daa2049704ea388ba74bb57a35bf21e2fad9f1321cee0d,81ad9cc21bb11722a79de989d03a23f2b16c7c81760dce22d71f4a5d47a396c9,11,12,120,720,0.22089196762865318,0.1103231081998795,0.11056885868310928,8106,4055,1,66,27,27,0,0,2048.0,2048.0,2048.0,5.728102584679921,34.01042175292969,0.0002498568710810032,23.70203393400152,1.336355209350586,1.404296875
fold1_seed43,cova3d_c100_coh_fold1_seed43,C100_COH,1,43,1250903718,f75d6b13f73b49d413daa2049704ea388ba74bb57a35bf21e2fad9f1321cee0d,81ad9cc21bb11722a79de989d03a23f2b16c7c81760dce22d71f4a5d47a396c9,12,13,120,780,0.21255189937558683,0.10397103867435244,0.1085808609922727,8232,4282,0,61,25,34,0,0,2048.0,2048.0,2048.0,4.872072344521682,42.112892150878906,0.0002404189072956492,23.785193077001168,1.336355209350586,1.404296875
fold1_seed43,cova3d_c100_coh_fold1_seed43,C100_COH,1,43,1250903718,f75d6b13f73b49d413daa2049704ea388ba74bb57a35bf21e2fad9f1321cee0d,81ad9cc21bb11722a79de989d03a23f2b16c7c81760dce22d71f4a5d47a396c9,13,14,120,840,0.2781239004308977,0.10593661985323687,0.17218728065490724,8093,4009,0,56,27,37,0,0,2048.0,2048.0,2048.0,5.954964769631625,66.77350616455078,0.00023038404898248976,23.70649713199964,1.336355209350586,1.404296875
fold1_seed43,cova3d_c100_coh_fold1_seed43,C100_COH,1,43,1250903718,f75d6b13f73b49d413daa2049704ea388ba74bb57a35bf21e2fad9f1321cee0d,81ad9cc21bb11722a79de989d03a23f2b16c7c81760dce22d71f4a5d47a396c9,14,15,120,900,0.18262864163108977,0.06804922107747728,0.1145794207851092,7753,3853,0,67,25,28,0,0,2048.0,2048.0,2048.0,4.503387345435718,32.09647750854492,0.00021981965810307605,23.708774015998642,1.336355209350586,1.404296875
fold1_seed43,cova3d_c100_coh_fold1_seed43,C100_COH,1,43,1250903718,f75d6b13f73b49d413daa2049704ea388ba74bb57a35bf21e2fad9f1321cee0d,81ad9cc21bb11722a79de989d03a23f2b16c7c81760dce22d71f4a5d47a396c9,15,16,120,960,0.1658954868502322,0.06547401320050612,0.10042147288719813,8088,4357,1,68,28,24,0,0,2048.0,2048.0,2048.0,5.031981199234724,40.540897369384766,0.00020879665126330557,23.754202732998237,1.336355209350586,1.404296875
fold1_seed43,cova3d_c100_coh_fold1_seed43,C100_COH,1,43,1250903718,f75d6b13f73b49d413daa2049704ea388ba74bb57a35bf21e2fad9f1321cee0d,81ad9cc21bb11722a79de989d03a23f2b16c7c81760dce22d71f4a5d47a396c9,16,17,120,1020,0.13771618392554502,0.0664416673852808,0.0712745169798533,8321,4115,0,60,32,28,0,0,2048.0,2048.0,2048.0,4.4107613012194635,20.121919631958008,0.00019738902366467966,23.75398276499982,1.336355209350586,1.404296875
fold1_seed43,cova3d_c100_coh_fold1_seed43,C100_COH,1,43,1250903718,f75d6b13f73b49d413daa2049704ea388ba74bb57a35bf21e2fad9f1321cee0d,81ad9cc21bb11722a79de989d03a23f2b16c7c81760dce22d71f4a5d47a396c9,17,18,120,1080,0.15183967020243871,0.06672277649040005,0.08511689354976018,7997,4000,1,56,32,32,0,0,2048.0,2048.0,2048.0,5.437445400344829,26.143918991088867,0.00018567335238957547,23.746801496003172,1.336355209350586,1.404296875
fold1_seed43,cova3d_c100_coh_fold1_seed43,C100_COH,1,43,1250903718,f75d6b13f73b49d413daa2049704ea388ba74bb57a35bf21e2fad9f1321cee0d,81ad9cc21bb11722a79de989d03a23f2b16c7c81760dce22d71f4a5d47a396c9,18,19,120,1140,0.1379397979171069,0.03926249532844913,0.09867730289697647,8005,3922,3,61,28,31,0,0,2048.0,2048.0,2048.0,3.879869843243311,28.673545837402344,0.0001737282823548769,23.69468731300003,1.336355209350586,1.404296875
fold1_seed43,cova3d_c100_coh_fold1_seed43,C100_COH,1,43,1250903718,f75d6b13f73b49d413daa2049704ea388ba74bb57a35bf21e2fad9f1321cee0d,81ad9cc21bb11722a79de989d03a23f2b16c7c81760dce22d71f4a5d47a396c9,19,20,120,1200,0.15117507753403742,0.03869549499340413,0.11247958193222682,8261,4216,1,61,26,33,0,0,2048.0,2048.0,2048.0,3.8225595434817174,32.81300735473633,0.00016163399838465363,23.67436778499905,1.336355209350586,1.404296875
fold1_seed43,cova3d_c100_coh_fold1_seed43,C100_COH,1,43,1250903718,f75d6b13f73b49d413daa2049704ea388ba74bb57a35bf21e2fad9f1321cee0d,81ad9cc21bb11722a79de989d03a23f2b16c7c81760dce22d71f4a5d47a396c9,20,21,120,1260,0.14309999587807726,0.04541618528405127,0.09768381118774414,7799,3880,0,62,24,34,0,0,2048.0,2048.0,2048.0,4.5747267739226425,40.99215316772461,0.00014947168694575625,23.70998105599938,1.336355209350586,1.404296875
fold1_seed43,cova3d_c100_coh_fold1_seed43,C100_COH,1,43,1250903718,f75d6b13f73b49d413daa2049704ea388ba74bb57a35bf21e2fad9f1321cee0d,81ad9cc21bb11722a79de989d03a23f2b16c7c81760dce22d71f4a5d47a396c9,21,22,120,1320,0.15487223004032177,0.04128080852021109,0.11359142114718755,7476,3738,0,51,31,38,0,0,2048.0,2048.0,2048.0,5.064725900068879,30.342151641845703,0.0001373229911595876,23.74426347700137,1.336355209350586,1.404296875
fold1_seed43,cova3d_c100_coh_fold1_seed43,C100_COH,1,43,1250903718,f75d6b13f73b49d413daa2049704ea388ba74bb57a35bf21e2fad9f1321cee0d,81ad9cc21bb11722a79de989d03a23f2b16c7c81760dce22d71f4a5d47a396c9,22,23,120,1380,0.0862861449234676,0.028819235940804332,0.057466908792654675,7877,4078,0,62,27,31,0,0,2048.0,2048.0,2048.0,3.0642076524828252,23.043312072753906,0.00012526946274844474,23.63150987300105,1.336355209350586,1.404296875
fold1_seed43,cova3d_c100_coh_fold1_seed43,C100_COH,1,43,1250903718,f75d6b13f73b49d413daa2049704ea388ba74bb57a35bf21e2fad9f1321cee0d,81ad9cc21bb11722a79de989d03a23f2b16c7c81760dce22d71f4a5d47a396c9,23,24,120,1440,0.09210710547178565,0.021243098934600368,0.07086400538682938,8480,4269,0,56,29,35,0,0,2048.0,2048.0,2048.0,2.519727832451463,14.329961776733398,0.00011339201459540494,23.670650510997802,1.336355209350586,1.404296875
fold1_seed43,cova3d_c100_coh_fold1_seed43,C100_COH,1,43,1250903718,f75d6b13f73b49d413daa2049704ea388ba74bb57a35bf21e2fad9f1321cee0d,81ad9cc21bb11722a79de989d03a23f2b16c7c81760dce22d71f4a5d47a396c9,24,25,120,1500,0.10262383414283004,0.03581957880135643,0.06680425604184469,8471,4525,1,73,25,22,0,0,2048.0,2048.0,2048.0,3.0262567543114227,33.32528305053711,0.00010177037759260854,23.597572540998954,1.336355209350586,1.404296875
fold1_seed43,cova3d_c100_coh_fold1_seed43,C100_COH,1,43,1250903718,f75d6b13f73b49d413daa2049704ea388ba74bb57a35bf21e2fad9f1321cee0d,81ad9cc21bb11722a79de989d03a23f2b16c7c81760dce22d71f4a5d47a396c9,25,26,120,1560,0.06708001942289496,0.01620566606511263,0.05087435344854991,8221,4182,1,63,32,25,0,0,2048.0,2048.0,2048.0,1.6152624072817465,8.540075302124023,9.048256542400759e-05,23.542704731000413,1.336355209350586,1.404296875
fold1_seed43,cova3d_c100_coh_fold1_seed43,C100_COH,1,43,1250903718,f75d6b13f73b49d413daa2049704ea388ba74bb57a35bf21e2fad9f1321cee0d,81ad9cc21bb11722a79de989d03a23f2b16c7c81760dce22d71f4a5d47a396c9,26,27,120,1620,0.06777821731924577,0.02090787350086724,0.046870343883832294,7892,4006,1,68,23,29,0,0,2048.0,2048.0,2048.0,2.7190767290536315,34.48298645019531,7.960435087538242e-05,23.630652177998854,1.336355209350586,1.404296875
fold1_seed43,cova3d_c100_coh_fold1_seed43,C100_COH,1,43,1250903718,f75d6b13f73b49d413daa2049704ea388ba74bb57a35bf21e2fad9f1321cee0d,81ad9cc21bb11722a79de989d03a23f2b16c7c81760dce22d71f4a5d47a396c9,27,28,120,1680,0.09760151859763937,0.01566679595498499,0.08193472176790237,7972,4100,0,59,30,31,0,0,2048.0,2048.0,2048.0,2.069866506755352,28.905118942260742,6.920875718705205e-05,23.630422981001175,1.336355209350586,1.404296875
fold1_seed43,cova3d_c100_coh_fold1_seed43,C100_COH,1,43,1250903718,f75d6b13f73b49d413daa2049704ea388ba74bb57a35bf21e2fad9f1321cee0d,81ad9cc21bb11722a79de989d03a23f2b16c7c81760dce22d71f4a5d47a396c9,28,29,120,1740,0.13102948665129238,0.014986898057425316,0.11604258865118026,8109,4039,0,46,38,36,0,0,2048.0,2048.0,2048.0,1.9316522298380732,9.81594181060791,5.936556786372413e-05,23.656801261997316,1.336355209350586,1.404296875
fold1_seed43,cova3d_c100_coh_fold1_seed43,C100_COH,1,43,1250903718,f75d6b13f73b49d413daa2049704ea388ba74bb57a35bf21e2fad9f1321cee0d,81ad9cc21bb11722a79de989d03a23f2b16c7c81760dce22d71f4a5d47a396c9,29,30,120,1800,0.14434022006988792,0.013494076846832096,0.13084614326556523,7712,3759,0,56,38,26,0,0,2048.0,2048.0,2048.0,1.5303021239116787,18.604902267456055,5.014085823202989e-05,23.603927944001043,1.336355209350586,1.404296875
fold1_seed43,cova3d_c100_coh_fold1_seed43,C100_COH,1,43,1250903718,f75d6b13f73b49d413daa2049704ea388ba74bb57a35bf21e2fad9f1321cee0d,81ad9cc21bb11722a79de989d03a23f2b16c7c81760dce22d71f4a5d47a396c9,30,31,120,1860,0.080307910420201,0.008703371288595673,0.0716045394539833,7964,3940,0,63,25,32,0,0,2048.0,2048.0,2048.0,1.081788286861653,8.738911628723145,4.159655189030408e-05,23.548456618998898,1.336355209350586,1.404296875
fold1_seed43,cova3d_c100_coh_fold1_seed43,C100_COH,1,43,1250903718,f75d6b13f73b49d413daa2049704ea388ba74bb57a35bf21e2fad9f1321cee0d,81ad9cc21bb11722a79de989d03a23f2b16c7c81760dce22d71f4a5d47a396c9,31,32,120,1920,0.08997148237410019,0.009664725996935816,0.08030675748984019,8547,4308,0,59,35,26,0,0,2048.0,2048.0,2048.0,1.34216980151056,6.4732561111450195,3.379000502807257e-05,23.60046968199822,1.336355209350586,1.404296875
fold1_seed43,cova3d_c100_coh_fold1_seed43,C100_COH,1,43,1250903718,f75d6b13f73b49d413daa2049704ea388ba74bb57a35bf21e2fad9f1321cee0d,81ad9cc21bb11722a79de989d03a23f2b16c7c81760dce22d71f4a5d47a396c9,32,33,120,1980,0.07735541502725415,0.01320172311766716,0.06415369063615799,8363,4120,1,58,35,27,0,0,2048.0,2048.0,2048.0,1.2798044375143944,9.2393159866333,2.6773621405624713e-05,23.50811093000084,1.336355209350586,1.404296875
fold1_seed43,cova3d_c100_coh_fold1_seed43,C100_COH,1,43,1250903718,f75d6b13f73b49d413daa2049704ea388ba74bb57a35bf21e2fad9f1321cee0d,81ad9cc21bb11722a79de989d03a23f2b16c7c81760dce22d71f4a5d47a396c9,33,34,120,2040,0.08720561652512897,0.023032404335234968,0.06417321215073267,7885,4007,0,55,36,29,0,0,2048.0,2048.0,2048.0,3.2277214752199748,79.14542388916016,2.059450057823627e-05,23.583547983002063,1.336355209350586,1.404296875
fold1_seed43,cova3d_c100_coh_fold1_seed43,C100_COH,1,43,1250903718,f75d6b13f73b49d413daa2049704ea388ba74bb57a35bf21e2fad9f1321cee0d,81ad9cc21bb11722a79de989d03a23f2b16c7c81760dce22d71f4a5d47a396c9,34,35,120,2100,0.05384227822084047,0.008192225429651975,0.04565005252758662,7862,4023,0,64,30,26,0,0,2048.0,2048.0,2048.0,1.020110777831481,9.23450756072998,1.5294121726440254e-05,23.552073110000492,1.336355209350586,1.404296875
fold1_seed43,cova3d_c100_coh_fold1_seed43,C100_COH,1,43,1250903718,f75d6b13f73b49d413daa2049704ea388ba74bb57a35bf21e2fad9f1321cee0d,81ad9cc21bb11722a79de989d03a23f2b16c7c81760dce22d71f4a5d47a396c9,35,36,120,2160,0.047448046405094146,0.009096735188887806,0.03835131128629048,7419,3715,0,68,33,19,0,0,2048.0,2048.0,2048.0,1.1590486457183335,8.673705101013184,1.0908065214729997e-05,23.548656814000424,1.336355209350586,1.404296875
fold1_seed43,cova3d_c100_coh_fold1_seed43,C100_COH,1,43,1250903718,f75d6b13f73b49d413daa2049704ea388ba74bb57a35bf21e2fad9f1321cee0d,81ad9cc21bb11722a79de989d03a23f2b16c7c81760dce22d71f4a5d47a396c9,36,37,120,2220,0.07358233202745607,0.010443400379399108,0.0631389319896698,7864,4143,0,75,26,19,0,0,2048.0,2048.0,2048.0,1.3881513744127005,15.305323600769043,7.465773747813819e-06,23.524354221997783,1.336355209350586,1.404296875
fold1_seed43,cova3d_c100_coh_fold1_seed43,C100_COH,1,43,1250903718,f75d6b13f73b49d413daa2049704ea388ba74bb57a35bf21e2fad9f1321cee0d,81ad9cc21bb11722a79de989d03a23f2b16c7c81760dce22d71f4a5d47a396c9,37,38,120,2280,0.09687869663409047,0.022560658075427367,0.07431803792715072,8337,4317,1,67,30,23,0,0,2048.0,2048.0,2048.0,3.6066229028006394,73.85426330566406,4.990354727730315e-06,23.560979383000813,1.336355209350586,1.404296875
fold1_seed43,cova3d_c100_coh_fold1_seed43,C100_COH,1,43,1250903718,f75d6b13f73b49d413daa2049704ea388ba74bb57a35bf21e2fad9f1321cee0d,81ad9cc21bb11722a79de989d03a23f2b16c7c81760dce22d71f4a5d47a396c9,38,39,120,2340,0.1041099900613746,0.012090933873802742,0.09201905677715937,8349,4094,1,52,38,30,0,0,2048.0,2048.0,2048.0,1.7322270945568259,11.22091007232666,3.498425138561358e-06,23.596126274002017,1.336355209350586,1.404296875
fold1_seed43,cova3d_c100_coh_fold1_seed43,C100_COH,1,43,1250903718,f75d6b13f73b49d413daa2049704ea388ba74bb57a35bf21e2fad9f1321cee0d,81ad9cc21bb11722a79de989d03a23f2b16c7c81760dce22d71f4a5d47a396c9,39,40,120,2400,0.07121797179653064,0.007832305412589185,0.06338566641012827,8405,4140,0,60,27,33,0,0,2048.0,2048.0,2048.0,1.2341397508978844,8.75319766998291,3e-06,23.6458143259988,1.336355209350586,1.404296875
fold1_seed43,cova3d_c100_dis_fold1_seed43,C100_DIS,1,43,1250903718,f75d6b13f73b49d413daa2049704ea388ba74bb57a35bf21e2fad9f1321cee0d,81ad9cc21bb11722a79de989d03a23f2b16c7c81760dce22d71f4a5d47a396c9,0,1,120,60,2.010908052821954,1.497312171012163,0.513595886528492,7963,3964,0,52,37,31,2,2,1024.0,4096.0,1024.0,65.76787824630738,302.9005432128906,0.00017999999999999998,24.829087219997746,1.3346538543701172,1.44921875
fold1_seed43,cova3d_c100_dis_fold1_seed43,C100_DIS,1,43,1250903718,f75d6b13f73b49d413daa2049704ea388ba74bb57a35bf21e2fad9f1321cee0d,81ad9cc21bb11722a79de989d03a23f2b16c7c81760dce22d71f4a5d47a396c9,1,2,120,120,1.1243089941640696,0.7499939450683694,0.37431505173444746,7860,3924,0,54,32,34,0,0,1024.0,1024.0,1024.0,20.754210607210794,85.90812683105469,0.0002999445918673937,24.158273619003012,1.3346538543701172,1.44921875
fold1_seed43,cova3d_c100_dis_fold1_seed43,C100_DIS,1,43,1250903718,f75d6b13f73b49d413daa2049704ea388ba74bb57a35bf21e2fad9f1321cee0d,81ad9cc21bb11722a79de989d03a23f2b16c7c81760dce22d71f4a5d47a396c9,2,3,120,180,0.9435382506499688,0.5725699313916266,0.37096831649541856,7806,3930,0,59,28,33,0,0,1024.0,1024.0,1024.0,9.329772671063742,22.387470245361328,0.0002991142965839822,23.968040703999577,1.3346538543701172,1.44921875
fold1_seed43,cova3d_c100_dis_fold1_seed43,C100_DIS,1,43,1250903718,f75d6b13f73b49d413daa2049704ea388ba74bb57a35bf21e2fad9f1321cee0d,81ad9cc21bb11722a79de989d03a23f2b16c7c81760dce22d71f4a5d47a396c9,3,4,120,240,0.7167899987349907,0.4334852754448851,0.2833047226071358,8101,4100,1,62,22,36,0,0,1024.0,1024.0,1024.0,7.550485185782114,22.948392868041992,0.0002972930965702204,23.939734723000583,1.3346538543701172,1.44921875
fold1_seed43,cova3d_c100_dis_fold1_seed43,C100_DIS,1,43,1250903718,f75d6b13f73b49d413daa2049704ea388ba74bb57a35bf21e2fad9f1321cee0d,81ad9cc21bb11722a79de989d03a23f2b16c7c81760dce22d71f4a5d47a396c9,4,5,120,300,0.7140257483949729,0.42845298033062135,0.28557276874780657,8095,4164,0,60,23,37,0,0,1024.0,1024.0,1024.0,6.88451452255249,27.218774795532227,0.0002944932171711482,23.916606761002186,1.3346538543701172,1.44921875
fold1_seed43,cova3d_c100_dis_fold1_seed43,C100_DIS,1,43,1250903718,f75d6b13f73b49d413daa2049704ea388ba74bb57a35bf21e2fad9f1321cee0d,81ad9cc21bb11722a79de989d03a23f2b16c7c81760dce22d71f4a5d47a396c9,5,6,120,360,0.661531315309306,0.38171825371682644,0.2798130616545677,8036,4122,0,61,35,24,0,0,1024.0,1024.0,1024.0,6.594402945041656,17.490270614624023,0.000290733453407337,23.918482029999723,1.3346538543701172,1.44921875
fold1_seed43,cova3d_c100_dis_fold1_seed43,C100_DIS,1,43,1250903718,f75d6b13f73b49d413daa2049704ea388ba74bb57a35bf21e2fad9f1321cee0d,81ad9cc21bb11722a79de989d03a23f2b16c7c81760dce22d71f4a5d47a396c9,6,7,120,420,0.6367718038149178,0.38439558337753016,0.25237622261047366,7836,3940,0,62,31,27,0,0,1024.0,1024.0,1024.0,7.684190205732981,29.01288414001465,0.0002860390438077423,23.902402135998273,1.3346538543701172,1.44921875
fold1_seed43,cova3d_c100_dis_fold1_seed43,C100_DIS,1,43,1250903718,f75d6b13f73b49d413daa2049704ea388ba74bb57a35bf21e2fad9f1321cee0d,81ad9cc21bb11722a79de989d03a23f2b16c7c81760dce22d71f4a5d47a396c9,7,8,120,480,0.6327873189933598,0.37222940848829844,0.26055790930986406,7916,3910,0,51,29,40,0,0,1024.0,1024.0,1024.0,7.454375137885411,27.320823669433594,0.00028044150098859483,23.964813990001858,1.3346538543701172,1.44921875
fold1_seed43,cova3d_c100_dis_fold1_seed43,C100_DIS,1,43,1250903718,f75d6b13f73b49d413daa2049704ea388ba74bb57a35bf21e2fad9f1321cee0d,81ad9cc21bb11722a79de989d03a23f2b16c7c81760dce22d71f4a5d47a396c9,8,9,120,540,0.5035579548527797,0.2999267124415686,0.20363124112288158,7927,3963,0,60,33,27,0,0,1024.0,1024.0,1024.0,6.701041527589163,18.67301368713379,0.0002739784001156218,23.940923699999985,1.3346538543701172,1.44921875
fold1_seed43,cova3d_c100_dis_fold1_seed43,C100_DIS,1,43,1250903718,f75d6b13f73b49d413daa2049704ea388ba74bb57a35bf21e2fad9f1321cee0d,81ad9cc21bb11722a79de989d03a23f2b16c7c81760dce22d71f4a5d47a396c9,9,10,120,600,0.47423689467056346,0.27894455345813185,0.19529233872890472,8159,4203,0,51,37,32,0,0,1024.0,1024.0,1024.0,7.532177805900574,29.904611587524414,0.0002666931266696063,23.917635436999262,1.3346538543701172,1.44921875
fold1_seed43,cova3d_c100_dis_fold1_seed43,C100_DIS,1,43,1250903718,f75d6b13f73b49d413daa2049704ea388ba74bb57a35bf21e2fad9f1321cee0d,81ad9cc21bb11722a79de989d03a23f2b16c7c81760dce22d71f4a5d47a396c9,10,11,120,660,0.44383361026411877,0.2688817309293275,0.17495188017686208,8316,4173,0,64,31,25,0,0,1024.0,1024.0,1024.0,6.700970073541005,44.46549606323242,0.0002586345852084849,23.84488165899893,1.3346538543701172,1.44921875
fold1_seed43,cova3d_c100_dis_fold1_seed43,C100_DIS,1,43,1250903718,f75d6b13f73b49d413daa2049704ea388ba74bb57a35bf21e2fad9f1321cee0d,81ad9cc21bb11722a79de989d03a23f2b16c7c81760dce22d71f4a5d47a396c9,11,12,120,720,0.42246692610594133,0.2522179626452271,0.17024896244208018,7919,3937,0,66,27,27,0,0,1024.0,1024.0,1024.0,8.015891867876054,35.95310592651367,0.0002498568710810032,23.884323143000074,1.3346538543701172,1.44921875
fold1_seed43,cova3d_c100_dis_fold1_seed43,C100_DIS,1,43,1250903718,f75d6b13f73b49d413daa2049704ea388ba74bb57a35bf21e2fad9f1321cee0d,81ad9cc21bb11722a79de989d03a23f2b16c7c81760dce22d71f4a5d47a396c9,12,13,120,780,0.44635202988865785,0.26867599638644607,0.1776760334769885,8183,4239,0,61,25,34,0,0,1024.0,1024.0,1024.0,8.576953667402268,61.08335876464844,0.0002404189072956492,23.89925851999942,1.3346538543701172,1.44921875
fold1_seed43,cova3d_c100_dis_fold1_seed43,C100_DIS,1,43,1250903718,f75d6b13f73b49d413daa2049704ea388ba74bb57a35bf21e2fad9f1321cee0d,81ad9cc21bb11722a79de989d03a23f2b16c7c81760dce22d71f4a5d47a396c9,13,14,120,840,0.39875099293421956,0.2046143380207165,0.1941366548339526,8017,3952,0,56,27,37,0,0,1024.0,1024.0,1024.0,6.813988769054413,36.033531188964844,0.00023038404898248976,23.86447346800196,1.3346538543701172,1.44921875
fold1_seed43,cova3d_c100_dis_fold1_seed43,C100_DIS,1,43,1250903718,f75d6b13f73b49d413daa2049704ea388ba74bb57a35bf21e2fad9f1321cee0d,81ad9cc21bb11722a79de989d03a23f2b16c7c81760dce22d71f4a5d47a396c9,14,15,120,900,0.3407639546904344,0.1782578104760129,0.16250614325205484,7784,3828,0,67,25,28,0,0,1024.0,1024.0,1024.0,5.627551515897115,17.83000946044922,0.00021981965810307605,23.88741794899761,1.3346538543701172,1.44921875
fold1_seed43,cova3d_c100_dis_fold1_seed43,C100_DIS,1,43,1250903718,f75d6b13f73b49d413daa2049704ea388ba74bb57a35bf21e2fad9f1321cee0d,81ad9cc21bb11722a79de989d03a23f2b16c7c81760dce22d71f4a5d47a396c9,15,16,120,960,0.35838984793517736,0.21023173783129703,0.14815811117490132,8174,4336,0,68,28,24,0,0,1024.0,1024.0,1024.0,8.815301018953324,46.88898849487305,0.00020879665126330557,23.84935251999923,1.3346538543701172,1.44921875
fold1_seed43,cova3d_c100_dis_fold1_seed43,C100_DIS,1,43,1250903718,f75d6b13f73b49d413daa2049704ea388ba74bb57a35bf21e2fad9f1321cee0d,81ad9cc21bb11722a79de989d03a23f2b16c7c81760dce22d71f4a5d47a396c9,16,17,120,1020,0.2888474125880748,0.16998976006192,0.11885765542586645,8323,4160,0,60,32,28,0,0,1024.0,1024.0,1024.0,5.552897950013478,28.099834442138672,0.00019738902366467966,23.889026036998985,1.3346538543701172,1.44921875
fold1_seed43,cova3d_c100_dis_fold1_seed43,C100_DIS,1,43,1250903718,f75d6b13f73b49d413daa2049704ea388ba74bb57a35bf21e2fad9f1321cee0d,81ad9cc21bb11722a79de989d03a23f2b16c7c81760dce22d71f4a5d47a396c9,17,18,120,1080,0.28696873168949727,0.1607985669431097,0.12617016583681107,8085,4020,0,56,32,32,0,0,1024.0,1024.0,1024.0,5.624758658309777,33.994449615478516,0.00018567335238957547,23.879097156997886,1.3346538543701172,1.44921875
fold1_seed43,cova3d_c100_dis_fold1_seed43,C100_DIS,1,43,1250903718,f75d6b13f73b49d413daa2049704ea388ba74bb57a35bf21e2fad9f1321cee0d,81ad9cc21bb11722a79de989d03a23f2b16c7c81760dce22d71f4a5d47a396c9,18,19,120,1140,0.27763390027879115,0.1501755157536536,0.12745838363965353,8052,3967,0,61,28,31,0,0,1024.0,1024.0,1024.0,7.995671291152636,51.495121002197266,0.0001737282823548769,23.884416909997526,1.3346538543701172,1.44921875
fold1_seed43,cova3d_c100_dis_fold1_seed43,C100_DIS,1,43,1250903718,f75d6b13f73b49d413daa2049704ea388ba74bb57a35bf21e2fad9f1321cee0d,81ad9cc21bb11722a79de989d03a23f2b16c7c81760dce22d71f4a5d47a396c9,19,20,120,1200,0.27699617400115434,0.15346444667423687,0.12353172848622004,8013,4012,0,61,26,33,0,0,1024.0,1024.0,1024.0,7.053454979260763,28.852052688598633,0.00016163399838465363,23.90367440800037,1.3346538543701172,1.44921875
fold1_seed43,cova3d_c100_dis_fold1_seed43,C100_DIS,1,43,1250903718,f75d6b13f73b49d413daa2049704ea388ba74bb57a35bf21e2fad9f1321cee0d,81ad9cc21bb11722a79de989d03a23f2b16c7c81760dce22d71f4a5d47a396c9,20,21,120,1260,0.2439794324125008,0.1277867440187644,0.11619268854459126,7811,3875,0,62,24,34,0,0,1024.0,1024.0,1024.0,6.090552959342798,36.18587112426758,0.00014947168694575625,23.89315848499973,1.3346538543701172,1.44921875
fold1_seed43,cova3d_c100_dis_fold1_seed43,C100_DIS,1,43,1250903718,f75d6b13f73b49d413daa2049704ea388ba74bb57a35bf21e2fad9f1321cee0d,81ad9cc21bb11722a79de989d03a23f2b16c7c81760dce22d71f4a5d47a396c9,21,22,120,1320,0.23095019755419344,0.11192553737976899,0.11902466068665186,7407,3672,0,51,31,38,0,0,1024.0,1024.0,1024.0,6.473777196804682,32.48329544067383,0.0001373229911595876,23.89639571600128,1.3346538543701172,1.44921875
fold1_seed43,cova3d_c100_dis_fold1_seed43,C100_DIS,1,43,1250903718,f75d6b13f73b49d413daa2049704ea388ba74bb57a35bf21e2fad9f1321cee0d,81ad9cc21bb11722a79de989d03a23f2b16c7c81760dce22d71f4a5d47a396c9,22,23,120,1380,0.1883898756253378,0.10184067286124142,0.08654920409123103,7981,4112,0,62,27,31,0,0,1024.0,1024.0,1024.0,5.222539736330509,16.947307586669922,0.00012526946274844474,23.890387072999147,1.3346538543701172,1.44921875
fold1_seed43,cova3d_c100_dis_fold1_seed43,C100_DIS,1,43,1250903718,f75d6b13f73b49d413daa2049704ea388ba74bb57a35bf21e2fad9f1321cee0d,81ad9cc21bb11722a79de989d03a23f2b16c7c81760dce22d71f4a5d47a396c9,23,24,120,1440,0.16454992931491386,0.08118731065745427,0.08336262007554372,8331,4170,0,56,29,35,0,0,1024.0,1024.0,1024.0,4.2240894757211205,20.639497756958008,0.00011339201459540494,23.820518059001188,1.3346538543701172,1.44921875
fold1_seed43,cova3d_c100_dis_fold1_seed43,C100_DIS,1,43,1250903718,f75d6b13f73b49d413daa2049704ea388ba74bb57a35bf21e2fad9f1321cee0d,81ad9cc21bb11722a79de989d03a23f2b16c7c81760dce22d71f4a5d47a396c9,24,25,120,1500,0.1563985603817855,0.0777365049754735,0.07866205424070358,8322,4357,1,73,25,22,0,0,1024.0,1024.0,1024.0,5.028924235701561,19.51272964477539,0.00010177037759260854,23.78881269300109,1.3346538543701172,1.44921875
fold1_seed43,cova3d_c100_dis_fold1_seed43,C100_DIS,1,43,1250903718,f75d6b13f73b49d413daa2049704ea388ba74bb57a35bf21e2fad9f1321cee0d,81ad9cc21bb11722a79de989d03a23f2b16c7c81760dce22d71f4a5d47a396c9,25,26,120,1560,0.13892515972693217,0.06593954911513719,0.07298561086257299,8182,4131,1,63,32,25,0,0,1024.0,1024.0,1024.0,3.5113434760520854,9.02812671661377,9.048256542400759e-05,23.76119389499945,1.3346538543701172,1.44921875
fold1_seed43,cova3d_c100_dis_fold1_seed43,C100_DIS,1,43,1250903718,f75d6b13f73b49d413daa2049704ea388ba74bb57a35bf21e2fad9f1321cee0d,81ad9cc21bb11722a79de989d03a23f2b16c7c81760dce22d71f4a5d47a396c9,26,27,120,1620,0.09028863547428045,0.05653070413027308,0.03375793099403381,8056,4108,0,68,23,29,0,0,1024.0,1024.0,1024.0,3.7234684890757004,15.386351585388184,7.960435087538242e-05,23.840727326001797,1.3346538543701172,1.44921875
fold1_seed43,cova3d_c100_dis_fold1_seed43,C100_DIS,1,43,1250903718,f75d6b13f73b49d413daa2049704ea388ba74bb57a35bf21e2fad9f1321cee0d,81ad9cc21bb11722a79de989d03a23f2b16c7c81760dce22d71f4a5d47a396c9,27,28,120,1680,0.13895519242481288,0.060950393840903415,0.07800479928652446,7846,3945,0,59,30,31,0,0,1024.0,1024.0,1024.0,3.904202066361904,18.485776901245117,6.920875718705205e-05,23.819962809997378,1.3346538543701172,1.44921875
fold1_seed43,cova3d_c100_dis_fold1_seed43,C100_DIS,1,43,1250903718,f75d6b13f73b49d413daa2049704ea388ba74bb57a35bf21e2fad9f1321cee0d,81ad9cc21bb11722a79de989d03a23f2b16c7c81760dce22d71f4a5d47a396c9,28,29,120,1740,0.1501352772289541,0.046726846271432504,0.10340842952330907,8152,4089,0,46,38,36,0,0,1024.0,1024.0,1024.0,3.0077993418400486,9.32390308380127,5.936556786372413e-05,23.780322340997373,1.3346538543701172,1.44921875
fold1_seed43,cova3d_c100_dis_fold1_seed43,C100_DIS,1,43,1250903718,f75d6b13f73b49d413daa2049704ea388ba74bb57a35bf21e2fad9f1321cee0d,81ad9cc21bb11722a79de989d03a23f2b16c7c81760dce22d71f4a5d47a396c9,29,30,120,1800,0.13831103429256472,0.04478728866124584,0.09352374523878097,7843,3831,0,56,38,26,0,0,1024.0,1024.0,1024.0,3.343217297643423,15.631743431091309,5.014085823202989e-05,23.81484501900195,1.3346538543701172,1.44921875
fold1_seed43,cova3d_c100_dis_fold1_seed43,C100_DIS,1,43,1250903718,f75d6b13f73b49d413daa2049704ea388ba74bb57a35bf21e2fad9f1321cee0d,81ad9cc21bb11722a79de989d03a23f2b16c7c81760dce22d71f4a5d47a396c9,30,31,120,1860,0.12446085320323164,0.0420760490934678,0.08238480438788733,8129,3989,0,63,25,32,0,0,1024.0,1024.0,1024.0,3.311332314585646,35.684410095214844,4.159655189030408e-05,23.769022707001568,1.3346538543701172,1.44921875
fold1_seed43,cova3d_c100_dis_fold1_seed43,C100_DIS,1,43,1250903718,f75d6b13f73b49d413daa2049704ea388ba74bb57a35bf21e2fad9f1321cee0d,81ad9cc21bb11722a79de989d03a23f2b16c7c81760dce22d71f4a5d47a396c9,31,32,120,1920,0.11710536587027794,0.05337875425769501,0.06372661193211873,8371,4203,0,59,35,26,0,0,1024.0,1024.0,1024.0,4.2693107143044475,63.56614685058594,3.379000502807257e-05,23.825345512999775,1.3346538543701172,1.44921875
fold1_seed43,cova3d_c100_dis_fold1_seed43,C100_DIS,1,43,1250903718,f75d6b13f73b49d413daa2049704ea388ba74bb57a35bf21e2fad9f1321cee0d,81ad9cc21bb11722a79de989d03a23f2b16c7c81760dce22d71f4a5d47a396c9,32,33,120,1980,0.1061766355670746,0.040266911837413016,0.06590972393751145,8110,3964,1,58,35,27,0,0,1024.0,1024.0,1024.0,2.8982661783074337,13.239702224731445,2.6773621405624713e-05,23.750491580001835,1.3346538543701172,1.44921875
fold1_seed43,cova3d_c100_dis_fold1_seed43,C100_DIS,1,43,1250903718,f75d6b13f73b49d413daa2049704ea388ba74bb57a35bf21e2fad9f1321cee0d,81ad9cc21bb11722a79de989d03a23f2b16c7c81760dce22d71f4a5d47a396c9,33,34,120,2040,0.11743330734407209,0.046241207724172756,0.07119210064411163,7958,4063,0,55,36,29,0,0,1024.0,1024.0,1024.0,3.5708598013967277,35.38106155395508,2.059450057823627e-05,23.733626764998917,1.3346538543701172,1.44921875
fold1_seed43,cova3d_c100_dis_fold1_seed43,C100_DIS,1,43,1250903718,f75d6b13f73b49d413daa2049704ea388ba74bb57a35bf21e2fad9f1321cee0d,81ad9cc21bb11722a79de989d03a23f2b16c7c81760dce22d71f4a5d47a396c9,34,35,120,2100,0.09609160578384035,0.0412614078174253,0.05483019898335139,7729,3949,0,64,30,26,0,0,1024.0,1024.0,1024.0,2.753436259490748,16.80300521850586,1.5294121726440254e-05,23.781216028000927,1.3346538543701172,1.44921875
fold1_seed43,cova3d_c100_dis_fold1_seed43,C100_DIS,1,43,1250903718,f75d6b13f73b49d413daa2049704ea388ba74bb57a35bf21e2fad9f1321cee0d,81ad9cc21bb11722a79de989d03a23f2b16c7c81760dce22d71f4a5d47a396c9,35,36,120,2160,0.09755662102894955,0.04172556194353092,0.05583105832338333,7467,3703,0,68,33,19,0,0,1024.0,1024.0,1024.0,3.652328615387281,31.40398597717285,1.0908065214729997e-05,23.86799955999959,1.3346538543701172,1.44921875
fold1_seed43,cova3d_c100_dis_fold1_seed43,C100_DIS,1,43,1250903718,f75d6b13f73b49d413daa2049704ea388ba74bb57a35bf21e2fad9f1321cee0d,81ad9cc21bb11722a79de989d03a23f2b16c7c81760dce22d71f4a5d47a396c9,36,37,120,2220,0.11896404509910402,0.043738844605832126,0.07522520174582799,7824,4135,0,75,26,19,0,0,1024.0,1024.0,1024.0,3.454822173528373,19.546966552734375,7.465773747813819e-06,23.79065709600036,1.3346538543701172,1.44921875
fold1_seed43,cova3d_c100_dis_fold1_seed43,C100_DIS,1,43,1250903718,f75d6b13f73b49d413daa2049704ea388ba74bb57a35bf21e2fad9f1321cee0d,81ad9cc21bb11722a79de989d03a23f2b16c7c81760dce22d71f4a5d47a396c9,37,38,120,2280,0.12304985828140312,0.060092636458308375,0.0629572202761968,8250,4271,0,67,30,23,0,0,1024.0,1024.0,1024.0,4.362522031242649,69.62541961669922,4.990354727730315e-06,23.818628414999694,1.3346538543701172,1.44921875
fold1_seed43,cova3d_c100_dis_fold1_seed43,C100_DIS,1,43,1250903718,f75d6b13f73b49d413daa2049704ea388ba74bb57a35bf21e2fad9f1321cee0d,81ad9cc21bb11722a79de989d03a23f2b16c7c81760dce22d71f4a5d47a396c9,38,39,120,2340,0.11497840660401076,0.04065966360370415,0.07431874225536982,8142,3991,0,52,38,30,0,0,1024.0,1024.0,1024.0,3.121321364864707,26.68913459777832,3.498425138561358e-06,23.813578348999727,1.3346538543701172,1.44921875
fold1_seed43,cova3d_c100_dis_fold1_seed43,C100_DIS,1,43,1250903718,f75d6b13f73b49d413daa2049704ea388ba74bb57a35bf21e2fad9f1321cee0d,81ad9cc21bb11722a79de989d03a23f2b16c7c81760dce22d71f4a5d47a396c9,39,40,120,2400,0.10310693806362299,0.03378537456687809,0.06932156433661779,8326,4082,0,60,27,33,0,0,1024.0,1024.0,1024.0,2.270851242914796,9.6958646774292,3e-06,23.82241260399678,1.3346538543701172,1.44921875
fold1_seed43,cova3d_c100_frg_fold1_seed43,C100_FRG,1,43,1250903718,f75d6b13f73b49d413daa2049704ea388ba74bb57a35bf21e2fad9f1321cee0d,81ad9cc21bb11722a79de989d03a23f2b16c7c81760dce22d71f4a5d47a396c9,0,1,120,60,1.9382619470357896,1.4451994879792134,0.49306246389945346,7988,3980,0,52,37,31,3,3,512.0,4096.0,512.0,70.03458506266276,595.8231201171875,0.00017999999999999998,24.91572577899933,1.335134506225586,1.35546875
fold1_seed43,cova3d_c100_frg_fold1_seed43,C100_FRG,1,43,1250903718,f75d6b13f73b49d413daa2049704ea388ba74bb57a35bf21e2fad9f1321cee0d,81ad9cc21bb11722a79de989d03a23f2b16c7c81760dce22d71f4a5d47a396c9,1,2,120,120,1.122518060480555,0.7513867059101661,0.3711313560605049,7951,4023,0,54,32,34,0,0,512.0,512.0,512.0,21.26554315884908,59.65908432006836,0.0002999445918673937,23.77499235900177,1.335134506225586,1.35546875
fold1_seed43,cova3d_c100_frg_fold1_seed43,C100_FRG,1,43,1250903718,f75d6b13f73b49d413daa2049704ea388ba74bb57a35bf21e2fad9f1321cee0d,81ad9cc21bb11722a79de989d03a23f2b16c7c81760dce22d71f4a5d47a396c9,2,3,120,180,0.8832783757398526,0.533037319406867,0.3502410550912221,7882,3934,0,59,28,33,0,0,512.0,512.0,512.0,10.079011980692545,35.269386291503906,0.0002991142965839822,23.755880633001652,1.335134506225586,1.35546875
fold1_seed43,cova3d_c100_frg_fold1_seed43,C100_FRG,1,43,1250903718,f75d6b13f73b49d413daa2049704ea388ba74bb57a35bf21e2fad9f1321cee0d,81ad9cc21bb11722a79de989d03a23f2b16c7c81760dce22d71f4a5d47a396c9,3,4,120,240,0.6696407800229888,0.4043698049150407,0.2652709762255351,8216,4174,1,62,22,36,0,0,512.0,512.0,512.0,6.807243327299754,33.65816879272461,0.0002972930965702204,23.67230709499927,1.335134506225586,1.35546875
fold1_seed43,cova3d_c100_frg_fold1_seed43,C100_FRG,1,43,1250903718,f75d6b13f73b49d413daa2049704ea388ba74bb57a35bf21e2fad9f1321cee0d,81ad9cc21bb11722a79de989d03a23f2b16c7c81760dce22d71f4a5d47a396c9,4,5,120,300,0.6301178110918652,0.37851648618234324,0.2516013219952583,7935,4050,1,60,23,37,0,0,512.0,512.0,512.0,6.633295965194702,20.535869598388672,0.0002944932171711482,23.6914636060028,1.335134506225586,1.35546875
fold1_seed43,cova3d_c100_frg_fold1_seed43,C100_FRG,1,43,1250903718,f75d6b13f73b49d413daa2049704ea388ba74bb57a35bf21e2fad9f1321cee0d,81ad9cc21bb11722a79de989d03a23f2b16c7c81760dce22d71f4a5d47a396c9,5,6,120,360,0.5584783597538868,0.32770944042131306,0.23076891700426738,8082,4179,0,61,35,24,0,0,512.0,512.0,512.0,7.207787398497263,18.365880966186523,0.000290733453407337,23.632240802002343,1.335134506225586,1.35546875
fold1_seed43,cova3d_c100_frg_fold1_seed43,C100_FRG,1,43,1250903718,f75d6b13f73b49d413daa2049704ea388ba74bb57a35bf21e2fad9f1321cee0d,81ad9cc21bb11722a79de989d03a23f2b16c7c81760dce22d71f4a5d47a396c9,6,7,120,420,0.5798101719624053,0.3488419376478608,0.23096823592980703,7905,3959,1,62,31,27,0,0,512.0,512.0,512.0,8.127875969807308,38.00092697143555,0.0002860390438077423,23.584542299999157,1.335134506225586,1.35546875
fold1_seed43,cova3d_c100_frg_fold1_seed43,C100_FRG,1,43,1250903718,f75d6b13f73b49d413daa2049704ea388ba74bb57a35bf21e2fad9f1321cee0d,81ad9cc21bb11722a79de989d03a23f2b16c7c81760dce22d71f4a5d47a396c9,7,8,120,480,0.5735672211972996,0.32544392414953716,0.24812329908212025,7941,3952,0,51,29,40,0,0,512.0,512.0,512.0,8.030652260780334,30.417451858520508,0.00028044150098859483,23.641023419000703,1.335134506225586,1.35546875
fold1_seed43,cova3d_c100_frg_fold1_seed43,C100_FRG,1,43,1250903718,f75d6b13f73b49d413daa2049704ea388ba74bb57a35bf21e2fad9f1321cee0d,81ad9cc21bb11722a79de989d03a23f2b16c7c81760dce22d71f4a5d47a396c9,8,9,120,540,0.47667225267117225,0.2815092425172528,0.19516301055749258,8040,4044,0,60,33,27,0,0,512.0,512.0,512.0,6.612753760814667,17.003623962402344,0.0002739784001156218,23.69474448699839,1.335134506225586,1.35546875
fold1_seed43,cova3d_c100_frg_fold1_seed43,C100_FRG,1,43,1250903718,f75d6b13f73b49d413daa2049704ea388ba74bb57a35bf21e2fad9f1321cee0d,81ad9cc21bb11722a79de989d03a23f2b16c7c81760dce22d71f4a5d47a396c9,9,10,120,600,0.42813369920477273,0.2524436708694945,0.17569002906481426,8148,4206,0,51,37,32,0,0,512.0,512.0,512.0,7.633389715353648,55.61101150512695,0.0002666931266696063,23.692033232997346,1.335134506225586,1.35546875
fold1_seed43,cova3d_c100_frg_fold1_seed43,C100_FRG,1,43,1250903718,f75d6b13f73b49d413daa2049704ea388ba74bb57a35bf21e2fad9f1321cee0d,81ad9cc21bb11722a79de989d03a23f2b16c7c81760dce22d71f4a5d47a396c9,10,11,120,660,0.4087687065203985,0.23846911889656136,0.17029958516359328,8349,4196,1,64,31,25,0,0,512.0,512.0,512.0,6.685061152776083,27.217668533325195,0.0002586345852084849,23.665985832998558,1.335134506225586,1.35546875
fold1_seed43,cova3d_c100_frg_fold1_seed43,C100_FRG,1,43,1250903718,f75d6b13f73b49d413daa2049704ea388ba74bb57a35bf21e2fad9f1321cee0d,81ad9cc21bb11722a79de989d03a23f2b16c7c81760dce22d71f4a5d47a396c9,11,12,120,720,0.4140182653442025,0.24806659920529153,0.16595166722933452,8017,3994,0,66,27,27,0,0,512.0,512.0,512.0,9.298775525887807,95.86512756347656,0.0002498568710810032,23.662481109997316,1.335134506225586,1.35546875
fold1_seed43,cova3d_c100_frg_fold1_seed43,C100_FRG,1,43,1250903718,f75d6b13f73b49d413daa2049704ea388ba74bb57a35bf21e2fad9f1321cee0d,81ad9cc21bb11722a79de989d03a23f2b16c7c81760dce22d71f4a5d47a396c9,12,13,120,780,0.3979965552299594,0.23724178270980095,0.16075477252403894,8257,4286,0,61,25,34,0,0,512.0,512.0,512.0,8.765211935838064,54.96985626220703,0.0002404189072956492,23.67477847199916,1.335134506225586,1.35546875
fold1_seed43,cova3d_c100_frg_fold1_seed43,C100_FRG,1,43,1250903718,f75d6b13f73b49d413daa2049704ea388ba74bb57a35bf21e2fad9f1321cee0d,81ad9cc21bb11722a79de989d03a23f2b16c7c81760dce22d71f4a5d47a396c9,13,14,120,840,0.38954184224130584,0.19160020743050457,0.19794163703918458,8110,4016,0,56,27,37,0,0,512.0,512.0,512.0,6.291726658741633,31.745588302612305,0.00023038404898248976,23.643070518999593,1.335134506225586,1.35546875
fold1_seed43,cova3d_c100_frg_fold1_seed43,C100_FRG,1,43,1250903718,f75d6b13f73b49d413daa2049704ea388ba74bb57a35bf21e2fad9f1321cee0d,81ad9cc21bb11722a79de989d03a23f2b16c7c81760dce22d71f4a5d47a396c9,14,15,120,900,0.33761889777573134,0.17549161257290205,0.1621272847056389,7815,3908,0,67,25,28,0,0,512.0,512.0,512.0,6.768689169486364,40.38003158569336,0.00021981965810307605,23.616742990001512,1.335134506225586,1.35546875
fold1_seed43,cova3d_c100_frg_fold1_seed43,C100_FRG,1,43,1250903718,f75d6b13f73b49d413daa2049704ea388ba74bb57a35bf21e2fad9f1321cee0d,81ad9cc21bb11722a79de989d03a23f2b16c7c81760dce22d71f4a5d47a396c9,15,16,120,960,0.3003846846831342,0.16214295810010906,0.1382417266567548,8153,4379,0,68,28,24,0,0,512.0,512.0,512.0,6.865834623575211,40.25529479980469,0.00020879665126330557,23.627814061997924,1.335134506225586,1.35546875
fold1_seed43,cova3d_c100_frg_fold1_seed43,C100_FRG,1,43,1250903718,f75d6b13f73b49d413daa2049704ea388ba74bb57a35bf21e2fad9f1321cee0d,81ad9cc21bb11722a79de989d03a23f2b16c7c81760dce22d71f4a5d47a396c9,16,17,120,1020,0.25830411421047755,0.15745465136133135,0.10084946354230245,8158,4056,0,60,32,28,0,0,512.0,512.0,512.0,6.0794010132551195,15.661672592163086,0.00019738902366467966,23.636114521003037,1.335134506225586,1.35546875
fold1_seed43,cova3d_c100_frg_fold1_seed43,C100_FRG,1,43,1250903718,f75d6b13f73b49d413daa2049704ea388ba74bb57a35bf21e2fad9f1321cee0d,81ad9cc21bb11722a79de989d03a23f2b16c7c81760dce22d71f4a5d47a396c9,17,18,120,1080,0.25022234612139677,0.13205259527094312,0.1181697502732277,8150,4084,0,56,32,32,0,0,512.0,512.0,512.0,5.824801483253638,21.868633270263672,0.00018567335238957547,23.661909207999997,1.335134506225586,1.35546875
fold1_seed43,cova3d_c100_frg_fold1_seed43,C100_FRG,1,43,1250903718,f75d6b13f73b49d413daa2049704ea388ba74bb57a35bf21e2fad9f1321cee0d,81ad9cc21bb11722a79de989d03a23f2b16c7c81760dce22d71f4a5d47a396c9,18,19,120,1140,0.24350970548471196,0.1240445799113786,0.1194651260972023,8093,4039,0,61,28,31,0,0,512.0,512.0,512.0,7.509148440758387,75.16362762451172,0.0001737282823548769,23.63000410300083,1.335134506225586,1.35546875
fold1_seed43,cova3d_c100_frg_fold1_seed43,C100_FRG,1,43,1250903718,f75d6b13f73b49d413daa2049704ea388ba74bb57a35bf21e2fad9f1321cee0d,81ad9cc21bb11722a79de989d03a23f2b16c7c81760dce22d71f4a5d47a396c9,19,20,120,1200,0.23139493631697405,0.12910407386657047,0.10229086180528005,8242,4203,1,61,26,33,0,0,512.0,512.0,512.0,7.072166463732719,21.414594650268555,0.00016163399838465363,23.64136939600212,1.335134506225586,1.35546875
fold1_seed43,cova3d_c100_frg_fold1_seed43,C100_FRG,1,43,1250903718,f75d6b13f73b49d413daa2049704ea388ba74bb57a35bf21e2fad9f1321cee0d,81ad9cc21bb11722a79de989d03a23f2b16c7c81760dce22d71f4a5d47a396c9,20,21,120,1260,0.21016268059296028,0.11347342294635988,0.09668925801912943,7859,3924,0,62,24,34,0,0,512.0,512.0,512.0,6.147958030303319,28.8837833404541,0.00014947168694575625,23.60272293900198,1.335134506225586,1.35546875
fold1_seed43,cova3d_c100_frg_fold1_seed43,C100_FRG,1,43,1250903718,f75d6b13f73b49d413daa2049704ea388ba74bb57a35bf21e2fad9f1321cee0d,81ad9cc21bb11722a79de989d03a23f2b16c7c81760dce22d71f4a5d47a396c9,21,22,120,1320,0.19057799830068992,0.09461942864874497,0.09595857014258703,7390,3663,0,51,31,38,0,0,512.0,512.0,512.0,5.720469040175279,19.932064056396484,0.0001373229911595876,23.57810924200021,1.335134506225586,1.35546875
fold1_seed43,cova3d_c100_frg_fold1_seed43,C100_FRG,1,43,1250903718,f75d6b13f73b49d413daa2049704ea388ba74bb57a35bf21e2fad9f1321cee0d,81ad9cc21bb11722a79de989d03a23f2b16c7c81760dce22d71f4a5d47a396c9,22,23,120,1380,0.20316851498731314,0.11060489049984122,0.09256362468004227,7956,4120,0,62,27,31,0,0,512.0,512.0,512.0,7.071564088513454,49.95474624633789,0.00012526946274844474,23.60154313199746,1.335134506225586,1.35546875
fold1_seed43,cova3d_c100_frg_fold1_seed43,C100_FRG,1,43,1250903718,f75d6b13f73b49d413daa2049704ea388ba74bb57a35bf21e2fad9f1321cee0d,81ad9cc21bb11722a79de989d03a23f2b16c7c81760dce22d71f4a5d47a396c9,23,24,120,1440,0.16716319436673074,0.0803415409750111,0.08682165294885635,8223,4068,0,56,29,35,0,0,512.0,512.0,512.0,4.962025857468446,22.44758415222168,0.00011339201459540494,23.629986508000002,1.335134506225586,1.35546875
fold1_seed43,cova3d_c100_frg_fold1_seed43,C100_FRG,1,43,1250903718,f75d6b13f73b49d413daa2049704ea388ba74bb57a35bf21e2fad9f1321cee0d,81ad9cc21bb11722a79de989d03a23f2b16c7c81760dce22d71f4a5d47a396c9,24,25,120,1500,0.14365179644267603,0.0740639228998551,0.06958787341912588,8271,4344,1,73,25,22,0,0,512.0,512.0,512.0,4.603948304057122,25.80448341369629,0.00010177037759260854,23.588280893000046,1.335134506225586,1.35546875
fold1_seed43,cova3d_c100_frg_fold1_seed43,C100_FRG,1,43,1250903718,f75d6b13f73b49d413daa2049704ea388ba74bb57a35bf21e2fad9f1321cee0d,81ad9cc21bb11722a79de989d03a23f2b16c7c81760dce22d71f4a5d47a396c9,25,26,120,1560,0.12218502759743852,0.0557084334432588,0.06647659540176391,8291,4206,1,63,32,25,0,0,512.0,512.0,512.0,3.0856216836720707,10.77283763885498,9.048256542400759e-05,23.565045180999732,1.335134506225586,1.35546875
fold1_seed43,cova3d_c100_frg_fold1_seed43,C100_FRG,1,43,1250903718,f75d6b13f73b49d413daa2049704ea388ba74bb57a35bf21e2fad9f1321cee0d,81ad9cc21bb11722a79de989d03a23f2b16c7c81760dce22d71f4a5d47a396c9,26,27,120,1620,0.09311112547691967,0.05245542157831551,0.040655704339345296,8153,4178,0,68,23,29,0,0,512.0,512.0,512.0,4.162573971971869,39.54494857788086,7.960435087538242e-05,23.49954164400333,1.335134506225586,1.35546875
fold1_seed43,cova3d_c100_frg_fold1_seed43,C100_FRG,1,43,1250903718,f75d6b13f73b49d413daa2049704ea388ba74bb57a35bf21e2fad9f1321cee0d,81ad9cc21bb11722a79de989d03a23f2b16c7c81760dce22d71f4a5d47a396c9,27,28,120,1680,0.13161538267086142,0.058578354297424085,0.07303702930609385,7940,4032,0,59,30,31,0,0,512.0,512.0,512.0,4.88301579443117,55.459938049316406,6.920875718705205e-05,23.560778700997616,1.335134506225586,1.35546875
fold1_seed43,cova3d_c100_frg_fold1_seed43,C100_FRG,1,43,1250903718,f75d6b13f73b49d413daa2049704ea388ba74bb57a35bf21e2fad9f1321cee0d,81ad9cc21bb11722a79de989d03a23f2b16c7c81760dce22d71f4a5d47a396c9,28,29,120,1740,0.1743917056931688,0.052124036298478886,0.12226766993602117,8100,4004,0,46,38,36,0,0,512.0,512.0,512.0,3.9678262773901225,32.49398422241211,5.936556786372413e-05,23.51784047900219,1.335134506225586,1.35546875
fold1_seed43,cova3d_c100_frg_fold1_seed43,C100_FRG,1,43,1250903718,f75d6b13f73b49d413daa2049704ea388ba74bb57a35bf21e2fad9f1321cee0d,81ad9cc21bb11722a79de989d03a23f2b16c7c81760dce22d71f4a5d47a396c9,29,30,120,1800,0.1422974471451501,0.040481163168442434,0.10181628316640853,7797,3807,0,56,38,26,0,0,512.0,512.0,512.0,3.9861229613423346,23.001497268676758,5.014085823202989e-05,23.517248549000215,1.335134506225586,1.35546875
fold1_seed43,cova3d_c100_frg_fold1_seed43,C100_FRG,1,43,1250903718,f75d6b13f73b49d413daa2049704ea388ba74bb57a35bf21e2fad9f1321cee0d,81ad9cc21bb11722a79de989d03a23f2b16c7c81760dce22d71f4a5d47a396c9,30,31,120,1860,0.09523616517249896,0.03281746839732023,0.062418696284294126,8022,3981,0,63,25,32,0,0,512.0,512.0,512.0,2.968469594915708,13.153197288513184,4.159655189030408e-05,23.508491012999002,1.335134506225586,1.35546875
fold1_seed43,cova3d_c100_frg_fold1_seed43,C100_FRG,1,43,1250903718,f75d6b13f73b49d413daa2049704ea388ba74bb57a35bf21e2fad9f1321cee0d,81ad9cc21bb11722a79de989d03a23f2b16c7c81760dce22d71f4a5d47a396c9,31,32,120,1920,0.08404651607088454,0.03704101256116701,0.047005503873030346,8506,4303,0,59,35,26,0,0,512.0,512.0,512.0,3.3136497044935824,14.302755355834961,3.379000502807257e-05,23.55989113600299,1.335134506225586,1.35546875
fold1_seed43,cova3d_c100_frg_fold1_seed43,C100_FRG,1,43,1250903718,f75d6b13f73b49d413daa2049704ea388ba74bb57a35bf21e2fad9f1321cee0d,81ad9cc21bb11722a79de989d03a23f2b16c7c81760dce22d71f4a5d47a396c9,32,33,120,1980,0.10584628385654035,0.04136220948138261,0.06448407421509425,8299,4091,1,58,35,27,0,0,512.0,512.0,512.0,2.953414432021479,22.143945693969727,2.6773621405624713e-05,23.588102928999433,1.335134506225586,1.35546875
fold1_seed43,cova3d_c100_frg_fold1_seed43,C100_FRG,1,43,1250903718,f75d6b13f73b49d413daa2049704ea388ba74bb57a35bf21e2fad9f1321cee0d,81ad9cc21bb11722a79de989d03a23f2b16c7c81760dce22d71f4a5d47a396c9,33,34,120,2040,0.10405448572722283,0.038699374773053324,0.06535511165857315,7895,4018,0,55,36,29,0,0,512.0,512.0,512.0,2.8650144110123317,19.85125732421875,2.059450057823627e-05,23.529429304999212,1.335134506225586,1.35546875
fold1_seed43,cova3d_c100_frg_fold1_seed43,C100_FRG,1,43,1250903718,f75d6b13f73b49d413daa2049704ea388ba74bb57a35bf21e2fad9f1321cee0d,81ad9cc21bb11722a79de989d03a23f2b16c7c81760dce22d71f4a5d47a396c9,34,35,120,2100,0.09230044839726664,0.03826188198545424,0.05403856486082077,7662,3922,0,64,30,26,0,0,512.0,512.0,512.0,3.185525117566188,21.70274543762207,1.5294121726440254e-05,23.534208729000966,1.335134506225586,1.35546875
fold1_seed43,cova3d_c100_frg_fold1_seed43,C100_FRG,1,43,1250903718,f75d6b13f73b49d413daa2049704ea388ba74bb57a35bf21e2fad9f1321cee0d,81ad9cc21bb11722a79de989d03a23f2b16c7c81760dce22d71f4a5d47a396c9,35,36,120,2160,0.0841606055234782,0.032989682338787435,0.05117092380921046,7473,3731,0,68,33,19,0,0,512.0,512.0,512.0,2.6988988077888885,13.835199356079102,1.0908065214729997e-05,23.541579844997614,1.335134506225586,1.35546875
fold1_seed43,cova3d_c100_frg_fold1_seed43,C100_FRG,1,43,1250903718,f75d6b13f73b49d413daa2049704ea388ba74bb57a35bf21e2fad9f1321cee0d,81ad9cc21bb11722a79de989d03a23f2b16c7c81760dce22d71f4a5d47a396c9,36,37,120,2220,0.1055408399523003,0.036049306822314976,0.06949153343836466,7958,4205,0,75,26,19,0,0,512.0,512.0,512.0,3.423706351655225,35.00497055053711,7.465773747813819e-06,23.58620955600054,1.335134506225586,1.35546875
fold1_seed43,cova3d_c100_frg_fold1_seed43,C100_FRG,1,43,1250903718,f75d6b13f73b49d413daa2049704ea388ba74bb57a35bf21e2fad9f1321cee0d,81ad9cc21bb11722a79de989d03a23f2b16c7c81760dce22d71f4a5d47a396c9,37,38,120,2280,0.11585537808133944,0.05364659717623373,0.0622087816397349,8318,4321,0,67,30,23,0,0,512.0,512.0,512.0,6.142663141464194,105.21314239501953,4.990354727730315e-06,23.577580005003256,1.335134506225586,1.35546875
fold1_seed43,cova3d_c100_frg_fold1_seed43,C100_FRG,1,43,1250903718,f75d6b13f73b49d413daa2049704ea388ba74bb57a35bf21e2fad9f1321cee0d,81ad9cc21bb11722a79de989d03a23f2b16c7c81760dce22d71f4a5d47a396c9,38,39,120,2340,0.11404042505111343,0.03442763501763769,0.07961279054482778,8111,3935,0,52,38,30,0,0,512.0,512.0,512.0,2.7137827927867573,21.819738388061523,3.498425138561358e-06,23.55326382000203,1.335134506225586,1.35546875
fold1_seed43,cova3d_c100_frg_fold1_seed43,C100_FRG,1,43,1250903718,f75d6b13f73b49d413daa2049704ea388ba74bb57a35bf21e2fad9f1321cee0d,81ad9cc21bb11722a79de989d03a23f2b16c7c81760dce22d71f4a5d47a396c9,39,40,120,2400,0.09907606147633734,0.028995495690362718,0.07008056590954463,8524,4214,0,60,27,33,0,0,512.0,512.0,512.0,2.651695237805446,21.50761604309082,3e-06,23.568214566999814,1.335134506225586,1.35546875
