case_id,role,condition_id,coverage_fraction,geometry_condition,component_native_id,component_volume_ml,global_resolution_class,representation,geometry_claim_allowed,quota,connected_sets,mean_nearest_neighbor_mm,common_capacity,coherent_capacity,dispersed_capacity,fragmented_capacity,capacity_source,uses_neutral_bank
coronacases_001,final_outer_cv,C100_COH,1.0,coherent,1,197.84095155793204,GLOBAL_GEOMETRY_RESOLVABLE,coherent,True,2,1,1.5,2,2,5,4,common_geometry_preserving_candidate_capacity,False
coronacases_001,final_outer_cv,C100_COH,1.0,coherent,2,33.67581041980142,GLOBAL_GEOMETRY_RESOLVABLE,coherent,True,3,1,1.5,3,3,5,4,common_geometry_preserving_candidate_capacity,False
coronacases_001,final_outer_cv,C100_COH,1.0,coherent,3,0.4677743380330604,GLOBAL_GEOMETRY_RESOLVABLE,coherent,True,3,1,2.118033988749895,3,3,5,4,common_geometry_preserving_candidate_capacity,False
coronacases_001,final_outer_cv,C100_COH,1.0,coherent,4,0.144537014560777,GLOBAL_RESOLUTION_LIMITED,neutral_physical_bank_prefix,False,17,1,1.5,42,42,42,42,physical_neutral_bank,True
coronacases_001,final_outer_cv,C100_COH,1.0,coherent,6,0.6254510811902718,GLOBAL_GEOMETRY_RESOLVABLE,coherent,True,3,1,2.0,3,3,5,4,common_geometry_preserving_candidate_capacity,False
coronacases_001,final_outer_cv,C100_COH,1.0,coherent,7,1.8132825463079307,GLOBAL_GEOMETRY_RESOLVABLE,coherent,True,4,1,2.1213203435596424,4,4,5,4,common_geometry_preserving_candidate_capacity,False
coronacases_001,final_outer_cv,C100_COH,1.0,coherent,8,2.5760437913309406,GLOBAL_GEOMETRY_RESOLVABLE,coherent,True,3,1,2.0,3,3,4,4,common_geometry_preserving_candidate_capacity,False
coronacases_001,final_outer_cv,C100_COH,1.0,coherent,9,0.1005189237627222,GLOBAL_RESOLUTION_LIMITED,neutral_physical_bank_prefix,False,17,1,1.5,39,39,39,39,physical_neutral_bank,True
coronacases_001,final_outer_cv,C100_COH,1.0,coherent,10,0.4060176136298193,GLOBAL_GEOMETRY_RESOLVABLE,coherent,True,2,1,1.5,2,2,5,5,common_geometry_preserving_candidate_capacity,False
coronacases_001,final_outer_cv,C100_COH,1.0,coherent,11,31.682513591722337,GLOBAL_GEOMETRY_RESOLVABLE,coherent,True,3,1,1.5,3,3,4,4,common_geometry_preserving_candidate_capacity,False
coronacases_001,final_outer_cv,C100_COH,1.0,coherent,12,0.3692263735598033,GLOBAL_GEOMETRY_RESOLVABLE,coherent,True,3,1,1.5,3,4,5,3,common_geometry_preserving_candidate_capacity,False
coronacases_001,final_outer_cv,C100_COH,1.0,coherent,14,0.771959055040514,GLOBAL_GEOMETRY_RESOLVABLE,coherent,True,3,1,1.5,3,3,5,4,common_geometry_preserving_candidate_capacity,False
coronacases_001,final_outer_cv,C100_COH,1.0,coherent,15,0.1616186617361416,GLOBAL_GEOMETRY_RESOLVABLE,coherent,True,3,1,2.1213203435596424,3,3,5,3,common_geometry_preserving_candidate_capacity,False
coronacases_001,final_outer_cv,C100_COH,1.0,coherent,16,0.6576434162515358,GLOBAL_GEOMETRY_RESOLVABLE,coherent,True,4,1,1.875,4,4,5,4,common_geometry_preserving_candidate_capacity,False
coronacases_001,final_outer_cv,C100_COH,1.0,coherent,17,0.1373101638327382,GLOBAL_RESOLUTION_LIMITED,neutral_physical_bank_prefix,False,17,1,1.5,43,43,43,43,physical_neutral_bank,True
coronacases_001,final_outer_cv,C100_COH,1.0,coherent,21,0.4598905008751998,GLOBAL_GEOMETRY_RESOLVABLE,coherent,True,3,1,2.118033988749895,3,3,5,3,common_geometry_preserving_candidate_capacity,False
coronacases_001,final_outer_cv,C100_COH,1.0,coherent,23,1.1470983064687128,GLOBAL_GEOMETRY_RESOLVABLE,coherent,True,3,1,2.118033988749895,3,3,5,3,common_geometry_preserving_candidate_capacity,False
coronacases_001,final_outer_cv,C100_COH,1.0,coherent,24,0.1911830510781187,GLOBAL_GEOMETRY_RESOLVABLE,coherent,True,3,1,1.5,3,4,5,3,common_geometry_preserving_candidate_capacity,False
coronacases_001,final_outer_cv,C100_COH,1.0,coherent,25,56.20650304410728,GLOBAL_GEOMETRY_RESOLVABLE,coherent,True,3,1,1.5,3,3,5,4,common_geometry_preserving_candidate_capacity,False
coronacases_001,final_outer_cv,C100_COH,1.0,coherent,26,51.29618646761979,GLOBAL_GEOMETRY_RESOLVABLE,coherent,True,3,1,1.5,3,3,5,5,common_geometry_preserving_candidate_capacity,False
coronacases_001,final_outer_cv,C100_COH,1.0,coherent,27,0.1090597473504045,GLOBAL_GEOMETRY_RESOLVABLE,coherent,True,3,1,1.5,3,3,5,4,common_geometry_preserving_candidate_capacity,False
coronacases_001,final_outer_cv,C100_COH,1.0,coherent,28,2.795477258891393,GLOBAL_GEOMETRY_RESOLVABLE,coherent,True,3,1,1.7071067811865472,3,3,5,5,common_geometry_preserving_candidate_capacity,False
coronacases_001,final_outer_cv,C100_COH,1.0,coherent,29,0.8534253723384065,GLOBAL_GEOMETRY_RESOLVABLE,coherent,True,2,1,2.1213203435596424,2,2,4,3,common_geometry_preserving_candidate_capacity,False
coronacases_001,final_outer_cv,C100_COH,1.0,coherent,30,0.3383480113581827,GLOBAL_GEOMETRY_RESOLVABLE,coherent,True,2,1,3.0,2,2,5,5,common_geometry_preserving_candidate_capacity,False
coronacases_001,final_outer_cv,C100_COH,1.0,coherent,31,0.1741014039027542,GLOBAL_GEOMETRY_RESOLVABLE,coherent,True,2,1,1.5,2,2,4,5,common_geometry_preserving_candidate_capacity,False
coronacases_001,final_outer_cv,C100_COH,1.0,coherent,32,7.16378003077597,GLOBAL_GEOMETRY_RESOLVABLE,coherent,True,3,1,1.5,3,3,5,4,common_geometry_preserving_candidate_capacity,False
coronacases_001,final_outer_cv,C100_COH,1.0,coherent,33,0.3869650071649896,GLOBAL_GEOMETRY_RESOLVABLE,coherent,True,3,1,1.5,3,3,4,4,common_geometry_preserving_candidate_capacity,False
coronacases_001,final_outer_cv,C100_COH,1.0,coherent,35,5.336700769441784,GLOBAL_GEOMETRY_RESOLVABLE,coherent,True,4,1,1.5,4,4,5,5,common_geometry_preserving_candidate_capacity,False
coronacases_001,final_outer_cv,C100_COH,1.0,coherent,37,6.659871439102715,GLOBAL_GEOMETRY_RESOLVABLE,coherent,True,3,1,1.7071067811865472,3,3,5,4,common_geometry_preserving_candidate_capacity,False
coronacases_001,final_outer_cv,C100_COH,1.0,coherent,38,0.2647655312181508,GLOBAL_GEOMETRY_RESOLVABLE,coherent,True,2,1,1.5,2,2,4,3,common_geometry_preserving_candidate_capacity,False
coronacases_001,final_outer_cv,C100_COH,1.0,coherent,39,12.372368446402518,GLOBAL_GEOMETRY_RESOLVABLE,coherent,True,4,1,1.5,4,4,5,4,common_geometry_preserving_candidate_capacity,False
coronacases_001,final_outer_cv,C100_COH,1.0,coherent,40,0.3547726721037256,GLOBAL_GEOMETRY_RESOLVABLE,coherent,True,3,1,1.5,3,4,5,3,common_geometry_preserving_candidate_capacity,False
coronacases_001,final_outer_cv,C100_COH,1.0,coherent,42,0.2168055218411656,GLOBAL_GEOMETRY_RESOLVABLE,coherent,True,3,1,1.5,3,3,5,5,common_geometry_preserving_candidate_capacity,False
coronacases_001,final_outer_cv,C100_COH,1.0,coherent,43,5.407655303862528,GLOBAL_GEOMETRY_RESOLVABLE,coherent,True,3,1,1.5,3,5,5,3,common_geometry_preserving_candidate_capacity,False
coronacases_001,final_outer_cv,C100_COH,1.0,coherent,44,0.2161485354113439,GLOBAL_RESOLUTION_LIMITED,neutral_physical_bank_prefix,False,16,1,1.5,101,101,101,101,physical_neutral_bank,True
coronacases_001,final_outer_cv,C100_COH,1.0,coherent,45,0.185927159639545,GLOBAL_GEOMETRY_RESOLVABLE,coherent,True,3,1,1.5,3,3,4,4,common_geometry_preserving_candidate_capacity,False
coronacases_001,final_outer_cv,C100_COH,1.0,coherent,46,0.1064318016311176,GLOBAL_GEOMETRY_RESOLVABLE,coherent,True,3,1,1.5,3,4,4,3,common_geometry_preserving_candidate_capacity,False
coronacases_001,final_outer_cv,C100_COH,1.0,coherent,48,2.476838840427862,GLOBAL_GEOMETRY_RESOLVABLE,coherent,True,3,1,1.5,3,3,4,3,common_geometry_preserving_candidate_capacity,False
coronacases_001,final_outer_cv,C100_COH,1.0,coherent,50,0.1261413945257691,GLOBAL_GEOMETRY_RESOLVABLE,coherent,True,3,1,2.0,3,3,4,3,common_geometry_preserving_candidate_capacity,False
coronacases_001,final_outer_cv,C100_COH,1.0,coherent,51,0.6103403933043724,GLOBAL_GEOMETRY_RESOLVABLE,coherent,True,2,1,1.5,2,2,5,4,common_geometry_preserving_candidate_capacity,False
coronacases_001,final_outer_cv,C100_COH,1.0,coherent,53,0.1754153767623976,GLOBAL_GEOMETRY_RESOLVABLE,coherent,True,2,1,1.5,2,2,4,4,common_geometry_preserving_candidate_capacity,False
coronacases_001,final_outer_cv,C100_COH,1.0,coherent,55,0.2154915489815222,GLOBAL_GEOMETRY_RESOLVABLE,coherent,True,3,1,2.0,3,3,4,4,common_geometry_preserving_candidate_capacity,False
coronacases_001,final_outer_cv,C100_COH,1.0,coherent,56,0.5157343474100455,GLOBAL_GEOMETRY_RESOLVABLE,coherent,True,3,1,1.5,3,3,5,4,common_geometry_preserving_candidate_capacity,False
coronacases_001,final_outer_cv,C100_DIS,1.0,dispersed,1,197.84095155793204,GLOBAL_GEOMETRY_RESOLVABLE,dispersed,True,2,2,110.97972787856348,2,2,5,4,common_geometry_preserving_candidate_capacity,False
coronacases_001,final_outer_cv,C100_DIS,1.0,dispersed,2,33.67581041980142,GLOBAL_GEOMETRY_RESOLVABLE,dispersed,True,3,3,42.69796749463256,3,3,5,4,common_geometry_preserving_candidate_capacity,False
coronacases_001,final_outer_cv,C100_DIS,1.0,dispersed,3,0.4677743380330604,GLOBAL_GEOMETRY_RESOLVABLE,dispersed,True,3,3,5.950759155375704,3,3,5,4,common_geometry_preserving_candidate_capacity,False
coronacases_001,final_outer_cv,C100_DIS,1.0,dispersed,4,0.144537014560777,GLOBAL_RESOLUTION_LIMITED,neutral_physical_bank_prefix,False,17,1,1.5,42,42,42,42,physical_neutral_bank,True
coronacases_001,final_outer_cv,C100_DIS,1.0,dispersed,6,0.6254510811902718,GLOBAL_GEOMETRY_RESOLVABLE,dispersed,True,3,3,8.701789597489904,3,3,5,4,common_geometry_preserving_candidate_capacity,False
coronacases_001,final_outer_cv,C100_DIS,1.0,dispersed,7,1.8132825463079307,GLOBAL_GEOMETRY_RESOLVABLE,dispersed,True,4,4,10.41482925823555,4,4,5,4,common_geometry_preserving_candidate_capacity,False
coronacases_001,final_outer_cv,C100_DIS,1.0,dispersed,8,2.5760437913309406,GLOBAL_GEOMETRY_RESOLVABLE,dispersed,True,3,3,10.195542877118251,3,3,4,4,common_geometry_preserving_candidate_capacity,False
coronacases_001,final_outer_cv,C100_DIS,1.0,dispersed,9,0.1005189237627222,GLOBAL_RESOLUTION_LIMITED,neutral_physical_bank_prefix,False,17,1,1.5,39,39,39,39,physical_neutral_bank,True
coronacases_001,final_outer_cv,C100_DIS,1.0,dispersed,10,0.4060176136298193,GLOBAL_GEOMETRY_RESOLVABLE,dispersed,True,2,2,9.486832980505138,2,2,5,5,common_geometry_preserving_candidate_capacity,False
coronacases_001,final_outer_cv,C100_DIS,1.0,dispersed,11,31.682513591722337,GLOBAL_GEOMETRY_RESOLVABLE,dispersed,True,3,3,42.13399278740289,3,3,4,4,common_geometry_preserving_candidate_capacity,False
coronacases_001,final_outer_cv,C100_DIS,1.0,dispersed,12,0.3692263735598033,GLOBAL_GEOMETRY_RESOLVABLE,dispersed,True,3,3,6.184658438426491,3,4,5,3,common_geometry_preserving_candidate_capacity,False
coronacases_001,final_outer_cv,C100_DIS,1.0,dispersed,14,0.771959055040514,GLOBAL_GEOMETRY_RESOLVABLE,dispersed,True,3,3,8.63950323522004,3,3,5,4,common_geometry_preserving_candidate_capacity,False
coronacases_001,final_outer_cv,C100_DIS,1.0,dispersed,15,0.1616186617361416,GLOBAL_GEOMETRY_RESOLVABLE,dispersed,True,3,3,4.965053297900375,3,3,5,3,common_geometry_preserving_candidate_capacity,False
coronacases_001,final_outer_cv,C100_DIS,1.0,dispersed,16,0.6576434162515358,GLOBAL_GEOMETRY_RESOLVABLE,dispersed,True,4,4,6.732771570173609,4,4,5,4,common_geometry_preserving_candidate_capacity,False
coronacases_001,final_outer_cv,C100_DIS,1.0,dispersed,17,0.1373101638327382,GLOBAL_RESOLUTION_LIMITED,neutral_physical_bank_prefix,False,17,1,1.5,43,43,43,43,physical_neutral_bank,True
coronacases_001,final_outer_cv,C100_DIS,1.0,dispersed,21,0.4598905008751998,GLOBAL_GEOMETRY_RESOLVABLE,dispersed,True,3,3,6.433978400210179,3,3,5,3,common_geometry_preserving_candidate_capacity,False
coronacases_001,final_outer_cv,C100_DIS,1.0,dispersed,23,1.1470983064687128,GLOBAL_GEOMETRY_RESOLVABLE,dispersed,True,3,3,10.354334875184472,3,3,5,3,common_geometry_preserving_candidate_capacity,False
coronacases_001,final_outer_cv,C100_DIS,1.0,dispersed,24,0.1911830510781187,GLOBAL_GEOMETRY_RESOLVABLE,dispersed,True,3,3,3.8172068075839793,3,4,5,3,common_geometry_preserving_candidate_capacity,False
coronacases_001,final_outer_cv,C100_DIS,1.0,dispersed,25,56.20650304410728,GLOBAL_GEOMETRY_RESOLVABLE,dispersed,True,3,3,49.081488743593106,3,3,5,4,common_geometry_preserving_candidate_capacity,False
coronacases_001,final_outer_cv,C100_DIS,1.0,dispersed,26,51.29618646761979,GLOBAL_GEOMETRY_RESOLVABLE,dispersed,True,3,3,46.91268465250008,3,3,5,5,common_geometry_preserving_candidate_capacity,False
coronacases_001,final_outer_cv,C100_DIS,1.0,dispersed,27,0.1090597473504045,GLOBAL_GEOMETRY_RESOLVABLE,dispersed,True,3,3,6.41439347309558,3,3,5,4,common_geometry_preserving_candidate_capacity,False
coronacases_001,final_outer_cv,C100_DIS,1.0,dispersed,28,2.795477258891393,GLOBAL_GEOMETRY_RESOLVABLE,dispersed,True,3,3,16.237378881101986,3,3,5,5,common_geometry_preserving_candidate_capacity,False
coronacases_001,final_outer_cv,C100_DIS,1.0,dispersed,29,0.8534253723384065,GLOBAL_GEOMETRY_RESOLVABLE,dispersed,True,2,2,11.423659658795863,2,2,4,3,common_geometry_preserving_candidate_capacity,False
coronacases_001,final_outer_cv,C100_DIS,1.0,dispersed,30,0.3383480113581827,GLOBAL_GEOMETRY_RESOLVABLE,dispersed,True,2,2,8.48528137423857,2,2,5,5,common_geometry_preserving_candidate_capacity,False
coronacases_001,final_outer_cv,C100_DIS,1.0,dispersed,31,0.1741014039027542,GLOBAL_GEOMETRY_RESOLVABLE,dispersed,True,2,2,5.408326913195984,2,2,4,5,common_geometry_preserving_candidate_capacity,False
coronacases_001,final_outer_cv,C100_DIS,1.0,dispersed,32,7.16378003077597,GLOBAL_GEOMETRY_RESOLVABLE,dispersed,True,3,3,25.15441496631222,3,3,5,4,common_geometry_preserving_candidate_capacity,False
coronacases_001,final_outer_cv,C100_DIS,1.0,dispersed,33,0.3869650071649896,GLOBAL_GEOMETRY_RESOLVABLE,dispersed,True,3,3,5.408326913195984,3,3,4,4,common_geometry_preserving_candidate_capacity,False
coronacases_001,final_outer_cv,C100_DIS,1.0,dispersed,35,5.336700769441784,GLOBAL_GEOMETRY_RESOLVABLE,dispersed,True,4,4,20.300434133407162,4,4,5,5,common_geometry_preserving_candidate_capacity,False
coronacases_001,final_outer_cv,C100_DIS,1.0,dispersed,37,6.659871439102715,GLOBAL_GEOMETRY_RESOLVABLE,dispersed,True,3,3,28.49142084544413,3,3,5,4,common_geometry_preserving_candidate_capacity,False
coronacases_001,final_outer_cv,C100_DIS,1.0,dispersed,38,0.2647655312181508,GLOBAL_GEOMETRY_RESOLVABLE,dispersed,True,2,2,8.74642784226795,2,2,4,3,common_geometry_preserving_candidate_capacity,False
coronacases_001,final_outer_cv,C100_DIS,1.0,dispersed,39,12.372368446402518,GLOBAL_GEOMETRY_RESOLVABLE,dispersed,True,4,4,22.343168133619272,4,4,5,4,common_geometry_preserving_candidate_capacity,False
coronacases_001,final_outer_cv,C100_DIS,1.0,dispersed,40,0.3547726721037256,GLOBAL_GEOMETRY_RESOLVABLE,dispersed,True,3,3,6.298133679031242,3,4,5,3,common_geometry_preserving_candidate_capacity,False
coronacases_001,final_outer_cv,C100_DIS,1.0,dispersed,42,0.2168055218411656,GLOBAL_GEOMETRY_RESOLVABLE,dispersed,True,3,3,3.8172068075839793,3,3,5,5,common_geometry_preserving_candidate_capacity,False
coronacases_001,final_outer_cv,C100_DIS,1.0,dispersed,43,5.407655303862528,GLOBAL_GEOMETRY_RESOLVABLE,dispersed,True,3,3,22.10758338401382,3,5,5,3,common_geometry_preserving_candidate_capacity,False
coronacases_001,final_outer_cv,C100_DIS,1.0,dispersed,44,0.2161485354113439,GLOBAL_RESOLUTION_LIMITED,neutral_physical_bank_prefix,False,16,1,1.5,101,101,101,101,physical_neutral_bank,True
coronacases_001,final_outer_cv,C100_DIS,1.0,dispersed,45,0.185927159639545,GLOBAL_GEOMETRY_RESOLVABLE,dispersed,True,3,3,3.118033988749895,3,3,4,4,common_geometry_preserving_candidate_capacity,False
coronacases_001,final_outer_cv,C100_DIS,1.0,dispersed,46,0.1064318016311176,GLOBAL_GEOMETRY_RESOLVABLE,dispersed,True,3,2,2.414213562373095,3,4,4,3,common_geometry_preserving_candidate_capacity,False
coronacases_001,final_outer_cv,C100_DIS,1.0,dispersed,48,2.476838840427862,GLOBAL_GEOMETRY_RESOLVABLE,dispersed,True,3,3,16.923760650273476,3,3,4,3,common_geometry_preserving_candidate_capacity,False
coronacases_001,final_outer_cv,C100_DIS,1.0,dispersed,50,0.1261413945257691,GLOBAL_GEOMETRY_RESOLVABLE,dispersed,True,3,2,4.038843615231785,3,3,4,3,common_geometry_preserving_candidate_capacity,False
coronacases_001,final_outer_cv,C100_DIS,1.0,dispersed,51,0.6103403933043724,GLOBAL_GEOMETRY_RESOLVABLE,dispersed,True,2,2,12.0,2,2,5,4,common_geometry_preserving_candidate_capacity,False
coronacases_001,final_outer_cv,C100_DIS,1.0,dispersed,53,0.1754153767623976,GLOBAL_GEOMETRY_RESOLVABLE,dispersed,True,2,2,6.87386354243376,2,2,4,4,common_geometry_preserving_candidate_capacity,False
coronacases_001,final_outer_cv,C100_DIS,1.0,dispersed,55,0.2154915489815222,GLOBAL_GEOMETRY_RESOLVABLE,dispersed,True,3,2,3.460812848891379,3,3,4,4,common_geometry_preserving_candidate_capacity,False
coronacases_001,final_outer_cv,C100_DIS,1.0,dispersed,56,0.5157343474100455,GLOBAL_GEOMETRY_RESOLVABLE,dispersed,True,3,3,9.244562646538029,3,3,5,4,common_geometry_preserving_candidate_capacity,False
coronacases_001,final_outer_cv,C100_FRG,1.0,fragmented,1,197.84095155793204,GLOBAL_GEOMETRY_RESOLVABLE,fragmented,True,2,2,93.21748762973608,2,2,5,4,common_geometry_preserving_candidate_capacity,False
coronacases_001,final_outer_cv,C100_FRG,1.0,fragmented,2,33.67581041980142,GLOBAL_GEOMETRY_RESOLVABLE,fragmented,True,3,3,42.69796749463256,3,3,5,4,common_geometry_preserving_candidate_capacity,False
coronacases_001,final_outer_cv,C100_FRG,1.0,fragmented,3,0.4677743380330604,GLOBAL_GEOMETRY_RESOLVABLE,fragmented,True,3,3,5.854860063735631,3,3,5,4,common_geometry_preserving_candidate_capacity,False
coronacases_001,final_outer_cv,C100_FRG,1.0,fragmented,4,0.144537014560777,GLOBAL_RESOLUTION_LIMITED,neutral_physical_bank_prefix,False,17,1,1.5,42,42,42,42,physical_neutral_bank,True
coronacases_001,final_outer_cv,C100_FRG,1.0,fragmented,6,0.6254510811902718,GLOBAL_GEOMETRY_RESOLVABLE,fragmented,True,3,3,5.854860063735631,3,3,5,4,common_geometry_preserving_candidate_capacity,False
coronacases_001,final_outer_cv,C100_FRG,1.0,fragmented,7,1.8132825463079307,GLOBAL_GEOMETRY_RESOLVABLE,fragmented,True,4,3,5.996540211665006,4,4,5,4,common_geometry_preserving_candidate_capacity,False
coronacases_001,final_outer_cv,C100_FRG,1.0,fragmented,8,2.5760437913309406,GLOBAL_GEOMETRY_RESOLVABLE,fragmented,True,3,3,10.195542877118251,3,3,4,4,common_geometry_preserving_candidate_capacity,False
coronacases_001,final_outer_cv,C100_FRG,1.0,fragmented,9,0.1005189237627222,GLOBAL_RESOLUTION_LIMITED,neutral_physical_bank_prefix,False,17,1,1.5,39,39,39,39,physical_neutral_bank,True
coronacases_001,final_outer_cv,C100_FRG,1.0,fragmented,10,0.4060176136298193,GLOBAL_GEOMETRY_RESOLVABLE,fragmented,True,2,2,6.708203932499369,2,2,5,5,common_geometry_preserving_candidate_capacity,False
coronacases_001,final_outer_cv,C100_FRG,1.0,fragmented,11,31.682513591722337,GLOBAL_GEOMETRY_RESOLVABLE,fragmented,True,3,3,34.129123401368936,3,3,4,4,common_geometry_preserving_candidate_capacity,False
coronacases_001,final_outer_cv,C100_FRG,1.0,fragmented,12,0.3692263735598033,GLOBAL_GEOMETRY_RESOLVABLE,fragmented,True,3,3,4.5,3,4,5,3,common_geometry_preserving_candidate_capacity,False
coronacases_001,final_outer_cv,C100_FRG,1.0,fragmented,14,0.771959055040514,GLOBAL_GEOMETRY_RESOLVABLE,fragmented,True,3,3,6.35917360311745,3,3,5,4,common_geometry_preserving_candidate_capacity,False
coronacases_001,final_outer_cv,C100_FRG,1.0,fragmented,15,0.1616186617361416,GLOBAL_GEOMETRY_RESOLVABLE,fragmented,True,3,3,4.40956595483038,3,3,5,3,common_geometry_preserving_candidate_capacity,False
coronacases_001,final_outer_cv,C100_FRG,1.0,fragmented,16,0.6576434162515358,GLOBAL_GEOMETRY_RESOLVABLE,fragmented,True,4,3,4.5275972182367195,4,4,5,4,common_geometry_preserving_candidate_capacity,False
coronacases_001,final_outer_cv,C100_FRG,1.0,fragmented,17,0.1373101638327382,GLOBAL_RESOLUTION_LIMITED,neutral_physical_bank_prefix,False,17,1,1.5,43,43,43,43,physical_neutral_bank,True
coronacases_001,final_outer_cv,C100_FRG,1.0,fragmented,21,0.4598905008751998,GLOBAL_GEOMETRY_RESOLVABLE,fragmented,True,3,3,6.156684018705007,3,3,5,3,common_geometry_preserving_candidate_capacity,False
coronacases_001,final_outer_cv,C100_FRG,1.0,fragmented,23,1.1470983064687128,GLOBAL_GEOMETRY_RESOLVABLE,fragmented,True,3,3,8.634553419525522,3,3,5,3,common_geometry_preserving_candidate_capacity,False
coronacases_001,final_outer_cv,C100_FRG,1.0,fragmented,24,0.1911830510781187,GLOBAL_GEOMETRY_RESOLVABLE,fragmented,True,3,2,2.53224755112299,3,4,5,3,common_geometry_preserving_candidate_capacity,False
coronacases_001,final_outer_cv,C100_FRG,1.0,fragmented,25,56.20650304410728,GLOBAL_GEOMETRY_RESOLVABLE,fragmented,True,3,3,49.081488743593106,3,3,5,4,common_geometry_preserving_candidate_capacity,False
coronacases_001,final_outer_cv,C100_FRG,1.0,fragmented,26,51.29618646761979,GLOBAL_GEOMETRY_RESOLVABLE,fragmented,True,3,3,35.70664772894924,3,3,5,5,common_geometry_preserving_candidate_capacity,False
coronacases_001,final_outer_cv,C100_FRG,1.0,fragmented,27,0.1090597473504045,GLOBAL_GEOMETRY_RESOLVABLE,fragmented,True,3,3,6.29128784747792,3,3,5,4,common_geometry_preserving_candidate_capacity,False
coronacases_001,final_outer_cv,C100_FRG,1.0,fragmented,28,2.795477258891393,GLOBAL_GEOMETRY_RESOLVABLE,fragmented,True,3,3,12.672029976944993,3,3,5,5,common_geometry_preserving_candidate_capacity,False
coronacases_001,final_outer_cv,C100_FRG,1.0,fragmented,29,0.8534253723384065,GLOBAL_GEOMETRY_RESOLVABLE,fragmented,True,2,2,4.743416490252569,2,2,4,3,common_geometry_preserving_candidate_capacity,False
coronacases_001,final_outer_cv,C100_FRG,1.0,fragmented,30,0.3383480113581827,GLOBAL_GEOMETRY_RESOLVABLE,fragmented,True,2,2,5.408326913195984,2,2,5,5,common_geometry_preserving_candidate_capacity,False
coronacases_001,final_outer_cv,C100_FRG,1.0,fragmented,31,0.1741014039027542,GLOBAL_GEOMETRY_RESOLVABLE,fragmented,True,2,2,3.0,2,2,4,5,common_geometry_preserving_candidate_capacity,False
coronacases_001,final_outer_cv,C100_FRG,1.0,fragmented,32,7.16378003077597,GLOBAL_GEOMETRY_RESOLVABLE,fragmented,True,3,3,24.250987394161005,3,3,5,4,common_geometry_preserving_candidate_capacity,False
coronacases_001,final_outer_cv,C100_FRG,1.0,fragmented,33,0.3869650071649896,GLOBAL_GEOMETRY_RESOLVABLE,fragmented,True,3,3,5.408326913195984,3,3,4,4,common_geometry_preserving_candidate_capacity,False
coronacases_001,final_outer_cv,C100_FRG,1.0,fragmented,35,5.336700769441784,GLOBAL_GEOMETRY_RESOLVABLE,fragmented,True,4,3,11.202465059924887,4,4,5,5,common_geometry_preserving_candidate_capacity,False
coronacases_001,final_outer_cv,C100_FRG,1.0,fragmented,37,6.659871439102715,GLOBAL_GEOMETRY_RESOLVABLE,fragmented,True,3,3,24.54017641702886,3,3,5,4,common_geometry_preserving_candidate_capacity,False
coronacases_001,final_outer_cv,C100_FRG,1.0,fragmented,38,0.2647655312181508,GLOBAL_GEOMETRY_RESOLVABLE,fragmented,True,2,2,5.408326913195984,2,2,4,3,common_geometry_preserving_candidate_capacity,False
coronacases_001,final_outer_cv,C100_FRG,1.0,fragmented,39,12.372368446402518,GLOBAL_GEOMETRY_RESOLVABLE,fragmented,True,4,3,11.874866369996615,4,4,5,4,common_geometry_preserving_candidate_capacity,False
coronacases_001,final_outer_cv,C100_FRG,1.0,fragmented,40,0.3547726721037256,GLOBAL_GEOMETRY_RESOLVABLE,fragmented,True,3,3,4.965053297900375,3,4,5,3,common_geometry_preserving_candidate_capacity,False
coronacases_001,final_outer_cv,C100_FRG,1.0,fragmented,42,0.2168055218411656,GLOBAL_GEOMETRY_RESOLVABLE,fragmented,True,3,3,3.118033988749895,3,3,5,5,common_geometry_preserving_candidate_capacity,False
coronacases_001,final_outer_cv,C100_FRG,1.0,fragmented,43,5.407655303862528,GLOBAL_GEOMETRY_RESOLVABLE,fragmented,True,3,3,22.10758338401382,3,5,5,3,common_geometry_preserving_candidate_capacity,False
coronacases_001,final_outer_cv,C100_FRG,1.0,fragmented,44,0.2161485354113439,GLOBAL_RESOLUTION_LIMITED,neutral_physical_bank_prefix,False,16,1,1.5,101,101,101,101,physical_neutral_bank,True
coronacases_001,final_outer_cv,C100_FRG,1.0,fragmented,45,0.185927159639545,GLOBAL_GEOMETRY_RESOLVABLE,fragmented,True,3,2,2.118033988749895,3,3,4,4,common_geometry_preserving_candidate_capacity,False
coronacases_001,final_outer_cv,C100_FRG,1.0,fragmented,46,0.1064318016311176,GLOBAL_GEOMETRY_RESOLVABLE,fragmented,True,3,2,2.414213562373095,3,4,4,3,common_geometry_preserving_candidate_capacity,False
coronacases_001,final_outer_cv,C100_FRG,1.0,fragmented,48,2.476838840427862,GLOBAL_GEOMETRY_RESOLVABLE,fragmented,True,3,3,13.821825380496477,3,3,4,3,common_geometry_preserving_candidate_capacity,False
coronacases_001,final_outer_cv,C100_FRG,1.0,fragmented,50,0.1261413945257691,GLOBAL_GEOMETRY_RESOLVABLE,fragmented,True,3,2,3.3541019662496847,3,3,4,3,common_geometry_preserving_candidate_capacity,False
coronacases_001,final_outer_cv,C100_FRG,1.0,fragmented,51,0.6103403933043724,GLOBAL_GEOMETRY_RESOLVABLE,fragmented,True,2,2,6.708203932499369,2,2,5,4,common_geometry_preserving_candidate_capacity,False
coronacases_001,final_outer_cv,C100_FRG,1.0,fragmented,53,0.1754153767623976,GLOBAL_GEOMETRY_RESOLVABLE,fragmented,True,2,2,4.743416490252569,2,2,4,4,common_geometry_preserving_candidate_capacity,False
coronacases_001,final_outer_cv,C100_FRG,1.0,fragmented,55,0.2154915489815222,GLOBAL_GEOMETRY_RESOLVABLE,fragmented,True,3,2,3.460812848891379,3,3,4,4,common_geometry_preserving_candidate_capacity,False
coronacases_001,final_outer_cv,C100_FRG,1.0,fragmented,56,0.5157343474100455,GLOBAL_GEOMETRY_RESOLVABLE,fragmented,True,3,3,5.977725364273732,3,3,5,4,common_geometry_preserving_candidate_capacity,False
coronacases_001,final_outer_cv,C50_COH,0.5,coherent,1,197.84095155793204,GLOBAL_GEOMETRY_RESOLVABLE,coherent,True,5,1,1.5,5,5,10,6,common_geometry_preserving_candidate_capacity,False
coronacases_001,final_outer_cv,C50_COH,0.5,coherent,3,0.4677743380330604,GLOBAL_GEOMETRY_RESOLVABLE,coherent,True,6,1,1.5,6,6,9,7,common_geometry_preserving_candidate_capacity,False
coronacases_001,final_outer_cv,C50_COH,0.5,coherent,4,0.144537014560777,GLOBAL_RESOLUTION_LIMITED,neutral_physical_bank_prefix,False,42,1,1.5,42,42,42,42,physical_neutral_bank,True
coronacases_001,final_outer_cv,C50_COH,0.5,coherent,6,0.6254510811902718,GLOBAL_GEOMETRY_RESOLVABLE,coherent,True,6,1,1.5,6,6,9,7,common_geometry_preserving_candidate_capacity,False
coronacases_001,final_outer_cv,C50_COH,0.5,coherent,7,1.8132825463079307,GLOBAL_GEOMETRY_RESOLVABLE,coherent,True,5,1,1.7485281374238568,5,5,9,6,common_geometry_preserving_candidate_capacity,False
coronacases_001,final_outer_cv,C50_COH,0.5,coherent,10,0.4060176136298193,GLOBAL_GEOMETRY_RESOLVABLE,coherent,True,4,1,1.5,4,4,10,9,common_geometry_preserving_candidate_capacity,False
coronacases_001,final_outer_cv,C50_COH,0.5,coherent,14,0.771959055040514,GLOBAL_GEOMETRY_RESOLVABLE,coherent,True,5,1,1.5,5,5,9,6,common_geometry_preserving_candidate_capacity,False
coronacases_001,final_outer_cv,C50_COH,0.5,coherent,15,0.1616186617361416,GLOBAL_GEOMETRY_RESOLVABLE,coherent,True,5,1,1.5,5,6,8,5,common_geometry_preserving_candidate_capacity,False
coronacases_001,final_outer_cv,C50_COH,0.5,coherent,16,0.6576434162515358,GLOBAL_GEOMETRY_RESOLVABLE,coherent,True,6,1,1.5,6,6,9,6,common_geometry_preserving_candidate_capacity,False
coronacases_001,final_outer_cv,C50_COH,0.5,coherent,17,0.1373101638327382,GLOBAL_RESOLUTION_LIMITED,neutral_physical_bank_prefix,False,43,1,1.5,43,43,43,43,physical_neutral_bank,True
coronacases_001,final_outer_cv,C50_COH,0.5,coherent,21,0.4598905008751998,GLOBAL_GEOMETRY_RESOLVABLE,coherent,True,5,1,1.5,5,6,9,5,common_geometry_preserving_candidate_capacity,False
coronacases_001,final_outer_cv,C50_COH,0.5,coherent,23,1.1470983064687128,GLOBAL_GEOMETRY_RESOLVABLE,coherent,True,5,1,1.870820393249937,5,6,9,5,common_geometry_preserving_candidate_capacity,False
coronacases_001,final_outer_cv,C50_COH,0.5,coherent,24,0.1911830510781187,GLOBAL_GEOMETRY_RESOLVABLE,coherent,True,4,1,1.5,4,4,7,5,common_geometry_preserving_candidate_capacity,False
coronacases_001,final_outer_cv,C50_COH,0.5,coherent,25,56.20650304410728,GLOBAL_GEOMETRY_RESOLVABLE,coherent,True,6,1,1.5,6,6,9,6,common_geometry_preserving_candidate_capacity,False
coronacases_001,final_outer_cv,C50_COH,0.5,coherent,26,51.29618646761979,GLOBAL_GEOMETRY_RESOLVABLE,coherent,True,5,1,1.5,5,5,9,8,common_geometry_preserving_candidate_capacity,False
coronacases_001,final_outer_cv,C50_COH,0.5,coherent,27,0.1090597473504045,GLOBAL_GEOMETRY_RESOLVABLE,coherent,True,5,1,1.5,5,6,9,5,common_geometry_preserving_candidate_capacity,False
coronacases_001,final_outer_cv,C50_COH,0.5,coherent,28,2.795477258891393,GLOBAL_GEOMETRY_RESOLVABLE,coherent,True,4,1,1.5,4,4,9,8,common_geometry_preserving_candidate_capacity,False
coronacases_001,final_outer_cv,C50_COH,0.5,coherent,30,0.3383480113581827,GLOBAL_GEOMETRY_RESOLVABLE,coherent,True,4,1,1.875,4,4,10,7,common_geometry_preserving_candidate_capacity,False
coronacases_001,final_outer_cv,C50_COH,0.5,coherent,31,0.1741014039027542,GLOBAL_GEOMETRY_RESOLVABLE,coherent,True,4,1,1.5,4,4,7,6,common_geometry_preserving_candidate_capacity,False
coronacases_001,final_outer_cv,C50_COH,0.5,coherent,32,7.16378003077597,GLOBAL_GEOMETRY_RESOLVABLE,coherent,True,4,1,1.5,4,4,10,6,common_geometry_preserving_candidate_capacity,False
coronacases_001,final_outer_cv,C50_COH,0.5,coherent,37,6.659871439102715,GLOBAL_GEOMETRY_RESOLVABLE,coherent,True,4,1,1.5,4,4,9,8,common_geometry_preserving_candidate_capacity,False
coronacases_001,final_outer_cv,C50_COH,0.5,coherent,51,0.6103403933043724,GLOBAL_GEOMETRY_RESOLVABLE,coherent,True,3,1,1.5,3,3,9,5,common_geometry_preserving_candidate_capacity,False
coronacases_001,final_outer_cv,C50_DIS,0.5,dispersed,1,197.84095155793204,GLOBAL_GEOMETRY_RESOLVABLE,dispersed,True,5,5,61.55150484393304,5,5,10,6,common_geometry_preserving_candidate_capacity,False
coronacases_001,final_outer_cv,C50_DIS,0.5,dispersed,3,0.4677743380330604,GLOBAL_GEOMETRY_RESOLVABLE,dispersed,True,6,5,4.636015109176129,6,6,9,7,common_geometry_preserving_candidate_capacity,False
coronacases_001,final_outer_cv,C50_DIS,0.5,dispersed,4,0.144537014560777,GLOBAL_RESOLUTION_LIMITED,neutral_physical_bank_prefix,False,42,1,1.5,42,42,42,42,physical_neutral_bank,True
coronacases_001,final_outer_cv,C50_DIS,0.5,dispersed,6,0.6254510811902718,GLOBAL_GEOMETRY_RESOLVABLE,dispersed,True,6,6,6.123105625617659,6,6,9,7,common_geometry_preserving_candidate_capacity,False
coronacases_001,final_outer_cv,C50_DIS,0.5,dispersed,7,1.8132825463079307,GLOBAL_GEOMETRY_RESOLVABLE,dispersed,True,5,5,9.4645028402014,5,5,9,6,common_geometry_preserving_candidate_capacity,False
coronacases_001,final_outer_cv,C50_DIS,0.5,dispersed,10,0.4060176136298193,GLOBAL_GEOMETRY_RESOLVABLE,dispersed,True,4,4,6.18465843842649,4,4,10,9,common_geometry_preserving_candidate_capacity,False
coronacases_001,final_outer_cv,C50_DIS,0.5,dispersed,14,0.771959055040514,GLOBAL_GEOMETRY_RESOLVABLE,dispersed,True,5,5,6.764595962508632,5,5,9,6,common_geometry_preserving_candidate_capacity,False
coronacases_001,final_outer_cv,C50_DIS,0.5,dispersed,15,0.1616186617361416,GLOBAL_GEOMETRY_RESOLVABLE,dispersed,True,5,2,2.7787216574869107,5,6,8,5,common_geometry_preserving_candidate_capacity,False
coronacases_001,final_outer_cv,C50_DIS,0.5,dispersed,16,0.6576434162515358,GLOBAL_GEOMETRY_RESOLVABLE,dispersed,True,6,6,5.955765028725062,6,6,9,6,common_geometry_preserving_candidate_capacity,False
coronacases_001,final_outer_cv,C50_DIS,0.5,dispersed,17,0.1373101638327382,GLOBAL_RESOLUTION_LIMITED,neutral_physical_bank_prefix,False,43,1,1.5,43,43,43,43,physical_neutral_bank,True
coronacases_001,final_outer_cv,C50_DIS,0.5,dispersed,21,0.4598905008751998,GLOBAL_GEOMETRY_RESOLVABLE,dispersed,True,5,5,5.408326913195984,5,6,9,5,common_geometry_preserving_candidate_capacity,False
coronacases_001,final_outer_cv,C50_DIS,0.5,dispersed,23,1.1470983064687128,GLOBAL_GEOMETRY_RESOLVABLE,dispersed,True,5,5,8.01387938639778,5,6,9,5,common_geometry_preserving_candidate_capacity,False
coronacases_001,final_outer_cv,C50_DIS,0.5,dispersed,24,0.1911830510781187,GLOBAL_GEOMETRY_RESOLVABLE,dispersed,True,4,3,2.7377111549046633,4,4,7,5,common_geometry_preserving_candidate_capacity,False
coronacases_001,final_outer_cv,C50_DIS,0.5,dispersed,25,56.20650304410728,GLOBAL_GEOMETRY_RESOLVABLE,dispersed,True,6,6,36.09835885752732,6,6,9,6,common_geometry_preserving_candidate_capacity,False
coronacases_001,final_outer_cv,C50_DIS,0.5,dispersed,26,51.29618646761979,GLOBAL_GEOMETRY_RESOLVABLE,dispersed,True,5,5,38.872695254644235,5,5,9,8,common_geometry_preserving_candidate_capacity,False
coronacases_001,final_outer_cv,C50_DIS,0.5,dispersed,27,0.1090597473504045,GLOBAL_GEOMETRY_RESOLVABLE,dispersed,True,5,5,5.281665382639197,5,6,9,5,common_geometry_preserving_candidate_capacity,False
coronacases_001,final_outer_cv,C50_DIS,0.5,dispersed,28,2.795477258891393,GLOBAL_GEOMETRY_RESOLVABLE,dispersed,True,4,4,14.500242575897289,4,4,9,8,common_geometry_preserving_candidate_capacity,False
coronacases_001,final_outer_cv,C50_DIS,0.5,dispersed,30,0.3383480113581827,GLOBAL_GEOMETRY_RESOLVABLE,dispersed,True,4,4,5.473215592731465,4,4,10,7,common_geometry_preserving_candidate_capacity,False
coronacases_001,final_outer_cv,C50_DIS,0.5,dispersed,31,0.1741014039027542,GLOBAL_GEOMETRY_RESOLVABLE,dispersed,True,4,4,3.1770509831248424,4,4,7,6,common_geometry_preserving_candidate_capacity,False
coronacases_001,final_outer_cv,C50_DIS,0.5,dispersed,32,7.16378003077597,GLOBAL_GEOMETRY_RESOLVABLE,dispersed,True,4,4,22.13217688421578,4,4,10,6,common_geometry_preserving_candidate_capacity,False
coronacases_001,final_outer_cv,C50_DIS,0.5,dispersed,37,6.659871439102715,GLOBAL_GEOMETRY_RESOLVABLE,dispersed,True,4,4,23.414737573918032,4,4,9,8,common_geometry_preserving_candidate_capacity,False
coronacases_001,final_outer_cv,C50_DIS,0.5,dispersed,51,0.6103403933043724,GLOBAL_GEOMETRY_RESOLVABLE,dispersed,True,3,3,8.201562118716424,3,3,9,5,common_geometry_preserving_candidate_capacity,False
coronacases_001,final_outer_cv,C50_FRG,0.5,fragmented,1,197.84095155793204,GLOBAL_GEOMETRY_RESOLVABLE,fragmented,True,5,3,19.843497525947217,5,5,10,6,common_geometry_preserving_candidate_capacity,False
coronacases_001,final_outer_cv,C50_FRG,0.5,fragmented,3,0.4677743380330604,GLOBAL_GEOMETRY_RESOLVABLE,fragmented,True,6,3,1.5,6,6,9,7,common_geometry_preserving_candidate_capacity,False
coronacases_001,final_outer_cv,C50_FRG,0.5,fragmented,4,0.144537014560777,GLOBAL_RESOLUTION_LIMITED,neutral_physical_bank_prefix,False,42,1,1.5,42,42,42,42,physical_neutral_bank,True
coronacases_001,final_outer_cv,C50_FRG,0.5,fragmented,6,0.6254510811902718,GLOBAL_GEOMETRY_RESOLVABLE,fragmented,True,6,3,1.5,6,6,9,7,common_geometry_preserving_candidate_capacity,False
coronacases_001,final_outer_cv,C50_FRG,0.5,fragmented,7,1.8132825463079307,GLOBAL_GEOMETRY_RESOLVABLE,fragmented,True,5,3,3.543074902771996,5,5,9,6,common_geometry_preserving_candidate_capacity,False
coronacases_001,final_outer_cv,C50_FRG,0.5,fragmented,10,0.4060176136298193,GLOBAL_GEOMETRY_RESOLVABLE,fragmented,True,4,3,3.0,4,4,10,9,common_geometry_preserving_candidate_capacity,False
coronacases_001,final_outer_cv,C50_FRG,0.5,fragmented,14,0.771959055040514,GLOBAL_GEOMETRY_RESOLVABLE,fragmented,True,5,3,2.3224972160321826,5,5,9,6,common_geometry_preserving_candidate_capacity,False
coronacases_001,final_outer_cv,C50_FRG,0.5,fragmented,15,0.1616186617361416,GLOBAL_GEOMETRY_RESOLVABLE,fragmented,True,5,3,1.870820393249937,5,6,8,5,common_geometry_preserving_candidate_capacity,False
coronacases_001,final_outer_cv,C50_FRG,0.5,fragmented,16,0.6576434162515358,GLOBAL_GEOMETRY_RESOLVABLE,fragmented,True,6,3,2.3106601717798214,6,6,9,6,common_geometry_preserving_candidate_capacity,False
coronacases_001,final_outer_cv,C50_FRG,0.5,fragmented,17,0.1373101638327382,GLOBAL_RESOLUTION_LIMITED,neutral_physical_bank_prefix,False,43,1,1.5,43,43,43,43,physical_neutral_bank,True
coronacases_001,final_outer_cv,C50_FRG,0.5,fragmented,21,0.4598905008751998,GLOBAL_GEOMETRY_RESOLVABLE,fragmented,True,5,3,2.1,5,6,9,5,common_geometry_preserving_candidate_capacity,False
coronacases_001,final_outer_cv,C50_FRG,0.5,fragmented,23,1.1470983064687128,GLOBAL_GEOMETRY_RESOLVABLE,fragmented,True,5,3,2.7,5,6,9,5,common_geometry_preserving_candidate_capacity,False
coronacases_001,final_outer_cv,C50_FRG,0.5,fragmented,24,0.1911830510781187,GLOBAL_GEOMETRY_RESOLVABLE,fragmented,True,4,2,1.9635254915624212,4,4,7,5,common_geometry_preserving_candidate_capacity,False
coronacases_001,final_outer_cv,C50_FRG,0.5,fragmented,25,56.20650304410728,GLOBAL_GEOMETRY_RESOLVABLE,fragmented,True,6,3,9.222609359550987,6,6,9,6,common_geometry_preserving_candidate_capacity,False
coronacases_001,final_outer_cv,C50_FRG,0.5,fragmented,26,51.29618646761979,GLOBAL_GEOMETRY_RESOLVABLE,fragmented,True,5,3,9.410359310042406,5,5,9,8,common_geometry_preserving_candidate_capacity,False
coronacases_001,final_outer_cv,C50_FRG,0.5,fragmented,27,0.1090597473504045,GLOBAL_GEOMETRY_RESOLVABLE,fragmented,True,5,3,2.4,5,6,9,5,common_geometry_preserving_candidate_capacity,False
coronacases_001,final_outer_cv,C50_FRG,0.5,fragmented,28,2.795477258891393,GLOBAL_GEOMETRY_RESOLVABLE,fragmented,True,4,3,6.796693311223912,4,4,9,8,common_geometry_preserving_candidate_capacity,False
coronacases_001,final_outer_cv,C50_FRG,0.5,fragmented,30,0.3383480113581827,GLOBAL_GEOMETRY_RESOLVABLE,fragmented,True,4,3,3.0,4,4,10,7,common_geometry_preserving_candidate_capacity,False
coronacases_001,final_outer_cv,C50_FRG,0.5,fragmented,31,0.1741014039027542,GLOBAL_GEOMETRY_RESOLVABLE,fragmented,True,4,2,1.5,4,4,7,6,common_geometry_preserving_candidate_capacity,False
coronacases_001,final_outer_cv,C50_FRG,0.5,fragmented,32,7.16378003077597,GLOBAL_GEOMETRY_RESOLVABLE,fragmented,True,4,3,13.170259426754466,4,4,10,6,common_geometry_preserving_candidate_capacity,False
coronacases_001,final_outer_cv,C50_FRG,0.5,fragmented,37,6.659871439102715,GLOBAL_GEOMETRY_RESOLVABLE,fragmented,True,4,3,12.271718621802913,4,4,9,8,common_geometry_preserving_candidate_capacity,False
coronacases_001,final_outer_cv,C50_FRG,0.5,fragmented,51,0.6103403933043724,GLOBAL_GEOMETRY_RESOLVABLE,fragmented,True,3,3,6.478708664619075,3,3,9,5,common_geometry_preserving_candidate_capacity,False
coronacases_002,final_outer_cv,C100_COH,1.0,coherent,1,15.839381217956545,GLOBAL_GEOMETRY_RESOLVABLE,coherent,True,4,1,1.5,4,4,10,5,common_geometry_preserving_candidate_capacity,False
coronacases_002,final_outer_cv,C100_COH,1.0,coherent,2,28.66677761077881,GLOBAL_GEOMETRY_RESOLVABLE,coherent,True,6,1,1.5,6,6,11,7,common_geometry_preserving_candidate_capacity,False
coronacases_002,final_outer_cv,C100_COH,1.0,coherent,3,24.04120445251465,GLOBAL_GEOMETRY_RESOLVABLE,coherent,True,4,1,1.6553300858899105,4,4,10,7,common_geometry_preserving_candidate_capacity,False
coronacases_002,final_outer_cv,C100_COH,1.0,coherent,4,0.4654312133789062,GLOBAL_GEOMETRY_RESOLVABLE,coherent,True,3,1,1.5,3,3,10,4,common_geometry_preserving_candidate_capacity,False
coronacases_002,final_outer_cv,C100_COH,1.0,coherent,5,0.8572626113891602,GLOBAL_GEOMETRY_RESOLVABLE,coherent,True,6,1,1.8090169943749475,6,6,10,7,common_geometry_preserving_candidate_capacity,False
coronacases_002,final_outer_cv,C100_COH,1.0,coherent,6,0.4359912872314453,GLOBAL_GEOMETRY_RESOLVABLE,coherent,True,4,1,2.25,4,4,11,7,common_geometry_preserving_candidate_capacity,False
coronacases_002,final_outer_cv,C100_COH,1.0,coherent,7,3.1500720977783203,GLOBAL_GEOMETRY_RESOLVABLE,coherent,True,5,1,1.7485281374238568,5,5,10,7,common_geometry_preserving_candidate_capacity,False
coronacases_002,final_outer_cv,C100_COH,1.0,coherent,8,22.78229713439941,GLOBAL_GEOMETRY_RESOLVABLE,coherent,True,6,1,1.5,6,6,10,6,common_geometry_preserving_candidate_capacity,False
coronacases_002,final_outer_cv,C100_COH,1.0,coherent,9,3.829994201660156,GLOBAL_GEOMETRY_RESOLVABLE,coherent,True,4,1,1.8106601717798212,4,4,10,6,common_geometry_preserving_candidate_capacity,False
coronacases_002,final_outer_cv,C100_COH,1.0,coherent,10,4.347295761108398,GLOBAL_GEOMETRY_RESOLVABLE,coherent,True,5,1,1.5,5,5,10,6,common_geometry_preserving_candidate_capacity,False
coronacases_002,final_outer_cv,C100_COH,1.0,coherent,11,0.1093482971191406,GLOBAL_RESOLUTION_LIMITED,neutral_physical_bank_prefix,False,11,1,1.5,41,41,41,41,physical_neutral_bank,True
coronacases_002,final_outer_cv,C100_COH,1.0,coherent,12,0.3399610519409179,GLOBAL_GEOMETRY_RESOLVABLE,coherent,True,6,1,1.75,6,8,11,6,common_geometry_preserving_candidate_capacity,False
coronacases_002,final_outer_cv,C100_COH,1.0,coherent,13,1.0072660446166992,GLOBAL_GEOMETRY_RESOLVABLE,coherent,True,6,1,1.8090169943749475,6,6,10,8,common_geometry_preserving_candidate_capacity,False
coronacases_002,final_outer_cv,C100_COH,1.0,coherent,14,0.1682281494140625,GLOBAL_GEOMETRY_RESOLVABLE,coherent,True,3,1,1.5,3,3,10,6,common_geometry_preserving_candidate_capacity,False
coronacases_002,final_outer_cv,C100_COH,1.0,coherent,15,0.7114648818969727,GLOBAL_GEOMETRY_RESOLVABLE,coherent,True,6,1,1.5,6,7,11,6,common_geometry_preserving_candidate_capacity,False
coronacases_002,final_outer_cv,C100_COH,1.0,coherent,16,21.999335289001465,GLOBAL_GEOMETRY_RESOLVABLE,coherent,True,6,1,1.6035533905932737,6,8,11,6,common_geometry_preserving_candidate_capacity,False
coronacases_002,final_outer_cv,C100_COH,1.0,coherent,17,0.2537441253662109,GLOBAL_GEOMETRY_RESOLVABLE,coherent,True,6,1,1.75,6,6,10,7,common_geometry_preserving_candidate_capacity,False
coronacases_002,final_outer_cv,C100_COH,1.0,coherent,18,0.3960371017456054,GLOBAL_GEOMETRY_RESOLVABLE,coherent,True,6,1,1.8090169943749475,6,6,11,8,common_geometry_preserving_candidate_capacity,False
coronacases_002,final_outer_cv,C100_COH,1.0,coherent,19,2.599825859069824,GLOBAL_GEOMETRY_RESOLVABLE,coherent,True,5,1,1.8727922061357856,5,5,11,6,common_geometry_preserving_candidate_capacity,False
coronacases_002,final_outer_cv,C100_COH,1.0,coherent,20,5.25853157043457,GLOBAL_GEOMETRY_RESOLVABLE,coherent,True,4,1,1.875,4,7,10,4,common_geometry_preserving_candidate_capacity,False
coronacases_002,final_outer_cv,C100_COH,1.0,coherent,21,1.870136260986328,GLOBAL_GEOMETRY_RESOLVABLE,coherent,True,4,1,1.875,4,4,11,6,common_geometry_preserving_candidate_capacity,False
coronacases_002,final_outer_cv,C100_COH,1.0,coherent,22,28.2216739654541,GLOBAL_GEOMETRY_RESOLVABLE,coherent,True,4,1,1.875,4,6,10,4,common_geometry_preserving_candidate_capacity,False
coronacases_002,final_outer_cv,C100_COH,1.0,coherent,23,1.8259763717651367,GLOBAL_GEOMETRY_RESOLVABLE,coherent,True,5,1,1.7485281374238568,5,5,11,8,common_geometry_preserving_candidate_capacity,False
coronacases_002,final_outer_cv,C100_COH,1.0,coherent,24,4.905252456665039,GLOBAL_GEOMETRY_RESOLVABLE,coherent,True,4,1,1.5,4,4,10,6,common_geometry_preserving_candidate_capacity,False
coronacases_002,final_outer_cv,C100_COH,1.0,coherent,25,16.984033584594727,GLOBAL_GEOMETRY_RESOLVABLE,coherent,True,4,1,1.5,4,4,10,4,common_geometry_preserving_candidate_capacity,False
coronacases_002,final_outer_cv,C100_COH,1.0,coherent,26,0.7780551910400391,GLOBAL_GEOMETRY_RESOLVABLE,coherent,True,6,1,1.5,6,8,10,6,common_geometry_preserving_candidate_capacity,False
coronacases_002,final_outer_cv,C100_COH,1.0,coherent,27,0.1002359390258789,GLOBAL_RESOLUTION_LIMITED,neutral_physical_bank_prefix,False,11,1,1.5,30,30,30,30,physical_neutral_bank,True
coronacases_002,final_outer_cv,C100_DIS,1.0,dispersed,1,15.839381217956545,GLOBAL_GEOMETRY_RESOLVABLE,dispersed,True,4,4,22.79610323875549,4,4,10,5,common_geometry_preserving_candidate_capacity,False
coronacases_002,final_outer_cv,C100_DIS,1.0,dispersed,2,28.66677761077881,GLOBAL_GEOMETRY_RESOLVABLE,dispersed,True,6,6,25.1137393851602,6,6,11,7,common_geometry_preserving_candidate_capacity,False
coronacases_002,final_outer_cv,C100_DIS,1.0,dispersed,3,24.04120445251465,GLOBAL_GEOMETRY_RESOLVABLE,dispersed,True,4,4,29.2829139804758,4,4,10,7,common_geometry_preserving_candidate_capacity,False
coronacases_002,final_outer_cv,C100_DIS,1.0,dispersed,4,0.4654312133789062,GLOBAL_GEOMETRY_RESOLVABLE,dispersed,True,3,3,8.849266422272258,3,3,10,4,common_geometry_preserving_candidate_capacity,False
coronacases_002,final_outer_cv,C100_DIS,1.0,dispersed,5,0.8572626113891602,GLOBAL_GEOMETRY_RESOLVABLE,dispersed,True,6,6,6.5336887678084095,6,6,10,7,common_geometry_preserving_candidate_capacity,False
coronacases_002,final_outer_cv,C100_DIS,1.0,dispersed,6,0.4359912872314453,GLOBAL_GEOMETRY_RESOLVABLE,dispersed,True,4,4,7.768023825005685,4,4,11,7,common_geometry_preserving_candidate_capacity,False
coronacases_002,final_outer_cv,C100_DIS,1.0,dispersed,7,3.1500720977783203,GLOBAL_GEOMETRY_RESOLVABLE,dispersed,True,5,5,12.594365436914405,5,5,10,7,common_geometry_preserving_candidate_capacity,False
coronacases_002,final_outer_cv,C100_DIS,1.0,dispersed,8,22.78229713439941,GLOBAL_GEOMETRY_RESOLVABLE,dispersed,True,6,6,27.43281166623149,6,6,10,6,common_geometry_preserving_candidate_capacity,False
coronacases_002,final_outer_cv,C100_DIS,1.0,dispersed,9,3.829994201660156,GLOBAL_GEOMETRY_RESOLVABLE,dispersed,True,4,4,18.445060854994438,4,4,10,6,common_geometry_preserving_candidate_capacity,False
coronacases_002,final_outer_cv,C100_DIS,1.0,dispersed,10,4.347295761108398,GLOBAL_GEOMETRY_RESOLVABLE,dispersed,True,5,5,12.111090561532873,5,5,10,6,common_geometry_preserving_candidate_capacity,False
coronacases_002,final_outer_cv,C100_DIS,1.0,dispersed,11,0.1093482971191406,GLOBAL_RESOLUTION_LIMITED,neutral_physical_bank_prefix,False,11,1,1.5,41,41,41,41,physical_neutral_bank,True
coronacases_002,final_outer_cv,C100_DIS,1.0,dispersed,12,0.3399610519409179,GLOBAL_GEOMETRY_RESOLVABLE,dispersed,True,6,6,5.004847454889565,6,8,11,6,common_geometry_preserving_candidate_capacity,False
coronacases_002,final_outer_cv,C100_DIS,1.0,dispersed,13,1.0072660446166992,GLOBAL_GEOMETRY_RESOLVABLE,dispersed,True,6,6,7.165403174820021,6,6,10,8,common_geometry_preserving_candidate_capacity,False
coronacases_002,final_outer_cv,C100_DIS,1.0,dispersed,14,0.1682281494140625,GLOBAL_GEOMETRY_RESOLVABLE,dispersed,True,3,3,5.22383047297721,3,3,10,6,common_geometry_preserving_candidate_capacity,False
coronacases_002,final_outer_cv,C100_DIS,1.0,dispersed,15,0.7114648818969727,GLOBAL_GEOMETRY_RESOLVABLE,dispersed,True,6,6,6.955572638964868,6,7,11,6,common_geometry_preserving_candidate_capacity,False
coronacases_002,final_outer_cv,C100_DIS,1.0,dispersed,16,21.999335289001465,GLOBAL_GEOMETRY_RESOLVABLE,dispersed,True,6,6,20.664698168906337,6,8,11,6,common_geometry_preserving_candidate_capacity,False
coronacases_002,final_outer_cv,C100_DIS,1.0,dispersed,17,0.2537441253662109,GLOBAL_GEOMETRY_RESOLVABLE,dispersed,True,6,5,3.9804064244456896,6,6,10,7,common_geometry_preserving_candidate_capacity,False
coronacases_002,final_outer_cv,C100_DIS,1.0,dispersed,18,0.3960371017456054,GLOBAL_GEOMETRY_RESOLVABLE,dispersed,True,6,6,5.4309462104211415,6,6,11,8,common_geometry_preserving_candidate_capacity,False
coronacases_002,final_outer_cv,C100_DIS,1.0,dispersed,19,2.599825859069824,GLOBAL_GEOMETRY_RESOLVABLE,dispersed,True,5,5,10.501625519641385,5,5,11,6,common_geometry_preserving_candidate_capacity,False
coronacases_002,final_outer_cv,C100_DIS,1.0,dispersed,20,5.25853157043457,GLOBAL_GEOMETRY_RESOLVABLE,dispersed,True,4,4,16.025052343558016,4,7,10,4,common_geometry_preserving_candidate_capacity,False
coronacases_002,final_outer_cv,C100_DIS,1.0,dispersed,21,1.870136260986328,GLOBAL_GEOMETRY_RESOLVABLE,dispersed,True,4,4,13.632461039987913,4,4,11,6,common_geometry_preserving_candidate_capacity,False
coronacases_002,final_outer_cv,C100_DIS,1.0,dispersed,22,28.2216739654541,GLOBAL_GEOMETRY_RESOLVABLE,dispersed,True,4,4,44.36467074420909,4,6,10,4,common_geometry_preserving_candidate_capacity,False
coronacases_002,final_outer_cv,C100_DIS,1.0,dispersed,23,1.8259763717651367,GLOBAL_GEOMETRY_RESOLVABLE,dispersed,True,5,5,8.580348979385525,5,5,11,8,common_geometry_preserving_candidate_capacity,False
coronacases_002,final_outer_cv,C100_DIS,1.0,dispersed,24,4.905252456665039,GLOBAL_GEOMETRY_RESOLVABLE,dispersed,True,4,4,16.551702999370832,4,4,10,6,common_geometry_preserving_candidate_capacity,False
coronacases_002,final_outer_cv,C100_DIS,1.0,dispersed,25,16.984033584594727,GLOBAL_GEOMETRY_RESOLVABLE,dispersed,True,4,4,31.015991375611538,4,4,10,4,common_geometry_preserving_candidate_capacity,False
coronacases_002,final_outer_cv,C100_DIS,1.0,dispersed,26,0.7780551910400391,GLOBAL_GEOMETRY_RESOLVABLE,dispersed,True,6,6,6.70554267905104,6,8,10,6,common_geometry_preserving_candidate_capacity,False
coronacases_002,final_outer_cv,C100_DIS,1.0,dispersed,27,0.1002359390258789,GLOBAL_RESOLUTION_LIMITED,neutral_physical_bank_prefix,False,11,1,1.5,30,30,30,30,physical_neutral_bank,True
coronacases_002,final_outer_cv,C100_FRG,1.0,fragmented,1,15.839381217956545,GLOBAL_GEOMETRY_RESOLVABLE,fragmented,True,4,3,10.612071234652063,4,4,10,5,common_geometry_preserving_candidate_capacity,False
coronacases_002,final_outer_cv,C100_FRG,1.0,fragmented,2,28.66677761077881,GLOBAL_GEOMETRY_RESOLVABLE,fragmented,True,6,3,6.422040216394301,6,6,11,7,common_geometry_preserving_candidate_capacity,False
coronacases_002,final_outer_cv,C100_FRG,1.0,fragmented,3,24.04120445251465,GLOBAL_GEOMETRY_RESOLVABLE,fragmented,True,4,3,15.0,4,4,10,7,common_geometry_preserving_candidate_capacity,False
coronacases_002,final_outer_cv,C100_FRG,1.0,fragmented,4,0.4654312133789062,GLOBAL_GEOMETRY_RESOLVABLE,fragmented,True,3,3,7.021645711795972,3,3,10,4,common_geometry_preserving_candidate_capacity,False
coronacases_002,final_outer_cv,C100_FRG,1.0,fragmented,5,0.8572626113891602,GLOBAL_GEOMETRY_RESOLVABLE,fragmented,True,6,3,1.5,6,6,10,7,common_geometry_preserving_candidate_capacity,False
coronacases_002,final_outer_cv,C100_FRG,1.0,fragmented,6,0.4359912872314453,GLOBAL_GEOMETRY_RESOLVABLE,fragmented,True,4,3,3.1217082451262845,4,4,11,7,common_geometry_preserving_candidate_capacity,False
coronacases_002,final_outer_cv,C100_FRG,1.0,fragmented,7,3.1500720977783203,GLOBAL_GEOMETRY_RESOLVABLE,fragmented,True,5,3,3.9166155414412245,5,5,10,7,common_geometry_preserving_candidate_capacity,False
coronacases_002,final_outer_cv,C100_FRG,1.0,fragmented,8,22.78229713439941,GLOBAL_GEOMETRY_RESOLVABLE,fragmented,True,6,3,1.5,6,6,10,6,common_geometry_preserving_candidate_capacity,False
coronacases_002,final_outer_cv,C100_FRG,1.0,fragmented,9,3.829994201660156,GLOBAL_GEOMETRY_RESOLVABLE,fragmented,True,4,3,8.897085368400163,4,4,10,6,common_geometry_preserving_candidate_capacity,False
coronacases_002,final_outer_cv,C100_FRG,1.0,fragmented,10,4.347295761108398,GLOBAL_GEOMETRY_RESOLVABLE,fragmented,True,5,3,3.3840329667841558,5,5,10,6,common_geometry_preserving_candidate_capacity,False
coronacases_002,final_outer_cv,C100_FRG,1.0,fragmented,11,0.1093482971191406,GLOBAL_RESOLUTION_LIMITED,neutral_physical_bank_prefix,False,11,1,1.5,41,41,41,41,physical_neutral_bank,True
coronacases_002,final_outer_cv,C100_FRG,1.0,fragmented,12,0.3399610519409179,GLOBAL_GEOMETRY_RESOLVABLE,fragmented,True,6,3,2.368033988749895,6,8,11,6,common_geometry_preserving_candidate_capacity,False
coronacases_002,final_outer_cv,C100_FRG,1.0,fragmented,13,1.0072660446166992,GLOBAL_GEOMETRY_RESOLVABLE,fragmented,True,6,3,1.5,6,6,10,8,common_geometry_preserving_candidate_capacity,False
coronacases_002,final_outer_cv,C100_FRG,1.0,fragmented,14,0.1682281494140625,GLOBAL_GEOMETRY_RESOLVABLE,fragmented,True,3,3,3.5811388300841895,3,3,10,6,common_geometry_preserving_candidate_capacity,False
coronacases_002,final_outer_cv,C100_FRG,1.0,fragmented,15,0.7114648818969727,GLOBAL_GEOMETRY_RESOLVABLE,fragmented,True,6,3,2.280776406404415,6,7,11,6,common_geometry_preserving_candidate_capacity,False
coronacases_002,final_outer_cv,C100_FRG,1.0,fragmented,16,21.999335289001465,GLOBAL_GEOMETRY_RESOLVABLE,fragmented,True,6,3,5.947073557013984,6,8,11,6,common_geometry_preserving_candidate_capacity,False
coronacases_002,final_outer_cv,C100_FRG,1.0,fragmented,17,0.2537441253662109,GLOBAL_GEOMETRY_RESOLVABLE,fragmented,True,6,3,1.5,6,6,10,7,common_geometry_preserving_candidate_capacity,False
coronacases_002,final_outer_cv,C100_FRG,1.0,fragmented,18,0.3960371017456054,GLOBAL_GEOMETRY_RESOLVABLE,fragmented,True,6,3,1.5,6,6,11,8,common_geometry_preserving_candidate_capacity,False
coronacases_002,final_outer_cv,C100_FRG,1.0,fragmented,19,2.599825859069824,GLOBAL_GEOMETRY_RESOLVABLE,fragmented,True,5,3,3.363330765278394,5,5,11,6,common_geometry_preserving_candidate_capacity,False
coronacases_002,final_outer_cv,C100_FRG,1.0,fragmented,20,5.25853157043457,GLOBAL_GEOMETRY_RESOLVABLE,fragmented,True,4,3,8.518555786126363,4,7,10,4,common_geometry_preserving_candidate_capacity,False
coronacases_002,final_outer_cv,C100_FRG,1.0,fragmented,21,1.870136260986328,GLOBAL_GEOMETRY_RESOLVABLE,fragmented,True,4,3,6.441783234309364,4,4,11,6,common_geometry_preserving_candidate_capacity,False
coronacases_002,final_outer_cv,C100_FRG,1.0,fragmented,22,28.2216739654541,GLOBAL_GEOMETRY_RESOLVABLE,fragmented,True,4,3,22.870613034542103,4,6,10,4,common_geometry_preserving_candidate_capacity,False
coronacases_002,final_outer_cv,C100_FRG,1.0,fragmented,23,1.8259763717651367,GLOBAL_GEOMETRY_RESOLVABLE,fragmented,True,5,3,3.637211521390788,5,5,11,8,common_geometry_preserving_candidate_capacity,False
coronacases_002,final_outer_cv,C100_FRG,1.0,fragmented,24,4.905252456665039,GLOBAL_GEOMETRY_RESOLVABLE,fragmented,True,4,3,9.695646988798973,4,4,10,6,common_geometry_preserving_candidate_capacity,False
coronacases_002,final_outer_cv,C100_FRG,1.0,fragmented,25,16.984033584594727,GLOBAL_GEOMETRY_RESOLVABLE,fragmented,True,4,3,13.4114572621006,4,4,10,4,common_geometry_preserving_candidate_capacity,False
coronacases_002,final_outer_cv,C100_FRG,1.0,fragmented,26,0.7780551910400391,GLOBAL_GEOMETRY_RESOLVABLE,fragmented,True,6,3,2.5,6,8,10,6,common_geometry_preserving_candidate_capacity,False
coronacases_002,final_outer_cv,C100_FRG,1.0,fragmented,27,0.1002359390258789,GLOBAL_RESOLUTION_LIMITED,neutral_physical_bank_prefix,False,11,1,1.5,30,30,30,30,physical_neutral_bank,True
coronacases_002,final_outer_cv,C50_COH,0.5,coherent,1,15.839381217956545,GLOBAL_GEOMETRY_RESOLVABLE,coherent,True,5,1,1.5,5,5,20,9,common_geometry_preserving_candidate_capacity,False
coronacases_002,final_outer_cv,C50_COH,0.5,coherent,2,28.66677761077881,GLOBAL_GEOMETRY_RESOLVABLE,coherent,True,9,1,1.5,9,11,20,9,common_geometry_preserving_candidate_capacity,False
coronacases_002,final_outer_cv,C50_COH,0.5,coherent,6,0.4359912872314453,GLOBAL_GEOMETRY_RESOLVABLE,coherent,True,10,1,1.6242640687119283,10,10,19,12,common_geometry_preserving_candidate_capacity,False
coronacases_002,final_outer_cv,C50_COH,0.5,coherent,12,0.3399610519409179,GLOBAL_GEOMETRY_RESOLVABLE,coherent,True,10,1,1.5,10,13,19,10,common_geometry_preserving_candidate_capacity,False
coronacases_002,final_outer_cv,C50_COH,0.5,coherent,14,0.1682281494140625,GLOBAL_GEOMETRY_RESOLVABLE,coherent,True,6,1,1.5,6,6,15,11,common_geometry_preserving_candidate_capacity,False
coronacases_002,final_outer_cv,C50_COH,0.5,coherent,15,0.7114648818969727,GLOBAL_GEOMETRY_RESOLVABLE,coherent,True,7,1,1.7648717094642408,7,7,20,8,common_geometry_preserving_candidate_capacity,False
coronacases_002,final_outer_cv,C50_COH,0.5,coherent,16,21.999335289001465,GLOBAL_GEOMETRY_RESOLVABLE,coherent,True,8,1,1.6875,8,10,20,8,common_geometry_preserving_candidate_capacity,False
coronacases_002,final_outer_cv,C50_COH,0.5,coherent,18,0.3960371017456054,GLOBAL_GEOMETRY_RESOLVABLE,coherent,True,11,1,1.5,11,11,20,11,common_geometry_preserving_candidate_capacity,False
coronacases_002,final_outer_cv,C50_COH,0.5,coherent,19,2.599825859069824,GLOBAL_GEOMETRY_RESOLVABLE,coherent,True,10,1,1.5621320343559641,10,10,20,11,common_geometry_preserving_candidate_capacity,False
coronacases_002,final_outer_cv,C50_COH,0.5,coherent,20,5.25853157043457,GLOBAL_GEOMETRY_RESOLVABLE,coherent,True,11,1,1.612967335192662,11,11,20,11,common_geometry_preserving_candidate_capacity,False
coronacases_002,final_outer_cv,C50_COH,0.5,coherent,21,1.870136260986328,GLOBAL_GEOMETRY_RESOLVABLE,coherent,True,10,1,1.5,10,10,20,10,common_geometry_preserving_candidate_capacity,False
coronacases_002,final_outer_cv,C50_COH,0.5,coherent,23,1.8259763717651367,GLOBAL_GEOMETRY_RESOLVABLE,coherent,True,7,1,1.588760049079949,7,7,20,12,common_geometry_preserving_candidate_capacity,False
coronacases_002,final_outer_cv,C50_COH,0.5,coherent,26,0.7780551910400391,GLOBAL_GEOMETRY_RESOLVABLE,coherent,True,10,1,1.5,10,11,20,10,common_geometry_preserving_candidate_capacity,False
coronacases_002,final_outer_cv,C50_COH,0.5,coherent,27,0.1002359390258789,GLOBAL_RESOLUTION_LIMITED,neutral_physical_bank_prefix,False,30,1,1.5,30,30,30,30,physical_neutral_bank,True
coronacases_002,final_outer_cv,C50_DIS,0.5,dispersed,1,15.839381217956545,GLOBAL_GEOMETRY_RESOLVABLE,dispersed,True,5,5,23.365441334655532,5,5,20,9,common_geometry_preserving_candidate_capacity,False
coronacases_002,final_outer_cv,C50_DIS,0.5,dispersed,2,28.66677761077881,GLOBAL_GEOMETRY_RESOLVABLE,dispersed,True,9,9,21.14194166198429,9,11,20,9,common_geometry_preserving_candidate_capacity,False
coronacases_002,final_outer_cv,C50_DIS,0.5,dispersed,6,0.4359912872314453,GLOBAL_GEOMETRY_RESOLVABLE,dispersed,True,10,7,3.5327182992097326,10,10,19,12,common_geometry_preserving_candidate_capacity,False
coronacases_002,final_outer_cv,C50_DIS,0.5,dispersed,12,0.3399610519409179,GLOBAL_GEOMETRY_RESOLVABLE,dispersed,True,10,9,4.154695403818453,10,13,19,10,common_geometry_preserving_candidate_capacity,False
coronacases_002,final_outer_cv,C50_DIS,0.5,dispersed,14,0.1682281494140625,GLOBAL_GEOMETRY_RESOLVABLE,dispersed,True,6,6,3.349586409417043,6,6,15,11,common_geometry_preserving_candidate_capacity,False
coronacases_002,final_outer_cv,C50_DIS,0.5,dispersed,15,0.7114648818969727,GLOBAL_GEOMETRY_RESOLVABLE,dispersed,True,7,7,5.474571753925535,7,7,20,8,common_geometry_preserving_candidate_capacity,False
coronacases_002,final_outer_cv,C50_DIS,0.5,dispersed,16,21.999335289001465,GLOBAL_GEOMETRY_RESOLVABLE,dispersed,True,8,8,19.693020995324776,8,10,20,8,common_geometry_preserving_candidate_capacity,False
coronacases_002,final_outer_cv,C50_DIS,0.5,dispersed,18,0.3960371017456054,GLOBAL_GEOMETRY_RESOLVABLE,dispersed,True,11,9,3.522187117581035,11,11,20,11,common_geometry_preserving_candidate_capacity,False
coronacases_002,final_outer_cv,C50_DIS,0.5,dispersed,19,2.599825859069824,GLOBAL_GEOMETRY_RESOLVABLE,dispersed,True,10,10,7.760780184336008,10,10,20,11,common_geometry_preserving_candidate_capacity,False
coronacases_002,final_outer_cv,C50_DIS,0.5,dispersed,20,5.25853157043457,GLOBAL_GEOMETRY_RESOLVABLE,dispersed,True,11,11,9.856358113223047,11,11,20,11,common_geometry_preserving_candidate_capacity,False
coronacases_002,final_outer_cv,C50_DIS,0.5,dispersed,21,1.870136260986328,GLOBAL_GEOMETRY_RESOLVABLE,dispersed,True,10,10,7.534101241965705,10,10,20,10,common_geometry_preserving_candidate_capacity,False
coronacases_002,final_outer_cv,C50_DIS,0.5,dispersed,23,1.8259763717651367,GLOBAL_GEOMETRY_RESOLVABLE,dispersed,True,7,7,8.166180506404798,7,7,20,12,common_geometry_preserving_candidate_capacity,False
coronacases_002,final_outer_cv,C50_DIS,0.5,dispersed,26,0.7780551910400391,GLOBAL_GEOMETRY_RESOLVABLE,dispersed,True,10,10,5.286604497402567,10,11,20,10,common_geometry_preserving_candidate_capacity,False
coronacases_002,final_outer_cv,C50_DIS,0.5,dispersed,27,0.1002359390258789,GLOBAL_RESOLUTION_LIMITED,neutral_physical_bank_prefix,False,30,1,1.5,30,30,30,30,physical_neutral_bank,True
coronacases_002,final_outer_cv,C50_FRG,0.5,fragmented,1,15.839381217956545,GLOBAL_GEOMETRY_RESOLVABLE,fragmented,True,5,3,5.236087214122113,5,5,20,9,common_geometry_preserving_candidate_capacity,False
coronacases_002,final_outer_cv,C50_FRG,0.5,fragmented,2,28.66677761077881,GLOBAL_GEOMETRY_RESOLVABLE,fragmented,True,9,3,1.5,9,11,20,9,common_geometry_preserving_candidate_capacity,False
coronacases_002,final_outer_cv,C50_FRG,0.5,fragmented,6,0.4359912872314453,GLOBAL_GEOMETRY_RESOLVABLE,fragmented,True,10,3,1.5,10,10,19,12,common_geometry_preserving_candidate_capacity,False
coronacases_002,final_outer_cv,C50_FRG,0.5,fragmented,12,0.3399610519409179,GLOBAL_GEOMETRY_RESOLVABLE,fragmented,True,10,3,1.65,10,13,19,10,common_geometry_preserving_candidate_capacity,False
coronacases_002,final_outer_cv,C50_FRG,0.5,fragmented,14,0.1682281494140625,GLOBAL_GEOMETRY_RESOLVABLE,fragmented,True,6,2,1.6035533905932737,6,6,15,11,common_geometry_preserving_candidate_capacity,False
coronacases_002,final_outer_cv,C50_FRG,0.5,fragmented,15,0.7114648818969727,GLOBAL_GEOMETRY_RESOLVABLE,fragmented,True,7,3,1.5,7,7,20,8,common_geometry_preserving_candidate_capacity,False
coronacases_002,final_outer_cv,C50_FRG,0.5,fragmented,16,21.999335289001465,GLOBAL_GEOMETRY_RESOLVABLE,fragmented,True,8,3,1.5,8,10,20,8,common_geometry_preserving_candidate_capacity,False
coronacases_002,final_outer_cv,C50_FRG,0.5,fragmented,18,0.3960371017456054,GLOBAL_GEOMETRY_RESOLVABLE,fragmented,True,11,3,1.5,11,11,20,11,common_geometry_preserving_candidate_capacity,False
coronacases_002,final_outer_cv,C50_FRG,0.5,fragmented,19,2.599825859069824,GLOBAL_GEOMETRY_RESOLVABLE,fragmented,True,10,3,1.5,10,10,20,11,common_geometry_preserving_candidate_capacity,False
coronacases_002,final_outer_cv,C50_FRG,0.5,fragmented,20,5.25853157043457,GLOBAL_GEOMETRY_RESOLVABLE,fragmented,True,11,3,1.5,11,11,20,11,common_geometry_preserving_candidate_capacity,False
coronacases_002,final_outer_cv,C50_FRG,0.5,fragmented,21,1.870136260986328,GLOBAL_GEOMETRY_RESOLVABLE,fragmented,True,10,3,1.5,10,10,20,10,common_geometry_preserving_candidate_capacity,False
coronacases_002,final_outer_cv,C50_FRG,0.5,fragmented,23,1.8259763717651367,GLOBAL_GEOMETRY_RESOLVABLE,fragmented,True,7,3,1.5,7,7,20,12,common_geometry_preserving_candidate_capacity,False
coronacases_002,final_outer_cv,C50_FRG,0.5,fragmented,26,0.7780551910400391,GLOBAL_GEOMETRY_RESOLVABLE,fragmented,True,10,3,1.5,10,11,20,10,common_geometry_preserving_candidate_capacity,False
coronacases_002,final_outer_cv,C50_FRG,0.5,fragmented,27,0.1002359390258789,GLOBAL_RESOLUTION_LIMITED,neutral_physical_bank_prefix,False,30,1,1.5,30,30,30,30,physical_neutral_bank,True
coronacases_003,final_outer_cv,C100_COH,1.0,coherent,1,498.867129650116,GLOBAL_GEOMETRY_RESOLVABLE,coherent,True,4,1,1.9635254915624212,4,4,10,6,common_geometry_preserving_candidate_capacity,False
coronacases_003,final_outer_cv,C100_COH,1.0,coherent,2,0.4627498683929443,GLOBAL_GEOMETRY_RESOLVABLE,coherent,True,5,1,1.8,5,5,10,6,common_geometry_preserving_candidate_capacity,False
coronacases_003,final_outer_cv,C100_COH,1.0,coherent,3,6.543559650421143,GLOBAL_GEOMETRY_RESOLVABLE,coherent,True,5,1,1.5,5,6,10,5,common_geometry_preserving_candidate_capacity,False
coronacases_003,final_outer_cv,C100_COH,1.0,coherent,4,0.1618404636383056,GLOBAL_RESOLUTION_LIMITED,neutral_physical_bank_prefix,False,19,1,1.5,39,39,39,39,physical_neutral_bank,True
coronacases_003,final_outer_cv,C100_COH,1.0,coherent,5,0.2740715389251709,GLOBAL_GEOMETRY_RESOLVABLE,coherent,True,7,1,1.5,7,7,10,7,common_geometry_preserving_candidate_capacity,False
coronacases_003,final_outer_cv,C100_COH,1.0,coherent,6,1.5069868297576905,GLOBAL_GEOMETRY_RESOLVABLE,coherent,True,4,1,1.5,4,4,10,4,common_geometry_preserving_candidate_capacity,False
coronacases_003,final_outer_cv,C100_COH,1.0,coherent,8,0.2236488819122314,GLOBAL_GEOMETRY_RESOLVABLE,coherent,True,6,1,1.7071067811865472,6,6,10,9,common_geometry_preserving_candidate_capacity,False
coronacases_003,final_outer_cv,C100_COH,1.0,coherent,9,0.2643123149871826,GLOBAL_GEOMETRY_RESOLVABLE,coherent,True,5,1,1.5,5,5,10,7,common_geometry_preserving_candidate_capacity,False
coronacases_003,final_outer_cv,C100_COH,1.0,coherent,10,0.4269660472869873,GLOBAL_GEOMETRY_RESOLVABLE,coherent,True,6,1,1.5,6,6,10,6,common_geometry_preserving_candidate_capacity,False
coronacases_003,final_outer_cv,C100_COH,1.0,coherent,12,0.2252754192352294,GLOBAL_GEOMETRY_RESOLVABLE,coherent,True,5,1,1.5,5,5,11,8,common_geometry_preserving_candidate_capacity,False
coronacases_003,final_outer_cv,C100_COH,1.0,coherent,13,0.1455750904083252,GLOBAL_RESOLUTION_LIMITED,neutral_physical_bank_prefix,False,19,1,1.5,34,34,34,34,physical_neutral_bank,True
coronacases_003,final_outer_cv,C100_COH,1.0,coherent,14,2.841560703277588,GLOBAL_GEOMETRY_RESOLVABLE,coherent,True,5,1,1.5,5,5,11,7,common_geometry_preserving_candidate_capacity,False
coronacases_003,final_outer_cv,C100_COH,1.0,coherent,15,0.6083249588012696,GLOBAL_GEOMETRY_RESOLVABLE,coherent,True,5,1,1.5,5,5,10,6,common_geometry_preserving_candidate_capacity,False
coronacases_003,final_outer_cv,C100_COH,1.0,coherent,16,0.1228035678863525,GLOBAL_RESOLUTION_LIMITED,neutral_physical_bank_prefix,False,19,1,1.5,33,33,33,33,physical_neutral_bank,True
coronacases_003,final_outer_cv,C100_COH,1.0,coherent,18,1.7314489803314208,GLOBAL_GEOMETRY_RESOLVABLE,coherent,True,6,1,1.7071067811865472,6,6,10,7,common_geometry_preserving_candidate_capacity,False
coronacases_003,final_outer_cv,C100_COH,1.0,coherent,20,0.4904010028839111,GLOBAL_GEOMETRY_RESOLVABLE,coherent,True,5,1,1.6242640687119283,5,5,11,8,common_geometry_preserving_candidate_capacity,False
coronacases_003,final_outer_cv,C100_COH,1.0,coherent,21,1.6802130546569825,GLOBAL_GEOMETRY_RESOLVABLE,coherent,True,4,1,1.875,4,5,10,4,common_geometry_preserving_candidate_capacity,False
coronacases_003,final_outer_cv,C100_COH,1.0,coherent,22,0.7034773921966553,GLOBAL_GEOMETRY_RESOLVABLE,coherent,True,5,1,1.8,5,5,10,7,common_geometry_preserving_candidate_capacity,False
coronacases_003,final_outer_cv,C100_COH,1.0,coherent,23,2.9041823902130126,GLOBAL_GEOMETRY_RESOLVABLE,coherent,True,5,1,1.5,5,5,10,8,common_geometry_preserving_candidate_capacity,False
coronacases_003,final_outer_cv,C100_COH,1.0,coherent,25,0.1146708812713623,GLOBAL_GEOMETRY_RESOLVABLE,coherent,True,5,1,1.5,5,5,9,9,common_geometry_preserving_candidate_capacity,False
coronacases_003,final_outer_cv,C100_COH,1.0,coherent,26,0.9986939163208008,GLOBAL_GEOMETRY_RESOLVABLE,coherent,True,7,1,1.5,7,8,11,7,common_geometry_preserving_candidate_capacity,False
coronacases_003,final_outer_cv,C100_COH,1.0,coherent,27,0.3350666885375976,GLOBAL_GEOMETRY_RESOLVABLE,coherent,True,6,1,1.5,6,6,10,6,common_geometry_preserving_candidate_capacity,False
coronacases_003,final_outer_cv,C100_COH,1.0,coherent,28,0.1268699111938476,GLOBAL_GEOMETRY_RESOLVABLE,coherent,True,6,1,1.5,6,6,10,8,common_geometry_preserving_candidate_capacity,False
coronacases_003,final_outer_cv,C100_COH,1.0,coherent,29,494.5746976547241,GLOBAL_GEOMETRY_RESOLVABLE,coherent,True,5,1,1.5,5,7,10,5,common_geometry_preserving_candidate_capacity,False
coronacases_003,final_outer_cv,C100_COH,1.0,coherent,30,7.795993389129639,GLOBAL_GEOMETRY_RESOLVABLE,coherent,True,5,1,1.5,5,5,10,7,common_geometry_preserving_candidate_capacity,False
coronacases_003,final_outer_cv,C100_COH,1.0,coherent,31,0.3887424201965332,GLOBAL_GEOMETRY_RESOLVABLE,coherent,True,7,1,1.5,7,7,10,9,common_geometry_preserving_candidate_capacity,False
coronacases_003,final_outer_cv,C100_COH,1.0,coherent,32,2.385316984176636,GLOBAL_GEOMETRY_RESOLVABLE,coherent,True,5,1,1.6242640687119283,5,5,10,7,common_geometry_preserving_candidate_capacity,False
coronacases_003,final_outer_cv,C100_COH,1.0,coherent,33,0.1602139263153076,GLOBAL_GEOMETRY_RESOLVABLE,coherent,True,5,1,1.5,5,6,10,5,common_geometry_preserving_candidate_capacity,False
coronacases_003,final_outer_cv,C100_COH,1.0,coherent,34,0.7042906608581543,GLOBAL_GEOMETRY_RESOLVABLE,coherent,True,7,1,1.5,7,7,11,8,common_geometry_preserving_candidate_capacity,False
coronacases_003,final_outer_cv,C100_COH,1.0,coherent,35,0.8205880794525147,GLOBAL_GEOMETRY_RESOLVABLE,coherent,True,5,1,1.5,5,5,11,9,common_geometry_preserving_candidate_capacity,False
coronacases_003,final_outer_cv,C100_COH,1.0,coherent,36,2.6170985527038573,GLOBAL_GEOMETRY_RESOLVABLE,coherent,True,6,1,1.5,6,7,10,6,common_geometry_preserving_candidate_capacity,False
coronacases_003,final_outer_cv,C100_COH,1.0,coherent,37,0.4830815849304199,GLOBAL_GEOMETRY_RESOLVABLE,coherent,True,4,1,1.5,4,4,10,6,common_geometry_preserving_candidate_capacity,False
coronacases_003,final_outer_cv,C100_COH,1.0,coherent,38,0.2391009864807129,GLOBAL_GEOMETRY_RESOLVABLE,coherent,True,3,1,1.5,3,3,11,4,common_geometry_preserving_candidate_capacity,False
coronacases_003,final_outer_cv,C100_COH,1.0,coherent,39,0.1447618217468261,GLOBAL_RESOLUTION_LIMITED,neutral_physical_bank_prefix,False,20,1,1.5,39,39,39,39,physical_neutral_bank,True
coronacases_003,final_outer_cv,C100_COH,1.0,coherent,40,0.8563719005584717,GLOBAL_GEOMETRY_RESOLVABLE,coherent,True,6,1,1.5,6,6,10,7,common_geometry_preserving_candidate_capacity,False
coronacases_003,final_outer_cv,C100_COH,1.0,coherent,41,2.4764030742645264,GLOBAL_GEOMETRY_RESOLVABLE,coherent,True,5,1,1.5,5,5,10,7,common_geometry_preserving_candidate_capacity,False
coronacases_003,final_outer_cv,C100_COH,1.0,coherent,42,0.5261848239898682,GLOBAL_GEOMETRY_RESOLVABLE,coherent,True,5,1,1.5,5,6,10,5,common_geometry_preserving_candidate_capacity,False
coronacases_003,final_outer_cv,C100_COH,1.0,coherent,43,0.1366291351318359,GLOBAL_GEOMETRY_RESOLVABLE,coherent,True,5,1,1.5,5,5,10,6,common_geometry_preserving_candidate_capacity,False
coronacases_003,final_outer_cv,C100_COH,1.0,coherent,44,0.1114178066253662,GLOBAL_GEOMETRY_RESOLVABLE,coherent,True,5,1,1.5,5,5,10,7,common_geometry_preserving_candidate_capacity,False
coronacases_003,final_outer_cv,C100_DIS,1.0,dispersed,1,498.867129650116,GLOBAL_GEOMETRY_RESOLVABLE,dispersed,True,4,4,100.18032348127697,4,4,10,6,common_geometry_preserving_candidate_capacity,False
coronacases_003,final_outer_cv,C100_DIS,1.0,dispersed,2,0.4627498683929443,GLOBAL_GEOMETRY_RESOLVABLE,dispersed,True,5,5,6.933879371667606,5,5,10,6,common_geometry_preserving_candidate_capacity,False
coronacases_003,final_outer_cv,C100_DIS,1.0,dispersed,3,6.543559650421143,GLOBAL_GEOMETRY_RESOLVABLE,dispersed,True,5,5,27.93838229126077,5,6,10,5,common_geometry_preserving_candidate_capacity,False
coronacases_003,final_outer_cv,C100_DIS,1.0,dispersed,4,0.1618404636383056,GLOBAL_RESOLUTION_LIMITED,neutral_physical_bank_prefix,False,19,1,1.5,39,39,39,39,physical_neutral_bank,True
coronacases_003,final_outer_cv,C100_DIS,1.0,dispersed,5,0.2740715389251709,GLOBAL_GEOMETRY_RESOLVABLE,dispersed,True,7,6,4.8746241231082745,7,7,10,7,common_geometry_preserving_candidate_capacity,False
coronacases_003,final_outer_cv,C100_DIS,1.0,dispersed,6,1.5069868297576905,GLOBAL_GEOMETRY_RESOLVABLE,dispersed,True,4,4,10.722416904053807,4,4,10,4,common_geometry_preserving_candidate_capacity,False
coronacases_003,final_outer_cv,C100_DIS,1.0,dispersed,8,0.2236488819122314,GLOBAL_GEOMETRY_RESOLVABLE,dispersed,True,6,6,4.371320343559642,6,6,10,9,common_geometry_preserving_candidate_capacity,False
coronacases_003,final_outer_cv,C100_DIS,1.0,dispersed,9,0.2643123149871826,GLOBAL_GEOMETRY_RESOLVABLE,dispersed,True,5,5,4.3970562748477136,5,5,10,7,common_geometry_preserving_candidate_capacity,False
coronacases_003,final_outer_cv,C100_DIS,1.0,dispersed,10,0.4269660472869873,GLOBAL_GEOMETRY_RESOLVABLE,dispersed,True,6,6,6.04163831986886,6,6,10,6,common_geometry_preserving_candidate_capacity,False
coronacases_003,final_outer_cv,C100_DIS,1.0,dispersed,12,0.2252754192352294,GLOBAL_GEOMETRY_RESOLVABLE,dispersed,True,5,5,4.5,5,5,11,8,common_geometry_preserving_candidate_capacity,False
coronacases_003,final_outer_cv,C100_DIS,1.0,dispersed,13,0.1455750904083252,GLOBAL_RESOLUTION_LIMITED,neutral_physical_bank_prefix,False,19,1,1.5,34,34,34,34,physical_neutral_bank,True
coronacases_003,final_outer_cv,C100_DIS,1.0,dispersed,14,2.841560703277588,GLOBAL_GEOMETRY_RESOLVABLE,dispersed,True,5,5,12.967949956610829,5,5,11,7,common_geometry_preserving_candidate_capacity,False
coronacases_003,final_outer_cv,C100_DIS,1.0,dispersed,15,0.6083249588012696,GLOBAL_GEOMETRY_RESOLVABLE,dispersed,True,5,5,7.93258293081806,5,5,10,6,common_geometry_preserving_candidate_capacity,False
coronacases_003,final_outer_cv,C100_DIS,1.0,dispersed,16,0.1228035678863525,GLOBAL_RESOLUTION_LIMITED,neutral_physical_bank_prefix,False,19,1,1.5,33,33,33,33,physical_neutral_bank,True
coronacases_003,final_outer_cv,C100_DIS,1.0,dispersed,18,1.7314489803314208,GLOBAL_GEOMETRY_RESOLVABLE,dispersed,True,6,6,11.378133598703945,6,6,10,7,common_geometry_preserving_candidate_capacity,False
coronacases_003,final_outer_cv,C100_DIS,1.0,dispersed,20,0.4904010028839111,GLOBAL_GEOMETRY_RESOLVABLE,dispersed,True,5,5,7.330791109277065,5,5,11,8,common_geometry_preserving_candidate_capacity,False
coronacases_003,final_outer_cv,C100_DIS,1.0,dispersed,21,1.6802130546569825,GLOBAL_GEOMETRY_RESOLVABLE,dispersed,True,4,4,10.99888612801213,4,5,10,4,common_geometry_preserving_candidate_capacity,False
coronacases_003,final_outer_cv,C100_DIS,1.0,dispersed,22,0.7034773921966553,GLOBAL_GEOMETRY_RESOLVABLE,dispersed,True,5,5,9.47956306685541,5,5,10,7,common_geometry_preserving_candidate_capacity,False
coronacases_003,final_outer_cv,C100_DIS,1.0,dispersed,23,2.9041823902130126,GLOBAL_GEOMETRY_RESOLVABLE,dispersed,True,5,5,14.02283156993711,5,5,10,8,common_geometry_preserving_candidate_capacity,False
coronacases_003,final_outer_cv,C100_DIS,1.0,dispersed,25,0.1146708812713623,GLOBAL_GEOMETRY_RESOLVABLE,dispersed,True,5,5,3.070820393249937,5,5,9,9,common_geometry_preserving_candidate_capacity,False
coronacases_003,final_outer_cv,C100_DIS,1.0,dispersed,26,0.9986939163208008,GLOBAL_GEOMETRY_RESOLVABLE,dispersed,True,7,7,8.229224916583755,7,8,11,7,common_geometry_preserving_candidate_capacity,False
coronacases_003,final_outer_cv,C100_DIS,1.0,dispersed,27,0.3350666885375976,GLOBAL_GEOMETRY_RESOLVABLE,dispersed,True,6,6,5.5006125693120085,6,6,10,6,common_geometry_preserving_candidate_capacity,False
coronacases_003,final_outer_cv,C100_DIS,1.0,dispersed,28,0.1268699111938476,GLOBAL_GEOMETRY_RESOLVABLE,dispersed,True,6,4,3.4074574075705315,6,6,10,8,common_geometry_preserving_candidate_capacity,False
coronacases_003,final_outer_cv,C100_DIS,1.0,dispersed,29,494.5746976547241,GLOBAL_GEOMETRY_RESOLVABLE,dispersed,True,5,5,81.77097741349692,5,7,10,5,common_geometry_preserving_candidate_capacity,False
coronacases_003,final_outer_cv,C100_DIS,1.0,dispersed,30,7.795993389129639,GLOBAL_GEOMETRY_RESOLVABLE,dispersed,True,5,5,16.5109297573755,5,5,10,7,common_geometry_preserving_candidate_capacity,False
coronacases_003,final_outer_cv,C100_DIS,1.0,dispersed,31,0.3887424201965332,GLOBAL_GEOMETRY_RESOLVABLE,dispersed,True,7,7,4.844917325827351,7,7,10,9,common_geometry_preserving_candidate_capacity,False
coronacases_003,final_outer_cv,C100_DIS,1.0,dispersed,32,2.385316984176636,GLOBAL_GEOMETRY_RESOLVABLE,dispersed,True,5,5,14.169908249233595,5,5,10,7,common_geometry_preserving_candidate_capacity,False
coronacases_003,final_outer_cv,C100_DIS,1.0,dispersed,33,0.1602139263153076,GLOBAL_GEOMETRY_RESOLVABLE,dispersed,True,5,5,5.322497216032183,5,6,10,5,common_geometry_preserving_candidate_capacity,False
coronacases_003,final_outer_cv,C100_DIS,1.0,dispersed,34,0.7042906608581543,GLOBAL_GEOMETRY_RESOLVABLE,dispersed,True,7,7,6.259450651865473,7,7,11,8,common_geometry_preserving_candidate_capacity,False
coronacases_003,final_outer_cv,C100_DIS,1.0,dispersed,35,0.8205880794525147,GLOBAL_GEOMETRY_RESOLVABLE,dispersed,True,5,5,8.428010621890161,5,5,11,9,common_geometry_preserving_candidate_capacity,False
coronacases_003,final_outer_cv,C100_DIS,1.0,dispersed,36,2.6170985527038573,GLOBAL_GEOMETRY_RESOLVABLE,dispersed,True,6,6,14.383105100669177,6,7,10,6,common_geometry_preserving_candidate_capacity,False
coronacases_003,final_outer_cv,C100_DIS,1.0,dispersed,37,0.4830815849304199,GLOBAL_GEOMETRY_RESOLVABLE,dispersed,True,4,4,8.35977792688076,4,4,10,6,common_geometry_preserving_candidate_capacity,False
coronacases_003,final_outer_cv,C100_DIS,1.0,dispersed,38,0.2391009864807129,GLOBAL_GEOMETRY_RESOLVABLE,dispersed,True,3,3,5.809309495049469,3,3,11,4,common_geometry_preserving_candidate_capacity,False
coronacases_003,final_outer_cv,C100_DIS,1.0,dispersed,39,0.1447618217468261,GLOBAL_RESOLUTION_LIMITED,neutral_physical_bank_prefix,False,20,1,1.5,39,39,39,39,physical_neutral_bank,True
coronacases_003,final_outer_cv,C100_DIS,1.0,dispersed,40,0.8563719005584717,GLOBAL_GEOMETRY_RESOLVABLE,dispersed,True,6,6,8.35669649861272,6,6,10,7,common_geometry_preserving_candidate_capacity,False
coronacases_003,final_outer_cv,C100_DIS,1.0,dispersed,41,2.4764030742645264,GLOBAL_GEOMETRY_RESOLVABLE,dispersed,True,5,5,14.443416405172362,5,5,10,7,common_geometry_preserving_candidate_capacity,False
coronacases_003,final_outer_cv,C100_DIS,1.0,dispersed,42,0.5261848239898682,GLOBAL_GEOMETRY_RESOLVABLE,dispersed,True,5,5,6.617833069963671,5,6,10,5,common_geometry_preserving_candidate_capacity,False
coronacases_003,final_outer_cv,C100_DIS,1.0,dispersed,43,0.1366291351318359,GLOBAL_GEOMETRY_RESOLVABLE,dispersed,True,5,4,3.3901689239237314,5,5,10,6,common_geometry_preserving_candidate_capacity,False
coronacases_003,final_outer_cv,C100_DIS,1.0,dispersed,44,0.1114178066253662,GLOBAL_GEOMETRY_RESOLVABLE,dispersed,True,5,3,3.5832815729997476,5,5,10,7,common_geometry_preserving_candidate_capacity,False
coronacases_003,final_outer_cv,C100_FRG,1.0,fragmented,1,498.867129650116,GLOBAL_GEOMETRY_RESOLVABLE,fragmented,True,4,3,54.77684194663124,4,4,10,6,common_geometry_preserving_candidate_capacity,False
coronacases_003,final_outer_cv,C100_FRG,1.0,fragmented,2,0.4627498683929443,GLOBAL_GEOMETRY_RESOLVABLE,fragmented,True,5,3,2.541640786499874,5,5,10,6,common_geometry_preserving_candidate_capacity,False
coronacases_003,final_outer_cv,C100_FRG,1.0,fragmented,3,6.543559650421143,GLOBAL_GEOMETRY_RESOLVABLE,fragmented,True,5,3,8.22922470831599,5,6,10,5,common_geometry_preserving_candidate_capacity,False
coronacases_003,final_outer_cv,C100_FRG,1.0,fragmented,4,0.1618404636383056,GLOBAL_RESOLUTION_LIMITED,neutral_physical_bank_prefix,False,19,1,1.5,39,39,39,39,physical_neutral_bank,True
coronacases_003,final_outer_cv,C100_FRG,1.0,fragmented,5,0.2740715389251709,GLOBAL_GEOMETRY_RESOLVABLE,fragmented,True,7,3,1.5,7,7,10,7,common_geometry_preserving_candidate_capacity,False
coronacases_003,final_outer_cv,C100_FRG,1.0,fragmented,6,1.5069868297576905,GLOBAL_GEOMETRY_RESOLVABLE,fragmented,True,4,3,6.174518244649274,4,4,10,4,common_geometry_preserving_candidate_capacity,False
coronacases_003,final_outer_cv,C100_FRG,1.0,fragmented,8,0.2236488819122314,GLOBAL_GEOMETRY_RESOLVABLE,fragmented,True,6,3,1.5,6,6,10,9,common_geometry_preserving_candidate_capacity,False
coronacases_003,final_outer_cv,C100_FRG,1.0,fragmented,9,0.2643123149871826,GLOBAL_GEOMETRY_RESOLVABLE,fragmented,True,5,3,2.048528137423857,5,5,10,7,common_geometry_preserving_candidate_capacity,False
coronacases_003,final_outer_cv,C100_FRG,1.0,fragmented,10,0.4269660472869873,GLOBAL_GEOMETRY_RESOLVABLE,fragmented,True,6,3,1.5,6,6,10,6,common_geometry_preserving_candidate_capacity,False
coronacases_003,final_outer_cv,C100_FRG,1.0,fragmented,12,0.2252754192352294,GLOBAL_GEOMETRY_RESOLVABLE,fragmented,True,5,3,2.1486832980505137,5,5,11,8,common_geometry_preserving_candidate_capacity,False
coronacases_003,final_outer_cv,C100_FRG,1.0,fragmented,13,0.1455750904083252,GLOBAL_RESOLUTION_LIMITED,neutral_physical_bank_prefix,False,19,1,1.5,34,34,34,34,physical_neutral_bank,True
coronacases_003,final_outer_cv,C100_FRG,1.0,fragmented,14,2.841560703277588,GLOBAL_GEOMETRY_RESOLVABLE,fragmented,True,5,3,4.0301943396169815,5,5,11,7,common_geometry_preserving_candidate_capacity,False
coronacases_003,final_outer_cv,C100_FRG,1.0,fragmented,15,0.6083249588012696,GLOBAL_GEOMETRY_RESOLVABLE,fragmented,True,5,3,2.843167672515498,5,5,10,6,common_geometry_preserving_candidate_capacity,False
coronacases_003,final_outer_cv,C100_FRG,1.0,fragmented,16,0.1228035678863525,GLOBAL_RESOLUTION_LIMITED,neutral_physical_bank_prefix,False,19,1,1.5,33,33,33,33,physical_neutral_bank,True
coronacases_003,final_outer_cv,C100_FRG,1.0,fragmented,18,1.7314489803314208,GLOBAL_GEOMETRY_RESOLVABLE,fragmented,True,6,3,3.872022120425379,6,6,10,7,common_geometry_preserving_candidate_capacity,False
coronacases_003,final_outer_cv,C100_FRG,1.0,fragmented,20,0.4904010028839111,GLOBAL_GEOMETRY_RESOLVABLE,fragmented,True,5,3,2.94928556845359,5,5,11,8,common_geometry_preserving_candidate_capacity,False
coronacases_003,final_outer_cv,C100_FRG,1.0,fragmented,21,1.6802130546569825,GLOBAL_GEOMETRY_RESOLVABLE,fragmented,True,4,3,6.692262074721599,4,5,10,4,common_geometry_preserving_candidate_capacity,False
coronacases_003,final_outer_cv,C100_FRG,1.0,fragmented,22,0.7034773921966553,GLOBAL_GEOMETRY_RESOLVABLE,fragmented,True,5,3,3.7806975801127876,5,5,10,7,common_geometry_preserving_candidate_capacity,False
coronacases_003,final_outer_cv,C100_FRG,1.0,fragmented,23,2.9041823902130126,GLOBAL_GEOMETRY_RESOLVABLE,fragmented,True,5,3,4.389043743820395,5,5,10,8,common_geometry_preserving_candidate_capacity,False
coronacases_003,final_outer_cv,C100_FRG,1.0,fragmented,25,0.1146708812713623,GLOBAL_GEOMETRY_RESOLVABLE,fragmented,True,5,2,1.5,5,5,9,9,common_geometry_preserving_candidate_capacity,False
coronacases_003,final_outer_cv,C100_FRG,1.0,fragmented,26,0.9986939163208008,GLOBAL_GEOMETRY_RESOLVABLE,fragmented,True,7,3,1.5,7,8,11,7,common_geometry_preserving_candidate_capacity,False
coronacases_003,final_outer_cv,C100_FRG,1.0,fragmented,27,0.3350666885375976,GLOBAL_GEOMETRY_RESOLVABLE,fragmented,True,6,3,2.5962912017836257,6,6,10,6,common_geometry_preserving_candidate_capacity,False
coronacases_003,final_outer_cv,C100_FRG,1.0,fragmented,28,0.1268699111938476,GLOBAL_GEOMETRY_RESOLVABLE,fragmented,True,6,2,1.5,6,6,10,8,common_geometry_preserving_candidate_capacity,False
coronacases_003,final_outer_cv,C100_FRG,1.0,fragmented,29,494.5746976547241,GLOBAL_GEOMETRY_RESOLVABLE,fragmented,True,5,3,19.966193007640094,5,7,10,5,common_geometry_preserving_candidate_capacity,False
coronacases_003,final_outer_cv,C100_FRG,1.0,fragmented,30,7.795993389129639,GLOBAL_GEOMETRY_RESOLVABLE,fragmented,True,5,3,4.659768778401238,5,5,10,7,common_geometry_preserving_candidate_capacity,False
coronacases_003,final_outer_cv,C100_FRG,1.0,fragmented,31,0.3887424201965332,GLOBAL_GEOMETRY_RESOLVABLE,fragmented,True,7,3,1.5,7,7,10,9,common_geometry_preserving_candidate_capacity,False
coronacases_003,final_outer_cv,C100_FRG,1.0,fragmented,32,2.385316984176636,GLOBAL_GEOMETRY_RESOLVABLE,fragmented,True,5,3,5.1344631145812,5,5,10,7,common_geometry_preserving_candidate_capacity,False
coronacases_003,final_outer_cv,C100_FRG,1.0,fragmented,33,0.1602139263153076,GLOBAL_GEOMETRY_RESOLVABLE,fragmented,True,5,3,2.4,5,6,10,5,common_geometry_preserving_candidate_capacity,False
coronacases_003,final_outer_cv,C100_FRG,1.0,fragmented,34,0.7042906608581543,GLOBAL_GEOMETRY_RESOLVABLE,fragmented,True,7,3,1.5,7,7,11,8,common_geometry_preserving_candidate_capacity,False
coronacases_003,final_outer_cv,C100_FRG,1.0,fragmented,35,0.8205880794525147,GLOBAL_GEOMETRY_RESOLVABLE,fragmented,True,5,3,3.6,5,5,11,9,common_geometry_preserving_candidate_capacity,False
coronacases_003,final_outer_cv,C100_FRG,1.0,fragmented,36,2.6170985527038573,GLOBAL_GEOMETRY_RESOLVABLE,fragmented,True,6,3,3.954163456597992,6,7,10,6,common_geometry_preserving_candidate_capacity,False
coronacases_003,final_outer_cv,C100_FRG,1.0,fragmented,37,0.4830815849304199,GLOBAL_GEOMETRY_RESOLVABLE,fragmented,True,4,3,4.446487785800281,4,4,10,6,common_geometry_preserving_candidate_capacity,False
coronacases_003,final_outer_cv,C100_FRG,1.0,fragmented,38,0.2391009864807129,GLOBAL_GEOMETRY_RESOLVABLE,fragmented,True,3,3,5.525654427946584,3,3,11,4,common_geometry_preserving_candidate_capacity,False
coronacases_003,final_outer_cv,C100_FRG,1.0,fragmented,39,0.1447618217468261,GLOBAL_RESOLUTION_LIMITED,neutral_physical_bank_prefix,False,20,1,1.5,39,39,39,39,physical_neutral_bank,True
coronacases_003,final_outer_cv,C100_FRG,1.0,fragmented,40,0.8563719005584717,GLOBAL_GEOMETRY_RESOLVABLE,fragmented,True,6,3,1.5,6,6,10,7,common_geometry_preserving_candidate_capacity,False
coronacases_003,final_outer_cv,C100_FRG,1.0,fragmented,41,2.4764030742645264,GLOBAL_GEOMETRY_RESOLVABLE,fragmented,True,5,3,4.389043743820395,5,5,10,7,common_geometry_preserving_candidate_capacity,False
coronacases_003,final_outer_cv,C100_FRG,1.0,fragmented,42,0.5261848239898682,GLOBAL_GEOMETRY_RESOLVABLE,fragmented,True,5,3,2.541640786499874,5,6,10,5,common_geometry_preserving_candidate_capacity,False
coronacases_003,final_outer_cv,C100_FRG,1.0,fragmented,43,0.1366291351318359,GLOBAL_GEOMETRY_RESOLVABLE,fragmented,True,5,2,2.241640786499874,5,5,10,6,common_geometry_preserving_candidate_capacity,False
coronacases_003,final_outer_cv,C100_FRG,1.0,fragmented,44,0.1114178066253662,GLOBAL_GEOMETRY_RESOLVABLE,fragmented,True,5,2,1.5,5,5,10,7,common_geometry_preserving_candidate_capacity,False
coronacases_003,final_outer_cv,C50_COH,0.5,coherent,2,0.4627498683929443,GLOBAL_GEOMETRY_RESOLVABLE,coherent,True,10,1,1.5,10,11,20,10,common_geometry_preserving_candidate_capacity,False
coronacases_003,final_outer_cv,C50_COH,0.5,coherent,4,0.1618404636383056,GLOBAL_RESOLUTION_LIMITED,neutral_physical_bank_prefix,False,39,1,1.5,39,39,39,39,physical_neutral_bank,True
coronacases_003,final_outer_cv,C50_COH,0.5,coherent,5,0.2740715389251709,GLOBAL_GEOMETRY_RESOLVABLE,coherent,True,11,1,1.5,11,12,20,11,common_geometry_preserving_candidate_capacity,False
coronacases_003,final_outer_cv,C50_COH,0.5,coherent,6,1.5069868297576905,GLOBAL_GEOMETRY_RESOLVABLE,coherent,True,8,1,1.5,8,10,20,8,common_geometry_preserving_candidate_capacity,False
coronacases_003,final_outer_cv,C50_COH,0.5,coherent,12,0.2252754192352294,GLOBAL_GEOMETRY_RESOLVABLE,coherent,True,7,1,1.5,7,7,20,10,common_geometry_preserving_candidate_capacity,False
coronacases_003,final_outer_cv,C50_COH,0.5,coherent,14,2.841560703277588,GLOBAL_GEOMETRY_RESOLVABLE,coherent,True,9,1,1.5,9,9,20,11,common_geometry_preserving_candidate_capacity,False
coronacases_003,final_outer_cv,C50_COH,0.5,coherent,16,0.1228035678863525,GLOBAL_RESOLUTION_LIMITED,neutral_physical_bank_prefix,False,33,1,1.5,33,33,33,33,physical_neutral_bank,True
coronacases_003,final_outer_cv,C50_COH,0.5,coherent,20,0.4904010028839111,GLOBAL_GEOMETRY_RESOLVABLE,coherent,True,12,1,1.625,12,13,20,12,common_geometry_preserving_candidate_capacity,False
coronacases_003,final_outer_cv,C50_COH,0.5,coherent,26,0.9986939163208008,GLOBAL_GEOMETRY_RESOLVABLE,coherent,True,9,1,1.6666666666666667,9,9,20,11,common_geometry_preserving_candidate_capacity,False
coronacases_003,final_outer_cv,C50_COH,0.5,coherent,27,0.3350666885375976,GLOBAL_GEOMETRY_RESOLVABLE,coherent,True,9,1,1.5,9,9,20,10,common_geometry_preserving_candidate_capacity,False
coronacases_003,final_outer_cv,C50_COH,0.5,coherent,29,494.5746976547241,GLOBAL_GEOMETRY_RESOLVABLE,coherent,True,10,1,1.6242640687119283,10,11,20,10,common_geometry_preserving_candidate_capacity,False
coronacases_003,final_outer_cv,C50_COH,0.5,coherent,30,7.795993389129639,GLOBAL_GEOMETRY_RESOLVABLE,coherent,True,9,1,1.5,9,9,20,10,common_geometry_preserving_candidate_capacity,False
coronacases_003,final_outer_cv,C50_COH,0.5,coherent,34,0.7042906608581543,GLOBAL_GEOMETRY_RESOLVABLE,coherent,True,9,1,1.6666666666666667,9,9,20,11,common_geometry_preserving_candidate_capacity,False
coronacases_003,final_outer_cv,C50_COH,0.5,coherent,35,0.8205880794525147,GLOBAL_GEOMETRY_RESOLVABLE,coherent,True,8,1,1.5,8,8,20,12,common_geometry_preserving_candidate_capacity,False
coronacases_003,final_outer_cv,C50_COH,0.5,coherent,37,0.4830815849304199,GLOBAL_GEOMETRY_RESOLVABLE,coherent,True,9,1,1.6666666666666667,9,9,20,9,common_geometry_preserving_candidate_capacity,False
coronacases_003,final_outer_cv,C50_COH,0.5,coherent,38,0.2391009864807129,GLOBAL_GEOMETRY_RESOLVABLE,coherent,True,5,1,1.5,5,5,14,10,common_geometry_preserving_candidate_capacity,False
coronacases_003,final_outer_cv,C50_COH,0.5,coherent,39,0.1447618217468261,GLOBAL_RESOLUTION_LIMITED,neutral_physical_bank_prefix,False,39,1,1.5,39,39,39,39,physical_neutral_bank,True
coronacases_003,final_outer_cv,C50_COH,0.5,coherent,40,0.8563719005584717,GLOBAL_GEOMETRY_RESOLVABLE,coherent,True,8,1,1.5,8,8,20,10,common_geometry_preserving_candidate_capacity,False
coronacases_003,final_outer_cv,C50_COH,0.5,coherent,42,0.5261848239898682,GLOBAL_GEOMETRY_RESOLVABLE,coherent,True,9,1,1.5,9,10,20,9,common_geometry_preserving_candidate_capacity,False
coronacases_003,final_outer_cv,C50_COH,0.5,coherent,43,0.1366291351318359,GLOBAL_GEOMETRY_RESOLVABLE,coherent,True,8,1,1.5,8,8,14,9,common_geometry_preserving_candidate_capacity,False
coronacases_003,final_outer_cv,C50_DIS,0.5,dispersed,2,0.4627498683929443,GLOBAL_GEOMETRY_RESOLVABLE,dispersed,True,10,10,4.607581788751304,10,11,20,10,common_geometry_preserving_candidate_capacity,False
coronacases_003,final_outer_cv,C50_DIS,0.5,dispersed,4,0.1618404636383056,GLOBAL_RESOLUTION_LIMITED,neutral_physical_bank_prefix,False,39,1,1.5,39,39,39,39,physical_neutral_bank,True
coronacases_003,final_outer_cv,C50_DIS,0.5,dispersed,5,0.2740715389251709,GLOBAL_GEOMETRY_RESOLVABLE,dispersed,True,11,5,3.5699526566925375,11,12,20,11,common_geometry_preserving_candidate_capacity,False
coronacases_003,final_outer_cv,C50_DIS,0.5,dispersed,6,1.5069868297576905,GLOBAL_GEOMETRY_RESOLVABLE,dispersed,True,8,8,6.789083027531929,8,10,20,8,common_geometry_preserving_candidate_capacity,False
coronacases_003,final_outer_cv,C50_DIS,0.5,dispersed,12,0.2252754192352294,GLOBAL_GEOMETRY_RESOLVABLE,dispersed,True,7,6,3.8084355074454317,7,7,20,10,common_geometry_preserving_candidate_capacity,False
coronacases_003,final_outer_cv,C50_DIS,0.5,dispersed,14,2.841560703277588,GLOBAL_GEOMETRY_RESOLVABLE,dispersed,True,9,9,9.797754097044399,9,9,20,11,common_geometry_preserving_candidate_capacity,False
coronacases_003,final_outer_cv,C50_DIS,0.5,dispersed,16,0.1228035678863525,GLOBAL_RESOLUTION_LIMITED,neutral_physical_bank_prefix,False,33,1,1.5,33,33,33,33,physical_neutral_bank,True
coronacases_003,final_outer_cv,C50_DIS,0.5,dispersed,20,0.4904010028839111,GLOBAL_GEOMETRY_RESOLVABLE,dispersed,True,12,12,4.666431744557413,12,13,20,12,common_geometry_preserving_candidate_capacity,False
coronacases_003,final_outer_cv,C50_DIS,0.5,dispersed,26,0.9986939163208008,GLOBAL_GEOMETRY_RESOLVABLE,dispersed,True,9,9,6.997380227932445,9,9,20,11,common_geometry_preserving_candidate_capacity,False
coronacases_003,final_outer_cv,C50_DIS,0.5,dispersed,27,0.3350666885375976,GLOBAL_GEOMETRY_RESOLVABLE,dispersed,True,9,9,4.468306115762555,9,9,20,10,common_geometry_preserving_candidate_capacity,False
coronacases_003,final_outer_cv,C50_DIS,0.5,dispersed,29,494.5746976547241,GLOBAL_GEOMETRY_RESOLVABLE,dispersed,True,10,10,56.19308316254738,10,11,20,10,common_geometry_preserving_candidate_capacity,False
coronacases_003,final_outer_cv,C50_DIS,0.5,dispersed,30,7.795993389129639,GLOBAL_GEOMETRY_RESOLVABLE,dispersed,True,9,9,12.939582908707166,9,9,20,10,common_geometry_preserving_candidate_capacity,False
coronacases_003,final_outer_cv,C50_DIS,0.5,dispersed,34,0.7042906608581543,GLOBAL_GEOMETRY_RESOLVABLE,dispersed,True,9,9,5.576363820977475,9,9,20,11,common_geometry_preserving_candidate_capacity,False
coronacases_003,final_outer_cv,C50_DIS,0.5,dispersed,35,0.8205880794525147,GLOBAL_GEOMETRY_RESOLVABLE,dispersed,True,8,8,6.146863514394112,8,8,20,12,common_geometry_preserving_candidate_capacity,False
coronacases_003,final_outer_cv,C50_DIS,0.5,dispersed,37,0.4830815849304199,GLOBAL_GEOMETRY_RESOLVABLE,dispersed,True,9,9,4.6840858659078,9,9,20,9,common_geometry_preserving_candidate_capacity,False
coronacases_003,final_outer_cv,C50_DIS,0.5,dispersed,38,0.2391009864807129,GLOBAL_GEOMETRY_RESOLVABLE,dispersed,True,5,4,3.8124611797498105,5,5,14,10,common_geometry_preserving_candidate_capacity,False
coronacases_003,final_outer_cv,C50_DIS,0.5,dispersed,39,0.1447618217468261,GLOBAL_RESOLUTION_LIMITED,neutral_physical_bank_prefix,False,39,1,1.5,39,39,39,39,physical_neutral_bank,True
coronacases_003,final_outer_cv,C50_DIS,0.5,dispersed,40,0.8563719005584717,GLOBAL_GEOMETRY_RESOLVABLE,dispersed,True,8,8,7.244674544469712,8,8,20,10,common_geometry_preserving_candidate_capacity,False
coronacases_003,final_outer_cv,C50_DIS,0.5,dispersed,42,0.5261848239898682,GLOBAL_GEOMETRY_RESOLVABLE,dispersed,True,9,9,4.830716345648871,9,10,20,9,common_geometry_preserving_candidate_capacity,False
coronacases_003,final_outer_cv,C50_DIS,0.5,dispersed,43,0.1366291351318359,GLOBAL_GEOMETRY_RESOLVABLE,dispersed,True,8,3,2.8475461119597085,8,8,14,9,common_geometry_preserving_candidate_capacity,False
coronacases_003,final_outer_cv,C50_FRG,0.5,fragmented,2,0.4627498683929443,GLOBAL_GEOMETRY_RESOLVABLE,fragmented,True,10,3,1.5,10,11,20,10,common_geometry_preserving_candidate_capacity,False
coronacases_003,final_outer_cv,C50_FRG,0.5,fragmented,4,0.1618404636383056,GLOBAL_RESOLUTION_LIMITED,neutral_physical_bank_prefix,False,39,1,1.5,39,39,39,39,physical_neutral_bank,True
coronacases_003,final_outer_cv,C50_FRG,0.5,fragmented,5,0.2740715389251709,GLOBAL_GEOMETRY_RESOLVABLE,fragmented,True,11,3,1.6363636363636365,11,12,20,11,common_geometry_preserving_candidate_capacity,False
coronacases_003,final_outer_cv,C50_FRG,0.5,fragmented,6,1.5069868297576905,GLOBAL_GEOMETRY_RESOLVABLE,fragmented,True,8,3,1.5,8,10,20,8,common_geometry_preserving_candidate_capacity,False
coronacases_003,final_outer_cv,C50_FRG,0.5,fragmented,12,0.2252754192352294,GLOBAL_GEOMETRY_RESOLVABLE,fragmented,True,7,3,1.5,7,7,20,10,common_geometry_preserving_candidate_capacity,False
coronacases_003,final_outer_cv,C50_FRG,0.5,fragmented,14,2.841560703277588,GLOBAL_GEOMETRY_RESOLVABLE,fragmented,True,9,3,1.5,9,9,20,11,common_geometry_preserving_candidate_capacity,False
coronacases_003,final_outer_cv,C50_FRG,0.5,fragmented,16,0.1228035678863525,GLOBAL_RESOLUTION_LIMITED,neutral_physical_bank_prefix,False,33,1,1.5,33,33,33,33,physical_neutral_bank,True
coronacases_003,final_outer_cv,C50_FRG,0.5,fragmented,20,0.4904010028839111,GLOBAL_GEOMETRY_RESOLVABLE,fragmented,True,12,3,1.5,12,13,20,12,common_geometry_preserving_candidate_capacity,False
coronacases_003,final_outer_cv,C50_FRG,0.5,fragmented,26,0.9986939163208008,GLOBAL_GEOMETRY_RESOLVABLE,fragmented,True,9,3,1.5,9,9,20,11,common_geometry_preserving_candidate_capacity,False
coronacases_003,final_outer_cv,C50_FRG,0.5,fragmented,27,0.3350666885375976,GLOBAL_GEOMETRY_RESOLVABLE,fragmented,True,9,3,1.5,9,9,20,10,common_geometry_preserving_candidate_capacity,False
coronacases_003,final_outer_cv,C50_FRG,0.5,fragmented,29,494.5746976547241,GLOBAL_GEOMETRY_RESOLVABLE,fragmented,True,10,3,1.65,10,11,20,10,common_geometry_preserving_candidate_capacity,False
coronacases_003,final_outer_cv,C50_FRG,0.5,fragmented,30,7.795993389129639,GLOBAL_GEOMETRY_RESOLVABLE,fragmented,True,9,3,1.5,9,9,20,10,common_geometry_preserving_candidate_capacity,False
coronacases_003,final_outer_cv,C50_FRG,0.5,fragmented,34,0.7042906608581543,GLOBAL_GEOMETRY_RESOLVABLE,fragmented,True,9,3,1.5,9,9,20,11,common_geometry_preserving_candidate_capacity,False
coronacases_003,final_outer_cv,C50_FRG,0.5,fragmented,35,0.8205880794525147,GLOBAL_GEOMETRY_RESOLVABLE,fragmented,True,8,3,1.5,8,8,20,12,common_geometry_preserving_candidate_capacity,False
coronacases_003,final_outer_cv,C50_FRG,0.5,fragmented,37,0.4830815849304199,GLOBAL_GEOMETRY_RESOLVABLE,fragmented,True,9,3,1.5,9,9,20,9,common_geometry_preserving_candidate_capacity,False
coronacases_003,final_outer_cv,C50_FRG,0.5,fragmented,38,0.2391009864807129,GLOBAL_GEOMETRY_RESOLVABLE,fragmented,True,5,2,2.1193485306737943,5,5,14,10,common_geometry_preserving_candidate_capacity,False
coronacases_003,final_outer_cv,C50_FRG,0.5,fragmented,39,0.1447618217468261,GLOBAL_RESOLUTION_LIMITED,neutral_physical_bank_prefix,False,39,1,1.5,39,39,39,39,physical_neutral_bank,True
coronacases_003,final_outer_cv,C50_FRG,0.5,fragmented,40,0.8563719005584717,GLOBAL_GEOMETRY_RESOLVABLE,fragmented,True,8,3,1.5,8,8,20,10,common_geometry_preserving_candidate_capacity,False
coronacases_003,final_outer_cv,C50_FRG,0.5,fragmented,42,0.5261848239898682,GLOBAL_GEOMETRY_RESOLVABLE,fragmented,True,9,3,1.5,9,10,20,9,common_geometry_preserving_candidate_capacity,False
coronacases_003,final_outer_cv,C50_FRG,0.5,fragmented,43,0.1366291351318359,GLOBAL_GEOMETRY_RESOLVABLE,fragmented,True,8,2,1.5,8,8,14,9,common_geometry_preserving_candidate_capacity,False
coronacases_004,permanent_development,C100_COH,1.0,coherent,1,0.2252389571629738,GLOBAL_GEOMETRY_RESOLVABLE,coherent,True,6,1,1.5,6,6,10,8,common_geometry_preserving_candidate_capacity,False
coronacases_004,permanent_development,C100_COH,1.0,coherent,2,2.743989951163864,GLOBAL_GEOMETRY_RESOLVABLE,coherent,True,4,1,1.8106601717798212,4,4,10,8,common_geometry_preserving_candidate_capacity,False
coronacases_004,permanent_development,C100_COH,1.0,coherent,3,58.72101111431389,GLOBAL_GEOMETRY_RESOLVABLE,coherent,True,6,1,1.75,6,6,10,7,common_geometry_preserving_candidate_capacity,False
coronacases_004,permanent_development,C100_COH,1.0,coherent,4,0.2261735586449779,GLOBAL_RESOLUTION_LIMITED,neutral_physical_bank_prefix,False,27,1,1.5,68,68,68,68,physical_neutral_bank,True
coronacases_004,permanent_development,C100_COH,1.0,coherent,5,0.4430011024699154,GLOBAL_GEOMETRY_RESOLVABLE,coherent,True,4,1,1.5,4,4,10,7,common_geometry_preserving_candidate_capacity,False
coronacases_004,permanent_development,C100_COH,1.0,coherent,6,0.572443407727475,GLOBAL_GEOMETRY_RESOLVABLE,coherent,True,4,1,1.5,4,4,10,5,common_geometry_preserving_candidate_capacity,False
coronacases_004,permanent_development,C100_COH,1.0,coherent,9,0.2920629631262628,GLOBAL_RESOLUTION_LIMITED,neutral_physical_bank_prefix,False,26,1,1.5,94,94,94,94,physical_neutral_bank,True
coronacases_004,permanent_development,C100_COH,1.0,coherent,12,0.1299096059985617,GLOBAL_GEOMETRY_RESOLVABLE,coherent,True,3,1,2.0,3,3,10,7,common_geometry_preserving_candidate_capacity,False
coronacases_004,permanent_development,C100_DIS,1.0,dispersed,1,0.2252389571629738,GLOBAL_GEOMETRY_RESOLVABLE,dispersed,True,6,6,6.790329721115835,6,6,10,8,common_geometry_preserving_candidate_capacity,False
coronacases_004,permanent_development,C100_DIS,1.0,dispersed,2,2.743989951163864,GLOBAL_GEOMETRY_RESOLVABLE,dispersed,True,4,4,13.564944436061051,4,4,10,8,common_geometry_preserving_candidate_capacity,False
coronacases_004,permanent_development,C100_DIS,1.0,dispersed,3,58.72101111431389,GLOBAL_GEOMETRY_RESOLVABLE,dispersed,True,6,6,48.92219936797284,6,6,10,7,common_geometry_preserving_candidate_capacity,False
coronacases_004,permanent_development,C100_DIS,1.0,dispersed,4,0.2261735586449779,GLOBAL_RESOLUTION_LIMITED,neutral_physical_bank_prefix,False,27,1,1.5,68,68,68,68,physical_neutral_bank,True
coronacases_004,permanent_development,C100_DIS,1.0,dispersed,5,0.4430011024699154,GLOBAL_GEOMETRY_RESOLVABLE,dispersed,True,4,4,7.412248622543011,4,4,10,7,common_geometry_preserving_candidate_capacity,False
coronacases_004,permanent_development,C100_DIS,1.0,dispersed,6,0.572443407727475,GLOBAL_GEOMETRY_RESOLVABLE,dispersed,True,4,4,5.951073907674347,4,4,10,5,common_geometry_preserving_candidate_capacity,False
coronacases_004,permanent_development,C100_DIS,1.0,dispersed,9,0.2920629631262628,GLOBAL_RESOLUTION_LIMITED,neutral_physical_bank_prefix,False,26,1,1.5,94,94,94,94,physical_neutral_bank,True
coronacases_004,permanent_development,C100_DIS,1.0,dispersed,12,0.1299096059985617,GLOBAL_GEOMETRY_RESOLVABLE,dispersed,True,3,3,10.236074461757257,3,3,10,7,common_geometry_preserving_candidate_capacity,False
coronacases_004,permanent_development,C100_FRG,1.0,fragmented,1,0.2252389571629738,GLOBAL_GEOMETRY_RESOLVABLE,fragmented,True,6,3,1.5,6,6,10,8,common_geometry_preserving_candidate_capacity,False
coronacases_004,permanent_development,C100_FRG,1.0,fragmented,2,2.743989951163864,GLOBAL_GEOMETRY_RESOLVABLE,fragmented,True,4,3,7.478089112275492,4,4,10,8,common_geometry_preserving_candidate_capacity,False
coronacases_004,permanent_development,C100_FRG,1.0,fragmented,3,58.72101111431389,GLOBAL_GEOMETRY_RESOLVABLE,fragmented,True,6,3,1.5,6,6,10,7,common_geometry_preserving_candidate_capacity,False
coronacases_004,permanent_development,C100_FRG,1.0,fragmented,4,0.2261735586449779,GLOBAL_RESOLUTION_LIMITED,neutral_physical_bank_prefix,False,27,1,1.5,68,68,68,68,physical_neutral_bank,True
coronacases_004,permanent_development,C100_FRG,1.0,fragmented,5,0.4430011024699154,GLOBAL_GEOMETRY_RESOLVABLE,fragmented,True,4,3,3.454163456597992,4,4,10,7,common_geometry_preserving_candidate_capacity,False
coronacases_004,permanent_development,C100_FRG,1.0,fragmented,6,0.572443407727475,GLOBAL_GEOMETRY_RESOLVABLE,fragmented,True,4,3,4.958170583096134,4,4,10,5,common_geometry_preserving_candidate_capacity,False
coronacases_004,permanent_development,C100_FRG,1.0,fragmented,9,0.2920629631262628,GLOBAL_RESOLUTION_LIMITED,neutral_physical_bank_prefix,False,26,1,1.5,94,94,94,94,physical_neutral_bank,True
coronacases_004,permanent_development,C100_FRG,1.0,fragmented,12,0.1299096059985617,GLOBAL_GEOMETRY_RESOLVABLE,fragmented,True,3,3,8.426546072283614,3,3,10,7,common_geometry_preserving_candidate_capacity,False
coronacases_004,permanent_development,C50_COH,0.5,coherent,2,2.743989951163864,GLOBAL_GEOMETRY_RESOLVABLE,coherent,True,8,1,1.5,8,8,20,10,common_geometry_preserving_candidate_capacity,False
coronacases_004,permanent_development,C50_COH,0.5,coherent,4,0.2261735586449779,GLOBAL_RESOLUTION_LIMITED,neutral_physical_bank_prefix,False,33,1,1.5,68,68,68,68,physical_neutral_bank,True
coronacases_004,permanent_development,C50_COH,0.5,coherent,5,0.4430011024699154,GLOBAL_GEOMETRY_RESOLVABLE,coherent,True,6,1,1.5,6,6,19,10,common_geometry_preserving_candidate_capacity,False
coronacases_004,permanent_development,C50_COH,0.5,coherent,9,0.2920629631262628,GLOBAL_RESOLUTION_LIMITED,neutral_physical_bank_prefix,False,33,1,1.5,94,94,94,94,physical_neutral_bank,True
coronacases_004,permanent_development,C50_DIS,0.5,dispersed,2,2.743989951163864,GLOBAL_GEOMETRY_RESOLVABLE,dispersed,True,8,8,9.0406514926912,8,8,20,10,common_geometry_preserving_candidate_capacity,False
coronacases_004,permanent_development,C50_DIS,0.5,dispersed,4,0.2261735586449779,GLOBAL_RESOLUTION_LIMITED,neutral_physical_bank_prefix,False,33,1,1.5,68,68,68,68,physical_neutral_bank,True
coronacases_004,permanent_development,C50_DIS,0.5,dispersed,5,0.4430011024699154,GLOBAL_GEOMETRY_RESOLVABLE,dispersed,True,6,6,4.86338638120718,6,6,19,10,common_geometry_preserving_candidate_capacity,False
coronacases_004,permanent_development,C50_DIS,0.5,dispersed,9,0.2920629631262628,GLOBAL_RESOLUTION_LIMITED,neutral_physical_bank_prefix,False,33,1,1.5,94,94,94,94,physical_neutral_bank,True
coronacases_004,permanent_development,C50_FRG,0.5,fragmented,2,2.743989951163864,GLOBAL_GEOMETRY_RESOLVABLE,fragmented,True,8,3,1.5,8,8,20,10,common_geometry_preserving_candidate_capacity,False
coronacases_004,permanent_development,C50_FRG,0.5,fragmented,4,0.2261735586449779,GLOBAL_RESOLUTION_LIMITED,neutral_physical_bank_prefix,False,33,1,1.5,68,68,68,68,physical_neutral_bank,True
coronacases_004,permanent_development,C50_FRG,0.5,fragmented,5,0.4430011024699154,GLOBAL_GEOMETRY_RESOLVABLE,fragmented,True,6,3,1.5,6,6,19,10,common_geometry_preserving_candidate_capacity,False
coronacases_004,permanent_development,C50_FRG,0.5,fragmented,9,0.2920629631262628,GLOBAL_RESOLUTION_LIMITED,neutral_physical_bank_prefix,False,33,1,1.5,94,94,94,94,physical_neutral_bank,True
coronacases_005,final_outer_cv,C100_COH,1.0,coherent,1,2.561742662173076,GLOBAL_GEOMETRY_RESOLVABLE,coherent,True,6,1,1.5,6,6,13,7,common_geometry_preserving_candidate_capacity,False
coronacases_005,final_outer_cv,C100_COH,1.0,coherent,2,79.63599037934132,GLOBAL_GEOMETRY_RESOLVABLE,coherent,True,8,1,1.5,8,8,14,11,common_geometry_preserving_candidate_capacity,False
coronacases_005,final_outer_cv,C100_COH,1.0,coherent,3,0.2093507319689051,GLOBAL_RESOLUTION_LIMITED,neutral_physical_bank_prefix,False,26,1,1.5,81,81,81,81,physical_neutral_bank,True
coronacases_005,final_outer_cv,C100_DIS,1.0,dispersed,1,2.561742662173076,GLOBAL_GEOMETRY_RESOLVABLE,dispersed,True,6,6,9.847703633078341,6,6,13,7,common_geometry_preserving_candidate_capacity,False
coronacases_005,final_outer_cv,C100_DIS,1.0,dispersed,2,79.63599037934132,GLOBAL_GEOMETRY_RESOLVABLE,dispersed,True,8,8,32.30411172644117,8,8,14,11,common_geometry_preserving_candidate_capacity,False
coronacases_005,final_outer_cv,C100_DIS,1.0,dispersed,3,0.2093507319689051,GLOBAL_RESOLUTION_LIMITED,neutral_physical_bank_prefix,False,26,1,1.5,81,81,81,81,physical_neutral_bank,True
coronacases_005,final_outer_cv,C100_FRG,1.0,fragmented,1,2.561742662173076,GLOBAL_GEOMETRY_RESOLVABLE,fragmented,True,6,3,1.5,6,6,13,7,common_geometry_preserving_candidate_capacity,False
coronacases_005,final_outer_cv,C100_FRG,1.0,fragmented,2,79.63599037934132,GLOBAL_GEOMETRY_RESOLVABLE,fragmented,True,8,3,1.5,8,8,14,11,common_geometry_preserving_candidate_capacity,False
coronacases_005,final_outer_cv,C100_FRG,1.0,fragmented,3,0.2093507319689051,GLOBAL_RESOLUTION_LIMITED,neutral_physical_bank_prefix,False,26,1,1.5,81,81,81,81,physical_neutral_bank,True
coronacases_005,final_outer_cv,C50_COH,0.5,coherent,2,79.63599037934132,GLOBAL_GEOMETRY_RESOLVABLE,coherent,True,8,1,1.5,8,8,20,12,common_geometry_preserving_candidate_capacity,False
coronacases_005,final_outer_cv,C50_COH,0.5,coherent,3,0.2093507319689051,GLOBAL_RESOLUTION_LIMITED,neutral_physical_bank_prefix,False,32,1,1.5,81,81,81,81,physical_neutral_bank,True
coronacases_005,final_outer_cv,C50_DIS,0.5,dispersed,2,79.63599037934132,GLOBAL_GEOMETRY_RESOLVABLE,dispersed,True,8,8,32.30411172644117,8,8,20,12,common_geometry_preserving_candidate_capacity,False
coronacases_005,final_outer_cv,C50_DIS,0.5,dispersed,3,0.2093507319689051,GLOBAL_RESOLUTION_LIMITED,neutral_physical_bank_prefix,False,32,1,1.5,81,81,81,81,physical_neutral_bank,True
coronacases_005,final_outer_cv,C50_FRG,0.5,fragmented,2,79.63599037934132,GLOBAL_GEOMETRY_RESOLVABLE,fragmented,True,8,3,1.5,8,8,20,12,common_geometry_preserving_candidate_capacity,False
coronacases_005,final_outer_cv,C50_FRG,0.5,fragmented,3,0.2093507319689051,GLOBAL_RESOLUTION_LIMITED,neutral_physical_bank_prefix,False,32,1,1.5,81,81,81,81,physical_neutral_bank,True
coronacases_006,final_outer_cv,C100_COH,1.0,coherent,1,2.523132671356201,GLOBAL_GEOMETRY_RESOLVABLE,coherent,True,5,1,1.5,6,7,10,6,common_geometry_preserving_candidate_capacity,False
coronacases_006,final_outer_cv,C100_COH,1.0,coherent,2,127.01210888671876,GLOBAL_GEOMETRY_RESOLVABLE,coherent,True,5,1,1.5,6,6,10,6,common_geometry_preserving_candidate_capacity,False
coronacases_006,final_outer_cv,C100_DIS,1.0,dispersed,1,2.523132671356201,GLOBAL_GEOMETRY_RESOLVABLE,dispersed,True,5,5,18.55753044263963,6,7,10,6,common_geometry_preserving_candidate_capacity,False
coronacases_006,final_outer_cv,C100_DIS,1.0,dispersed,2,127.01210888671876,GLOBAL_GEOMETRY_RESOLVABLE,dispersed,True,5,5,56.98015259054919,6,6,10,6,common_geometry_preserving_candidate_capacity,False
coronacases_006,final_outer_cv,C100_FRG,1.0,fragmented,1,2.523132671356201,GLOBAL_GEOMETRY_RESOLVABLE,fragmented,True,5,3,5.5058100283221965,6,7,10,6,common_geometry_preserving_candidate_capacity,False
coronacases_006,final_outer_cv,C100_FRG,1.0,fragmented,2,127.01210888671876,GLOBAL_GEOMETRY_RESOLVABLE,fragmented,True,5,3,15.801712228365549,6,6,10,6,common_geometry_preserving_candidate_capacity,False
coronacases_006,final_outer_cv,C50_COH,0.5,coherent,1,2.523132671356201,GLOBAL_GEOMETRY_RESOLVABLE,coherent,True,10,1,1.5,10,10,20,10,common_geometry_preserving_candidate_capacity,False
coronacases_006,final_outer_cv,C50_DIS,0.5,dispersed,1,2.523132671356201,GLOBAL_GEOMETRY_RESOLVABLE,dispersed,True,10,10,11.55216269300504,10,10,20,10,common_geometry_preserving_candidate_capacity,False
coronacases_006,final_outer_cv,C50_FRG,0.5,fragmented,1,2.523132671356201,GLOBAL_GEOMETRY_RESOLVABLE,fragmented,True,10,3,1.5,10,10,20,10,common_geometry_preserving_candidate_capacity,False
coronacases_007,final_outer_cv,C100_COH,1.0,coherent,1,0.204301643371582,GLOBAL_RESOLUTION_LIMITED,neutral_physical_bank_prefix,False,4,1,1.5,72,72,72,72,physical_neutral_bank,True
coronacases_007,final_outer_cv,C100_COH,1.0,coherent,2,12.808493328094482,GLOBAL_GEOMETRY_RESOLVABLE,coherent,True,5,1,1.5,6,6,11,6,common_geometry_preserving_candidate_capacity,False
coronacases_007,final_outer_cv,C100_COH,1.0,coherent,3,51.80622119903564,GLOBAL_GEOMETRY_RESOLVABLE,coherent,True,4,1,1.5,5,5,11,5,common_geometry_preserving_candidate_capacity,False
coronacases_007,final_outer_cv,C100_COH,1.0,coherent,4,1.6430527687072751,GLOBAL_GEOMETRY_RESOLVABLE,coherent,True,5,1,1.5,6,7,11,6,common_geometry_preserving_candidate_capacity,False
coronacases_007,final_outer_cv,C100_COH,1.0,coherent,5,0.1702513694763183,GLOBAL_GEOMETRY_RESOLVABLE,coherent,True,5,1,1.5,6,6,11,9,common_geometry_preserving_candidate_capacity,False
coronacases_007,final_outer_cv,C100_COH,1.0,coherent,6,0.3984390258789062,GLOBAL_GEOMETRY_RESOLVABLE,coherent,True,4,1,1.5,7,9,11,7,common_geometry_preserving_candidate_capacity,False
coronacases_007,final_outer_cv,C100_COH,1.0,coherent,7,0.7003175735473632,GLOBAL_GEOMETRY_RESOLVABLE,coherent,True,5,1,1.6242640687119283,6,6,11,6,common_geometry_preserving_candidate_capacity,False
coronacases_007,final_outer_cv,C100_COH,1.0,coherent,8,0.469080638885498,GLOBAL_GEOMETRY_RESOLVABLE,coherent,True,4,1,1.5,4,5,11,4,common_geometry_preserving_candidate_capacity,False
coronacases_007,final_outer_cv,C100_COH,1.0,coherent,9,23.485032939910887,GLOBAL_GEOMETRY_RESOLVABLE,coherent,True,5,1,1.8727922061357856,5,5,12,9,common_geometry_preserving_candidate_capacity,False
coronacases_007,final_outer_cv,C100_DIS,1.0,dispersed,1,0.204301643371582,GLOBAL_RESOLUTION_LIMITED,neutral_physical_bank_prefix,False,4,1,1.5,72,72,72,72,physical_neutral_bank,True
coronacases_007,final_outer_cv,C100_DIS,1.0,dispersed,2,12.808493328094482,GLOBAL_GEOMETRY_RESOLVABLE,dispersed,True,5,5,30.461110440433067,6,6,11,6,common_geometry_preserving_candidate_capacity,False
coronacases_007,final_outer_cv,C100_DIS,1.0,dispersed,3,51.80622119903564,GLOBAL_GEOMETRY_RESOLVABLE,dispersed,True,4,4,42.409339159895985,5,5,11,5,common_geometry_preserving_candidate_capacity,False
coronacases_007,final_outer_cv,C100_DIS,1.0,dispersed,4,1.6430527687072751,GLOBAL_GEOMETRY_RESOLVABLE,dispersed,True,5,5,7.91973667072534,6,7,11,6,common_geometry_preserving_candidate_capacity,False
coronacases_007,final_outer_cv,C100_DIS,1.0,dispersed,5,0.1702513694763183,GLOBAL_GEOMETRY_RESOLVABLE,dispersed,True,5,5,8.19431388965674,6,6,11,9,common_geometry_preserving_candidate_capacity,False
coronacases_007,final_outer_cv,C100_DIS,1.0,dispersed,6,0.3984390258789062,GLOBAL_GEOMETRY_RESOLVABLE,dispersed,True,4,4,5.653449586244843,7,9,11,7,common_geometry_preserving_candidate_capacity,False
coronacases_007,final_outer_cv,C100_DIS,1.0,dispersed,7,0.7003175735473632,GLOBAL_GEOMETRY_RESOLVABLE,dispersed,True,5,5,5.715392656767951,6,6,11,6,common_geometry_preserving_candidate_capacity,False
coronacases_007,final_outer_cv,C100_DIS,1.0,dispersed,8,0.469080638885498,GLOBAL_GEOMETRY_RESOLVABLE,dispersed,True,4,4,4.960683887729655,4,5,11,4,common_geometry_preserving_candidate_capacity,False
coronacases_007,final_outer_cv,C100_DIS,1.0,dispersed,9,23.485032939910887,GLOBAL_GEOMETRY_RESOLVABLE,dispersed,True,5,5,31.672621381299297,5,5,12,9,common_geometry_preserving_candidate_capacity,False
coronacases_007,final_outer_cv,C100_FRG,1.0,fragmented,1,0.204301643371582,GLOBAL_RESOLUTION_LIMITED,neutral_physical_bank_prefix,False,4,1,1.5,72,72,72,72,physical_neutral_bank,True
coronacases_007,final_outer_cv,C100_FRG,1.0,fragmented,2,12.808493328094482,GLOBAL_GEOMETRY_RESOLVABLE,fragmented,True,5,3,8.505477397131553,6,6,11,6,common_geometry_preserving_candidate_capacity,False
coronacases_007,final_outer_cv,C100_FRG,1.0,fragmented,3,51.80622119903564,GLOBAL_GEOMETRY_RESOLVABLE,fragmented,True,4,3,23.70899118998834,5,5,11,5,common_geometry_preserving_candidate_capacity,False
coronacases_007,final_outer_cv,C100_FRG,1.0,fragmented,4,1.6430527687072751,GLOBAL_GEOMETRY_RESOLVABLE,fragmented,True,5,3,2.815549442140351,6,7,11,6,common_geometry_preserving_candidate_capacity,False
coronacases_007,final_outer_cv,C100_FRG,1.0,fragmented,5,0.1702513694763183,GLOBAL_GEOMETRY_RESOLVABLE,fragmented,True,5,3,3.4847319317591725,6,6,11,9,common_geometry_preserving_candidate_capacity,False
coronacases_007,final_outer_cv,C100_FRG,1.0,fragmented,6,0.3984390258789062,GLOBAL_GEOMETRY_RESOLVABLE,fragmented,True,4,3,4.145516868733282,7,9,11,7,common_geometry_preserving_candidate_capacity,False
coronacases_007,final_outer_cv,C100_FRG,1.0,fragmented,7,0.7003175735473632,GLOBAL_GEOMETRY_RESOLVABLE,fragmented,True,5,3,2.281665382639197,6,6,11,6,common_geometry_preserving_candidate_capacity,False
coronacases_007,final_outer_cv,C100_FRG,1.0,fragmented,8,0.469080638885498,GLOBAL_GEOMETRY_RESOLVABLE,fragmented,True,4,3,3.8717082451262845,4,5,11,4,common_geometry_preserving_candidate_capacity,False
coronacases_007,final_outer_cv,C100_FRG,1.0,fragmented,9,23.485032939910887,GLOBAL_GEOMETRY_RESOLVABLE,fragmented,True,5,3,7.908203932499369,5,5,12,9,common_geometry_preserving_candidate_capacity,False
coronacases_007,final_outer_cv,C50_COH,0.5,coherent,2,12.808493328094482,GLOBAL_GEOMETRY_RESOLVABLE,coherent,True,9,1,1.5,9,9,20,9,common_geometry_preserving_candidate_capacity,False
coronacases_007,final_outer_cv,C50_COH,0.5,coherent,4,1.6430527687072751,GLOBAL_GEOMETRY_RESOLVABLE,coherent,True,8,1,1.5,8,9,20,8,common_geometry_preserving_candidate_capacity,False
coronacases_007,final_outer_cv,C50_COH,0.5,coherent,5,0.1702513694763183,GLOBAL_GEOMETRY_RESOLVABLE,coherent,True,8,1,1.5,8,8,20,12,common_geometry_preserving_candidate_capacity,False
coronacases_007,final_outer_cv,C50_COH,0.5,coherent,8,0.469080638885498,GLOBAL_GEOMETRY_RESOLVABLE,coherent,True,8,1,1.6875,8,8,15,8,common_geometry_preserving_candidate_capacity,False
coronacases_007,final_outer_cv,C50_COH,0.5,coherent,9,23.485032939910887,GLOBAL_GEOMETRY_RESOLVABLE,coherent,True,8,1,1.9969277887261658,8,8,20,12,common_geometry_preserving_candidate_capacity,False
coronacases_007,final_outer_cv,C50_DIS,0.5,dispersed,2,12.808493328094482,GLOBAL_GEOMETRY_RESOLVABLE,dispersed,True,9,9,17.102612647057736,9,9,20,9,common_geometry_preserving_candidate_capacity,False
coronacases_007,final_outer_cv,C50_DIS,0.5,dispersed,4,1.6430527687072751,GLOBAL_GEOMETRY_RESOLVABLE,dispersed,True,8,8,6.60658742197127,8,9,20,8,common_geometry_preserving_candidate_capacity,False
coronacases_007,final_outer_cv,C50_DIS,0.5,dispersed,5,0.1702513694763183,GLOBAL_GEOMETRY_RESOLVABLE,dispersed,True,8,8,5.5003171768290775,8,8,20,12,common_geometry_preserving_candidate_capacity,False
coronacases_007,final_outer_cv,C50_DIS,0.5,dispersed,8,0.469080638885498,GLOBAL_GEOMETRY_RESOLVABLE,dispersed,True,8,5,3.6484231415678092,8,8,15,8,common_geometry_preserving_candidate_capacity,False
coronacases_007,final_outer_cv,C50_DIS,0.5,dispersed,9,23.485032939910887,GLOBAL_GEOMETRY_RESOLVABLE,dispersed,True,8,8,22.00775861695122,8,8,20,12,common_geometry_preserving_candidate_capacity,False
coronacases_007,final_outer_cv,C50_FRG,0.5,fragmented,2,12.808493328094482,GLOBAL_GEOMETRY_RESOLVABLE,fragmented,True,9,3,1.6666666666666667,9,9,20,9,common_geometry_preserving_candidate_capacity,False
coronacases_007,final_outer_cv,C50_FRG,0.5,fragmented,4,1.6430527687072751,GLOBAL_GEOMETRY_RESOLVABLE,fragmented,True,8,3,1.6875,8,9,20,8,common_geometry_preserving_candidate_capacity,False
coronacases_007,final_outer_cv,C50_FRG,0.5,fragmented,5,0.1702513694763183,GLOBAL_GEOMETRY_RESOLVABLE,fragmented,True,8,3,1.5,8,8,20,12,common_geometry_preserving_candidate_capacity,False
coronacases_007,final_outer_cv,C50_FRG,0.5,fragmented,8,0.469080638885498,GLOBAL_GEOMETRY_RESOLVABLE,fragmented,True,8,3,2.0625,8,8,15,8,common_geometry_preserving_candidate_capacity,False
coronacases_007,final_outer_cv,C50_FRG,0.5,fragmented,9,23.485032939910887,GLOBAL_GEOMETRY_RESOLVABLE,fragmented,True,8,3,1.5,8,8,20,12,common_geometry_preserving_candidate_capacity,False
coronacases_008,permanent_development,C100_COH,1.0,coherent,1,0.2887820254313532,GLOBAL_GEOMETRY_RESOLVABLE,coherent,True,3,1,1.5,3,3,6,3,common_geometry_preserving_candidate_capacity,False
coronacases_008,permanent_development,C100_COH,1.0,coherent,2,2.1259607654028163,GLOBAL_GEOMETRY_RESOLVABLE,coherent,True,3,1,2.0,3,3,6,5,common_geometry_preserving_candidate_capacity,False
coronacases_008,permanent_development,C100_COH,1.0,coherent,3,3.0190848113277835,GLOBAL_GEOMETRY_RESOLVABLE,coherent,True,4,1,1.875,4,4,6,5,common_geometry_preserving_candidate_capacity,False
coronacases_008,permanent_development,C100_COH,1.0,coherent,4,0.1638181671537858,GLOBAL_RESOLUTION_LIMITED,neutral_physical_bank_prefix,False,33,1,1.5,46,46,46,46,physical_neutral_bank,True
coronacases_008,permanent_development,C100_COH,1.0,coherent,5,151.33543283995854,GLOBAL_GEOMETRY_RESOLVABLE,coherent,True,4,1,1.875,4,4,6,4,common_geometry_preserving_candidate_capacity,False
coronacases_008,permanent_development,C100_COH,1.0,coherent,6,0.3460133722895668,GLOBAL_GEOMETRY_RESOLVABLE,coherent,True,3,1,2.0,3,3,6,3,common_geometry_preserving_candidate_capacity,False
coronacases_008,permanent_development,C100_COH,1.0,coherent,7,2.346485221186759,GLOBAL_GEOMETRY_RESOLVABLE,coherent,True,4,1,1.5,4,4,7,5,common_geometry_preserving_candidate_capacity,False
coronacases_008,permanent_development,C100_COH,1.0,coherent,8,0.1674935747501848,GLOBAL_GEOMETRY_RESOLVABLE,coherent,True,3,1,2.118033988749895,3,3,6,4,common_geometry_preserving_candidate_capacity,False
coronacases_008,permanent_development,C100_COH,1.0,coherent,11,0.4625762989182221,GLOBAL_GEOMETRY_RESOLVABLE,coherent,True,4,1,1.5,4,4,6,6,common_geometry_preserving_candidate_capacity,False
coronacases_008,permanent_development,C100_COH,1.0,coherent,12,0.3549393621665359,GLOBAL_GEOMETRY_RESOLVABLE,coherent,True,3,1,1.5,3,3,6,5,common_geometry_preserving_candidate_capacity,False
coronacases_008,permanent_development,C100_COH,1.0,coherent,13,0.7791864104365966,GLOBAL_GEOMETRY_RESOLVABLE,coherent,True,3,1,1.5,3,3,6,5,common_geometry_preserving_candidate_capacity,False
coronacases_008,permanent_development,C100_COH,1.0,coherent,16,2.7744076770532184,GLOBAL_GEOMETRY_RESOLVABLE,coherent,True,4,1,1.5,4,4,6,5,common_geometry_preserving_candidate_capacity,False
coronacases_008,permanent_development,C100_COH,1.0,coherent,17,2.8342643150517173,GLOBAL_GEOMETRY_RESOLVABLE,coherent,True,4,1,1.875,4,4,6,5,common_geometry_preserving_candidate_capacity,False
coronacases_008,permanent_development,C100_COH,1.0,coherent,18,0.8406182231192663,GLOBAL_GEOMETRY_RESOLVABLE,coherent,True,4,1,1.6553300858899105,4,4,6,5,common_geometry_preserving_candidate_capacity,False
coronacases_008,permanent_development,C100_COH,1.0,coherent,19,0.4988053166541555,GLOBAL_GEOMETRY_RESOLVABLE,coherent,True,3,1,1.5,3,3,6,5,common_geometry_preserving_candidate_capacity,False
coronacases_008,permanent_development,C100_COH,1.0,coherent,20,0.3391876153248258,GLOBAL_GEOMETRY_RESOLVABLE,coherent,True,4,1,1.9635254915624212,4,4,6,5,common_geometry_preserving_candidate_capacity,False
coronacases_008,permanent_development,C100_COH,1.0,coherent,21,0.3853927393938423,GLOBAL_GEOMETRY_RESOLVABLE,coherent,True,3,1,1.5,3,3,6,5,common_geometry_preserving_candidate_capacity,False
coronacases_008,permanent_development,C100_COH,1.0,coherent,22,0.8773722990832566,GLOBAL_GEOMETRY_RESOLVABLE,coherent,True,3,1,2.0,3,3,7,4,common_geometry_preserving_candidate_capacity,False
coronacases_008,permanent_development,C100_COH,1.0,coherent,23,0.5303088103375758,GLOBAL_GEOMETRY_RESOLVABLE,coherent,True,4,1,1.5,4,6,6,4,common_geometry_preserving_candidate_capacity,False
coronacases_008,permanent_development,C100_COH,1.0,coherent,24,0.7560838484020883,GLOBAL_GEOMETRY_RESOLVABLE,coherent,True,4,1,1.5,4,4,6,4,common_geometry_preserving_candidate_capacity,False
coronacases_008,permanent_development,C100_COH,1.0,coherent,25,1.9789444615468548,GLOBAL_GEOMETRY_RESOLVABLE,coherent,True,2,1,3.6742346141747673,2,2,6,3,common_geometry_preserving_candidate_capacity,False
coronacases_008,permanent_development,C100_COH,1.0,coherent,26,95.28704216955737,GLOBAL_GEOMETRY_RESOLVABLE,coherent,True,3,1,2.0,3,4,6,3,common_geometry_preserving_candidate_capacity,False
coronacases_008,permanent_development,C100_COH,1.0,coherent,27,1.070068668780178,GLOBAL_GEOMETRY_RESOLVABLE,coherent,True,4,1,1.5,4,4,6,4,common_geometry_preserving_candidate_capacity,False
coronacases_008,permanent_development,C100_COH,1.0,coherent,28,2.1285860565431016,GLOBAL_GEOMETRY_RESOLVABLE,coherent,True,4,1,1.5,4,4,7,5,common_geometry_preserving_candidate_capacity,False
coronacases_008,permanent_development,C100_COH,1.0,coherent,31,1.002336157360824,GLOBAL_GEOMETRY_RESOLVABLE,coherent,True,2,1,1.5,2,2,6,4,common_geometry_preserving_candidate_capacity,False
coronacases_008,permanent_development,C100_COH,1.0,coherent,33,0.1092121114358572,GLOBAL_RESOLUTION_LIMITED,neutral_physical_bank_prefix,False,33,1,1.5,38,38,38,38,physical_neutral_bank,True
coronacases_008,permanent_development,C100_COH,1.0,coherent,34,0.6547476103870863,GLOBAL_GEOMETRY_RESOLVABLE,coherent,True,4,1,1.5,4,4,6,5,common_geometry_preserving_candidate_capacity,False
coronacases_008,permanent_development,C100_COH,1.0,coherent,35,10.479112115561724,GLOBAL_GEOMETRY_RESOLVABLE,coherent,True,3,1,1.5,3,4,6,3,common_geometry_preserving_candidate_capacity,False
coronacases_008,permanent_development,C100_COH,1.0,coherent,36,1.6801863297824189,GLOBAL_GEOMETRY_RESOLVABLE,coherent,True,4,1,1.5,4,4,7,5,common_geometry_preserving_candidate_capacity,False
coronacases_008,permanent_development,C100_COH,1.0,coherent,37,2.496126816183005,GLOBAL_GEOMETRY_RESOLVABLE,coherent,True,4,1,1.5,4,4,6,4,common_geometry_preserving_candidate_capacity,False
coronacases_008,permanent_development,C100_COH,1.0,coherent,38,0.9787085370982588,GLOBAL_GEOMETRY_RESOLVABLE,coherent,True,3,1,2.0,3,3,6,4,common_geometry_preserving_candidate_capacity,False
coronacases_008,permanent_development,C100_COH,1.0,coherent,39,0.2467773671867927,GLOBAL_GEOMETRY_RESOLVABLE,coherent,True,2,1,1.5,2,2,6,4,common_geometry_preserving_candidate_capacity,False
coronacases_008,permanent_development,C100_COH,1.0,coherent,40,0.2635792304846169,GLOBAL_RESOLUTION_LIMITED,neutral_physical_bank_prefix,False,34,1,1.5,92,92,92,92,physical_neutral_bank,True
coronacases_008,permanent_development,C100_DIS,1.0,dispersed,1,0.2887820254313532,GLOBAL_GEOMETRY_RESOLVABLE,dispersed,True,3,3,6.35917360311745,3,3,6,3,common_geometry_preserving_candidate_capacity,False
coronacases_008,permanent_development,C100_DIS,1.0,dispersed,2,2.1259607654028163,GLOBAL_GEOMETRY_RESOLVABLE,dispersed,True,3,3,15.714038754232329,3,3,6,5,common_geometry_preserving_candidate_capacity,False
coronacases_008,permanent_development,C100_DIS,1.0,dispersed,3,3.0190848113277835,GLOBAL_GEOMETRY_RESOLVABLE,dispersed,True,4,4,16.019387228824385,4,4,6,5,common_geometry_preserving_candidate_capacity,False
coronacases_008,permanent_development,C100_DIS,1.0,dispersed,4,0.1638181671537858,GLOBAL_RESOLUTION_LIMITED,neutral_physical_bank_prefix,False,33,1,1.5,46,46,46,46,physical_neutral_bank,True
coronacases_008,permanent_development,C100_DIS,1.0,dispersed,5,151.33543283995854,GLOBAL_GEOMETRY_RESOLVABLE,dispersed,True,4,4,61.59093156019713,4,4,6,4,common_geometry_preserving_candidate_capacity,False
coronacases_008,permanent_development,C100_DIS,1.0,dispersed,6,0.3460133722895668,GLOBAL_GEOMETRY_RESOLVABLE,dispersed,True,3,3,4.69925581813316,3,3,6,3,common_geometry_preserving_candidate_capacity,False
coronacases_008,permanent_development,C100_DIS,1.0,dispersed,7,2.346485221186759,GLOBAL_GEOMETRY_RESOLVABLE,dispersed,True,4,4,13.119384975503039,4,4,7,5,common_geometry_preserving_candidate_capacity,False
coronacases_008,permanent_development,C100_DIS,1.0,dispersed,8,0.1674935747501848,GLOBAL_GEOMETRY_RESOLVABLE,dispersed,True,3,2,4.252265380515173,3,3,6,4,common_geometry_preserving_candidate_capacity,False
coronacases_008,permanent_development,C100_DIS,1.0,dispersed,11,0.4625762989182221,GLOBAL_GEOMETRY_RESOLVABLE,dispersed,True,4,4,6.618912286556345,4,4,6,6,common_geometry_preserving_candidate_capacity,False
coronacases_008,permanent_development,C100_DIS,1.0,dispersed,12,0.3549393621665359,GLOBAL_GEOMETRY_RESOLVABLE,dispersed,True,3,3,6.184658438426491,3,3,6,5,common_geometry_preserving_candidate_capacity,False
coronacases_008,permanent_development,C100_DIS,1.0,dispersed,13,0.7791864104365966,GLOBAL_GEOMETRY_RESOLVABLE,dispersed,True,3,3,8.415644303948184,3,3,6,5,common_geometry_preserving_candidate_capacity,False
coronacases_008,permanent_development,C100_DIS,1.0,dispersed,16,2.7744076770532184,GLOBAL_GEOMETRY_RESOLVABLE,dispersed,True,4,4,13.75685436988299,4,4,6,5,common_geometry_preserving_candidate_capacity,False
coronacases_008,permanent_development,C100_DIS,1.0,dispersed,17,2.8342643150517173,GLOBAL_GEOMETRY_RESOLVABLE,dispersed,True,4,4,11.520063083383054,4,4,6,5,common_geometry_preserving_candidate_capacity,False
coronacases_008,permanent_development,C100_DIS,1.0,dispersed,18,0.8406182231192663,GLOBAL_GEOMETRY_RESOLVABLE,dispersed,True,4,4,6.528286112271873,4,4,6,5,common_geometry_preserving_candidate_capacity,False
coronacases_008,permanent_development,C100_DIS,1.0,dispersed,19,0.4988053166541555,GLOBAL_GEOMETRY_RESOLVABLE,dispersed,True,3,3,7.634413615167959,3,3,6,5,common_geometry_preserving_candidate_capacity,False
coronacases_008,permanent_development,C100_DIS,1.0,dispersed,20,0.3391876153248258,GLOBAL_GEOMETRY_RESOLVABLE,dispersed,True,4,4,4.598402071858638,4,4,6,5,common_geometry_preserving_candidate_capacity,False
coronacases_008,permanent_development,C100_DIS,1.0,dispersed,21,0.3853927393938423,GLOBAL_GEOMETRY_RESOLVABLE,dispersed,True,3,3,7.19041575982343,3,3,6,5,common_geometry_preserving_candidate_capacity,False
coronacases_008,permanent_development,C100_DIS,1.0,dispersed,22,0.8773722990832566,GLOBAL_GEOMETRY_RESOLVABLE,dispersed,True,3,3,8.0,3,3,7,4,common_geometry_preserving_candidate_capacity,False
coronacases_008,permanent_development,C100_DIS,1.0,dispersed,23,0.5303088103375758,GLOBAL_GEOMETRY_RESOLVABLE,dispersed,True,4,4,4.743416490252569,4,6,6,4,common_geometry_preserving_candidate_capacity,False
coronacases_008,permanent_development,C100_DIS,1.0,dispersed,24,0.7560838484020883,GLOBAL_GEOMETRY_RESOLVABLE,dispersed,True,4,4,5.8062430400804566,4,4,6,4,common_geometry_preserving_candidate_capacity,False
coronacases_008,permanent_development,C100_DIS,1.0,dispersed,25,1.9789444615468548,GLOBAL_GEOMETRY_RESOLVABLE,dispersed,True,2,2,21.529050141610984,2,2,6,3,common_geometry_preserving_candidate_capacity,False
coronacases_008,permanent_development,C100_DIS,1.0,dispersed,26,95.28704216955737,GLOBAL_GEOMETRY_RESOLVABLE,dispersed,True,3,3,63.46832416551579,3,4,6,3,common_geometry_preserving_candidate_capacity,False
coronacases_008,permanent_development,C100_DIS,1.0,dispersed,27,1.070068668780178,GLOBAL_GEOMETRY_RESOLVABLE,dispersed,True,4,4,6.841578843897922,4,4,6,4,common_geometry_preserving_candidate_capacity,False
coronacases_008,permanent_development,C100_DIS,1.0,dispersed,28,2.1285860565431016,GLOBAL_GEOMETRY_RESOLVABLE,dispersed,True,4,4,15.451052995337808,4,4,7,5,common_geometry_preserving_candidate_capacity,False
coronacases_008,permanent_development,C100_DIS,1.0,dispersed,31,1.002336157360824,GLOBAL_GEOMETRY_RESOLVABLE,dispersed,True,2,2,18.24828759089466,2,2,6,4,common_geometry_preserving_candidate_capacity,False
coronacases_008,permanent_development,C100_DIS,1.0,dispersed,33,0.1092121114358572,GLOBAL_RESOLUTION_LIMITED,neutral_physical_bank_prefix,False,33,1,1.5,38,38,38,38,physical_neutral_bank,True
coronacases_008,permanent_development,C100_DIS,1.0,dispersed,34,0.6547476103870863,GLOBAL_GEOMETRY_RESOLVABLE,dispersed,True,4,4,7.782153795463513,4,4,6,5,common_geometry_preserving_candidate_capacity,False
coronacases_008,permanent_development,C100_DIS,1.0,dispersed,35,10.479112115561724,GLOBAL_GEOMETRY_RESOLVABLE,dispersed,True,3,3,24.908281410686076,3,4,6,3,common_geometry_preserving_candidate_capacity,False
coronacases_008,permanent_development,C100_DIS,1.0,dispersed,36,1.6801863297824189,GLOBAL_GEOMETRY_RESOLVABLE,dispersed,True,4,4,11.489253502947578,4,4,7,5,common_geometry_preserving_candidate_capacity,False
coronacases_008,permanent_development,C100_DIS,1.0,dispersed,37,2.496126816183005,GLOBAL_GEOMETRY_RESOLVABLE,dispersed,True,4,4,11.797144518587402,4,4,6,4,common_geometry_preserving_candidate_capacity,False
coronacases_008,permanent_development,C100_DIS,1.0,dispersed,38,0.9787085370982588,GLOBAL_GEOMETRY_RESOLVABLE,dispersed,True,3,3,9.34166020071207,3,3,6,4,common_geometry_preserving_candidate_capacity,False
coronacases_008,permanent_development,C100_DIS,1.0,dispersed,39,0.2467773671867927,GLOBAL_GEOMETRY_RESOLVABLE,dispersed,True,2,2,7.5,2,2,6,4,common_geometry_preserving_candidate_capacity,False
coronacases_008,permanent_development,C100_DIS,1.0,dispersed,40,0.2635792304846169,GLOBAL_RESOLUTION_LIMITED,neutral_physical_bank_prefix,False,34,1,1.5,92,92,92,92,physical_neutral_bank,True
coronacases_008,permanent_development,C100_FRG,1.0,fragmented,1,0.2887820254313532,GLOBAL_GEOMETRY_RESOLVABLE,fragmented,True,3,2,3.6502815398728843,3,3,6,3,common_geometry_preserving_candidate_capacity,False
coronacases_008,permanent_development,C100_FRG,1.0,fragmented,2,2.1259607654028163,GLOBAL_GEOMETRY_RESOLVABLE,fragmented,True,3,3,12.363420381819862,3,3,6,5,common_geometry_preserving_candidate_capacity,False
coronacases_008,permanent_development,C100_FRG,1.0,fragmented,3,3.0190848113277835,GLOBAL_GEOMETRY_RESOLVABLE,fragmented,True,4,3,8.856478877150657,4,4,6,5,common_geometry_preserving_candidate_capacity,False
coronacases_008,permanent_development,C100_FRG,1.0,fragmented,4,0.1638181671537858,GLOBAL_RESOLUTION_LIMITED,neutral_physical_bank_prefix,False,33,1,1.5,46,46,46,46,physical_neutral_bank,True
coronacases_008,permanent_development,C100_FRG,1.0,fragmented,5,151.33543283995854,GLOBAL_GEOMETRY_RESOLVABLE,fragmented,True,4,3,39.8904923047178,4,4,6,4,common_geometry_preserving_candidate_capacity,False
coronacases_008,permanent_development,C100_FRG,1.0,fragmented,6,0.3460133722895668,GLOBAL_GEOMETRY_RESOLVABLE,fragmented,True,3,3,3.118033988749895,3,3,6,3,common_geometry_preserving_candidate_capacity,False
coronacases_008,permanent_development,C100_FRG,1.0,fragmented,7,2.346485221186759,GLOBAL_GEOMETRY_RESOLVABLE,fragmented,True,4,3,6.796693311223912,4,4,7,5,common_geometry_preserving_candidate_capacity,False
coronacases_008,permanent_development,C100_FRG,1.0,fragmented,8,0.1674935747501848,GLOBAL_GEOMETRY_RESOLVABLE,fragmented,True,3,2,2.0,3,3,6,4,common_geometry_preserving_candidate_capacity,False
coronacases_008,permanent_development,C100_FRG,1.0,fragmented,11,0.4625762989182221,GLOBAL_GEOMETRY_RESOLVABLE,fragmented,True,4,3,3.4541634565979926,4,4,6,6,common_geometry_preserving_candidate_capacity,False
coronacases_008,permanent_development,C100_FRG,1.0,fragmented,12,0.3549393621665359,GLOBAL_GEOMETRY_RESOLVABLE,fragmented,True,3,3,5.47637996885096,3,3,6,5,common_geometry_preserving_candidate_capacity,False
coronacases_008,permanent_development,C100_FRG,1.0,fragmented,13,0.7791864104365966,GLOBAL_GEOMETRY_RESOLVABLE,fragmented,True,3,3,7.038581573040311,3,3,6,5,common_geometry_preserving_candidate_capacity,False
coronacases_008,permanent_development,C100_FRG,1.0,fragmented,16,2.7744076770532184,GLOBAL_GEOMETRY_RESOLVABLE,fragmented,True,4,3,6.526555610218679,4,4,6,5,common_geometry_preserving_candidate_capacity,False
coronacases_008,permanent_development,C100_FRG,1.0,fragmented,17,2.8342643150517173,GLOBAL_GEOMETRY_RESOLVABLE,fragmented,True,4,3,7.069455614842247,4,4,6,5,common_geometry_preserving_candidate_capacity,False
coronacases_008,permanent_development,C100_FRG,1.0,fragmented,18,0.8406182231192663,GLOBAL_GEOMETRY_RESOLVABLE,fragmented,True,4,3,3.6992861296468504,4,4,6,5,common_geometry_preserving_candidate_capacity,False
coronacases_008,permanent_development,C100_FRG,1.0,fragmented,19,0.4988053166541555,GLOBAL_GEOMETRY_RESOLVABLE,fragmented,True,3,3,5.977725364273732,3,3,6,5,common_geometry_preserving_candidate_capacity,False
coronacases_008,permanent_development,C100_FRG,1.0,fragmented,20,0.3391876153248258,GLOBAL_GEOMETRY_RESOLVABLE,fragmented,True,4,3,2.8713203435596424,4,4,6,5,common_geometry_preserving_candidate_capacity,False
coronacases_008,permanent_development,C100_FRG,1.0,fragmented,21,0.3853927393938423,GLOBAL_GEOMETRY_RESOLVABLE,fragmented,True,3,3,5.977725364273732,3,3,6,5,common_geometry_preserving_candidate_capacity,False
coronacases_008,permanent_development,C100_FRG,1.0,fragmented,22,0.8773722990832566,GLOBAL_GEOMETRY_RESOLVABLE,fragmented,True,3,3,6.41439347309558,3,3,7,4,common_geometry_preserving_candidate_capacity,False
coronacases_008,permanent_development,C100_FRG,1.0,fragmented,23,0.5303088103375758,GLOBAL_GEOMETRY_RESOLVABLE,fragmented,True,4,3,3.4541634565979926,4,6,6,4,common_geometry_preserving_candidate_capacity,False
coronacases_008,permanent_development,C100_FRG,1.0,fragmented,24,0.7560838484020883,GLOBAL_GEOMETRY_RESOLVABLE,fragmented,True,4,3,4.499249624684678,4,4,6,4,common_geometry_preserving_candidate_capacity,False
coronacases_008,permanent_development,C100_FRG,1.0,fragmented,25,1.9789444615468548,GLOBAL_GEOMETRY_RESOLVABLE,fragmented,True,2,2,12.36931687685298,2,2,6,3,common_geometry_preserving_candidate_capacity,False
coronacases_008,permanent_development,C100_FRG,1.0,fragmented,26,95.28704216955737,GLOBAL_GEOMETRY_RESOLVABLE,fragmented,True,3,3,57.78397603917065,3,4,6,3,common_geometry_preserving_candidate_capacity,False
coronacases_008,permanent_development,C100_FRG,1.0,fragmented,27,1.070068668780178,GLOBAL_GEOMETRY_RESOLVABLE,fragmented,True,4,3,6.406149737043933,4,4,6,4,common_geometry_preserving_candidate_capacity,False
coronacases_008,permanent_development,C100_FRG,1.0,fragmented,28,2.1285860565431016,GLOBAL_GEOMETRY_RESOLVABLE,fragmented,True,4,3,8.897085368400163,4,4,7,5,common_geometry_preserving_candidate_capacity,False
coronacases_008,permanent_development,C100_FRG,1.0,fragmented,31,1.002336157360824,GLOBAL_GEOMETRY_RESOLVABLE,fragmented,True,2,2,12.186057606953941,2,2,6,4,common_geometry_preserving_candidate_capacity,False
coronacases_008,permanent_development,C100_FRG,1.0,fragmented,33,0.1092121114358572,GLOBAL_RESOLUTION_LIMITED,neutral_physical_bank_prefix,False,33,1,1.5,38,38,38,38,physical_neutral_bank,True
coronacases_008,permanent_development,C100_FRG,1.0,fragmented,34,0.6547476103870863,GLOBAL_GEOMETRY_RESOLVABLE,fragmented,True,4,3,4.18693177121688,4,4,6,5,common_geometry_preserving_candidate_capacity,False
coronacases_008,permanent_development,C100_FRG,1.0,fragmented,35,10.479112115561724,GLOBAL_GEOMETRY_RESOLVABLE,fragmented,True,3,3,26.82613855450764,3,4,6,3,common_geometry_preserving_candidate_capacity,False
coronacases_008,permanent_development,C100_FRG,1.0,fragmented,36,1.6801863297824189,GLOBAL_GEOMETRY_RESOLVABLE,fragmented,True,4,3,7.394174207655505,4,4,7,5,common_geometry_preserving_candidate_capacity,False
coronacases_008,permanent_development,C100_FRG,1.0,fragmented,37,2.496126816183005,GLOBAL_GEOMETRY_RESOLVABLE,fragmented,True,4,3,6.2613519212621505,4,4,6,4,common_geometry_preserving_candidate_capacity,False
coronacases_008,permanent_development,C100_FRG,1.0,fragmented,38,0.9787085370982588,GLOBAL_GEOMETRY_RESOLVABLE,fragmented,True,3,3,8.349506898320675,3,3,6,4,common_geometry_preserving_candidate_capacity,False
coronacases_008,permanent_development,C100_FRG,1.0,fragmented,39,0.2467773671867927,GLOBAL_GEOMETRY_RESOLVABLE,fragmented,True,2,2,5.408326913195984,2,2,6,4,common_geometry_preserving_candidate_capacity,False
coronacases_008,permanent_development,C100_FRG,1.0,fragmented,40,0.2635792304846169,GLOBAL_RESOLUTION_LIMITED,neutral_physical_bank_prefix,False,34,1,1.5,92,92,92,92,physical_neutral_bank,True
coronacases_008,permanent_development,C50_COH,0.5,coherent,1,0.2887820254313532,GLOBAL_GEOMETRY_RESOLVABLE,coherent,True,5,1,1.5,5,7,12,5,common_geometry_preserving_candidate_capacity,False
coronacases_008,permanent_development,C50_COH,0.5,coherent,4,0.1638181671537858,GLOBAL_RESOLUTION_LIMITED,neutral_physical_bank_prefix,False,44,1,1.5,46,46,46,46,physical_neutral_bank,True
coronacases_008,permanent_development,C50_COH,0.5,coherent,7,2.346485221186759,GLOBAL_GEOMETRY_RESOLVABLE,coherent,True,6,1,1.6035533905932737,6,6,12,9,common_geometry_preserving_candidate_capacity,False
coronacases_008,permanent_development,C50_COH,0.5,coherent,12,0.3549393621665359,GLOBAL_GEOMETRY_RESOLVABLE,coherent,True,4,1,1.875,4,4,10,7,common_geometry_preserving_candidate_capacity,False
coronacases_008,permanent_development,C50_COH,0.5,coherent,13,0.7791864104365966,GLOBAL_GEOMETRY_RESOLVABLE,coherent,True,6,1,1.8535533905932737,6,6,12,6,common_geometry_preserving_candidate_capacity,False
coronacases_008,permanent_development,C50_COH,0.5,coherent,19,0.4988053166541555,GLOBAL_GEOMETRY_RESOLVABLE,coherent,True,6,1,1.5,6,8,12,6,common_geometry_preserving_candidate_capacity,False
coronacases_008,permanent_development,C50_COH,0.5,coherent,20,0.3391876153248258,GLOBAL_GEOMETRY_RESOLVABLE,coherent,True,6,1,1.5,6,6,12,8,common_geometry_preserving_candidate_capacity,False
coronacases_008,permanent_development,C50_COH,0.5,coherent,21,0.3853927393938423,GLOBAL_GEOMETRY_RESOLVABLE,coherent,True,6,1,1.5,6,6,12,7,common_geometry_preserving_candidate_capacity,False
coronacases_008,permanent_development,C50_COH,0.5,coherent,22,0.8773722990832566,GLOBAL_GEOMETRY_RESOLVABLE,coherent,True,5,1,1.6242640687119283,5,5,12,6,common_geometry_preserving_candidate_capacity,False
coronacases_008,permanent_development,C50_COH,0.5,coherent,28,2.1285860565431016,GLOBAL_GEOMETRY_RESOLVABLE,coherent,True,5,1,1.5,5,5,12,7,common_geometry_preserving_candidate_capacity,False
coronacases_008,permanent_development,C50_COH,0.5,coherent,31,1.002336157360824,GLOBAL_GEOMETRY_RESOLVABLE,coherent,True,6,1,1.5,6,6,12,8,common_geometry_preserving_candidate_capacity,False
coronacases_008,permanent_development,C50_COH,0.5,coherent,33,0.1092121114358572,GLOBAL_RESOLUTION_LIMITED,neutral_physical_bank_prefix,False,38,1,1.5,38,38,38,38,physical_neutral_bank,True
coronacases_008,permanent_development,C50_COH,0.5,coherent,35,10.479112115561724,GLOBAL_GEOMETRY_RESOLVABLE,coherent,True,4,1,1.5,4,4,12,5,common_geometry_preserving_candidate_capacity,False
coronacases_008,permanent_development,C50_COH,0.5,coherent,36,1.6801863297824189,GLOBAL_GEOMETRY_RESOLVABLE,coherent,True,5,1,1.8,5,5,12,9,common_geometry_preserving_candidate_capacity,False
coronacases_008,permanent_development,C50_COH,0.5,coherent,37,2.496126816183005,GLOBAL_GEOMETRY_RESOLVABLE,coherent,True,6,1,1.75,6,7,12,6,common_geometry_preserving_candidate_capacity,False
coronacases_008,permanent_development,C50_COH,0.5,coherent,39,0.2467773671867927,GLOBAL_GEOMETRY_RESOLVABLE,coherent,True,5,1,1.5,5,5,11,6,common_geometry_preserving_candidate_capacity,False
coronacases_008,permanent_development,C50_COH,0.5,coherent,40,0.2635792304846169,GLOBAL_RESOLUTION_LIMITED,neutral_physical_bank_prefix,False,45,1,1.5,92,92,92,92,physical_neutral_bank,True
coronacases_008,permanent_development,C50_DIS,0.5,dispersed,1,0.2887820254313532,GLOBAL_GEOMETRY_RESOLVABLE,dispersed,True,5,5,4.1808712710412,5,7,12,5,common_geometry_preserving_candidate_capacity,False
coronacases_008,permanent_development,C50_DIS,0.5,dispersed,4,0.1638181671537858,GLOBAL_RESOLUTION_LIMITED,neutral_physical_bank_prefix,False,44,1,1.5,46,46,46,46,physical_neutral_bank,True
coronacases_008,permanent_development,C50_DIS,0.5,dispersed,7,2.346485221186759,GLOBAL_GEOMETRY_RESOLVABLE,dispersed,True,6,6,9.742677375568887,6,6,12,9,common_geometry_preserving_candidate_capacity,False
coronacases_008,permanent_development,C50_DIS,0.5,dispersed,12,0.3549393621665359,GLOBAL_GEOMETRY_RESOLVABLE,dispersed,True,4,3,4.592320555426608,4,4,10,7,common_geometry_preserving_candidate_capacity,False
coronacases_008,permanent_development,C50_DIS,0.5,dispersed,13,0.7791864104365966,GLOBAL_GEOMETRY_RESOLVABLE,dispersed,True,6,6,6.223669353673721,6,6,12,6,common_geometry_preserving_candidate_capacity,False
coronacases_008,permanent_development,C50_DIS,0.5,dispersed,19,0.4988053166541555,GLOBAL_GEOMETRY_RESOLVABLE,dispersed,True,6,6,5.034826445300872,6,8,12,6,common_geometry_preserving_candidate_capacity,False
coronacases_008,permanent_development,C50_DIS,0.5,dispersed,20,0.3391876153248258,GLOBAL_GEOMETRY_RESOLVABLE,dispersed,True,6,5,3.9893543323095373,6,6,12,8,common_geometry_preserving_candidate_capacity,False
coronacases_008,permanent_development,C50_DIS,0.5,dispersed,21,0.3853927393938423,GLOBAL_GEOMETRY_RESOLVABLE,dispersed,True,6,6,4.78224755112299,6,6,12,7,common_geometry_preserving_candidate_capacity,False
coronacases_008,permanent_development,C50_DIS,0.5,dispersed,22,0.8773722990832566,GLOBAL_GEOMETRY_RESOLVABLE,dispersed,True,5,5,6.741640786499874,5,5,12,6,common_geometry_preserving_candidate_capacity,False
coronacases_008,permanent_development,C50_DIS,0.5,dispersed,28,2.1285860565431016,GLOBAL_GEOMETRY_RESOLVABLE,dispersed,True,5,5,14.938344230417176,5,5,12,7,common_geometry_preserving_candidate_capacity,False
coronacases_008,permanent_development,C50_DIS,0.5,dispersed,31,1.002336157360824,GLOBAL_GEOMETRY_RESOLVABLE,dispersed,True,6,6,7.363278481212785,6,6,12,8,common_geometry_preserving_candidate_capacity,False
coronacases_008,permanent_development,C50_DIS,0.5,dispersed,33,0.1092121114358572,GLOBAL_RESOLUTION_LIMITED,neutral_physical_bank_prefix,False,38,1,1.5,38,38,38,38,physical_neutral_bank,True
coronacases_008,permanent_development,C50_DIS,0.5,dispersed,35,10.479112115561724,GLOBAL_GEOMETRY_RESOLVABLE,dispersed,True,4,4,24.07282773793705,4,4,12,5,common_geometry_preserving_candidate_capacity,False
coronacases_008,permanent_development,C50_DIS,0.5,dispersed,36,1.6801863297824189,GLOBAL_GEOMETRY_RESOLVABLE,dispersed,True,5,5,9.88551535205349,5,5,12,9,common_geometry_preserving_candidate_capacity,False
coronacases_008,permanent_development,C50_DIS,0.5,dispersed,37,2.496126816183005,GLOBAL_GEOMETRY_RESOLVABLE,dispersed,True,6,6,9.448043331698925,6,7,12,6,common_geometry_preserving_candidate_capacity,False
coronacases_008,permanent_development,C50_DIS,0.5,dispersed,39,0.2467773671867927,GLOBAL_GEOMETRY_RESOLVABLE,dispersed,True,5,5,3.354101966249685,5,5,11,6,common_geometry_preserving_candidate_capacity,False
coronacases_008,permanent_development,C50_DIS,0.5,dispersed,40,0.2635792304846169,GLOBAL_RESOLUTION_LIMITED,neutral_physical_bank_prefix,False,45,1,1.5,92,92,92,92,physical_neutral_bank,True
coronacases_008,permanent_development,C50_FRG,0.5,fragmented,1,0.2887820254313532,GLOBAL_GEOMETRY_RESOLVABLE,fragmented,True,5,2,1.8,5,7,12,5,common_geometry_preserving_candidate_capacity,False
coronacases_008,permanent_development,C50_FRG,0.5,fragmented,4,0.1638181671537858,GLOBAL_RESOLUTION_LIMITED,neutral_physical_bank_prefix,False,44,1,1.5,46,46,46,46,physical_neutral_bank,True
coronacases_008,permanent_development,C50_FRG,0.5,fragmented,7,2.346485221186759,GLOBAL_GEOMETRY_RESOLVABLE,fragmented,True,6,3,1.5,6,6,12,9,common_geometry_preserving_candidate_capacity,False
coronacases_008,permanent_development,C50_FRG,0.5,fragmented,12,0.3549393621665359,GLOBAL_GEOMETRY_RESOLVABLE,fragmented,True,4,2,2.4270509831248424,4,4,10,7,common_geometry_preserving_candidate_capacity,False
coronacases_008,permanent_development,C50_FRG,0.5,fragmented,13,0.7791864104365966,GLOBAL_GEOMETRY_RESOLVABLE,fragmented,True,6,3,1.5,6,6,12,6,common_geometry_preserving_candidate_capacity,False
coronacases_008,permanent_development,C50_FRG,0.5,fragmented,19,0.4988053166541555,GLOBAL_GEOMETRY_RESOLVABLE,fragmented,True,6,3,2.1513878188659974,6,8,12,6,common_geometry_preserving_candidate_capacity,False
coronacases_008,permanent_development,C50_FRG,0.5,fragmented,20,0.3391876153248258,GLOBAL_GEOMETRY_RESOLVABLE,fragmented,True,6,2,2.118033988749895,6,6,12,8,common_geometry_preserving_candidate_capacity,False
coronacases_008,permanent_development,C50_FRG,0.5,fragmented,21,0.3853927393938423,GLOBAL_GEOMETRY_RESOLVABLE,fragmented,True,6,3,1.5,6,6,12,7,common_geometry_preserving_candidate_capacity,False
coronacases_008,permanent_development,C50_FRG,0.5,fragmented,22,0.8773722990832566,GLOBAL_GEOMETRY_RESOLVABLE,fragmented,True,5,3,3.25942890371748,5,5,12,6,common_geometry_preserving_candidate_capacity,False
coronacases_008,permanent_development,C50_FRG,0.5,fragmented,28,2.1285860565431016,GLOBAL_GEOMETRY_RESOLVABLE,fragmented,True,5,3,4.5,5,5,12,7,common_geometry_preserving_candidate_capacity,False
coronacases_008,permanent_development,C50_FRG,0.5,fragmented,31,1.002336157360824,GLOBAL_GEOMETRY_RESOLVABLE,fragmented,True,6,3,1.5,6,6,12,8,common_geometry_preserving_candidate_capacity,False
coronacases_008,permanent_development,C50_FRG,0.5,fragmented,33,0.1092121114358572,GLOBAL_RESOLUTION_LIMITED,neutral_physical_bank_prefix,False,38,1,1.5,38,38,38,38,physical_neutral_bank,True
coronacases_008,permanent_development,C50_FRG,0.5,fragmented,35,10.479112115561724,GLOBAL_GEOMETRY_RESOLVABLE,fragmented,True,4,3,14.303222944314799,4,4,12,5,common_geometry_preserving_candidate_capacity,False
coronacases_008,permanent_development,C50_FRG,0.5,fragmented,36,1.6801863297824189,GLOBAL_GEOMETRY_RESOLVABLE,fragmented,True,5,3,3.618677324489565,5,5,12,9,common_geometry_preserving_candidate_capacity,False
coronacases_008,permanent_development,C50_FRG,0.5,fragmented,37,2.496126816183005,GLOBAL_GEOMETRY_RESOLVABLE,fragmented,True,6,3,3.0871173070873836,6,7,12,6,common_geometry_preserving_candidate_capacity,False
coronacases_008,permanent_development,C50_FRG,0.5,fragmented,39,0.2467773671867927,GLOBAL_GEOMETRY_RESOLVABLE,fragmented,True,5,3,1.8,5,5,11,6,common_geometry_preserving_candidate_capacity,False
coronacases_008,permanent_development,C50_FRG,0.5,fragmented,40,0.2635792304846169,GLOBAL_RESOLUTION_LIMITED,neutral_physical_bank_prefix,False,45,1,1.5,92,92,92,92,physical_neutral_bank,True
coronacases_009,final_outer_cv,C100_COH,1.0,coherent,1,72.49283125238443,GLOBAL_GEOMETRY_RESOLVABLE,coherent,True,2,1,2.1213203435596424,2,2,5,3,common_geometry_preserving_candidate_capacity,False
coronacases_009,final_outer_cv,C100_COH,1.0,coherent,2,0.7490830878262388,GLOBAL_GEOMETRY_RESOLVABLE,coherent,True,2,1,1.5,2,2,6,3,common_geometry_preserving_candidate_capacity,False
coronacases_009,final_outer_cv,C100_COH,1.0,coherent,3,28.84554014057272,GLOBAL_GEOMETRY_RESOLVABLE,coherent,True,2,1,1.5,2,2,5,5,common_geometry_preserving_candidate_capacity,False
coronacases_009,final_outer_cv,C100_COH,1.0,coherent,4,0.1934625067748364,GLOBAL_GEOMETRY_RESOLVABLE,coherent,True,4,1,1.5,4,4,6,4,common_geometry_preserving_candidate_capacity,False
coronacases_009,final_outer_cv,C100_COH,1.0,coherent,5,0.1705647704657374,GLOBAL_GEOMETRY_RESOLVABLE,coherent,True,3,1,1.5,3,3,5,4,common_geometry_preserving_candidate_capacity,False
coronacases_009,final_outer_cv,C100_COH,1.0,coherent,6,0.1084137719124687,GLOBAL_RESOLUTION_LIMITED,neutral_physical_bank_prefix,False,26,1,1.5,50,50,50,50,physical_neutral_bank,True
coronacases_009,final_outer_cv,C100_COH,1.0,coherent,7,0.342998743895483,GLOBAL_GEOMETRY_RESOLVABLE,coherent,True,3,1,2.0,3,3,5,5,common_geometry_preserving_candidate_capacity,False
coronacases_009,final_outer_cv,C100_COH,1.0,coherent,8,1.1107738613618026,GLOBAL_GEOMETRY_RESOLVABLE,coherent,True,3,1,1.5,3,3,5,5,common_geometry_preserving_candidate_capacity,False
coronacases_009,final_outer_cv,C100_COH,1.0,coherent,9,0.753756095236259,GLOBAL_GEOMETRY_RESOLVABLE,coherent,True,3,1,2.118033988749895,3,3,6,4,common_geometry_preserving_candidate_capacity,False
coronacases_009,final_outer_cv,C100_DIS,1.0,dispersed,1,72.49283125238443,GLOBAL_GEOMETRY_RESOLVABLE,dispersed,True,2,2,74.75961476626267,2,2,5,3,common_geometry_preserving_candidate_capacity,False
coronacases_009,final_outer_cv,C100_DIS,1.0,dispersed,2,0.7490830878262388,GLOBAL_GEOMETRY_RESOLVABLE,dispersed,True,2,2,13.82931668593933,2,2,6,3,common_geometry_preserving_candidate_capacity,False
coronacases_009,final_outer_cv,C100_DIS,1.0,dispersed,3,28.84554014057272,GLOBAL_GEOMETRY_RESOLVABLE,dispersed,True,2,2,79.44337606119217,2,2,5,5,common_geometry_preserving_candidate_capacity,False
coronacases_009,final_outer_cv,C100_DIS,1.0,dispersed,4,0.1934625067748364,GLOBAL_GEOMETRY_RESOLVABLE,dispersed,True,4,4,4.575297321030461,4,4,6,4,common_geometry_preserving_candidate_capacity,False
coronacases_009,final_outer_cv,C100_DIS,1.0,dispersed,5,0.1705647704657374,GLOBAL_GEOMETRY_RESOLVABLE,dispersed,True,3,3,4.5,3,3,5,4,common_geometry_preserving_candidate_capacity,False
coronacases_009,final_outer_cv,C100_DIS,1.0,dispersed,6,0.1084137719124687,GLOBAL_RESOLUTION_LIMITED,neutral_physical_bank_prefix,False,26,1,1.5,50,50,50,50,physical_neutral_bank,True
coronacases_009,final_outer_cv,C100_DIS,1.0,dispersed,7,0.342998743895483,GLOBAL_GEOMETRY_RESOLVABLE,dispersed,True,3,3,5.854860063735631,3,3,5,5,common_geometry_preserving_candidate_capacity,False
coronacases_009,final_outer_cv,C100_DIS,1.0,dispersed,8,1.1107738613618026,GLOBAL_GEOMETRY_RESOLVABLE,dispersed,True,3,3,13.643023258910317,3,3,5,5,common_geometry_preserving_candidate_capacity,False
coronacases_009,final_outer_cv,C100_DIS,1.0,dispersed,9,0.753756095236259,GLOBAL_GEOMETRY_RESOLVABLE,dispersed,True,3,3,8.377260792952907,3,3,6,4,common_geometry_preserving_candidate_capacity,False
coronacases_009,final_outer_cv,C100_FRG,1.0,fragmented,1,72.49283125238443,GLOBAL_GEOMETRY_RESOLVABLE,fragmented,True,2,2,54.04165060395547,2,2,5,3,common_geometry_preserving_candidate_capacity,False
coronacases_009,final_outer_cv,C100_FRG,1.0,fragmented,2,0.7490830878262388,GLOBAL_GEOMETRY_RESOLVABLE,fragmented,True,2,2,6.87386354243376,2,2,6,3,common_geometry_preserving_candidate_capacity,False
coronacases_009,final_outer_cv,C100_FRG,1.0,fragmented,3,28.84554014057272,GLOBAL_GEOMETRY_RESOLVABLE,fragmented,True,2,2,44.54772721475249,2,2,5,5,common_geometry_preserving_candidate_capacity,False
coronacases_009,final_outer_cv,C100_FRG,1.0,fragmented,4,0.1934625067748364,GLOBAL_GEOMETRY_RESOLVABLE,fragmented,True,4,3,2.8713203435596424,4,4,6,4,common_geometry_preserving_candidate_capacity,False
coronacases_009,final_outer_cv,C100_FRG,1.0,fragmented,5,0.1705647704657374,GLOBAL_GEOMETRY_RESOLVABLE,fragmented,True,3,3,4.5,3,3,5,4,common_geometry_preserving_candidate_capacity,False
coronacases_009,final_outer_cv,C100_FRG,1.0,fragmented,6,0.1084137719124687,GLOBAL_RESOLUTION_LIMITED,neutral_physical_bank_prefix,False,26,1,1.5,50,50,50,50,physical_neutral_bank,True
coronacases_009,final_outer_cv,C100_FRG,1.0,fragmented,7,0.342998743895483,GLOBAL_GEOMETRY_RESOLVABLE,fragmented,True,3,3,3.73606797749979,3,3,5,5,common_geometry_preserving_candidate_capacity,False
coronacases_009,final_outer_cv,C100_FRG,1.0,fragmented,8,1.1107738613618026,GLOBAL_GEOMETRY_RESOLVABLE,fragmented,True,3,3,7.791601917160037,3,3,5,5,common_geometry_preserving_candidate_capacity,False
coronacases_009,final_outer_cv,C100_FRG,1.0,fragmented,9,0.753756095236259,GLOBAL_GEOMETRY_RESOLVABLE,fragmented,True,3,3,5.8416192529637785,3,3,6,4,common_geometry_preserving_candidate_capacity,False
coronacases_009,final_outer_cv,C50_COH,0.5,coherent,2,0.7490830878262388,GLOBAL_GEOMETRY_RESOLVABLE,coherent,True,3,1,1.5,3,3,10,6,common_geometry_preserving_candidate_capacity,False
coronacases_009,final_outer_cv,C50_COH,0.5,coherent,4,0.1934625067748364,GLOBAL_GEOMETRY_RESOLVABLE,coherent,True,6,1,1.5,6,6,10,7,common_geometry_preserving_candidate_capacity,False
coronacases_009,final_outer_cv,C50_COH,0.5,coherent,5,0.1705647704657374,GLOBAL_GEOMETRY_RESOLVABLE,coherent,True,4,1,1.5,4,4,6,6,common_geometry_preserving_candidate_capacity,False
coronacases_009,final_outer_cv,C50_COH,0.5,coherent,6,0.1084137719124687,GLOBAL_RESOLUTION_LIMITED,neutral_physical_bank_prefix,False,32,1,1.5,50,50,50,50,physical_neutral_bank,True
coronacases_009,final_outer_cv,C50_COH,0.5,coherent,9,0.753756095236259,GLOBAL_GEOMETRY_RESOLVABLE,coherent,True,3,1,2.118033988749895,3,3,10,5,common_geometry_preserving_candidate_capacity,False
coronacases_009,final_outer_cv,C50_DIS,0.5,dispersed,2,0.7490830878262388,GLOBAL_GEOMETRY_RESOLVABLE,dispersed,True,3,3,9.518515969218662,3,3,10,6,common_geometry_preserving_candidate_capacity,False
coronacases_009,final_outer_cv,C50_DIS,0.5,dispersed,4,0.1934625067748364,GLOBAL_GEOMETRY_RESOLVABLE,dispersed,True,6,5,2.9976761962286425,6,6,10,7,common_geometry_preserving_candidate_capacity,False
coronacases_009,final_outer_cv,C50_DIS,0.5,dispersed,5,0.1705647704657374,GLOBAL_GEOMETRY_RESOLVABLE,dispersed,True,4,3,4.087117307087384,4,4,6,6,common_geometry_preserving_candidate_capacity,False
coronacases_009,final_outer_cv,C50_DIS,0.5,dispersed,6,0.1084137719124687,GLOBAL_RESOLUTION_LIMITED,neutral_physical_bank_prefix,False,32,1,1.5,50,50,50,50,physical_neutral_bank,True
coronacases_009,final_outer_cv,C50_DIS,0.5,dispersed,9,0.753756095236259,GLOBAL_GEOMETRY_RESOLVABLE,dispersed,True,3,3,9.032514013561723,3,3,10,5,common_geometry_preserving_candidate_capacity,False
coronacases_009,final_outer_cv,C50_FRG,0.5,fragmented,2,0.7490830878262388,GLOBAL_GEOMETRY_RESOLVABLE,fragmented,True,3,3,5.803210199582772,3,3,10,6,common_geometry_preserving_candidate_capacity,False
coronacases_009,final_outer_cv,C50_FRG,0.5,fragmented,4,0.1934625067748364,GLOBAL_GEOMETRY_RESOLVABLE,fragmented,True,6,3,1.5,6,6,10,7,common_geometry_preserving_candidate_capacity,False
coronacases_009,final_outer_cv,C50_FRG,0.5,fragmented,5,0.1705647704657374,GLOBAL_GEOMETRY_RESOLVABLE,fragmented,True,4,2,1.5,4,4,6,6,common_geometry_preserving_candidate_capacity,False
coronacases_009,final_outer_cv,C50_FRG,0.5,fragmented,6,0.1084137719124687,GLOBAL_RESOLUTION_LIMITED,neutral_physical_bank_prefix,False,32,1,1.5,50,50,50,50,physical_neutral_bank,True
coronacases_009,final_outer_cv,C50_FRG,0.5,fragmented,9,0.753756095236259,GLOBAL_GEOMETRY_RESOLVABLE,fragmented,True,3,3,5.854860063735631,3,3,10,5,common_geometry_preserving_candidate_capacity,False
coronacases_010,final_outer_cv,C100_COH,1.0,coherent,1,212.64987520037943,GLOBAL_GEOMETRY_RESOLVABLE,coherent,True,3,1,2.0,3,4,10,3,common_geometry_preserving_candidate_capacity,False
coronacases_010,final_outer_cv,C100_COH,1.0,coherent,2,2.05612326040889,GLOBAL_GEOMETRY_RESOLVABLE,coherent,True,3,1,2.414213562373095,3,3,10,5,common_geometry_preserving_candidate_capacity,False
coronacases_010,final_outer_cv,C100_COH,1.0,coherent,3,0.3789809009526386,GLOBAL_GEOMETRY_RESOLVABLE,coherent,True,3,1,1.7071067811865472,4,4,10,7,common_geometry_preserving_candidate_capacity,False
coronacases_010,final_outer_cv,C100_COH,1.0,coherent,4,0.7238488478121297,GLOBAL_GEOMETRY_RESOLVABLE,coherent,True,4,1,1.5,4,4,10,7,common_geometry_preserving_candidate_capacity,False
coronacases_010,final_outer_cv,C100_COH,1.0,coherent,5,187.42451390034933,GLOBAL_GEOMETRY_RESOLVABLE,coherent,True,3,1,2.0,6,6,10,6,common_geometry_preserving_candidate_capacity,False
coronacases_010,final_outer_cv,C100_COH,1.0,coherent,6,0.5434707617853498,GLOBAL_GEOMETRY_RESOLVABLE,coherent,True,4,1,1.5,5,5,10,5,common_geometry_preserving_candidate_capacity,False
coronacases_010,final_outer_cv,C100_DIS,1.0,dispersed,1,212.64987520037943,GLOBAL_GEOMETRY_RESOLVABLE,dispersed,True,3,3,99.26678757426589,3,4,10,3,common_geometry_preserving_candidate_capacity,False
coronacases_010,final_outer_cv,C100_DIS,1.0,dispersed,2,2.05612326040889,GLOBAL_GEOMETRY_RESOLVABLE,dispersed,True,3,3,13.06785706919441,3,3,10,5,common_geometry_preserving_candidate_capacity,False
coronacases_010,final_outer_cv,C100_DIS,1.0,dispersed,3,0.3789809009526386,GLOBAL_GEOMETRY_RESOLVABLE,dispersed,True,3,3,6.1055512754639905,4,4,10,7,common_geometry_preserving_candidate_capacity,False
coronacases_010,final_outer_cv,C100_DIS,1.0,dispersed,4,0.7238488478121297,GLOBAL_GEOMETRY_RESOLVABLE,dispersed,True,4,4,7.706368573892319,4,4,10,7,common_geometry_preserving_candidate_capacity,False
coronacases_010,final_outer_cv,C100_DIS,1.0,dispersed,5,187.42451390034933,GLOBAL_GEOMETRY_RESOLVABLE,dispersed,True,3,3,101.83563948128153,6,6,10,6,common_geometry_preserving_candidate_capacity,False
coronacases_010,final_outer_cv,C100_DIS,1.0,dispersed,6,0.5434707617853498,GLOBAL_GEOMETRY_RESOLVABLE,dispersed,True,4,4,8.032435218290722,5,5,10,5,common_geometry_preserving_candidate_capacity,False
coronacases_010,final_outer_cv,C100_FRG,1.0,fragmented,1,212.64987520037943,GLOBAL_GEOMETRY_RESOLVABLE,fragmented,True,3,3,89.6157248345025,3,4,10,3,common_geometry_preserving_candidate_capacity,False
coronacases_010,final_outer_cv,C100_FRG,1.0,fragmented,2,2.05612326040889,GLOBAL_GEOMETRY_RESOLVABLE,fragmented,True,3,3,10.434253111582123,3,3,10,5,common_geometry_preserving_candidate_capacity,False
coronacases_010,final_outer_cv,C100_FRG,1.0,fragmented,3,0.3789809009526386,GLOBAL_GEOMETRY_RESOLVABLE,fragmented,True,3,2,3.5495097567963927,4,4,10,7,common_geometry_preserving_candidate_capacity,False
coronacases_010,final_outer_cv,C100_FRG,1.0,fragmented,4,0.7238488478121297,GLOBAL_GEOMETRY_RESOLVABLE,fragmented,True,4,3,4.816343310049055,4,4,10,7,common_geometry_preserving_candidate_capacity,False
coronacases_010,final_outer_cv,C100_FRG,1.0,fragmented,5,187.42451390034933,GLOBAL_GEOMETRY_RESOLVABLE,fragmented,True,3,3,79.57543144413567,6,6,10,6,common_geometry_preserving_candidate_capacity,False
coronacases_010,final_outer_cv,C100_FRG,1.0,fragmented,6,0.5434707617853498,GLOBAL_GEOMETRY_RESOLVABLE,fragmented,True,4,3,4.446487785800281,5,5,10,5,common_geometry_preserving_candidate_capacity,False
coronacases_010,final_outer_cv,C50_COH,0.5,coherent,1,212.64987520037943,GLOBAL_GEOMETRY_RESOLVABLE,coherent,True,6,1,1.5,6,8,20,6,common_geometry_preserving_candidate_capacity,False
coronacases_010,final_outer_cv,C50_COH,0.5,coherent,2,2.05612326040889,GLOBAL_GEOMETRY_RESOLVABLE,coherent,True,5,1,1.8,5,5,20,9,common_geometry_preserving_candidate_capacity,False
coronacases_010,final_outer_cv,C50_COH,0.5,coherent,4,0.7238488478121297,GLOBAL_GEOMETRY_RESOLVABLE,coherent,True,9,1,1.5,9,9,20,11,common_geometry_preserving_candidate_capacity,False
coronacases_010,final_outer_cv,C50_DIS,0.5,dispersed,1,212.64987520037943,GLOBAL_GEOMETRY_RESOLVABLE,dispersed,True,6,6,70.03769207752298,6,8,20,6,common_geometry_preserving_candidate_capacity,False
coronacases_010,final_outer_cv,C50_DIS,0.5,dispersed,2,2.05612326040889,GLOBAL_GEOMETRY_RESOLVABLE,dispersed,True,5,5,9.840723247537204,5,5,20,9,common_geometry_preserving_candidate_capacity,False
coronacases_010,final_outer_cv,C50_DIS,0.5,dispersed,4,0.7238488478121297,GLOBAL_GEOMETRY_RESOLVABLE,dispersed,True,9,9,4.80803199376388,9,9,20,11,common_geometry_preserving_candidate_capacity,False
coronacases_010,final_outer_cv,C50_FRG,0.5,fragmented,1,212.64987520037943,GLOBAL_GEOMETRY_RESOLVABLE,fragmented,True,6,3,1.5,6,8,20,6,common_geometry_preserving_candidate_capacity,False
coronacases_010,final_outer_cv,C50_FRG,0.5,fragmented,2,2.05612326040889,GLOBAL_GEOMETRY_RESOLVABLE,fragmented,True,5,3,3.0,5,5,20,9,common_geometry_preserving_candidate_capacity,False
coronacases_010,final_outer_cv,C50_FRG,0.5,fragmented,4,0.7238488478121297,GLOBAL_GEOMETRY_RESOLVABLE,fragmented,True,9,3,1.6666666666666667,9,9,20,11,common_geometry_preserving_candidate_capacity,False
radiopaedia_10_85902_1,final_outer_cv,C100_COH,1.0,coherent,1,1.2869462407195642,GLOBAL_GEOMETRY_RESOLVABLE,coherent,True,2,1,1.5,4,4,10,4,common_geometry_preserving_candidate_capacity,False
radiopaedia_10_85902_1,final_outer_cv,C100_COH,1.0,coherent,2,159.57572624033392,GLOBAL_GEOMETRY_RESOLVABLE,coherent,True,2,1,1.5,3,3,10,8,common_geometry_preserving_candidate_capacity,False
radiopaedia_10_85902_1,final_outer_cv,C100_DIS,1.0,dispersed,1,1.2869462407195642,GLOBAL_GEOMETRY_RESOLVABLE,dispersed,True,2,2,12.093386622447824,4,4,10,4,common_geometry_preserving_candidate_capacity,False
radiopaedia_10_85902_1,final_outer_cv,C100_DIS,1.0,dispersed,2,159.57572624033392,GLOBAL_GEOMETRY_RESOLVABLE,dispersed,True,2,2,105.94928031846182,3,3,10,8,common_geometry_preserving_candidate_capacity,False
radiopaedia_10_85902_1,final_outer_cv,C100_FRG,1.0,fragmented,1,1.2869462407195642,GLOBAL_GEOMETRY_RESOLVABLE,fragmented,True,2,2,8.48528137423857,4,4,10,4,common_geometry_preserving_candidate_capacity,False
radiopaedia_10_85902_1,final_outer_cv,C100_FRG,1.0,fragmented,2,159.57572624033392,GLOBAL_GEOMETRY_RESOLVABLE,fragmented,True,2,2,62.94640577507186,3,3,10,8,common_geometry_preserving_candidate_capacity,False
radiopaedia_10_85902_1,final_outer_cv,C50_COH,0.5,coherent,1,1.2869462407195642,GLOBAL_GEOMETRY_RESOLVABLE,coherent,True,4,1,1.5,4,4,20,9,common_geometry_preserving_candidate_capacity,False
radiopaedia_10_85902_1,final_outer_cv,C50_DIS,0.5,dispersed,1,1.2869462407195642,GLOBAL_GEOMETRY_RESOLVABLE,dispersed,True,4,4,7.811606960566987,4,4,20,9,common_geometry_preserving_candidate_capacity,False
radiopaedia_10_85902_1,final_outer_cv,C50_FRG,0.5,fragmented,1,1.2869462407195642,GLOBAL_GEOMETRY_RESOLVABLE,fragmented,True,4,3,3.931980515339464,4,4,20,9,common_geometry_preserving_candidate_capacity,False
radiopaedia_10_85902_3,final_outer_cv,C100_COH,1.0,coherent,1,1.960326608503476,GLOBAL_GEOMETRY_RESOLVABLE,coherent,True,3,1,2.0,4,4,10,6,common_geometry_preserving_candidate_capacity,False
radiopaedia_10_85902_3,final_outer_cv,C100_COH,1.0,coherent,2,263.3113504346315,GLOBAL_GEOMETRY_RESOLVABLE,coherent,True,4,1,1.5,5,5,10,5,common_geometry_preserving_candidate_capacity,False
radiopaedia_10_85902_3,final_outer_cv,C100_DIS,1.0,dispersed,1,1.960326608503476,GLOBAL_GEOMETRY_RESOLVABLE,dispersed,True,3,3,11.814484302118045,4,4,10,6,common_geometry_preserving_candidate_capacity,False
radiopaedia_10_85902_3,final_outer_cv,C100_DIS,1.0,dispersed,2,263.3113504346315,GLOBAL_GEOMETRY_RESOLVABLE,dispersed,True,4,4,67.97584108877697,5,5,10,5,common_geometry_preserving_candidate_capacity,False
radiopaedia_10_85902_3,final_outer_cv,C100_FRG,1.0,fragmented,1,1.960326608503476,GLOBAL_GEOMETRY_RESOLVABLE,fragmented,True,3,3,9.004144351546111,4,4,10,6,common_geometry_preserving_candidate_capacity,False
radiopaedia_10_85902_3,final_outer_cv,C100_FRG,1.0,fragmented,2,263.3113504346315,GLOBAL_GEOMETRY_RESOLVABLE,fragmented,True,4,3,36.72655486563437,5,5,10,5,common_geometry_preserving_candidate_capacity,False
radiopaedia_10_85902_3,final_outer_cv,C50_COH,0.5,coherent,2,263.3113504346315,GLOBAL_GEOMETRY_RESOLVABLE,coherent,True,7,1,1.5,7,11,20,7,common_geometry_preserving_candidate_capacity,False
radiopaedia_10_85902_3,final_outer_cv,C50_DIS,0.5,dispersed,2,263.3113504346315,GLOBAL_GEOMETRY_RESOLVABLE,dispersed,True,7,7,48.23660667932598,7,11,20,7,common_geometry_preserving_candidate_capacity,False
radiopaedia_10_85902_3,final_outer_cv,C50_FRG,0.5,fragmented,2,263.3113504346315,GLOBAL_GEOMETRY_RESOLVABLE,fragmented,True,7,3,11.56472996160982,7,11,20,7,common_geometry_preserving_candidate_capacity,False
radiopaedia_14_85914_0,permanent_development,C100_COH,1.0,coherent,1,480.1645958003241,GLOBAL_GEOMETRY_RESOLVABLE,coherent,True,6,1,1.6035533905932737,6,6,10,7,common_geometry_preserving_candidate_capacity,False
radiopaedia_14_85914_0,permanent_development,C100_COH,1.0,coherent,2,3.5701776612554363,GLOBAL_GEOMETRY_RESOLVABLE,coherent,True,4,1,1.6553300858899105,4,4,10,6,common_geometry_preserving_candidate_capacity,False
radiopaedia_14_85914_0,permanent_development,C100_COH,1.0,coherent,3,0.4504779143259477,GLOBAL_GEOMETRY_RESOLVABLE,coherent,True,5,1,1.5,5,5,10,5,common_geometry_preserving_candidate_capacity,False
radiopaedia_14_85914_0,permanent_development,C100_COH,1.0,coherent,4,7.374940294493887,GLOBAL_GEOMETRY_RESOLVABLE,coherent,True,5,1,1.6242640687119283,5,5,10,5,common_geometry_preserving_candidate_capacity,False
radiopaedia_14_85914_0,permanent_development,C100_COH,1.0,coherent,5,2.807542851940139,GLOBAL_GEOMETRY_RESOLVABLE,coherent,True,6,1,1.5,6,6,10,6,common_geometry_preserving_candidate_capacity,False
radiopaedia_14_85914_0,permanent_development,C100_COH,1.0,coherent,6,0.2644922194071435,GLOBAL_GEOMETRY_RESOLVABLE,coherent,True,5,1,1.5,5,5,10,5,common_geometry_preserving_candidate_capacity,False
radiopaedia_14_85914_0,permanent_development,C100_COH,1.0,coherent,7,0.1915933038108284,GLOBAL_GEOMETRY_RESOLVABLE,coherent,True,6,1,1.5,6,6,10,6,common_geometry_preserving_candidate_capacity,False
radiopaedia_14_85914_0,permanent_development,C100_COH,1.0,coherent,9,3.1337187691595494,GLOBAL_GEOMETRY_RESOLVABLE,coherent,True,5,1,1.5,5,5,10,5,common_geometry_preserving_candidate_capacity,False
radiopaedia_14_85914_0,permanent_development,C100_COH,1.0,coherent,10,0.1504708386026506,GLOBAL_GEOMETRY_RESOLVABLE,coherent,True,4,1,1.5,4,4,10,6,common_geometry_preserving_candidate_capacity,False
radiopaedia_14_85914_0,permanent_development,C100_COH,1.0,coherent,11,5.333770657797062,GLOBAL_GEOMETRY_RESOLVABLE,coherent,True,4,1,1.6553300858899105,4,4,10,8,common_geometry_preserving_candidate_capacity,False
radiopaedia_14_85914_0,permanent_development,C100_COH,1.0,coherent,12,0.1542092445306667,GLOBAL_GEOMETRY_RESOLVABLE,coherent,True,3,1,1.5,3,3,10,5,common_geometry_preserving_candidate_capacity,False
radiopaedia_14_85914_0,permanent_development,C100_COH,1.0,coherent,13,0.4261782757938426,GLOBAL_GEOMETRY_RESOLVABLE,coherent,True,5,1,1.5,5,5,10,5,common_geometry_preserving_candidate_capacity,False
radiopaedia_14_85914_0,permanent_development,C100_COH,1.0,coherent,14,0.5775837158784973,GLOBAL_GEOMETRY_RESOLVABLE,coherent,True,4,1,1.5,4,4,10,8,common_geometry_preserving_candidate_capacity,False
radiopaedia_14_85914_0,permanent_development,C100_COH,1.0,coherent,15,2.998201554268963,GLOBAL_GEOMETRY_RESOLVABLE,coherent,True,6,1,1.5,6,6,10,6,common_geometry_preserving_candidate_capacity,False
radiopaedia_14_85914_0,permanent_development,C100_COH,1.0,coherent,16,8.66842874558748,GLOBAL_GEOMETRY_RESOLVABLE,coherent,True,5,1,1.5,5,5,10,8,common_geometry_preserving_candidate_capacity,False
radiopaedia_14_85914_0,permanent_development,C100_COH,1.0,coherent,17,533.4443570864105,GLOBAL_GEOMETRY_RESOLVABLE,coherent,True,5,1,1.8727922061357851,5,6,10,5,common_geometry_preserving_candidate_capacity,False
radiopaedia_14_85914_0,permanent_development,C100_COH,1.0,coherent,19,0.2887918579392486,GLOBAL_GEOMETRY_RESOLVABLE,coherent,True,5,1,1.5,5,5,10,8,common_geometry_preserving_candidate_capacity,False
radiopaedia_14_85914_0,permanent_development,C100_COH,1.0,coherent,20,0.4579547261819801,GLOBAL_GEOMETRY_RESOLVABLE,coherent,True,5,1,1.5,5,5,10,5,common_geometry_preserving_candidate_capacity,False
radiopaedia_14_85914_0,permanent_development,C100_COH,1.0,coherent,21,1.0654456894846067,GLOBAL_GEOMETRY_RESOLVABLE,coherent,True,4,1,1.875,4,4,10,7,common_geometry_preserving_candidate_capacity,False
radiopaedia_14_85914_0,permanent_development,C100_COH,1.0,coherent,22,1.050492065772542,GLOBAL_GEOMETRY_RESOLVABLE,coherent,True,5,1,1.8,5,5,10,8,common_geometry_preserving_candidate_capacity,False
radiopaedia_14_85914_0,permanent_development,C100_COH,1.0,coherent,23,0.2943994668312729,GLOBAL_GEOMETRY_RESOLVABLE,coherent,True,5,1,1.8,5,5,10,6,common_geometry_preserving_candidate_capacity,False
radiopaedia_14_85914_0,permanent_development,C100_COH,1.0,coherent,24,0.2084161304869011,GLOBAL_RESOLUTION_LIMITED,neutral_physical_bank_prefix,False,38,1,1.5,48,48,48,48,physical_neutral_bank,True
radiopaedia_14_85914_0,permanent_development,C100_COH,1.0,coherent,25,0.3635599764995719,GLOBAL_GEOMETRY_RESOLVABLE,coherent,True,3,1,1.5,3,3,10,6,common_geometry_preserving_candidate_capacity,False
radiopaedia_14_85914_0,permanent_development,C100_COH,1.0,coherent,26,0.4158976594917982,GLOBAL_GEOMETRY_RESOLVABLE,coherent,True,4,1,1.810660171779821,4,4,10,5,common_geometry_preserving_candidate_capacity,False
radiopaedia_14_85914_0,permanent_development,C100_COH,1.0,coherent,27,0.1233673956245334,GLOBAL_GEOMETRY_RESOLVABLE,coherent,True,3,1,1.7071067811865472,3,3,10,6,common_geometry_preserving_candidate_capacity,False
radiopaedia_14_85914_0,permanent_development,C100_COH,1.0,coherent,28,0.5233768299222629,GLOBAL_GEOMETRY_RESOLVABLE,coherent,True,4,1,1.875,4,4,10,7,common_geometry_preserving_candidate_capacity,False
radiopaedia_14_85914_0,permanent_development,C100_COH,1.0,coherent,29,0.2252389571629738,GLOBAL_GEOMETRY_RESOLVABLE,coherent,True,4,1,1.5,4,4,10,6,common_geometry_preserving_candidate_capacity,False
radiopaedia_14_85914_0,permanent_development,C100_COH,1.0,coherent,30,0.4308512832038628,GLOBAL_GEOMETRY_RESOLVABLE,coherent,True,4,1,1.5,4,6,10,4,common_geometry_preserving_candidate_capacity,False
radiopaedia_14_85914_0,permanent_development,C100_DIS,1.0,dispersed,1,480.1645958003241,GLOBAL_GEOMETRY_RESOLVABLE,dispersed,True,6,6,89.95454215701835,6,6,10,7,common_geometry_preserving_candidate_capacity,False
radiopaedia_14_85914_0,permanent_development,C100_DIS,1.0,dispersed,2,3.5701776612554363,GLOBAL_GEOMETRY_RESOLVABLE,dispersed,True,4,4,24.3788964688921,4,4,10,6,common_geometry_preserving_candidate_capacity,False
radiopaedia_14_85914_0,permanent_development,C100_DIS,1.0,dispersed,3,0.4504779143259477,GLOBAL_GEOMETRY_RESOLVABLE,dispersed,True,5,5,6.577925618702662,5,5,10,5,common_geometry_preserving_candidate_capacity,False
radiopaedia_14_85914_0,permanent_development,C100_DIS,1.0,dispersed,4,7.374940294493887,GLOBAL_GEOMETRY_RESOLVABLE,dispersed,True,5,5,20.67225908724177,5,5,10,5,common_geometry_preserving_candidate_capacity,False
radiopaedia_14_85914_0,permanent_development,C100_DIS,1.0,dispersed,5,2.807542851940139,GLOBAL_GEOMETRY_RESOLVABLE,dispersed,True,6,6,10.765359126018879,6,6,10,6,common_geometry_preserving_candidate_capacity,False
radiopaedia_14_85914_0,permanent_development,C100_DIS,1.0,dispersed,6,0.2644922194071435,GLOBAL_GEOMETRY_RESOLVABLE,dispersed,True,5,5,5.297629049064719,5,5,10,5,common_geometry_preserving_candidate_capacity,False
radiopaedia_14_85914_0,permanent_development,C100_DIS,1.0,dispersed,7,0.1915933038108284,GLOBAL_GEOMETRY_RESOLVABLE,dispersed,True,6,6,4.316321989581803,6,6,10,6,common_geometry_preserving_candidate_capacity,False
radiopaedia_14_85914_0,permanent_development,C100_DIS,1.0,dispersed,9,3.1337187691595494,GLOBAL_GEOMETRY_RESOLVABLE,dispersed,True,5,5,10.701342018681867,5,5,10,5,common_geometry_preserving_candidate_capacity,False
radiopaedia_14_85914_0,permanent_development,C100_DIS,1.0,dispersed,10,0.1504708386026506,GLOBAL_GEOMETRY_RESOLVABLE,dispersed,True,4,4,4.381214439722835,4,4,10,6,common_geometry_preserving_candidate_capacity,False
radiopaedia_14_85914_0,permanent_development,C100_DIS,1.0,dispersed,11,5.333770657797062,GLOBAL_GEOMETRY_RESOLVABLE,dispersed,True,4,4,27.58755591370509,4,4,10,8,common_geometry_preserving_candidate_capacity,False
radiopaedia_14_85914_0,permanent_development,C100_DIS,1.0,dispersed,12,0.1542092445306667,GLOBAL_GEOMETRY_RESOLVABLE,dispersed,True,3,3,6.623105625617661,3,3,10,5,common_geometry_preserving_candidate_capacity,False
radiopaedia_14_85914_0,permanent_development,C100_DIS,1.0,dispersed,13,0.4261782757938426,GLOBAL_GEOMETRY_RESOLVABLE,dispersed,True,5,5,6.410664883374109,5,5,10,5,common_geometry_preserving_candidate_capacity,False
radiopaedia_14_85914_0,permanent_development,C100_DIS,1.0,dispersed,14,0.5775837158784973,GLOBAL_GEOMETRY_RESOLVABLE,dispersed,True,4,4,6.356959714428308,4,4,10,8,common_geometry_preserving_candidate_capacity,False
radiopaedia_14_85914_0,permanent_development,C100_DIS,1.0,dispersed,15,2.998201554268963,GLOBAL_GEOMETRY_RESOLVABLE,dispersed,True,6,6,12.512790404841837,6,6,10,6,common_geometry_preserving_candidate_capacity,False
radiopaedia_14_85914_0,permanent_development,C100_DIS,1.0,dispersed,16,8.66842874558748,GLOBAL_GEOMETRY_RESOLVABLE,dispersed,True,5,5,22.033281280695636,5,5,10,8,common_geometry_preserving_candidate_capacity,False
radiopaedia_14_85914_0,permanent_development,C100_DIS,1.0,dispersed,17,533.4443570864105,GLOBAL_GEOMETRY_RESOLVABLE,dispersed,True,5,5,95.66559693440863,5,6,10,5,common_geometry_preserving_candidate_capacity,False
radiopaedia_14_85914_0,permanent_development,C100_DIS,1.0,dispersed,19,0.2887918579392486,GLOBAL_GEOMETRY_RESOLVABLE,dispersed,True,5,5,4.934298283786326,5,5,10,8,common_geometry_preserving_candidate_capacity,False
radiopaedia_14_85914_0,permanent_development,C100_DIS,1.0,dispersed,20,0.4579547261819801,GLOBAL_GEOMETRY_RESOLVABLE,dispersed,True,5,5,8.921282545815082,5,5,10,5,common_geometry_preserving_candidate_capacity,False
radiopaedia_14_85914_0,permanent_development,C100_DIS,1.0,dispersed,21,1.0654456894846067,GLOBAL_GEOMETRY_RESOLVABLE,dispersed,True,4,4,12.70690192540399,4,4,10,7,common_geometry_preserving_candidate_capacity,False
radiopaedia_14_85914_0,permanent_development,C100_DIS,1.0,dispersed,22,1.050492065772542,GLOBAL_GEOMETRY_RESOLVABLE,dispersed,True,5,5,10.667563046618906,5,5,10,8,common_geometry_preserving_candidate_capacity,False
radiopaedia_14_85914_0,permanent_development,C100_DIS,1.0,dispersed,23,0.2943994668312729,GLOBAL_GEOMETRY_RESOLVABLE,dispersed,True,5,5,5.709134150449647,5,5,10,6,common_geometry_preserving_candidate_capacity,False
radiopaedia_14_85914_0,permanent_development,C100_DIS,1.0,dispersed,24,0.2084161304869011,GLOBAL_RESOLUTION_LIMITED,neutral_physical_bank_prefix,False,38,1,1.5,48,48,48,48,physical_neutral_bank,True
radiopaedia_14_85914_0,permanent_development,C100_DIS,1.0,dispersed,25,0.3635599764995719,GLOBAL_GEOMETRY_RESOLVABLE,dispersed,True,3,3,8.16227766016838,3,3,10,6,common_geometry_preserving_candidate_capacity,False
radiopaedia_14_85914_0,permanent_development,C100_DIS,1.0,dispersed,26,0.4158976594917982,GLOBAL_GEOMETRY_RESOLVABLE,dispersed,True,4,4,6.856215129514231,4,4,10,5,common_geometry_preserving_candidate_capacity,False
radiopaedia_14_85914_0,permanent_development,C100_DIS,1.0,dispersed,27,0.1233673956245334,GLOBAL_GEOMETRY_RESOLVABLE,dispersed,True,3,3,6.184658438426491,3,3,10,6,common_geometry_preserving_candidate_capacity,False
radiopaedia_14_85914_0,permanent_development,C100_DIS,1.0,dispersed,28,0.5233768299222629,GLOBAL_GEOMETRY_RESOLVABLE,dispersed,True,4,4,5.9290407576182735,4,4,10,7,common_geometry_preserving_candidate_capacity,False
radiopaedia_14_85914_0,permanent_development,C100_DIS,1.0,dispersed,29,0.2252389571629738,GLOBAL_GEOMETRY_RESOLVABLE,dispersed,True,4,4,4.575297321030461,4,4,10,6,common_geometry_preserving_candidate_capacity,False
radiopaedia_14_85914_0,permanent_development,C100_DIS,1.0,dispersed,30,0.4308512832038628,GLOBAL_GEOMETRY_RESOLVABLE,dispersed,True,4,4,5.898572259293701,4,6,10,4,common_geometry_preserving_candidate_capacity,False
radiopaedia_14_85914_0,permanent_development,C100_FRG,1.0,fragmented,1,480.1645958003241,GLOBAL_GEOMETRY_RESOLVABLE,fragmented,True,6,3,25.785688292770597,6,6,10,7,common_geometry_preserving_candidate_capacity,False
radiopaedia_14_85914_0,permanent_development,C100_FRG,1.0,fragmented,2,3.5701776612554363,GLOBAL_GEOMETRY_RESOLVABLE,fragmented,True,4,3,17.418086865204927,4,4,10,6,common_geometry_preserving_candidate_capacity,False
radiopaedia_14_85914_0,permanent_development,C100_FRG,1.0,fragmented,3,0.4504779143259477,GLOBAL_GEOMETRY_RESOLVABLE,fragmented,True,5,3,2.669693845669907,5,5,10,5,common_geometry_preserving_candidate_capacity,False
radiopaedia_14_85914_0,permanent_development,C100_FRG,1.0,fragmented,4,7.374940294493887,GLOBAL_GEOMETRY_RESOLVABLE,fragmented,True,5,3,8.63370701601832,5,5,10,5,common_geometry_preserving_candidate_capacity,False
radiopaedia_14_85914_0,permanent_development,C100_FRG,1.0,fragmented,5,2.807542851940139,GLOBAL_GEOMETRY_RESOLVABLE,fragmented,True,6,3,1.5,6,6,10,6,common_geometry_preserving_candidate_capacity,False
radiopaedia_14_85914_0,permanent_development,C100_FRG,1.0,fragmented,6,0.2644922194071435,GLOBAL_GEOMETRY_RESOLVABLE,fragmented,True,5,3,3.0486832980505136,5,5,10,5,common_geometry_preserving_candidate_capacity,False
radiopaedia_14_85914_0,permanent_development,C100_FRG,1.0,fragmented,7,0.1915933038108284,GLOBAL_GEOMETRY_RESOLVABLE,fragmented,True,6,3,1.8090169943749475,6,6,10,6,common_geometry_preserving_candidate_capacity,False
radiopaedia_14_85914_0,permanent_development,C100_FRG,1.0,fragmented,9,3.1337187691595494,GLOBAL_GEOMETRY_RESOLVABLE,fragmented,True,5,3,5.226661530556788,5,5,10,5,common_geometry_preserving_candidate_capacity,False
radiopaedia_14_85914_0,permanent_development,C100_FRG,1.0,fragmented,10,0.1504708386026506,GLOBAL_GEOMETRY_RESOLVABLE,fragmented,True,4,3,3.0,4,4,10,6,common_geometry_preserving_candidate_capacity,False
radiopaedia_14_85914_0,permanent_development,C100_FRG,1.0,fragmented,11,5.333770657797062,GLOBAL_GEOMETRY_RESOLVABLE,fragmented,True,4,3,12.982129822725067,4,4,10,8,common_geometry_preserving_candidate_capacity,False
radiopaedia_14_85914_0,permanent_development,C100_FRG,1.0,fragmented,12,0.1542092445306667,GLOBAL_GEOMETRY_RESOLVABLE,fragmented,True,3,3,4.743416490252569,3,3,10,5,common_geometry_preserving_candidate_capacity,False
radiopaedia_14_85914_0,permanent_development,C100_FRG,1.0,fragmented,13,0.4261782757938426,GLOBAL_GEOMETRY_RESOLVABLE,fragmented,True,5,3,2.7297058540778356,5,5,10,5,common_geometry_preserving_candidate_capacity,False
radiopaedia_14_85914_0,permanent_development,C100_FRG,1.0,fragmented,14,0.5775837158784973,GLOBAL_GEOMETRY_RESOLVABLE,fragmented,True,4,3,3.6543200081715823,4,4,10,8,common_geometry_preserving_candidate_capacity,False
radiopaedia_14_85914_0,permanent_development,C100_FRG,1.0,fragmented,15,2.998201554268963,GLOBAL_GEOMETRY_RESOLVABLE,fragmented,True,6,3,1.5,6,6,10,6,common_geometry_preserving_candidate_capacity,False
radiopaedia_14_85914_0,permanent_development,C100_FRG,1.0,fragmented,16,8.66842874558748,GLOBAL_GEOMETRY_RESOLVABLE,fragmented,True,5,3,8.72994023880668,5,5,10,8,common_geometry_preserving_candidate_capacity,False
radiopaedia_14_85914_0,permanent_development,C100_FRG,1.0,fragmented,17,533.4443570864105,GLOBAL_GEOMETRY_RESOLVABLE,fragmented,True,5,3,23.66196785680186,5,6,10,5,common_geometry_preserving_candidate_capacity,False
radiopaedia_14_85914_0,permanent_development,C100_FRG,1.0,fragmented,19,0.2887918579392486,GLOBAL_GEOMETRY_RESOLVABLE,fragmented,True,5,3,2.541640786499874,5,5,10,8,common_geometry_preserving_candidate_capacity,False
radiopaedia_14_85914_0,permanent_development,C100_FRG,1.0,fragmented,20,0.4579547261819801,GLOBAL_GEOMETRY_RESOLVABLE,fragmented,True,5,3,4.711409973215888,5,5,10,5,common_geometry_preserving_candidate_capacity,False
radiopaedia_14_85914_0,permanent_development,C100_FRG,1.0,fragmented,21,1.0654456894846067,GLOBAL_GEOMETRY_RESOLVABLE,fragmented,True,4,3,8.335418553335622,4,4,10,7,common_geometry_preserving_candidate_capacity,False
radiopaedia_14_85914_0,permanent_development,C100_FRG,1.0,fragmented,22,1.050492065772542,GLOBAL_GEOMETRY_RESOLVABLE,fragmented,True,5,3,3.0,5,5,10,8,common_geometry_preserving_candidate_capacity,False
radiopaedia_14_85914_0,permanent_development,C100_FRG,1.0,fragmented,23,0.2943994668312729,GLOBAL_GEOMETRY_RESOLVABLE,fragmented,True,5,3,2.436931687685298,5,5,10,6,common_geometry_preserving_candidate_capacity,False
radiopaedia_14_85914_0,permanent_development,C100_FRG,1.0,fragmented,24,0.2084161304869011,GLOBAL_RESOLUTION_LIMITED,neutral_physical_bank_prefix,False,38,1,1.5,48,48,48,48,physical_neutral_bank,True
radiopaedia_14_85914_0,permanent_development,C100_FRG,1.0,fragmented,25,0.3635599764995719,GLOBAL_GEOMETRY_RESOLVABLE,fragmented,True,3,3,4.631202762478185,3,3,10,6,common_geometry_preserving_candidate_capacity,False
radiopaedia_14_85914_0,permanent_development,C100_FRG,1.0,fragmented,26,0.4158976594917982,GLOBAL_GEOMETRY_RESOLVABLE,fragmented,True,4,3,3.75,4,4,10,5,common_geometry_preserving_candidate_capacity,False
radiopaedia_14_85914_0,permanent_development,C100_FRG,1.0,fragmented,27,0.1233673956245334,GLOBAL_GEOMETRY_RESOLVABLE,fragmented,True,3,2,2.8027756377319952,3,3,10,6,common_geometry_preserving_candidate_capacity,False
radiopaedia_14_85914_0,permanent_development,C100_FRG,1.0,fragmented,28,0.5233768299222629,GLOBAL_GEOMETRY_RESOLVABLE,fragmented,True,4,3,3.842329219213245,4,4,10,7,common_geometry_preserving_candidate_capacity,False
radiopaedia_14_85914_0,permanent_development,C100_FRG,1.0,fragmented,29,0.2252389571629738,GLOBAL_GEOMETRY_RESOLVABLE,fragmented,True,4,3,3.0,4,4,10,6,common_geometry_preserving_candidate_capacity,False
radiopaedia_14_85914_0,permanent_development,C100_FRG,1.0,fragmented,30,0.4308512832038628,GLOBAL_GEOMETRY_RESOLVABLE,fragmented,True,4,3,3.842329219213245,4,6,10,4,common_geometry_preserving_candidate_capacity,False
radiopaedia_14_85914_0,permanent_development,C50_COH,0.5,coherent,1,480.1645958003241,GLOBAL_GEOMETRY_RESOLVABLE,coherent,True,11,1,1.5564836675963312,11,11,20,12,common_geometry_preserving_candidate_capacity,False
radiopaedia_14_85914_0,permanent_development,C50_COH,0.5,coherent,3,0.4504779143259477,GLOBAL_GEOMETRY_RESOLVABLE,coherent,True,9,1,1.5690355937288492,9,9,20,9,common_geometry_preserving_candidate_capacity,False
radiopaedia_14_85914_0,permanent_development,C50_COH,0.5,coherent,4,7.374940294493887,GLOBAL_GEOMETRY_RESOLVABLE,coherent,True,7,1,1.5,7,8,20,7,common_geometry_preserving_candidate_capacity,False
radiopaedia_14_85914_0,permanent_development,C50_COH,0.5,coherent,5,2.807542851940139,GLOBAL_GEOMETRY_RESOLVABLE,coherent,True,8,1,1.6553300858899105,8,8,20,9,common_geometry_preserving_candidate_capacity,False
radiopaedia_14_85914_0,permanent_development,C50_COH,0.5,coherent,10,0.1504708386026506,GLOBAL_GEOMETRY_RESOLVABLE,coherent,True,8,1,1.5776650429449552,8,8,16,11,common_geometry_preserving_candidate_capacity,False
radiopaedia_14_85914_0,permanent_development,C50_COH,0.5,coherent,13,0.4261782757938426,GLOBAL_GEOMETRY_RESOLVABLE,coherent,True,9,1,1.5,9,9,20,11,common_geometry_preserving_candidate_capacity,False
radiopaedia_14_85914_0,permanent_development,C50_COH,0.5,coherent,14,0.5775837158784973,GLOBAL_GEOMETRY_RESOLVABLE,coherent,True,7,1,1.5,7,7,20,10,common_geometry_preserving_candidate_capacity,False
radiopaedia_14_85914_0,permanent_development,C50_COH,0.5,coherent,17,533.4443570864105,GLOBAL_GEOMETRY_RESOLVABLE,coherent,True,10,1,1.5,10,10,20,10,common_geometry_preserving_candidate_capacity,False
radiopaedia_14_85914_0,permanent_development,C50_COH,0.5,coherent,21,1.0654456894846067,GLOBAL_GEOMETRY_RESOLVABLE,coherent,True,9,1,1.5,9,9,20,9,common_geometry_preserving_candidate_capacity,False
radiopaedia_14_85914_0,permanent_development,C50_COH,0.5,coherent,22,1.050492065772542,GLOBAL_GEOMETRY_RESOLVABLE,coherent,True,9,1,1.5,9,11,20,9,common_geometry_preserving_candidate_capacity,False
radiopaedia_14_85914_0,permanent_development,C50_COH,0.5,coherent,24,0.2084161304869011,GLOBAL_RESOLUTION_LIMITED,neutral_physical_bank_prefix,False,48,1,1.5,48,48,48,48,physical_neutral_bank,True
radiopaedia_14_85914_0,permanent_development,C50_COH,0.5,coherent,26,0.4158976594917982,GLOBAL_GEOMETRY_RESOLVABLE,coherent,True,8,1,1.5,8,8,20,9,common_geometry_preserving_candidate_capacity,False
radiopaedia_14_85914_0,permanent_development,C50_COH,0.5,coherent,28,0.5233768299222629,GLOBAL_GEOMETRY_RESOLVABLE,coherent,True,10,1,1.7121320343559643,10,10,20,11,common_geometry_preserving_candidate_capacity,False
radiopaedia_14_85914_0,permanent_development,C50_COH,0.5,coherent,30,0.4308512832038628,GLOBAL_GEOMETRY_RESOLVABLE,coherent,True,9,1,1.5,9,9,20,9,common_geometry_preserving_candidate_capacity,False
radiopaedia_14_85914_0,permanent_development,C50_DIS,0.5,dispersed,1,480.1645958003241,GLOBAL_GEOMETRY_RESOLVABLE,dispersed,True,11,11,62.17928529193023,11,11,20,12,common_geometry_preserving_candidate_capacity,False
radiopaedia_14_85914_0,permanent_development,C50_DIS,0.5,dispersed,3,0.4504779143259477,GLOBAL_GEOMETRY_RESOLVABLE,dispersed,True,9,9,4.951050679240165,9,9,20,9,common_geometry_preserving_candidate_capacity,False
radiopaedia_14_85914_0,permanent_development,C50_DIS,0.5,dispersed,4,7.374940294493887,GLOBAL_GEOMETRY_RESOLVABLE,dispersed,True,7,7,17.653799101794593,7,8,20,7,common_geometry_preserving_candidate_capacity,False
radiopaedia_14_85914_0,permanent_development,C50_DIS,0.5,dispersed,5,2.807542851940139,GLOBAL_GEOMETRY_RESOLVABLE,dispersed,True,8,8,10.596063390600321,8,8,20,9,common_geometry_preserving_candidate_capacity,False
radiopaedia_14_85914_0,permanent_development,C50_DIS,0.5,dispersed,10,0.1504708386026506,GLOBAL_GEOMETRY_RESOLVABLE,dispersed,True,8,5,2.6491856633422426,8,8,16,11,common_geometry_preserving_candidate_capacity,False
radiopaedia_14_85914_0,permanent_development,C50_DIS,0.5,dispersed,13,0.4261782757938426,GLOBAL_GEOMETRY_RESOLVABLE,dispersed,True,9,9,4.442809041582063,9,9,20,11,common_geometry_preserving_candidate_capacity,False
radiopaedia_14_85914_0,permanent_development,C50_DIS,0.5,dispersed,14,0.5775837158784973,GLOBAL_GEOMETRY_RESOLVABLE,dispersed,True,7,7,4.76398511802217,7,7,20,10,common_geometry_preserving_candidate_capacity,False
radiopaedia_14_85914_0,permanent_development,C50_DIS,0.5,dispersed,17,533.4443570864105,GLOBAL_GEOMETRY_RESOLVABLE,dispersed,True,10,10,66.11351941120286,10,10,20,10,common_geometry_preserving_candidate_capacity,False
radiopaedia_14_85914_0,permanent_development,C50_DIS,0.5,dispersed,21,1.0654456894846067,GLOBAL_GEOMETRY_RESOLVABLE,dispersed,True,9,9,6.568298123917263,9,9,20,9,common_geometry_preserving_candidate_capacity,False
radiopaedia_14_85914_0,permanent_development,C50_DIS,0.5,dispersed,22,1.050492065772542,GLOBAL_GEOMETRY_RESOLVABLE,dispersed,True,9,9,6.969391713297044,9,11,20,9,common_geometry_preserving_candidate_capacity,False
radiopaedia_14_85914_0,permanent_development,C50_DIS,0.5,dispersed,24,0.2084161304869011,GLOBAL_RESOLUTION_LIMITED,neutral_physical_bank_prefix,False,48,1,1.5,48,48,48,48,physical_neutral_bank,True
radiopaedia_14_85914_0,permanent_development,C50_DIS,0.5,dispersed,26,0.4158976594917982,GLOBAL_GEOMETRY_RESOLVABLE,dispersed,True,8,6,3.9045941430902387,8,8,20,9,common_geometry_preserving_candidate_capacity,False
radiopaedia_14_85914_0,permanent_development,C50_DIS,0.5,dispersed,28,0.5233768299222629,GLOBAL_GEOMETRY_RESOLVABLE,dispersed,True,10,8,3.767266650678105,10,10,20,11,common_geometry_preserving_candidate_capacity,False
radiopaedia_14_85914_0,permanent_development,C50_DIS,0.5,dispersed,30,0.4308512832038628,GLOBAL_GEOMETRY_RESOLVABLE,dispersed,True,9,8,3.70376005900311,9,9,20,9,common_geometry_preserving_candidate_capacity,False
radiopaedia_14_85914_0,permanent_development,C50_FRG,0.5,fragmented,1,480.1645958003241,GLOBAL_GEOMETRY_RESOLVABLE,fragmented,True,11,3,1.5,11,11,20,12,common_geometry_preserving_candidate_capacity,False
radiopaedia_14_85914_0,permanent_development,C50_FRG,0.5,fragmented,3,0.4504779143259477,GLOBAL_GEOMETRY_RESOLVABLE,fragmented,True,9,3,1.5,9,9,20,9,common_geometry_preserving_candidate_capacity,False
radiopaedia_14_85914_0,permanent_development,C50_FRG,0.5,fragmented,4,7.374940294493887,GLOBAL_GEOMETRY_RESOLVABLE,fragmented,True,7,3,1.5,7,8,20,7,common_geometry_preserving_candidate_capacity,False
radiopaedia_14_85914_0,permanent_development,C50_FRG,0.5,fragmented,5,2.807542851940139,GLOBAL_GEOMETRY_RESOLVABLE,fragmented,True,8,3,1.5,8,8,20,9,common_geometry_preserving_candidate_capacity,False
radiopaedia_14_85914_0,permanent_development,C50_FRG,0.5,fragmented,10,0.1504708386026506,GLOBAL_GEOMETRY_RESOLVABLE,fragmented,True,8,2,1.5,8,8,16,11,common_geometry_preserving_candidate_capacity,False
radiopaedia_14_85914_0,permanent_development,C50_FRG,0.5,fragmented,13,0.4261782757938426,GLOBAL_GEOMETRY_RESOLVABLE,fragmented,True,9,3,1.5,9,9,20,11,common_geometry_preserving_candidate_capacity,False
radiopaedia_14_85914_0,permanent_development,C50_FRG,0.5,fragmented,14,0.5775837158784973,GLOBAL_GEOMETRY_RESOLVABLE,fragmented,True,7,3,1.5,7,7,20,10,common_geometry_preserving_candidate_capacity,False
radiopaedia_14_85914_0,permanent_development,C50_FRG,0.5,fragmented,17,533.4443570864105,GLOBAL_GEOMETRY_RESOLVABLE,fragmented,True,10,3,1.5,10,10,20,10,common_geometry_preserving_candidate_capacity,False
radiopaedia_14_85914_0,permanent_development,C50_FRG,0.5,fragmented,21,1.0654456894846067,GLOBAL_GEOMETRY_RESOLVABLE,fragmented,True,9,3,1.5,9,9,20,9,common_geometry_preserving_candidate_capacity,False
radiopaedia_14_85914_0,permanent_development,C50_FRG,0.5,fragmented,22,1.050492065772542,GLOBAL_GEOMETRY_RESOLVABLE,fragmented,True,9,3,1.5,9,11,20,9,common_geometry_preserving_candidate_capacity,False
radiopaedia_14_85914_0,permanent_development,C50_FRG,0.5,fragmented,24,0.2084161304869011,GLOBAL_RESOLUTION_LIMITED,neutral_physical_bank_prefix,False,48,1,1.5,48,48,48,48,physical_neutral_bank,True
radiopaedia_14_85914_0,permanent_development,C50_FRG,0.5,fragmented,26,0.4158976594917982,GLOBAL_GEOMETRY_RESOLVABLE,fragmented,True,8,3,1.5,8,8,20,9,common_geometry_preserving_candidate_capacity,False
radiopaedia_14_85914_0,permanent_development,C50_FRG,0.5,fragmented,28,0.5233768299222629,GLOBAL_GEOMETRY_RESOLVABLE,fragmented,True,10,3,1.5,10,10,20,11,common_geometry_preserving_candidate_capacity,False
radiopaedia_14_85914_0,permanent_development,C50_FRG,0.5,fragmented,30,0.4308512832038628,GLOBAL_GEOMETRY_RESOLVABLE,fragmented,True,9,3,1.5,9,9,20,9,common_geometry_preserving_candidate_capacity,False
radiopaedia_27_86410_0,permanent_development,C100_COH,1.0,coherent,1,276.59811240354185,GLOBAL_GEOMETRY_RESOLVABLE,coherent,True,4,1,1.5,5,6,11,5,common_geometry_preserving_candidate_capacity,False
radiopaedia_27_86410_0,permanent_development,C100_COH,1.0,coherent,2,1.6430294053631036,GLOBAL_GEOMETRY_RESOLVABLE,coherent,True,5,1,1.5,5,5,11,6,common_geometry_preserving_candidate_capacity,False
radiopaedia_27_86410_0,permanent_development,C100_COH,1.0,coherent,3,0.3841212091036607,GLOBAL_GEOMETRY_RESOLVABLE,coherent,True,5,1,1.5,5,6,11,5,common_geometry_preserving_candidate_capacity,False
radiopaedia_27_86410_0,permanent_development,C100_COH,1.0,coherent,4,16.33216089802061,GLOBAL_GEOMETRY_RESOLVABLE,coherent,True,4,1,1.5,4,4,11,8,common_geometry_preserving_candidate_capacity,False
radiopaedia_27_86410_0,permanent_development,C100_COH,1.0,coherent,5,1.491623965278449,GLOBAL_GEOMETRY_RESOLVABLE,coherent,True,3,1,1.5,3,3,10,6,common_geometry_preserving_candidate_capacity,False
radiopaedia_27_86410_0,permanent_development,C100_COH,1.0,coherent,7,0.6364636092447518,GLOBAL_GEOMETRY_RESOLVABLE,coherent,True,4,1,1.5,4,4,11,6,common_geometry_preserving_candidate_capacity,False
radiopaedia_27_86410_0,permanent_development,C100_COH,1.0,coherent,8,0.5944065425545699,GLOBAL_GEOMETRY_RESOLVABLE,coherent,True,5,1,1.5,5,7,11,5,common_geometry_preserving_candidate_capacity,False
radiopaedia_27_86410_0,permanent_development,C100_COH,1.0,coherent,9,9.05068075172713,GLOBAL_GEOMETRY_RESOLVABLE,coherent,True,4,1,1.5,6,6,11,10,common_geometry_preserving_candidate_capacity,False
radiopaedia_27_86410_0,permanent_development,C100_COH,1.0,coherent,10,32.89423376061422,GLOBAL_GEOMETRY_RESOLVABLE,coherent,True,4,1,1.5,5,5,11,7,common_geometry_preserving_candidate_capacity,False
radiopaedia_27_86410_0,permanent_development,C100_COH,1.0,coherent,11,11.394661268593264,GLOBAL_GEOMETRY_RESOLVABLE,coherent,True,4,1,1.5,5,5,10,6,common_geometry_preserving_candidate_capacity,False
radiopaedia_27_86410_0,permanent_development,C100_COH,1.0,coherent,12,464.2343135395651,GLOBAL_GEOMETRY_RESOLVABLE,coherent,True,3,1,1.7071067811865472,3,3,10,7,common_geometry_preserving_candidate_capacity,False
radiopaedia_27_86410_0,permanent_development,C100_COH,1.0,coherent,13,1.0009581872263276,GLOBAL_GEOMETRY_RESOLVABLE,coherent,True,4,1,1.5,4,4,11,6,common_geometry_preserving_candidate_capacity,False
radiopaedia_27_86410_0,permanent_development,C100_COH,1.0,coherent,14,0.9336668805220368,GLOBAL_GEOMETRY_RESOLVABLE,coherent,True,4,1,1.6553300858899105,7,7,11,8,common_geometry_preserving_candidate_capacity,False
radiopaedia_27_86410_0,permanent_development,C100_DIS,1.0,dispersed,1,276.59811240354185,GLOBAL_GEOMETRY_RESOLVABLE,dispersed,True,4,4,107.23052781101987,5,6,11,5,common_geometry_preserving_candidate_capacity,False
radiopaedia_27_86410_0,permanent_development,C100_DIS,1.0,dispersed,2,1.6430294053631036,GLOBAL_GEOMETRY_RESOLVABLE,dispersed,True,5,5,9.358227210069131,5,5,11,6,common_geometry_preserving_candidate_capacity,False
radiopaedia_27_86410_0,permanent_development,C100_DIS,1.0,dispersed,3,0.3841212091036607,GLOBAL_GEOMETRY_RESOLVABLE,dispersed,True,5,5,3.764946955638945,5,6,11,5,common_geometry_preserving_candidate_capacity,False
radiopaedia_27_86410_0,permanent_development,C100_DIS,1.0,dispersed,4,16.33216089802061,GLOBAL_GEOMETRY_RESOLVABLE,dispersed,True,4,4,26.924479205787556,4,4,11,8,common_geometry_preserving_candidate_capacity,False
radiopaedia_27_86410_0,permanent_development,C100_DIS,1.0,dispersed,5,1.491623965278449,GLOBAL_GEOMETRY_RESOLVABLE,dispersed,True,3,3,12.746211251235321,3,3,10,6,common_geometry_preserving_candidate_capacity,False
radiopaedia_27_86410_0,permanent_development,C100_DIS,1.0,dispersed,7,0.6364636092447518,GLOBAL_GEOMETRY_RESOLVABLE,dispersed,True,4,4,6.095498218551565,4,4,11,6,common_geometry_preserving_candidate_capacity,False
radiopaedia_27_86410_0,permanent_development,C100_DIS,1.0,dispersed,8,0.5944065425545699,GLOBAL_GEOMETRY_RESOLVABLE,dispersed,True,5,5,5.534081221174365,5,7,11,5,common_geometry_preserving_candidate_capacity,False
radiopaedia_27_86410_0,permanent_development,C100_DIS,1.0,dispersed,9,9.05068075172713,GLOBAL_GEOMETRY_RESOLVABLE,dispersed,True,4,4,25.097388208254614,6,6,11,10,common_geometry_preserving_candidate_capacity,False
radiopaedia_27_86410_0,permanent_development,C100_DIS,1.0,dispersed,10,32.89423376061422,GLOBAL_GEOMETRY_RESOLVABLE,dispersed,True,4,4,46.7453144025517,5,5,11,7,common_geometry_preserving_candidate_capacity,False
radiopaedia_27_86410_0,permanent_development,C100_DIS,1.0,dispersed,11,11.394661268593264,GLOBAL_GEOMETRY_RESOLVABLE,dispersed,True,4,4,23.5894147216364,5,5,10,6,common_geometry_preserving_candidate_capacity,False
radiopaedia_27_86410_0,permanent_development,C100_DIS,1.0,dispersed,12,464.2343135395651,GLOBAL_GEOMETRY_RESOLVABLE,dispersed,True,3,3,177.74083330584781,3,3,10,7,common_geometry_preserving_candidate_capacity,False
radiopaedia_27_86410_0,permanent_development,C100_DIS,1.0,dispersed,13,1.0009581872263276,GLOBAL_GEOMETRY_RESOLVABLE,dispersed,True,4,4,7.863138240545466,4,4,11,6,common_geometry_preserving_candidate_capacity,False
radiopaedia_27_86410_0,permanent_development,C100_DIS,1.0,dispersed,14,0.9336668805220368,GLOBAL_GEOMETRY_RESOLVABLE,dispersed,True,4,4,7.889115243612387,7,7,11,8,common_geometry_preserving_candidate_capacity,False
radiopaedia_27_86410_0,permanent_development,C100_FRG,1.0,fragmented,1,276.59811240354185,GLOBAL_GEOMETRY_RESOLVABLE,fragmented,True,4,3,51.7115516219928,5,6,11,5,common_geometry_preserving_candidate_capacity,False
radiopaedia_27_86410_0,permanent_development,C100_FRG,1.0,fragmented,2,1.6430294053631036,GLOBAL_GEOMETRY_RESOLVABLE,fragmented,True,5,3,3.883281572999748,5,5,11,6,common_geometry_preserving_candidate_capacity,False
radiopaedia_27_86410_0,permanent_development,C100_FRG,1.0,fragmented,3,0.3841212091036607,GLOBAL_GEOMETRY_RESOLVABLE,fragmented,True,5,3,1.8,5,6,11,5,common_geometry_preserving_candidate_capacity,False
radiopaedia_27_86410_0,permanent_development,C100_FRG,1.0,fragmented,4,16.33216089802061,GLOBAL_GEOMETRY_RESOLVABLE,fragmented,True,4,3,12.18405159125842,4,4,11,8,common_geometry_preserving_candidate_capacity,False
radiopaedia_27_86410_0,permanent_development,C100_FRG,1.0,fragmented,5,1.491623965278449,GLOBAL_GEOMETRY_RESOLVABLE,fragmented,True,3,3,12.633693444931382,3,3,10,6,common_geometry_preserving_candidate_capacity,False
radiopaedia_27_86410_0,permanent_development,C100_FRG,1.0,fragmented,7,0.6364636092447518,GLOBAL_GEOMETRY_RESOLVABLE,fragmented,True,4,3,3.722792489377116,4,4,11,6,common_geometry_preserving_candidate_capacity,False
radiopaedia_27_86410_0,permanent_development,C100_FRG,1.0,fragmented,8,0.5944065425545699,GLOBAL_GEOMETRY_RESOLVABLE,fragmented,True,5,3,2.436931687685298,5,7,11,5,common_geometry_preserving_candidate_capacity,False
radiopaedia_27_86410_0,permanent_development,C100_FRG,1.0,fragmented,9,9.05068075172713,GLOBAL_GEOMETRY_RESOLVABLE,fragmented,True,4,3,10.295941546018392,6,6,11,10,common_geometry_preserving_candidate_capacity,False
radiopaedia_27_86410_0,permanent_development,C100_FRG,1.0,fragmented,10,32.89423376061422,GLOBAL_GEOMETRY_RESOLVABLE,fragmented,True,4,3,23.1623291962259,5,5,11,7,common_geometry_preserving_candidate_capacity,False
radiopaedia_27_86410_0,permanent_development,C100_FRG,1.0,fragmented,11,11.394661268593264,GLOBAL_GEOMETRY_RESOLVABLE,fragmented,True,4,3,12.386707328205524,5,5,10,6,common_geometry_preserving_candidate_capacity,False
radiopaedia_27_86410_0,permanent_development,C100_FRG,1.0,fragmented,12,464.2343135395651,GLOBAL_GEOMETRY_RESOLVABLE,fragmented,True,3,3,129.96712693703844,3,3,10,7,common_geometry_preserving_candidate_capacity,False
radiopaedia_27_86410_0,permanent_development,C100_FRG,1.0,fragmented,13,1.0009581872263276,GLOBAL_GEOMETRY_RESOLVABLE,fragmented,True,4,3,4.574264635194589,4,4,11,6,common_geometry_preserving_candidate_capacity,False
radiopaedia_27_86410_0,permanent_development,C100_FRG,1.0,fragmented,14,0.9336668805220368,GLOBAL_GEOMETRY_RESOLVABLE,fragmented,True,4,3,5.154210992451761,7,7,11,8,common_geometry_preserving_candidate_capacity,False
radiopaedia_27_86410_0,permanent_development,C50_COH,0.5,coherent,2,1.6430294053631036,GLOBAL_GEOMETRY_RESOLVABLE,coherent,True,6,1,1.5,6,6,20,10,common_geometry_preserving_candidate_capacity,False
radiopaedia_27_86410_0,permanent_development,C50_COH,0.5,coherent,3,0.3841212091036607,GLOBAL_GEOMETRY_RESOLVABLE,coherent,True,8,1,1.5,8,8,14,8,common_geometry_preserving_candidate_capacity,False
radiopaedia_27_86410_0,permanent_development,C50_COH,0.5,coherent,4,16.33216089802061,GLOBAL_GEOMETRY_RESOLVABLE,coherent,True,5,1,1.5,5,5,20,10,common_geometry_preserving_candidate_capacity,False
radiopaedia_27_86410_0,permanent_development,C50_COH,0.5,coherent,7,0.6364636092447518,GLOBAL_GEOMETRY_RESOLVABLE,coherent,True,9,1,1.5,9,10,18,9,common_geometry_preserving_candidate_capacity,False
radiopaedia_27_86410_0,permanent_development,C50_COH,0.5,coherent,8,0.5944065425545699,GLOBAL_GEOMETRY_RESOLVABLE,coherent,True,9,1,1.5,9,9,20,9,common_geometry_preserving_candidate_capacity,False
radiopaedia_27_86410_0,permanent_development,C50_COH,0.5,coherent,13,1.0009581872263276,GLOBAL_GEOMETRY_RESOLVABLE,coherent,True,6,1,1.5,6,6,20,9,common_geometry_preserving_candidate_capacity,False
radiopaedia_27_86410_0,permanent_development,C50_COH,0.5,coherent,14,0.9336668805220368,GLOBAL_GEOMETRY_RESOLVABLE,coherent,True,10,1,1.5,10,10,20,10,common_geometry_preserving_candidate_capacity,False
radiopaedia_27_86410_0,permanent_development,C50_DIS,0.5,dispersed,2,1.6430294053631036,GLOBAL_GEOMETRY_RESOLVABLE,dispersed,True,6,6,8.655479589410723,6,6,20,10,common_geometry_preserving_candidate_capacity,False
radiopaedia_27_86410_0,permanent_development,C50_DIS,0.5,dispersed,3,0.3841212091036607,GLOBAL_GEOMETRY_RESOLVABLE,dispersed,True,8,4,2.583613452068408,8,8,14,8,common_geometry_preserving_candidate_capacity,False
radiopaedia_27_86410_0,permanent_development,C50_DIS,0.5,dispersed,4,16.33216089802061,GLOBAL_GEOMETRY_RESOLVABLE,dispersed,True,5,5,22.1646780804088,5,5,20,10,common_geometry_preserving_candidate_capacity,False
radiopaedia_27_86410_0,permanent_development,C50_DIS,0.5,dispersed,7,0.6364636092447518,GLOBAL_GEOMETRY_RESOLVABLE,dispersed,True,9,8,3.1164847862356564,9,10,18,9,common_geometry_preserving_candidate_capacity,False
radiopaedia_27_86410_0,permanent_development,C50_DIS,0.5,dispersed,8,0.5944065425545699,GLOBAL_GEOMETRY_RESOLVABLE,dispersed,True,9,9,3.4891627824856215,9,9,20,9,common_geometry_preserving_candidate_capacity,False
radiopaedia_27_86410_0,permanent_development,C50_DIS,0.5,dispersed,13,1.0009581872263276,GLOBAL_GEOMETRY_RESOLVABLE,dispersed,True,6,6,6.817074090604834,6,6,20,9,common_geometry_preserving_candidate_capacity,False
radiopaedia_27_86410_0,permanent_development,C50_DIS,0.5,dispersed,14,0.9336668805220368,GLOBAL_GEOMETRY_RESOLVABLE,dispersed,True,10,10,3.697871376374779,10,10,20,10,common_geometry_preserving_candidate_capacity,False
radiopaedia_27_86410_0,permanent_development,C50_FRG,0.5,fragmented,2,1.6430294053631036,GLOBAL_GEOMETRY_RESOLVABLE,fragmented,True,6,3,1.5,6,6,20,10,common_geometry_preserving_candidate_capacity,False
radiopaedia_27_86410_0,permanent_development,C50_FRG,0.5,fragmented,3,0.3841212091036607,GLOBAL_GEOMETRY_RESOLVABLE,fragmented,True,8,3,1.5,8,8,14,8,common_geometry_preserving_candidate_capacity,False
radiopaedia_27_86410_0,permanent_development,C50_FRG,0.5,fragmented,4,16.33216089802061,GLOBAL_GEOMETRY_RESOLVABLE,fragmented,True,5,3,5.629446918070021,5,5,20,10,common_geometry_preserving_candidate_capacity,False
radiopaedia_27_86410_0,permanent_development,C50_FRG,0.5,fragmented,7,0.6364636092447518,GLOBAL_GEOMETRY_RESOLVABLE,fragmented,True,9,3,1.5,9,10,18,9,common_geometry_preserving_candidate_capacity,False
radiopaedia_27_86410_0,permanent_development,C50_FRG,0.5,fragmented,8,0.5944065425545699,GLOBAL_GEOMETRY_RESOLVABLE,fragmented,True,9,3,1.5,9,9,20,9,common_geometry_preserving_candidate_capacity,False
radiopaedia_27_86410_0,permanent_development,C50_FRG,0.5,fragmented,13,1.0009581872263276,GLOBAL_GEOMETRY_RESOLVABLE,fragmented,True,6,3,1.5,6,6,20,9,common_geometry_preserving_candidate_capacity,False
radiopaedia_27_86410_0,permanent_development,C50_FRG,0.5,fragmented,14,0.9336668805220368,GLOBAL_GEOMETRY_RESOLVABLE,fragmented,True,10,3,1.5,10,10,20,10,common_geometry_preserving_candidate_capacity,False
radiopaedia_29_86490_1,final_outer_cv,C100_COH,1.0,coherent,1,0.1766396800987637,GLOBAL_RESOLUTION_LIMITED,neutral_physical_bank_prefix,False,10,1,1.5,17,17,17,17,physical_neutral_bank,True
radiopaedia_29_86490_1,final_outer_cv,C100_COH,1.0,coherent,2,0.2803804446012122,GLOBAL_RESOLUTION_LIMITED,neutral_physical_bank_prefix,False,10,1,1.5,26,26,26,26,physical_neutral_bank,True
radiopaedia_29_86490_1,final_outer_cv,C100_DIS,1.0,dispersed,1,0.1766396800987637,GLOBAL_RESOLUTION_LIMITED,neutral_physical_bank_prefix,False,10,1,1.5,17,17,17,17,physical_neutral_bank,True
radiopaedia_29_86490_1,final_outer_cv,C100_DIS,1.0,dispersed,2,0.2803804446012122,GLOBAL_RESOLUTION_LIMITED,neutral_physical_bank_prefix,False,10,1,1.5,26,26,26,26,physical_neutral_bank,True
radiopaedia_29_86490_1,final_outer_cv,C100_FRG,1.0,fragmented,1,0.1766396800987637,GLOBAL_RESOLUTION_LIMITED,neutral_physical_bank_prefix,False,10,1,1.5,17,17,17,17,physical_neutral_bank,True
radiopaedia_29_86490_1,final_outer_cv,C100_FRG,1.0,fragmented,2,0.2803804446012122,GLOBAL_RESOLUTION_LIMITED,neutral_physical_bank_prefix,False,10,1,1.5,26,26,26,26,physical_neutral_bank,True
radiopaedia_29_86490_1,final_outer_cv,C50_COH,0.5,coherent,2,0.2803804446012122,GLOBAL_RESOLUTION_LIMITED,neutral_physical_bank_prefix,False,20,1,1.5,26,26,26,26,physical_neutral_bank,True
radiopaedia_29_86490_1,final_outer_cv,C50_DIS,0.5,dispersed,2,0.2803804446012122,GLOBAL_RESOLUTION_LIMITED,neutral_physical_bank_prefix,False,20,1,1.5,26,26,26,26,physical_neutral_bank,True
radiopaedia_29_86490_1,final_outer_cv,C50_FRG,0.5,fragmented,2,0.2803804446012122,GLOBAL_RESOLUTION_LIMITED,neutral_physical_bank_prefix,False,20,1,1.5,26,26,26,26,physical_neutral_bank,True
radiopaedia_29_86491_1,final_outer_cv,C100_COH,1.0,coherent,1,13.974161358924418,GLOBAL_GEOMETRY_RESOLVABLE,coherent,True,4,1,1.5,4,4,13,6,common_geometry_preserving_candidate_capacity,False
radiopaedia_29_86491_1,final_outer_cv,C100_COH,1.0,coherent,2,36.12982409131221,GLOBAL_GEOMETRY_RESOLVABLE,coherent,True,4,1,1.5,4,4,13,7,common_geometry_preserving_candidate_capacity,False
radiopaedia_29_86491_1,final_outer_cv,C100_COH,1.0,coherent,3,0.5383304536343274,GLOBAL_GEOMETRY_RESOLVABLE,coherent,True,4,1,1.5,7,7,14,9,common_geometry_preserving_candidate_capacity,False
radiopaedia_29_86491_1,final_outer_cv,C100_DIS,1.0,dispersed,1,13.974161358924418,GLOBAL_GEOMETRY_RESOLVABLE,dispersed,True,4,4,18.747601539273607,4,4,13,6,common_geometry_preserving_candidate_capacity,False
radiopaedia_29_86491_1,final_outer_cv,C100_DIS,1.0,dispersed,2,36.12982409131221,GLOBAL_GEOMETRY_RESOLVABLE,dispersed,True,4,4,31.46725900882241,4,4,13,7,common_geometry_preserving_candidate_capacity,False
radiopaedia_29_86491_1,final_outer_cv,C100_DIS,1.0,dispersed,3,0.5383304536343274,GLOBAL_GEOMETRY_RESOLVABLE,dispersed,True,4,4,5.841318323874347,7,7,14,9,common_geometry_preserving_candidate_capacity,False
radiopaedia_29_86491_1,final_outer_cv,C100_FRG,1.0,fragmented,1,13.974161358924418,GLOBAL_GEOMETRY_RESOLVABLE,fragmented,True,4,3,10.265698749302548,4,4,13,6,common_geometry_preserving_candidate_capacity,False
radiopaedia_29_86491_1,final_outer_cv,C100_FRG,1.0,fragmented,2,36.12982409131221,GLOBAL_GEOMETRY_RESOLVABLE,fragmented,True,4,3,15.741717873177386,4,4,13,7,common_geometry_preserving_candidate_capacity,False
radiopaedia_29_86491_1,final_outer_cv,C100_FRG,1.0,fragmented,3,0.5383304536343274,GLOBAL_GEOMETRY_RESOLVABLE,fragmented,True,4,3,3.375,7,7,14,9,common_geometry_preserving_candidate_capacity,False
radiopaedia_29_86491_1,final_outer_cv,C50_COH,0.5,coherent,1,13.974161358924418,GLOBAL_GEOMETRY_RESOLVABLE,coherent,True,5,1,1.5,5,5,20,9,common_geometry_preserving_candidate_capacity,False
radiopaedia_29_86491_1,final_outer_cv,C50_COH,0.5,coherent,3,0.5383304536343274,GLOBAL_GEOMETRY_RESOLVABLE,coherent,True,7,1,1.5,7,7,20,11,common_geometry_preserving_candidate_capacity,False
radiopaedia_29_86491_1,final_outer_cv,C50_DIS,0.5,dispersed,1,13.974161358924418,GLOBAL_GEOMETRY_RESOLVABLE,dispersed,True,5,5,19.93691540899346,5,5,20,9,common_geometry_preserving_candidate_capacity,False
radiopaedia_29_86491_1,final_outer_cv,C50_DIS,0.5,dispersed,3,0.5383304536343274,GLOBAL_GEOMETRY_RESOLVABLE,dispersed,True,7,7,3.67950957266004,7,7,20,11,common_geometry_preserving_candidate_capacity,False
radiopaedia_29_86491_1,final_outer_cv,C50_FRG,0.5,fragmented,1,13.974161358924418,GLOBAL_GEOMETRY_RESOLVABLE,fragmented,True,5,3,4.898648401781386,5,5,20,9,common_geometry_preserving_candidate_capacity,False
radiopaedia_29_86491_1,final_outer_cv,C50_FRG,0.5,fragmented,3,0.5383304536343274,GLOBAL_GEOMETRY_RESOLVABLE,fragmented,True,7,2,1.588760049079949,7,7,20,11,common_geometry_preserving_candidate_capacity,False
radiopaedia_36_86526_0,final_outer_cv,C100_COH,1.0,coherent,1,4.65151157593411,GLOBAL_GEOMETRY_RESOLVABLE,coherent,True,3,1,1.5,4,4,7,6,common_geometry_preserving_candidate_capacity,False
radiopaedia_36_86526_0,final_outer_cv,C100_COH,1.0,coherent,2,0.4121592535637819,GLOBAL_GEOMETRY_RESOLVABLE,coherent,True,3,1,1.5,3,3,8,7,common_geometry_preserving_candidate_capacity,False
radiopaedia_36_86526_0,final_outer_cv,C100_COH,1.0,coherent,3,4.62347353147399,GLOBAL_GEOMETRY_RESOLVABLE,coherent,True,4,1,1.5,4,4,7,4,common_geometry_preserving_candidate_capacity,False
radiopaedia_36_86526_0,final_outer_cv,C100_COH,1.0,coherent,4,9.583403596469434,GLOBAL_GEOMETRY_RESOLVABLE,coherent,True,4,1,1.5,5,5,8,6,common_geometry_preserving_candidate_capacity,False
radiopaedia_36_86526_0,final_outer_cv,C100_COH,1.0,coherent,5,27.03428246844888,GLOBAL_GEOMETRY_RESOLVABLE,coherent,True,3,1,1.5,3,3,8,6,common_geometry_preserving_candidate_capacity,False
radiopaedia_36_86526_0,final_outer_cv,C100_COH,1.0,coherent,6,7.651582333167082,GLOBAL_GEOMETRY_RESOLVABLE,coherent,True,2,1,1.5,2,2,7,4,common_geometry_preserving_candidate_capacity,False
radiopaedia_36_86526_0,final_outer_cv,C100_COH,1.0,coherent,7,0.4486087113619396,GLOBAL_GEOMETRY_RESOLVABLE,coherent,True,4,1,1.5,4,4,8,5,common_geometry_preserving_candidate_capacity,False
radiopaedia_36_86526_0,final_outer_cv,C100_COH,1.0,coherent,8,0.986939164996267,GLOBAL_GEOMETRY_RESOLVABLE,coherent,True,3,1,1.5,4,4,7,4,common_geometry_preserving_candidate_capacity,False
radiopaedia_36_86526_0,final_outer_cv,C100_COH,1.0,coherent,9,0.619640782568679,GLOBAL_GEOMETRY_RESOLVABLE,coherent,True,4,1,1.5,4,4,8,6,common_geometry_preserving_candidate_capacity,False
radiopaedia_36_86526_0,final_outer_cv,C100_COH,1.0,coherent,10,8.742262262665797,GLOBAL_GEOMETRY_RESOLVABLE,coherent,True,3,1,1.7071067811865472,3,3,7,3,common_geometry_preserving_candidate_capacity,False
radiopaedia_36_86526_0,final_outer_cv,C100_COH,1.0,coherent,11,8.977781836130815,GLOBAL_GEOMETRY_RESOLVABLE,coherent,True,3,1,1.5,3,3,7,4,common_geometry_preserving_candidate_capacity,False
radiopaedia_36_86526_0,final_outer_cv,C100_COH,1.0,coherent,12,2.1364989878612373,GLOBAL_GEOMETRY_RESOLVABLE,coherent,True,4,1,1.5,5,5,8,7,common_geometry_preserving_candidate_capacity,False
radiopaedia_36_86526_0,final_outer_cv,C100_COH,1.0,coherent,13,1.606579947564946,GLOBAL_GEOMETRY_RESOLVABLE,coherent,True,4,1,1.5,4,4,7,5,common_geometry_preserving_candidate_capacity,False
radiopaedia_36_86526_0,final_outer_cv,C100_COH,1.0,coherent,14,1.0149772094563885,GLOBAL_GEOMETRY_RESOLVABLE,coherent,True,3,1,1.5,5,5,7,6,common_geometry_preserving_candidate_capacity,False
radiopaedia_36_86526_0,final_outer_cv,C100_COH,1.0,coherent,15,2.649595201481456,GLOBAL_GEOMETRY_RESOLVABLE,coherent,True,4,1,1.5,4,4,7,5,common_geometry_preserving_candidate_capacity,False
radiopaedia_36_86526_0,final_outer_cv,C100_COH,1.0,coherent,16,0.6813244803809457,GLOBAL_GEOMETRY_RESOLVABLE,coherent,True,3,1,1.5,3,3,8,7,common_geometry_preserving_candidate_capacity,False
radiopaedia_36_86526_0,final_outer_cv,C100_COH,1.0,coherent,17,0.7065587203950549,GLOBAL_GEOMETRY_RESOLVABLE,coherent,True,4,1,1.5,4,4,8,6,common_geometry_preserving_candidate_capacity,False
radiopaedia_36_86526_0,final_outer_cv,C100_COH,1.0,coherent,18,4.724410491530426,GLOBAL_GEOMETRY_RESOLVABLE,coherent,True,3,1,1.5,4,4,7,6,common_geometry_preserving_candidate_capacity,False
radiopaedia_36_86526_0,final_outer_cv,C100_COH,1.0,coherent,19,0.1654244623147152,GLOBAL_RESOLUTION_LIMITED,neutral_physical_bank_prefix,False,3,1,1.5,19,19,19,19,physical_neutral_bank,True
radiopaedia_36_86526_0,final_outer_cv,C100_COH,1.0,coherent,20,6.005749123357965,GLOBAL_GEOMETRY_RESOLVABLE,coherent,True,3,1,1.5,3,3,8,7,common_geometry_preserving_candidate_capacity,False
radiopaedia_36_86526_0,final_outer_cv,C100_COH,1.0,coherent,21,35.470930046499355,GLOBAL_GEOMETRY_RESOLVABLE,coherent,True,2,1,1.5,2,2,8,6,common_geometry_preserving_candidate_capacity,False
radiopaedia_36_86526_0,final_outer_cv,C100_COH,1.0,coherent,22,4.50571374474148,GLOBAL_GEOMETRY_RESOLVABLE,coherent,True,3,1,1.5,3,3,7,5,common_geometry_preserving_candidate_capacity,False
radiopaedia_36_86526_0,final_outer_cv,C100_COH,1.0,coherent,23,12.297486300209169,GLOBAL_GEOMETRY_RESOLVABLE,coherent,True,3,1,1.7071067811865472,3,3,7,5,common_geometry_preserving_candidate_capacity,False
radiopaedia_36_86526_0,final_outer_cv,C100_COH,1.0,coherent,24,9.824530778826476,GLOBAL_GEOMETRY_RESOLVABLE,coherent,True,3,1,1.5,3,4,7,3,common_geometry_preserving_candidate_capacity,False
radiopaedia_36_86526_0,final_outer_cv,C100_COH,1.0,coherent,25,11.21521778404849,GLOBAL_GEOMETRY_RESOLVABLE,coherent,True,4,1,1.5,4,4,8,6,common_geometry_preserving_candidate_capacity,False
radiopaedia_36_86526_0,final_outer_cv,C100_COH,1.0,coherent,26,4.744037122652511,GLOBAL_GEOMETRY_RESOLVABLE,coherent,True,3,1,1.5,3,3,7,3,common_geometry_preserving_candidate_capacity,False
radiopaedia_36_86526_0,final_outer_cv,C100_COH,1.0,coherent,27,5.083297460619978,GLOBAL_GEOMETRY_RESOLVABLE,coherent,True,4,1,1.5,5,5,8,7,common_geometry_preserving_candidate_capacity,False
radiopaedia_36_86526_0,final_outer_cv,C100_COH,1.0,coherent,28,0.4570201246999759,GLOBAL_GEOMETRY_RESOLVABLE,coherent,True,3,1,1.5,3,3,8,6,common_geometry_preserving_candidate_capacity,False
radiopaedia_36_86526_0,final_outer_cv,C100_COH,1.0,coherent,29,3.821585459914522,GLOBAL_GEOMETRY_RESOLVABLE,coherent,True,4,1,1.5,4,5,8,4,common_geometry_preserving_candidate_capacity,False
radiopaedia_36_86526_0,final_outer_cv,C100_COH,1.0,coherent,30,1.606579947564946,GLOBAL_GEOMETRY_RESOLVABLE,coherent,True,4,1,1.5,4,4,8,5,common_geometry_preserving_candidate_capacity,False
radiopaedia_36_86526_0,final_outer_cv,C100_COH,1.0,coherent,31,0.2579500090331152,GLOBAL_GEOMETRY_RESOLVABLE,coherent,True,3,1,1.5,3,3,7,6,common_geometry_preserving_candidate_capacity,False
radiopaedia_36_86526_0,final_outer_cv,C100_COH,1.0,coherent,32,3.560831646435396,GLOBAL_GEOMETRY_RESOLVABLE,coherent,True,3,1,1.5,3,3,8,5,common_geometry_preserving_candidate_capacity,False
radiopaedia_36_86526_0,final_outer_cv,C100_COH,1.0,coherent,33,1.0374076450244851,GLOBAL_GEOMETRY_RESOLVABLE,coherent,True,4,1,1.5,5,5,8,6,common_geometry_preserving_candidate_capacity,False
radiopaedia_36_86526_0,final_outer_cv,C100_DIS,1.0,dispersed,1,4.65151157593411,GLOBAL_GEOMETRY_RESOLVABLE,dispersed,True,3,3,23.786907674751543,4,4,7,6,common_geometry_preserving_candidate_capacity,False
radiopaedia_36_86526_0,final_outer_cv,C100_DIS,1.0,dispersed,2,0.4121592535637819,GLOBAL_GEOMETRY_RESOLVABLE,dispersed,True,3,3,5.283598003728022,3,3,8,7,common_geometry_preserving_candidate_capacity,False
radiopaedia_36_86526_0,final_outer_cv,C100_DIS,1.0,dispersed,3,4.62347353147399,GLOBAL_GEOMETRY_RESOLVABLE,dispersed,True,4,4,16.607919313507445,4,4,7,4,common_geometry_preserving_candidate_capacity,False
radiopaedia_36_86526_0,final_outer_cv,C100_DIS,1.0,dispersed,4,9.583403596469434,GLOBAL_GEOMETRY_RESOLVABLE,dispersed,True,4,4,19.283235705734487,5,5,8,6,common_geometry_preserving_candidate_capacity,False
radiopaedia_36_86526_0,final_outer_cv,C100_DIS,1.0,dispersed,5,27.03428246844888,GLOBAL_GEOMETRY_RESOLVABLE,dispersed,True,3,3,42.14025833182536,3,3,8,6,common_geometry_preserving_candidate_capacity,False
radiopaedia_36_86526_0,final_outer_cv,C100_DIS,1.0,dispersed,6,7.651582333167082,GLOBAL_GEOMETRY_RESOLVABLE,dispersed,True,2,2,32.657311585615865,2,2,7,4,common_geometry_preserving_candidate_capacity,False
radiopaedia_36_86526_0,final_outer_cv,C100_DIS,1.0,dispersed,7,0.4486087113619396,GLOBAL_GEOMETRY_RESOLVABLE,dispersed,True,4,4,6.18465843842649,4,4,8,5,common_geometry_preserving_candidate_capacity,False
radiopaedia_36_86526_0,final_outer_cv,C100_DIS,1.0,dispersed,8,0.986939164996267,GLOBAL_GEOMETRY_RESOLVABLE,dispersed,True,3,3,9.686327440655816,4,4,7,4,common_geometry_preserving_candidate_capacity,False
radiopaedia_36_86526_0,final_outer_cv,C100_DIS,1.0,dispersed,9,0.619640782568679,GLOBAL_GEOMETRY_RESOLVABLE,dispersed,True,4,4,6.909685158945508,4,4,8,6,common_geometry_preserving_candidate_capacity,False
radiopaedia_36_86526_0,final_outer_cv,C100_DIS,1.0,dispersed,10,8.742262262665797,GLOBAL_GEOMETRY_RESOLVABLE,dispersed,True,3,3,23.967663639674427,3,3,7,3,common_geometry_preserving_candidate_capacity,False
radiopaedia_36_86526_0,final_outer_cv,C100_DIS,1.0,dispersed,11,8.977781836130815,GLOBAL_GEOMETRY_RESOLVABLE,dispersed,True,3,3,26.23928352680385,3,3,7,4,common_geometry_preserving_candidate_capacity,False
radiopaedia_36_86526_0,final_outer_cv,C100_DIS,1.0,dispersed,12,2.1364989878612373,GLOBAL_GEOMETRY_RESOLVABLE,dispersed,True,4,4,9.426035939620846,5,5,8,7,common_geometry_preserving_candidate_capacity,False
radiopaedia_36_86526_0,final_outer_cv,C100_DIS,1.0,dispersed,13,1.606579947564946,GLOBAL_GEOMETRY_RESOLVABLE,dispersed,True,4,4,11.452234764977309,4,4,7,5,common_geometry_preserving_candidate_capacity,False
radiopaedia_36_86526_0,final_outer_cv,C100_DIS,1.0,dispersed,14,1.0149772094563885,GLOBAL_GEOMETRY_RESOLVABLE,dispersed,True,3,3,9.564925669540688,5,5,7,6,common_geometry_preserving_candidate_capacity,False
radiopaedia_36_86526_0,final_outer_cv,C100_DIS,1.0,dispersed,15,2.649595201481456,GLOBAL_GEOMETRY_RESOLVABLE,dispersed,True,4,4,13.336131386568661,4,4,7,5,common_geometry_preserving_candidate_capacity,False
radiopaedia_36_86526_0,final_outer_cv,C100_DIS,1.0,dispersed,16,0.6813244803809457,GLOBAL_GEOMETRY_RESOLVABLE,dispersed,True,3,3,8.139349834770286,3,3,8,7,common_geometry_preserving_candidate_capacity,False
radiopaedia_36_86526_0,final_outer_cv,C100_DIS,1.0,dispersed,17,0.7065587203950549,GLOBAL_GEOMETRY_RESOLVABLE,dispersed,True,4,4,6.734031498464306,4,4,8,6,common_geometry_preserving_candidate_capacity,False
radiopaedia_36_86526_0,final_outer_cv,C100_DIS,1.0,dispersed,18,4.724410491530426,GLOBAL_GEOMETRY_RESOLVABLE,dispersed,True,3,3,20.435658236562617,4,4,7,6,common_geometry_preserving_candidate_capacity,False
radiopaedia_36_86526_0,final_outer_cv,C100_DIS,1.0,dispersed,19,0.1654244623147152,GLOBAL_RESOLUTION_LIMITED,neutral_physical_bank_prefix,False,3,1,1.5,19,19,19,19,physical_neutral_bank,True
radiopaedia_36_86526_0,final_outer_cv,C100_DIS,1.0,dispersed,20,6.005749123357965,GLOBAL_GEOMETRY_RESOLVABLE,dispersed,True,3,3,21.99325415222029,3,3,8,7,common_geometry_preserving_candidate_capacity,False
radiopaedia_36_86526_0,final_outer_cv,C100_DIS,1.0,dispersed,21,35.470930046499355,GLOBAL_GEOMETRY_RESOLVABLE,dispersed,True,2,2,47.74149138851865,2,2,8,6,common_geometry_preserving_candidate_capacity,False
radiopaedia_36_86526_0,final_outer_cv,C100_DIS,1.0,dispersed,22,4.50571374474148,GLOBAL_GEOMETRY_RESOLVABLE,dispersed,True,3,3,22.032002542760704,3,3,7,5,common_geometry_preserving_candidate_capacity,False
radiopaedia_36_86526_0,final_outer_cv,C100_DIS,1.0,dispersed,23,12.297486300209169,GLOBAL_GEOMETRY_RESOLVABLE,dispersed,True,3,3,34.1690412625722,3,3,7,5,common_geometry_preserving_candidate_capacity,False
radiopaedia_36_86526_0,final_outer_cv,C100_DIS,1.0,dispersed,24,9.824530778826476,GLOBAL_GEOMETRY_RESOLVABLE,dispersed,True,3,3,24.095077004153286,3,4,7,3,common_geometry_preserving_candidate_capacity,False
radiopaedia_36_86526_0,final_outer_cv,C100_DIS,1.0,dispersed,25,11.21521778404849,GLOBAL_GEOMETRY_RESOLVABLE,dispersed,True,4,4,24.282995378406188,4,4,8,6,common_geometry_preserving_candidate_capacity,False
radiopaedia_36_86526_0,final_outer_cv,C100_DIS,1.0,dispersed,26,4.744037122652511,GLOBAL_GEOMETRY_RESOLVABLE,dispersed,True,3,3,23.1542044415035,3,3,7,3,common_geometry_preserving_candidate_capacity,False
radiopaedia_36_86526_0,final_outer_cv,C100_DIS,1.0,dispersed,27,5.083297460619978,GLOBAL_GEOMETRY_RESOLVABLE,dispersed,True,4,4,18.293495017703275,5,5,8,7,common_geometry_preserving_candidate_capacity,False
radiopaedia_36_86526_0,final_outer_cv,C100_DIS,1.0,dispersed,28,0.4570201246999759,GLOBAL_GEOMETRY_RESOLVABLE,dispersed,True,3,3,7.398979485566357,3,3,8,6,common_geometry_preserving_candidate_capacity,False
radiopaedia_36_86526_0,final_outer_cv,C100_DIS,1.0,dispersed,29,3.821585459914522,GLOBAL_GEOMETRY_RESOLVABLE,dispersed,True,4,4,13.117355595554015,4,5,8,4,common_geometry_preserving_candidate_capacity,False
radiopaedia_36_86526_0,final_outer_cv,C100_DIS,1.0,dispersed,30,1.606579947564946,GLOBAL_GEOMETRY_RESOLVABLE,dispersed,True,4,4,8.57388688271358,4,4,8,5,common_geometry_preserving_candidate_capacity,False
radiopaedia_36_86526_0,final_outer_cv,C100_DIS,1.0,dispersed,31,0.2579500090331152,GLOBAL_GEOMETRY_RESOLVABLE,dispersed,True,3,3,3.73606797749979,3,3,7,6,common_geometry_preserving_candidate_capacity,False
radiopaedia_36_86526_0,final_outer_cv,C100_DIS,1.0,dispersed,32,3.560831646435396,GLOBAL_GEOMETRY_RESOLVABLE,dispersed,True,3,3,18.043174589482234,3,3,8,5,common_geometry_preserving_candidate_capacity,False
radiopaedia_36_86526_0,final_outer_cv,C100_DIS,1.0,dispersed,33,1.0374076450244851,GLOBAL_GEOMETRY_RESOLVABLE,dispersed,True,4,4,7.975810211375969,5,5,8,6,common_geometry_preserving_candidate_capacity,False
radiopaedia_36_86526_0,final_outer_cv,C100_FRG,1.0,fragmented,1,4.65151157593411,GLOBAL_GEOMETRY_RESOLVABLE,fragmented,True,3,3,19.972037286458832,4,4,7,6,common_geometry_preserving_candidate_capacity,False
radiopaedia_36_86526_0,final_outer_cv,C100_FRG,1.0,fragmented,2,0.4121592535637819,GLOBAL_GEOMETRY_RESOLVABLE,fragmented,True,3,3,3.8172068075839793,3,3,8,7,common_geometry_preserving_candidate_capacity,False
radiopaedia_36_86526_0,final_outer_cv,C100_FRG,1.0,fragmented,3,4.62347353147399,GLOBAL_GEOMETRY_RESOLVABLE,fragmented,True,4,3,10.614338989435087,4,4,7,4,common_geometry_preserving_candidate_capacity,False
radiopaedia_36_86526_0,final_outer_cv,C100_FRG,1.0,fragmented,4,9.583403596469434,GLOBAL_GEOMETRY_RESOLVABLE,fragmented,True,4,3,11.641794609617204,5,5,8,6,common_geometry_preserving_candidate_capacity,False
radiopaedia_36_86526_0,final_outer_cv,C100_FRG,1.0,fragmented,5,27.03428246844888,GLOBAL_GEOMETRY_RESOLVABLE,fragmented,True,3,3,34.41640786499874,3,3,8,6,common_geometry_preserving_candidate_capacity,False
radiopaedia_36_86526_0,final_outer_cv,C100_FRG,1.0,fragmented,6,7.651582333167082,GLOBAL_GEOMETRY_RESOLVABLE,fragmented,True,2,2,19.267848867997692,2,2,7,4,common_geometry_preserving_candidate_capacity,False
radiopaedia_36_86526_0,final_outer_cv,C100_FRG,1.0,fragmented,7,0.4486087113619396,GLOBAL_GEOMETRY_RESOLVABLE,fragmented,True,4,2,1.5,4,4,8,5,common_geometry_preserving_candidate_capacity,False
radiopaedia_36_86526_0,final_outer_cv,C100_FRG,1.0,fragmented,8,0.986939164996267,GLOBAL_GEOMETRY_RESOLVABLE,fragmented,True,3,3,7.728656901081649,4,4,7,4,common_geometry_preserving_candidate_capacity,False
radiopaedia_36_86526_0,final_outer_cv,C100_FRG,1.0,fragmented,9,0.619640782568679,GLOBAL_GEOMETRY_RESOLVABLE,fragmented,True,4,3,3.7791327114238387,4,4,8,6,common_geometry_preserving_candidate_capacity,False
radiopaedia_36_86526_0,final_outer_cv,C100_FRG,1.0,fragmented,10,8.742262262665797,GLOBAL_GEOMETRY_RESOLVABLE,fragmented,True,3,3,18.169956413803295,3,3,7,3,common_geometry_preserving_candidate_capacity,False
radiopaedia_36_86526_0,final_outer_cv,C100_FRG,1.0,fragmented,11,8.977781836130815,GLOBAL_GEOMETRY_RESOLVABLE,fragmented,True,3,3,25.509482456508163,3,3,7,4,common_geometry_preserving_candidate_capacity,False
radiopaedia_36_86526_0,final_outer_cv,C100_FRG,1.0,fragmented,12,2.1364989878612373,GLOBAL_GEOMETRY_RESOLVABLE,fragmented,True,4,3,5.401171589037318,5,5,8,7,common_geometry_preserving_candidate_capacity,False
radiopaedia_36_86526_0,final_outer_cv,C100_FRG,1.0,fragmented,13,1.606579947564946,GLOBAL_GEOMETRY_RESOLVABLE,fragmented,True,4,3,6.510031541691527,4,4,7,5,common_geometry_preserving_candidate_capacity,False
radiopaedia_36_86526_0,final_outer_cv,C100_FRG,1.0,fragmented,14,1.0149772094563885,GLOBAL_GEOMETRY_RESOLVABLE,fragmented,True,3,3,9.564925669540688,5,5,7,6,common_geometry_preserving_candidate_capacity,False
radiopaedia_36_86526_0,final_outer_cv,C100_FRG,1.0,fragmented,15,2.649595201481456,GLOBAL_GEOMETRY_RESOLVABLE,fragmented,True,4,3,6.440405430566561,4,4,7,5,common_geometry_preserving_candidate_capacity,False
radiopaedia_36_86526_0,final_outer_cv,C100_FRG,1.0,fragmented,16,0.6813244803809457,GLOBAL_GEOMETRY_RESOLVABLE,fragmented,True,3,3,6.35917360311745,3,3,8,7,common_geometry_preserving_candidate_capacity,False
radiopaedia_36_86526_0,final_outer_cv,C100_FRG,1.0,fragmented,17,0.7065587203950549,GLOBAL_GEOMETRY_RESOLVABLE,fragmented,True,4,3,2.8713203435596424,4,4,8,6,common_geometry_preserving_candidate_capacity,False
radiopaedia_36_86526_0,final_outer_cv,C100_FRG,1.0,fragmented,18,4.724410491530426,GLOBAL_GEOMETRY_RESOLVABLE,fragmented,True,3,3,20.905694150420945,4,4,7,6,common_geometry_preserving_candidate_capacity,False
radiopaedia_36_86526_0,final_outer_cv,C100_FRG,1.0,fragmented,19,0.1654244623147152,GLOBAL_RESOLUTION_LIMITED,neutral_physical_bank_prefix,False,3,1,1.5,19,19,19,19,physical_neutral_bank,True
radiopaedia_36_86526_0,final_outer_cv,C100_FRG,1.0,fragmented,20,6.005749123357965,GLOBAL_GEOMETRY_RESOLVABLE,fragmented,True,3,3,26.901348246361376,3,3,8,7,common_geometry_preserving_candidate_capacity,False
radiopaedia_36_86526_0,final_outer_cv,C100_FRG,1.0,fragmented,21,35.470930046499355,GLOBAL_GEOMETRY_RESOLVABLE,fragmented,True,2,2,26.36759374687042,2,2,8,6,common_geometry_preserving_candidate_capacity,False
radiopaedia_36_86526_0,final_outer_cv,C100_FRG,1.0,fragmented,22,4.50571374474148,GLOBAL_GEOMETRY_RESOLVABLE,fragmented,True,3,3,14.458918942617048,3,3,7,5,common_geometry_preserving_candidate_capacity,False
radiopaedia_36_86526_0,final_outer_cv,C100_FRG,1.0,fragmented,23,12.297486300209169,GLOBAL_GEOMETRY_RESOLVABLE,fragmented,True,3,3,22.04244201680251,3,3,7,5,common_geometry_preserving_candidate_capacity,False
radiopaedia_36_86526_0,final_outer_cv,C100_FRG,1.0,fragmented,24,9.824530778826476,GLOBAL_GEOMETRY_RESOLVABLE,fragmented,True,3,3,22.379449133045412,3,4,7,3,common_geometry_preserving_candidate_capacity,False
radiopaedia_36_86526_0,final_outer_cv,C100_FRG,1.0,fragmented,25,11.21521778404849,GLOBAL_GEOMETRY_RESOLVABLE,fragmented,True,4,3,14.95835015209014,4,4,8,6,common_geometry_preserving_candidate_capacity,False
radiopaedia_36_86526_0,final_outer_cv,C100_FRG,1.0,fragmented,26,4.744037122652511,GLOBAL_GEOMETRY_RESOLVABLE,fragmented,True,3,3,18.262314573971523,3,3,7,3,common_geometry_preserving_candidate_capacity,False
radiopaedia_36_86526_0,final_outer_cv,C100_FRG,1.0,fragmented,27,5.083297460619978,GLOBAL_GEOMETRY_RESOLVABLE,fragmented,True,4,3,9.469468737345363,5,5,8,7,common_geometry_preserving_candidate_capacity,False
radiopaedia_36_86526_0,final_outer_cv,C100_FRG,1.0,fragmented,28,0.4570201246999759,GLOBAL_GEOMETRY_RESOLVABLE,fragmented,True,3,3,5.23606797749979,3,3,8,6,common_geometry_preserving_candidate_capacity,False
radiopaedia_36_86526_0,final_outer_cv,C100_FRG,1.0,fragmented,29,3.821585459914522,GLOBAL_GEOMETRY_RESOLVABLE,fragmented,True,4,3,8.604320982674597,4,5,8,4,common_geometry_preserving_candidate_capacity,False
radiopaedia_36_86526_0,final_outer_cv,C100_FRG,1.0,fragmented,30,1.606579947564946,GLOBAL_GEOMETRY_RESOLVABLE,fragmented,True,4,3,5.092410079500242,4,4,8,5,common_geometry_preserving_candidate_capacity,False
radiopaedia_36_86526_0,final_outer_cv,C100_FRG,1.0,fragmented,31,0.2579500090331152,GLOBAL_GEOMETRY_RESOLVABLE,fragmented,True,3,2,2.414213562373095,3,3,7,6,common_geometry_preserving_candidate_capacity,False
radiopaedia_36_86526_0,final_outer_cv,C100_FRG,1.0,fragmented,32,3.560831646435396,GLOBAL_GEOMETRY_RESOLVABLE,fragmented,True,3,3,15.120876336044617,3,3,8,5,common_geometry_preserving_candidate_capacity,False
radiopaedia_36_86526_0,final_outer_cv,C100_FRG,1.0,fragmented,33,1.0374076450244851,GLOBAL_GEOMETRY_RESOLVABLE,fragmented,True,4,3,4.537132317597294,5,5,8,6,common_geometry_preserving_candidate_capacity,False
radiopaedia_36_86526_0,final_outer_cv,C50_COH,0.5,coherent,2,0.4121592535637819,GLOBAL_GEOMETRY_RESOLVABLE,coherent,True,6,1,1.5,6,6,14,9,common_geometry_preserving_candidate_capacity,False
radiopaedia_36_86526_0,final_outer_cv,C50_COH,0.5,coherent,4,9.583403596469434,GLOBAL_GEOMETRY_RESOLVABLE,coherent,True,6,1,1.5,6,6,15,9,common_geometry_preserving_candidate_capacity,False
radiopaedia_36_86526_0,final_outer_cv,C50_COH,0.5,coherent,5,27.03428246844888,GLOBAL_GEOMETRY_RESOLVABLE,coherent,True,7,1,1.5,7,7,15,7,common_geometry_preserving_candidate_capacity,False
radiopaedia_36_86526_0,final_outer_cv,C50_COH,0.5,coherent,7,0.4486087113619396,GLOBAL_GEOMETRY_RESOLVABLE,coherent,True,7,1,1.5,7,7,14,8,common_geometry_preserving_candidate_capacity,False
radiopaedia_36_86526_0,final_outer_cv,C50_COH,0.5,coherent,9,0.619640782568679,GLOBAL_GEOMETRY_RESOLVABLE,coherent,True,5,1,1.5,5,5,14,7,common_geometry_preserving_candidate_capacity,False
radiopaedia_36_86526_0,final_outer_cv,C50_COH,0.5,coherent,16,0.6813244803809457,GLOBAL_GEOMETRY_RESOLVABLE,coherent,True,5,1,1.5,5,5,15,8,common_geometry_preserving_candidate_capacity,False
radiopaedia_36_86526_0,final_outer_cv,C50_COH,0.5,coherent,17,0.7065587203950549,GLOBAL_GEOMETRY_RESOLVABLE,coherent,True,6,1,1.5,6,6,14,9,common_geometry_preserving_candidate_capacity,False
radiopaedia_36_86526_0,final_outer_cv,C50_COH,0.5,coherent,19,0.1654244623147152,GLOBAL_RESOLUTION_LIMITED,neutral_physical_bank_prefix,False,19,1,1.5,19,19,19,19,physical_neutral_bank,True
radiopaedia_36_86526_0,final_outer_cv,C50_COH,0.5,coherent,20,6.005749123357965,GLOBAL_GEOMETRY_RESOLVABLE,coherent,True,5,1,1.5,5,5,15,8,common_geometry_preserving_candidate_capacity,False
radiopaedia_36_86526_0,final_outer_cv,C50_COH,0.5,coherent,21,35.470930046499355,GLOBAL_GEOMETRY_RESOLVABLE,coherent,True,5,1,1.5,5,5,15,9,common_geometry_preserving_candidate_capacity,False
radiopaedia_36_86526_0,final_outer_cv,C50_COH,0.5,coherent,25,11.21521778404849,GLOBAL_GEOMETRY_RESOLVABLE,coherent,True,6,1,1.5,6,7,14,6,common_geometry_preserving_candidate_capacity,False
radiopaedia_36_86526_0,final_outer_cv,C50_COH,0.5,coherent,27,5.083297460619978,GLOBAL_GEOMETRY_RESOLVABLE,coherent,True,6,1,1.5,6,6,15,10,common_geometry_preserving_candidate_capacity,False
radiopaedia_36_86526_0,final_outer_cv,C50_COH,0.5,coherent,28,0.4570201246999759,GLOBAL_GEOMETRY_RESOLVABLE,coherent,True,5,1,1.5,5,5,15,7,common_geometry_preserving_candidate_capacity,False
radiopaedia_36_86526_0,final_outer_cv,C50_COH,0.5,coherent,29,3.821585459914522,GLOBAL_GEOMETRY_RESOLVABLE,coherent,True,5,1,1.5,5,5,15,6,common_geometry_preserving_candidate_capacity,False
radiopaedia_36_86526_0,final_outer_cv,C50_COH,0.5,coherent,30,1.606579947564946,GLOBAL_GEOMETRY_RESOLVABLE,coherent,True,5,1,1.5,5,7,14,5,common_geometry_preserving_candidate_capacity,False
radiopaedia_36_86526_0,final_outer_cv,C50_COH,0.5,coherent,32,3.560831646435396,GLOBAL_GEOMETRY_RESOLVABLE,coherent,True,5,1,1.5,5,5,14,6,common_geometry_preserving_candidate_capacity,False
radiopaedia_36_86526_0,final_outer_cv,C50_COH,0.5,coherent,33,1.0374076450244851,GLOBAL_GEOMETRY_RESOLVABLE,coherent,True,7,1,1.5,7,7,15,7,common_geometry_preserving_candidate_capacity,False
radiopaedia_36_86526_0,final_outer_cv,C50_DIS,0.5,dispersed,2,0.4121592535637819,GLOBAL_GEOMETRY_RESOLVABLE,dispersed,True,6,6,3.354101966249685,6,6,14,9,common_geometry_preserving_candidate_capacity,False
radiopaedia_36_86526_0,final_outer_cv,C50_DIS,0.5,dispersed,4,9.583403596469434,GLOBAL_GEOMETRY_RESOLVABLE,dispersed,True,6,6,16.822662624749494,6,6,15,9,common_geometry_preserving_candidate_capacity,False
radiopaedia_36_86526_0,final_outer_cv,C50_DIS,0.5,dispersed,5,27.03428246844888,GLOBAL_GEOMETRY_RESOLVABLE,dispersed,True,7,7,23.171228886387418,7,7,15,7,common_geometry_preserving_candidate_capacity,False
radiopaedia_36_86526_0,final_outer_cv,C50_DIS,0.5,dispersed,7,0.4486087113619396,GLOBAL_GEOMETRY_RESOLVABLE,dispersed,True,7,7,3.3946326970636673,7,7,14,8,common_geometry_preserving_candidate_capacity,False
radiopaedia_36_86526_0,final_outer_cv,C50_DIS,0.5,dispersed,9,0.619640782568679,GLOBAL_GEOMETRY_RESOLVABLE,dispersed,True,5,5,4.904757077186048,5,5,14,7,common_geometry_preserving_candidate_capacity,False
radiopaedia_36_86526_0,final_outer_cv,C50_DIS,0.5,dispersed,16,0.6813244803809457,GLOBAL_GEOMETRY_RESOLVABLE,dispersed,True,5,5,5.978431678487968,5,5,15,8,common_geometry_preserving_candidate_capacity,False
radiopaedia_36_86526_0,final_outer_cv,C50_DIS,0.5,dispersed,17,0.7065587203950549,GLOBAL_GEOMETRY_RESOLVABLE,dispersed,True,6,6,5.382005993226332,6,6,14,9,common_geometry_preserving_candidate_capacity,False
radiopaedia_36_86526_0,final_outer_cv,C50_DIS,0.5,dispersed,19,0.1654244623147152,GLOBAL_RESOLUTION_LIMITED,neutral_physical_bank_prefix,False,19,1,1.5,19,19,19,19,physical_neutral_bank,True
radiopaedia_36_86526_0,final_outer_cv,C50_DIS,0.5,dispersed,20,6.005749123357965,GLOBAL_GEOMETRY_RESOLVABLE,dispersed,True,5,5,19.118447678034254,5,5,15,8,common_geometry_preserving_candidate_capacity,False
radiopaedia_36_86526_0,final_outer_cv,C50_DIS,0.5,dispersed,21,35.470930046499355,GLOBAL_GEOMETRY_RESOLVABLE,dispersed,True,5,5,26.520942924959247,5,5,15,9,common_geometry_preserving_candidate_capacity,False
radiopaedia_36_86526_0,final_outer_cv,C50_DIS,0.5,dispersed,25,11.21521778404849,GLOBAL_GEOMETRY_RESOLVABLE,dispersed,True,6,6,18.962059646054243,6,7,14,6,common_geometry_preserving_candidate_capacity,False
radiopaedia_36_86526_0,final_outer_cv,C50_DIS,0.5,dispersed,27,5.083297460619978,GLOBAL_GEOMETRY_RESOLVABLE,dispersed,True,6,6,14.290304302476224,6,6,15,10,common_geometry_preserving_candidate_capacity,False
radiopaedia_36_86526_0,final_outer_cv,C50_DIS,0.5,dispersed,28,0.4570201246999759,GLOBAL_GEOMETRY_RESOLVABLE,dispersed,True,5,5,4.578721657486911,5,5,15,7,common_geometry_preserving_candidate_capacity,False
radiopaedia_36_86526_0,final_outer_cv,C50_DIS,0.5,dispersed,29,3.821585459914522,GLOBAL_GEOMETRY_RESOLVABLE,dispersed,True,5,5,13.901229483923377,5,5,15,6,common_geometry_preserving_candidate_capacity,False
radiopaedia_36_86526_0,final_outer_cv,C50_DIS,0.5,dispersed,30,1.606579947564946,GLOBAL_GEOMETRY_RESOLVABLE,dispersed,True,5,5,8.780732051715313,5,7,14,5,common_geometry_preserving_candidate_capacity,False
radiopaedia_36_86526_0,final_outer_cv,C50_DIS,0.5,dispersed,32,3.560831646435396,GLOBAL_GEOMETRY_RESOLVABLE,dispersed,True,5,5,14.64557946674977,5,5,14,6,common_geometry_preserving_candidate_capacity,False
radiopaedia_36_86526_0,final_outer_cv,C50_DIS,0.5,dispersed,33,1.0374076450244851,GLOBAL_GEOMETRY_RESOLVABLE,dispersed,True,7,7,5.779340420030731,7,7,15,7,common_geometry_preserving_candidate_capacity,False
radiopaedia_36_86526_0,final_outer_cv,C50_FRG,0.5,fragmented,2,0.4121592535637819,GLOBAL_GEOMETRY_RESOLVABLE,fragmented,True,6,3,1.5,6,6,14,9,common_geometry_preserving_candidate_capacity,False
radiopaedia_36_86526_0,final_outer_cv,C50_FRG,0.5,fragmented,4,9.583403596469434,GLOBAL_GEOMETRY_RESOLVABLE,fragmented,True,6,3,1.5,6,6,15,9,common_geometry_preserving_candidate_capacity,False
radiopaedia_36_86526_0,final_outer_cv,C50_FRG,0.5,fragmented,5,27.03428246844888,GLOBAL_GEOMETRY_RESOLVABLE,fragmented,True,7,3,1.5,7,7,15,7,common_geometry_preserving_candidate_capacity,False
radiopaedia_36_86526_0,final_outer_cv,C50_FRG,0.5,fragmented,7,0.4486087113619396,GLOBAL_GEOMETRY_RESOLVABLE,fragmented,True,7,2,1.5,7,7,14,8,common_geometry_preserving_candidate_capacity,False
radiopaedia_36_86526_0,final_outer_cv,C50_FRG,0.5,fragmented,9,0.619640782568679,GLOBAL_GEOMETRY_RESOLVABLE,fragmented,True,5,3,2.1486832980505137,5,5,14,7,common_geometry_preserving_candidate_capacity,False
radiopaedia_36_86526_0,final_outer_cv,C50_FRG,0.5,fragmented,16,0.6813244803809457,GLOBAL_GEOMETRY_RESOLVABLE,fragmented,True,5,3,2.574772708486752,5,5,15,8,common_geometry_preserving_candidate_capacity,False
radiopaedia_36_86526_0,final_outer_cv,C50_FRG,0.5,fragmented,17,0.7065587203950549,GLOBAL_GEOMETRY_RESOLVABLE,fragmented,True,6,3,1.5,6,6,14,9,common_geometry_preserving_candidate_capacity,False
radiopaedia_36_86526_0,final_outer_cv,C50_FRG,0.5,fragmented,19,0.1654244623147152,GLOBAL_RESOLUTION_LIMITED,neutral_physical_bank_prefix,False,19,1,1.5,19,19,19,19,physical_neutral_bank,True
radiopaedia_36_86526_0,final_outer_cv,C50_FRG,0.5,fragmented,20,6.005749123357965,GLOBAL_GEOMETRY_RESOLVABLE,fragmented,True,5,3,8.26116137756389,5,5,15,8,common_geometry_preserving_candidate_capacity,False
radiopaedia_36_86526_0,final_outer_cv,C50_FRG,0.5,fragmented,21,35.470930046499355,GLOBAL_GEOMETRY_RESOLVABLE,fragmented,True,5,3,6.473518749374084,5,5,15,9,common_geometry_preserving_candidate_capacity,False
radiopaedia_36_86526_0,final_outer_cv,C50_FRG,0.5,fragmented,25,11.21521778404849,GLOBAL_GEOMETRY_RESOLVABLE,fragmented,True,6,3,6.349019513592785,6,7,14,6,common_geometry_preserving_candidate_capacity,False
radiopaedia_36_86526_0,final_outer_cv,C50_FRG,0.5,fragmented,27,5.083297460619978,GLOBAL_GEOMETRY_RESOLVABLE,fragmented,True,6,3,1.5,6,6,15,10,common_geometry_preserving_candidate_capacity,False
radiopaedia_36_86526_0,final_outer_cv,C50_FRG,0.5,fragmented,28,0.4570201246999759,GLOBAL_GEOMETRY_RESOLVABLE,fragmented,True,5,3,1.8,5,5,15,7,common_geometry_preserving_candidate_capacity,False
radiopaedia_36_86526_0,final_outer_cv,C50_FRG,0.5,fragmented,29,3.821585459914522,GLOBAL_GEOMETRY_RESOLVABLE,fragmented,True,5,3,4.093095228297886,5,5,15,6,common_geometry_preserving_candidate_capacity,False
radiopaedia_36_86526_0,final_outer_cv,C50_FRG,0.5,fragmented,30,1.606579947564946,GLOBAL_GEOMETRY_RESOLVABLE,fragmented,True,5,3,3.144222209522358,5,7,14,5,common_geometry_preserving_candidate_capacity,False
radiopaedia_36_86526_0,final_outer_cv,C50_FRG,0.5,fragmented,32,3.560831646435396,GLOBAL_GEOMETRY_RESOLVABLE,fragmented,True,5,3,3.8324893162176368,5,5,14,6,common_geometry_preserving_candidate_capacity,False
radiopaedia_36_86526_0,final_outer_cv,C50_FRG,0.5,fragmented,33,1.0374076450244851,GLOBAL_GEOMETRY_RESOLVABLE,fragmented,True,7,3,2.3783613243413106,7,7,15,7,common_geometry_preserving_candidate_capacity,False
radiopaedia_40_86625_0,final_outer_cv,C100_COH,1.0,coherent,1,1372.0622668886365,GLOBAL_GEOMETRY_RESOLVABLE,coherent,True,4,1,1.5,4,5,7,4,common_geometry_preserving_candidate_capacity,False
radiopaedia_40_86625_0,final_outer_cv,C100_COH,1.0,coherent,2,0.822449304163556,GLOBAL_GEOMETRY_RESOLVABLE,coherent,True,2,1,1.5,2,2,7,3,common_geometry_preserving_candidate_capacity,False
radiopaedia_40_86625_0,final_outer_cv,C100_COH,1.0,coherent,3,0.5009463943541659,GLOBAL_GEOMETRY_RESOLVABLE,coherent,True,4,1,1.5,4,4,7,4,common_geometry_preserving_candidate_capacity,False
radiopaedia_40_86625_0,final_outer_cv,C100_COH,1.0,coherent,4,0.2112199349329132,GLOBAL_GEOMETRY_RESOLVABLE,coherent,True,3,1,1.5,3,3,7,4,common_geometry_preserving_candidate_capacity,False
radiopaedia_40_86625_0,final_outer_cv,C100_COH,1.0,coherent,5,0.2766420386731961,GLOBAL_GEOMETRY_RESOLVABLE,coherent,True,2,1,1.5,2,2,6,5,common_geometry_preserving_candidate_capacity,False
radiopaedia_40_86625_0,final_outer_cv,C100_COH,1.0,coherent,6,0.1327134104445738,GLOBAL_RESOLUTION_LIMITED,neutral_physical_bank_prefix,False,8,1,1.5,18,18,18,18,physical_neutral_bank,True
radiopaedia_40_86625_0,final_outer_cv,C100_COH,1.0,coherent,7,0.4972079884261497,GLOBAL_GEOMETRY_RESOLVABLE,coherent,True,4,1,1.5,4,4,7,5,common_geometry_preserving_candidate_capacity,False
radiopaedia_40_86625_0,final_outer_cv,C100_COH,1.0,coherent,8,0.2448655882850587,GLOBAL_GEOMETRY_RESOLVABLE,coherent,True,4,1,1.5,4,4,7,4,common_geometry_preserving_candidate_capacity,False
radiopaedia_40_86625_0,final_outer_cv,C100_COH,1.0,coherent,9,0.1214981926605253,GLOBAL_RESOLUTION_LIMITED,neutral_physical_bank_prefix,False,8,1,1.5,20,20,20,20,physical_neutral_bank,True
radiopaedia_40_86625_0,final_outer_cv,C100_COH,1.0,coherent,10,3.379518958926612,GLOBAL_GEOMETRY_RESOLVABLE,coherent,True,3,1,1.5,3,4,7,3,common_geometry_preserving_candidate_capacity,False
radiopaedia_40_86625_0,final_outer_cv,C100_COH,1.0,coherent,11,1489.020165549586,GLOBAL_GEOMETRY_RESOLVABLE,coherent,True,3,1,1.5,3,3,7,7,common_geometry_preserving_candidate_capacity,False
radiopaedia_40_86625_0,final_outer_cv,C100_COH,1.0,coherent,12,9.321715181508305,GLOBAL_GEOMETRY_RESOLVABLE,coherent,True,4,1,1.875,4,4,7,6,common_geometry_preserving_candidate_capacity,False
radiopaedia_40_86625_0,final_outer_cv,C100_DIS,1.0,dispersed,1,1372.0622668886365,GLOBAL_GEOMETRY_RESOLVABLE,dispersed,True,4,4,142.7588133870629,4,5,7,4,common_geometry_preserving_candidate_capacity,False
radiopaedia_40_86625_0,final_outer_cv,C100_DIS,1.0,dispersed,2,0.822449304163556,GLOBAL_GEOMETRY_RESOLVABLE,dispersed,True,2,2,15.443445211480501,2,2,7,3,common_geometry_preserving_candidate_capacity,False
radiopaedia_40_86625_0,final_outer_cv,C100_DIS,1.0,dispersed,3,0.5009463943541659,GLOBAL_GEOMETRY_RESOLVABLE,dispersed,True,4,4,6.947567851858125,4,4,7,4,common_geometry_preserving_candidate_capacity,False
radiopaedia_40_86625_0,final_outer_cv,C100_DIS,1.0,dispersed,4,0.2112199349329132,GLOBAL_GEOMETRY_RESOLVABLE,dispersed,True,3,3,5.32842712474619,3,3,7,4,common_geometry_preserving_candidate_capacity,False
radiopaedia_40_86625_0,final_outer_cv,C100_DIS,1.0,dispersed,5,0.2766420386731961,GLOBAL_GEOMETRY_RESOLVABLE,dispersed,True,2,2,7.648529270389178,2,2,6,5,common_geometry_preserving_candidate_capacity,False
radiopaedia_40_86625_0,final_outer_cv,C100_DIS,1.0,dispersed,6,0.1327134104445738,GLOBAL_RESOLUTION_LIMITED,neutral_physical_bank_prefix,False,8,1,1.5,18,18,18,18,physical_neutral_bank,True
radiopaedia_40_86625_0,final_outer_cv,C100_DIS,1.0,dispersed,7,0.4972079884261497,GLOBAL_GEOMETRY_RESOLVABLE,dispersed,True,4,4,6.36037046000782,4,4,7,5,common_geometry_preserving_candidate_capacity,False
radiopaedia_40_86625_0,final_outer_cv,C100_DIS,1.0,dispersed,8,0.2448655882850587,GLOBAL_GEOMETRY_RESOLVABLE,dispersed,True,4,4,3.7983713266844847,4,4,7,4,common_geometry_preserving_candidate_capacity,False
radiopaedia_40_86625_0,final_outer_cv,C100_DIS,1.0,dispersed,9,0.1214981926605253,GLOBAL_RESOLUTION_LIMITED,neutral_physical_bank_prefix,False,8,1,1.5,20,20,20,20,physical_neutral_bank,True
radiopaedia_40_86625_0,final_outer_cv,C100_DIS,1.0,dispersed,10,3.379518958926612,GLOBAL_GEOMETRY_RESOLVABLE,dispersed,True,3,3,18.933367639270557,3,4,7,3,common_geometry_preserving_candidate_capacity,False
radiopaedia_40_86625_0,final_outer_cv,C100_DIS,1.0,dispersed,11,1489.020165549586,GLOBAL_GEOMETRY_RESOLVABLE,dispersed,True,3,3,169.93133569708155,3,3,7,7,common_geometry_preserving_candidate_capacity,False
radiopaedia_40_86625_0,final_outer_cv,C100_DIS,1.0,dispersed,12,9.321715181508305,GLOBAL_GEOMETRY_RESOLVABLE,dispersed,True,4,4,25.128558806751975,4,4,7,6,common_geometry_preserving_candidate_capacity,False
radiopaedia_40_86625_0,final_outer_cv,C100_FRG,1.0,fragmented,1,1372.0622668886365,GLOBAL_GEOMETRY_RESOLVABLE,fragmented,True,4,3,76.84510428315676,4,5,7,4,common_geometry_preserving_candidate_capacity,False
radiopaedia_40_86625_0,final_outer_cv,C100_FRG,1.0,fragmented,2,0.822449304163556,GLOBAL_GEOMETRY_RESOLVABLE,fragmented,True,2,2,8.48528137423857,2,2,7,3,common_geometry_preserving_candidate_capacity,False
radiopaedia_40_86625_0,final_outer_cv,C100_FRG,1.0,fragmented,3,0.5009463943541659,GLOBAL_GEOMETRY_RESOLVABLE,fragmented,True,4,3,4.162132317597294,4,4,7,4,common_geometry_preserving_candidate_capacity,False
radiopaedia_40_86625_0,final_outer_cv,C100_FRG,1.0,fragmented,4,0.2112199349329132,GLOBAL_GEOMETRY_RESOLVABLE,fragmented,True,3,2,2.8027756377319952,3,3,7,4,common_geometry_preserving_candidate_capacity,False
radiopaedia_40_86625_0,final_outer_cv,C100_FRG,1.0,fragmented,5,0.2766420386731961,GLOBAL_GEOMETRY_RESOLVABLE,fragmented,True,2,2,6.18465843842649,2,2,6,5,common_geometry_preserving_candidate_capacity,False
radiopaedia_40_86625_0,final_outer_cv,C100_FRG,1.0,fragmented,6,0.1327134104445738,GLOBAL_RESOLUTION_LIMITED,neutral_physical_bank_prefix,False,8,1,1.5,18,18,18,18,physical_neutral_bank,True
radiopaedia_40_86625_0,final_outer_cv,C100_FRG,1.0,fragmented,7,0.4972079884261497,GLOBAL_GEOMETRY_RESOLVABLE,fragmented,True,4,3,4.104101966249685,4,4,7,5,common_geometry_preserving_candidate_capacity,False
radiopaedia_40_86625_0,final_outer_cv,C100_FRG,1.0,fragmented,8,0.2448655882850587,GLOBAL_GEOMETRY_RESOLVABLE,fragmented,True,4,3,2.4270509831248424,4,4,7,4,common_geometry_preserving_candidate_capacity,False
radiopaedia_40_86625_0,final_outer_cv,C100_FRG,1.0,fragmented,9,0.1214981926605253,GLOBAL_RESOLUTION_LIMITED,neutral_physical_bank_prefix,False,8,1,1.5,20,20,20,20,physical_neutral_bank,True
radiopaedia_40_86625_0,final_outer_cv,C100_FRG,1.0,fragmented,10,3.379518958926612,GLOBAL_GEOMETRY_RESOLVABLE,fragmented,True,3,3,18.933367639270557,3,4,7,3,common_geometry_preserving_candidate_capacity,False
radiopaedia_40_86625_0,final_outer_cv,C100_FRG,1.0,fragmented,11,1489.020165549586,GLOBAL_GEOMETRY_RESOLVABLE,fragmented,True,3,3,152.14721411795202,3,3,7,7,common_geometry_preserving_candidate_capacity,False
radiopaedia_40_86625_0,final_outer_cv,C100_FRG,1.0,fragmented,12,9.321715181508305,GLOBAL_GEOMETRY_RESOLVABLE,fragmented,True,4,3,15.200408025496861,4,4,7,6,common_geometry_preserving_candidate_capacity,False
radiopaedia_40_86625_0,final_outer_cv,C50_COH,0.5,coherent,1,1372.0622668886365,GLOBAL_GEOMETRY_RESOLVABLE,coherent,True,6,1,1.5,6,6,14,6,common_geometry_preserving_candidate_capacity,False
radiopaedia_40_86625_0,final_outer_cv,C50_COH,0.5,coherent,3,0.5009463943541659,GLOBAL_GEOMETRY_RESOLVABLE,coherent,True,6,1,1.5,6,6,14,7,common_geometry_preserving_candidate_capacity,False
radiopaedia_40_86625_0,final_outer_cv,C50_COH,0.5,coherent,4,0.2112199349329132,GLOBAL_GEOMETRY_RESOLVABLE,coherent,True,7,1,1.5,7,7,11,8,common_geometry_preserving_candidate_capacity,False
radiopaedia_40_86625_0,final_outer_cv,C50_COH,0.5,coherent,6,0.1327134104445738,GLOBAL_RESOLUTION_LIMITED,neutral_physical_bank_prefix,False,18,1,1.5,18,18,18,18,physical_neutral_bank,True
radiopaedia_40_86625_0,final_outer_cv,C50_COH,0.5,coherent,7,0.4972079884261497,GLOBAL_GEOMETRY_RESOLVABLE,coherent,True,6,1,1.5,6,6,14,10,common_geometry_preserving_candidate_capacity,False
radiopaedia_40_86625_0,final_outer_cv,C50_COH,0.5,coherent,8,0.2448655882850587,GLOBAL_GEOMETRY_RESOLVABLE,coherent,True,6,1,1.5,6,6,9,8,common_geometry_preserving_candidate_capacity,False
radiopaedia_40_86625_0,final_outer_cv,C50_DIS,0.5,dispersed,1,1372.0622668886365,GLOBAL_GEOMETRY_RESOLVABLE,dispersed,True,6,6,104.2350800783841,6,6,14,6,common_geometry_preserving_candidate_capacity,False
radiopaedia_40_86625_0,final_outer_cv,C50_DIS,0.5,dispersed,3,0.5009463943541659,GLOBAL_GEOMETRY_RESOLVABLE,dispersed,True,6,6,4.440850954914979,6,6,14,7,common_geometry_preserving_candidate_capacity,False
radiopaedia_40_86625_0,final_outer_cv,C50_DIS,0.5,dispersed,4,0.2112199349329132,GLOBAL_GEOMETRY_RESOLVABLE,dispersed,True,7,2,2.297432003943934,7,7,11,8,common_geometry_preserving_candidate_capacity,False
radiopaedia_40_86625_0,final_outer_cv,C50_DIS,0.5,dispersed,6,0.1327134104445738,GLOBAL_RESOLUTION_LIMITED,neutral_physical_bank_prefix,False,18,1,1.5,18,18,18,18,physical_neutral_bank,True
radiopaedia_40_86625_0,final_outer_cv,C50_DIS,0.5,dispersed,7,0.4972079884261497,GLOBAL_GEOMETRY_RESOLVABLE,dispersed,True,6,6,4.489742233876179,6,6,14,10,common_geometry_preserving_candidate_capacity,False
radiopaedia_40_86625_0,final_outer_cv,C50_DIS,0.5,dispersed,8,0.2448655882850587,GLOBAL_GEOMETRY_RESOLVABLE,dispersed,True,6,3,2.53224755112299,6,6,9,8,common_geometry_preserving_candidate_capacity,False
radiopaedia_40_86625_0,final_outer_cv,C50_FRG,0.5,fragmented,1,1372.0622668886365,GLOBAL_GEOMETRY_RESOLVABLE,fragmented,True,6,3,26.385880728552163,6,6,14,6,common_geometry_preserving_candidate_capacity,False
radiopaedia_40_86625_0,final_outer_cv,C50_FRG,0.5,fragmented,3,0.5009463943541659,GLOBAL_GEOMETRY_RESOLVABLE,fragmented,True,6,3,1.5,6,6,14,7,common_geometry_preserving_candidate_capacity,False
radiopaedia_40_86625_0,final_outer_cv,C50_FRG,0.5,fragmented,4,0.2112199349329132,GLOBAL_GEOMETRY_RESOLVABLE,fragmented,True,7,2,1.5,7,7,11,8,common_geometry_preserving_candidate_capacity,False
radiopaedia_40_86625_0,final_outer_cv,C50_FRG,0.5,fragmented,6,0.1327134104445738,GLOBAL_RESOLUTION_LIMITED,neutral_physical_bank_prefix,False,18,1,1.5,18,18,18,18,physical_neutral_bank,True
radiopaedia_40_86625_0,final_outer_cv,C50_FRG,0.5,fragmented,7,0.4972079884261497,GLOBAL_GEOMETRY_RESOLVABLE,fragmented,True,6,3,1.5,6,6,14,10,common_geometry_preserving_candidate_capacity,False
radiopaedia_40_86625_0,final_outer_cv,C50_FRG,0.5,fragmented,8,0.2448655882850587,GLOBAL_GEOMETRY_RESOLVABLE,fragmented,True,6,2,1.8090169943749475,6,6,9,8,common_geometry_preserving_candidate_capacity,False
radiopaedia_4_85506_1,final_outer_cv,C100_COH,1.0,coherent,1,464.8847961710399,GLOBAL_GEOMETRY_RESOLVABLE,coherent,True,4,1,1.5,4,4,10,7,common_geometry_preserving_candidate_capacity,False
radiopaedia_4_85506_1,final_outer_cv,C100_COH,1.0,coherent,2,0.4289820802398547,GLOBAL_GEOMETRY_RESOLVABLE,coherent,True,6,1,1.6035533905932737,6,7,10,6,common_geometry_preserving_candidate_capacity,False
radiopaedia_4_85506_1,final_outer_cv,C100_COH,1.0,coherent,3,4.564593638107735,GLOBAL_GEOMETRY_RESOLVABLE,coherent,True,6,1,1.5,6,6,10,8,common_geometry_preserving_candidate_capacity,False
radiopaedia_4_85506_1,final_outer_cv,C100_COH,1.0,coherent,4,0.986939164996267,GLOBAL_GEOMETRY_RESOLVABLE,coherent,True,4,1,1.5,4,4,10,6,common_geometry_preserving_candidate_capacity,False
radiopaedia_4_85506_1,final_outer_cv,C100_COH,1.0,coherent,5,1.171990258433067,GLOBAL_GEOMETRY_RESOLVABLE,coherent,True,5,1,1.5,5,5,10,6,common_geometry_preserving_candidate_capacity,False
radiopaedia_4_85506_1,final_outer_cv,C100_COH,1.0,coherent,6,1.9458402855324128,GLOBAL_GEOMETRY_RESOLVABLE,coherent,True,5,1,1.5,5,5,9,7,common_geometry_preserving_candidate_capacity,False
radiopaedia_4_85506_1,final_outer_cv,C100_COH,1.0,coherent,7,1.2336739562453338,GLOBAL_GEOMETRY_RESOLVABLE,coherent,True,5,1,1.5,5,5,10,6,common_geometry_preserving_candidate_capacity,False
radiopaedia_4_85506_1,final_outer_cv,C100_COH,1.0,coherent,8,0.2775766401552001,GLOBAL_GEOMETRY_RESOLVABLE,coherent,True,3,1,1.5,3,3,6,5,common_geometry_preserving_candidate_capacity,False
radiopaedia_4_85506_1,final_outer_cv,C100_COH,1.0,coherent,9,1.3626489607618917,GLOBAL_GEOMETRY_RESOLVABLE,coherent,True,4,1,1.5,4,4,10,5,common_geometry_preserving_candidate_capacity,False
radiopaedia_4_85506_1,final_outer_cv,C100_COH,1.0,coherent,10,0.8243185071275639,GLOBAL_GEOMETRY_RESOLVABLE,coherent,True,4,1,1.5,4,4,10,6,common_geometry_preserving_candidate_capacity,False
radiopaedia_4_85506_1,final_outer_cv,C100_COH,1.0,coherent,11,2.001916374452655,GLOBAL_GEOMETRY_RESOLVABLE,coherent,True,4,1,1.5,4,5,10,4,common_geometry_preserving_candidate_capacity,False
radiopaedia_4_85506_1,final_outer_cv,C100_COH,1.0,coherent,12,0.5747799114324851,GLOBAL_GEOMETRY_RESOLVABLE,coherent,True,4,1,1.5,4,4,10,9,common_geometry_preserving_candidate_capacity,False
radiopaedia_4_85506_1,final_outer_cv,C100_COH,1.0,coherent,13,6.816048608255469,GLOBAL_GEOMETRY_RESOLVABLE,coherent,True,5,1,1.5,5,5,10,5,common_geometry_preserving_candidate_capacity,False
radiopaedia_4_85506_1,final_outer_cv,C100_COH,1.0,coherent,14,0.5411342580803395,GLOBAL_GEOMETRY_RESOLVABLE,coherent,True,5,1,1.5,5,5,9,6,common_geometry_preserving_candidate_capacity,False
radiopaedia_4_85506_1,final_outer_cv,C100_COH,1.0,coherent,15,20.45936104255045,GLOBAL_GEOMETRY_RESOLVABLE,coherent,True,5,1,1.5,5,5,9,6,common_geometry_preserving_candidate_capacity,False
radiopaedia_4_85506_1,final_outer_cv,C100_COH,1.0,coherent,16,6.9618464394481,GLOBAL_GEOMETRY_RESOLVABLE,coherent,True,4,1,1.5,4,4,10,5,common_geometry_preserving_candidate_capacity,False
radiopaedia_4_85506_1,final_outer_cv,C100_COH,1.0,coherent,17,0.2411271823570425,GLOBAL_RESOLUTION_LIMITED,neutral_physical_bank_prefix,False,17,1,1.5,23,23,23,23,physical_neutral_bank,True
radiopaedia_4_85506_1,final_outer_cv,C100_COH,1.0,coherent,18,604.6067831291621,GLOBAL_GEOMETRY_RESOLVABLE,coherent,True,5,1,1.5,5,5,10,7,common_geometry_preserving_candidate_capacity,False
radiopaedia_4_85506_1,final_outer_cv,C100_COH,1.0,coherent,19,0.6364636092447518,GLOBAL_GEOMETRY_RESOLVABLE,coherent,True,4,1,1.5,4,4,10,4,common_geometry_preserving_candidate_capacity,False
radiopaedia_4_85506_1,final_outer_cv,C100_COH,1.0,coherent,20,0.8383375293576245,GLOBAL_GEOMETRY_RESOLVABLE,coherent,True,4,1,1.5,4,4,10,4,common_geometry_preserving_candidate_capacity,False
radiopaedia_4_85506_1,final_outer_cv,C100_COH,1.0,coherent,21,0.7878690493294064,GLOBAL_GEOMETRY_RESOLVABLE,coherent,True,5,1,1.5,5,5,10,5,common_geometry_preserving_candidate_capacity,False
radiopaedia_4_85506_1,final_outer_cv,C100_COH,1.0,coherent,22,8.055330173392827,GLOBAL_GEOMETRY_RESOLVABLE,coherent,True,6,1,1.5,6,6,10,8,common_geometry_preserving_candidate_capacity,False
radiopaedia_4_85506_1,final_outer_cv,C100_COH,1.0,coherent,23,2.52342400141091,GLOBAL_GEOMETRY_RESOLVABLE,coherent,True,4,1,1.5,4,4,10,5,common_geometry_preserving_candidate_capacity,False
radiopaedia_4_85506_1,final_outer_cv,C100_COH,1.0,coherent,24,0.1682282667607273,GLOBAL_RESOLUTION_LIMITED,neutral_physical_bank_prefix,False,16,1,1.5,18,18,18,18,physical_neutral_bank,True
radiopaedia_4_85506_1,final_outer_cv,C100_COH,1.0,coherent,25,25.93238732116612,GLOBAL_GEOMETRY_RESOLVABLE,coherent,True,5,1,1.5,5,5,10,5,common_geometry_preserving_candidate_capacity,False
radiopaedia_4_85506_1,final_outer_cv,C100_COH,1.0,coherent,26,0.4570201246999759,GLOBAL_RESOLUTION_LIMITED,neutral_physical_bank_prefix,False,16,1,1.5,41,41,41,41,physical_neutral_bank,True
radiopaedia_4_85506_1,final_outer_cv,C100_COH,1.0,coherent,27,0.3757097957656243,GLOBAL_RESOLUTION_LIMITED,neutral_physical_bank_prefix,False,16,1,1.5,35,35,35,35,physical_neutral_bank,True
radiopaedia_4_85506_1,final_outer_cv,C100_COH,1.0,coherent,28,1.6570484275931645,GLOBAL_GEOMETRY_RESOLVABLE,coherent,True,3,1,1.5,3,4,9,3,common_geometry_preserving_candidate_capacity,False
radiopaedia_4_85506_1,final_outer_cv,C100_COH,1.0,coherent,29,2.64118378814342,GLOBAL_GEOMETRY_RESOLVABLE,coherent,True,3,1,1.5,3,3,9,6,common_geometry_preserving_candidate_capacity,False
radiopaedia_4_85506_1,final_outer_cv,C100_COH,1.0,coherent,30,0.1850510934368,GLOBAL_GEOMETRY_RESOLVABLE,coherent,True,3,1,1.5,3,3,10,4,common_geometry_preserving_candidate_capacity,False
radiopaedia_4_85506_1,final_outer_cv,C100_DIS,1.0,dispersed,1,464.8847961710399,GLOBAL_GEOMETRY_RESOLVABLE,dispersed,True,4,4,152.46752192897424,4,4,10,7,common_geometry_preserving_candidate_capacity,False
radiopaedia_4_85506_1,final_outer_cv,C100_DIS,1.0,dispersed,2,0.4289820802398547,GLOBAL_GEOMETRY_RESOLVABLE,dispersed,True,6,6,3.23606797749979,6,7,10,6,common_geometry_preserving_candidate_capacity,False
radiopaedia_4_85506_1,final_outer_cv,C100_DIS,1.0,dispersed,3,4.564593638107735,GLOBAL_GEOMETRY_RESOLVABLE,dispersed,True,6,6,12.483167338680223,6,6,10,8,common_geometry_preserving_candidate_capacity,False
radiopaedia_4_85506_1,final_outer_cv,C100_DIS,1.0,dispersed,4,0.986939164996267,GLOBAL_GEOMETRY_RESOLVABLE,dispersed,True,4,4,8.538873605350878,4,4,10,6,common_geometry_preserving_candidate_capacity,False
radiopaedia_4_85506_1,final_outer_cv,C100_DIS,1.0,dispersed,5,1.171990258433067,GLOBAL_GEOMETRY_RESOLVABLE,dispersed,True,5,5,7.080954676137085,5,5,10,6,common_geometry_preserving_candidate_capacity,False
radiopaedia_4_85506_1,final_outer_cv,C100_DIS,1.0,dispersed,6,1.9458402855324128,GLOBAL_GEOMETRY_RESOLVABLE,dispersed,True,5,5,9.180384452734291,5,5,9,7,common_geometry_preserving_candidate_capacity,False
radiopaedia_4_85506_1,final_outer_cv,C100_DIS,1.0,dispersed,7,1.2336739562453338,GLOBAL_GEOMETRY_RESOLVABLE,dispersed,True,5,5,7.298692134460062,5,5,10,6,common_geometry_preserving_candidate_capacity,False
radiopaedia_4_85506_1,final_outer_cv,C100_DIS,1.0,dispersed,8,0.2775766401552001,GLOBAL_GEOMETRY_RESOLVABLE,dispersed,True,3,3,4.58113883008419,3,3,6,5,common_geometry_preserving_candidate_capacity,False
radiopaedia_4_85506_1,final_outer_cv,C100_DIS,1.0,dispersed,9,1.3626489607618917,GLOBAL_GEOMETRY_RESOLVABLE,dispersed,True,4,4,9.45135254105885,4,4,10,5,common_geometry_preserving_candidate_capacity,False
radiopaedia_4_85506_1,final_outer_cv,C100_DIS,1.0,dispersed,10,0.8243185071275639,GLOBAL_GEOMETRY_RESOLVABLE,dispersed,True,4,4,6.9921618467070505,4,4,10,6,common_geometry_preserving_candidate_capacity,False
radiopaedia_4_85506_1,final_outer_cv,C100_DIS,1.0,dispersed,11,2.001916374452655,GLOBAL_GEOMETRY_RESOLVABLE,dispersed,True,4,4,13.749558039838528,4,5,10,4,common_geometry_preserving_candidate_capacity,False
radiopaedia_4_85506_1,final_outer_cv,C100_DIS,1.0,dispersed,12,0.5747799114324851,GLOBAL_GEOMETRY_RESOLVABLE,dispersed,True,4,4,6.092329219213244,4,4,10,9,common_geometry_preserving_candidate_capacity,False
radiopaedia_4_85506_1,final_outer_cv,C100_DIS,1.0,dispersed,13,6.816048608255469,GLOBAL_GEOMETRY_RESOLVABLE,dispersed,True,5,5,15.422302329521784,5,5,10,5,common_geometry_preserving_candidate_capacity,False
radiopaedia_4_85506_1,final_outer_cv,C100_DIS,1.0,dispersed,14,0.5411342580803395,GLOBAL_GEOMETRY_RESOLVABLE,dispersed,True,5,5,4.461144477800325,5,5,9,6,common_geometry_preserving_candidate_capacity,False
radiopaedia_4_85506_1,final_outer_cv,C100_DIS,1.0,dispersed,15,20.45936104255045,GLOBAL_GEOMETRY_RESOLVABLE,dispersed,True,5,5,29.31869851030809,5,5,9,6,common_geometry_preserving_candidate_capacity,False
radiopaedia_4_85506_1,final_outer_cv,C100_DIS,1.0,dispersed,16,6.9618464394481,GLOBAL_GEOMETRY_RESOLVABLE,dispersed,True,4,4,16.054853635714124,4,4,10,5,common_geometry_preserving_candidate_capacity,False
radiopaedia_4_85506_1,final_outer_cv,C100_DIS,1.0,dispersed,17,0.2411271823570425,GLOBAL_RESOLUTION_LIMITED,neutral_physical_bank_prefix,False,17,1,1.5,23,23,23,23,physical_neutral_bank,True
radiopaedia_4_85506_1,final_outer_cv,C100_DIS,1.0,dispersed,18,604.6067831291621,GLOBAL_GEOMETRY_RESOLVABLE,dispersed,True,5,5,96.98015474970202,5,5,10,7,common_geometry_preserving_candidate_capacity,False
radiopaedia_4_85506_1,final_outer_cv,C100_DIS,1.0,dispersed,19,0.6364636092447518,GLOBAL_GEOMETRY_RESOLVABLE,dispersed,True,4,4,5.51421404589629,4,4,10,4,common_geometry_preserving_candidate_capacity,False
radiopaedia_4_85506_1,final_outer_cv,C100_DIS,1.0,dispersed,20,0.8383375293576245,GLOBAL_GEOMETRY_RESOLVABLE,dispersed,True,4,4,7.46554314034722,4,4,10,4,common_geometry_preserving_candidate_capacity,False
radiopaedia_4_85506_1,final_outer_cv,C100_DIS,1.0,dispersed,21,0.7878690493294064,GLOBAL_GEOMETRY_RESOLVABLE,dispersed,True,5,5,5.729705854077835,5,5,10,5,common_geometry_preserving_candidate_capacity,False
radiopaedia_4_85506_1,final_outer_cv,C100_DIS,1.0,dispersed,22,8.055330173392827,GLOBAL_GEOMETRY_RESOLVABLE,dispersed,True,6,6,15.91131355444135,6,6,10,8,common_geometry_preserving_candidate_capacity,False
radiopaedia_4_85506_1,final_outer_cv,C100_DIS,1.0,dispersed,23,2.52342400141091,GLOBAL_GEOMETRY_RESOLVABLE,dispersed,True,4,4,12.218907419928248,4,4,10,5,common_geometry_preserving_candidate_capacity,False
radiopaedia_4_85506_1,final_outer_cv,C100_DIS,1.0,dispersed,24,0.1682282667607273,GLOBAL_RESOLUTION_LIMITED,neutral_physical_bank_prefix,False,16,1,1.5,18,18,18,18,physical_neutral_bank,True
radiopaedia_4_85506_1,final_outer_cv,C100_DIS,1.0,dispersed,25,25.93238732116612,GLOBAL_GEOMETRY_RESOLVABLE,dispersed,True,5,5,23.187744895490976,5,5,10,5,common_geometry_preserving_candidate_capacity,False
radiopaedia_4_85506_1,final_outer_cv,C100_DIS,1.0,dispersed,26,0.4570201246999759,GLOBAL_RESOLUTION_LIMITED,neutral_physical_bank_prefix,False,16,1,1.5,41,41,41,41,physical_neutral_bank,True
radiopaedia_4_85506_1,final_outer_cv,C100_DIS,1.0,dispersed,27,0.3757097957656243,GLOBAL_RESOLUTION_LIMITED,neutral_physical_bank_prefix,False,16,1,1.5,35,35,35,35,physical_neutral_bank,True
radiopaedia_4_85506_1,final_outer_cv,C100_DIS,1.0,dispersed,28,1.6570484275931645,GLOBAL_GEOMETRY_RESOLVABLE,dispersed,True,3,3,10.556436168891885,3,4,9,3,common_geometry_preserving_candidate_capacity,False
radiopaedia_4_85506_1,final_outer_cv,C100_DIS,1.0,dispersed,29,2.64118378814342,GLOBAL_GEOMETRY_RESOLVABLE,dispersed,True,3,3,13.949747468305832,3,3,9,6,common_geometry_preserving_candidate_capacity,False
radiopaedia_4_85506_1,final_outer_cv,C100_DIS,1.0,dispersed,30,0.1850510934368,GLOBAL_GEOMETRY_RESOLVABLE,dispersed,True,3,3,7.6485292703891785,3,3,10,4,common_geometry_preserving_candidate_capacity,False
radiopaedia_4_85506_1,final_outer_cv,C100_FRG,1.0,fragmented,1,464.8847961710399,GLOBAL_GEOMETRY_RESOLVABLE,fragmented,True,4,3,85.51100943729003,4,4,10,7,common_geometry_preserving_candidate_capacity,False
radiopaedia_4_85506_1,final_outer_cv,C100_FRG,1.0,fragmented,2,0.4289820802398547,GLOBAL_GEOMETRY_RESOLVABLE,fragmented,True,6,3,2.0,6,7,10,6,common_geometry_preserving_candidate_capacity,False
radiopaedia_4_85506_1,final_outer_cv,C100_FRG,1.0,fragmented,3,4.564593638107735,GLOBAL_GEOMETRY_RESOLVABLE,fragmented,True,6,3,1.5,6,6,10,8,common_geometry_preserving_candidate_capacity,False
radiopaedia_4_85506_1,final_outer_cv,C100_FRG,1.0,fragmented,4,0.986939164996267,GLOBAL_GEOMETRY_RESOLVABLE,fragmented,True,4,3,4.5,4,4,10,6,common_geometry_preserving_candidate_capacity,False
radiopaedia_4_85506_1,final_outer_cv,C100_FRG,1.0,fragmented,5,1.171990258433067,GLOBAL_GEOMETRY_RESOLVABLE,fragmented,True,5,3,2.7,5,5,10,6,common_geometry_preserving_candidate_capacity,False
radiopaedia_4_85506_1,final_outer_cv,C100_FRG,1.0,fragmented,6,1.9458402855324128,GLOBAL_GEOMETRY_RESOLVABLE,fragmented,True,5,3,3.4847319317591725,5,5,9,7,common_geometry_preserving_candidate_capacity,False
radiopaedia_4_85506_1,final_outer_cv,C100_FRG,1.0,fragmented,7,1.2336739562453338,GLOBAL_GEOMETRY_RESOLVABLE,fragmented,True,5,3,2.7,5,5,10,6,common_geometry_preserving_candidate_capacity,False
radiopaedia_4_85506_1,final_outer_cv,C100_FRG,1.0,fragmented,8,0.2775766401552001,GLOBAL_GEOMETRY_RESOLVABLE,fragmented,True,3,2,2.0,3,3,6,5,common_geometry_preserving_candidate_capacity,False
radiopaedia_4_85506_1,final_outer_cv,C100_FRG,1.0,fragmented,9,1.3626489607618917,GLOBAL_GEOMETRY_RESOLVABLE,fragmented,True,4,3,6.144436802675439,4,4,10,5,common_geometry_preserving_candidate_capacity,False
radiopaedia_4_85506_1,final_outer_cv,C100_FRG,1.0,fragmented,10,0.8243185071275639,GLOBAL_GEOMETRY_RESOLVABLE,fragmented,True,4,3,4.171164609606622,4,4,10,6,common_geometry_preserving_candidate_capacity,False
radiopaedia_4_85506_1,final_outer_cv,C100_FRG,1.0,fragmented,11,2.001916374452655,GLOBAL_GEOMETRY_RESOLVABLE,fragmented,True,4,3,8.722609359550987,4,5,10,4,common_geometry_preserving_candidate_capacity,False
radiopaedia_4_85506_1,final_outer_cv,C100_FRG,1.0,fragmented,12,0.5747799114324851,GLOBAL_GEOMETRY_RESOLVABLE,fragmented,True,4,3,3.4211646096066226,4,4,10,9,common_geometry_preserving_candidate_capacity,False
radiopaedia_4_85506_1,final_outer_cv,C100_FRG,1.0,fragmented,13,6.816048608255469,GLOBAL_GEOMETRY_RESOLVABLE,fragmented,True,5,3,7.0481704595757595,5,5,10,5,common_geometry_preserving_candidate_capacity,False
radiopaedia_4_85506_1,final_outer_cv,C100_FRG,1.0,fragmented,14,0.5411342580803395,GLOBAL_GEOMETRY_RESOLVABLE,fragmented,True,5,3,2.1486832980505137,5,5,9,6,common_geometry_preserving_candidate_capacity,False
radiopaedia_4_85506_1,final_outer_cv,C100_FRG,1.0,fragmented,15,20.45936104255045,GLOBAL_GEOMETRY_RESOLVABLE,fragmented,True,5,3,7.731462317123173,5,5,9,6,common_geometry_preserving_candidate_capacity,False
radiopaedia_4_85506_1,final_outer_cv,C100_FRG,1.0,fragmented,16,6.9618464394481,GLOBAL_GEOMETRY_RESOLVABLE,fragmented,True,4,3,8.827125342823855,4,4,10,5,common_geometry_preserving_candidate_capacity,False
radiopaedia_4_85506_1,final_outer_cv,C100_FRG,1.0,fragmented,17,0.2411271823570425,GLOBAL_RESOLUTION_LIMITED,neutral_physical_bank_prefix,False,17,1,1.5,23,23,23,23,physical_neutral_bank,True
radiopaedia_4_85506_1,final_outer_cv,C100_FRG,1.0,fragmented,18,604.6067831291621,GLOBAL_GEOMETRY_RESOLVABLE,fragmented,True,5,3,27.552229507197296,5,5,10,7,common_geometry_preserving_candidate_capacity,False
radiopaedia_4_85506_1,final_outer_cv,C100_FRG,1.0,fragmented,19,0.6364636092447518,GLOBAL_GEOMETRY_RESOLVABLE,fragmented,True,4,3,3.454163456597992,4,4,10,4,common_geometry_preserving_candidate_capacity,False
radiopaedia_4_85506_1,final_outer_cv,C100_FRG,1.0,fragmented,20,0.8383375293576245,GLOBAL_GEOMETRY_RESOLVABLE,fragmented,True,4,3,3.842329219213245,4,4,10,4,common_geometry_preserving_candidate_capacity,False
radiopaedia_4_85506_1,final_outer_cv,C100_FRG,1.0,fragmented,21,0.7878690493294064,GLOBAL_GEOMETRY_RESOLVABLE,fragmented,True,5,3,2.281665382639197,5,5,10,5,common_geometry_preserving_candidate_capacity,False
radiopaedia_4_85506_1,final_outer_cv,C100_FRG,1.0,fragmented,22,8.055330173392827,GLOBAL_GEOMETRY_RESOLVABLE,fragmented,True,6,3,1.5,6,6,10,8,common_geometry_preserving_candidate_capacity,False
radiopaedia_4_85506_1,final_outer_cv,C100_FRG,1.0,fragmented,23,2.52342400141091,GLOBAL_GEOMETRY_RESOLVABLE,fragmented,True,4,3,7.8122202609628335,4,4,10,5,common_geometry_preserving_candidate_capacity,False
radiopaedia_4_85506_1,final_outer_cv,C100_FRG,1.0,fragmented,24,0.1682282667607273,GLOBAL_RESOLUTION_LIMITED,neutral_physical_bank_prefix,False,16,1,1.5,18,18,18,18,physical_neutral_bank,True
radiopaedia_4_85506_1,final_outer_cv,C100_FRG,1.0,fragmented,25,25.93238732116612,GLOBAL_GEOMETRY_RESOLVABLE,fragmented,True,5,3,5.943416490252568,5,5,10,5,common_geometry_preserving_candidate_capacity,False
radiopaedia_4_85506_1,final_outer_cv,C100_FRG,1.0,fragmented,26,0.4570201246999759,GLOBAL_RESOLUTION_LIMITED,neutral_physical_bank_prefix,False,16,1,1.5,41,41,41,41,physical_neutral_bank,True
radiopaedia_4_85506_1,final_outer_cv,C100_FRG,1.0,fragmented,27,0.3757097957656243,GLOBAL_RESOLUTION_LIMITED,neutral_physical_bank_prefix,False,16,1,1.5,35,35,35,35,physical_neutral_bank,True
radiopaedia_4_85506_1,final_outer_cv,C100_FRG,1.0,fragmented,28,1.6570484275931645,GLOBAL_GEOMETRY_RESOLVABLE,fragmented,True,3,3,9.604686356149273,3,4,9,3,common_geometry_preserving_candidate_capacity,False
radiopaedia_4_85506_1,final_outer_cv,C100_FRG,1.0,fragmented,29,2.64118378814342,GLOBAL_GEOMETRY_RESOLVABLE,fragmented,True,3,3,12.358917621421481,3,3,9,6,common_geometry_preserving_candidate_capacity,False
radiopaedia_4_85506_1,final_outer_cv,C100_FRG,1.0,fragmented,30,0.1850510934368,GLOBAL_GEOMETRY_RESOLVABLE,fragmented,True,3,3,7.5,3,3,10,4,common_geometry_preserving_candidate_capacity,False
radiopaedia_4_85506_1,final_outer_cv,C50_COH,0.5,coherent,4,0.986939164996267,GLOBAL_GEOMETRY_RESOLVABLE,coherent,True,6,1,1.5,6,6,20,10,common_geometry_preserving_candidate_capacity,False
radiopaedia_4_85506_1,final_outer_cv,C50_COH,0.5,coherent,7,1.2336739562453338,GLOBAL_GEOMETRY_RESOLVABLE,coherent,True,8,1,1.5,8,8,20,10,common_geometry_preserving_candidate_capacity,False
radiopaedia_4_85506_1,final_outer_cv,C50_COH,0.5,coherent,9,1.3626489607618917,GLOBAL_GEOMETRY_RESOLVABLE,coherent,True,7,1,1.5,7,7,19,8,common_geometry_preserving_candidate_capacity,False
radiopaedia_4_85506_1,final_outer_cv,C50_COH,0.5,coherent,10,0.8243185071275639,GLOBAL_GEOMETRY_RESOLVABLE,coherent,True,5,1,1.5,5,5,20,12,common_geometry_preserving_candidate_capacity,False
radiopaedia_4_85506_1,final_outer_cv,C50_COH,0.5,coherent,11,2.001916374452655,GLOBAL_GEOMETRY_RESOLVABLE,coherent,True,9,1,1.5,9,9,19,9,common_geometry_preserving_candidate_capacity,False
radiopaedia_4_85506_1,final_outer_cv,C50_COH,0.5,coherent,12,0.5747799114324851,GLOBAL_GEOMETRY_RESOLVABLE,coherent,True,6,1,1.5,6,6,18,12,common_geometry_preserving_candidate_capacity,False
radiopaedia_4_85506_1,final_outer_cv,C50_COH,0.5,coherent,13,6.816048608255469,GLOBAL_GEOMETRY_RESOLVABLE,coherent,True,5,1,1.5,5,5,20,9,common_geometry_preserving_candidate_capacity,False
radiopaedia_4_85506_1,final_outer_cv,C50_COH,0.5,coherent,17,0.2411271823570425,GLOBAL_RESOLUTION_LIMITED,neutral_physical_bank_prefix,False,23,1,1.5,23,23,23,23,physical_neutral_bank,True
radiopaedia_4_85506_1,final_outer_cv,C50_COH,0.5,coherent,18,604.6067831291621,GLOBAL_GEOMETRY_RESOLVABLE,coherent,True,7,1,1.5,7,7,19,9,common_geometry_preserving_candidate_capacity,False
radiopaedia_4_85506_1,final_outer_cv,C50_COH,0.5,coherent,20,0.8383375293576245,GLOBAL_GEOMETRY_RESOLVABLE,coherent,True,7,1,1.5,7,9,20,7,common_geometry_preserving_candidate_capacity,False
radiopaedia_4_85506_1,final_outer_cv,C50_COH,0.5,coherent,21,0.7878690493294064,GLOBAL_GEOMETRY_RESOLVABLE,coherent,True,7,1,1.5,7,7,20,8,common_geometry_preserving_candidate_capacity,False
radiopaedia_4_85506_1,final_outer_cv,C50_COH,0.5,coherent,22,8.055330173392827,GLOBAL_GEOMETRY_RESOLVABLE,coherent,True,8,1,1.5,8,8,20,10,common_geometry_preserving_candidate_capacity,False
radiopaedia_4_85506_1,final_outer_cv,C50_COH,0.5,coherent,26,0.4570201246999759,GLOBAL_RESOLUTION_LIMITED,neutral_physical_bank_prefix,False,41,1,1.5,41,41,41,41,physical_neutral_bank,True
radiopaedia_4_85506_1,final_outer_cv,C50_COH,0.5,coherent,27,0.3757097957656243,GLOBAL_RESOLUTION_LIMITED,neutral_physical_bank_prefix,False,35,1,1.5,35,35,35,35,physical_neutral_bank,True
radiopaedia_4_85506_1,final_outer_cv,C50_COH,0.5,coherent,30,0.1850510934368,GLOBAL_GEOMETRY_RESOLVABLE,coherent,True,6,1,1.5,6,6,15,6,common_geometry_preserving_candidate_capacity,False
radiopaedia_4_85506_1,final_outer_cv,C50_DIS,0.5,dispersed,4,0.986939164996267,GLOBAL_GEOMETRY_RESOLVABLE,dispersed,True,6,6,5.7221351462804355,6,6,20,10,common_geometry_preserving_candidate_capacity,False
radiopaedia_4_85506_1,final_outer_cv,C50_DIS,0.5,dispersed,7,1.2336739562453338,GLOBAL_GEOMETRY_RESOLVABLE,dispersed,True,8,8,4.645429267855628,8,8,20,10,common_geometry_preserving_candidate_capacity,False
radiopaedia_4_85506_1,final_outer_cv,C50_DIS,0.5,dispersed,9,1.3626489607618917,GLOBAL_GEOMETRY_RESOLVABLE,dispersed,True,7,7,6.16652092780459,7,7,19,8,common_geometry_preserving_candidate_capacity,False
radiopaedia_4_85506_1,final_outer_cv,C50_DIS,0.5,dispersed,10,0.8243185071275639,GLOBAL_GEOMETRY_RESOLVABLE,dispersed,True,5,5,6.146655581506382,5,5,20,12,common_geometry_preserving_candidate_capacity,False
radiopaedia_4_85506_1,final_outer_cv,C50_DIS,0.5,dispersed,11,2.001916374452655,GLOBAL_GEOMETRY_RESOLVABLE,dispersed,True,9,9,6.414807966291498,9,9,19,9,common_geometry_preserving_candidate_capacity,False
radiopaedia_4_85506_1,final_outer_cv,C50_DIS,0.5,dispersed,12,0.5747799114324851,GLOBAL_GEOMETRY_RESOLVABLE,dispersed,True,6,6,4.052775637731995,6,6,18,12,common_geometry_preserving_candidate_capacity,False
radiopaedia_4_85506_1,final_outer_cv,C50_DIS,0.5,dispersed,13,6.816048608255469,GLOBAL_GEOMETRY_RESOLVABLE,dispersed,True,5,5,15.950748534272606,5,5,20,9,common_geometry_preserving_candidate_capacity,False
radiopaedia_4_85506_1,final_outer_cv,C50_DIS,0.5,dispersed,17,0.2411271823570425,GLOBAL_RESOLUTION_LIMITED,neutral_physical_bank_prefix,False,23,1,1.5,23,23,23,23,physical_neutral_bank,True
radiopaedia_4_85506_1,final_outer_cv,C50_DIS,0.5,dispersed,18,604.6067831291621,GLOBAL_GEOMETRY_RESOLVABLE,dispersed,True,7,7,76.19782662910782,7,7,19,9,common_geometry_preserving_candidate_capacity,False
radiopaedia_4_85506_1,final_outer_cv,C50_DIS,0.5,dispersed,20,0.8383375293576245,GLOBAL_GEOMETRY_RESOLVABLE,dispersed,True,7,7,4.1920647010076015,7,9,20,7,common_geometry_preserving_candidate_capacity,False
radiopaedia_4_85506_1,final_outer_cv,C50_DIS,0.5,dispersed,21,0.7878690493294064,GLOBAL_GEOMETRY_RESOLVABLE,dispersed,True,7,7,4.250401386696255,7,7,20,8,common_geometry_preserving_candidate_capacity,False
radiopaedia_4_85506_1,final_outer_cv,C50_DIS,0.5,dispersed,22,8.055330173392827,GLOBAL_GEOMETRY_RESOLVABLE,dispersed,True,8,8,13.792396083506926,8,8,20,10,common_geometry_preserving_candidate_capacity,False
radiopaedia_4_85506_1,final_outer_cv,C50_DIS,0.5,dispersed,26,0.4570201246999759,GLOBAL_RESOLUTION_LIMITED,neutral_physical_bank_prefix,False,41,1,1.5,41,41,41,41,physical_neutral_bank,True
radiopaedia_4_85506_1,final_outer_cv,C50_DIS,0.5,dispersed,27,0.3757097957656243,GLOBAL_RESOLUTION_LIMITED,neutral_physical_bank_prefix,False,35,1,1.5,35,35,35,35,physical_neutral_bank,True
radiopaedia_4_85506_1,final_outer_cv,C50_DIS,0.5,dispersed,30,0.1850510934368,GLOBAL_GEOMETRY_RESOLVABLE,dispersed,True,6,5,3.0751407699364424,6,6,15,6,common_geometry_preserving_candidate_capacity,False
radiopaedia_4_85506_1,final_outer_cv,C50_FRG,0.5,fragmented,4,0.986939164996267,GLOBAL_GEOMETRY_RESOLVABLE,fragmented,True,6,3,1.5,6,6,20,10,common_geometry_preserving_candidate_capacity,False
radiopaedia_4_85506_1,final_outer_cv,C50_FRG,0.5,fragmented,7,1.2336739562453338,GLOBAL_GEOMETRY_RESOLVABLE,fragmented,True,8,3,1.5,8,8,20,10,common_geometry_preserving_candidate_capacity,False
radiopaedia_4_85506_1,final_outer_cv,C50_FRG,0.5,fragmented,9,1.3626489607618917,GLOBAL_GEOMETRY_RESOLVABLE,fragmented,True,7,3,1.5,7,7,19,8,common_geometry_preserving_candidate_capacity,False
radiopaedia_4_85506_1,final_outer_cv,C50_FRG,0.5,fragmented,10,0.8243185071275639,GLOBAL_GEOMETRY_RESOLVABLE,fragmented,True,5,3,2.7,5,5,20,12,common_geometry_preserving_candidate_capacity,False
radiopaedia_4_85506_1,final_outer_cv,C50_FRG,0.5,fragmented,11,2.001916374452655,GLOBAL_GEOMETRY_RESOLVABLE,fragmented,True,9,3,1.5,9,9,19,9,common_geometry_preserving_candidate_capacity,False
radiopaedia_4_85506_1,final_outer_cv,C50_FRG,0.5,fragmented,12,0.5747799114324851,GLOBAL_GEOMETRY_RESOLVABLE,fragmented,True,6,3,1.5,6,6,18,12,common_geometry_preserving_candidate_capacity,False
radiopaedia_4_85506_1,final_outer_cv,C50_FRG,0.5,fragmented,13,6.816048608255469,GLOBAL_GEOMETRY_RESOLVABLE,fragmented,True,5,3,4.824913792078371,5,5,20,9,common_geometry_preserving_candidate_capacity,False
radiopaedia_4_85506_1,final_outer_cv,C50_FRG,0.5,fragmented,17,0.2411271823570425,GLOBAL_RESOLUTION_LIMITED,neutral_physical_bank_prefix,False,23,1,1.5,23,23,23,23,physical_neutral_bank,True
radiopaedia_4_85506_1,final_outer_cv,C50_FRG,0.5,fragmented,18,604.6067831291621,GLOBAL_GEOMETRY_RESOLVABLE,fragmented,True,7,3,1.5,7,7,19,9,common_geometry_preserving_candidate_capacity,False
radiopaedia_4_85506_1,final_outer_cv,C50_FRG,0.5,fragmented,20,0.8383375293576245,GLOBAL_GEOMETRY_RESOLVABLE,fragmented,True,7,3,1.963345212893224,7,9,20,7,common_geometry_preserving_candidate_capacity,False
radiopaedia_4_85506_1,final_outer_cv,C50_FRG,0.5,fragmented,21,0.7878690493294064,GLOBAL_GEOMETRY_RESOLVABLE,fragmented,True,7,3,1.5,7,7,20,8,common_geometry_preserving_candidate_capacity,False
radiopaedia_4_85506_1,final_outer_cv,C50_FRG,0.5,fragmented,22,8.055330173392827,GLOBAL_GEOMETRY_RESOLVABLE,fragmented,True,8,3,1.5,8,8,20,10,common_geometry_preserving_candidate_capacity,False
radiopaedia_4_85506_1,final_outer_cv,C50_FRG,0.5,fragmented,26,0.4570201246999759,GLOBAL_RESOLUTION_LIMITED,neutral_physical_bank_prefix,False,41,1,1.5,41,41,41,41,physical_neutral_bank,True
radiopaedia_4_85506_1,final_outer_cv,C50_FRG,0.5,fragmented,27,0.3757097957656243,GLOBAL_RESOLUTION_LIMITED,neutral_physical_bank_prefix,False,35,1,1.5,35,35,35,35,physical_neutral_bank,True
radiopaedia_4_85506_1,final_outer_cv,C50_FRG,0.5,fragmented,30,0.1850510934368,GLOBAL_GEOMETRY_RESOLVABLE,fragmented,True,6,3,2.25,6,6,15,6,common_geometry_preserving_candidate_capacity,False
radiopaedia_7_85703_0,final_outer_cv,C100_COH,1.0,coherent,1,809.9349903195217,GLOBAL_GEOMETRY_RESOLVABLE,coherent,True,4,1,1.5,5,5,10,6,common_geometry_preserving_candidate_capacity,False
radiopaedia_7_85703_0,final_outer_cv,C100_COH,1.0,coherent,2,2.2626701879317825,GLOBAL_GEOMETRY_RESOLVABLE,coherent,True,4,1,1.5,4,4,10,6,common_geometry_preserving_candidate_capacity,False
radiopaedia_7_85703_0,final_outer_cv,C100_COH,1.0,coherent,3,0.7934766582214305,GLOBAL_GEOMETRY_RESOLVABLE,coherent,True,4,1,1.5,5,5,10,7,common_geometry_preserving_candidate_capacity,False
radiopaedia_7_85703_0,final_outer_cv,C100_COH,1.0,coherent,4,259.20050581603664,GLOBAL_GEOMETRY_RESOLVABLE,coherent,True,4,1,1.5,6,6,10,7,common_geometry_preserving_candidate_capacity,False
radiopaedia_7_85703_0,final_outer_cv,C100_DIS,1.0,dispersed,1,809.9349903195217,GLOBAL_GEOMETRY_RESOLVABLE,dispersed,True,4,4,148.46374740227833,5,5,10,6,common_geometry_preserving_candidate_capacity,False
radiopaedia_7_85703_0,final_outer_cv,C100_DIS,1.0,dispersed,2,2.2626701879317825,GLOBAL_GEOMETRY_RESOLVABLE,dispersed,True,4,4,13.844643928437081,4,4,10,6,common_geometry_preserving_candidate_capacity,False
radiopaedia_7_85703_0,final_outer_cv,C100_DIS,1.0,dispersed,3,0.7934766582214305,GLOBAL_GEOMETRY_RESOLVABLE,dispersed,True,4,4,6.75,5,5,10,7,common_geometry_preserving_candidate_capacity,False
radiopaedia_7_85703_0,final_outer_cv,C100_DIS,1.0,dispersed,4,259.20050581603664,GLOBAL_GEOMETRY_RESOLVABLE,dispersed,True,4,4,113.96885867550418,6,6,10,7,common_geometry_preserving_candidate_capacity,False
radiopaedia_7_85703_0,final_outer_cv,C100_FRG,1.0,fragmented,1,809.9349903195217,GLOBAL_GEOMETRY_RESOLVABLE,fragmented,True,4,3,70.10776813018136,5,5,10,6,common_geometry_preserving_candidate_capacity,False
radiopaedia_7_85703_0,final_outer_cv,C100_FRG,1.0,fragmented,2,2.2626701879317825,GLOBAL_GEOMETRY_RESOLVABLE,fragmented,True,4,3,7.785623639735144,4,4,10,6,common_geometry_preserving_candidate_capacity,False
radiopaedia_7_85703_0,final_outer_cv,C100_FRG,1.0,fragmented,3,0.7934766582214305,GLOBAL_GEOMETRY_RESOLVABLE,fragmented,True,4,3,3.375,5,5,10,7,common_geometry_preserving_candidate_capacity,False
radiopaedia_7_85703_0,final_outer_cv,C100_FRG,1.0,fragmented,4,259.20050581603664,GLOBAL_GEOMETRY_RESOLVABLE,fragmented,True,4,3,61.54887615956103,6,6,10,7,common_geometry_preserving_candidate_capacity,False
radiopaedia_7_85703_0,final_outer_cv,C50_COH,0.5,coherent,2,2.2626701879317825,GLOBAL_GEOMETRY_RESOLVABLE,coherent,True,7,1,1.5,7,7,20,9,common_geometry_preserving_candidate_capacity,False
radiopaedia_7_85703_0,final_outer_cv,C50_COH,0.5,coherent,4,259.20050581603664,GLOBAL_GEOMETRY_RESOLVABLE,coherent,True,9,1,1.5,9,9,20,11,common_geometry_preserving_candidate_capacity,False
radiopaedia_7_85703_0,final_outer_cv,C50_DIS,0.5,dispersed,2,2.2626701879317825,GLOBAL_GEOMETRY_RESOLVABLE,dispersed,True,7,7,9.281912030449888,7,7,20,9,common_geometry_preserving_candidate_capacity,False
radiopaedia_7_85703_0,final_outer_cv,C50_DIS,0.5,dispersed,4,259.20050581603664,GLOBAL_GEOMETRY_RESOLVABLE,dispersed,True,9,9,53.277864062128884,9,9,20,11,common_geometry_preserving_candidate_capacity,False
radiopaedia_7_85703_0,final_outer_cv,C50_FRG,0.5,fragmented,2,2.2626701879317825,GLOBAL_GEOMETRY_RESOLVABLE,fragmented,True,7,3,1.5,7,7,20,9,common_geometry_preserving_candidate_capacity,False
radiopaedia_7_85703_0,final_outer_cv,C50_FRG,0.5,fragmented,4,259.20050581603664,GLOBAL_GEOMETRY_RESOLVABLE,fragmented,True,9,3,1.5,9,9,20,11,common_geometry_preserving_candidate_capacity,False
