case_id,source_subject_key,split_role,outer_fold,condition,image_file,annotation_file,image_semantic_sha256,annotation_semantic_sha256,original_condition_native_semantic_sha256,parent_v1_annotation_semantic_sha256,candidate_condition,candidate_native_semantic_sha256,candidate_v1_annotation_semantic_sha256,construction_policy,equalization_target_unique_fg,preprocess_version
coronacases_001,coronacases_001,final_outer_cv,3.0,complete,images/coronacases_001.npz,annotations/coronacases_001__complete.npz,2d0d609002ffcbf1258c7d72412dfe7e5cb1beca16014e7ff2901b8f362f4094,bdb2d311132e3019700acc75ad1da1e43a39cd0ee830b983e375470dee5c0e86,a43cde95b3ea6551e8b6e6bed9bdbc641462804eb8de3f9bd4193d3858b4c50d,bdb2d311132e3019700acc75ad1da1e43a39cd0ee830b983e375470dee5c0e86,complete,a43cde95b3ea6551e8b6e6bed9bdbc641462804eb8de3f9bd4193d3858b4c50d,bdb2d311132e3019700acc75ad1da1e43a39cd0ee830b983e375470dee5c0e86,unchanged_from_v1_0,314,1.1
coronacases_001,coronacases_001,final_outer_cv,3.0,complete_fixed_25,images/coronacases_001.npz,annotations/coronacases_001__complete_fixed_25.npz,2d0d609002ffcbf1258c7d72412dfe7e5cb1beca16014e7ff2901b8f362f4094,b4c881b9f01cc8ecb221e928917059b6b196a3b5268fa936f9f09ac8f3c15e3a,aad227a00772a7f9d86275bd423e26d5db3b7a44ffa9f9e0840b33b911482833,23a76f04717fabfefb48e945408e43a7ed1f80c4576272729140862db3fe9a35,complete_fixed_25,aad227a00772a7f9d86275bd423e26d5db3b7a44ffa9f9e0840b33b911482833,23a76f04717fabfefb48e945408e43a7ed1f80c4576272729140862db3fe9a35,post_transfer_fixed_pair_unique_voxel_thinning,211,1.1
coronacases_001,coronacases_001,final_outer_cv,3.0,complete_fixed_50,images/coronacases_001.npz,annotations/coronacases_001__complete_fixed_50.npz,2d0d609002ffcbf1258c7d72412dfe7e5cb1beca16014e7ff2901b8f362f4094,d3039b2a62aa7de5d38d72b5eef6f996e1cb17ce98d27ad681271dd2ecad84a6,a43cde95b3ea6551e8b6e6bed9bdbc641462804eb8de3f9bd4193d3858b4c50d,bdb2d311132e3019700acc75ad1da1e43a39cd0ee830b983e375470dee5c0e86,complete_fixed_50,a43cde95b3ea6551e8b6e6bed9bdbc641462804eb8de3f9bd4193d3858b4c50d,bdb2d311132e3019700acc75ad1da1e43a39cd0ee830b983e375470dee5c0e86,post_transfer_fixed_pair_unique_voxel_thinning,277,1.1
coronacases_001,coronacases_001,final_outer_cv,3.0,complete_fixed_75,images/coronacases_001.npz,annotations/coronacases_001__complete_fixed_75.npz,2d0d609002ffcbf1258c7d72412dfe7e5cb1beca16014e7ff2901b8f362f4094,bdb2d311132e3019700acc75ad1da1e43a39cd0ee830b983e375470dee5c0e86,a43cde95b3ea6551e8b6e6bed9bdbc641462804eb8de3f9bd4193d3858b4c50d,bdb2d311132e3019700acc75ad1da1e43a39cd0ee830b983e375470dee5c0e86,complete_fixed_75,a43cde95b3ea6551e8b6e6bed9bdbc641462804eb8de3f9bd4193d3858b4c50d,bdb2d311132e3019700acc75ad1da1e43a39cd0ee830b983e375470dee5c0e86,fixed_pair_side_already_at_shared_training_grid_target_unchanged,314,1.1
coronacases_001,coronacases_001,final_outer_cv,3.0,component_fixed_25,images/coronacases_001.npz,annotations/coronacases_001__component_fixed_25.npz,2d0d609002ffcbf1258c7d72412dfe7e5cb1beca16014e7ff2901b8f362f4094,0d41c959c2ac30e7e4eee22953f73c9c51b7728d657b87e1a0e863e41416a1d8,8f65eba117e96d9963183742072429dbed8942b0ba851d04cdae934c621b2f49,0d41c959c2ac30e7e4eee22953f73c9c51b7728d657b87e1a0e863e41416a1d8,component_fixed_25,8f65eba117e96d9963183742072429dbed8942b0ba851d04cdae934c621b2f49,0d41c959c2ac30e7e4eee22953f73c9c51b7728d657b87e1a0e863e41416a1d8,fixed_pair_side_already_at_shared_training_grid_target_unchanged,211,1.1
coronacases_001,coronacases_001,final_outer_cv,3.0,component_fixed_50,images/coronacases_001.npz,annotations/coronacases_001__component_fixed_50.npz,2d0d609002ffcbf1258c7d72412dfe7e5cb1beca16014e7ff2901b8f362f4094,38c9e5365aabbecff1527ed26519cbf856c8a079a2bfcea67d9c911cce400465,5423e973a41a4a99355590614271049cd4eb96ec975c69f2e96bc63804b41cb3,38c9e5365aabbecff1527ed26519cbf856c8a079a2bfcea67d9c911cce400465,component_fixed_50,5423e973a41a4a99355590614271049cd4eb96ec975c69f2e96bc63804b41cb3,38c9e5365aabbecff1527ed26519cbf856c8a079a2bfcea67d9c911cce400465,fixed_pair_side_already_at_shared_training_grid_target_unchanged,277,1.1
coronacases_001,coronacases_001,final_outer_cv,3.0,component_fixed_75,images/coronacases_001.npz,annotations/coronacases_001__component_fixed_75.npz,2d0d609002ffcbf1258c7d72412dfe7e5cb1beca16014e7ff2901b8f362f4094,a4e64ad327828037305533768e2814b66dd01f5383ae65adf920b2f4524d4cdd,798267995b165a993e5a856fde1c6146698f04dfb344155d8b85d5cc3cd6bd27,e42cde88c08f95588a55db9883bc2137c833193d82b7eb32e18a5d70eb696dde,component_fixed_75,798267995b165a993e5a856fde1c6146698f04dfb344155d8b85d5cc3cd6bd27,e42cde88c08f95588a55db9883bc2137c833193d82b7eb32e18a5d70eb696dde,post_transfer_fixed_pair_unique_voxel_thinning,314,1.1
coronacases_001,coronacases_001,final_outer_cv,3.0,component_natural_25,images/coronacases_001.npz,annotations/coronacases_001__component_natural_25.npz,2d0d609002ffcbf1258c7d72412dfe7e5cb1beca16014e7ff2901b8f362f4094,befa813d04dfd2b9bbcf5b7443942276960551ad199f059af810566e51e5d7ec,e6c63c4b2913b6b0cfe971d4d3725d2d5b11bf2520045bd09d090f107a8e7901,befa813d04dfd2b9bbcf5b7443942276960551ad199f059af810566e51e5d7ec,component_natural_25,e6c63c4b2913b6b0cfe971d4d3725d2d5b11bf2520045bd09d090f107a8e7901,befa813d04dfd2b9bbcf5b7443942276960551ad199f059af810566e51e5d7ec,natural_component_omission_unchanged,84,1.1
coronacases_001,coronacases_001,final_outer_cv,3.0,component_natural_50,images/coronacases_001.npz,annotations/coronacases_001__component_natural_50.npz,2d0d609002ffcbf1258c7d72412dfe7e5cb1beca16014e7ff2901b8f362f4094,a65cd715cac8b6e910fb9c51a3d45d1079f69f60d62335fa2afc99504501cfff,0a45d14a9f6fe63adae2cd3ae1dcb41e9041d484986e87e12539212dca47810b,a65cd715cac8b6e910fb9c51a3d45d1079f69f60d62335fa2afc99504501cfff,component_natural_50,0a45d14a9f6fe63adae2cd3ae1dcb41e9041d484986e87e12539212dca47810b,a65cd715cac8b6e910fb9c51a3d45d1079f69f60d62335fa2afc99504501cfff,natural_component_omission_unchanged,148,1.1
coronacases_001,coronacases_001,final_outer_cv,3.0,component_natural_75,images/coronacases_001.npz,annotations/coronacases_001__component_natural_75.npz,2d0d609002ffcbf1258c7d72412dfe7e5cb1beca16014e7ff2901b8f362f4094,784727428231139327a0c98c615e845de1fb6d3f28967cd01be39285291b3e64,496c169fcf3dfc34a973877d3b5105f56378c464c8dc78e86bfb519c5265debd,784727428231139327a0c98c615e845de1fb6d3f28967cd01be39285291b3e64,component_natural_75,496c169fcf3dfc34a973877d3b5105f56378c464c8dc78e86bfb519c5265debd,784727428231139327a0c98c615e845de1fb6d3f28967cd01be39285291b3e64,natural_component_omission_unchanged,243,1.1
coronacases_001,coronacases_001,final_outer_cv,3.0,pixel_dropout_matched_25,images/coronacases_001.npz,annotations/coronacases_001__pixel_dropout_matched_25.npz,2d0d609002ffcbf1258c7d72412dfe7e5cb1beca16014e7ff2901b8f362f4094,dce265201320dc76023ff63ff1b8da6e7c69aed1b14ee00295cf64b76917a945,fa9beb78b7b462c1432acf632e0b280536f91525597af76c8a4ec58925efd5b1,81ec36e6b62e480b950d02b514b37cd740488206f6f15a4926a1089091982c29,complete,a43cde95b3ea6551e8b6e6bed9bdbc641462804eb8de3f9bd4193d3858b4c50d,bdb2d311132e3019700acc75ad1da1e43a39cd0ee830b983e375470dee5c0e86,post_transfer_unique_voxel_pixel_equalization,84,1.1
coronacases_001,coronacases_001,final_outer_cv,3.0,pixel_dropout_matched_50,images/coronacases_001.npz,annotations/coronacases_001__pixel_dropout_matched_50.npz,2d0d609002ffcbf1258c7d72412dfe7e5cb1beca16014e7ff2901b8f362f4094,6a058ca86a6d0b7ce89bf4a12bfcbe4b4cea8b05414cd9f9cad7e277c9c1d495,8e7e53742dfa4202a2c8a6ab2d8e700f3ec62debdc326a5c2994852cce16ea7a,3f5d1704ae82f317d3810cbf8db1c4a3cffe638ee1d3f12e5379066a8b7a4b0f,complete,a43cde95b3ea6551e8b6e6bed9bdbc641462804eb8de3f9bd4193d3858b4c50d,bdb2d311132e3019700acc75ad1da1e43a39cd0ee830b983e375470dee5c0e86,post_transfer_unique_voxel_pixel_equalization,148,1.1
coronacases_001,coronacases_001,final_outer_cv,3.0,pixel_dropout_matched_75,images/coronacases_001.npz,annotations/coronacases_001__pixel_dropout_matched_75.npz,2d0d609002ffcbf1258c7d72412dfe7e5cb1beca16014e7ff2901b8f362f4094,b317c76ec591ea2b3cbaa86b700c3038b8823bccdab5c06c8ce5b1e3f6fca61b,a16f3cd473c0a41217a926332292628bcac290f9b05a6e687bed8a844dfaef92,ff2bc7117d7f77e5048cc2ee35c6cf119c845d3558bb4b74309025097243e62f,complete,a43cde95b3ea6551e8b6e6bed9bdbc641462804eb8de3f9bd4193d3858b4c50d,bdb2d311132e3019700acc75ad1da1e43a39cd0ee830b983e375470dee5c0e86,post_transfer_unique_voxel_pixel_equalization,243,1.1
coronacases_002,coronacases_002,final_outer_cv,0.0,complete,images/coronacases_002.npz,annotations/coronacases_002__complete.npz,a3577c0ac14cc53a3bb7898aedf79cbc606c44cf34b5e8b51c126b4e571f3d63,dc781e26ebf956cfa108d4556c690127ec358c6be881f320347d53af12b58bba,e0dd79fe62aa0f22864e8fddf71b7fcc0a914e09e51cd52e6f45c7d94acdf179,dc781e26ebf956cfa108d4556c690127ec358c6be881f320347d53af12b58bba,complete,e0dd79fe62aa0f22864e8fddf71b7fcc0a914e09e51cd52e6f45c7d94acdf179,dc781e26ebf956cfa108d4556c690127ec358c6be881f320347d53af12b58bba,unchanged_from_v1_0,261,1.1
coronacases_002,coronacases_002,final_outer_cv,0.0,complete_fixed_25,images/coronacases_002.npz,annotations/coronacases_002__complete_fixed_25.npz,a3577c0ac14cc53a3bb7898aedf79cbc606c44cf34b5e8b51c126b4e571f3d63,5669daa811e1960f2dd5e5f6a5ef9330f91c75fa71172842c3a715e7bd7b97d6,30d869e3a3dcb5bdc8a0baf6644b42e4a387c77054e0f5d44889e3ba9333a6c9,eb5663b7d51069c19135a8f8ae8c59e859377b44d786cff4881760685d5f0e33,complete_fixed_25,30d869e3a3dcb5bdc8a0baf6644b42e4a387c77054e0f5d44889e3ba9333a6c9,eb5663b7d51069c19135a8f8ae8c59e859377b44d786cff4881760685d5f0e33,post_transfer_fixed_pair_unique_voxel_thinning,40,1.1
coronacases_002,coronacases_002,final_outer_cv,0.0,complete_fixed_50,images/coronacases_002.npz,annotations/coronacases_002__complete_fixed_50.npz,a3577c0ac14cc53a3bb7898aedf79cbc606c44cf34b5e8b51c126b4e571f3d63,dc781e26ebf956cfa108d4556c690127ec358c6be881f320347d53af12b58bba,e0dd79fe62aa0f22864e8fddf71b7fcc0a914e09e51cd52e6f45c7d94acdf179,dc781e26ebf956cfa108d4556c690127ec358c6be881f320347d53af12b58bba,complete_fixed_50,e0dd79fe62aa0f22864e8fddf71b7fcc0a914e09e51cd52e6f45c7d94acdf179,dc781e26ebf956cfa108d4556c690127ec358c6be881f320347d53af12b58bba,fixed_pair_side_already_at_shared_training_grid_target_unchanged,261,1.1
coronacases_002,coronacases_002,final_outer_cv,0.0,complete_fixed_75,images/coronacases_002.npz,annotations/coronacases_002__complete_fixed_75.npz,a3577c0ac14cc53a3bb7898aedf79cbc606c44cf34b5e8b51c126b4e571f3d63,dc781e26ebf956cfa108d4556c690127ec358c6be881f320347d53af12b58bba,e0dd79fe62aa0f22864e8fddf71b7fcc0a914e09e51cd52e6f45c7d94acdf179,dc781e26ebf956cfa108d4556c690127ec358c6be881f320347d53af12b58bba,complete_fixed_75,e0dd79fe62aa0f22864e8fddf71b7fcc0a914e09e51cd52e6f45c7d94acdf179,dc781e26ebf956cfa108d4556c690127ec358c6be881f320347d53af12b58bba,fixed_pair_side_already_at_shared_training_grid_target_unchanged,261,1.1
coronacases_002,coronacases_002,final_outer_cv,0.0,component_fixed_25,images/coronacases_002.npz,annotations/coronacases_002__component_fixed_25.npz,a3577c0ac14cc53a3bb7898aedf79cbc606c44cf34b5e8b51c126b4e571f3d63,d6542396e594121bc6bc9a22bd19ff1ccddc6fa57be2806df239b07d4c049c6c,04af673ffd44f9bfea1b26340972d5a78fbe0f3736e0b10a14642833204b0f1e,d6542396e594121bc6bc9a22bd19ff1ccddc6fa57be2806df239b07d4c049c6c,component_fixed_25,04af673ffd44f9bfea1b26340972d5a78fbe0f3736e0b10a14642833204b0f1e,d6542396e594121bc6bc9a22bd19ff1ccddc6fa57be2806df239b07d4c049c6c,fixed_pair_side_already_at_shared_training_grid_target_unchanged,40,1.1
coronacases_002,coronacases_002,final_outer_cv,0.0,component_fixed_50,images/coronacases_002.npz,annotations/coronacases_002__component_fixed_50.npz,a3577c0ac14cc53a3bb7898aedf79cbc606c44cf34b5e8b51c126b4e571f3d63,54f91ed7658bc03d266e594b49dd07c6cfe3cd7e4792732e22be01861390dab2,09fbd0eb3037b81b480fc04c91b29f010b18f7b7a5260d5e2949783cb35726b8,be9c1adb6b79ef68dc62e8f14ba17b7eef8661258350add3ddbc471b21eb23dd,component_fixed_50,09fbd0eb3037b81b480fc04c91b29f010b18f7b7a5260d5e2949783cb35726b8,be9c1adb6b79ef68dc62e8f14ba17b7eef8661258350add3ddbc471b21eb23dd,post_transfer_fixed_pair_unique_voxel_thinning,261,1.1
coronacases_002,coronacases_002,final_outer_cv,0.0,component_fixed_75,images/coronacases_002.npz,annotations/coronacases_002__component_fixed_75.npz,a3577c0ac14cc53a3bb7898aedf79cbc606c44cf34b5e8b51c126b4e571f3d63,c32b4ceb29686a5037e8eff7ae282043d489d2ba7499bddcc0035f1faff45b8d,9a98b7d43fe2eacf0d315648e9fa1e633ef9142885d5d255a6dfe2b6019e68ee,c2df8ad5b1df8119c1e67a8c8826b7a6a063d0de716dea1dc574554a5f8c4eb2,component_fixed_75,9a98b7d43fe2eacf0d315648e9fa1e633ef9142885d5d255a6dfe2b6019e68ee,c2df8ad5b1df8119c1e67a8c8826b7a6a063d0de716dea1dc574554a5f8c4eb2,post_transfer_fixed_pair_unique_voxel_thinning,261,1.1
coronacases_002,coronacases_002,final_outer_cv,0.0,component_natural_25,images/coronacases_002.npz,annotations/coronacases_002__component_natural_25.npz,a3577c0ac14cc53a3bb7898aedf79cbc606c44cf34b5e8b51c126b4e571f3d63,5bdc7133eafe091fd37a2237f20a78872bf604562244f81337637fa656b46436,f00e42653429133bb0fbf1d4388919f8319aa53e4569e7743f0d6ff503edb831,5bdc7133eafe091fd37a2237f20a78872bf604562244f81337637fa656b46436,component_natural_25,f00e42653429133bb0fbf1d4388919f8319aa53e4569e7743f0d6ff503edb831,5bdc7133eafe091fd37a2237f20a78872bf604562244f81337637fa656b46436,natural_component_omission_unchanged,39,1.1
coronacases_002,coronacases_002,final_outer_cv,0.0,component_natural_50,images/coronacases_002.npz,annotations/coronacases_002__component_natural_50.npz,a3577c0ac14cc53a3bb7898aedf79cbc606c44cf34b5e8b51c126b4e571f3d63,3ea7f000c00f9aaef93b6a4623b386b3beb73a85dc1435bf0d25e3fcd880ae44,309b1382a7ecdc0b97c96bb8f0ead9e539883aa2f4c94c441556b069f6e5298f,3ea7f000c00f9aaef93b6a4623b386b3beb73a85dc1435bf0d25e3fcd880ae44,component_natural_50,309b1382a7ecdc0b97c96bb8f0ead9e539883aa2f4c94c441556b069f6e5298f,3ea7f000c00f9aaef93b6a4623b386b3beb73a85dc1435bf0d25e3fcd880ae44,natural_component_omission_unchanged,132,1.1
coronacases_002,coronacases_002,final_outer_cv,0.0,component_natural_75,images/coronacases_002.npz,annotations/coronacases_002__component_natural_75.npz,a3577c0ac14cc53a3bb7898aedf79cbc606c44cf34b5e8b51c126b4e571f3d63,d790f9f17b655c6e2d012a92218787b95d3a3e46a7ccf801f20890bf81423e7f,972d47934f517ec5d4fbbf06a4855ce48f390b442bf8e8e4fed9428e907a78d6,d790f9f17b655c6e2d012a92218787b95d3a3e46a7ccf801f20890bf81423e7f,component_natural_75,972d47934f517ec5d4fbbf06a4855ce48f390b442bf8e8e4fed9428e907a78d6,d790f9f17b655c6e2d012a92218787b95d3a3e46a7ccf801f20890bf81423e7f,natural_component_omission_unchanged,201,1.1
coronacases_002,coronacases_002,final_outer_cv,0.0,pixel_dropout_matched_25,images/coronacases_002.npz,annotations/coronacases_002__pixel_dropout_matched_25.npz,a3577c0ac14cc53a3bb7898aedf79cbc606c44cf34b5e8b51c126b4e571f3d63,879e741c932b615d639f5ac1eececd79c78c016b166e0b6a3c7c16ca5de0ca9f,a05e4badd94c245642d475f6ab08c8a02f2ab34234f1999c6149623b63259fe3,3e21520012ba3023c1d3e881976c862fe48b56e3b5b02d70428715842545f1c0,complete,e0dd79fe62aa0f22864e8fddf71b7fcc0a914e09e51cd52e6f45c7d94acdf179,dc781e26ebf956cfa108d4556c690127ec358c6be881f320347d53af12b58bba,post_transfer_unique_voxel_pixel_equalization,39,1.1
coronacases_002,coronacases_002,final_outer_cv,0.0,pixel_dropout_matched_50,images/coronacases_002.npz,annotations/coronacases_002__pixel_dropout_matched_50.npz,a3577c0ac14cc53a3bb7898aedf79cbc606c44cf34b5e8b51c126b4e571f3d63,c22180e5a2b6dca49605fb19259e0deea317eb9c1dd749bab97ddd5c7c4c44ea,60d18f9ccc73e58a79a4be2d5c9b9bd5718c06cf8ef15d77bd9e450ab439f582,d45816e6a1033fa2bf1110a2a9067dd83272d5cd232569ce97b385717fd6f0b1,complete,e0dd79fe62aa0f22864e8fddf71b7fcc0a914e09e51cd52e6f45c7d94acdf179,dc781e26ebf956cfa108d4556c690127ec358c6be881f320347d53af12b58bba,post_transfer_unique_voxel_pixel_equalization,132,1.1
coronacases_002,coronacases_002,final_outer_cv,0.0,pixel_dropout_matched_75,images/coronacases_002.npz,annotations/coronacases_002__pixel_dropout_matched_75.npz,a3577c0ac14cc53a3bb7898aedf79cbc606c44cf34b5e8b51c126b4e571f3d63,96f45bbe6f05ae2df03821d5aa2a5fa5b2fdbd7bc3c74d8e39155036ab132f88,a47708ad8d5e8f6aa3e92ea054a632f2c88a9c0f459ae42614652428b3fc4ccd,5e3c2199a0f54040b0df1ab48c0aa5cd6a3da1d1d71729ecf02daf1e0ae3c2a6,complete,e0dd79fe62aa0f22864e8fddf71b7fcc0a914e09e51cd52e6f45c7d94acdf179,dc781e26ebf956cfa108d4556c690127ec358c6be881f320347d53af12b58bba,post_transfer_unique_voxel_pixel_equalization,201,1.1
coronacases_003,coronacases_003,final_outer_cv,3.0,complete,images/coronacases_003.npz,annotations/coronacases_003__complete.npz,a52aeeeee952e5e67144d756d8ba22a2eac2841149919f95934bc1e7f516235d,a2ecec4f7b4883498817d6646ce876604638b46e677ae63d4b12c7e09eb6dba0,ae370766cc7ef8f3b9240843234a4c09db157c786bed4cad7c82ddd854fa30ac,a2ecec4f7b4883498817d6646ce876604638b46e677ae63d4b12c7e09eb6dba0,complete,ae370766cc7ef8f3b9240843234a4c09db157c786bed4cad7c82ddd854fa30ac,a2ecec4f7b4883498817d6646ce876604638b46e677ae63d4b12c7e09eb6dba0,unchanged_from_v1_0,353,1.1
coronacases_003,coronacases_003,final_outer_cv,3.0,complete_fixed_25,images/coronacases_003.npz,annotations/coronacases_003__complete_fixed_25.npz,a52aeeeee952e5e67144d756d8ba22a2eac2841149919f95934bc1e7f516235d,87fdbe2e323cb9e2edf4d3fb271f9718b1ac83d29084a5986d60c0e13d2532fd,07b05dde7ae6e36c3239aed2ed4901db81f107d582a9be7875d00537aadfa0f1,87fdbe2e323cb9e2edf4d3fb271f9718b1ac83d29084a5986d60c0e13d2532fd,complete_fixed_25,07b05dde7ae6e36c3239aed2ed4901db81f107d582a9be7875d00537aadfa0f1,87fdbe2e323cb9e2edf4d3fb271f9718b1ac83d29084a5986d60c0e13d2532fd,fixed_pair_side_already_at_shared_training_grid_target_unchanged,260,1.1
coronacases_003,coronacases_003,final_outer_cv,3.0,complete_fixed_50,images/coronacases_003.npz,annotations/coronacases_003__complete_fixed_50.npz,a52aeeeee952e5e67144d756d8ba22a2eac2841149919f95934bc1e7f516235d,a2ecec4f7b4883498817d6646ce876604638b46e677ae63d4b12c7e09eb6dba0,ae370766cc7ef8f3b9240843234a4c09db157c786bed4cad7c82ddd854fa30ac,a2ecec4f7b4883498817d6646ce876604638b46e677ae63d4b12c7e09eb6dba0,complete_fixed_50,ae370766cc7ef8f3b9240843234a4c09db157c786bed4cad7c82ddd854fa30ac,a2ecec4f7b4883498817d6646ce876604638b46e677ae63d4b12c7e09eb6dba0,fixed_pair_side_already_at_shared_training_grid_target_unchanged,353,1.1
coronacases_003,coronacases_003,final_outer_cv,3.0,complete_fixed_75,images/coronacases_003.npz,annotations/coronacases_003__complete_fixed_75.npz,a52aeeeee952e5e67144d756d8ba22a2eac2841149919f95934bc1e7f516235d,a2ecec4f7b4883498817d6646ce876604638b46e677ae63d4b12c7e09eb6dba0,ae370766cc7ef8f3b9240843234a4c09db157c786bed4cad7c82ddd854fa30ac,a2ecec4f7b4883498817d6646ce876604638b46e677ae63d4b12c7e09eb6dba0,complete_fixed_75,ae370766cc7ef8f3b9240843234a4c09db157c786bed4cad7c82ddd854fa30ac,a2ecec4f7b4883498817d6646ce876604638b46e677ae63d4b12c7e09eb6dba0,fixed_pair_side_already_at_shared_training_grid_target_unchanged,353,1.1
coronacases_003,coronacases_003,final_outer_cv,3.0,component_fixed_25,images/coronacases_003.npz,annotations/coronacases_003__component_fixed_25.npz,a52aeeeee952e5e67144d756d8ba22a2eac2841149919f95934bc1e7f516235d,e05fa42b791b3a5d29df87e9044798ee2d82d9c3ddf2fd770d5664bf7b38d2d1,26a437a6a856e2db45a75fbe730d2da61906b27b773f8b31e6c7f6f691b2aea5,b573f6a783178256e50f4fc6f488a6b47ee4908b45cf1b17894ebce12588b32d,component_fixed_25,26a437a6a856e2db45a75fbe730d2da61906b27b773f8b31e6c7f6f691b2aea5,b573f6a783178256e50f4fc6f488a6b47ee4908b45cf1b17894ebce12588b32d,post_transfer_fixed_pair_unique_voxel_thinning,260,1.1
coronacases_003,coronacases_003,final_outer_cv,3.0,component_fixed_50,images/coronacases_003.npz,annotations/coronacases_003__component_fixed_50.npz,a52aeeeee952e5e67144d756d8ba22a2eac2841149919f95934bc1e7f516235d,81873525b3d464ce0977f389d6a2abf2ab6bc02db51ac979b319e7ce8c9a7aed,b4041571e661c5e2beb7f9c4c2ef3bddf9b104cd79e7e61dd11db3f4f58e562a,ea31da59a6afc826024cbbf8010154849a1b39344c505594173a416a891701e0,component_fixed_50,b4041571e661c5e2beb7f9c4c2ef3bddf9b104cd79e7e61dd11db3f4f58e562a,ea31da59a6afc826024cbbf8010154849a1b39344c505594173a416a891701e0,post_transfer_fixed_pair_unique_voxel_thinning,353,1.1
coronacases_003,coronacases_003,final_outer_cv,3.0,component_fixed_75,images/coronacases_003.npz,annotations/coronacases_003__component_fixed_75.npz,a52aeeeee952e5e67144d756d8ba22a2eac2841149919f95934bc1e7f516235d,fe144afe44f6567f82a389d7dfe389c78fcff46f81c629a650a2adae3d7ec0fc,2e61a9cbb8c318e5fd2ef364945846247a896cf177d76dbbeb2a51b93462dc03,3ffaf1b4aee36edb057d96f5f7e69c5f1907c598498b77aecd97065a6843a01d,component_fixed_75,2e61a9cbb8c318e5fd2ef364945846247a896cf177d76dbbeb2a51b93462dc03,3ffaf1b4aee36edb057d96f5f7e69c5f1907c598498b77aecd97065a6843a01d,post_transfer_fixed_pair_unique_voxel_thinning,353,1.1
coronacases_003,coronacases_003,final_outer_cv,3.0,component_natural_25,images/coronacases_003.npz,annotations/coronacases_003__component_natural_25.npz,a52aeeeee952e5e67144d756d8ba22a2eac2841149919f95934bc1e7f516235d,390faf719c7875f8f6d84b70933ac4d5cf11d8230c84dc6d57f23a7a3657e383,58fd664fdce3db9c0aaf7016644c2ee24985fc0788a8ed8eabc49ad9741e2ea8,390faf719c7875f8f6d84b70933ac4d5cf11d8230c84dc6d57f23a7a3657e383,component_natural_25,58fd664fdce3db9c0aaf7016644c2ee24985fc0788a8ed8eabc49ad9741e2ea8,390faf719c7875f8f6d84b70933ac4d5cf11d8230c84dc6d57f23a7a3657e383,natural_component_omission_unchanged,83,1.1
coronacases_003,coronacases_003,final_outer_cv,3.0,component_natural_50,images/coronacases_003.npz,annotations/coronacases_003__component_natural_50.npz,a52aeeeee952e5e67144d756d8ba22a2eac2841149919f95934bc1e7f516235d,2d4f06d20d38225481aa5f9922cb7ca1f8c95e76a95e490f186c3e06cf5faaf9,f22361ef6cae1c4f2e1797fcf81c2f4c6f25bbb0bff788d6be2189dc63877a39,2d4f06d20d38225481aa5f9922cb7ca1f8c95e76a95e490f186c3e06cf5faaf9,component_natural_50,f22361ef6cae1c4f2e1797fcf81c2f4c6f25bbb0bff788d6be2189dc63877a39,2d4f06d20d38225481aa5f9922cb7ca1f8c95e76a95e490f186c3e06cf5faaf9,natural_component_omission_unchanged,174,1.1
coronacases_003,coronacases_003,final_outer_cv,3.0,component_natural_75,images/coronacases_003.npz,annotations/coronacases_003__component_natural_75.npz,a52aeeeee952e5e67144d756d8ba22a2eac2841149919f95934bc1e7f516235d,4faad7dd8052222579d1aeee7e91afcb1921f9c261f0fbe2de84eb8e358cd34d,5ffe41fba898907a08cbf8a810a54f31f49a5fbf4585877776177d89bdebcf4b,4faad7dd8052222579d1aeee7e91afcb1921f9c261f0fbe2de84eb8e358cd34d,component_natural_75,5ffe41fba898907a08cbf8a810a54f31f49a5fbf4585877776177d89bdebcf4b,4faad7dd8052222579d1aeee7e91afcb1921f9c261f0fbe2de84eb8e358cd34d,natural_component_omission_unchanged,271,1.1
coronacases_003,coronacases_003,final_outer_cv,3.0,pixel_dropout_matched_25,images/coronacases_003.npz,annotations/coronacases_003__pixel_dropout_matched_25.npz,a52aeeeee952e5e67144d756d8ba22a2eac2841149919f95934bc1e7f516235d,632a82ed667f0e7ebd7855b8ee9ef004e3ee7859a6d6532d158261a0c378d514,214afb9356df5d65c616837386d36d96f555276eaa844f90bc2fdb8e804084d6,586cb9bd8eefea4725f7d7493c9e240f72d6e375042d14b691cf0b8a325771ae,complete,ae370766cc7ef8f3b9240843234a4c09db157c786bed4cad7c82ddd854fa30ac,a2ecec4f7b4883498817d6646ce876604638b46e677ae63d4b12c7e09eb6dba0,post_transfer_unique_voxel_pixel_equalization,83,1.1
coronacases_003,coronacases_003,final_outer_cv,3.0,pixel_dropout_matched_50,images/coronacases_003.npz,annotations/coronacases_003__pixel_dropout_matched_50.npz,a52aeeeee952e5e67144d756d8ba22a2eac2841149919f95934bc1e7f516235d,c288d4a650a0a80f5879c588d5e999bc776d87ee9af93e1edfa1b7a2cbc163bd,99bc7c357d2e1e9c665acd74885511a34eb2276727d439fcb48d9d22ad6e0016,76bbb80dc3557dc4905680a97bd231c7b42840a682f52a857ae8de5f0988793b,complete,ae370766cc7ef8f3b9240843234a4c09db157c786bed4cad7c82ddd854fa30ac,a2ecec4f7b4883498817d6646ce876604638b46e677ae63d4b12c7e09eb6dba0,post_transfer_unique_voxel_pixel_equalization,174,1.1
coronacases_003,coronacases_003,final_outer_cv,3.0,pixel_dropout_matched_75,images/coronacases_003.npz,annotations/coronacases_003__pixel_dropout_matched_75.npz,a52aeeeee952e5e67144d756d8ba22a2eac2841149919f95934bc1e7f516235d,98c356e14e45c90c3b3336155b20f24cb4a05d73184548a4dc99802272f5d7a4,73bee9c18fd205e8369955c5eed34e9114856cbc6beef259d74c96d4bc5b308a,1dfb948c8793bf866ab67492082b8c07f9e47325acd52b3044fa76d622cefd61,complete,ae370766cc7ef8f3b9240843234a4c09db157c786bed4cad7c82ddd854fa30ac,a2ecec4f7b4883498817d6646ce876604638b46e677ae63d4b12c7e09eb6dba0,post_transfer_unique_voxel_pixel_equalization,271,1.1
coronacases_004,coronacases_004,permanent_development,,complete,images/coronacases_004.npz,annotations/coronacases_004__complete.npz,abf64ec63194095592d7c7fc44f3fd65029cc027f79c7a2b766bb6b6ab27b90d,7ae6e8a9f7d32ce83c45a4c7a022ccf14b62e9766aaca0e16c7f1f2423143c90,b931e58b7d6402b2244769de5e0a94701c3538b2c19fa4c89a8b74a8a38485f4,7ae6e8a9f7d32ce83c45a4c7a022ccf14b62e9766aaca0e16c7f1f2423143c90,complete,b931e58b7d6402b2244769de5e0a94701c3538b2c19fa4c89a8b74a8a38485f4,7ae6e8a9f7d32ce83c45a4c7a022ccf14b62e9766aaca0e16c7f1f2423143c90,unchanged_from_v1_0,61,1.1
coronacases_004,coronacases_004,permanent_development,,complete_fixed_25,images/coronacases_004.npz,annotations/coronacases_004__complete_fixed_25.npz,abf64ec63194095592d7c7fc44f3fd65029cc027f79c7a2b766bb6b6ab27b90d,37c4b683bce2c30036a876d1fc98d317230650cd942dc061122b75488da15139,1d284ea7cc080910330a9bbaff43ab9c598c64ab052a603e93d9902393000e80,84d5fa871e9053d8eaf855154431d684097373e2e8304008a46ee77abef438c3,complete_fixed_25,1d284ea7cc080910330a9bbaff43ab9c598c64ab052a603e93d9902393000e80,84d5fa871e9053d8eaf855154431d684097373e2e8304008a46ee77abef438c3,post_transfer_fixed_pair_unique_voxel_thinning,9,1.1
coronacases_004,coronacases_004,permanent_development,,complete_fixed_50,images/coronacases_004.npz,annotations/coronacases_004__complete_fixed_50.npz,abf64ec63194095592d7c7fc44f3fd65029cc027f79c7a2b766bb6b6ab27b90d,62780b3fdf2f482002cf78be22033aeb7a141065c17291341896a44a84f77e51,c0ed9beeed09390640fca69d83685c64adebce6979f44e1c0599dfd71ae91dab,3468ed7d87680ca0c736915ea44d23cc15f458e8daaabeb843efffff5d7b759e,complete_fixed_50,c0ed9beeed09390640fca69d83685c64adebce6979f44e1c0599dfd71ae91dab,3468ed7d87680ca0c736915ea44d23cc15f458e8daaabeb843efffff5d7b759e,post_transfer_fixed_pair_unique_voxel_thinning,30,1.1
coronacases_004,coronacases_004,permanent_development,,complete_fixed_75,images/coronacases_004.npz,annotations/coronacases_004__complete_fixed_75.npz,abf64ec63194095592d7c7fc44f3fd65029cc027f79c7a2b766bb6b6ab27b90d,013e5e70406aef30da7b9635fcf9267b4a673533f373266ca9bfd74a0d3f8761,a2fe4ea95569038264c49cd1d7ed0366480be5577b2c7218aec8d8f2cd2d692d,013e5e70406aef30da7b9635fcf9267b4a673533f373266ca9bfd74a0d3f8761,complete_fixed_75,a2fe4ea95569038264c49cd1d7ed0366480be5577b2c7218aec8d8f2cd2d692d,013e5e70406aef30da7b9635fcf9267b4a673533f373266ca9bfd74a0d3f8761,fixed_pair_side_already_at_shared_training_grid_target_unchanged,50,1.1
coronacases_004,coronacases_004,permanent_development,,component_fixed_25,images/coronacases_004.npz,annotations/coronacases_004__component_fixed_25.npz,abf64ec63194095592d7c7fc44f3fd65029cc027f79c7a2b766bb6b6ab27b90d,c09a89116d2627a9258228958c739e1276fb29803a792567446775d5b709ee25,2d972bd41e05e79649cefc67a2716ccc1fa069f4896766fd6186fd745a9ffbb7,c09a89116d2627a9258228958c739e1276fb29803a792567446775d5b709ee25,component_fixed_25,2d972bd41e05e79649cefc67a2716ccc1fa069f4896766fd6186fd745a9ffbb7,c09a89116d2627a9258228958c739e1276fb29803a792567446775d5b709ee25,fixed_pair_side_already_at_shared_training_grid_target_unchanged,9,1.1
coronacases_004,coronacases_004,permanent_development,,component_fixed_50,images/coronacases_004.npz,annotations/coronacases_004__component_fixed_50.npz,abf64ec63194095592d7c7fc44f3fd65029cc027f79c7a2b766bb6b6ab27b90d,280329df6f24dcb115cacf395ded4f96f46c063e1ec52711130a69aee0fdac87,4cac16a12462f6867f35f1568dabdfca7c8b6ffdd788ec3b19ebe7101d491d79,280329df6f24dcb115cacf395ded4f96f46c063e1ec52711130a69aee0fdac87,component_fixed_50,4cac16a12462f6867f35f1568dabdfca7c8b6ffdd788ec3b19ebe7101d491d79,280329df6f24dcb115cacf395ded4f96f46c063e1ec52711130a69aee0fdac87,fixed_pair_side_already_at_shared_training_grid_target_unchanged,30,1.1
coronacases_004,coronacases_004,permanent_development,,component_fixed_75,images/coronacases_004.npz,annotations/coronacases_004__component_fixed_75.npz,abf64ec63194095592d7c7fc44f3fd65029cc027f79c7a2b766bb6b6ab27b90d,b8d7398a1fbc9d6b224caeb0015f81ea5c045864e5989e4b565a45acaa02dfc7,e7c024b4cc30a674e55a8f8b4a856402effd43d7d00e55002eaadf2bb908ef0b,b8d7398a1fbc9d6b224caeb0015f81ea5c045864e5989e4b565a45acaa02dfc7,component_fixed_75,e7c024b4cc30a674e55a8f8b4a856402effd43d7d00e55002eaadf2bb908ef0b,b8d7398a1fbc9d6b224caeb0015f81ea5c045864e5989e4b565a45acaa02dfc7,fixed_pair_side_already_at_shared_training_grid_target_unchanged,50,1.1
coronacases_004,coronacases_004,permanent_development,,component_natural_25,images/coronacases_004.npz,annotations/coronacases_004__component_natural_25.npz,abf64ec63194095592d7c7fc44f3fd65029cc027f79c7a2b766bb6b6ab27b90d,c09a89116d2627a9258228958c739e1276fb29803a792567446775d5b709ee25,2d972bd41e05e79649cefc67a2716ccc1fa069f4896766fd6186fd745a9ffbb7,c09a89116d2627a9258228958c739e1276fb29803a792567446775d5b709ee25,component_natural_25,2d972bd41e05e79649cefc67a2716ccc1fa069f4896766fd6186fd745a9ffbb7,c09a89116d2627a9258228958c739e1276fb29803a792567446775d5b709ee25,natural_component_omission_unchanged,9,1.1
coronacases_004,coronacases_004,permanent_development,,component_natural_50,images/coronacases_004.npz,annotations/coronacases_004__component_natural_50.npz,abf64ec63194095592d7c7fc44f3fd65029cc027f79c7a2b766bb6b6ab27b90d,280329df6f24dcb115cacf395ded4f96f46c063e1ec52711130a69aee0fdac87,4cac16a12462f6867f35f1568dabdfca7c8b6ffdd788ec3b19ebe7101d491d79,280329df6f24dcb115cacf395ded4f96f46c063e1ec52711130a69aee0fdac87,component_natural_50,4cac16a12462f6867f35f1568dabdfca7c8b6ffdd788ec3b19ebe7101d491d79,280329df6f24dcb115cacf395ded4f96f46c063e1ec52711130a69aee0fdac87,natural_component_omission_unchanged,30,1.1
coronacases_004,coronacases_004,permanent_development,,component_natural_75,images/coronacases_004.npz,annotations/coronacases_004__component_natural_75.npz,abf64ec63194095592d7c7fc44f3fd65029cc027f79c7a2b766bb6b6ab27b90d,b909ec1851c0a4f9b66a5ab135059d73a76c558120f563a817d7a9d96c583494,a78d889863d2496ebfbdd0f2f17ac56350152a2430ecd711a8b750b7e0d68f56,b909ec1851c0a4f9b66a5ab135059d73a76c558120f563a817d7a9d96c583494,component_natural_75,a78d889863d2496ebfbdd0f2f17ac56350152a2430ecd711a8b750b7e0d68f56,b909ec1851c0a4f9b66a5ab135059d73a76c558120f563a817d7a9d96c583494,natural_component_omission_unchanged,45,1.1
coronacases_004,coronacases_004,permanent_development,,pixel_dropout_matched_25,images/coronacases_004.npz,annotations/coronacases_004__pixel_dropout_matched_25.npz,abf64ec63194095592d7c7fc44f3fd65029cc027f79c7a2b766bb6b6ab27b90d,b22ce66865dd1633008d89ca0293cb126d807d6b2980cc553972bc61129efa59,561f33cf0b11ff6958d68a3e8a2cfc1f5af8bf53e4b0655b0af67af164ce92c1,542c07fb8eb3b2a1922cd819e43e444e79a6908df1dabc9488b59ba613960b90,complete,b931e58b7d6402b2244769de5e0a94701c3538b2c19fa4c89a8b74a8a38485f4,7ae6e8a9f7d32ce83c45a4c7a022ccf14b62e9766aaca0e16c7f1f2423143c90,post_transfer_unique_voxel_pixel_equalization,9,1.1
coronacases_004,coronacases_004,permanent_development,,pixel_dropout_matched_50,images/coronacases_004.npz,annotations/coronacases_004__pixel_dropout_matched_50.npz,abf64ec63194095592d7c7fc44f3fd65029cc027f79c7a2b766bb6b6ab27b90d,eb2c36892351f90fb9cc71a68dafffd655479b633c01648e39a88be037e96638,b50c68cfd3b0409597a8851cbeb2b577adab737e3af13e3b64856377c4c52081,de407ddbe3c9f4ffdb9c3e5a2774d3ac6c35fbd260b9c131037fdcf71c9daf97,complete,b931e58b7d6402b2244769de5e0a94701c3538b2c19fa4c89a8b74a8a38485f4,7ae6e8a9f7d32ce83c45a4c7a022ccf14b62e9766aaca0e16c7f1f2423143c90,post_transfer_unique_voxel_pixel_equalization,30,1.1
coronacases_004,coronacases_004,permanent_development,,pixel_dropout_matched_75,images/coronacases_004.npz,annotations/coronacases_004__pixel_dropout_matched_75.npz,abf64ec63194095592d7c7fc44f3fd65029cc027f79c7a2b766bb6b6ab27b90d,9b127705d8b9fa7588653ec5da7a948e6e929181f1ac83d7969c9e88b48d1164,16a1a4147541af929c81c29a289ce53d3352e8735a06e014ed87dc37c9dfa3e7,1e846863c7970af59450c5c491f722f1065f564c940d93b5239fb97387c7490c,complete,b931e58b7d6402b2244769de5e0a94701c3538b2c19fa4c89a8b74a8a38485f4,7ae6e8a9f7d32ce83c45a4c7a022ccf14b62e9766aaca0e16c7f1f2423143c90,post_transfer_unique_voxel_pixel_equalization,45,1.1
coronacases_005,coronacases_005,final_outer_cv,0.0,complete,images/coronacases_005.npz,annotations/coronacases_005__complete.npz,6329ee95f96bd4f3e324afe1a5e13b341277c729c2594347444f867c25335f46,88a3add93ce8c17c4df1981d9727e13f50aafc336384a347badb3d0367151e18,a74f648b504ca54c360ce593a4e63643335700926b6c0649c25eab10d46134d8,88a3add93ce8c17c4df1981d9727e13f50aafc336384a347badb3d0367151e18,complete,a74f648b504ca54c360ce593a4e63643335700926b6c0649c25eab10d46134d8,88a3add93ce8c17c4df1981d9727e13f50aafc336384a347badb3d0367151e18,unchanged_from_v1_0,20,1.1
coronacases_005,coronacases_005,final_outer_cv,0.0,complete_fixed_25,images/coronacases_005.npz,annotations/coronacases_005__complete_fixed_25.npz,6329ee95f96bd4f3e324afe1a5e13b341277c729c2594347444f867c25335f46,bc1f8876b21fbc92613071684480ba356fe28ce10f956999c10367b0939d25af,e03b3c7539a12020788dde82a7db58aae1971c210c518fce0fa1735dec5b8cf5,bc1f8876b21fbc92613071684480ba356fe28ce10f956999c10367b0939d25af,complete_fixed_25,e03b3c7539a12020788dde82a7db58aae1971c210c518fce0fa1735dec5b8cf5,bc1f8876b21fbc92613071684480ba356fe28ce10f956999c10367b0939d25af,fixed_pair_side_already_at_shared_training_grid_target_unchanged,3,1.1
coronacases_005,coronacases_005,final_outer_cv,0.0,complete_fixed_50,images/coronacases_005.npz,annotations/coronacases_005__complete_fixed_50.npz,6329ee95f96bd4f3e324afe1a5e13b341277c729c2594347444f867c25335f46,b30da8425fd91a3e29128dc88e8f93760e2c89dddae7eae0214d474ab6f60221,a96b2f0e9f91e6c17ea2f6ed1f2ff11774794a30bcd906a7cb6ca6077883e56e,b30da8425fd91a3e29128dc88e8f93760e2c89dddae7eae0214d474ab6f60221,complete_fixed_50,a96b2f0e9f91e6c17ea2f6ed1f2ff11774794a30bcd906a7cb6ca6077883e56e,b30da8425fd91a3e29128dc88e8f93760e2c89dddae7eae0214d474ab6f60221,fixed_pair_side_already_at_shared_training_grid_target_unchanged,7,1.1
coronacases_005,coronacases_005,final_outer_cv,0.0,complete_fixed_75,images/coronacases_005.npz,annotations/coronacases_005__complete_fixed_75.npz,6329ee95f96bd4f3e324afe1a5e13b341277c729c2594347444f867c25335f46,83962e7e388d0735033f1d470e48474a8f259702814831bd5e0cec7fe52f42ae,a74f648b504ca54c360ce593a4e63643335700926b6c0649c25eab10d46134d8,88a3add93ce8c17c4df1981d9727e13f50aafc336384a347badb3d0367151e18,complete_fixed_75,a74f648b504ca54c360ce593a4e63643335700926b6c0649c25eab10d46134d8,88a3add93ce8c17c4df1981d9727e13f50aafc336384a347badb3d0367151e18,post_transfer_fixed_pair_unique_voxel_thinning,19,1.1
coronacases_005,coronacases_005,final_outer_cv,0.0,component_fixed_25,images/coronacases_005.npz,annotations/coronacases_005__component_fixed_25.npz,6329ee95f96bd4f3e324afe1a5e13b341277c729c2594347444f867c25335f46,d01c5c8858bbecae1a2beb2f74925b6a449022c435619dfdc47215687b8c2573,2ddd41ac9ba7375d6284be8d0edf41f7f8f8387e4cc49b7a2ae6b93de0ad454b,d01c5c8858bbecae1a2beb2f74925b6a449022c435619dfdc47215687b8c2573,component_fixed_25,2ddd41ac9ba7375d6284be8d0edf41f7f8f8387e4cc49b7a2ae6b93de0ad454b,d01c5c8858bbecae1a2beb2f74925b6a449022c435619dfdc47215687b8c2573,fixed_pair_side_already_at_shared_training_grid_target_unchanged,3,1.1
coronacases_005,coronacases_005,final_outer_cv,0.0,component_fixed_50,images/coronacases_005.npz,annotations/coronacases_005__component_fixed_50.npz,6329ee95f96bd4f3e324afe1a5e13b341277c729c2594347444f867c25335f46,0f2fa86100175d9129da1a4a5494af2516c4c6c0583116b66a58df084c1d950c,bc99dff604915f31cb502040a5908491dceb697e6388c2b0a9e7adaaf34b4806,6a5fc521ec7db88d2a7d0f67daba30d57429b7a7f4900283154bc771201698ce,component_fixed_50,bc99dff604915f31cb502040a5908491dceb697e6388c2b0a9e7adaaf34b4806,6a5fc521ec7db88d2a7d0f67daba30d57429b7a7f4900283154bc771201698ce,post_transfer_fixed_pair_unique_voxel_thinning,7,1.1
coronacases_005,coronacases_005,final_outer_cv,0.0,component_fixed_75,images/coronacases_005.npz,annotations/coronacases_005__component_fixed_75.npz,6329ee95f96bd4f3e324afe1a5e13b341277c729c2594347444f867c25335f46,dc13982a4f496d8d4958b25c403b1e263103a3fb80a9693bf77426b4e64c74a6,b6d42115608fb0bc4b9896b07c8423eafd678d801bc30875aedf518884f1d830,dc13982a4f496d8d4958b25c403b1e263103a3fb80a9693bf77426b4e64c74a6,component_fixed_75,b6d42115608fb0bc4b9896b07c8423eafd678d801bc30875aedf518884f1d830,dc13982a4f496d8d4958b25c403b1e263103a3fb80a9693bf77426b4e64c74a6,fixed_pair_side_already_at_shared_training_grid_target_unchanged,19,1.1
coronacases_005,coronacases_005,final_outer_cv,0.0,component_natural_25,images/coronacases_005.npz,annotations/coronacases_005__component_natural_25.npz,6329ee95f96bd4f3e324afe1a5e13b341277c729c2594347444f867c25335f46,d01c5c8858bbecae1a2beb2f74925b6a449022c435619dfdc47215687b8c2573,2ddd41ac9ba7375d6284be8d0edf41f7f8f8387e4cc49b7a2ae6b93de0ad454b,d01c5c8858bbecae1a2beb2f74925b6a449022c435619dfdc47215687b8c2573,component_natural_25,2ddd41ac9ba7375d6284be8d0edf41f7f8f8387e4cc49b7a2ae6b93de0ad454b,d01c5c8858bbecae1a2beb2f74925b6a449022c435619dfdc47215687b8c2573,natural_component_omission_unchanged,3,1.1
coronacases_005,coronacases_005,final_outer_cv,0.0,component_natural_50,images/coronacases_005.npz,annotations/coronacases_005__component_natural_50.npz,6329ee95f96bd4f3e324afe1a5e13b341277c729c2594347444f867c25335f46,6a5fc521ec7db88d2a7d0f67daba30d57429b7a7f4900283154bc771201698ce,bc99dff604915f31cb502040a5908491dceb697e6388c2b0a9e7adaaf34b4806,6a5fc521ec7db88d2a7d0f67daba30d57429b7a7f4900283154bc771201698ce,component_natural_50,bc99dff604915f31cb502040a5908491dceb697e6388c2b0a9e7adaaf34b4806,6a5fc521ec7db88d2a7d0f67daba30d57429b7a7f4900283154bc771201698ce,natural_component_omission_unchanged,9,1.1
coronacases_005,coronacases_005,final_outer_cv,0.0,component_natural_75,images/coronacases_005.npz,annotations/coronacases_005__component_natural_75.npz,6329ee95f96bd4f3e324afe1a5e13b341277c729c2594347444f867c25335f46,88a3add93ce8c17c4df1981d9727e13f50aafc336384a347badb3d0367151e18,a74f648b504ca54c360ce593a4e63643335700926b6c0649c25eab10d46134d8,88a3add93ce8c17c4df1981d9727e13f50aafc336384a347badb3d0367151e18,component_natural_75,a74f648b504ca54c360ce593a4e63643335700926b6c0649c25eab10d46134d8,88a3add93ce8c17c4df1981d9727e13f50aafc336384a347badb3d0367151e18,natural_component_omission_unchanged,20,1.1
coronacases_005,coronacases_005,final_outer_cv,0.0,pixel_dropout_matched_25,images/coronacases_005.npz,annotations/coronacases_005__pixel_dropout_matched_25.npz,6329ee95f96bd4f3e324afe1a5e13b341277c729c2594347444f867c25335f46,3c6f39d50a209cd289ab63de920661e5dbb011bfc3d82f40ce5e9befb5b42b7b,e02eef66a25d971417941fc81d98dfa071be5517822de6e0a1b893ad72b7ed4b,80318517955a605901b2450d2cc13209dca6130998da43b968b2a106bcd65579,complete,a74f648b504ca54c360ce593a4e63643335700926b6c0649c25eab10d46134d8,88a3add93ce8c17c4df1981d9727e13f50aafc336384a347badb3d0367151e18,post_transfer_unique_voxel_pixel_equalization,3,1.1
coronacases_005,coronacases_005,final_outer_cv,0.0,pixel_dropout_matched_50,images/coronacases_005.npz,annotations/coronacases_005__pixel_dropout_matched_50.npz,6329ee95f96bd4f3e324afe1a5e13b341277c729c2594347444f867c25335f46,434c5976b319218f4298b278e76b4e86eed8fba472f8b2e18a93580d14a54883,8114b651a09bb1744a6e70a030a9fbfb6d0b3d2a855d076496f363cbd76d3ed7,8fe043a4f4d855ce8b4ae6580d8128e035b5d7be31a03b4507e218966a51e2f3,complete,a74f648b504ca54c360ce593a4e63643335700926b6c0649c25eab10d46134d8,88a3add93ce8c17c4df1981d9727e13f50aafc336384a347badb3d0367151e18,post_transfer_unique_voxel_pixel_equalization,9,1.1
coronacases_005,coronacases_005,final_outer_cv,0.0,pixel_dropout_matched_75,images/coronacases_005.npz,annotations/coronacases_005__pixel_dropout_matched_75.npz,6329ee95f96bd4f3e324afe1a5e13b341277c729c2594347444f867c25335f46,88a3add93ce8c17c4df1981d9727e13f50aafc336384a347badb3d0367151e18,877a2580e42bfe3086b2f7a09811ca531af497846227dd53139c8ecff25cbef6,88a3add93ce8c17c4df1981d9727e13f50aafc336384a347badb3d0367151e18,pixel_dropout_matched_75,877a2580e42bfe3086b2f7a09811ca531af497846227dd53139c8ecff25cbef6,88a3add93ce8c17c4df1981d9727e13f50aafc336384a347badb3d0367151e18,already_exact_after_transfer_unchanged,20,1.1
coronacases_006,coronacases_006,final_outer_cv,2.0,complete,images/coronacases_006.npz,annotations/coronacases_006__complete.npz,1aa92f58a7bdaa1eb1652bff840d0c9d6859110e41ac6673ea39ae2713ba81e8,6f4aa5de9b60d8b8db0247e2c8ed7e164bda3061f237c8005fb919b134cea2ed,212ef1b093b6c2175432e65685549ea535c73a91094aa404af277f2eaae7f055,6f4aa5de9b60d8b8db0247e2c8ed7e164bda3061f237c8005fb919b134cea2ed,complete,212ef1b093b6c2175432e65685549ea535c73a91094aa404af277f2eaae7f055,6f4aa5de9b60d8b8db0247e2c8ed7e164bda3061f237c8005fb919b134cea2ed,unchanged_from_v1_0,30,1.1
coronacases_006,coronacases_006,final_outer_cv,2.0,complete_fixed_25,images/coronacases_006.npz,annotations/coronacases_006__complete_fixed_25.npz,1aa92f58a7bdaa1eb1652bff840d0c9d6859110e41ac6673ea39ae2713ba81e8,98b309ec20803a7d6fe3be9094b771f375a4fa8817423427dad0aea70735803d,212ef1b093b6c2175432e65685549ea535c73a91094aa404af277f2eaae7f055,6f4aa5de9b60d8b8db0247e2c8ed7e164bda3061f237c8005fb919b134cea2ed,complete_fixed_25,212ef1b093b6c2175432e65685549ea535c73a91094aa404af277f2eaae7f055,6f4aa5de9b60d8b8db0247e2c8ed7e164bda3061f237c8005fb919b134cea2ed,post_transfer_fixed_pair_unique_voxel_thinning,28,1.1
coronacases_006,coronacases_006,final_outer_cv,2.0,complete_fixed_50,images/coronacases_006.npz,annotations/coronacases_006__complete_fixed_50.npz,1aa92f58a7bdaa1eb1652bff840d0c9d6859110e41ac6673ea39ae2713ba81e8,6f4aa5de9b60d8b8db0247e2c8ed7e164bda3061f237c8005fb919b134cea2ed,212ef1b093b6c2175432e65685549ea535c73a91094aa404af277f2eaae7f055,6f4aa5de9b60d8b8db0247e2c8ed7e164bda3061f237c8005fb919b134cea2ed,complete_fixed_50,212ef1b093b6c2175432e65685549ea535c73a91094aa404af277f2eaae7f055,6f4aa5de9b60d8b8db0247e2c8ed7e164bda3061f237c8005fb919b134cea2ed,fixed_pair_side_already_at_shared_training_grid_target_unchanged,30,1.1
coronacases_006,coronacases_006,final_outer_cv,2.0,complete_fixed_75,images/coronacases_006.npz,annotations/coronacases_006__complete_fixed_75.npz,1aa92f58a7bdaa1eb1652bff840d0c9d6859110e41ac6673ea39ae2713ba81e8,6f4aa5de9b60d8b8db0247e2c8ed7e164bda3061f237c8005fb919b134cea2ed,212ef1b093b6c2175432e65685549ea535c73a91094aa404af277f2eaae7f055,6f4aa5de9b60d8b8db0247e2c8ed7e164bda3061f237c8005fb919b134cea2ed,complete_fixed_75,212ef1b093b6c2175432e65685549ea535c73a91094aa404af277f2eaae7f055,6f4aa5de9b60d8b8db0247e2c8ed7e164bda3061f237c8005fb919b134cea2ed,fixed_pair_side_already_at_shared_training_grid_target_unchanged,30,1.1
coronacases_006,coronacases_006,final_outer_cv,2.0,component_fixed_25,images/coronacases_006.npz,annotations/coronacases_006__component_fixed_25.npz,1aa92f58a7bdaa1eb1652bff840d0c9d6859110e41ac6673ea39ae2713ba81e8,41dbf7e52402245939d704618602a4900e71dacfc7b25b93f174c3bd104a386b,b5901cceff612ae6ef6b466020374b41d6d3ccb4127320fd2f493375f863d16c,41dbf7e52402245939d704618602a4900e71dacfc7b25b93f174c3bd104a386b,component_fixed_25,b5901cceff612ae6ef6b466020374b41d6d3ccb4127320fd2f493375f863d16c,41dbf7e52402245939d704618602a4900e71dacfc7b25b93f174c3bd104a386b,fixed_pair_side_already_at_shared_training_grid_target_unchanged,28,1.1
coronacases_006,coronacases_006,final_outer_cv,2.0,component_fixed_50,images/coronacases_006.npz,annotations/coronacases_006__component_fixed_50.npz,1aa92f58a7bdaa1eb1652bff840d0c9d6859110e41ac6673ea39ae2713ba81e8,2dd0b99b9ff62eff08ae6ba71aca8290de25e8c32f10f76300130fe6131a2991,5e9023356e54f3c25659313d03c7ebcfb0961aff9bbb090b6cfb597b80321006,bf58844e4de86bf761e759e692a9354dbb0cbd25c9e30b2e81dae4ed808d7e3e,component_fixed_50,5e9023356e54f3c25659313d03c7ebcfb0961aff9bbb090b6cfb597b80321006,bf58844e4de86bf761e759e692a9354dbb0cbd25c9e30b2e81dae4ed808d7e3e,post_transfer_fixed_pair_unique_voxel_thinning,30,1.1
coronacases_006,coronacases_006,final_outer_cv,2.0,component_fixed_75,images/coronacases_006.npz,annotations/coronacases_006__component_fixed_75.npz,1aa92f58a7bdaa1eb1652bff840d0c9d6859110e41ac6673ea39ae2713ba81e8,47ca80e7b289700b5cafab61a64fd99d0927354e478d9fca1f7b3327d5ea7016,d0f24461030612932970c61313b5804523e9b200871db747e26134b802dbccd1,56a39870b17e117501ea82f793027cd6371afd4504bf6a549ae041125bf0740c,component_fixed_75,d0f24461030612932970c61313b5804523e9b200871db747e26134b802dbccd1,56a39870b17e117501ea82f793027cd6371afd4504bf6a549ae041125bf0740c,post_transfer_fixed_pair_unique_voxel_thinning,30,1.1
coronacases_006,coronacases_006,final_outer_cv,2.0,component_natural_25,images/coronacases_006.npz,annotations/coronacases_006__component_natural_25.npz,1aa92f58a7bdaa1eb1652bff840d0c9d6859110e41ac6673ea39ae2713ba81e8,52716faaf50cfd279da46b90a261065108428cf693979e249dcb6fa51350166a,6bd0d8c3b41e16c417d97ed2c9f079643ecc5d3f81ff020e6abfa7412ee3cb3e,52716faaf50cfd279da46b90a261065108428cf693979e249dcb6fa51350166a,component_natural_25,6bd0d8c3b41e16c417d97ed2c9f079643ecc5d3f81ff020e6abfa7412ee3cb3e,52716faaf50cfd279da46b90a261065108428cf693979e249dcb6fa51350166a,natural_component_omission_unchanged,14,1.1
coronacases_006,coronacases_006,final_outer_cv,2.0,component_natural_50,images/coronacases_006.npz,annotations/coronacases_006__component_natural_50.npz,1aa92f58a7bdaa1eb1652bff840d0c9d6859110e41ac6673ea39ae2713ba81e8,52716faaf50cfd279da46b90a261065108428cf693979e249dcb6fa51350166a,6bd0d8c3b41e16c417d97ed2c9f079643ecc5d3f81ff020e6abfa7412ee3cb3e,52716faaf50cfd279da46b90a261065108428cf693979e249dcb6fa51350166a,component_natural_50,6bd0d8c3b41e16c417d97ed2c9f079643ecc5d3f81ff020e6abfa7412ee3cb3e,52716faaf50cfd279da46b90a261065108428cf693979e249dcb6fa51350166a,natural_component_omission_unchanged,14,1.1
coronacases_006,coronacases_006,final_outer_cv,2.0,component_natural_75,images/coronacases_006.npz,annotations/coronacases_006__component_natural_75.npz,1aa92f58a7bdaa1eb1652bff840d0c9d6859110e41ac6673ea39ae2713ba81e8,6f4aa5de9b60d8b8db0247e2c8ed7e164bda3061f237c8005fb919b134cea2ed,212ef1b093b6c2175432e65685549ea535c73a91094aa404af277f2eaae7f055,6f4aa5de9b60d8b8db0247e2c8ed7e164bda3061f237c8005fb919b134cea2ed,component_natural_75,212ef1b093b6c2175432e65685549ea535c73a91094aa404af277f2eaae7f055,6f4aa5de9b60d8b8db0247e2c8ed7e164bda3061f237c8005fb919b134cea2ed,natural_component_omission_unchanged,30,1.1
coronacases_006,coronacases_006,final_outer_cv,2.0,pixel_dropout_matched_25,images/coronacases_006.npz,annotations/coronacases_006__pixel_dropout_matched_25.npz,1aa92f58a7bdaa1eb1652bff840d0c9d6859110e41ac6673ea39ae2713ba81e8,c9f68c16e46158ae70a7393a6cd601f670d0720354bf0be45e0db47454f21434,bd5d9ada0cf442182fbbe3b8f23ac5b69b20695d1a5cee33688fd872ff2dfabc,d229bc9e3b95257197fc156a969010182f5162565938fe30370d418c19cebe7f,complete,212ef1b093b6c2175432e65685549ea535c73a91094aa404af277f2eaae7f055,6f4aa5de9b60d8b8db0247e2c8ed7e164bda3061f237c8005fb919b134cea2ed,post_transfer_unique_voxel_pixel_equalization,14,1.1
coronacases_006,coronacases_006,final_outer_cv,2.0,pixel_dropout_matched_50,images/coronacases_006.npz,annotations/coronacases_006__pixel_dropout_matched_50.npz,1aa92f58a7bdaa1eb1652bff840d0c9d6859110e41ac6673ea39ae2713ba81e8,d9d96aa274474780e2dbc92823a204262c37cd8cf28dae13e06f26c9add3874c,e8a353d30a8c76f0cfc0af583b6b2faea769c77039472715510ed463686453b6,4a20ca0be92204c6666d079a1b6f0060442e7d516553f010357c328e336e5f1c,complete,212ef1b093b6c2175432e65685549ea535c73a91094aa404af277f2eaae7f055,6f4aa5de9b60d8b8db0247e2c8ed7e164bda3061f237c8005fb919b134cea2ed,post_transfer_unique_voxel_pixel_equalization,14,1.1
coronacases_006,coronacases_006,final_outer_cv,2.0,pixel_dropout_matched_75,images/coronacases_006.npz,annotations/coronacases_006__pixel_dropout_matched_75.npz,1aa92f58a7bdaa1eb1652bff840d0c9d6859110e41ac6673ea39ae2713ba81e8,6f4aa5de9b60d8b8db0247e2c8ed7e164bda3061f237c8005fb919b134cea2ed,f32cf88433aa44b6ad69ecb8f0f484a40b145888af1ab915c38ad119e4b0e2ba,6f4aa5de9b60d8b8db0247e2c8ed7e164bda3061f237c8005fb919b134cea2ed,pixel_dropout_matched_75,f32cf88433aa44b6ad69ecb8f0f484a40b145888af1ab915c38ad119e4b0e2ba,6f4aa5de9b60d8b8db0247e2c8ed7e164bda3061f237c8005fb919b134cea2ed,already_exact_after_transfer_unchanged,30,1.1
coronacases_007,coronacases_007,final_outer_cv,2.0,complete,images/coronacases_007.npz,annotations/coronacases_007__complete.npz,17ee5a1c25e2e58be20db9cebb3ee13b2cff4a86da510e93383d4a031fca4f19,4e58b229184c3e0e443df49d8d9e19b7acab5333897774afb0d302e0719f0e7c,d82598972c4a2ab79d690f6eeba790a9dd3d486face95cb545e66be097aafc6c,4e58b229184c3e0e443df49d8d9e19b7acab5333897774afb0d302e0719f0e7c,complete,d82598972c4a2ab79d690f6eeba790a9dd3d486face95cb545e66be097aafc6c,4e58b229184c3e0e443df49d8d9e19b7acab5333897774afb0d302e0719f0e7c,unchanged_from_v1_0,72,1.1
coronacases_007,coronacases_007,final_outer_cv,2.0,complete_fixed_25,images/coronacases_007.npz,annotations/coronacases_007__complete_fixed_25.npz,17ee5a1c25e2e58be20db9cebb3ee13b2cff4a86da510e93383d4a031fca4f19,4e58b229184c3e0e443df49d8d9e19b7acab5333897774afb0d302e0719f0e7c,d82598972c4a2ab79d690f6eeba790a9dd3d486face95cb545e66be097aafc6c,4e58b229184c3e0e443df49d8d9e19b7acab5333897774afb0d302e0719f0e7c,complete_fixed_25,d82598972c4a2ab79d690f6eeba790a9dd3d486face95cb545e66be097aafc6c,4e58b229184c3e0e443df49d8d9e19b7acab5333897774afb0d302e0719f0e7c,fixed_pair_side_already_at_shared_training_grid_target_unchanged,72,1.1
coronacases_007,coronacases_007,final_outer_cv,2.0,complete_fixed_50,images/coronacases_007.npz,annotations/coronacases_007__complete_fixed_50.npz,17ee5a1c25e2e58be20db9cebb3ee13b2cff4a86da510e93383d4a031fca4f19,4e58b229184c3e0e443df49d8d9e19b7acab5333897774afb0d302e0719f0e7c,d82598972c4a2ab79d690f6eeba790a9dd3d486face95cb545e66be097aafc6c,4e58b229184c3e0e443df49d8d9e19b7acab5333897774afb0d302e0719f0e7c,complete_fixed_50,d82598972c4a2ab79d690f6eeba790a9dd3d486face95cb545e66be097aafc6c,4e58b229184c3e0e443df49d8d9e19b7acab5333897774afb0d302e0719f0e7c,fixed_pair_side_already_at_shared_training_grid_target_unchanged,72,1.1
coronacases_007,coronacases_007,final_outer_cv,2.0,complete_fixed_75,images/coronacases_007.npz,annotations/coronacases_007__complete_fixed_75.npz,17ee5a1c25e2e58be20db9cebb3ee13b2cff4a86da510e93383d4a031fca4f19,4e58b229184c3e0e443df49d8d9e19b7acab5333897774afb0d302e0719f0e7c,d82598972c4a2ab79d690f6eeba790a9dd3d486face95cb545e66be097aafc6c,4e58b229184c3e0e443df49d8d9e19b7acab5333897774afb0d302e0719f0e7c,complete_fixed_75,d82598972c4a2ab79d690f6eeba790a9dd3d486face95cb545e66be097aafc6c,4e58b229184c3e0e443df49d8d9e19b7acab5333897774afb0d302e0719f0e7c,fixed_pair_side_already_at_shared_training_grid_target_unchanged,72,1.1
coronacases_007,coronacases_007,final_outer_cv,2.0,component_fixed_25,images/coronacases_007.npz,annotations/coronacases_007__component_fixed_25.npz,17ee5a1c25e2e58be20db9cebb3ee13b2cff4a86da510e93383d4a031fca4f19,e93a7af1ac006281ae4b0da60664d6c2868a8e486676addc3b638362f08d19fa,1cbb32327129c4aa2366af0271eadd419f33a99e517dddb171d6ab229e70c452,841d143281e03c9b48e1e17516acfc3e20b55afff615b23c33e0308e20d0ff84,component_fixed_25,1cbb32327129c4aa2366af0271eadd419f33a99e517dddb171d6ab229e70c452,841d143281e03c9b48e1e17516acfc3e20b55afff615b23c33e0308e20d0ff84,post_transfer_fixed_pair_unique_voxel_thinning,72,1.1
coronacases_007,coronacases_007,final_outer_cv,2.0,component_fixed_50,images/coronacases_007.npz,annotations/coronacases_007__component_fixed_50.npz,17ee5a1c25e2e58be20db9cebb3ee13b2cff4a86da510e93383d4a031fca4f19,49e069131673ffc9a12d7f8ee48425b4342330bfd60260f7a9dc6fa86f1495bc,356d3422ee13421e9b06f35f8c319c30c2fbc97adfce418c21621b9205da2a19,74308cf90a562fb81608547f45053142ce27a1576f2ac71b2d15cbd83e48bf3b,component_fixed_50,356d3422ee13421e9b06f35f8c319c30c2fbc97adfce418c21621b9205da2a19,74308cf90a562fb81608547f45053142ce27a1576f2ac71b2d15cbd83e48bf3b,post_transfer_fixed_pair_unique_voxel_thinning,72,1.1
coronacases_007,coronacases_007,final_outer_cv,2.0,component_fixed_75,images/coronacases_007.npz,annotations/coronacases_007__component_fixed_75.npz,17ee5a1c25e2e58be20db9cebb3ee13b2cff4a86da510e93383d4a031fca4f19,51a95ed0d5ecec632f7259b495c1b13ef9eab7d616bd70da6813e907d35fafda,744fcdc7158c8c13e58016639adaabbb0b6774f731416867835cbfa0fe9edce8,a96eb7e1df29498bd204eda896668dc423f7accafd0ca1973eafc9978bee075c,component_fixed_75,744fcdc7158c8c13e58016639adaabbb0b6774f731416867835cbfa0fe9edce8,a96eb7e1df29498bd204eda896668dc423f7accafd0ca1973eafc9978bee075c,post_transfer_fixed_pair_unique_voxel_thinning,72,1.1
coronacases_007,coronacases_007,final_outer_cv,2.0,component_natural_25,images/coronacases_007.npz,annotations/coronacases_007__component_natural_25.npz,17ee5a1c25e2e58be20db9cebb3ee13b2cff4a86da510e93383d4a031fca4f19,52323fea58efae4a9d8ace4e18aae7cf74018c8101fe79546546f7b623aa682e,84b6631790ee6d4fd6e94dd747e29ddfd4e6843851e83244d9fe54c2ef9a29b6,52323fea58efae4a9d8ace4e18aae7cf74018c8101fe79546546f7b623aa682e,component_natural_25,84b6631790ee6d4fd6e94dd747e29ddfd4e6843851e83244d9fe54c2ef9a29b6,52323fea58efae4a9d8ace4e18aae7cf74018c8101fe79546546f7b623aa682e,natural_component_omission_unchanged,28,1.1
coronacases_007,coronacases_007,final_outer_cv,2.0,component_natural_50,images/coronacases_007.npz,annotations/coronacases_007__component_natural_50.npz,17ee5a1c25e2e58be20db9cebb3ee13b2cff4a86da510e93383d4a031fca4f19,87d35668b267c74d14ff66b4d3c7d654026a4f021ad709fdb50056e15cb472b7,a4e93f703435151151f23536c5e004ecc2fb424a093c3ce2f33b3d586742b417,87d35668b267c74d14ff66b4d3c7d654026a4f021ad709fdb50056e15cb472b7,component_natural_50,a4e93f703435151151f23536c5e004ecc2fb424a093c3ce2f33b3d586742b417,87d35668b267c74d14ff66b4d3c7d654026a4f021ad709fdb50056e15cb472b7,natural_component_omission_unchanged,44,1.1
coronacases_007,coronacases_007,final_outer_cv,2.0,component_natural_75,images/coronacases_007.npz,annotations/coronacases_007__component_natural_75.npz,17ee5a1c25e2e58be20db9cebb3ee13b2cff4a86da510e93383d4a031fca4f19,ca4d29bd6f11b93d37da2efc03e4ca851ffd799d42537da727de391b5d78b079,a5591244395b2fabf831401ae221eb6b8d83386b73790f73ffb0adbfc989d6f7,ca4d29bd6f11b93d37da2efc03e4ca851ffd799d42537da727de391b5d78b079,component_natural_75,a5591244395b2fabf831401ae221eb6b8d83386b73790f73ffb0adbfc989d6f7,ca4d29bd6f11b93d37da2efc03e4ca851ffd799d42537da727de391b5d78b079,natural_component_omission_unchanged,54,1.1
coronacases_007,coronacases_007,final_outer_cv,2.0,pixel_dropout_matched_25,images/coronacases_007.npz,annotations/coronacases_007__pixel_dropout_matched_25.npz,17ee5a1c25e2e58be20db9cebb3ee13b2cff4a86da510e93383d4a031fca4f19,65d50a530defd6639493ff0f778a79f2c9b472795b2894bf4093b06628bc0ad9,705dce604e402346926eb25c84bc5aae19955dab16367258d470bbf382d0f690,44b4d744b168b512fb873a36697a3109ab5d71cd5b6d2f22cdab0aae1c276a69,complete,d82598972c4a2ab79d690f6eeba790a9dd3d486face95cb545e66be097aafc6c,4e58b229184c3e0e443df49d8d9e19b7acab5333897774afb0d302e0719f0e7c,post_transfer_unique_voxel_pixel_equalization,28,1.1
coronacases_007,coronacases_007,final_outer_cv,2.0,pixel_dropout_matched_50,images/coronacases_007.npz,annotations/coronacases_007__pixel_dropout_matched_50.npz,17ee5a1c25e2e58be20db9cebb3ee13b2cff4a86da510e93383d4a031fca4f19,8a0d0e200c072a75c46dbd217a1c4774e98f8f879229372dadd3bb7160cf949a,9a8980d18c5eee0d2b4c122c20eef0e3e5e5692c3dd57c6f921ea188094c1f3c,b88fc72dd13f8d5b579d11bfd0761d728134c6f294c6f4d2d069967b6f2c2397,complete,d82598972c4a2ab79d690f6eeba790a9dd3d486face95cb545e66be097aafc6c,4e58b229184c3e0e443df49d8d9e19b7acab5333897774afb0d302e0719f0e7c,post_transfer_unique_voxel_pixel_equalization,44,1.1
coronacases_007,coronacases_007,final_outer_cv,2.0,pixel_dropout_matched_75,images/coronacases_007.npz,annotations/coronacases_007__pixel_dropout_matched_75.npz,17ee5a1c25e2e58be20db9cebb3ee13b2cff4a86da510e93383d4a031fca4f19,dcf4036d785e1b50948459701f85f8a4064f48e546ffcd56b9476def813993a1,478a93ce60eb164c7c8e7c8d1678a113d2c005640d6f5aebfb0d9c64652dacc2,f80907033d64a4f484c8d08243af0685643729ab9d20c88f84a6df07ae4fb58c,complete,d82598972c4a2ab79d690f6eeba790a9dd3d486face95cb545e66be097aafc6c,4e58b229184c3e0e443df49d8d9e19b7acab5333897774afb0d302e0719f0e7c,post_transfer_unique_voxel_pixel_equalization,54,1.1
coronacases_008,coronacases_008,permanent_development,,complete,images/coronacases_008.npz,annotations/coronacases_008__complete.npz,edda0bfbc883d6475b2e240b0a949302cacb3cc5108d0a36893952a6b3069b7f,a2fa92f30ac36d4c7efc63c32083701744f0c91fbbd75e1c8cb1d06dc7a46247,529451824fa688a766a8c5126d58d11ff104ae37d8d9d7a923e7e432b5dbba83,a2fa92f30ac36d4c7efc63c32083701744f0c91fbbd75e1c8cb1d06dc7a46247,complete,529451824fa688a766a8c5126d58d11ff104ae37d8d9d7a923e7e432b5dbba83,a2fa92f30ac36d4c7efc63c32083701744f0c91fbbd75e1c8cb1d06dc7a46247,unchanged_from_v1_0,245,1.1
coronacases_008,coronacases_008,permanent_development,,complete_fixed_25,images/coronacases_008.npz,annotations/coronacases_008__complete_fixed_25.npz,edda0bfbc883d6475b2e240b0a949302cacb3cc5108d0a36893952a6b3069b7f,e7531954568e733bebc2ae0bd566416dbf443c1e8b625a9037425a539ad3bfcc,529451824fa688a766a8c5126d58d11ff104ae37d8d9d7a923e7e432b5dbba83,a2fa92f30ac36d4c7efc63c32083701744f0c91fbbd75e1c8cb1d06dc7a46247,complete_fixed_25,529451824fa688a766a8c5126d58d11ff104ae37d8d9d7a923e7e432b5dbba83,a2fa92f30ac36d4c7efc63c32083701744f0c91fbbd75e1c8cb1d06dc7a46247,post_transfer_fixed_pair_unique_voxel_thinning,244,1.1
coronacases_008,coronacases_008,permanent_development,,complete_fixed_50,images/coronacases_008.npz,annotations/coronacases_008__complete_fixed_50.npz,edda0bfbc883d6475b2e240b0a949302cacb3cc5108d0a36893952a6b3069b7f,2b34f9b26c0dc5668aafb976d8d8bc4709f3bed4940a7a8f0dbe1e72b96eb05e,529451824fa688a766a8c5126d58d11ff104ae37d8d9d7a923e7e432b5dbba83,a2fa92f30ac36d4c7efc63c32083701744f0c91fbbd75e1c8cb1d06dc7a46247,complete_fixed_50,529451824fa688a766a8c5126d58d11ff104ae37d8d9d7a923e7e432b5dbba83,a2fa92f30ac36d4c7efc63c32083701744f0c91fbbd75e1c8cb1d06dc7a46247,post_transfer_fixed_pair_unique_voxel_thinning,213,1.1
coronacases_008,coronacases_008,permanent_development,,complete_fixed_75,images/coronacases_008.npz,annotations/coronacases_008__complete_fixed_75.npz,edda0bfbc883d6475b2e240b0a949302cacb3cc5108d0a36893952a6b3069b7f,a2fa92f30ac36d4c7efc63c32083701744f0c91fbbd75e1c8cb1d06dc7a46247,529451824fa688a766a8c5126d58d11ff104ae37d8d9d7a923e7e432b5dbba83,a2fa92f30ac36d4c7efc63c32083701744f0c91fbbd75e1c8cb1d06dc7a46247,complete_fixed_75,529451824fa688a766a8c5126d58d11ff104ae37d8d9d7a923e7e432b5dbba83,a2fa92f30ac36d4c7efc63c32083701744f0c91fbbd75e1c8cb1d06dc7a46247,fixed_pair_side_already_at_shared_training_grid_target_unchanged,245,1.1
coronacases_008,coronacases_008,permanent_development,,component_fixed_25,images/coronacases_008.npz,annotations/coronacases_008__component_fixed_25.npz,edda0bfbc883d6475b2e240b0a949302cacb3cc5108d0a36893952a6b3069b7f,e3286c2c981778cd4c073dca47c9a772eb7e433465f8214b890f3048d456ca95,51f073fc3b8fbd701879749db376a68ba5a36ca44340207d1c414230da59b887,e3286c2c981778cd4c073dca47c9a772eb7e433465f8214b890f3048d456ca95,component_fixed_25,51f073fc3b8fbd701879749db376a68ba5a36ca44340207d1c414230da59b887,e3286c2c981778cd4c073dca47c9a772eb7e433465f8214b890f3048d456ca95,fixed_pair_side_already_at_shared_training_grid_target_unchanged,244,1.1
coronacases_008,coronacases_008,permanent_development,,component_fixed_50,images/coronacases_008.npz,annotations/coronacases_008__component_fixed_50.npz,edda0bfbc883d6475b2e240b0a949302cacb3cc5108d0a36893952a6b3069b7f,37652fe49cf3fa5b8e0239d08fcadce6398827abadf1bb82320b488e5a0be6e3,0b9e267c6fb45d65b0f8f2ae559d6f4d7bca5344d2d971c40567f3ba152a2aab,37652fe49cf3fa5b8e0239d08fcadce6398827abadf1bb82320b488e5a0be6e3,component_fixed_50,0b9e267c6fb45d65b0f8f2ae559d6f4d7bca5344d2d971c40567f3ba152a2aab,37652fe49cf3fa5b8e0239d08fcadce6398827abadf1bb82320b488e5a0be6e3,fixed_pair_side_already_at_shared_training_grid_target_unchanged,213,1.1
coronacases_008,coronacases_008,permanent_development,,component_fixed_75,images/coronacases_008.npz,annotations/coronacases_008__component_fixed_75.npz,edda0bfbc883d6475b2e240b0a949302cacb3cc5108d0a36893952a6b3069b7f,d9f1c225895aeb143e6ea34c0718090fc38e1970e86ae65bca3135c0a05c3c21,098720ab0aebb084301ec108763622af7bd14c6bf87ca6b4127d7cf7d09241fa,bb6be83fff3b3bcff8ef271d6c2c8bbbb99b3d3f87b6a969f5e5fefeb79cb8b8,component_fixed_75,098720ab0aebb084301ec108763622af7bd14c6bf87ca6b4127d7cf7d09241fa,bb6be83fff3b3bcff8ef271d6c2c8bbbb99b3d3f87b6a969f5e5fefeb79cb8b8,post_transfer_fixed_pair_unique_voxel_thinning,245,1.1
coronacases_008,coronacases_008,permanent_development,,component_natural_25,images/coronacases_008.npz,annotations/coronacases_008__component_natural_25.npz,edda0bfbc883d6475b2e240b0a949302cacb3cc5108d0a36893952a6b3069b7f,00e38595a90300a2c12ce40085200c446be7afe891aef0a18eb87dc360131566,bf5271b1ac1533b7a80d42395872025528be413af216ee946f6a099d9a3dcdda,00e38595a90300a2c12ce40085200c446be7afe891aef0a18eb87dc360131566,component_natural_25,bf5271b1ac1533b7a80d42395872025528be413af216ee946f6a099d9a3dcdda,00e38595a90300a2c12ce40085200c446be7afe891aef0a18eb87dc360131566,natural_component_omission_unchanged,68,1.1
coronacases_008,coronacases_008,permanent_development,,component_natural_50,images/coronacases_008.npz,annotations/coronacases_008__component_natural_50.npz,edda0bfbc883d6475b2e240b0a949302cacb3cc5108d0a36893952a6b3069b7f,2dfbc68a294137f640ced9ba65287605732ddffbb0b11f8ca7460fe6d7645ad3,5d1ad54c70004142fdc6131ea92fdd50791a3de239a2e7a3af7f6167e0f557dc,2dfbc68a294137f640ced9ba65287605732ddffbb0b11f8ca7460fe6d7645ad3,component_natural_50,5d1ad54c70004142fdc6131ea92fdd50791a3de239a2e7a3af7f6167e0f557dc,2dfbc68a294137f640ced9ba65287605732ddffbb0b11f8ca7460fe6d7645ad3,natural_component_omission_unchanged,124,1.1
coronacases_008,coronacases_008,permanent_development,,component_natural_75,images/coronacases_008.npz,annotations/coronacases_008__component_natural_75.npz,edda0bfbc883d6475b2e240b0a949302cacb3cc5108d0a36893952a6b3069b7f,6804473942f19cadb91fab904b829cb33d810fe75764cda877887063abee9cf0,391b08a3e752b0a770729abb00aab3c3e82c0c306e02e39b94782307f3c74e48,6804473942f19cadb91fab904b829cb33d810fe75764cda877887063abee9cf0,component_natural_75,391b08a3e752b0a770729abb00aab3c3e82c0c306e02e39b94782307f3c74e48,6804473942f19cadb91fab904b829cb33d810fe75764cda877887063abee9cf0,natural_component_omission_unchanged,194,1.1
coronacases_008,coronacases_008,permanent_development,,pixel_dropout_matched_25,images/coronacases_008.npz,annotations/coronacases_008__pixel_dropout_matched_25.npz,edda0bfbc883d6475b2e240b0a949302cacb3cc5108d0a36893952a6b3069b7f,3a707c998cce6c0265cf1f3520bff4c1781b3626d76f0085fede87805f5d21bd,44d7d195c8a6635cbaae46580976c0944269a4afbd30b013ca96a3fa6bcd7660,3341469ab5bfcc4610b070959456c91533f3796e2a2fe7da3e35afd6a9f4b5a7,complete,529451824fa688a766a8c5126d58d11ff104ae37d8d9d7a923e7e432b5dbba83,a2fa92f30ac36d4c7efc63c32083701744f0c91fbbd75e1c8cb1d06dc7a46247,post_transfer_unique_voxel_pixel_equalization,68,1.1
coronacases_008,coronacases_008,permanent_development,,pixel_dropout_matched_50,images/coronacases_008.npz,annotations/coronacases_008__pixel_dropout_matched_50.npz,edda0bfbc883d6475b2e240b0a949302cacb3cc5108d0a36893952a6b3069b7f,d11ec081b805e0842c5e7c63fe040bc1e53b6189c35c815805dfffc0f15b87a2,9c4ecefdc7c542a04799f69d0c8edcfd0cff1c626db7653f73f4ec7eacc438f0,bd03113e38007db1e62b44b489bba0e9b612055332f6649b87e40a31d571d5a5,complete,529451824fa688a766a8c5126d58d11ff104ae37d8d9d7a923e7e432b5dbba83,a2fa92f30ac36d4c7efc63c32083701744f0c91fbbd75e1c8cb1d06dc7a46247,post_transfer_unique_voxel_pixel_equalization,124,1.1
coronacases_008,coronacases_008,permanent_development,,pixel_dropout_matched_75,images/coronacases_008.npz,annotations/coronacases_008__pixel_dropout_matched_75.npz,edda0bfbc883d6475b2e240b0a949302cacb3cc5108d0a36893952a6b3069b7f,1eaf99b8baaddba14634d1b00bb67906b9a4fd9b25a360c8dfe47986afdd49dd,f650f5af9d242cabefd10960c311026951d8433371a7dc5e5df50904041bc959,133a812288f935d7a3c689624d571eca996e6c0b9a9cd03a412fbb75084a16bc,complete,529451824fa688a766a8c5126d58d11ff104ae37d8d9d7a923e7e432b5dbba83,a2fa92f30ac36d4c7efc63c32083701744f0c91fbbd75e1c8cb1d06dc7a46247,post_transfer_unique_voxel_pixel_equalization,194,1.1
coronacases_009,coronacases_009,final_outer_cv,3.0,complete,images/coronacases_009.npz,annotations/coronacases_009__complete.npz,3688d5d19eae79cd7fa9dce475308b20981df8d5a1bfdad3b27468951cf5546c,db6b3b9b24363878c7e9ef2d065717b6b068ecd25d9f0d7846797137a191d775,f48c7d74bd33e4cef92e6791d0fc0834d13fd39b06b7df901b59b1dbcd5ba0fb,db6b3b9b24363878c7e9ef2d065717b6b068ecd25d9f0d7846797137a191d775,complete,f48c7d74bd33e4cef92e6791d0fc0834d13fd39b06b7df901b59b1dbcd5ba0fb,db6b3b9b24363878c7e9ef2d065717b6b068ecd25d9f0d7846797137a191d775,unchanged_from_v1_0,65,1.1
coronacases_009,coronacases_009,final_outer_cv,3.0,complete_fixed_25,images/coronacases_009.npz,annotations/coronacases_009__complete_fixed_25.npz,3688d5d19eae79cd7fa9dce475308b20981df8d5a1bfdad3b27468951cf5546c,db6b3b9b24363878c7e9ef2d065717b6b068ecd25d9f0d7846797137a191d775,f48c7d74bd33e4cef92e6791d0fc0834d13fd39b06b7df901b59b1dbcd5ba0fb,db6b3b9b24363878c7e9ef2d065717b6b068ecd25d9f0d7846797137a191d775,complete_fixed_25,f48c7d74bd33e4cef92e6791d0fc0834d13fd39b06b7df901b59b1dbcd5ba0fb,db6b3b9b24363878c7e9ef2d065717b6b068ecd25d9f0d7846797137a191d775,fixed_pair_side_already_at_shared_training_grid_target_unchanged,65,1.1
coronacases_009,coronacases_009,final_outer_cv,3.0,complete_fixed_50,images/coronacases_009.npz,annotations/coronacases_009__complete_fixed_50.npz,3688d5d19eae79cd7fa9dce475308b20981df8d5a1bfdad3b27468951cf5546c,db6b3b9b24363878c7e9ef2d065717b6b068ecd25d9f0d7846797137a191d775,f48c7d74bd33e4cef92e6791d0fc0834d13fd39b06b7df901b59b1dbcd5ba0fb,db6b3b9b24363878c7e9ef2d065717b6b068ecd25d9f0d7846797137a191d775,complete_fixed_50,f48c7d74bd33e4cef92e6791d0fc0834d13fd39b06b7df901b59b1dbcd5ba0fb,db6b3b9b24363878c7e9ef2d065717b6b068ecd25d9f0d7846797137a191d775,fixed_pair_side_already_at_shared_training_grid_target_unchanged,65,1.1
coronacases_009,coronacases_009,final_outer_cv,3.0,complete_fixed_75,images/coronacases_009.npz,annotations/coronacases_009__complete_fixed_75.npz,3688d5d19eae79cd7fa9dce475308b20981df8d5a1bfdad3b27468951cf5546c,db6b3b9b24363878c7e9ef2d065717b6b068ecd25d9f0d7846797137a191d775,f48c7d74bd33e4cef92e6791d0fc0834d13fd39b06b7df901b59b1dbcd5ba0fb,db6b3b9b24363878c7e9ef2d065717b6b068ecd25d9f0d7846797137a191d775,complete_fixed_75,f48c7d74bd33e4cef92e6791d0fc0834d13fd39b06b7df901b59b1dbcd5ba0fb,db6b3b9b24363878c7e9ef2d065717b6b068ecd25d9f0d7846797137a191d775,fixed_pair_side_already_at_shared_training_grid_target_unchanged,65,1.1
coronacases_009,coronacases_009,final_outer_cv,3.0,component_fixed_25,images/coronacases_009.npz,annotations/coronacases_009__component_fixed_25.npz,3688d5d19eae79cd7fa9dce475308b20981df8d5a1bfdad3b27468951cf5546c,d4bf236a8bc0d7097746ab1d58d0af92d5162f48fd1aa9ea81a210354e2c39bd,f34eff00870c75546148345fa217f41cb46abdfe79109131d219c7320a26ecee,ff8c7389d2ad23941a20e800ebe14a68141a49614d45881b3fe349bb8a362d15,component_fixed_25,f34eff00870c75546148345fa217f41cb46abdfe79109131d219c7320a26ecee,ff8c7389d2ad23941a20e800ebe14a68141a49614d45881b3fe349bb8a362d15,post_transfer_fixed_pair_unique_voxel_thinning,65,1.1
coronacases_009,coronacases_009,final_outer_cv,3.0,component_fixed_50,images/coronacases_009.npz,annotations/coronacases_009__component_fixed_50.npz,3688d5d19eae79cd7fa9dce475308b20981df8d5a1bfdad3b27468951cf5546c,4b58a4eccd8555bc041e0d19767a5bfb2dde46f830c6028835bc39ab8ad3f0a0,f289b2d076c30d52307ce5f791a5efd7255ce9bccdccdcef8bcb7e4afe34fcc9,4a9a97fb11eaa6f3a7e2a4629395b2ebc9d3879032308ae44d6bb11b1b29bab7,component_fixed_50,f289b2d076c30d52307ce5f791a5efd7255ce9bccdccdcef8bcb7e4afe34fcc9,4a9a97fb11eaa6f3a7e2a4629395b2ebc9d3879032308ae44d6bb11b1b29bab7,post_transfer_fixed_pair_unique_voxel_thinning,65,1.1
coronacases_009,coronacases_009,final_outer_cv,3.0,component_fixed_75,images/coronacases_009.npz,annotations/coronacases_009__component_fixed_75.npz,3688d5d19eae79cd7fa9dce475308b20981df8d5a1bfdad3b27468951cf5546c,e8d3cef8dc5b4b576761b0f659757655ebac9681932b2c330d72ead45181c601,34ef119f4900f31c5ffa252b5617086ae171c49578b68d3990ef8cd5e82348d1,e8d3cef8dc5b4b576761b0f659757655ebac9681932b2c330d72ead45181c601,component_fixed_75,34ef119f4900f31c5ffa252b5617086ae171c49578b68d3990ef8cd5e82348d1,e8d3cef8dc5b4b576761b0f659757655ebac9681932b2c330d72ead45181c601,fixed_pair_side_already_at_shared_training_grid_target_unchanged,65,1.1
coronacases_009,coronacases_009,final_outer_cv,3.0,component_natural_25,images/coronacases_009.npz,annotations/coronacases_009__component_natural_25.npz,3688d5d19eae79cd7fa9dce475308b20981df8d5a1bfdad3b27468951cf5546c,b5bc2aca2a28132a2ffff67236229b731ec15c18264c04b77d8e4b78b8c23208,2079fa20682b8057658fe7759b2ba809ed80b2f281a5a6931fe434ab6ac901bd,b5bc2aca2a28132a2ffff67236229b731ec15c18264c04b77d8e4b78b8c23208,component_natural_25,2079fa20682b8057658fe7759b2ba809ed80b2f281a5a6931fe434ab6ac901bd,b5bc2aca2a28132a2ffff67236229b731ec15c18264c04b77d8e4b78b8c23208,natural_component_omission_unchanged,19,1.1
coronacases_009,coronacases_009,final_outer_cv,3.0,component_natural_50,images/coronacases_009.npz,annotations/coronacases_009__component_natural_50.npz,3688d5d19eae79cd7fa9dce475308b20981df8d5a1bfdad3b27468951cf5546c,f10c8c4b7b529c5f8d1dd8a87b86fa279b7ee1b543abf9b1cc926df8fa9a81da,976c8967db87f9b984cda6a10e8cc637c65235d975f5ed783206d61e17fdfd3e,f10c8c4b7b529c5f8d1dd8a87b86fa279b7ee1b543abf9b1cc926df8fa9a81da,component_natural_50,976c8967db87f9b984cda6a10e8cc637c65235d975f5ed783206d61e17fdfd3e,f10c8c4b7b529c5f8d1dd8a87b86fa279b7ee1b543abf9b1cc926df8fa9a81da,natural_component_omission_unchanged,36,1.1
coronacases_009,coronacases_009,final_outer_cv,3.0,component_natural_75,images/coronacases_009.npz,annotations/coronacases_009__component_natural_75.npz,3688d5d19eae79cd7fa9dce475308b20981df8d5a1bfdad3b27468951cf5546c,d2e3d8b0e014c058babb83149474ef9a878ea80923a9a074f2599a2f6ccf0c6a,1b048034ae9cf6c7ed85c411744c0c9fdf8614d153d96aae1ddf4d1c6e900dc6,d2e3d8b0e014c058babb83149474ef9a878ea80923a9a074f2599a2f6ccf0c6a,component_natural_75,1b048034ae9cf6c7ed85c411744c0c9fdf8614d153d96aae1ddf4d1c6e900dc6,d2e3d8b0e014c058babb83149474ef9a878ea80923a9a074f2599a2f6ccf0c6a,natural_component_omission_unchanged,44,1.1
coronacases_009,coronacases_009,final_outer_cv,3.0,pixel_dropout_matched_25,images/coronacases_009.npz,annotations/coronacases_009__pixel_dropout_matched_25.npz,3688d5d19eae79cd7fa9dce475308b20981df8d5a1bfdad3b27468951cf5546c,64bf480ead04efbede5baf7be4884e7d265e1ae6b1ba707a32391faa6753e0a3,f198d9196dd8fe7501787f8c68268bd0f7f97c14cb53522afe2f5e27bbe2c42d,fbb777929afa29b9bc570ca6c9a6a0a0faba7598d1aa9b3d6e6367d551708a76,complete,f48c7d74bd33e4cef92e6791d0fc0834d13fd39b06b7df901b59b1dbcd5ba0fb,db6b3b9b24363878c7e9ef2d065717b6b068ecd25d9f0d7846797137a191d775,post_transfer_unique_voxel_pixel_equalization,19,1.1
coronacases_009,coronacases_009,final_outer_cv,3.0,pixel_dropout_matched_50,images/coronacases_009.npz,annotations/coronacases_009__pixel_dropout_matched_50.npz,3688d5d19eae79cd7fa9dce475308b20981df8d5a1bfdad3b27468951cf5546c,8561b47c242166add5aad463abed26b74d15d864f02b9def43eab1c088e4a788,fd6d43be8ad8df526adc17713bd2d118283315609ce359d156fa3550b1197d9c,49ad5fee20e0a2b290437660c77b59ab44e6d1ce847ad3eed218ee757ed6ae70,complete,f48c7d74bd33e4cef92e6791d0fc0834d13fd39b06b7df901b59b1dbcd5ba0fb,db6b3b9b24363878c7e9ef2d065717b6b068ecd25d9f0d7846797137a191d775,post_transfer_unique_voxel_pixel_equalization,36,1.1
coronacases_009,coronacases_009,final_outer_cv,3.0,pixel_dropout_matched_75,images/coronacases_009.npz,annotations/coronacases_009__pixel_dropout_matched_75.npz,3688d5d19eae79cd7fa9dce475308b20981df8d5a1bfdad3b27468951cf5546c,b236a3813247fbd76702b76e3ff510b904cf113a5b87930148da868e861321a6,5118fc815e5fc4ef1cdec7b7375b9394b1593441b72e6cd54062ebda4c5f1317,2858da39a788ffe413cb0b729865e7d4550c2a651720b9b362140a3d09357297,complete,f48c7d74bd33e4cef92e6791d0fc0834d13fd39b06b7df901b59b1dbcd5ba0fb,db6b3b9b24363878c7e9ef2d065717b6b068ecd25d9f0d7846797137a191d775,post_transfer_unique_voxel_pixel_equalization,44,1.1
coronacases_010,coronacases_010,final_outer_cv,1.0,complete,images/coronacases_010.npz,annotations/coronacases_010__complete.npz,3d357e5530528db594a7e0de35e8cd06d8c1956c55a79bfac768c93d4dc707ac,086963285f24a445504573d459befa8e75e1cf5f086dc757769b692a5cf60c43,3de6f25d431009192db04a063e7ec93b070d3391bb9374345acb4a7fb4db3364,086963285f24a445504573d459befa8e75e1cf5f086dc757769b692a5cf60c43,complete,3de6f25d431009192db04a063e7ec93b070d3391bb9374345acb4a7fb4db3364,086963285f24a445504573d459befa8e75e1cf5f086dc757769b692a5cf60c43,unchanged_from_v1_0,59,1.1
coronacases_010,coronacases_010,final_outer_cv,1.0,complete_fixed_25,images/coronacases_010.npz,annotations/coronacases_010__complete_fixed_25.npz,3d357e5530528db594a7e0de35e8cd06d8c1956c55a79bfac768c93d4dc707ac,0a5413e438c7590e0ef53d90df418f961e60d24c76137803ec2fdbb3f1531c0f,3de6f25d431009192db04a063e7ec93b070d3391bb9374345acb4a7fb4db3364,086963285f24a445504573d459befa8e75e1cf5f086dc757769b692a5cf60c43,complete_fixed_25,3de6f25d431009192db04a063e7ec93b070d3391bb9374345acb4a7fb4db3364,086963285f24a445504573d459befa8e75e1cf5f086dc757769b692a5cf60c43,post_transfer_fixed_pair_unique_voxel_thinning,50,1.1
coronacases_010,coronacases_010,final_outer_cv,1.0,complete_fixed_50,images/coronacases_010.npz,annotations/coronacases_010__complete_fixed_50.npz,3d357e5530528db594a7e0de35e8cd06d8c1956c55a79bfac768c93d4dc707ac,0d799e5ec4d7f19c9b529bd5a3817cea24572332d10f7d990b35e51d9811e932,3de6f25d431009192db04a063e7ec93b070d3391bb9374345acb4a7fb4db3364,086963285f24a445504573d459befa8e75e1cf5f086dc757769b692a5cf60c43,complete_fixed_50,3de6f25d431009192db04a063e7ec93b070d3391bb9374345acb4a7fb4db3364,086963285f24a445504573d459befa8e75e1cf5f086dc757769b692a5cf60c43,post_transfer_fixed_pair_unique_voxel_thinning,53,1.1
coronacases_010,coronacases_010,final_outer_cv,1.0,complete_fixed_75,images/coronacases_010.npz,annotations/coronacases_010__complete_fixed_75.npz,3d357e5530528db594a7e0de35e8cd06d8c1956c55a79bfac768c93d4dc707ac,086963285f24a445504573d459befa8e75e1cf5f086dc757769b692a5cf60c43,3de6f25d431009192db04a063e7ec93b070d3391bb9374345acb4a7fb4db3364,086963285f24a445504573d459befa8e75e1cf5f086dc757769b692a5cf60c43,complete_fixed_75,3de6f25d431009192db04a063e7ec93b070d3391bb9374345acb4a7fb4db3364,086963285f24a445504573d459befa8e75e1cf5f086dc757769b692a5cf60c43,fixed_pair_side_already_at_shared_training_grid_target_unchanged,59,1.1
coronacases_010,coronacases_010,final_outer_cv,1.0,component_fixed_25,images/coronacases_010.npz,annotations/coronacases_010__component_fixed_25.npz,3d357e5530528db594a7e0de35e8cd06d8c1956c55a79bfac768c93d4dc707ac,43bb5a2099c9cb1f9801b268f852ee05cd520a220e6c008eee205f6ee78b7373,8077a55b8021c052b032c29de55ceb56a10e03f55b63acd0075f85324378db15,43bb5a2099c9cb1f9801b268f852ee05cd520a220e6c008eee205f6ee78b7373,component_fixed_25,8077a55b8021c052b032c29de55ceb56a10e03f55b63acd0075f85324378db15,43bb5a2099c9cb1f9801b268f852ee05cd520a220e6c008eee205f6ee78b7373,fixed_pair_side_already_at_shared_training_grid_target_unchanged,50,1.1
coronacases_010,coronacases_010,final_outer_cv,1.0,component_fixed_50,images/coronacases_010.npz,annotations/coronacases_010__component_fixed_50.npz,3d357e5530528db594a7e0de35e8cd06d8c1956c55a79bfac768c93d4dc707ac,43f40fe652894a419402932c8f0cab4d2379c73a677defabfc9269a24c48b7f7,3cdb4975ef0631923433f85ee2f0d76dfab4403e3768abe735f852868bfeae8f,43f40fe652894a419402932c8f0cab4d2379c73a677defabfc9269a24c48b7f7,component_fixed_50,3cdb4975ef0631923433f85ee2f0d76dfab4403e3768abe735f852868bfeae8f,43f40fe652894a419402932c8f0cab4d2379c73a677defabfc9269a24c48b7f7,fixed_pair_side_already_at_shared_training_grid_target_unchanged,53,1.1
coronacases_010,coronacases_010,final_outer_cv,1.0,component_fixed_75,images/coronacases_010.npz,annotations/coronacases_010__component_fixed_75.npz,3d357e5530528db594a7e0de35e8cd06d8c1956c55a79bfac768c93d4dc707ac,4b5b82949caa2e5e06604f4fcdad1b55ed12924dc2d27993782803ce7afc50e4,ea6ec5f0473f069c7a465b5f8d0562797f797690446c310e9677306999825bc8,ff8b28bc54ab0a34ce891cd63176baaeb093b23a569605effbdc7e7b95b26c09,component_fixed_75,ea6ec5f0473f069c7a465b5f8d0562797f797690446c310e9677306999825bc8,ff8b28bc54ab0a34ce891cd63176baaeb093b23a569605effbdc7e7b95b26c09,post_transfer_fixed_pair_unique_voxel_thinning,59,1.1
coronacases_010,coronacases_010,final_outer_cv,1.0,component_natural_25,images/coronacases_010.npz,annotations/coronacases_010__component_natural_25.npz,3d357e5530528db594a7e0de35e8cd06d8c1956c55a79bfac768c93d4dc707ac,dbb4ac8523567fd004eea520e9778519ddc83804dfcc43ea2b805d1d80967a4d,b1953ee39d75d6d6ea6689957f5b98ef078f2daeaa8129d13d719fcc0a459dc4,dbb4ac8523567fd004eea520e9778519ddc83804dfcc43ea2b805d1d80967a4d,component_natural_25,b1953ee39d75d6d6ea6689957f5b98ef078f2daeaa8129d13d719fcc0a459dc4,dbb4ac8523567fd004eea520e9778519ddc83804dfcc43ea2b805d1d80967a4d,natural_component_omission_unchanged,20,1.1
coronacases_010,coronacases_010,final_outer_cv,1.0,component_natural_50,images/coronacases_010.npz,annotations/coronacases_010__component_natural_50.npz,3d357e5530528db594a7e0de35e8cd06d8c1956c55a79bfac768c93d4dc707ac,0e25094b060cfe7a77e10deddc2500ef4c8ec6d9680e646cff0b983636a8c846,eca6034ecbe78b072036dac7270a4a56371f5c8d8e5ce6262dbf2b3afc8bcf70,0e25094b060cfe7a77e10deddc2500ef4c8ec6d9680e646cff0b983636a8c846,component_natural_50,eca6034ecbe78b072036dac7270a4a56371f5c8d8e5ce6262dbf2b3afc8bcf70,0e25094b060cfe7a77e10deddc2500ef4c8ec6d9680e646cff0b983636a8c846,natural_component_omission_unchanged,27,1.1
coronacases_010,coronacases_010,final_outer_cv,1.0,component_natural_75,images/coronacases_010.npz,annotations/coronacases_010__component_natural_75.npz,3d357e5530528db594a7e0de35e8cd06d8c1956c55a79bfac768c93d4dc707ac,fabaadf825a633ab7c9499255ff3ca85e2dd7bc128df08574e2a5f22fcb3c5fa,96c08c9682ee8f530e37819c5f15d0042053c22fa94694b5ce296e81c1a270ea,fabaadf825a633ab7c9499255ff3ca85e2dd7bc128df08574e2a5f22fcb3c5fa,component_natural_75,96c08c9682ee8f530e37819c5f15d0042053c22fa94694b5ce296e81c1a270ea,fabaadf825a633ab7c9499255ff3ca85e2dd7bc128df08574e2a5f22fcb3c5fa,natural_component_omission_unchanged,54,1.1
coronacases_010,coronacases_010,final_outer_cv,1.0,pixel_dropout_matched_25,images/coronacases_010.npz,annotations/coronacases_010__pixel_dropout_matched_25.npz,3d357e5530528db594a7e0de35e8cd06d8c1956c55a79bfac768c93d4dc707ac,87612d20a02153cfcfad22b622c6d2d09531fd20a6d42a0394a6f3ab57960db8,08b69df52637f8624e3f3a649daf53ae254d55b1310e1d06498db1a4454072e2,6502efe47f0008a080af4d97755003efe95ce545c6cf6405ff48e932982ef6be,complete,3de6f25d431009192db04a063e7ec93b070d3391bb9374345acb4a7fb4db3364,086963285f24a445504573d459befa8e75e1cf5f086dc757769b692a5cf60c43,post_transfer_unique_voxel_pixel_equalization,20,1.1
coronacases_010,coronacases_010,final_outer_cv,1.0,pixel_dropout_matched_50,images/coronacases_010.npz,annotations/coronacases_010__pixel_dropout_matched_50.npz,3d357e5530528db594a7e0de35e8cd06d8c1956c55a79bfac768c93d4dc707ac,dccd282da4c98102b5b4f713ecbfcc0c9a70602e31cf4427a7602c6e6ca89ff4,28ce774ae88a9d8f7649252c3c875c751b6243aade11b185daac09a3ee0348f0,a47411c42ced99e7fe1f87f0163ee834b051708d7f51eee3851483584ddd1606,complete,3de6f25d431009192db04a063e7ec93b070d3391bb9374345acb4a7fb4db3364,086963285f24a445504573d459befa8e75e1cf5f086dc757769b692a5cf60c43,post_transfer_unique_voxel_pixel_equalization,27,1.1
coronacases_010,coronacases_010,final_outer_cv,1.0,pixel_dropout_matched_75,images/coronacases_010.npz,annotations/coronacases_010__pixel_dropout_matched_75.npz,3d357e5530528db594a7e0de35e8cd06d8c1956c55a79bfac768c93d4dc707ac,b00334f65b99ce219e027bef28029d4512500cde999028e4887a93fcc98cdade,5e2b6df2b37310e94cec86732594f4ca538da0c598b5d06918c5cf2ae8bbed6d,b00334f65b99ce219e027bef28029d4512500cde999028e4887a93fcc98cdade,pixel_dropout_matched_75,5e2b6df2b37310e94cec86732594f4ca538da0c598b5d06918c5cf2ae8bbed6d,b00334f65b99ce219e027bef28029d4512500cde999028e4887a93fcc98cdade,already_exact_after_transfer_unchanged,54,1.1
radiopaedia_10_85902_1,radiopaedia_case_10,final_outer_cv,1.0,complete,images/radiopaedia_10_85902_1.npz,annotations/radiopaedia_10_85902_1__complete.npz,58bf2f27ba8bc4219aad380237d53cd9bae4b8d91bce56eff428fc43415fde51,f5315e505d5db6de2515577c0f558d2711c3181933e7756396d1f9cf958038cb,f216a8c981a07e503d1cd7b682bfcfb55e1de654562900d87ded5c15a51ebd15,f5315e505d5db6de2515577c0f558d2711c3181933e7756396d1f9cf958038cb,complete,f216a8c981a07e503d1cd7b682bfcfb55e1de654562900d87ded5c15a51ebd15,f5315e505d5db6de2515577c0f558d2711c3181933e7756396d1f9cf958038cb,unchanged_from_v1_0,13,1.1
radiopaedia_10_85902_1,radiopaedia_case_10,final_outer_cv,1.0,complete_fixed_25,images/radiopaedia_10_85902_1.npz,annotations/radiopaedia_10_85902_1__complete_fixed_25.npz,58bf2f27ba8bc4219aad380237d53cd9bae4b8d91bce56eff428fc43415fde51,373008e59e0b1f26f29f042b180d7cc67ebc850d64391948763bfbca731b2b4e,f216a8c981a07e503d1cd7b682bfcfb55e1de654562900d87ded5c15a51ebd15,f5315e505d5db6de2515577c0f558d2711c3181933e7756396d1f9cf958038cb,complete_fixed_25,f216a8c981a07e503d1cd7b682bfcfb55e1de654562900d87ded5c15a51ebd15,f5315e505d5db6de2515577c0f558d2711c3181933e7756396d1f9cf958038cb,post_transfer_fixed_pair_unique_voxel_thinning,12,1.1
radiopaedia_10_85902_1,radiopaedia_case_10,final_outer_cv,1.0,complete_fixed_50,images/radiopaedia_10_85902_1.npz,annotations/radiopaedia_10_85902_1__complete_fixed_50.npz,58bf2f27ba8bc4219aad380237d53cd9bae4b8d91bce56eff428fc43415fde51,f5315e505d5db6de2515577c0f558d2711c3181933e7756396d1f9cf958038cb,f216a8c981a07e503d1cd7b682bfcfb55e1de654562900d87ded5c15a51ebd15,f5315e505d5db6de2515577c0f558d2711c3181933e7756396d1f9cf958038cb,complete_fixed_50,f216a8c981a07e503d1cd7b682bfcfb55e1de654562900d87ded5c15a51ebd15,f5315e505d5db6de2515577c0f558d2711c3181933e7756396d1f9cf958038cb,fixed_pair_side_already_at_shared_training_grid_target_unchanged,13,1.1
radiopaedia_10_85902_1,radiopaedia_case_10,final_outer_cv,1.0,complete_fixed_75,images/radiopaedia_10_85902_1.npz,annotations/radiopaedia_10_85902_1__complete_fixed_75.npz,58bf2f27ba8bc4219aad380237d53cd9bae4b8d91bce56eff428fc43415fde51,f5315e505d5db6de2515577c0f558d2711c3181933e7756396d1f9cf958038cb,f216a8c981a07e503d1cd7b682bfcfb55e1de654562900d87ded5c15a51ebd15,f5315e505d5db6de2515577c0f558d2711c3181933e7756396d1f9cf958038cb,complete_fixed_75,f216a8c981a07e503d1cd7b682bfcfb55e1de654562900d87ded5c15a51ebd15,f5315e505d5db6de2515577c0f558d2711c3181933e7756396d1f9cf958038cb,fixed_pair_side_already_at_shared_training_grid_target_unchanged,13,1.1
radiopaedia_10_85902_1,radiopaedia_case_10,final_outer_cv,1.0,component_fixed_25,images/radiopaedia_10_85902_1.npz,annotations/radiopaedia_10_85902_1__component_fixed_25.npz,58bf2f27ba8bc4219aad380237d53cd9bae4b8d91bce56eff428fc43415fde51,869abeb3eaa3f478a8beb754352a95a5643e72f5a4d44b6dae03601bac4c13e9,426cd7a0c2a8788dca224c15bca93aec30ad0cb8737f485f02395b425882c81d,869abeb3eaa3f478a8beb754352a95a5643e72f5a4d44b6dae03601bac4c13e9,component_fixed_25,426cd7a0c2a8788dca224c15bca93aec30ad0cb8737f485f02395b425882c81d,869abeb3eaa3f478a8beb754352a95a5643e72f5a4d44b6dae03601bac4c13e9,fixed_pair_side_already_at_shared_training_grid_target_unchanged,12,1.1
radiopaedia_10_85902_1,radiopaedia_case_10,final_outer_cv,1.0,component_fixed_50,images/radiopaedia_10_85902_1.npz,annotations/radiopaedia_10_85902_1__component_fixed_50.npz,58bf2f27ba8bc4219aad380237d53cd9bae4b8d91bce56eff428fc43415fde51,84314da1bee800691da31d52d33f1e1bb38f53ffba67295e3d6db9bb6fb042d9,c195d8df92baa8b42996d411262ceccb7e9e5eafc6d10044369ca4500c70e300,84314da1bee800691da31d52d33f1e1bb38f53ffba67295e3d6db9bb6fb042d9,component_fixed_50,c195d8df92baa8b42996d411262ceccb7e9e5eafc6d10044369ca4500c70e300,84314da1bee800691da31d52d33f1e1bb38f53ffba67295e3d6db9bb6fb042d9,fixed_pair_side_already_at_shared_training_grid_target_unchanged,13,1.1
radiopaedia_10_85902_1,radiopaedia_case_10,final_outer_cv,1.0,component_fixed_75,images/radiopaedia_10_85902_1.npz,annotations/radiopaedia_10_85902_1__component_fixed_75.npz,58bf2f27ba8bc4219aad380237d53cd9bae4b8d91bce56eff428fc43415fde51,1337e072e92de3f2226c3a00625641ff9af39a3cb4a9013d2187455f72874601,62f4cc85983dd14f1fe7a95852c7f4040ed13dbecb0363340983776fb00a8044,e6fad67f34964a3ff5533c8b68485d1855f4bf46e1e02d98aa886820cce6894c,component_fixed_75,62f4cc85983dd14f1fe7a95852c7f4040ed13dbecb0363340983776fb00a8044,e6fad67f34964a3ff5533c8b68485d1855f4bf46e1e02d98aa886820cce6894c,post_transfer_fixed_pair_unique_voxel_thinning,13,1.1
radiopaedia_10_85902_1,radiopaedia_case_10,final_outer_cv,1.0,component_natural_25,images/radiopaedia_10_85902_1.npz,annotations/radiopaedia_10_85902_1__component_natural_25.npz,58bf2f27ba8bc4219aad380237d53cd9bae4b8d91bce56eff428fc43415fde51,f8bb9e777424160c0c886dfe3f6a8291565379cf544a51a03e16711270ad0230,27531d145dadd0f204ffb1cb9917147e4d5f38fe06bf7bee8d1e890077b709bd,f8bb9e777424160c0c886dfe3f6a8291565379cf544a51a03e16711270ad0230,component_natural_25,27531d145dadd0f204ffb1cb9917147e4d5f38fe06bf7bee8d1e890077b709bd,f8bb9e777424160c0c886dfe3f6a8291565379cf544a51a03e16711270ad0230,natural_component_omission_unchanged,12,1.1
radiopaedia_10_85902_1,radiopaedia_case_10,final_outer_cv,1.0,component_natural_50,images/radiopaedia_10_85902_1.npz,annotations/radiopaedia_10_85902_1__component_natural_50.npz,58bf2f27ba8bc4219aad380237d53cd9bae4b8d91bce56eff428fc43415fde51,f8bb9e777424160c0c886dfe3f6a8291565379cf544a51a03e16711270ad0230,27531d145dadd0f204ffb1cb9917147e4d5f38fe06bf7bee8d1e890077b709bd,f8bb9e777424160c0c886dfe3f6a8291565379cf544a51a03e16711270ad0230,component_natural_50,27531d145dadd0f204ffb1cb9917147e4d5f38fe06bf7bee8d1e890077b709bd,f8bb9e777424160c0c886dfe3f6a8291565379cf544a51a03e16711270ad0230,natural_component_omission_unchanged,12,1.1
radiopaedia_10_85902_1,radiopaedia_case_10,final_outer_cv,1.0,component_natural_75,images/radiopaedia_10_85902_1.npz,annotations/radiopaedia_10_85902_1__component_natural_75.npz,58bf2f27ba8bc4219aad380237d53cd9bae4b8d91bce56eff428fc43415fde51,f5315e505d5db6de2515577c0f558d2711c3181933e7756396d1f9cf958038cb,f216a8c981a07e503d1cd7b682bfcfb55e1de654562900d87ded5c15a51ebd15,f5315e505d5db6de2515577c0f558d2711c3181933e7756396d1f9cf958038cb,component_natural_75,f216a8c981a07e503d1cd7b682bfcfb55e1de654562900d87ded5c15a51ebd15,f5315e505d5db6de2515577c0f558d2711c3181933e7756396d1f9cf958038cb,natural_component_omission_unchanged,13,1.1
radiopaedia_10_85902_1,radiopaedia_case_10,final_outer_cv,1.0,pixel_dropout_matched_25,images/radiopaedia_10_85902_1.npz,annotations/radiopaedia_10_85902_1__pixel_dropout_matched_25.npz,58bf2f27ba8bc4219aad380237d53cd9bae4b8d91bce56eff428fc43415fde51,a1d369e39356e0e11bb7fe784145ed8a23b61be7a801e6b61245afcb7f21fa36,230375b7870748da4c2502d965bd7133ae54d3e26e5d9c2e4d81bbc462a339a0,f5315e505d5db6de2515577c0f558d2711c3181933e7756396d1f9cf958038cb,complete,f216a8c981a07e503d1cd7b682bfcfb55e1de654562900d87ded5c15a51ebd15,f5315e505d5db6de2515577c0f558d2711c3181933e7756396d1f9cf958038cb,post_transfer_unique_voxel_pixel_equalization,12,1.1
radiopaedia_10_85902_1,radiopaedia_case_10,final_outer_cv,1.0,pixel_dropout_matched_50,images/radiopaedia_10_85902_1.npz,annotations/radiopaedia_10_85902_1__pixel_dropout_matched_50.npz,58bf2f27ba8bc4219aad380237d53cd9bae4b8d91bce56eff428fc43415fde51,4f5471ed84a6ca298829a783518bd724abe722e2ddb290a9b407482fa77362a2,74b031279d5223b76009bf1880513a012b629a1dca8fc4e39ce6717c462559d3,f5315e505d5db6de2515577c0f558d2711c3181933e7756396d1f9cf958038cb,complete,f216a8c981a07e503d1cd7b682bfcfb55e1de654562900d87ded5c15a51ebd15,f5315e505d5db6de2515577c0f558d2711c3181933e7756396d1f9cf958038cb,post_transfer_unique_voxel_pixel_equalization,12,1.1
radiopaedia_10_85902_1,radiopaedia_case_10,final_outer_cv,1.0,pixel_dropout_matched_75,images/radiopaedia_10_85902_1.npz,annotations/radiopaedia_10_85902_1__pixel_dropout_matched_75.npz,58bf2f27ba8bc4219aad380237d53cd9bae4b8d91bce56eff428fc43415fde51,f5315e505d5db6de2515577c0f558d2711c3181933e7756396d1f9cf958038cb,ea6f77924adc0ab4de79cb85ffbef19a05f8c70f909c531447b8d7c0eda15275,f5315e505d5db6de2515577c0f558d2711c3181933e7756396d1f9cf958038cb,pixel_dropout_matched_75,ea6f77924adc0ab4de79cb85ffbef19a05f8c70f909c531447b8d7c0eda15275,f5315e505d5db6de2515577c0f558d2711c3181933e7756396d1f9cf958038cb,already_exact_after_transfer_unchanged,13,1.1
radiopaedia_10_85902_3,radiopaedia_case_10,final_outer_cv,1.0,complete,images/radiopaedia_10_85902_3.npz,annotations/radiopaedia_10_85902_3__complete.npz,b031d5cc7f35e72743aaef44bf33e66604ac56f28beafebfb3e9e21fdd695a35,c57d59abddc6b613f00bdd83b1ce16159226e0238a9304d4d6ceca5e73db2419,ad5e28b6b8ec8f5c7837f21a5718a3e7353d075751d8c0416b9f299bc3a6663e,c57d59abddc6b613f00bdd83b1ce16159226e0238a9304d4d6ceca5e73db2419,complete,ad5e28b6b8ec8f5c7837f21a5718a3e7353d075751d8c0416b9f299bc3a6663e,c57d59abddc6b613f00bdd83b1ce16159226e0238a9304d4d6ceca5e73db2419,unchanged_from_v1_0,22,1.1
radiopaedia_10_85902_3,radiopaedia_case_10,final_outer_cv,1.0,complete_fixed_25,images/radiopaedia_10_85902_3.npz,annotations/radiopaedia_10_85902_3__complete_fixed_25.npz,b031d5cc7f35e72743aaef44bf33e66604ac56f28beafebfb3e9e21fdd695a35,53d5f8f0967b45437711e32ffc4e6dcb09e01cbe4521d80142c9f4fa460b27c5,ad5e28b6b8ec8f5c7837f21a5718a3e7353d075751d8c0416b9f299bc3a6663e,c57d59abddc6b613f00bdd83b1ce16159226e0238a9304d4d6ceca5e73db2419,complete_fixed_25,ad5e28b6b8ec8f5c7837f21a5718a3e7353d075751d8c0416b9f299bc3a6663e,c57d59abddc6b613f00bdd83b1ce16159226e0238a9304d4d6ceca5e73db2419,post_transfer_fixed_pair_unique_voxel_thinning,15,1.1
radiopaedia_10_85902_3,radiopaedia_case_10,final_outer_cv,1.0,complete_fixed_50,images/radiopaedia_10_85902_3.npz,annotations/radiopaedia_10_85902_3__complete_fixed_50.npz,b031d5cc7f35e72743aaef44bf33e66604ac56f28beafebfb3e9e21fdd695a35,a77f09ca88971c6394c6f92e6a89010cfb3fbd2c533c60d74b6c990c98f3c77b,ad5e28b6b8ec8f5c7837f21a5718a3e7353d075751d8c0416b9f299bc3a6663e,c57d59abddc6b613f00bdd83b1ce16159226e0238a9304d4d6ceca5e73db2419,complete_fixed_50,ad5e28b6b8ec8f5c7837f21a5718a3e7353d075751d8c0416b9f299bc3a6663e,c57d59abddc6b613f00bdd83b1ce16159226e0238a9304d4d6ceca5e73db2419,post_transfer_fixed_pair_unique_voxel_thinning,19,1.1
radiopaedia_10_85902_3,radiopaedia_case_10,final_outer_cv,1.0,complete_fixed_75,images/radiopaedia_10_85902_3.npz,annotations/radiopaedia_10_85902_3__complete_fixed_75.npz,b031d5cc7f35e72743aaef44bf33e66604ac56f28beafebfb3e9e21fdd695a35,0ad8dabcb2c7c62c0ba4b494481f7167c4f81c0a4dab758ab2c89c97843186fe,ad5e28b6b8ec8f5c7837f21a5718a3e7353d075751d8c0416b9f299bc3a6663e,c57d59abddc6b613f00bdd83b1ce16159226e0238a9304d4d6ceca5e73db2419,complete_fixed_75,ad5e28b6b8ec8f5c7837f21a5718a3e7353d075751d8c0416b9f299bc3a6663e,c57d59abddc6b613f00bdd83b1ce16159226e0238a9304d4d6ceca5e73db2419,post_transfer_fixed_pair_unique_voxel_thinning,17,1.1
radiopaedia_10_85902_3,radiopaedia_case_10,final_outer_cv,1.0,component_fixed_25,images/radiopaedia_10_85902_3.npz,annotations/radiopaedia_10_85902_3__component_fixed_25.npz,b031d5cc7f35e72743aaef44bf33e66604ac56f28beafebfb3e9e21fdd695a35,36bf8b02c9c3d924617b6fb512d22c2ca6575aea59dd0924d2463a438dfe2a40,ce091a9a19761c09a071e141883619d68fb3edcf5f951718805f9a03fcfe03cc,36bf8b02c9c3d924617b6fb512d22c2ca6575aea59dd0924d2463a438dfe2a40,component_fixed_25,ce091a9a19761c09a071e141883619d68fb3edcf5f951718805f9a03fcfe03cc,36bf8b02c9c3d924617b6fb512d22c2ca6575aea59dd0924d2463a438dfe2a40,fixed_pair_side_already_at_shared_training_grid_target_unchanged,15,1.1
radiopaedia_10_85902_3,radiopaedia_case_10,final_outer_cv,1.0,component_fixed_50,images/radiopaedia_10_85902_3.npz,annotations/radiopaedia_10_85902_3__component_fixed_50.npz,b031d5cc7f35e72743aaef44bf33e66604ac56f28beafebfb3e9e21fdd695a35,92384c3dbec2608429e8786eee418fe8fa30c92f071f2ed303c40d056c40a89b,a199a7a7a88ff76aded5ca9c93312878e867b284d0583844514989c3eb6cc5c4,92384c3dbec2608429e8786eee418fe8fa30c92f071f2ed303c40d056c40a89b,component_fixed_50,a199a7a7a88ff76aded5ca9c93312878e867b284d0583844514989c3eb6cc5c4,92384c3dbec2608429e8786eee418fe8fa30c92f071f2ed303c40d056c40a89b,fixed_pair_side_already_at_shared_training_grid_target_unchanged,19,1.1
radiopaedia_10_85902_3,radiopaedia_case_10,final_outer_cv,1.0,component_fixed_75,images/radiopaedia_10_85902_3.npz,annotations/radiopaedia_10_85902_3__component_fixed_75.npz,b031d5cc7f35e72743aaef44bf33e66604ac56f28beafebfb3e9e21fdd695a35,f22109841cae532e19c4487eeaadd0a6c355fcd529a3473079757fa5d7057351,81bcb4ea673ace2db96a1779a25622c41a649541f1c84a19567743bbaa120aac,f22109841cae532e19c4487eeaadd0a6c355fcd529a3473079757fa5d7057351,component_fixed_75,81bcb4ea673ace2db96a1779a25622c41a649541f1c84a19567743bbaa120aac,f22109841cae532e19c4487eeaadd0a6c355fcd529a3473079757fa5d7057351,fixed_pair_side_already_at_shared_training_grid_target_unchanged,17,1.1
radiopaedia_10_85902_3,radiopaedia_case_10,final_outer_cv,1.0,component_natural_25,images/radiopaedia_10_85902_3.npz,annotations/radiopaedia_10_85902_3__component_natural_25.npz,b031d5cc7f35e72743aaef44bf33e66604ac56f28beafebfb3e9e21fdd695a35,40098b9d135d6319173b3861843c72ae48c33d6c0f06eb0389c88d92c4d1d8a1,4a33389877285a575f4ad89e072a1718b9f2984089833e8f54f7c08291d02fb0,40098b9d135d6319173b3861843c72ae48c33d6c0f06eb0389c88d92c4d1d8a1,component_natural_25,4a33389877285a575f4ad89e072a1718b9f2984089833e8f54f7c08291d02fb0,40098b9d135d6319173b3861843c72ae48c33d6c0f06eb0389c88d92c4d1d8a1,natural_component_omission_unchanged,12,1.1
radiopaedia_10_85902_3,radiopaedia_case_10,final_outer_cv,1.0,component_natural_50,images/radiopaedia_10_85902_3.npz,annotations/radiopaedia_10_85902_3__component_natural_50.npz,b031d5cc7f35e72743aaef44bf33e66604ac56f28beafebfb3e9e21fdd695a35,40098b9d135d6319173b3861843c72ae48c33d6c0f06eb0389c88d92c4d1d8a1,4a33389877285a575f4ad89e072a1718b9f2984089833e8f54f7c08291d02fb0,40098b9d135d6319173b3861843c72ae48c33d6c0f06eb0389c88d92c4d1d8a1,component_natural_50,4a33389877285a575f4ad89e072a1718b9f2984089833e8f54f7c08291d02fb0,40098b9d135d6319173b3861843c72ae48c33d6c0f06eb0389c88d92c4d1d8a1,natural_component_omission_unchanged,12,1.1
radiopaedia_10_85902_3,radiopaedia_case_10,final_outer_cv,1.0,component_natural_75,images/radiopaedia_10_85902_3.npz,annotations/radiopaedia_10_85902_3__component_natural_75.npz,b031d5cc7f35e72743aaef44bf33e66604ac56f28beafebfb3e9e21fdd695a35,c57d59abddc6b613f00bdd83b1ce16159226e0238a9304d4d6ceca5e73db2419,ad5e28b6b8ec8f5c7837f21a5718a3e7353d075751d8c0416b9f299bc3a6663e,c57d59abddc6b613f00bdd83b1ce16159226e0238a9304d4d6ceca5e73db2419,component_natural_75,ad5e28b6b8ec8f5c7837f21a5718a3e7353d075751d8c0416b9f299bc3a6663e,c57d59abddc6b613f00bdd83b1ce16159226e0238a9304d4d6ceca5e73db2419,natural_component_omission_unchanged,22,1.1
radiopaedia_10_85902_3,radiopaedia_case_10,final_outer_cv,1.0,pixel_dropout_matched_25,images/radiopaedia_10_85902_3.npz,annotations/radiopaedia_10_85902_3__pixel_dropout_matched_25.npz,b031d5cc7f35e72743aaef44bf33e66604ac56f28beafebfb3e9e21fdd695a35,a1ee7d9f76db318d9d8151beaf409ee97790b228743f2f0d51d7504d2b153af9,920a1034a2611293e1618ede619c3945868dcbb36fdb4683a27e55bab99b7454,646865f24c2f185d131ab437b9a632f1178dfcd4bcc2e161f202b8c7ea260fd9,complete,ad5e28b6b8ec8f5c7837f21a5718a3e7353d075751d8c0416b9f299bc3a6663e,c57d59abddc6b613f00bdd83b1ce16159226e0238a9304d4d6ceca5e73db2419,post_transfer_unique_voxel_pixel_equalization,12,1.1
radiopaedia_10_85902_3,radiopaedia_case_10,final_outer_cv,1.0,pixel_dropout_matched_50,images/radiopaedia_10_85902_3.npz,annotations/radiopaedia_10_85902_3__pixel_dropout_matched_50.npz,b031d5cc7f35e72743aaef44bf33e66604ac56f28beafebfb3e9e21fdd695a35,2a43974a9bf8036a5e95736cb6b521a089c25292e25094f8cbe4173bfadb3b03,87450f1da80c37467bfba44758eb58f95508ae0ff997095f1e596a8dec47baa6,118cbc60b3f4d947946187632feceede71e2bd30c07f19b59350460a0651baef,complete,ad5e28b6b8ec8f5c7837f21a5718a3e7353d075751d8c0416b9f299bc3a6663e,c57d59abddc6b613f00bdd83b1ce16159226e0238a9304d4d6ceca5e73db2419,post_transfer_unique_voxel_pixel_equalization,12,1.1
radiopaedia_10_85902_3,radiopaedia_case_10,final_outer_cv,1.0,pixel_dropout_matched_75,images/radiopaedia_10_85902_3.npz,annotations/radiopaedia_10_85902_3__pixel_dropout_matched_75.npz,b031d5cc7f35e72743aaef44bf33e66604ac56f28beafebfb3e9e21fdd695a35,c57d59abddc6b613f00bdd83b1ce16159226e0238a9304d4d6ceca5e73db2419,20514d5ef1851f99296c07ee2d395771056b71d459d0e726fb6a5a38e80c2103,c57d59abddc6b613f00bdd83b1ce16159226e0238a9304d4d6ceca5e73db2419,pixel_dropout_matched_75,20514d5ef1851f99296c07ee2d395771056b71d459d0e726fb6a5a38e80c2103,c57d59abddc6b613f00bdd83b1ce16159226e0238a9304d4d6ceca5e73db2419,already_exact_after_transfer_unchanged,22,1.1
radiopaedia_14_85914_0,radiopaedia_case_14,permanent_development,,complete,images/radiopaedia_14_85914_0.npz,annotations/radiopaedia_14_85914_0__complete.npz,f1f587526b626f101d2b942116f6898bb0051ec53bee40800b98e2d4b845739f,a7014531ca54fa62b80c1d63911c430fe2636fd19ec817d1b833d612cdaa0928,21830c5785a4e0ad16cc11f0d7673e4fd353b56308562d10e46af1d1440a0507,a7014531ca54fa62b80c1d63911c430fe2636fd19ec817d1b833d612cdaa0928,complete,21830c5785a4e0ad16cc11f0d7673e4fd353b56308562d10e46af1d1440a0507,a7014531ca54fa62b80c1d63911c430fe2636fd19ec817d1b833d612cdaa0928,unchanged_from_v1_0,226,1.1
radiopaedia_14_85914_0,radiopaedia_case_14,permanent_development,,complete_fixed_25,images/radiopaedia_14_85914_0.npz,annotations/radiopaedia_14_85914_0__complete_fixed_25.npz,f1f587526b626f101d2b942116f6898bb0051ec53bee40800b98e2d4b845739f,cf08d8bc28c1ca1935d1db1e0edcfea0f52c085af2b6a8ac3e24220eb4e624d3,21830c5785a4e0ad16cc11f0d7673e4fd353b56308562d10e46af1d1440a0507,a7014531ca54fa62b80c1d63911c430fe2636fd19ec817d1b833d612cdaa0928,complete_fixed_25,21830c5785a4e0ad16cc11f0d7673e4fd353b56308562d10e46af1d1440a0507,a7014531ca54fa62b80c1d63911c430fe2636fd19ec817d1b833d612cdaa0928,post_transfer_fixed_pair_unique_voxel_thinning,198,1.1
radiopaedia_14_85914_0,radiopaedia_case_14,permanent_development,,complete_fixed_50,images/radiopaedia_14_85914_0.npz,annotations/radiopaedia_14_85914_0__complete_fixed_50.npz,f1f587526b626f101d2b942116f6898bb0051ec53bee40800b98e2d4b845739f,1c344953acb2a11734562b35bb18b28a24a3f3e45166ccd0aff679d96f07adea,21830c5785a4e0ad16cc11f0d7673e4fd353b56308562d10e46af1d1440a0507,a7014531ca54fa62b80c1d63911c430fe2636fd19ec817d1b833d612cdaa0928,complete_fixed_50,21830c5785a4e0ad16cc11f0d7673e4fd353b56308562d10e46af1d1440a0507,a7014531ca54fa62b80c1d63911c430fe2636fd19ec817d1b833d612cdaa0928,post_transfer_fixed_pair_unique_voxel_thinning,203,1.1
radiopaedia_14_85914_0,radiopaedia_case_14,permanent_development,,complete_fixed_75,images/radiopaedia_14_85914_0.npz,annotations/radiopaedia_14_85914_0__complete_fixed_75.npz,f1f587526b626f101d2b942116f6898bb0051ec53bee40800b98e2d4b845739f,754bf059ecfd6d599cb97ec12c24086790e94d65d19b3889a3effcc3bab36bcb,21830c5785a4e0ad16cc11f0d7673e4fd353b56308562d10e46af1d1440a0507,a7014531ca54fa62b80c1d63911c430fe2636fd19ec817d1b833d612cdaa0928,complete_fixed_75,21830c5785a4e0ad16cc11f0d7673e4fd353b56308562d10e46af1d1440a0507,a7014531ca54fa62b80c1d63911c430fe2636fd19ec817d1b833d612cdaa0928,post_transfer_fixed_pair_unique_voxel_thinning,224,1.1
radiopaedia_14_85914_0,radiopaedia_case_14,permanent_development,,component_fixed_25,images/radiopaedia_14_85914_0.npz,annotations/radiopaedia_14_85914_0__component_fixed_25.npz,f1f587526b626f101d2b942116f6898bb0051ec53bee40800b98e2d4b845739f,0c8f8a4b5455d40502490a1b2a7b2d09b1ca96529f2007895b18ac5fe5114e69,3c885fd19d9e58c248172085b0c198bf8756a685a1c00a6100970132345aa4ab,0c8f8a4b5455d40502490a1b2a7b2d09b1ca96529f2007895b18ac5fe5114e69,component_fixed_25,3c885fd19d9e58c248172085b0c198bf8756a685a1c00a6100970132345aa4ab,0c8f8a4b5455d40502490a1b2a7b2d09b1ca96529f2007895b18ac5fe5114e69,fixed_pair_side_already_at_shared_training_grid_target_unchanged,198,1.1
radiopaedia_14_85914_0,radiopaedia_case_14,permanent_development,,component_fixed_50,images/radiopaedia_14_85914_0.npz,annotations/radiopaedia_14_85914_0__component_fixed_50.npz,f1f587526b626f101d2b942116f6898bb0051ec53bee40800b98e2d4b845739f,34b00502a4cf376d442a705d6f40941b07d723647c06bf2c2cdc7fdbc44e45d4,e70ffa9bd77bf7d1de58ced6ed17720669bce19d8726fd5ad15fa89d4cd4b417,34b00502a4cf376d442a705d6f40941b07d723647c06bf2c2cdc7fdbc44e45d4,component_fixed_50,e70ffa9bd77bf7d1de58ced6ed17720669bce19d8726fd5ad15fa89d4cd4b417,34b00502a4cf376d442a705d6f40941b07d723647c06bf2c2cdc7fdbc44e45d4,fixed_pair_side_already_at_shared_training_grid_target_unchanged,203,1.1
radiopaedia_14_85914_0,radiopaedia_case_14,permanent_development,,component_fixed_75,images/radiopaedia_14_85914_0.npz,annotations/radiopaedia_14_85914_0__component_fixed_75.npz,f1f587526b626f101d2b942116f6898bb0051ec53bee40800b98e2d4b845739f,d05cc30d3ece7d78ee36074ab92eb69319faf17b4380513718c5a975eb945782,efbd37e6ee767ad716ea7f1767a0bd0e4a3e5ef8e4a2a3d59442f820011c9b2e,d05cc30d3ece7d78ee36074ab92eb69319faf17b4380513718c5a975eb945782,component_fixed_75,efbd37e6ee767ad716ea7f1767a0bd0e4a3e5ef8e4a2a3d59442f820011c9b2e,d05cc30d3ece7d78ee36074ab92eb69319faf17b4380513718c5a975eb945782,fixed_pair_side_already_at_shared_training_grid_target_unchanged,224,1.1
radiopaedia_14_85914_0,radiopaedia_case_14,permanent_development,,component_natural_25,images/radiopaedia_14_85914_0.npz,annotations/radiopaedia_14_85914_0__component_natural_25.npz,f1f587526b626f101d2b942116f6898bb0051ec53bee40800b98e2d4b845739f,229fabb59fc3a90ff8e03db9ddf7853c43e86691fbbee7dfbf6f5675634a637b,fe9557ce5858e7d9f500151794f5f3969f068306e21359f817f7a4dee0710a88,229fabb59fc3a90ff8e03db9ddf7853c43e86691fbbee7dfbf6f5675634a637b,component_natural_25,fe9557ce5858e7d9f500151794f5f3969f068306e21359f817f7a4dee0710a88,229fabb59fc3a90ff8e03db9ddf7853c43e86691fbbee7dfbf6f5675634a637b,natural_component_omission_unchanged,39,1.1
radiopaedia_14_85914_0,radiopaedia_case_14,permanent_development,,component_natural_50,images/radiopaedia_14_85914_0.npz,annotations/radiopaedia_14_85914_0__component_natural_50.npz,f1f587526b626f101d2b942116f6898bb0051ec53bee40800b98e2d4b845739f,0a1a052a478a4775d90d768269d62011582c6a09b203f7621ff70e43c7181859,813adfa7e8fc8aecd1dc565c80e7c644112e5f0be50b3a08f6b9741953532031,0a1a052a478a4775d90d768269d62011582c6a09b203f7621ff70e43c7181859,component_natural_50,813adfa7e8fc8aecd1dc565c80e7c644112e5f0be50b3a08f6b9741953532031,0a1a052a478a4775d90d768269d62011582c6a09b203f7621ff70e43c7181859,natural_component_omission_unchanged,90,1.1
radiopaedia_14_85914_0,radiopaedia_case_14,permanent_development,,component_natural_75,images/radiopaedia_14_85914_0.npz,annotations/radiopaedia_14_85914_0__component_natural_75.npz,f1f587526b626f101d2b942116f6898bb0051ec53bee40800b98e2d4b845739f,0816c3a39ff3aa2e4de798e1019513b8fce219d2aaf07c8f7da495495ff49913,9c37e7874bdbfad4e1e812a5f801b0a906da9237975aa991870b1a77aae82c3a,0816c3a39ff3aa2e4de798e1019513b8fce219d2aaf07c8f7da495495ff49913,component_natural_75,9c37e7874bdbfad4e1e812a5f801b0a906da9237975aa991870b1a77aae82c3a,0816c3a39ff3aa2e4de798e1019513b8fce219d2aaf07c8f7da495495ff49913,natural_component_omission_unchanged,159,1.1
radiopaedia_14_85914_0,radiopaedia_case_14,permanent_development,,pixel_dropout_matched_25,images/radiopaedia_14_85914_0.npz,annotations/radiopaedia_14_85914_0__pixel_dropout_matched_25.npz,f1f587526b626f101d2b942116f6898bb0051ec53bee40800b98e2d4b845739f,a068de16ef90f01fd3f52dbfc3f770169ba298b0e796c09d368ca1d9cfb5bac1,2043d317d52546ed20691873ce664f9a99ed01482d7480541ab598528ef112fd,22b02dad2433d0cbc92d1ea0dabe5097b3724b39613311c578ee442158986354,complete,21830c5785a4e0ad16cc11f0d7673e4fd353b56308562d10e46af1d1440a0507,a7014531ca54fa62b80c1d63911c430fe2636fd19ec817d1b833d612cdaa0928,post_transfer_unique_voxel_pixel_equalization,39,1.1
radiopaedia_14_85914_0,radiopaedia_case_14,permanent_development,,pixel_dropout_matched_50,images/radiopaedia_14_85914_0.npz,annotations/radiopaedia_14_85914_0__pixel_dropout_matched_50.npz,f1f587526b626f101d2b942116f6898bb0051ec53bee40800b98e2d4b845739f,014746d4f9079c6bd2b0c96ff446c1409e0b843361860589aed2a209683e7679,56f6ba8e7b470b5f587b7221a260abcba53e6a11abec02e8c98684b1501e511d,cf98f4b3f4f7064f3552babc2cecb66aa0e1ee42d60b6d59685e164b367cf67e,complete,21830c5785a4e0ad16cc11f0d7673e4fd353b56308562d10e46af1d1440a0507,a7014531ca54fa62b80c1d63911c430fe2636fd19ec817d1b833d612cdaa0928,post_transfer_unique_voxel_pixel_equalization,90,1.1
radiopaedia_14_85914_0,radiopaedia_case_14,permanent_development,,pixel_dropout_matched_75,images/radiopaedia_14_85914_0.npz,annotations/radiopaedia_14_85914_0__pixel_dropout_matched_75.npz,f1f587526b626f101d2b942116f6898bb0051ec53bee40800b98e2d4b845739f,a01fb8861a54ea29a9ae4aceeccfe1233511584a6266957be513520cefd10c11,63b37893e05eea05abcee1fffab0b1ad5b707410bf99291f668a156da65f1800,f496af8a3091216d08baf9b7c4b8d9c82af61fa96f4f5846a0ef49b49f876719,complete,21830c5785a4e0ad16cc11f0d7673e4fd353b56308562d10e46af1d1440a0507,a7014531ca54fa62b80c1d63911c430fe2636fd19ec817d1b833d612cdaa0928,post_transfer_unique_voxel_pixel_equalization,159,1.1
radiopaedia_27_86410_0,radiopaedia_case_27,permanent_development,,complete,images/radiopaedia_27_86410_0.npz,annotations/radiopaedia_27_86410_0__complete.npz,a5bf085c9934d0cffa00ce12830ac6e3f6f0364b0cfd7038d36b03dc37689a4b,ef38b1483a30433f8e641eda2fb514f8196662c34ffe753e654ef517795ee78d,37ac975f065d64b43623470a0f528844f57d6765905ec0b7cca5e321b13c8e55,ef38b1483a30433f8e641eda2fb514f8196662c34ffe753e654ef517795ee78d,complete,37ac975f065d64b43623470a0f528844f57d6765905ec0b7cca5e321b13c8e55,ef38b1483a30433f8e641eda2fb514f8196662c34ffe753e654ef517795ee78d,unchanged_from_v1_0,139,1.1
radiopaedia_27_86410_0,radiopaedia_case_27,permanent_development,,complete_fixed_25,images/radiopaedia_27_86410_0.npz,annotations/radiopaedia_27_86410_0__complete_fixed_25.npz,a5bf085c9934d0cffa00ce12830ac6e3f6f0364b0cfd7038d36b03dc37689a4b,2bccee77b9916bdd04c0e17fc8b7e4b4f76f47c3dbb81604d5f1643f0ebbf934,34ebf09f25b723615014dedb9cda26f1ba0f14e13ac0b37bc6e74696b91608dc,4549beca6383f044f806c94e991be2a030d814a0b6d60bfaa7b17292947e4665,complete_fixed_25,34ebf09f25b723615014dedb9cda26f1ba0f14e13ac0b37bc6e74696b91608dc,4549beca6383f044f806c94e991be2a030d814a0b6d60bfaa7b17292947e4665,post_transfer_fixed_pair_unique_voxel_thinning,59,1.1
radiopaedia_27_86410_0,radiopaedia_case_27,permanent_development,,complete_fixed_50,images/radiopaedia_27_86410_0.npz,annotations/radiopaedia_27_86410_0__complete_fixed_50.npz,a5bf085c9934d0cffa00ce12830ac6e3f6f0364b0cfd7038d36b03dc37689a4b,8fb471952293448242a96591ec49bf7c0c712875e9824063935c18bd3c04c983,37ac975f065d64b43623470a0f528844f57d6765905ec0b7cca5e321b13c8e55,ef38b1483a30433f8e641eda2fb514f8196662c34ffe753e654ef517795ee78d,complete_fixed_50,37ac975f065d64b43623470a0f528844f57d6765905ec0b7cca5e321b13c8e55,ef38b1483a30433f8e641eda2fb514f8196662c34ffe753e654ef517795ee78d,post_transfer_fixed_pair_unique_voxel_thinning,134,1.1
radiopaedia_27_86410_0,radiopaedia_case_27,permanent_development,,complete_fixed_75,images/radiopaedia_27_86410_0.npz,annotations/radiopaedia_27_86410_0__complete_fixed_75.npz,a5bf085c9934d0cffa00ce12830ac6e3f6f0364b0cfd7038d36b03dc37689a4b,00370bc14d7098420c9fd3b53cf907de38772156570395c743e37a5ffb3e6506,37ac975f065d64b43623470a0f528844f57d6765905ec0b7cca5e321b13c8e55,ef38b1483a30433f8e641eda2fb514f8196662c34ffe753e654ef517795ee78d,complete_fixed_75,37ac975f065d64b43623470a0f528844f57d6765905ec0b7cca5e321b13c8e55,ef38b1483a30433f8e641eda2fb514f8196662c34ffe753e654ef517795ee78d,post_transfer_fixed_pair_unique_voxel_thinning,130,1.1
radiopaedia_27_86410_0,radiopaedia_case_27,permanent_development,,component_fixed_25,images/radiopaedia_27_86410_0.npz,annotations/radiopaedia_27_86410_0__component_fixed_25.npz,a5bf085c9934d0cffa00ce12830ac6e3f6f0364b0cfd7038d36b03dc37689a4b,e8eaff3b8c55b7684c854db82e23d129280529aa2cf08f327b186c0f2a1246c4,279581ad93c77ae004b6eb95af21b4de466d7a8e3532809fdc35fee9e0104e31,e8eaff3b8c55b7684c854db82e23d129280529aa2cf08f327b186c0f2a1246c4,component_fixed_25,279581ad93c77ae004b6eb95af21b4de466d7a8e3532809fdc35fee9e0104e31,e8eaff3b8c55b7684c854db82e23d129280529aa2cf08f327b186c0f2a1246c4,fixed_pair_side_already_at_shared_training_grid_target_unchanged,59,1.1
radiopaedia_27_86410_0,radiopaedia_case_27,permanent_development,,component_fixed_50,images/radiopaedia_27_86410_0.npz,annotations/radiopaedia_27_86410_0__component_fixed_50.npz,a5bf085c9934d0cffa00ce12830ac6e3f6f0364b0cfd7038d36b03dc37689a4b,b4bc9e2a3858a4e95ee8f470405cf275b10c5a6cd841a42fe9128900b509552c,c1d57a1334cb2813bc4a68716257593674617383c1dcd35c4cd5cebc85eab998,b4bc9e2a3858a4e95ee8f470405cf275b10c5a6cd841a42fe9128900b509552c,component_fixed_50,c1d57a1334cb2813bc4a68716257593674617383c1dcd35c4cd5cebc85eab998,b4bc9e2a3858a4e95ee8f470405cf275b10c5a6cd841a42fe9128900b509552c,fixed_pair_side_already_at_shared_training_grid_target_unchanged,134,1.1
radiopaedia_27_86410_0,radiopaedia_case_27,permanent_development,,component_fixed_75,images/radiopaedia_27_86410_0.npz,annotations/radiopaedia_27_86410_0__component_fixed_75.npz,a5bf085c9934d0cffa00ce12830ac6e3f6f0364b0cfd7038d36b03dc37689a4b,4c7a01c7a9c0feca60d326399ba31d751768c6355bd15a5d570dcea52c2f24a8,db9574ca97c2a34e42977e05a0275df5f5a2bcf46967388b939f0c0da59c9b74,4c7a01c7a9c0feca60d326399ba31d751768c6355bd15a5d570dcea52c2f24a8,component_fixed_75,db9574ca97c2a34e42977e05a0275df5f5a2bcf46967388b939f0c0da59c9b74,4c7a01c7a9c0feca60d326399ba31d751768c6355bd15a5d570dcea52c2f24a8,fixed_pair_side_already_at_shared_training_grid_target_unchanged,130,1.1
radiopaedia_27_86410_0,radiopaedia_case_27,permanent_development,,component_natural_25,images/radiopaedia_27_86410_0.npz,annotations/radiopaedia_27_86410_0__component_natural_25.npz,a5bf085c9934d0cffa00ce12830ac6e3f6f0364b0cfd7038d36b03dc37689a4b,58698b8ac910722945c90dd991376a6f3b1515679d01b8bb33dd1f7c6fa67368,d03cebd6c7e507ef5c0aa805fdb3784a07871087db2a83fba507a3c46f52f037,58698b8ac910722945c90dd991376a6f3b1515679d01b8bb33dd1f7c6fa67368,component_natural_25,d03cebd6c7e507ef5c0aa805fdb3784a07871087db2a83fba507a3c46f52f037,58698b8ac910722945c90dd991376a6f3b1515679d01b8bb33dd1f7c6fa67368,natural_component_omission_unchanged,33,1.1
radiopaedia_27_86410_0,radiopaedia_case_27,permanent_development,,component_natural_50,images/radiopaedia_27_86410_0.npz,annotations/radiopaedia_27_86410_0__component_natural_50.npz,a5bf085c9934d0cffa00ce12830ac6e3f6f0364b0cfd7038d36b03dc37689a4b,57f2c5e010a87464e4ce017c2f19527f6a7c2e970a7cb8a6e9a3d2fdc6922e3c,13eb13629f0737720c9ef5643d8849b134865ec65990f510d39c6684f2d00d80,57f2c5e010a87464e4ce017c2f19527f6a7c2e970a7cb8a6e9a3d2fdc6922e3c,component_natural_50,13eb13629f0737720c9ef5643d8849b134865ec65990f510d39c6684f2d00d80,57f2c5e010a87464e4ce017c2f19527f6a7c2e970a7cb8a6e9a3d2fdc6922e3c,natural_component_omission_unchanged,72,1.1
radiopaedia_27_86410_0,radiopaedia_case_27,permanent_development,,component_natural_75,images/radiopaedia_27_86410_0.npz,annotations/radiopaedia_27_86410_0__component_natural_75.npz,a5bf085c9934d0cffa00ce12830ac6e3f6f0364b0cfd7038d36b03dc37689a4b,20baaa21829a6b744bfdb3ac28c48d7d54bb873769e034c2f603fd6b82ff6c9f,424f2ba07f7d582f24695adecf452db90096b19df3a2045da7a19e544f11ce17,20baaa21829a6b744bfdb3ac28c48d7d54bb873769e034c2f603fd6b82ff6c9f,component_natural_75,424f2ba07f7d582f24695adecf452db90096b19df3a2045da7a19e544f11ce17,20baaa21829a6b744bfdb3ac28c48d7d54bb873769e034c2f603fd6b82ff6c9f,natural_component_omission_unchanged,102,1.1
radiopaedia_27_86410_0,radiopaedia_case_27,permanent_development,,pixel_dropout_matched_25,images/radiopaedia_27_86410_0.npz,annotations/radiopaedia_27_86410_0__pixel_dropout_matched_25.npz,a5bf085c9934d0cffa00ce12830ac6e3f6f0364b0cfd7038d36b03dc37689a4b,7979b5389a5b532895a2c0cf45eea8e9fe3c2f02a0eea7055f21cd8a4012c902,0551b2ad3bfb7cd2e25f8fd22489d8bd5602afc063027d5fe8b9e1987dd2c112,0d73ea4def791ac797871382039af0b4661fb5aac00966d4ef80365763959cbf,complete,37ac975f065d64b43623470a0f528844f57d6765905ec0b7cca5e321b13c8e55,ef38b1483a30433f8e641eda2fb514f8196662c34ffe753e654ef517795ee78d,post_transfer_unique_voxel_pixel_equalization,33,1.1
radiopaedia_27_86410_0,radiopaedia_case_27,permanent_development,,pixel_dropout_matched_50,images/radiopaedia_27_86410_0.npz,annotations/radiopaedia_27_86410_0__pixel_dropout_matched_50.npz,a5bf085c9934d0cffa00ce12830ac6e3f6f0364b0cfd7038d36b03dc37689a4b,725fe9db316d909bb5c425f952cb8d9e2674be90e38397aa0a4219e230b0f95f,1f85d10dd3a76ded7f90380dc6c8ac3719d5ea245e220734a7d5ec7646f0aafc,91e44e290e6577a7fa550339076ce3f309f4e88a3e54b9e84dc6637b856d7dfe,complete,37ac975f065d64b43623470a0f528844f57d6765905ec0b7cca5e321b13c8e55,ef38b1483a30433f8e641eda2fb514f8196662c34ffe753e654ef517795ee78d,post_transfer_unique_voxel_pixel_equalization,72,1.1
radiopaedia_27_86410_0,radiopaedia_case_27,permanent_development,,pixel_dropout_matched_75,images/radiopaedia_27_86410_0.npz,annotations/radiopaedia_27_86410_0__pixel_dropout_matched_75.npz,a5bf085c9934d0cffa00ce12830ac6e3f6f0364b0cfd7038d36b03dc37689a4b,2d6a710f930a60409a01102dbb8cdaf79dfe535729bdfc9e44955fda694161dc,6a0fab5c9ad114127eec0ed7f2e29f5b2af774a65d28abe30f69ac36d585c391,7fc3ff98f10ce6585f7a6029d00b8820be2bbcaa518f58daf235b1e4c51abca1,complete,37ac975f065d64b43623470a0f528844f57d6765905ec0b7cca5e321b13c8e55,ef38b1483a30433f8e641eda2fb514f8196662c34ffe753e654ef517795ee78d,post_transfer_unique_voxel_pixel_equalization,102,1.1
radiopaedia_29_86490_1,radiopaedia_case_29,final_outer_cv,0.0,complete,images/radiopaedia_29_86490_1.npz,annotations/radiopaedia_29_86490_1__complete.npz,3b7707cc61b246425c45fbef778c9f55d376fb79d8cb22c797e55004b8f7bf2a,2a5f3ece52b17448f34765f173f5c48ca3c0528728881bf7974934f3167c66ae,d5e19b2f42b852d6f00bb146dd8fb4b2320c39b700642b7d11549c4823abcbd9,2a5f3ece52b17448f34765f173f5c48ca3c0528728881bf7974934f3167c66ae,complete,d5e19b2f42b852d6f00bb146dd8fb4b2320c39b700642b7d11549c4823abcbd9,2a5f3ece52b17448f34765f173f5c48ca3c0528728881bf7974934f3167c66ae,unchanged_from_v1_0,4,1.1
radiopaedia_29_86490_1,radiopaedia_case_29,final_outer_cv,0.0,complete_fixed_25,images/radiopaedia_29_86490_1.npz,annotations/radiopaedia_29_86490_1__complete_fixed_25.npz,3b7707cc61b246425c45fbef778c9f55d376fb79d8cb22c797e55004b8f7bf2a,b833522cec8ba4c3e91ee959b36c4dc10a7d3a820a52dd6c4329bd8fca12b704,ccba93925c50a92afaa95d6a38f5bdecc1c9fa95fd22e7ac2a4cfa68a2b59d7e,b833522cec8ba4c3e91ee959b36c4dc10a7d3a820a52dd6c4329bd8fca12b704,complete_fixed_25,ccba93925c50a92afaa95d6a38f5bdecc1c9fa95fd22e7ac2a4cfa68a2b59d7e,b833522cec8ba4c3e91ee959b36c4dc10a7d3a820a52dd6c4329bd8fca12b704,fixed_pair_side_already_at_shared_training_grid_target_unchanged,2,1.1
radiopaedia_29_86490_1,radiopaedia_case_29,final_outer_cv,0.0,complete_fixed_50,images/radiopaedia_29_86490_1.npz,annotations/radiopaedia_29_86490_1__complete_fixed_50.npz,3b7707cc61b246425c45fbef778c9f55d376fb79d8cb22c797e55004b8f7bf2a,776ac5560442cc1f680ee10e44be2cf8d723c96a1e86b6400807873aa5631959,82f7fb0d4c4ccd87c374ed7f5e310798c0bd7d7e0f9ec9e0f64ad096188b899b,776ac5560442cc1f680ee10e44be2cf8d723c96a1e86b6400807873aa5631959,complete_fixed_50,82f7fb0d4c4ccd87c374ed7f5e310798c0bd7d7e0f9ec9e0f64ad096188b899b,776ac5560442cc1f680ee10e44be2cf8d723c96a1e86b6400807873aa5631959,fixed_pair_side_already_at_shared_training_grid_target_unchanged,2,1.1
radiopaedia_29_86490_1,radiopaedia_case_29,final_outer_cv,0.0,complete_fixed_75,images/radiopaedia_29_86490_1.npz,annotations/radiopaedia_29_86490_1__complete_fixed_75.npz,3b7707cc61b246425c45fbef778c9f55d376fb79d8cb22c797e55004b8f7bf2a,2a5f3ece52b17448f34765f173f5c48ca3c0528728881bf7974934f3167c66ae,d5e19b2f42b852d6f00bb146dd8fb4b2320c39b700642b7d11549c4823abcbd9,2a5f3ece52b17448f34765f173f5c48ca3c0528728881bf7974934f3167c66ae,complete_fixed_75,d5e19b2f42b852d6f00bb146dd8fb4b2320c39b700642b7d11549c4823abcbd9,2a5f3ece52b17448f34765f173f5c48ca3c0528728881bf7974934f3167c66ae,fixed_pair_side_already_at_shared_training_grid_target_unchanged,4,1.1
radiopaedia_29_86490_1,radiopaedia_case_29,final_outer_cv,0.0,component_fixed_25,images/radiopaedia_29_86490_1.npz,annotations/radiopaedia_29_86490_1__component_fixed_25.npz,3b7707cc61b246425c45fbef778c9f55d376fb79d8cb22c797e55004b8f7bf2a,04af2fa8cfd09ba7cf8b1d837ec33323ff0bdc469d46ebfdaa37b1817e3fda1d,6435d81b8b852d6141505075b9aa7ee3c9889988f0536aca6adbbc33c55ad8e8,04af2fa8cfd09ba7cf8b1d837ec33323ff0bdc469d46ebfdaa37b1817e3fda1d,component_fixed_25,6435d81b8b852d6141505075b9aa7ee3c9889988f0536aca6adbbc33c55ad8e8,04af2fa8cfd09ba7cf8b1d837ec33323ff0bdc469d46ebfdaa37b1817e3fda1d,fixed_pair_side_already_at_shared_training_grid_target_unchanged,2,1.1
radiopaedia_29_86490_1,radiopaedia_case_29,final_outer_cv,0.0,component_fixed_50,images/radiopaedia_29_86490_1.npz,annotations/radiopaedia_29_86490_1__component_fixed_50.npz,3b7707cc61b246425c45fbef778c9f55d376fb79d8cb22c797e55004b8f7bf2a,04af2fa8cfd09ba7cf8b1d837ec33323ff0bdc469d46ebfdaa37b1817e3fda1d,6435d81b8b852d6141505075b9aa7ee3c9889988f0536aca6adbbc33c55ad8e8,04af2fa8cfd09ba7cf8b1d837ec33323ff0bdc469d46ebfdaa37b1817e3fda1d,component_fixed_50,6435d81b8b852d6141505075b9aa7ee3c9889988f0536aca6adbbc33c55ad8e8,04af2fa8cfd09ba7cf8b1d837ec33323ff0bdc469d46ebfdaa37b1817e3fda1d,fixed_pair_side_already_at_shared_training_grid_target_unchanged,2,1.1
radiopaedia_29_86490_1,radiopaedia_case_29,final_outer_cv,0.0,component_fixed_75,images/radiopaedia_29_86490_1.npz,annotations/radiopaedia_29_86490_1__component_fixed_75.npz,3b7707cc61b246425c45fbef778c9f55d376fb79d8cb22c797e55004b8f7bf2a,2a5f3ece52b17448f34765f173f5c48ca3c0528728881bf7974934f3167c66ae,d5e19b2f42b852d6f00bb146dd8fb4b2320c39b700642b7d11549c4823abcbd9,2a5f3ece52b17448f34765f173f5c48ca3c0528728881bf7974934f3167c66ae,component_fixed_75,d5e19b2f42b852d6f00bb146dd8fb4b2320c39b700642b7d11549c4823abcbd9,2a5f3ece52b17448f34765f173f5c48ca3c0528728881bf7974934f3167c66ae,fixed_pair_side_already_at_shared_training_grid_target_unchanged,4,1.1
radiopaedia_29_86490_1,radiopaedia_case_29,final_outer_cv,0.0,component_natural_25,images/radiopaedia_29_86490_1.npz,annotations/radiopaedia_29_86490_1__component_natural_25.npz,3b7707cc61b246425c45fbef778c9f55d376fb79d8cb22c797e55004b8f7bf2a,04af2fa8cfd09ba7cf8b1d837ec33323ff0bdc469d46ebfdaa37b1817e3fda1d,6435d81b8b852d6141505075b9aa7ee3c9889988f0536aca6adbbc33c55ad8e8,04af2fa8cfd09ba7cf8b1d837ec33323ff0bdc469d46ebfdaa37b1817e3fda1d,component_natural_25,6435d81b8b852d6141505075b9aa7ee3c9889988f0536aca6adbbc33c55ad8e8,04af2fa8cfd09ba7cf8b1d837ec33323ff0bdc469d46ebfdaa37b1817e3fda1d,natural_component_omission_unchanged,2,1.1
radiopaedia_29_86490_1,radiopaedia_case_29,final_outer_cv,0.0,component_natural_50,images/radiopaedia_29_86490_1.npz,annotations/radiopaedia_29_86490_1__component_natural_50.npz,3b7707cc61b246425c45fbef778c9f55d376fb79d8cb22c797e55004b8f7bf2a,04af2fa8cfd09ba7cf8b1d837ec33323ff0bdc469d46ebfdaa37b1817e3fda1d,6435d81b8b852d6141505075b9aa7ee3c9889988f0536aca6adbbc33c55ad8e8,04af2fa8cfd09ba7cf8b1d837ec33323ff0bdc469d46ebfdaa37b1817e3fda1d,component_natural_50,6435d81b8b852d6141505075b9aa7ee3c9889988f0536aca6adbbc33c55ad8e8,04af2fa8cfd09ba7cf8b1d837ec33323ff0bdc469d46ebfdaa37b1817e3fda1d,natural_component_omission_unchanged,2,1.1
radiopaedia_29_86490_1,radiopaedia_case_29,final_outer_cv,0.0,component_natural_75,images/radiopaedia_29_86490_1.npz,annotations/radiopaedia_29_86490_1__component_natural_75.npz,3b7707cc61b246425c45fbef778c9f55d376fb79d8cb22c797e55004b8f7bf2a,2a5f3ece52b17448f34765f173f5c48ca3c0528728881bf7974934f3167c66ae,d5e19b2f42b852d6f00bb146dd8fb4b2320c39b700642b7d11549c4823abcbd9,2a5f3ece52b17448f34765f173f5c48ca3c0528728881bf7974934f3167c66ae,component_natural_75,d5e19b2f42b852d6f00bb146dd8fb4b2320c39b700642b7d11549c4823abcbd9,2a5f3ece52b17448f34765f173f5c48ca3c0528728881bf7974934f3167c66ae,natural_component_omission_unchanged,4,1.1
radiopaedia_29_86490_1,radiopaedia_case_29,final_outer_cv,0.0,pixel_dropout_matched_25,images/radiopaedia_29_86490_1.npz,annotations/radiopaedia_29_86490_1__pixel_dropout_matched_25.npz,3b7707cc61b246425c45fbef778c9f55d376fb79d8cb22c797e55004b8f7bf2a,f75215358a70b66b9a1c571656554f0498edca5b056f3f693f2075137aaa9b2f,6cf6d7d847544e0d77099254826af649d302475edb97694db17d0c3471c03bf2,f75215358a70b66b9a1c571656554f0498edca5b056f3f693f2075137aaa9b2f,pixel_dropout_matched_25,6cf6d7d847544e0d77099254826af649d302475edb97694db17d0c3471c03bf2,f75215358a70b66b9a1c571656554f0498edca5b056f3f693f2075137aaa9b2f,already_exact_after_transfer_unchanged,2,1.1
radiopaedia_29_86490_1,radiopaedia_case_29,final_outer_cv,0.0,pixel_dropout_matched_50,images/radiopaedia_29_86490_1.npz,annotations/radiopaedia_29_86490_1__pixel_dropout_matched_50.npz,3b7707cc61b246425c45fbef778c9f55d376fb79d8cb22c797e55004b8f7bf2a,776ac5560442cc1f680ee10e44be2cf8d723c96a1e86b6400807873aa5631959,82f7fb0d4c4ccd87c374ed7f5e310798c0bd7d7e0f9ec9e0f64ad096188b899b,776ac5560442cc1f680ee10e44be2cf8d723c96a1e86b6400807873aa5631959,pixel_dropout_matched_50,82f7fb0d4c4ccd87c374ed7f5e310798c0bd7d7e0f9ec9e0f64ad096188b899b,776ac5560442cc1f680ee10e44be2cf8d723c96a1e86b6400807873aa5631959,already_exact_after_transfer_unchanged,2,1.1
radiopaedia_29_86490_1,radiopaedia_case_29,final_outer_cv,0.0,pixel_dropout_matched_75,images/radiopaedia_29_86490_1.npz,annotations/radiopaedia_29_86490_1__pixel_dropout_matched_75.npz,3b7707cc61b246425c45fbef778c9f55d376fb79d8cb22c797e55004b8f7bf2a,2a5f3ece52b17448f34765f173f5c48ca3c0528728881bf7974934f3167c66ae,0c4fe3e9d431cc1e870d3c6894d7ee35626d215a6ecc2e3d80adf04f266ac379,2a5f3ece52b17448f34765f173f5c48ca3c0528728881bf7974934f3167c66ae,pixel_dropout_matched_75,0c4fe3e9d431cc1e870d3c6894d7ee35626d215a6ecc2e3d80adf04f266ac379,2a5f3ece52b17448f34765f173f5c48ca3c0528728881bf7974934f3167c66ae,already_exact_after_transfer_unchanged,4,1.1
radiopaedia_29_86491_1,radiopaedia_case_29,final_outer_cv,0.0,complete,images/radiopaedia_29_86491_1.npz,annotations/radiopaedia_29_86491_1__complete.npz,22e2899dc91136ae4fff121d4d280b66ce4f75a9e96afb3f98be28ab04a10955,0d99cf684cfb724896e0704414ec1659e560d589d0fdba9b41e962e1e5a0390f,2e2bbbd748c827000ac150cc1fe5d1b280f1a241ff22e79489e8749a47f6c0be,0d99cf684cfb724896e0704414ec1659e560d589d0fdba9b41e962e1e5a0390f,complete,2e2bbbd748c827000ac150cc1fe5d1b280f1a241ff22e79489e8749a47f6c0be,0d99cf684cfb724896e0704414ec1659e560d589d0fdba9b41e962e1e5a0390f,unchanged_from_v1_0,28,1.1
radiopaedia_29_86491_1,radiopaedia_case_29,final_outer_cv,0.0,complete_fixed_25,images/radiopaedia_29_86491_1.npz,annotations/radiopaedia_29_86491_1__complete_fixed_25.npz,22e2899dc91136ae4fff121d4d280b66ce4f75a9e96afb3f98be28ab04a10955,0995421667bced0787df9d527792d09075ab1175dc0bd8e538d8d8a294998003,83b17692777594736af74e8374b8cb6aee5d9506c076ff59b51ca0243c83553c,69d2d188da63eb07f99fe74c5c7916f19610ffbc58b0e563ef059bd12a740142,complete_fixed_25,83b17692777594736af74e8374b8cb6aee5d9506c076ff59b51ca0243c83553c,69d2d188da63eb07f99fe74c5c7916f19610ffbc58b0e563ef059bd12a740142,post_transfer_fixed_pair_unique_voxel_thinning,14,1.1
radiopaedia_29_86491_1,radiopaedia_case_29,final_outer_cv,0.0,complete_fixed_50,images/radiopaedia_29_86491_1.npz,annotations/radiopaedia_29_86491_1__complete_fixed_50.npz,22e2899dc91136ae4fff121d4d280b66ce4f75a9e96afb3f98be28ab04a10955,365357c41ba7e73e8b632af232a7a17e07d778e764921b6df5c37ecf80cc56e0,7aec6837dace67dd0b76d8e620f1488b87aa3190ec90499a77f3361a910c4ef1,05224e2f0fbeeeb041571641aa1af02ede009a7acfec77d55bf81adc1c648bb8,complete_fixed_50,7aec6837dace67dd0b76d8e620f1488b87aa3190ec90499a77f3361a910c4ef1,05224e2f0fbeeeb041571641aa1af02ede009a7acfec77d55bf81adc1c648bb8,post_transfer_fixed_pair_unique_voxel_thinning,16,1.1
radiopaedia_29_86491_1,radiopaedia_case_29,final_outer_cv,0.0,complete_fixed_75,images/radiopaedia_29_86491_1.npz,annotations/radiopaedia_29_86491_1__complete_fixed_75.npz,22e2899dc91136ae4fff121d4d280b66ce4f75a9e96afb3f98be28ab04a10955,0d99cf684cfb724896e0704414ec1659e560d589d0fdba9b41e962e1e5a0390f,2e2bbbd748c827000ac150cc1fe5d1b280f1a241ff22e79489e8749a47f6c0be,0d99cf684cfb724896e0704414ec1659e560d589d0fdba9b41e962e1e5a0390f,complete_fixed_75,2e2bbbd748c827000ac150cc1fe5d1b280f1a241ff22e79489e8749a47f6c0be,0d99cf684cfb724896e0704414ec1659e560d589d0fdba9b41e962e1e5a0390f,fixed_pair_side_already_at_shared_training_grid_target_unchanged,28,1.1
radiopaedia_29_86491_1,radiopaedia_case_29,final_outer_cv,0.0,component_fixed_25,images/radiopaedia_29_86491_1.npz,annotations/radiopaedia_29_86491_1__component_fixed_25.npz,22e2899dc91136ae4fff121d4d280b66ce4f75a9e96afb3f98be28ab04a10955,347604cdb80c84b93a78bf00e507043edb015c9718583a587b9268eda18a3c1c,259ca32b0fe66f9582477504e9692147ea21bfb674ab8cfadd9b7ea8e60947f9,347604cdb80c84b93a78bf00e507043edb015c9718583a587b9268eda18a3c1c,component_fixed_25,259ca32b0fe66f9582477504e9692147ea21bfb674ab8cfadd9b7ea8e60947f9,347604cdb80c84b93a78bf00e507043edb015c9718583a587b9268eda18a3c1c,fixed_pair_side_already_at_shared_training_grid_target_unchanged,14,1.1
radiopaedia_29_86491_1,radiopaedia_case_29,final_outer_cv,0.0,component_fixed_50,images/radiopaedia_29_86491_1.npz,annotations/radiopaedia_29_86491_1__component_fixed_50.npz,22e2899dc91136ae4fff121d4d280b66ce4f75a9e96afb3f98be28ab04a10955,c626f349f2fa77ba1c1037a06eaf8d2801644befd251594aee267eef375681f1,4d6a8cbadb0ac2dcb817b84739d461e7ea1769d8281c4d4fde0b40212ecc34c4,c626f349f2fa77ba1c1037a06eaf8d2801644befd251594aee267eef375681f1,component_fixed_50,4d6a8cbadb0ac2dcb817b84739d461e7ea1769d8281c4d4fde0b40212ecc34c4,c626f349f2fa77ba1c1037a06eaf8d2801644befd251594aee267eef375681f1,fixed_pair_side_already_at_shared_training_grid_target_unchanged,16,1.1
radiopaedia_29_86491_1,radiopaedia_case_29,final_outer_cv,0.0,component_fixed_75,images/radiopaedia_29_86491_1.npz,annotations/radiopaedia_29_86491_1__component_fixed_75.npz,22e2899dc91136ae4fff121d4d280b66ce4f75a9e96afb3f98be28ab04a10955,105713843af2a6b35262a1ba0a9ecba3c271723fe58eb5484dd5ad2141325012,0f5f6fbd99e3dc44e170e64bf2cac54505a4bc9952cc859f2c36abaf6c3f20ab,5dbf7fb4efc16d522dae843fd36c0b0486b3b96952e19f9af64debdf95f40f5b,component_fixed_75,0f5f6fbd99e3dc44e170e64bf2cac54505a4bc9952cc859f2c36abaf6c3f20ab,5dbf7fb4efc16d522dae843fd36c0b0486b3b96952e19f9af64debdf95f40f5b,post_transfer_fixed_pair_unique_voxel_thinning,28,1.1
radiopaedia_29_86491_1,radiopaedia_case_29,final_outer_cv,0.0,component_natural_25,images/radiopaedia_29_86491_1.npz,annotations/radiopaedia_29_86491_1__component_natural_25.npz,22e2899dc91136ae4fff121d4d280b66ce4f75a9e96afb3f98be28ab04a10955,347604cdb80c84b93a78bf00e507043edb015c9718583a587b9268eda18a3c1c,259ca32b0fe66f9582477504e9692147ea21bfb674ab8cfadd9b7ea8e60947f9,347604cdb80c84b93a78bf00e507043edb015c9718583a587b9268eda18a3c1c,component_natural_25,259ca32b0fe66f9582477504e9692147ea21bfb674ab8cfadd9b7ea8e60947f9,347604cdb80c84b93a78bf00e507043edb015c9718583a587b9268eda18a3c1c,natural_component_omission_unchanged,14,1.1
radiopaedia_29_86491_1,radiopaedia_case_29,final_outer_cv,0.0,component_natural_50,images/radiopaedia_29_86491_1.npz,annotations/radiopaedia_29_86491_1__component_natural_50.npz,22e2899dc91136ae4fff121d4d280b66ce4f75a9e96afb3f98be28ab04a10955,c626f349f2fa77ba1c1037a06eaf8d2801644befd251594aee267eef375681f1,4d6a8cbadb0ac2dcb817b84739d461e7ea1769d8281c4d4fde0b40212ecc34c4,c626f349f2fa77ba1c1037a06eaf8d2801644befd251594aee267eef375681f1,component_natural_50,4d6a8cbadb0ac2dcb817b84739d461e7ea1769d8281c4d4fde0b40212ecc34c4,c626f349f2fa77ba1c1037a06eaf8d2801644befd251594aee267eef375681f1,natural_component_omission_unchanged,16,1.1
radiopaedia_29_86491_1,radiopaedia_case_29,final_outer_cv,0.0,component_natural_75,images/radiopaedia_29_86491_1.npz,annotations/radiopaedia_29_86491_1__component_natural_75.npz,22e2899dc91136ae4fff121d4d280b66ce4f75a9e96afb3f98be28ab04a10955,0d99cf684cfb724896e0704414ec1659e560d589d0fdba9b41e962e1e5a0390f,2e2bbbd748c827000ac150cc1fe5d1b280f1a241ff22e79489e8749a47f6c0be,0d99cf684cfb724896e0704414ec1659e560d589d0fdba9b41e962e1e5a0390f,component_natural_75,2e2bbbd748c827000ac150cc1fe5d1b280f1a241ff22e79489e8749a47f6c0be,0d99cf684cfb724896e0704414ec1659e560d589d0fdba9b41e962e1e5a0390f,natural_component_omission_unchanged,28,1.1
radiopaedia_29_86491_1,radiopaedia_case_29,final_outer_cv,0.0,pixel_dropout_matched_25,images/radiopaedia_29_86491_1.npz,annotations/radiopaedia_29_86491_1__pixel_dropout_matched_25.npz,22e2899dc91136ae4fff121d4d280b66ce4f75a9e96afb3f98be28ab04a10955,7d5be6c8c64cf4d070868f9a4a6a885e2c2d4a34248acd7dedbfcdf0b7bc72c1,4092b5d127bc26295c15515715b7382c330c2afe9c3980d4552e3d2f40fc8e77,21117ae1a86237e195695bd7aff64ff5bce431d5d29e2fd358f559518ad9fbcd,complete,2e2bbbd748c827000ac150cc1fe5d1b280f1a241ff22e79489e8749a47f6c0be,0d99cf684cfb724896e0704414ec1659e560d589d0fdba9b41e962e1e5a0390f,post_transfer_unique_voxel_pixel_equalization,14,1.1
radiopaedia_29_86491_1,radiopaedia_case_29,final_outer_cv,0.0,pixel_dropout_matched_50,images/radiopaedia_29_86491_1.npz,annotations/radiopaedia_29_86491_1__pixel_dropout_matched_50.npz,22e2899dc91136ae4fff121d4d280b66ce4f75a9e96afb3f98be28ab04a10955,bec53360f6dc2d86fcce18967a42c14e6ca7efdfa2bc1dc6acc9ee1cd6252020,1d3bae3a916e518b65bb331022a1ca0b36225d8db2c5e06aad14a8864790a10a,25f3267ccadbe4cf247eaecf20c3d74cd944ef72f1de70a7b7d139bb9dab1ff0,complete,2e2bbbd748c827000ac150cc1fe5d1b280f1a241ff22e79489e8749a47f6c0be,0d99cf684cfb724896e0704414ec1659e560d589d0fdba9b41e962e1e5a0390f,post_transfer_unique_voxel_pixel_equalization,16,1.1
radiopaedia_29_86491_1,radiopaedia_case_29,final_outer_cv,0.0,pixel_dropout_matched_75,images/radiopaedia_29_86491_1.npz,annotations/radiopaedia_29_86491_1__pixel_dropout_matched_75.npz,22e2899dc91136ae4fff121d4d280b66ce4f75a9e96afb3f98be28ab04a10955,0d99cf684cfb724896e0704414ec1659e560d589d0fdba9b41e962e1e5a0390f,7c84980c81e805c688f5106adac838de4ed9d6b55c79126b73b053cf54f9103c,0d99cf684cfb724896e0704414ec1659e560d589d0fdba9b41e962e1e5a0390f,pixel_dropout_matched_75,7c84980c81e805c688f5106adac838de4ed9d6b55c79126b73b053cf54f9103c,0d99cf684cfb724896e0704414ec1659e560d589d0fdba9b41e962e1e5a0390f,already_exact_after_transfer_unchanged,28,1.1
radiopaedia_36_86526_0,radiopaedia_case_36,final_outer_cv,2.0,complete,images/radiopaedia_36_86526_0.npz,annotations/radiopaedia_36_86526_0__complete.npz,d9765f47b44be3f937b0f291185471f87045b42bcbae0fb15fdb0c9317fa98eb,13d48d229d03c75c54094f941f6eb7098c84b222f6fc023bf1c457603226dc66,1fe27bff00e8a6dd36c697097604cfa8db02f1875eecdc61e459b6eb3c0418b4,13d48d229d03c75c54094f941f6eb7098c84b222f6fc023bf1c457603226dc66,complete,1fe27bff00e8a6dd36c697097604cfa8db02f1875eecdc61e459b6eb3c0418b4,13d48d229d03c75c54094f941f6eb7098c84b222f6fc023bf1c457603226dc66,unchanged_from_v1_0,331,1.1
radiopaedia_36_86526_0,radiopaedia_case_36,final_outer_cv,2.0,complete_fixed_25,images/radiopaedia_36_86526_0.npz,annotations/radiopaedia_36_86526_0__complete_fixed_25.npz,d9765f47b44be3f937b0f291185471f87045b42bcbae0fb15fdb0c9317fa98eb,6910f772e0ac8c1b2d2f16f17762687de3a03512b1b2b3892224d91a1f2d7ea7,1cee46525e4eb2ee63d3647fcfd6013948de0be2e181679dac4de747f60e9c3e,2bdd68c2f7f686a54fde2aa871a60ec8125d3b9d43ec3961278d68b62a6c9c65,complete_fixed_25,1cee46525e4eb2ee63d3647fcfd6013948de0be2e181679dac4de747f60e9c3e,2bdd68c2f7f686a54fde2aa871a60ec8125d3b9d43ec3961278d68b62a6c9c65,post_transfer_fixed_pair_unique_voxel_thinning,117,1.1
radiopaedia_36_86526_0,radiopaedia_case_36,final_outer_cv,2.0,complete_fixed_50,images/radiopaedia_36_86526_0.npz,annotations/radiopaedia_36_86526_0__complete_fixed_50.npz,d9765f47b44be3f937b0f291185471f87045b42bcbae0fb15fdb0c9317fa98eb,cbf77a5f028910a6760ff074d32c1f38f50513e3303aba9d0783c7a8598e0db8,75e0a22bff6bcfff413e7b5b4e38d6d286efeb0adbbc4ece1c884e0df0fa1301,3890a7a50453f843ef37c48c0526c8ac0b1471dcfbc4e3e0ba3cf0623fee0296,complete_fixed_50,75e0a22bff6bcfff413e7b5b4e38d6d286efeb0adbbc4ece1c884e0df0fa1301,3890a7a50453f843ef37c48c0526c8ac0b1471dcfbc4e3e0ba3cf0623fee0296,post_transfer_fixed_pair_unique_voxel_thinning,240,1.1
radiopaedia_36_86526_0,radiopaedia_case_36,final_outer_cv,2.0,complete_fixed_75,images/radiopaedia_36_86526_0.npz,annotations/radiopaedia_36_86526_0__complete_fixed_75.npz,d9765f47b44be3f937b0f291185471f87045b42bcbae0fb15fdb0c9317fa98eb,23e1458d5c27534084c8aa0fdc27122027bef62a9e59ed475c20a91b0d72ee58,1fe27bff00e8a6dd36c697097604cfa8db02f1875eecdc61e459b6eb3c0418b4,13d48d229d03c75c54094f941f6eb7098c84b222f6fc023bf1c457603226dc66,complete_fixed_75,1fe27bff00e8a6dd36c697097604cfa8db02f1875eecdc61e459b6eb3c0418b4,13d48d229d03c75c54094f941f6eb7098c84b222f6fc023bf1c457603226dc66,post_transfer_fixed_pair_unique_voxel_thinning,328,1.1
radiopaedia_36_86526_0,radiopaedia_case_36,final_outer_cv,2.0,component_fixed_25,images/radiopaedia_36_86526_0.npz,annotations/radiopaedia_36_86526_0__component_fixed_25.npz,d9765f47b44be3f937b0f291185471f87045b42bcbae0fb15fdb0c9317fa98eb,f3b16c1e3e096a243880db9b95d24ddbc7354a06576b12465ae6957456e3366d,a6a4e6e7d50b9a60981d467980710e8c8cb210cedc3e0580647ec51d2ae344c1,f3b16c1e3e096a243880db9b95d24ddbc7354a06576b12465ae6957456e3366d,component_fixed_25,a6a4e6e7d50b9a60981d467980710e8c8cb210cedc3e0580647ec51d2ae344c1,f3b16c1e3e096a243880db9b95d24ddbc7354a06576b12465ae6957456e3366d,fixed_pair_side_already_at_shared_training_grid_target_unchanged,117,1.1
radiopaedia_36_86526_0,radiopaedia_case_36,final_outer_cv,2.0,component_fixed_50,images/radiopaedia_36_86526_0.npz,annotations/radiopaedia_36_86526_0__component_fixed_50.npz,d9765f47b44be3f937b0f291185471f87045b42bcbae0fb15fdb0c9317fa98eb,5c21d1692117cae319bcb3898c4201aec26348b904f00e2865c0934861aafb2b,4df314d44b14851b29bbf80ff04fe9113d2396b95fc8a32696f97537a0c74817,5c21d1692117cae319bcb3898c4201aec26348b904f00e2865c0934861aafb2b,component_fixed_50,4df314d44b14851b29bbf80ff04fe9113d2396b95fc8a32696f97537a0c74817,5c21d1692117cae319bcb3898c4201aec26348b904f00e2865c0934861aafb2b,fixed_pair_side_already_at_shared_training_grid_target_unchanged,240,1.1
radiopaedia_36_86526_0,radiopaedia_case_36,final_outer_cv,2.0,component_fixed_75,images/radiopaedia_36_86526_0.npz,annotations/radiopaedia_36_86526_0__component_fixed_75.npz,d9765f47b44be3f937b0f291185471f87045b42bcbae0fb15fdb0c9317fa98eb,bc3e05a7edcc9ba80800d09defab5a8587dba976598fb128a55ccf3b97f5580c,11bcb707bbe836f9a64f78891463013828e75f54e73a652b53f1d69fc3e361b5,bc3e05a7edcc9ba80800d09defab5a8587dba976598fb128a55ccf3b97f5580c,component_fixed_75,11bcb707bbe836f9a64f78891463013828e75f54e73a652b53f1d69fc3e361b5,bc3e05a7edcc9ba80800d09defab5a8587dba976598fb128a55ccf3b97f5580c,fixed_pair_side_already_at_shared_training_grid_target_unchanged,328,1.1
radiopaedia_36_86526_0,radiopaedia_case_36,final_outer_cv,2.0,component_natural_25,images/radiopaedia_36_86526_0.npz,annotations/radiopaedia_36_86526_0__component_natural_25.npz,d9765f47b44be3f937b0f291185471f87045b42bcbae0fb15fdb0c9317fa98eb,600a1d4438ee0d2286638d1c6d44d3abe5294203212560eafa928348fa73e4c4,45e4b4aeaedf8c632ede2a67a32bffee907943c9a1d960bc1cdd31f45df68457,600a1d4438ee0d2286638d1c6d44d3abe5294203212560eafa928348fa73e4c4,component_natural_25,45e4b4aeaedf8c632ede2a67a32bffee907943c9a1d960bc1cdd31f45df68457,600a1d4438ee0d2286638d1c6d44d3abe5294203212560eafa928348fa73e4c4,natural_component_omission_unchanged,83,1.1
radiopaedia_36_86526_0,radiopaedia_case_36,final_outer_cv,2.0,component_natural_50,images/radiopaedia_36_86526_0.npz,annotations/radiopaedia_36_86526_0__component_natural_50.npz,d9765f47b44be3f937b0f291185471f87045b42bcbae0fb15fdb0c9317fa98eb,dc2e79aeaa34f09fe0215fb1eaab80ca037f964cda84e2309727dc032b0fba29,e1ac0a7eece704f02db9f8db4bdf8427c5ec3e23eae6f09b9f479d3e1e7d9853,dc2e79aeaa34f09fe0215fb1eaab80ca037f964cda84e2309727dc032b0fba29,component_natural_50,e1ac0a7eece704f02db9f8db4bdf8427c5ec3e23eae6f09b9f479d3e1e7d9853,dc2e79aeaa34f09fe0215fb1eaab80ca037f964cda84e2309727dc032b0fba29,natural_component_omission_unchanged,164,1.1
radiopaedia_36_86526_0,radiopaedia_case_36,final_outer_cv,2.0,component_natural_75,images/radiopaedia_36_86526_0.npz,annotations/radiopaedia_36_86526_0__component_natural_75.npz,d9765f47b44be3f937b0f291185471f87045b42bcbae0fb15fdb0c9317fa98eb,ee2b8f8cea70be4359f400bee3a9770dcea20fe5a5523575451a60e9bc5fce01,0b51c2c7f354aefb1080a42343dc6b77b540b8bbb2f130312fdea08050322c8e,ee2b8f8cea70be4359f400bee3a9770dcea20fe5a5523575451a60e9bc5fce01,component_natural_75,0b51c2c7f354aefb1080a42343dc6b77b540b8bbb2f130312fdea08050322c8e,ee2b8f8cea70be4359f400bee3a9770dcea20fe5a5523575451a60e9bc5fce01,natural_component_omission_unchanged,243,1.1
radiopaedia_36_86526_0,radiopaedia_case_36,final_outer_cv,2.0,pixel_dropout_matched_25,images/radiopaedia_36_86526_0.npz,annotations/radiopaedia_36_86526_0__pixel_dropout_matched_25.npz,d9765f47b44be3f937b0f291185471f87045b42bcbae0fb15fdb0c9317fa98eb,b474af15a1d626b83c7f3c5e0412f8405db3ac3f6719b31d5ccd46f4062e3a82,b031e5ffebac31d445e6dbf41b5ed3743bc82f05a47c3ce24b0fa9ac07a761b4,8d61e6a9feafafced48a97243f2a6e54fd4c52a1e81f028626c8f4a6cab0f72f,complete,1fe27bff00e8a6dd36c697097604cfa8db02f1875eecdc61e459b6eb3c0418b4,13d48d229d03c75c54094f941f6eb7098c84b222f6fc023bf1c457603226dc66,post_transfer_unique_voxel_pixel_equalization,83,1.1
radiopaedia_36_86526_0,radiopaedia_case_36,final_outer_cv,2.0,pixel_dropout_matched_50,images/radiopaedia_36_86526_0.npz,annotations/radiopaedia_36_86526_0__pixel_dropout_matched_50.npz,d9765f47b44be3f937b0f291185471f87045b42bcbae0fb15fdb0c9317fa98eb,f8637279099c8563e9e84c61f3aa452e354df60f1cfe15559f336b806dabb596,2301e3edd0d34f56c3e3e5f8bc2bef266a74e2e0e120bb67eb07b67880b1b30f,a115c4e30ef02180d3a38dd26156d3e2b6163e07f4b9aa970d6af07e7fb11f51,complete,1fe27bff00e8a6dd36c697097604cfa8db02f1875eecdc61e459b6eb3c0418b4,13d48d229d03c75c54094f941f6eb7098c84b222f6fc023bf1c457603226dc66,post_transfer_unique_voxel_pixel_equalization,164,1.1
radiopaedia_36_86526_0,radiopaedia_case_36,final_outer_cv,2.0,pixel_dropout_matched_75,images/radiopaedia_36_86526_0.npz,annotations/radiopaedia_36_86526_0__pixel_dropout_matched_75.npz,d9765f47b44be3f937b0f291185471f87045b42bcbae0fb15fdb0c9317fa98eb,f8000b59e601ebc7051f0f1e532bf7839fc30c1cb4a82e86bcd7c8826bd8e5c5,0b330c108aeb118d8a5db03f360b39c7a0c10f45f727e534649378ca1533b90e,61fcc75d38d418b3f87af7c8a453218316e140c139f0c8a16251b42db082e087,complete,1fe27bff00e8a6dd36c697097604cfa8db02f1875eecdc61e459b6eb3c0418b4,13d48d229d03c75c54094f941f6eb7098c84b222f6fc023bf1c457603226dc66,post_transfer_unique_voxel_pixel_equalization,243,1.1
radiopaedia_40_86625_0,radiopaedia_case_40,final_outer_cv,3.0,complete,images/radiopaedia_40_86625_0.npz,annotations/radiopaedia_40_86625_0__complete.npz,016b646156333e253efa39ce0455cd9b0cbe365a246c66f4a4dbb9510082363f,a609532b928e77b5a15d86b4ad0d90bccd90dc3976a9c1836a6120974fcccd91,a5f6982f5047b9a665dd7e8b6acfa44de5ae379cea20705d7070a7ca1d19fcd1,a609532b928e77b5a15d86b4ad0d90bccd90dc3976a9c1836a6120974fcccd91,complete,a5f6982f5047b9a665dd7e8b6acfa44de5ae379cea20705d7070a7ca1d19fcd1,a609532b928e77b5a15d86b4ad0d90bccd90dc3976a9c1836a6120974fcccd91,unchanged_from_v1_0,96,1.1
radiopaedia_40_86625_0,radiopaedia_case_40,final_outer_cv,3.0,complete_fixed_25,images/radiopaedia_40_86625_0.npz,annotations/radiopaedia_40_86625_0__complete_fixed_25.npz,016b646156333e253efa39ce0455cd9b0cbe365a246c66f4a4dbb9510082363f,baf97f2928eb71304140172ed1ede24ca9392da4b535d7ea0c38f75eb2acbb49,025e9187b04fddd4ceafd71f2172ed54ac2a9f105b690960dfa10b9aa30b97bb,bdebd0cf07ad74afce1fb6c18681f4ca98f8a9981858c5eb1eb394499e78399a,complete_fixed_25,025e9187b04fddd4ceafd71f2172ed54ac2a9f105b690960dfa10b9aa30b97bb,bdebd0cf07ad74afce1fb6c18681f4ca98f8a9981858c5eb1eb394499e78399a,post_transfer_fixed_pair_unique_voxel_thinning,62,1.1
radiopaedia_40_86625_0,radiopaedia_case_40,final_outer_cv,3.0,complete_fixed_50,images/radiopaedia_40_86625_0.npz,annotations/radiopaedia_40_86625_0__complete_fixed_50.npz,016b646156333e253efa39ce0455cd9b0cbe365a246c66f4a4dbb9510082363f,a609532b928e77b5a15d86b4ad0d90bccd90dc3976a9c1836a6120974fcccd91,a5f6982f5047b9a665dd7e8b6acfa44de5ae379cea20705d7070a7ca1d19fcd1,a609532b928e77b5a15d86b4ad0d90bccd90dc3976a9c1836a6120974fcccd91,complete_fixed_50,a5f6982f5047b9a665dd7e8b6acfa44de5ae379cea20705d7070a7ca1d19fcd1,a609532b928e77b5a15d86b4ad0d90bccd90dc3976a9c1836a6120974fcccd91,fixed_pair_side_already_at_shared_training_grid_target_unchanged,96,1.1
radiopaedia_40_86625_0,radiopaedia_case_40,final_outer_cv,3.0,complete_fixed_75,images/radiopaedia_40_86625_0.npz,annotations/radiopaedia_40_86625_0__complete_fixed_75.npz,016b646156333e253efa39ce0455cd9b0cbe365a246c66f4a4dbb9510082363f,cd08869d2f35afd5da2661e30b2dfe8074d75cb16db3090470fc8d32ebdc05aa,a5f6982f5047b9a665dd7e8b6acfa44de5ae379cea20705d7070a7ca1d19fcd1,a609532b928e77b5a15d86b4ad0d90bccd90dc3976a9c1836a6120974fcccd91,complete_fixed_75,a5f6982f5047b9a665dd7e8b6acfa44de5ae379cea20705d7070a7ca1d19fcd1,a609532b928e77b5a15d86b4ad0d90bccd90dc3976a9c1836a6120974fcccd91,post_transfer_fixed_pair_unique_voxel_thinning,94,1.1
radiopaedia_40_86625_0,radiopaedia_case_40,final_outer_cv,3.0,component_fixed_25,images/radiopaedia_40_86625_0.npz,annotations/radiopaedia_40_86625_0__component_fixed_25.npz,016b646156333e253efa39ce0455cd9b0cbe365a246c66f4a4dbb9510082363f,e143a401f14a1a128644f89621ac4edad1d9de329b8094b278ad803141d43618,a7bb0f29c13342c490fd7eace8bfb25b1ec263f4078bd94881397a4d28f14756,e143a401f14a1a128644f89621ac4edad1d9de329b8094b278ad803141d43618,component_fixed_25,a7bb0f29c13342c490fd7eace8bfb25b1ec263f4078bd94881397a4d28f14756,e143a401f14a1a128644f89621ac4edad1d9de329b8094b278ad803141d43618,fixed_pair_side_already_at_shared_training_grid_target_unchanged,62,1.1
radiopaedia_40_86625_0,radiopaedia_case_40,final_outer_cv,3.0,component_fixed_50,images/radiopaedia_40_86625_0.npz,annotations/radiopaedia_40_86625_0__component_fixed_50.npz,016b646156333e253efa39ce0455cd9b0cbe365a246c66f4a4dbb9510082363f,494f259abcc0bbae525b21a72e597e6e06bb4d571ee83d943e4544ff582b7c25,62d7b06c13681f57058660c5da851168cbf5d258fa712f0fb99d972dff1accab,9cdf9bb09daa9f3ea0299839399be58afb290e67d51a28cbe1b66e0f882c9669,component_fixed_50,62d7b06c13681f57058660c5da851168cbf5d258fa712f0fb99d972dff1accab,9cdf9bb09daa9f3ea0299839399be58afb290e67d51a28cbe1b66e0f882c9669,post_transfer_fixed_pair_unique_voxel_thinning,96,1.1
radiopaedia_40_86625_0,radiopaedia_case_40,final_outer_cv,3.0,component_fixed_75,images/radiopaedia_40_86625_0.npz,annotations/radiopaedia_40_86625_0__component_fixed_75.npz,016b646156333e253efa39ce0455cd9b0cbe365a246c66f4a4dbb9510082363f,439c9d55626d4f60107089ca97dbf8049207202952ea483d0c799028931bdf43,c9c6e504a2497ec29639d64d85d373d801dd2f862c6384b306a37847589e79e3,439c9d55626d4f60107089ca97dbf8049207202952ea483d0c799028931bdf43,component_fixed_75,c9c6e504a2497ec29639d64d85d373d801dd2f862c6384b306a37847589e79e3,439c9d55626d4f60107089ca97dbf8049207202952ea483d0c799028931bdf43,fixed_pair_side_already_at_shared_training_grid_target_unchanged,94,1.1
radiopaedia_40_86625_0,radiopaedia_case_40,final_outer_cv,3.0,component_natural_25,images/radiopaedia_40_86625_0.npz,annotations/radiopaedia_40_86625_0__component_natural_25.npz,016b646156333e253efa39ce0455cd9b0cbe365a246c66f4a4dbb9510082363f,1626c4458dad4c3da66bf3ce8a274cb5bc925f365f9e03a953e29daed021f2b2,92a8ec7a5830fbac485891a6780549d7c8810bc9847dfabe3a902f5ea5c3f99d,1626c4458dad4c3da66bf3ce8a274cb5bc925f365f9e03a953e29daed021f2b2,component_natural_25,92a8ec7a5830fbac485891a6780549d7c8810bc9847dfabe3a902f5ea5c3f99d,1626c4458dad4c3da66bf3ce8a274cb5bc925f365f9e03a953e29daed021f2b2,natural_component_omission_unchanged,29,1.1
radiopaedia_40_86625_0,radiopaedia_case_40,final_outer_cv,3.0,component_natural_50,images/radiopaedia_40_86625_0.npz,annotations/radiopaedia_40_86625_0__component_natural_50.npz,016b646156333e253efa39ce0455cd9b0cbe365a246c66f4a4dbb9510082363f,28e0764cec4e0e6d3007a1601afa50712e4c4ad8472743cf1a3676d3bc6ebbcc,a1bcfda95ee8c17b55a2a16923b8907f61807a9005d031acb643b02ef35e3d53,28e0764cec4e0e6d3007a1601afa50712e4c4ad8472743cf1a3676d3bc6ebbcc,component_natural_50,a1bcfda95ee8c17b55a2a16923b8907f61807a9005d031acb643b02ef35e3d53,28e0764cec4e0e6d3007a1601afa50712e4c4ad8472743cf1a3676d3bc6ebbcc,natural_component_omission_unchanged,61,1.1
radiopaedia_40_86625_0,radiopaedia_case_40,final_outer_cv,3.0,component_natural_75,images/radiopaedia_40_86625_0.npz,annotations/radiopaedia_40_86625_0__component_natural_75.npz,016b646156333e253efa39ce0455cd9b0cbe365a246c66f4a4dbb9510082363f,5ba0afcc615d93b5b675052fd21a0398a7e7045d61f2198bebba9495d2b23f91,6c40fb871a344f9e730f8315e627ab48e1da89eff92db75b0a1af85cfad7f0c1,5ba0afcc615d93b5b675052fd21a0398a7e7045d61f2198bebba9495d2b23f91,component_natural_75,6c40fb871a344f9e730f8315e627ab48e1da89eff92db75b0a1af85cfad7f0c1,5ba0afcc615d93b5b675052fd21a0398a7e7045d61f2198bebba9495d2b23f91,natural_component_omission_unchanged,74,1.1
radiopaedia_40_86625_0,radiopaedia_case_40,final_outer_cv,3.0,pixel_dropout_matched_25,images/radiopaedia_40_86625_0.npz,annotations/radiopaedia_40_86625_0__pixel_dropout_matched_25.npz,016b646156333e253efa39ce0455cd9b0cbe365a246c66f4a4dbb9510082363f,1ff4a1afd023596831887b0598823758d95128bbac89e9eece3d43ff70175de4,c67c5bb1fbcbfda2e61658123707598081c4f92f8060094ab1485de3be34fade,92261777db746110d990949656b506392aa40eee62c12ad25aa6a13e0fb7d3a2,complete,a5f6982f5047b9a665dd7e8b6acfa44de5ae379cea20705d7070a7ca1d19fcd1,a609532b928e77b5a15d86b4ad0d90bccd90dc3976a9c1836a6120974fcccd91,post_transfer_unique_voxel_pixel_equalization,29,1.1
radiopaedia_40_86625_0,radiopaedia_case_40,final_outer_cv,3.0,pixel_dropout_matched_50,images/radiopaedia_40_86625_0.npz,annotations/radiopaedia_40_86625_0__pixel_dropout_matched_50.npz,016b646156333e253efa39ce0455cd9b0cbe365a246c66f4a4dbb9510082363f,db27709a76c84d9a31d720ab2cd3b775ea2d5e937c1a1a698f97b5b4b69c1c69,73df165fc0d4591bd135705a898bdfd2230673d9b2dac3382d03d33ef355cbd6,66d02d39d72e50032e63ddb69e4740efc8f6daf185cd7d1097a47c047db8319e,complete,a5f6982f5047b9a665dd7e8b6acfa44de5ae379cea20705d7070a7ca1d19fcd1,a609532b928e77b5a15d86b4ad0d90bccd90dc3976a9c1836a6120974fcccd91,post_transfer_unique_voxel_pixel_equalization,61,1.1
radiopaedia_40_86625_0,radiopaedia_case_40,final_outer_cv,3.0,pixel_dropout_matched_75,images/radiopaedia_40_86625_0.npz,annotations/radiopaedia_40_86625_0__pixel_dropout_matched_75.npz,016b646156333e253efa39ce0455cd9b0cbe365a246c66f4a4dbb9510082363f,7d18df3b5e34967e984467f39a34d5fe7c2bb4aeedf5c2fc392c190df7e1b9ab,5ec508a49ca365baf939cbdc4bcb17055b659854a9ae3b65fda1a4263d1567ec,4f9ebe877da2b22eb3a074401f9eeaa2051b956151dc5b74a649a7773397b943,complete,a5f6982f5047b9a665dd7e8b6acfa44de5ae379cea20705d7070a7ca1d19fcd1,a609532b928e77b5a15d86b4ad0d90bccd90dc3976a9c1836a6120974fcccd91,post_transfer_unique_voxel_pixel_equalization,74,1.1
radiopaedia_4_85506_1,radiopaedia_case_4,final_outer_cv,1.0,complete,images/radiopaedia_4_85506_1.npz,annotations/radiopaedia_4_85506_1__complete.npz,33ceec7cf953b6b09b5607ab7fc66cb3e9169b68233cece145e08c5969695feb,bbbf78a732ed66b852b749e7fc61282d847291d3796b9f424dbd2445fd7b381d,5b8eeeea20885aa263a385670661076d3dbba473ec98444ec49c98c70c9b6a81,bbbf78a732ed66b852b749e7fc61282d847291d3796b9f424dbd2445fd7b381d,complete,5b8eeeea20885aa263a385670661076d3dbba473ec98444ec49c98c70c9b6a81,bbbf78a732ed66b852b749e7fc61282d847291d3796b9f424dbd2445fd7b381d,unchanged_from_v1_0,240,1.1
radiopaedia_4_85506_1,radiopaedia_case_4,final_outer_cv,1.0,complete_fixed_25,images/radiopaedia_4_85506_1.npz,annotations/radiopaedia_4_85506_1__complete_fixed_25.npz,33ceec7cf953b6b09b5607ab7fc66cb3e9169b68233cece145e08c5969695feb,4e56fd9b34149664fcf02ed20663bd57509aeeab4d79fb896e8ef2a694aee7f7,b46c27f3db3a671401762e95afba8903c9c02c34c34690ea9151519d822b5a48,68f3544d44b63ff6c88191cab7d776e2d4725c3c291277e1000428d641e38bdc,complete_fixed_25,b46c27f3db3a671401762e95afba8903c9c02c34c34690ea9151519d822b5a48,68f3544d44b63ff6c88191cab7d776e2d4725c3c291277e1000428d641e38bdc,post_transfer_fixed_pair_unique_voxel_thinning,67,1.1
radiopaedia_4_85506_1,radiopaedia_case_4,final_outer_cv,1.0,complete_fixed_50,images/radiopaedia_4_85506_1.npz,annotations/radiopaedia_4_85506_1__complete_fixed_50.npz,33ceec7cf953b6b09b5607ab7fc66cb3e9169b68233cece145e08c5969695feb,87a5913ac9454698b1af8e871965c6473d6620f52bf6243e50e7d6919c843f3a,cf7ad4a04c9aa293933819f205d6c123b3310c7d83f54f7a579a4f311f1d1413,7f118e3a4da138548054db66456694f150eb8e8e9e9386c963cfcba2d9c1db62,complete_fixed_50,cf7ad4a04c9aa293933819f205d6c123b3310c7d83f54f7a579a4f311f1d1413,7f118e3a4da138548054db66456694f150eb8e8e9e9386c963cfcba2d9c1db62,post_transfer_fixed_pair_unique_voxel_thinning,159,1.1
radiopaedia_4_85506_1,radiopaedia_case_4,final_outer_cv,1.0,complete_fixed_75,images/radiopaedia_4_85506_1.npz,annotations/radiopaedia_4_85506_1__complete_fixed_75.npz,33ceec7cf953b6b09b5607ab7fc66cb3e9169b68233cece145e08c5969695feb,636b8529801b9929bb9315b1d5b644789521b2961fcffe7c839b85562aed11bc,5b8eeeea20885aa263a385670661076d3dbba473ec98444ec49c98c70c9b6a81,bbbf78a732ed66b852b749e7fc61282d847291d3796b9f424dbd2445fd7b381d,complete_fixed_75,5b8eeeea20885aa263a385670661076d3dbba473ec98444ec49c98c70c9b6a81,bbbf78a732ed66b852b749e7fc61282d847291d3796b9f424dbd2445fd7b381d,post_transfer_fixed_pair_unique_voxel_thinning,239,1.1
radiopaedia_4_85506_1,radiopaedia_case_4,final_outer_cv,1.0,component_fixed_25,images/radiopaedia_4_85506_1.npz,annotations/radiopaedia_4_85506_1__component_fixed_25.npz,33ceec7cf953b6b09b5607ab7fc66cb3e9169b68233cece145e08c5969695feb,e3bec852fe2c1d0c09cf987ecce57a5730da622ef71a680cc760eb1ccca7d351,44855c086040ebc78bc50bd6abe26ba330318d1a526637ea35d9981172d65619,e3bec852fe2c1d0c09cf987ecce57a5730da622ef71a680cc760eb1ccca7d351,component_fixed_25,44855c086040ebc78bc50bd6abe26ba330318d1a526637ea35d9981172d65619,e3bec852fe2c1d0c09cf987ecce57a5730da622ef71a680cc760eb1ccca7d351,fixed_pair_side_already_at_shared_training_grid_target_unchanged,67,1.1
radiopaedia_4_85506_1,radiopaedia_case_4,final_outer_cv,1.0,component_fixed_50,images/radiopaedia_4_85506_1.npz,annotations/radiopaedia_4_85506_1__component_fixed_50.npz,33ceec7cf953b6b09b5607ab7fc66cb3e9169b68233cece145e08c5969695feb,61099222393af66724cb18b2110c6947015eb67b4d4e7d260b9273a6319e6c2c,9b355f4ccbc6ca283c1a14029ed815d7256ec1ef0c369fe10487a4fe0d8270f1,61099222393af66724cb18b2110c6947015eb67b4d4e7d260b9273a6319e6c2c,component_fixed_50,9b355f4ccbc6ca283c1a14029ed815d7256ec1ef0c369fe10487a4fe0d8270f1,61099222393af66724cb18b2110c6947015eb67b4d4e7d260b9273a6319e6c2c,fixed_pair_side_already_at_shared_training_grid_target_unchanged,159,1.1
radiopaedia_4_85506_1,radiopaedia_case_4,final_outer_cv,1.0,component_fixed_75,images/radiopaedia_4_85506_1.npz,annotations/radiopaedia_4_85506_1__component_fixed_75.npz,33ceec7cf953b6b09b5607ab7fc66cb3e9169b68233cece145e08c5969695feb,fcc1050e3f576a8a364827ef593fedc0a431dc31d51b0085b158f5b8e08a589c,9fc394d1572c47b5cf0adafa829c6efc293dec5267c0a86a6d0c0ddc99ea3dc9,fcc1050e3f576a8a364827ef593fedc0a431dc31d51b0085b158f5b8e08a589c,component_fixed_75,9fc394d1572c47b5cf0adafa829c6efc293dec5267c0a86a6d0c0ddc99ea3dc9,fcc1050e3f576a8a364827ef593fedc0a431dc31d51b0085b158f5b8e08a589c,fixed_pair_side_already_at_shared_training_grid_target_unchanged,239,1.1
radiopaedia_4_85506_1,radiopaedia_case_4,final_outer_cv,1.0,component_natural_25,images/radiopaedia_4_85506_1.npz,annotations/radiopaedia_4_85506_1__component_natural_25.npz,33ceec7cf953b6b09b5607ab7fc66cb3e9169b68233cece145e08c5969695feb,3c1d1abb5240562e9e9d24a14588088c54964ec52bd2f505306449d94e24c5f9,f4869545a8b8c2d489a53b001376a9e3c2ccb9f5a1f45140005ab45434b267f8,3c1d1abb5240562e9e9d24a14588088c54964ec52bd2f505306449d94e24c5f9,component_natural_25,f4869545a8b8c2d489a53b001376a9e3c2ccb9f5a1f45140005ab45434b267f8,3c1d1abb5240562e9e9d24a14588088c54964ec52bd2f505306449d94e24c5f9,natural_component_omission_unchanged,50,1.1
radiopaedia_4_85506_1,radiopaedia_case_4,final_outer_cv,1.0,component_natural_50,images/radiopaedia_4_85506_1.npz,annotations/radiopaedia_4_85506_1__component_natural_50.npz,33ceec7cf953b6b09b5607ab7fc66cb3e9169b68233cece145e08c5969695feb,0c48420cfb6ee0852afded91fa354ed1b4d0854bcd1293d11838f86d569eb5c6,b23a0d5b4338f549f3f5cbcfe71955ff378d34a622dfd65b388ed2f48522bf07,0c48420cfb6ee0852afded91fa354ed1b4d0854bcd1293d11838f86d569eb5c6,component_natural_50,b23a0d5b4338f549f3f5cbcfe71955ff378d34a622dfd65b388ed2f48522bf07,0c48420cfb6ee0852afded91fa354ed1b4d0854bcd1293d11838f86d569eb5c6,natural_component_omission_unchanged,94,1.1
radiopaedia_4_85506_1,radiopaedia_case_4,final_outer_cv,1.0,component_natural_75,images/radiopaedia_4_85506_1.npz,annotations/radiopaedia_4_85506_1__component_natural_75.npz,33ceec7cf953b6b09b5607ab7fc66cb3e9169b68233cece145e08c5969695feb,79f778a88d14ea2dbc9a1daf1698243737680e85cc1aa36aaed8849feccb9e4a,d27d134106aacd92fc87212cdfbbba51c418915274e72dcf8c7226c0ca66ae80,79f778a88d14ea2dbc9a1daf1698243737680e85cc1aa36aaed8849feccb9e4a,component_natural_75,d27d134106aacd92fc87212cdfbbba51c418915274e72dcf8c7226c0ca66ae80,79f778a88d14ea2dbc9a1daf1698243737680e85cc1aa36aaed8849feccb9e4a,natural_component_omission_unchanged,172,1.1
radiopaedia_4_85506_1,radiopaedia_case_4,final_outer_cv,1.0,pixel_dropout_matched_25,images/radiopaedia_4_85506_1.npz,annotations/radiopaedia_4_85506_1__pixel_dropout_matched_25.npz,33ceec7cf953b6b09b5607ab7fc66cb3e9169b68233cece145e08c5969695feb,b5c605cccad6cc26279b656203323bcd01b12912a463abf297c0f8c4e28a7659,2a931fbcebec822b2fd82729bc5786e4d98d9298dfc822643212330ef8c4f6e7,95404d8c27c9259c5a3ad51796f38eecbe8e568b011033311ee3b226927de9aa,complete,5b8eeeea20885aa263a385670661076d3dbba473ec98444ec49c98c70c9b6a81,bbbf78a732ed66b852b749e7fc61282d847291d3796b9f424dbd2445fd7b381d,post_transfer_unique_voxel_pixel_equalization,50,1.1
radiopaedia_4_85506_1,radiopaedia_case_4,final_outer_cv,1.0,pixel_dropout_matched_50,images/radiopaedia_4_85506_1.npz,annotations/radiopaedia_4_85506_1__pixel_dropout_matched_50.npz,33ceec7cf953b6b09b5607ab7fc66cb3e9169b68233cece145e08c5969695feb,763093a28f7e2fce797ab332d95d4220933fc2526fd90e82d022b3786ced87f5,395c1f071b2b7d42f398fa56bffcd86f10c3c534e8024b9086a6eaa6cdf85d4b,2a4d9985770c9f109b672118c50254c6aadad12f6768f58064a1f1183341c7ca,complete,5b8eeeea20885aa263a385670661076d3dbba473ec98444ec49c98c70c9b6a81,bbbf78a732ed66b852b749e7fc61282d847291d3796b9f424dbd2445fd7b381d,post_transfer_unique_voxel_pixel_equalization,94,1.1
radiopaedia_4_85506_1,radiopaedia_case_4,final_outer_cv,1.0,pixel_dropout_matched_75,images/radiopaedia_4_85506_1.npz,annotations/radiopaedia_4_85506_1__pixel_dropout_matched_75.npz,33ceec7cf953b6b09b5607ab7fc66cb3e9169b68233cece145e08c5969695feb,0e6f8f751d151e3bf03d1f81574f37c8e156e0aaa2fac2bfeccf72a477e3cfd8,10368d1c81d6dffb5cb1fb244210adacb6a9f97d6eb27aac2391e8c1b797a377,4fa0005abe5390406c8920a29ee331dcab3b1e8acccd5456eeb2e5d6073caf12,complete,5b8eeeea20885aa263a385670661076d3dbba473ec98444ec49c98c70c9b6a81,bbbf78a732ed66b852b749e7fc61282d847291d3796b9f424dbd2445fd7b381d,post_transfer_unique_voxel_pixel_equalization,172,1.1
radiopaedia_7_85703_0,radiopaedia_case_7,final_outer_cv,2.0,complete,images/radiopaedia_7_85703_0.npz,annotations/radiopaedia_7_85703_0__complete.npz,4245eb3263cf7dc303615cdaecafe0e0dd4f3ed48d87b795868f1658bc0b7893,63de38401c5168e18b1ede5dcf99a272deb90ee13f52c071522348f73425e14a,41cfd5ec131e6f5bd191d0bd9b93a8e1c6466b6bb1466cf3090363ca510a4182,63de38401c5168e18b1ede5dcf99a272deb90ee13f52c071522348f73425e14a,complete,41cfd5ec131e6f5bd191d0bd9b93a8e1c6466b6bb1466cf3090363ca510a4182,63de38401c5168e18b1ede5dcf99a272deb90ee13f52c071522348f73425e14a,unchanged_from_v1_0,46,1.1
radiopaedia_7_85703_0,radiopaedia_case_7,final_outer_cv,2.0,complete_fixed_25,images/radiopaedia_7_85703_0.npz,annotations/radiopaedia_7_85703_0__complete_fixed_25.npz,4245eb3263cf7dc303615cdaecafe0e0dd4f3ed48d87b795868f1658bc0b7893,79c45b47e655fcc9d843aa49073af320049a673cf3a9e430ef554f284303b314,41cfd5ec131e6f5bd191d0bd9b93a8e1c6466b6bb1466cf3090363ca510a4182,63de38401c5168e18b1ede5dcf99a272deb90ee13f52c071522348f73425e14a,complete_fixed_25,41cfd5ec131e6f5bd191d0bd9b93a8e1c6466b6bb1466cf3090363ca510a4182,63de38401c5168e18b1ede5dcf99a272deb90ee13f52c071522348f73425e14a,post_transfer_fixed_pair_unique_voxel_thinning,44,1.1
radiopaedia_7_85703_0,radiopaedia_case_7,final_outer_cv,2.0,complete_fixed_50,images/radiopaedia_7_85703_0.npz,annotations/radiopaedia_7_85703_0__complete_fixed_50.npz,4245eb3263cf7dc303615cdaecafe0e0dd4f3ed48d87b795868f1658bc0b7893,63de38401c5168e18b1ede5dcf99a272deb90ee13f52c071522348f73425e14a,41cfd5ec131e6f5bd191d0bd9b93a8e1c6466b6bb1466cf3090363ca510a4182,63de38401c5168e18b1ede5dcf99a272deb90ee13f52c071522348f73425e14a,complete_fixed_50,41cfd5ec131e6f5bd191d0bd9b93a8e1c6466b6bb1466cf3090363ca510a4182,63de38401c5168e18b1ede5dcf99a272deb90ee13f52c071522348f73425e14a,fixed_pair_side_already_at_shared_training_grid_target_unchanged,46,1.1
radiopaedia_7_85703_0,radiopaedia_case_7,final_outer_cv,2.0,complete_fixed_75,images/radiopaedia_7_85703_0.npz,annotations/radiopaedia_7_85703_0__complete_fixed_75.npz,4245eb3263cf7dc303615cdaecafe0e0dd4f3ed48d87b795868f1658bc0b7893,20ef2c5ac3c13eb415da21482772cd1001e2ef3dad2425a032732af27ac7053a,41cfd5ec131e6f5bd191d0bd9b93a8e1c6466b6bb1466cf3090363ca510a4182,63de38401c5168e18b1ede5dcf99a272deb90ee13f52c071522348f73425e14a,complete_fixed_75,41cfd5ec131e6f5bd191d0bd9b93a8e1c6466b6bb1466cf3090363ca510a4182,63de38401c5168e18b1ede5dcf99a272deb90ee13f52c071522348f73425e14a,post_transfer_fixed_pair_unique_voxel_thinning,40,1.1
radiopaedia_7_85703_0,radiopaedia_case_7,final_outer_cv,2.0,component_fixed_25,images/radiopaedia_7_85703_0.npz,annotations/radiopaedia_7_85703_0__component_fixed_25.npz,4245eb3263cf7dc303615cdaecafe0e0dd4f3ed48d87b795868f1658bc0b7893,4e1d0ef433b920d0c61859a38c52044720b00565aa841722f3e1c9de991b4b85,c328d6a5626f68e0f8579c72c03dba81bb91ec98130c7cf39a42681db5415cd2,4e1d0ef433b920d0c61859a38c52044720b00565aa841722f3e1c9de991b4b85,component_fixed_25,c328d6a5626f68e0f8579c72c03dba81bb91ec98130c7cf39a42681db5415cd2,4e1d0ef433b920d0c61859a38c52044720b00565aa841722f3e1c9de991b4b85,fixed_pair_side_already_at_shared_training_grid_target_unchanged,44,1.1
radiopaedia_7_85703_0,radiopaedia_case_7,final_outer_cv,2.0,component_fixed_50,images/radiopaedia_7_85703_0.npz,annotations/radiopaedia_7_85703_0__component_fixed_50.npz,4245eb3263cf7dc303615cdaecafe0e0dd4f3ed48d87b795868f1658bc0b7893,0cedac60ad0bff706e65b938aad8dd5dbedfd2bd2600f630d2a9a92236e77d1d,b2676f71281ad50d5bdb0d6581859b9b2584306035521031be8b6901086695a4,f943600c0b6a1f11de0cd85478f02d72888d20892e6158d3a59f724f277a4d6c,component_fixed_50,b2676f71281ad50d5bdb0d6581859b9b2584306035521031be8b6901086695a4,f943600c0b6a1f11de0cd85478f02d72888d20892e6158d3a59f724f277a4d6c,post_transfer_fixed_pair_unique_voxel_thinning,46,1.1
radiopaedia_7_85703_0,radiopaedia_case_7,final_outer_cv,2.0,component_fixed_75,images/radiopaedia_7_85703_0.npz,annotations/radiopaedia_7_85703_0__component_fixed_75.npz,4245eb3263cf7dc303615cdaecafe0e0dd4f3ed48d87b795868f1658bc0b7893,ef08ea6163618ddedd8cb1243286f1b34d0df3ccc90df053200bd1cb071cb924,5e72fe93341ec8ffdfb2591233d2b779e5c7c7856825379df4c2c373fce7e4a2,ef08ea6163618ddedd8cb1243286f1b34d0df3ccc90df053200bd1cb071cb924,component_fixed_75,5e72fe93341ec8ffdfb2591233d2b779e5c7c7856825379df4c2c373fce7e4a2,ef08ea6163618ddedd8cb1243286f1b34d0df3ccc90df053200bd1cb071cb924,fixed_pair_side_already_at_shared_training_grid_target_unchanged,40,1.1
radiopaedia_7_85703_0,radiopaedia_case_7,final_outer_cv,2.0,component_natural_25,images/radiopaedia_7_85703_0.npz,annotations/radiopaedia_7_85703_0__component_natural_25.npz,4245eb3263cf7dc303615cdaecafe0e0dd4f3ed48d87b795868f1658bc0b7893,1f1d7571018dd9fb2ffefcf4fc3fd758835baedb915a13c5f61cc38b5ba42c9b,55d342f6c7982d5fb73e3c4888d2323857c375e640a7300ee95f9197036e9160,1f1d7571018dd9fb2ffefcf4fc3fd758835baedb915a13c5f61cc38b5ba42c9b,component_natural_25,55d342f6c7982d5fb73e3c4888d2323857c375e640a7300ee95f9197036e9160,1f1d7571018dd9fb2ffefcf4fc3fd758835baedb915a13c5f61cc38b5ba42c9b,natural_component_omission_unchanged,15,1.1
radiopaedia_7_85703_0,radiopaedia_case_7,final_outer_cv,2.0,component_natural_50,images/radiopaedia_7_85703_0.npz,annotations/radiopaedia_7_85703_0__component_natural_50.npz,4245eb3263cf7dc303615cdaecafe0e0dd4f3ed48d87b795868f1658bc0b7893,6a0b2de7018b895a51e836ac1f82ccc80d1ef63ccc047f7185bf48f7143928f1,f4af604d1d3381d2e7bf1465b9147d830711b4e95dbd51bb704b6b6ae2b7e432,6a0b2de7018b895a51e836ac1f82ccc80d1ef63ccc047f7185bf48f7143928f1,component_natural_50,f4af604d1d3381d2e7bf1465b9147d830711b4e95dbd51bb704b6b6ae2b7e432,6a0b2de7018b895a51e836ac1f82ccc80d1ef63ccc047f7185bf48f7143928f1,natural_component_omission_unchanged,25,1.1
radiopaedia_7_85703_0,radiopaedia_case_7,final_outer_cv,2.0,component_natural_75,images/radiopaedia_7_85703_0.npz,annotations/radiopaedia_7_85703_0__component_natural_75.npz,4245eb3263cf7dc303615cdaecafe0e0dd4f3ed48d87b795868f1658bc0b7893,8722560a7500a6ff8cf1326ee80034ff6eae66f094b27bb4de8dd9ce67f091a6,907942b97cff7af5d9a9991a32007ef4e6c2823c11d4bd7e8f84598e6ac85612,8722560a7500a6ff8cf1326ee80034ff6eae66f094b27bb4de8dd9ce67f091a6,component_natural_75,907942b97cff7af5d9a9991a32007ef4e6c2823c11d4bd7e8f84598e6ac85612,8722560a7500a6ff8cf1326ee80034ff6eae66f094b27bb4de8dd9ce67f091a6,natural_component_omission_unchanged,42,1.1
radiopaedia_7_85703_0,radiopaedia_case_7,final_outer_cv,2.0,pixel_dropout_matched_25,images/radiopaedia_7_85703_0.npz,annotations/radiopaedia_7_85703_0__pixel_dropout_matched_25.npz,4245eb3263cf7dc303615cdaecafe0e0dd4f3ed48d87b795868f1658bc0b7893,a0624a5b36f9855ff11dff720a42a9119d9e3c367f4ab946a6ee0805374a293c,b9ad3a4c77bc153a5c1657c6421e3186df1cf85802185df74cf40bb3cff29274,05335124f9892f173e5ce6df4f92b46637adc167c8dd73fafb7dab91f0b9291f,complete,41cfd5ec131e6f5bd191d0bd9b93a8e1c6466b6bb1466cf3090363ca510a4182,63de38401c5168e18b1ede5dcf99a272deb90ee13f52c071522348f73425e14a,post_transfer_unique_voxel_pixel_equalization,15,1.1
radiopaedia_7_85703_0,radiopaedia_case_7,final_outer_cv,2.0,pixel_dropout_matched_50,images/radiopaedia_7_85703_0.npz,annotations/radiopaedia_7_85703_0__pixel_dropout_matched_50.npz,4245eb3263cf7dc303615cdaecafe0e0dd4f3ed48d87b795868f1658bc0b7893,dc33e5a5dbdf709cff58a93f8dd66af668930ec58bdf11e0c60dc8c8999ea03d,d071e95d184ca52d414c4be10f01fd2f8e1b3a1dd8d4b1e94be0655cf0105e22,3d1531e07d57ed5b84e8e4bf6da5bbefff1bb5f8d3b864e854f64b7229244086,complete,41cfd5ec131e6f5bd191d0bd9b93a8e1c6466b6bb1466cf3090363ca510a4182,63de38401c5168e18b1ede5dcf99a272deb90ee13f52c071522348f73425e14a,post_transfer_unique_voxel_pixel_equalization,25,1.1
radiopaedia_7_85703_0,radiopaedia_case_7,final_outer_cv,2.0,pixel_dropout_matched_75,images/radiopaedia_7_85703_0.npz,annotations/radiopaedia_7_85703_0__pixel_dropout_matched_75.npz,4245eb3263cf7dc303615cdaecafe0e0dd4f3ed48d87b795868f1658bc0b7893,6729edf9f8d47af8a8627e575346f47f17b00629df681bfbee20efd721e150d1,202f45d6d46a289763010d8796dac36740bc13b7267bfd6bae111730a6f6f9e1,6729edf9f8d47af8a8627e575346f47f17b00629df681bfbee20efd721e150d1,pixel_dropout_matched_75,202f45d6d46a289763010d8796dac36740bc13b7267bfd6bae111730a6f6f9e1,6729edf9f8d47af8a8627e575346f47f17b00629df681bfbee20efd721e150d1,already_exact_after_transfer_unchanged,42,1.1
