batch_number,condition,case_id,file,expected_prediction_sha256,observed_prediction_sha256,sha256_exact,model_sha256,shape_z,shape_y,shape_x,storage_dtype,dense_mask_accessed,final_outcome_access
1,C50_COH,coronacases_002,/kaggle/input/datasets/dsshayan/cova3d-frozen-predictions/predictions/batch01/C50_COH/coronacases_002.npz,eea17c47d4f8658da76ebadbc44e058c949fbf73c661980fa88b6e0d2b9e6193,eea17c47d4f8658da76ebadbc44e058c949fbf73c661980fa88b6e0d2b9e6193,True,a23d0d3de06ca740b3a01c857119af6655edee48f0493e1273dacc06ef184ebf,101,185,230,float32,False,False
1,C50_COH,coronacases_005,/kaggle/input/datasets/dsshayan/cova3d-frozen-predictions/predictions/batch01/C50_COH/coronacases_005.npz,2c1c3e95c50c0ec57b97f65d36967d5a22023715e877a2b603706cd0fc1a7bf2,2c1c3e95c50c0ec57b97f65d36967d5a22023715e877a2b603706cd0fc1a7bf2,True,a23d0d3de06ca740b3a01c857119af6655edee48f0493e1273dacc06ef184ebf,98,141,206,float32,False,False
1,C50_COH,radiopaedia_29_86490_1,/kaggle/input/datasets/dsshayan/cova3d-frozen-predictions/predictions/batch01/C50_COH/radiopaedia_29_86490_1.npz,ce3aaa6da4a18838381b1b9c98d15c664c01cf3a3f9fe47aeb744989d7808a0a,ce3aaa6da4a18838381b1b9c98d15c664c01cf3a3f9fe47aeb744989d7808a0a,True,a23d0d3de06ca740b3a01c857119af6655edee48f0493e1273dacc06ef184ebf,83,197,288,float32,False,False
1,C50_COH,radiopaedia_29_86491_1,/kaggle/input/datasets/dsshayan/cova3d-frozen-predictions/predictions/batch01/C50_COH/radiopaedia_29_86491_1.npz,ee43655771372d19d3f27ccbd002a40c8a5a3f839147fc1a923563640eab88c0,ee43655771372d19d3f27ccbd002a40c8a5a3f839147fc1a923563640eab88c0,True,a23d0d3de06ca740b3a01c857119af6655edee48f0493e1273dacc06ef184ebf,83,210,288,float32,False,False
1,C50_DIS,coronacases_002,/kaggle/input/datasets/dsshayan/cova3d-frozen-predictions/predictions/batch01/C50_DIS/coronacases_002.npz,7bdf7893f59b5da8c28c16243b2efe75a58a49731c9528cdee977ee9875e3c49,7bdf7893f59b5da8c28c16243b2efe75a58a49731c9528cdee977ee9875e3c49,True,eccfb84e8fb787dbd870ac8336d577c165141ed34506fc01ae19b628eb2a4aef,101,185,230,float32,False,False
1,C50_DIS,coronacases_005,/kaggle/input/datasets/dsshayan/cova3d-frozen-predictions/predictions/batch01/C50_DIS/coronacases_005.npz,b7505efd08ca2853162ac969968e86ce8fb2dd3ca57504192019ec07116ad8ba,b7505efd08ca2853162ac969968e86ce8fb2dd3ca57504192019ec07116ad8ba,True,eccfb84e8fb787dbd870ac8336d577c165141ed34506fc01ae19b628eb2a4aef,98,141,206,float32,False,False
1,C50_DIS,radiopaedia_29_86490_1,/kaggle/input/datasets/dsshayan/cova3d-frozen-predictions/predictions/batch01/C50_DIS/radiopaedia_29_86490_1.npz,248289e0daaa1a1b604887c4b8652bfc83abb083521b02fc8a3a23686e55968a,248289e0daaa1a1b604887c4b8652bfc83abb083521b02fc8a3a23686e55968a,True,eccfb84e8fb787dbd870ac8336d577c165141ed34506fc01ae19b628eb2a4aef,83,197,288,float32,False,False
1,C50_DIS,radiopaedia_29_86491_1,/kaggle/input/datasets/dsshayan/cova3d-frozen-predictions/predictions/batch01/C50_DIS/radiopaedia_29_86491_1.npz,9623a94c28f49499ee525b7572388395b860b619962cd52e20d30732acfd2993,9623a94c28f49499ee525b7572388395b860b619962cd52e20d30732acfd2993,True,eccfb84e8fb787dbd870ac8336d577c165141ed34506fc01ae19b628eb2a4aef,83,210,288,float32,False,False
1,C50_FRG,coronacases_002,/kaggle/input/datasets/dsshayan/cova3d-frozen-predictions/predictions/batch01/C50_FRG/coronacases_002.npz,738624f8efe48a7fdd906ceac1042f1c222e465168ee699b4801bf1933237560,738624f8efe48a7fdd906ceac1042f1c222e465168ee699b4801bf1933237560,True,aeb6d46d17d86c1ef8b255a341c81e253d70ed9348112b237e576c5a65269afb,101,185,230,float32,False,False
1,C50_FRG,coronacases_005,/kaggle/input/datasets/dsshayan/cova3d-frozen-predictions/predictions/batch01/C50_FRG/coronacases_005.npz,bea307f194b83ea75fc22a53cf519ae47a18c5d16cfdd4d31e496c52fe06b106,bea307f194b83ea75fc22a53cf519ae47a18c5d16cfdd4d31e496c52fe06b106,True,aeb6d46d17d86c1ef8b255a341c81e253d70ed9348112b237e576c5a65269afb,98,141,206,float32,False,False
1,C50_FRG,radiopaedia_29_86490_1,/kaggle/input/datasets/dsshayan/cova3d-frozen-predictions/predictions/batch01/C50_FRG/radiopaedia_29_86490_1.npz,b491a53603dab3d5fb64f0c410f5dde1fc66c3a2014ad2749e1778a06020c303,b491a53603dab3d5fb64f0c410f5dde1fc66c3a2014ad2749e1778a06020c303,True,aeb6d46d17d86c1ef8b255a341c81e253d70ed9348112b237e576c5a65269afb,83,197,288,float32,False,False
1,C50_FRG,radiopaedia_29_86491_1,/kaggle/input/datasets/dsshayan/cova3d-frozen-predictions/predictions/batch01/C50_FRG/radiopaedia_29_86491_1.npz,50e0365cccc8add3ef210b23e886cbc4375466c1aeeef51452ec19df877eb005,50e0365cccc8add3ef210b23e886cbc4375466c1aeeef51452ec19df877eb005,True,aeb6d46d17d86c1ef8b255a341c81e253d70ed9348112b237e576c5a65269afb,83,210,288,float32,False,False
1,C100_COH,coronacases_002,/kaggle/input/datasets/dsshayan/cova3d-frozen-predictions/predictions/batch01/C100_COH/coronacases_002.npz,aa840d33fc0916072a0ebe108c907fe6e2af02e91345cedbddcc49ec23862a1a,aa840d33fc0916072a0ebe108c907fe6e2af02e91345cedbddcc49ec23862a1a,True,c06f4aaa9ee64826a908b95523f3261a2aa59d400f4d561cd4fdea97ad28062b,101,185,230,float32,False,False
1,C100_COH,coronacases_005,/kaggle/input/datasets/dsshayan/cova3d-frozen-predictions/predictions/batch01/C100_COH/coronacases_005.npz,7e78d69b9c8198b3fe2b53b60aa4d568465d31d52f3f95110ad51f02e49465cc,7e78d69b9c8198b3fe2b53b60aa4d568465d31d52f3f95110ad51f02e49465cc,True,c06f4aaa9ee64826a908b95523f3261a2aa59d400f4d561cd4fdea97ad28062b,98,141,206,float32,False,False
1,C100_COH,radiopaedia_29_86490_1,/kaggle/input/datasets/dsshayan/cova3d-frozen-predictions/predictions/batch01/C100_COH/radiopaedia_29_86490_1.npz,6724fc6c37b361b12403b071fff442a850b5b1fb6cc1f7c8d8563138ae925fe3,6724fc6c37b361b12403b071fff442a850b5b1fb6cc1f7c8d8563138ae925fe3,True,c06f4aaa9ee64826a908b95523f3261a2aa59d400f4d561cd4fdea97ad28062b,83,197,288,float32,False,False
1,C100_COH,radiopaedia_29_86491_1,/kaggle/input/datasets/dsshayan/cova3d-frozen-predictions/predictions/batch01/C100_COH/radiopaedia_29_86491_1.npz,8669a80d513cd9dd2470dac14ce58962eecc05782a55831a87a5d54c96514ef5,8669a80d513cd9dd2470dac14ce58962eecc05782a55831a87a5d54c96514ef5,True,c06f4aaa9ee64826a908b95523f3261a2aa59d400f4d561cd4fdea97ad28062b,83,210,288,float32,False,False
1,C100_DIS,coronacases_002,/kaggle/input/datasets/dsshayan/cova3d-frozen-predictions/predictions/batch01/C100_DIS/coronacases_002.npz,47826411e3b0428d1006141cf46a4f9aab1cf75a991c45300eb64f4c0a6d8605,47826411e3b0428d1006141cf46a4f9aab1cf75a991c45300eb64f4c0a6d8605,True,6657fbefaac1b65a0eeb45f18f8df366c7702a8eff9e449b25775119aa695aa4,101,185,230,float32,False,False
1,C100_DIS,coronacases_005,/kaggle/input/datasets/dsshayan/cova3d-frozen-predictions/predictions/batch01/C100_DIS/coronacases_005.npz,9fa80547a586cbc8d7043c04e184d33f334430db98547c71afaff32451fd1443,9fa80547a586cbc8d7043c04e184d33f334430db98547c71afaff32451fd1443,True,6657fbefaac1b65a0eeb45f18f8df366c7702a8eff9e449b25775119aa695aa4,98,141,206,float32,False,False
1,C100_DIS,radiopaedia_29_86490_1,/kaggle/input/datasets/dsshayan/cova3d-frozen-predictions/predictions/batch01/C100_DIS/radiopaedia_29_86490_1.npz,16b4825cf888749eeceb8c25211e9d2249a4554bbc663b958cbb7ad463601ed1,16b4825cf888749eeceb8c25211e9d2249a4554bbc663b958cbb7ad463601ed1,True,6657fbefaac1b65a0eeb45f18f8df366c7702a8eff9e449b25775119aa695aa4,83,197,288,float32,False,False
1,C100_DIS,radiopaedia_29_86491_1,/kaggle/input/datasets/dsshayan/cova3d-frozen-predictions/predictions/batch01/C100_DIS/radiopaedia_29_86491_1.npz,cfb98a27ff7a5d8a6452a7783af13efd52f0d4abc71a06c09b0c21a561e1fadb,cfb98a27ff7a5d8a6452a7783af13efd52f0d4abc71a06c09b0c21a561e1fadb,True,6657fbefaac1b65a0eeb45f18f8df366c7702a8eff9e449b25775119aa695aa4,83,210,288,float32,False,False
1,C100_FRG,coronacases_002,/kaggle/input/datasets/dsshayan/cova3d-frozen-predictions/predictions/batch01/C100_FRG/coronacases_002.npz,911f14aa741b73267c890a2fc34477cb1e2078ed836c9a734ff4e2dc48df2350,911f14aa741b73267c890a2fc34477cb1e2078ed836c9a734ff4e2dc48df2350,True,d80f322547f6c3460abaf735c608cf04a47640e096e6492282ebfb8b619fc4a7,101,185,230,float32,False,False
1,C100_FRG,coronacases_005,/kaggle/input/datasets/dsshayan/cova3d-frozen-predictions/predictions/batch01/C100_FRG/coronacases_005.npz,e392e52888928e9d96b4dac3cce1ba1a782ed8c1d7b727ae69dce1155c1580ea,e392e52888928e9d96b4dac3cce1ba1a782ed8c1d7b727ae69dce1155c1580ea,True,d80f322547f6c3460abaf735c608cf04a47640e096e6492282ebfb8b619fc4a7,98,141,206,float32,False,False
1,C100_FRG,radiopaedia_29_86490_1,/kaggle/input/datasets/dsshayan/cova3d-frozen-predictions/predictions/batch01/C100_FRG/radiopaedia_29_86490_1.npz,b2271ec04ffc991a3f564cc86a65d245eb866c203952de506252eb17a5b128ea,b2271ec04ffc991a3f564cc86a65d245eb866c203952de506252eb17a5b128ea,True,d80f322547f6c3460abaf735c608cf04a47640e096e6492282ebfb8b619fc4a7,83,197,288,float32,False,False
1,C100_FRG,radiopaedia_29_86491_1,/kaggle/input/datasets/dsshayan/cova3d-frozen-predictions/predictions/batch01/C100_FRG/radiopaedia_29_86491_1.npz,b97bd33b7829c084f85f68ef0a58c3937bcb8c2eb9bd430c5fdc61bd66665f69,b97bd33b7829c084f85f68ef0a58c3937bcb8c2eb9bd430c5fdc61bd66665f69,True,d80f322547f6c3460abaf735c608cf04a47640e096e6492282ebfb8b619fc4a7,83,210,288,float32,False,False
2,C50_COH,coronacases_002,/kaggle/input/datasets/dsshayan/cova3d-frozen-predictions/predictions/batch02/C50_COH/coronacases_002.npz,aa7184f46b2113aeff86477316c7eeb74b7f44e36c746128e1561296a6d169ce,aa7184f46b2113aeff86477316c7eeb74b7f44e36c746128e1561296a6d169ce,True,425c9b3b1b8fee6e2bfa928f825163fda0da4c9250306debade91defd5213725,101,185,230,float32,False,False
2,C50_COH,coronacases_005,/kaggle/input/datasets/dsshayan/cova3d-frozen-predictions/predictions/batch02/C50_COH/coronacases_005.npz,5bbc49f17534746b67efc59b09d50acc8285d37cf733cf04b484875fad8989c1,5bbc49f17534746b67efc59b09d50acc8285d37cf733cf04b484875fad8989c1,True,425c9b3b1b8fee6e2bfa928f825163fda0da4c9250306debade91defd5213725,98,141,206,float32,False,False
2,C50_COH,radiopaedia_29_86490_1,/kaggle/input/datasets/dsshayan/cova3d-frozen-predictions/predictions/batch02/C50_COH/radiopaedia_29_86490_1.npz,ae12b24335b13fa6832ea1c8e8ba1ee3127454d3262a05de8432199f0db22b87,ae12b24335b13fa6832ea1c8e8ba1ee3127454d3262a05de8432199f0db22b87,True,425c9b3b1b8fee6e2bfa928f825163fda0da4c9250306debade91defd5213725,83,197,288,float32,False,False
2,C50_COH,radiopaedia_29_86491_1,/kaggle/input/datasets/dsshayan/cova3d-frozen-predictions/predictions/batch02/C50_COH/radiopaedia_29_86491_1.npz,94b7cc05afa89394e8807f0a228460127da7a1ef4606c2a1a61a8282f4c46679,94b7cc05afa89394e8807f0a228460127da7a1ef4606c2a1a61a8282f4c46679,True,425c9b3b1b8fee6e2bfa928f825163fda0da4c9250306debade91defd5213725,83,210,288,float32,False,False
2,C50_DIS,coronacases_002,/kaggle/input/datasets/dsshayan/cova3d-frozen-predictions/predictions/batch02/C50_DIS/coronacases_002.npz,6d8686b41685fc5259ca2eb8dc95b33c9ecc50a239bb4a7718ee478215064af6,6d8686b41685fc5259ca2eb8dc95b33c9ecc50a239bb4a7718ee478215064af6,True,37afb322671189764194d0c7ed2b6871dc970199420372e0afeecefac4317c4b,101,185,230,float32,False,False
2,C50_DIS,coronacases_005,/kaggle/input/datasets/dsshayan/cova3d-frozen-predictions/predictions/batch02/C50_DIS/coronacases_005.npz,18371f49ee70ca9ee4a5d1373cc108171cdf513c38442f9193361bbe7ed94aec,18371f49ee70ca9ee4a5d1373cc108171cdf513c38442f9193361bbe7ed94aec,True,37afb322671189764194d0c7ed2b6871dc970199420372e0afeecefac4317c4b,98,141,206,float32,False,False
2,C50_DIS,radiopaedia_29_86490_1,/kaggle/input/datasets/dsshayan/cova3d-frozen-predictions/predictions/batch02/C50_DIS/radiopaedia_29_86490_1.npz,4e9bfc74124abe0dd1ac0c9762522149d7785271c0e014b5d85096bb7bd84217,4e9bfc74124abe0dd1ac0c9762522149d7785271c0e014b5d85096bb7bd84217,True,37afb322671189764194d0c7ed2b6871dc970199420372e0afeecefac4317c4b,83,197,288,float32,False,False
2,C50_DIS,radiopaedia_29_86491_1,/kaggle/input/datasets/dsshayan/cova3d-frozen-predictions/predictions/batch02/C50_DIS/radiopaedia_29_86491_1.npz,dd054cdac1ca5900a180387e7da8b178ee1842bf397b449aea3e3a949ca528a6,dd054cdac1ca5900a180387e7da8b178ee1842bf397b449aea3e3a949ca528a6,True,37afb322671189764194d0c7ed2b6871dc970199420372e0afeecefac4317c4b,83,210,288,float32,False,False
2,C50_FRG,coronacases_002,/kaggle/input/datasets/dsshayan/cova3d-frozen-predictions/predictions/batch02/C50_FRG/coronacases_002.npz,0ba93c47d3ccddcf22ece775ba26979504a42f504e14fef36a4c2fc2a622fa72,0ba93c47d3ccddcf22ece775ba26979504a42f504e14fef36a4c2fc2a622fa72,True,9ded7982935912bf03e0abb6752681b1b315d39d72475437ecf845a0d28cb83e,101,185,230,float32,False,False
2,C50_FRG,coronacases_005,/kaggle/input/datasets/dsshayan/cova3d-frozen-predictions/predictions/batch02/C50_FRG/coronacases_005.npz,6dbb4aa2b65f4a63acbaf949c0345b2d93a90b829e585838354b82920f038f30,6dbb4aa2b65f4a63acbaf949c0345b2d93a90b829e585838354b82920f038f30,True,9ded7982935912bf03e0abb6752681b1b315d39d72475437ecf845a0d28cb83e,98,141,206,float32,False,False
2,C50_FRG,radiopaedia_29_86490_1,/kaggle/input/datasets/dsshayan/cova3d-frozen-predictions/predictions/batch02/C50_FRG/radiopaedia_29_86490_1.npz,c909cd8973b1494eb73892cc2bb4e0d2f05f47648953f47c42998e74e314f66d,c909cd8973b1494eb73892cc2bb4e0d2f05f47648953f47c42998e74e314f66d,True,9ded7982935912bf03e0abb6752681b1b315d39d72475437ecf845a0d28cb83e,83,197,288,float32,False,False
2,C50_FRG,radiopaedia_29_86491_1,/kaggle/input/datasets/dsshayan/cova3d-frozen-predictions/predictions/batch02/C50_FRG/radiopaedia_29_86491_1.npz,eedf9a4239278fd262d42400ce9639f8a3a027766bb3ef45c7f9a1ed7c313dbc,eedf9a4239278fd262d42400ce9639f8a3a027766bb3ef45c7f9a1ed7c313dbc,True,9ded7982935912bf03e0abb6752681b1b315d39d72475437ecf845a0d28cb83e,83,210,288,float32,False,False
2,C100_COH,coronacases_002,/kaggle/input/datasets/dsshayan/cova3d-frozen-predictions/predictions/batch02/C100_COH/coronacases_002.npz,e46b0d85f1b2e523049f00afd84e67097d263070ca4c98d4b60e43389aeaa77e,e46b0d85f1b2e523049f00afd84e67097d263070ca4c98d4b60e43389aeaa77e,True,71b880a9f01e44b2197dd2842507f9fe22f87cc1648bbdbc823bc9ca01f3caa4,101,185,230,float32,False,False
2,C100_COH,coronacases_005,/kaggle/input/datasets/dsshayan/cova3d-frozen-predictions/predictions/batch02/C100_COH/coronacases_005.npz,da73ddd1d7b2360a0393962c395a01dff672c12041d5310b7a0c1f1a095150d7,da73ddd1d7b2360a0393962c395a01dff672c12041d5310b7a0c1f1a095150d7,True,71b880a9f01e44b2197dd2842507f9fe22f87cc1648bbdbc823bc9ca01f3caa4,98,141,206,float32,False,False
2,C100_COH,radiopaedia_29_86490_1,/kaggle/input/datasets/dsshayan/cova3d-frozen-predictions/predictions/batch02/C100_COH/radiopaedia_29_86490_1.npz,8cdd8e786eec1ccc12ee83731fc4f196e2397d09165715f9eb37d9789caf95d3,8cdd8e786eec1ccc12ee83731fc4f196e2397d09165715f9eb37d9789caf95d3,True,71b880a9f01e44b2197dd2842507f9fe22f87cc1648bbdbc823bc9ca01f3caa4,83,197,288,float32,False,False
2,C100_COH,radiopaedia_29_86491_1,/kaggle/input/datasets/dsshayan/cova3d-frozen-predictions/predictions/batch02/C100_COH/radiopaedia_29_86491_1.npz,1a67ae3883e39e4859198ac0a53b6c3b1c25a7d9d4be2350f63b744c1af5a142,1a67ae3883e39e4859198ac0a53b6c3b1c25a7d9d4be2350f63b744c1af5a142,True,71b880a9f01e44b2197dd2842507f9fe22f87cc1648bbdbc823bc9ca01f3caa4,83,210,288,float32,False,False
2,C100_DIS,coronacases_002,/kaggle/input/datasets/dsshayan/cova3d-frozen-predictions/predictions/batch02/C100_DIS/coronacases_002.npz,03e15e93cd69bebe3f92fffba1a9426bcaa692a72d172f94e6d958e4f3c14ce4,03e15e93cd69bebe3f92fffba1a9426bcaa692a72d172f94e6d958e4f3c14ce4,True,618dce9c89ae637ac4659308ac75ffeba3eb377269df2f38cb40d7aa6961338f,101,185,230,float32,False,False
2,C100_DIS,coronacases_005,/kaggle/input/datasets/dsshayan/cova3d-frozen-predictions/predictions/batch02/C100_DIS/coronacases_005.npz,b5f38520d36112719085f3d162673d68cc904fb0314f6edfc6f77c4e81c82d9f,b5f38520d36112719085f3d162673d68cc904fb0314f6edfc6f77c4e81c82d9f,True,618dce9c89ae637ac4659308ac75ffeba3eb377269df2f38cb40d7aa6961338f,98,141,206,float32,False,False
2,C100_DIS,radiopaedia_29_86490_1,/kaggle/input/datasets/dsshayan/cova3d-frozen-predictions/predictions/batch02/C100_DIS/radiopaedia_29_86490_1.npz,fa7b52942fab1cdd865ee148b5166149e6cd26cc2a679d9dcd3c6b2fef361aa7,fa7b52942fab1cdd865ee148b5166149e6cd26cc2a679d9dcd3c6b2fef361aa7,True,618dce9c89ae637ac4659308ac75ffeba3eb377269df2f38cb40d7aa6961338f,83,197,288,float32,False,False
2,C100_DIS,radiopaedia_29_86491_1,/kaggle/input/datasets/dsshayan/cova3d-frozen-predictions/predictions/batch02/C100_DIS/radiopaedia_29_86491_1.npz,95823b3f61c7faded43d2d84531aa125e06ebe6a03698993e522d2b98fdc41a3,95823b3f61c7faded43d2d84531aa125e06ebe6a03698993e522d2b98fdc41a3,True,618dce9c89ae637ac4659308ac75ffeba3eb377269df2f38cb40d7aa6961338f,83,210,288,float32,False,False
2,C100_FRG,coronacases_002,/kaggle/input/datasets/dsshayan/cova3d-frozen-predictions/predictions/batch02/C100_FRG/coronacases_002.npz,4c3695db9fdd384ff2d4dcab70940bb17e4893dd54091a27577a3ec54b213c00,4c3695db9fdd384ff2d4dcab70940bb17e4893dd54091a27577a3ec54b213c00,True,3fe2821ceb3b14bf5def8e0a37b2c996e1e8d37f9335aa543f9436660929e1b4,101,185,230,float32,False,False
2,C100_FRG,coronacases_005,/kaggle/input/datasets/dsshayan/cova3d-frozen-predictions/predictions/batch02/C100_FRG/coronacases_005.npz,104387e272dddd0b3f2f4c617caaa1d3b2dd7f433e0691688f9ba76fb75765c0,104387e272dddd0b3f2f4c617caaa1d3b2dd7f433e0691688f9ba76fb75765c0,True,3fe2821ceb3b14bf5def8e0a37b2c996e1e8d37f9335aa543f9436660929e1b4,98,141,206,float32,False,False
2,C100_FRG,radiopaedia_29_86490_1,/kaggle/input/datasets/dsshayan/cova3d-frozen-predictions/predictions/batch02/C100_FRG/radiopaedia_29_86490_1.npz,4c588728a1a48ec65a8b670a1edb9339804e708bdf3e7bfd6e5da78c0ee1fa1f,4c588728a1a48ec65a8b670a1edb9339804e708bdf3e7bfd6e5da78c0ee1fa1f,True,3fe2821ceb3b14bf5def8e0a37b2c996e1e8d37f9335aa543f9436660929e1b4,83,197,288,float32,False,False
2,C100_FRG,radiopaedia_29_86491_1,/kaggle/input/datasets/dsshayan/cova3d-frozen-predictions/predictions/batch02/C100_FRG/radiopaedia_29_86491_1.npz,cbe6a1c9b5f56c1205d52519b3e850bcbf436aae1685406569c9b79315388df5,cbe6a1c9b5f56c1205d52519b3e850bcbf436aae1685406569c9b79315388df5,True,3fe2821ceb3b14bf5def8e0a37b2c996e1e8d37f9335aa543f9436660929e1b4,83,210,288,float32,False,False
3,C50_COH,coronacases_002,/kaggle/input/datasets/dsshayan/cova3d-frozen-predictions/predictions/batch03/C50_COH/coronacases_002.npz,820c2f51b987f1a80a4465c51947d9d477fede3bcc2e7fbafc38fac8a53ecaa2,820c2f51b987f1a80a4465c51947d9d477fede3bcc2e7fbafc38fac8a53ecaa2,True,0f73c731315c1b0ba11c11dace1de58c7fedb592e8c746d7e12376d18d3fd276,101,185,230,float32,False,False
3,C50_COH,coronacases_005,/kaggle/input/datasets/dsshayan/cova3d-frozen-predictions/predictions/batch03/C50_COH/coronacases_005.npz,5154d1bb9816f55e19bfeacf0b8a9098bbe39525c160259ca10729fdc49f2f9b,5154d1bb9816f55e19bfeacf0b8a9098bbe39525c160259ca10729fdc49f2f9b,True,0f73c731315c1b0ba11c11dace1de58c7fedb592e8c746d7e12376d18d3fd276,98,141,206,float32,False,False
3,C50_COH,radiopaedia_29_86490_1,/kaggle/input/datasets/dsshayan/cova3d-frozen-predictions/predictions/batch03/C50_COH/radiopaedia_29_86490_1.npz,afb70ff24082a65e726dafde0db05939c7aa297052c366d7fc84e4c65b7f493f,afb70ff24082a65e726dafde0db05939c7aa297052c366d7fc84e4c65b7f493f,True,0f73c731315c1b0ba11c11dace1de58c7fedb592e8c746d7e12376d18d3fd276,83,197,288,float32,False,False
3,C50_COH,radiopaedia_29_86491_1,/kaggle/input/datasets/dsshayan/cova3d-frozen-predictions/predictions/batch03/C50_COH/radiopaedia_29_86491_1.npz,34681b45271483465e13cbad729d76549fa228039b5cf60a280e5dc913ab3820,34681b45271483465e13cbad729d76549fa228039b5cf60a280e5dc913ab3820,True,0f73c731315c1b0ba11c11dace1de58c7fedb592e8c746d7e12376d18d3fd276,83,210,288,float32,False,False
3,C50_DIS,coronacases_002,/kaggle/input/datasets/dsshayan/cova3d-frozen-predictions/predictions/batch03/C50_DIS/coronacases_002.npz,41144b0e46ae15963d037a5c832021d8d281a479fc10d82a9fa5a70ddbe29cbe,41144b0e46ae15963d037a5c832021d8d281a479fc10d82a9fa5a70ddbe29cbe,True,a12817100245673686c0ffd29fa7f6c15817325ae1dc822f41d49a472ac0f939,101,185,230,float32,False,False
3,C50_DIS,coronacases_005,/kaggle/input/datasets/dsshayan/cova3d-frozen-predictions/predictions/batch03/C50_DIS/coronacases_005.npz,ad5983b2132307ed672aa34ab385c6d57f1dfa2690c98b9bd580c016cd185bfd,ad5983b2132307ed672aa34ab385c6d57f1dfa2690c98b9bd580c016cd185bfd,True,a12817100245673686c0ffd29fa7f6c15817325ae1dc822f41d49a472ac0f939,98,141,206,float32,False,False
3,C50_DIS,radiopaedia_29_86490_1,/kaggle/input/datasets/dsshayan/cova3d-frozen-predictions/predictions/batch03/C50_DIS/radiopaedia_29_86490_1.npz,f09c12997149224f877045d6c7be63b20e108a42bac3296a8ef037cd527ece1a,f09c12997149224f877045d6c7be63b20e108a42bac3296a8ef037cd527ece1a,True,a12817100245673686c0ffd29fa7f6c15817325ae1dc822f41d49a472ac0f939,83,197,288,float32,False,False
3,C50_DIS,radiopaedia_29_86491_1,/kaggle/input/datasets/dsshayan/cova3d-frozen-predictions/predictions/batch03/C50_DIS/radiopaedia_29_86491_1.npz,1ce966915231e106811a8493d8984a255108826598e65937556f27e3efe7c13d,1ce966915231e106811a8493d8984a255108826598e65937556f27e3efe7c13d,True,a12817100245673686c0ffd29fa7f6c15817325ae1dc822f41d49a472ac0f939,83,210,288,float32,False,False
3,C50_FRG,coronacases_002,/kaggle/input/datasets/dsshayan/cova3d-frozen-predictions/predictions/batch03/C50_FRG/coronacases_002.npz,9776d33a29c181e95a55b5399efe0184d6a5eef13c7fd8fd73f6d6499950abfd,9776d33a29c181e95a55b5399efe0184d6a5eef13c7fd8fd73f6d6499950abfd,True,71e62cefa96ea6ac6770502d5824ac1c2297f7be1392e7f35105f672298fba89,101,185,230,float32,False,False
3,C50_FRG,coronacases_005,/kaggle/input/datasets/dsshayan/cova3d-frozen-predictions/predictions/batch03/C50_FRG/coronacases_005.npz,296a34bf82a48121878321b4f2b11b2c4b268f2d0cd796c163f9712e5ce1332a,296a34bf82a48121878321b4f2b11b2c4b268f2d0cd796c163f9712e5ce1332a,True,71e62cefa96ea6ac6770502d5824ac1c2297f7be1392e7f35105f672298fba89,98,141,206,float32,False,False
3,C50_FRG,radiopaedia_29_86490_1,/kaggle/input/datasets/dsshayan/cova3d-frozen-predictions/predictions/batch03/C50_FRG/radiopaedia_29_86490_1.npz,2d261eafd45b22bc6fec65adfda17b9dddb8e532c46715ac59a2748037e4baa7,2d261eafd45b22bc6fec65adfda17b9dddb8e532c46715ac59a2748037e4baa7,True,71e62cefa96ea6ac6770502d5824ac1c2297f7be1392e7f35105f672298fba89,83,197,288,float32,False,False
3,C50_FRG,radiopaedia_29_86491_1,/kaggle/input/datasets/dsshayan/cova3d-frozen-predictions/predictions/batch03/C50_FRG/radiopaedia_29_86491_1.npz,70b577ac0d34cbd78b4046b6b0d7aa1db66bdd69c15acdec40b536bf62ce94b5,70b577ac0d34cbd78b4046b6b0d7aa1db66bdd69c15acdec40b536bf62ce94b5,True,71e62cefa96ea6ac6770502d5824ac1c2297f7be1392e7f35105f672298fba89,83,210,288,float32,False,False
3,C100_COH,coronacases_002,/kaggle/input/datasets/dsshayan/cova3d-frozen-predictions/predictions/batch03/C100_COH/coronacases_002.npz,ca1d5f3d1c26d01f89fbc2407e67c837c2a985ecc2e6e1fc204b75c3733d0f77,ca1d5f3d1c26d01f89fbc2407e67c837c2a985ecc2e6e1fc204b75c3733d0f77,True,6c4f16e45fb30be88051c57a0c75d21766268a64ab5d726efad4aa4417c1f155,101,185,230,float32,False,False
3,C100_COH,coronacases_005,/kaggle/input/datasets/dsshayan/cova3d-frozen-predictions/predictions/batch03/C100_COH/coronacases_005.npz,729652a299af8ecf0b31db926c4bac9209a214dc31806132dc8dd6ffc88aeb16,729652a299af8ecf0b31db926c4bac9209a214dc31806132dc8dd6ffc88aeb16,True,6c4f16e45fb30be88051c57a0c75d21766268a64ab5d726efad4aa4417c1f155,98,141,206,float32,False,False
3,C100_COH,radiopaedia_29_86490_1,/kaggle/input/datasets/dsshayan/cova3d-frozen-predictions/predictions/batch03/C100_COH/radiopaedia_29_86490_1.npz,3c18e7fd0ad2c9767a7b0d75c2b7268421be7bdca12a0958d452beb0128e61b5,3c18e7fd0ad2c9767a7b0d75c2b7268421be7bdca12a0958d452beb0128e61b5,True,6c4f16e45fb30be88051c57a0c75d21766268a64ab5d726efad4aa4417c1f155,83,197,288,float32,False,False
3,C100_COH,radiopaedia_29_86491_1,/kaggle/input/datasets/dsshayan/cova3d-frozen-predictions/predictions/batch03/C100_COH/radiopaedia_29_86491_1.npz,e30e3768a2d39e09972a8a579eb191495dfefc8b0cadef0f8cfb1cec55549591,e30e3768a2d39e09972a8a579eb191495dfefc8b0cadef0f8cfb1cec55549591,True,6c4f16e45fb30be88051c57a0c75d21766268a64ab5d726efad4aa4417c1f155,83,210,288,float32,False,False
3,C100_DIS,coronacases_002,/kaggle/input/datasets/dsshayan/cova3d-frozen-predictions/predictions/batch03/C100_DIS/coronacases_002.npz,71409aa1b58852add661c79f6b21c639dc7951605819f72773cc917be914449f,71409aa1b58852add661c79f6b21c639dc7951605819f72773cc917be914449f,True,b616149b07e3feed8c59c4928fe7612cc5b5b3fa89f7977598a988cc59e8f0de,101,185,230,float32,False,False
3,C100_DIS,coronacases_005,/kaggle/input/datasets/dsshayan/cova3d-frozen-predictions/predictions/batch03/C100_DIS/coronacases_005.npz,83b63d625804e7572ed02caaf3a475acb69c85a6ac2e9bee70f711b9dcf829fe,83b63d625804e7572ed02caaf3a475acb69c85a6ac2e9bee70f711b9dcf829fe,True,b616149b07e3feed8c59c4928fe7612cc5b5b3fa89f7977598a988cc59e8f0de,98,141,206,float32,False,False
3,C100_DIS,radiopaedia_29_86490_1,/kaggle/input/datasets/dsshayan/cova3d-frozen-predictions/predictions/batch03/C100_DIS/radiopaedia_29_86490_1.npz,91e0e97f8f15b93c881f6428fd362bff71459eed89056d25ba3a92bcd0854214,91e0e97f8f15b93c881f6428fd362bff71459eed89056d25ba3a92bcd0854214,True,b616149b07e3feed8c59c4928fe7612cc5b5b3fa89f7977598a988cc59e8f0de,83,197,288,float32,False,False
3,C100_DIS,radiopaedia_29_86491_1,/kaggle/input/datasets/dsshayan/cova3d-frozen-predictions/predictions/batch03/C100_DIS/radiopaedia_29_86491_1.npz,8d7cad1741ebe18f52f54669310f68f9803b1a17bc80c3eff61c05a6b965fcf0,8d7cad1741ebe18f52f54669310f68f9803b1a17bc80c3eff61c05a6b965fcf0,True,b616149b07e3feed8c59c4928fe7612cc5b5b3fa89f7977598a988cc59e8f0de,83,210,288,float32,False,False
3,C100_FRG,coronacases_002,/kaggle/input/datasets/dsshayan/cova3d-frozen-predictions/predictions/batch03/C100_FRG/coronacases_002.npz,005fe453cd56eee148e2722677035e868566429a139ff520d85fad92ca6b83f5,005fe453cd56eee148e2722677035e868566429a139ff520d85fad92ca6b83f5,True,c10a9b9dab3e2b0967ad01e03103ed7fc22592f75d08c2abe5661810eb715660,101,185,230,float32,False,False
3,C100_FRG,coronacases_005,/kaggle/input/datasets/dsshayan/cova3d-frozen-predictions/predictions/batch03/C100_FRG/coronacases_005.npz,7709e65bf3392ca80a345867e7c51a34fe0d06a8f1e348825e3da3b52bbcf805,7709e65bf3392ca80a345867e7c51a34fe0d06a8f1e348825e3da3b52bbcf805,True,c10a9b9dab3e2b0967ad01e03103ed7fc22592f75d08c2abe5661810eb715660,98,141,206,float32,False,False
3,C100_FRG,radiopaedia_29_86490_1,/kaggle/input/datasets/dsshayan/cova3d-frozen-predictions/predictions/batch03/C100_FRG/radiopaedia_29_86490_1.npz,0544bf4896d78e60b6d52c52a4a01f1bb79ff0b985a35f049e0b6f6035a311ce,0544bf4896d78e60b6d52c52a4a01f1bb79ff0b985a35f049e0b6f6035a311ce,True,c10a9b9dab3e2b0967ad01e03103ed7fc22592f75d08c2abe5661810eb715660,83,197,288,float32,False,False
3,C100_FRG,radiopaedia_29_86491_1,/kaggle/input/datasets/dsshayan/cova3d-frozen-predictions/predictions/batch03/C100_FRG/radiopaedia_29_86491_1.npz,a4f9b063506b5468fa491a2270542392ca97af17ee123ab052e818eaf1e0ea3c,a4f9b063506b5468fa491a2270542392ca97af17ee123ab052e818eaf1e0ea3c,True,c10a9b9dab3e2b0967ad01e03103ed7fc22592f75d08c2abe5661810eb715660,83,210,288,float32,False,False
4,C50_COH,coronacases_010,/kaggle/input/datasets/dsshayan/cova3d-frozen-predictions/predictions/batch04/C50_COH/coronacases_010.npz,85b16f13c997431142cbbefb3b631c96186795313ec4cfa1616ed62a2fee2a08,85b16f13c997431142cbbefb3b631c96186795313ec4cfa1616ed62a2fee2a08,True,fb291b1e58f7761864b627c298c336f695edf62fda18f1c010dfa9b5277a60a3,101,145,229,float32,False,False
4,C50_COH,radiopaedia_10_85902_1,/kaggle/input/datasets/dsshayan/cova3d-frozen-predictions/predictions/batch04/C50_COH/radiopaedia_10_85902_1.npz,f0b24531a320139acf3901b5fab0e1d60f1c352089b2454eb225ec40ee5f4952,f0b24531a320139acf3901b5fab0e1d60f1c352089b2454eb225ec40ee5f4952,True,fb291b1e58f7761864b627c298c336f695edf62fda18f1c010dfa9b5277a60a3,77,208,288,float32,False,False
4,C50_COH,radiopaedia_10_85902_3,/kaggle/input/datasets/dsshayan/cova3d-frozen-predictions/predictions/batch04/C50_COH/radiopaedia_10_85902_3.npz,7369060c7fe686dfbdd7d5d80ce65b1b126ac0edf3f9c2d50bee79896c7631b8,7369060c7fe686dfbdd7d5d80ce65b1b126ac0edf3f9c2d50bee79896c7631b8,True,fb291b1e58f7761864b627c298c336f695edf62fda18f1c010dfa9b5277a60a3,140,194,241,float32,False,False
4,C50_COH,radiopaedia_4_85506_1,/kaggle/input/datasets/dsshayan/cova3d-frozen-predictions/predictions/batch04/C50_COH/radiopaedia_4_85506_1.npz,288671e1bdf4488668f3340a4298b2602332b84cb8f64ec4c261022fa70261cc,288671e1bdf4488668f3340a4298b2602332b84cb8f64ec4c261022fa70261cc,True,fb291b1e58f7761864b627c298c336f695edf62fda18f1c010dfa9b5277a60a3,77,262,288,float32,False,False
4,C50_DIS,coronacases_010,/kaggle/input/datasets/dsshayan/cova3d-frozen-predictions/predictions/batch04/C50_DIS/coronacases_010.npz,9607ad5566890fe8de88f7043e1f6905419c1c8f1f255cd1271427971621db1c,9607ad5566890fe8de88f7043e1f6905419c1c8f1f255cd1271427971621db1c,True,3ead658a773190d68b79f9da6bba0db7e4c8fd6f1abfc41e42666ed7e3268c57,101,145,229,float32,False,False
4,C50_DIS,radiopaedia_10_85902_1,/kaggle/input/datasets/dsshayan/cova3d-frozen-predictions/predictions/batch04/C50_DIS/radiopaedia_10_85902_1.npz,ccb762c260aefa00a627ec567468170a1288db8231c5635a4914a925f63850df,ccb762c260aefa00a627ec567468170a1288db8231c5635a4914a925f63850df,True,3ead658a773190d68b79f9da6bba0db7e4c8fd6f1abfc41e42666ed7e3268c57,77,208,288,float32,False,False
4,C50_DIS,radiopaedia_10_85902_3,/kaggle/input/datasets/dsshayan/cova3d-frozen-predictions/predictions/batch04/C50_DIS/radiopaedia_10_85902_3.npz,bb5a3093f2ad8594bf10dd6fd0f6a0650acee191e9365be962d2331d930b94b5,bb5a3093f2ad8594bf10dd6fd0f6a0650acee191e9365be962d2331d930b94b5,True,3ead658a773190d68b79f9da6bba0db7e4c8fd6f1abfc41e42666ed7e3268c57,140,194,241,float32,False,False
4,C50_DIS,radiopaedia_4_85506_1,/kaggle/input/datasets/dsshayan/cova3d-frozen-predictions/predictions/batch04/C50_DIS/radiopaedia_4_85506_1.npz,0b3f6bb112b606d0ea3785805055a84dd4ab2602e6de3a3fe02dc0a736218dac,0b3f6bb112b606d0ea3785805055a84dd4ab2602e6de3a3fe02dc0a736218dac,True,3ead658a773190d68b79f9da6bba0db7e4c8fd6f1abfc41e42666ed7e3268c57,77,262,288,float32,False,False
4,C50_FRG,coronacases_010,/kaggle/input/datasets/dsshayan/cova3d-frozen-predictions/predictions/batch04/C50_FRG/coronacases_010.npz,20ef4fe4a83b4e350697f6dd6ce38362510b8f9b07281a83104d1dff97056d30,20ef4fe4a83b4e350697f6dd6ce38362510b8f9b07281a83104d1dff97056d30,True,8ebdd4a516325aa94da953afe90d3e9c25acecd7a516a6d87a0affd2d242b86a,101,145,229,float32,False,False
4,C50_FRG,radiopaedia_10_85902_1,/kaggle/input/datasets/dsshayan/cova3d-frozen-predictions/predictions/batch04/C50_FRG/radiopaedia_10_85902_1.npz,a1accc7c0b90a9bb2d1b3232c727958c98cbbcb529c4b0ccae14e9edbcfeb360,a1accc7c0b90a9bb2d1b3232c727958c98cbbcb529c4b0ccae14e9edbcfeb360,True,8ebdd4a516325aa94da953afe90d3e9c25acecd7a516a6d87a0affd2d242b86a,77,208,288,float32,False,False
4,C50_FRG,radiopaedia_10_85902_3,/kaggle/input/datasets/dsshayan/cova3d-frozen-predictions/predictions/batch04/C50_FRG/radiopaedia_10_85902_3.npz,0d7a04067625fe748934ce057d18234a4b6dfb694cf788e46ee2fc3f3e2f0647,0d7a04067625fe748934ce057d18234a4b6dfb694cf788e46ee2fc3f3e2f0647,True,8ebdd4a516325aa94da953afe90d3e9c25acecd7a516a6d87a0affd2d242b86a,140,194,241,float32,False,False
4,C50_FRG,radiopaedia_4_85506_1,/kaggle/input/datasets/dsshayan/cova3d-frozen-predictions/predictions/batch04/C50_FRG/radiopaedia_4_85506_1.npz,ddebd165533fb554da7b50625e89421f3efafdb99b075dd556b06cbce74c5a88,ddebd165533fb554da7b50625e89421f3efafdb99b075dd556b06cbce74c5a88,True,8ebdd4a516325aa94da953afe90d3e9c25acecd7a516a6d87a0affd2d242b86a,77,262,288,float32,False,False
4,C100_COH,coronacases_010,/kaggle/input/datasets/dsshayan/cova3d-frozen-predictions/predictions/batch04/C100_COH/coronacases_010.npz,557f15c65a81398fcaea792214d7659c229e13b5a5bc0c1c0a558ec982d29545,557f15c65a81398fcaea792214d7659c229e13b5a5bc0c1c0a558ec982d29545,True,cbfa21c9028f7e91813fbbbdc2d70071b3b3d061597496739f214b47b725382b,101,145,229,float32,False,False
4,C100_COH,radiopaedia_10_85902_1,/kaggle/input/datasets/dsshayan/cova3d-frozen-predictions/predictions/batch04/C100_COH/radiopaedia_10_85902_1.npz,265e6cdac142320677c6e2196f7f02338eb0ae3a09cd2b72a3035fcd5e28ca96,265e6cdac142320677c6e2196f7f02338eb0ae3a09cd2b72a3035fcd5e28ca96,True,cbfa21c9028f7e91813fbbbdc2d70071b3b3d061597496739f214b47b725382b,77,208,288,float32,False,False
4,C100_COH,radiopaedia_10_85902_3,/kaggle/input/datasets/dsshayan/cova3d-frozen-predictions/predictions/batch04/C100_COH/radiopaedia_10_85902_3.npz,524898f713383a9b55d687a49dbf239f6fda6d75251d6086debc46dd1cd47b6a,524898f713383a9b55d687a49dbf239f6fda6d75251d6086debc46dd1cd47b6a,True,cbfa21c9028f7e91813fbbbdc2d70071b3b3d061597496739f214b47b725382b,140,194,241,float32,False,False
4,C100_COH,radiopaedia_4_85506_1,/kaggle/input/datasets/dsshayan/cova3d-frozen-predictions/predictions/batch04/C100_COH/radiopaedia_4_85506_1.npz,fe45adfc8dbc523471552561b81e9cedcf1cee8722f0e77e3475c2f4be09b18c,fe45adfc8dbc523471552561b81e9cedcf1cee8722f0e77e3475c2f4be09b18c,True,cbfa21c9028f7e91813fbbbdc2d70071b3b3d061597496739f214b47b725382b,77,262,288,float32,False,False
4,C100_DIS,coronacases_010,/kaggle/input/datasets/dsshayan/cova3d-frozen-predictions/predictions/batch04/C100_DIS/coronacases_010.npz,27d36ee1a12bd325163481c619696ed4d8d6f680cc7d85afb165e66f48860d17,27d36ee1a12bd325163481c619696ed4d8d6f680cc7d85afb165e66f48860d17,True,bae9736c7fb2dfef7c1fcf1f9aa8041c9e25b7fc6ebc42f9f5d64c1847fb34a3,101,145,229,float32,False,False
4,C100_DIS,radiopaedia_10_85902_1,/kaggle/input/datasets/dsshayan/cova3d-frozen-predictions/predictions/batch04/C100_DIS/radiopaedia_10_85902_1.npz,2abb52814e4ad675834f573ccf8864163201af2bda72ca8edb21af73a46c88a1,2abb52814e4ad675834f573ccf8864163201af2bda72ca8edb21af73a46c88a1,True,bae9736c7fb2dfef7c1fcf1f9aa8041c9e25b7fc6ebc42f9f5d64c1847fb34a3,77,208,288,float32,False,False
4,C100_DIS,radiopaedia_10_85902_3,/kaggle/input/datasets/dsshayan/cova3d-frozen-predictions/predictions/batch04/C100_DIS/radiopaedia_10_85902_3.npz,4b346e6566b60072659bbd00e3cfea51f49a8a1f0f6f765bab3b08d75d4be8d6,4b346e6566b60072659bbd00e3cfea51f49a8a1f0f6f765bab3b08d75d4be8d6,True,bae9736c7fb2dfef7c1fcf1f9aa8041c9e25b7fc6ebc42f9f5d64c1847fb34a3,140,194,241,float32,False,False
4,C100_DIS,radiopaedia_4_85506_1,/kaggle/input/datasets/dsshayan/cova3d-frozen-predictions/predictions/batch04/C100_DIS/radiopaedia_4_85506_1.npz,40b8b5dd9d0b1718eadbbc151e1e35afcf6961be648166e06d1f4239e5cc67f5,40b8b5dd9d0b1718eadbbc151e1e35afcf6961be648166e06d1f4239e5cc67f5,True,bae9736c7fb2dfef7c1fcf1f9aa8041c9e25b7fc6ebc42f9f5d64c1847fb34a3,77,262,288,float32,False,False
4,C100_FRG,coronacases_010,/kaggle/input/datasets/dsshayan/cova3d-frozen-predictions/predictions/batch04/C100_FRG/coronacases_010.npz,66cf5f799c8a76d8fad37e7020303c00b50698ec94ef104c03a64507549c7047,66cf5f799c8a76d8fad37e7020303c00b50698ec94ef104c03a64507549c7047,True,bfc0eaccf1eb3e0de011e9c0b454e7592b575b38f34d74b24b3c71380d30c1e8,101,145,229,float32,False,False
4,C100_FRG,radiopaedia_10_85902_1,/kaggle/input/datasets/dsshayan/cova3d-frozen-predictions/predictions/batch04/C100_FRG/radiopaedia_10_85902_1.npz,3621a72121de23cc969b9e47a4eb0f8810c8219256f9680e2ea7af9dfc23858e,3621a72121de23cc969b9e47a4eb0f8810c8219256f9680e2ea7af9dfc23858e,True,bfc0eaccf1eb3e0de011e9c0b454e7592b575b38f34d74b24b3c71380d30c1e8,77,208,288,float32,False,False
4,C100_FRG,radiopaedia_10_85902_3,/kaggle/input/datasets/dsshayan/cova3d-frozen-predictions/predictions/batch04/C100_FRG/radiopaedia_10_85902_3.npz,cd04dc2a6bd704837d67e078be8c777b2795508d5f65f955e52977de0b6bde16,cd04dc2a6bd704837d67e078be8c777b2795508d5f65f955e52977de0b6bde16,True,bfc0eaccf1eb3e0de011e9c0b454e7592b575b38f34d74b24b3c71380d30c1e8,140,194,241,float32,False,False
4,C100_FRG,radiopaedia_4_85506_1,/kaggle/input/datasets/dsshayan/cova3d-frozen-predictions/predictions/batch04/C100_FRG/radiopaedia_4_85506_1.npz,2cc6e5e995db1306e870c7eea36cd9244c825109d89e55f0b101a71dc3963557,2cc6e5e995db1306e870c7eea36cd9244c825109d89e55f0b101a71dc3963557,True,bfc0eaccf1eb3e0de011e9c0b454e7592b575b38f34d74b24b3c71380d30c1e8,77,262,288,float32,False,False
5,C50_COH,coronacases_010,/kaggle/input/datasets/dsshayan/cova3d-frozen-predictions/predictions/batch05/C50_COH/coronacases_010.npz,2493e56c5efc33bd1fb1198fd01ebc779bbc0d3948f6e887037e3284d96435ce,2493e56c5efc33bd1fb1198fd01ebc779bbc0d3948f6e887037e3284d96435ce,True,640f948ede7bd214dc51a2d44f3a694558a8e88097421cc8885656f030c18d94,101,145,229,float32,False,False
5,C50_COH,radiopaedia_10_85902_1,/kaggle/input/datasets/dsshayan/cova3d-frozen-predictions/predictions/batch05/C50_COH/radiopaedia_10_85902_1.npz,112242b8fff96d15f094501d359e0af50c556f2158f20dbe80031cc253ef017c,112242b8fff96d15f094501d359e0af50c556f2158f20dbe80031cc253ef017c,True,640f948ede7bd214dc51a2d44f3a694558a8e88097421cc8885656f030c18d94,77,208,288,float32,False,False
5,C50_COH,radiopaedia_10_85902_3,/kaggle/input/datasets/dsshayan/cova3d-frozen-predictions/predictions/batch05/C50_COH/radiopaedia_10_85902_3.npz,0b398a560c9ee38102440f373740312c68802de68678e5b6396e9ce5dbf9ee1b,0b398a560c9ee38102440f373740312c68802de68678e5b6396e9ce5dbf9ee1b,True,640f948ede7bd214dc51a2d44f3a694558a8e88097421cc8885656f030c18d94,140,194,241,float32,False,False
5,C50_COH,radiopaedia_4_85506_1,/kaggle/input/datasets/dsshayan/cova3d-frozen-predictions/predictions/batch05/C50_COH/radiopaedia_4_85506_1.npz,4d978fb2ec63a39a504a23947c0016888b67cc656d0af6ce9af3e8b42b2932e1,4d978fb2ec63a39a504a23947c0016888b67cc656d0af6ce9af3e8b42b2932e1,True,640f948ede7bd214dc51a2d44f3a694558a8e88097421cc8885656f030c18d94,77,262,288,float32,False,False
5,C50_DIS,coronacases_010,/kaggle/input/datasets/dsshayan/cova3d-frozen-predictions/predictions/batch05/C50_DIS/coronacases_010.npz,fb6c9edf9bb241f2a58b04bc2696cbe9774828d471319e38d225f78ca2dbf5cb,fb6c9edf9bb241f2a58b04bc2696cbe9774828d471319e38d225f78ca2dbf5cb,True,4edab4e82419619e65ac8afbf76c971861a5da8da2fb7b6378c9dce76173b491,101,145,229,float32,False,False
5,C50_DIS,radiopaedia_10_85902_1,/kaggle/input/datasets/dsshayan/cova3d-frozen-predictions/predictions/batch05/C50_DIS/radiopaedia_10_85902_1.npz,9963a66646891ae0a9650ce0d894440b31a279c726854194b5b21ca6f00d95fc,9963a66646891ae0a9650ce0d894440b31a279c726854194b5b21ca6f00d95fc,True,4edab4e82419619e65ac8afbf76c971861a5da8da2fb7b6378c9dce76173b491,77,208,288,float32,False,False
5,C50_DIS,radiopaedia_10_85902_3,/kaggle/input/datasets/dsshayan/cova3d-frozen-predictions/predictions/batch05/C50_DIS/radiopaedia_10_85902_3.npz,5ac2e1d716fcc7915317b8615ab6e4b2c574d23be3572cb1ec50cb93bda0445d,5ac2e1d716fcc7915317b8615ab6e4b2c574d23be3572cb1ec50cb93bda0445d,True,4edab4e82419619e65ac8afbf76c971861a5da8da2fb7b6378c9dce76173b491,140,194,241,float32,False,False
5,C50_DIS,radiopaedia_4_85506_1,/kaggle/input/datasets/dsshayan/cova3d-frozen-predictions/predictions/batch05/C50_DIS/radiopaedia_4_85506_1.npz,9ecbb78994231607f869cce275a7488339cb93f1e8bab087ef5117927c939c7c,9ecbb78994231607f869cce275a7488339cb93f1e8bab087ef5117927c939c7c,True,4edab4e82419619e65ac8afbf76c971861a5da8da2fb7b6378c9dce76173b491,77,262,288,float32,False,False
5,C50_FRG,coronacases_010,/kaggle/input/datasets/dsshayan/cova3d-frozen-predictions/predictions/batch05/C50_FRG/coronacases_010.npz,f6f4f6436809f6c1e2642f67640542bc1543b5be57333438573199a00ccdf02e,f6f4f6436809f6c1e2642f67640542bc1543b5be57333438573199a00ccdf02e,True,a8531589a1aa92c7a167c5f6b38ef0f95d0ea595ab8c0bbefc6de839f932a6b8,101,145,229,float32,False,False
5,C50_FRG,radiopaedia_10_85902_1,/kaggle/input/datasets/dsshayan/cova3d-frozen-predictions/predictions/batch05/C50_FRG/radiopaedia_10_85902_1.npz,1c4cfa17c2002d8e37ad4bb769bb66344e00dffb889072662f2f76577889a49f,1c4cfa17c2002d8e37ad4bb769bb66344e00dffb889072662f2f76577889a49f,True,a8531589a1aa92c7a167c5f6b38ef0f95d0ea595ab8c0bbefc6de839f932a6b8,77,208,288,float32,False,False
5,C50_FRG,radiopaedia_10_85902_3,/kaggle/input/datasets/dsshayan/cova3d-frozen-predictions/predictions/batch05/C50_FRG/radiopaedia_10_85902_3.npz,9099c6d66fa2087fdf0cf55ecbfab8a6eb3b79c3e678c4c5c0340072575d09a1,9099c6d66fa2087fdf0cf55ecbfab8a6eb3b79c3e678c4c5c0340072575d09a1,True,a8531589a1aa92c7a167c5f6b38ef0f95d0ea595ab8c0bbefc6de839f932a6b8,140,194,241,float32,False,False
5,C50_FRG,radiopaedia_4_85506_1,/kaggle/input/datasets/dsshayan/cova3d-frozen-predictions/predictions/batch05/C50_FRG/radiopaedia_4_85506_1.npz,912c62b2e0f1f1cc7394354e1bd806f30dc6bab9de899ee327bdf979d78eb2c9,912c62b2e0f1f1cc7394354e1bd806f30dc6bab9de899ee327bdf979d78eb2c9,True,a8531589a1aa92c7a167c5f6b38ef0f95d0ea595ab8c0bbefc6de839f932a6b8,77,262,288,float32,False,False
5,C100_COH,coronacases_010,/kaggle/input/datasets/dsshayan/cova3d-frozen-predictions/predictions/batch05/C100_COH/coronacases_010.npz,bb9043f534aebd38d9ec83e8279723f506e0661a44ead1869dd3f41ce7f3d6a3,bb9043f534aebd38d9ec83e8279723f506e0661a44ead1869dd3f41ce7f3d6a3,True,06dc8d86ef5c153d4c3511e83d82ca15d98e0357a4066901b8c30b714e28ad27,101,145,229,float32,False,False
5,C100_COH,radiopaedia_10_85902_1,/kaggle/input/datasets/dsshayan/cova3d-frozen-predictions/predictions/batch05/C100_COH/radiopaedia_10_85902_1.npz,0857a63412831844d5d7bff3194aca1d0da619505d9db5a586560170275759ce,0857a63412831844d5d7bff3194aca1d0da619505d9db5a586560170275759ce,True,06dc8d86ef5c153d4c3511e83d82ca15d98e0357a4066901b8c30b714e28ad27,77,208,288,float32,False,False
5,C100_COH,radiopaedia_10_85902_3,/kaggle/input/datasets/dsshayan/cova3d-frozen-predictions/predictions/batch05/C100_COH/radiopaedia_10_85902_3.npz,8c9b0325caf5985af3635f5197b2e2f29ef4a667026df471bc01eb4717c23586,8c9b0325caf5985af3635f5197b2e2f29ef4a667026df471bc01eb4717c23586,True,06dc8d86ef5c153d4c3511e83d82ca15d98e0357a4066901b8c30b714e28ad27,140,194,241,float32,False,False
5,C100_COH,radiopaedia_4_85506_1,/kaggle/input/datasets/dsshayan/cova3d-frozen-predictions/predictions/batch05/C100_COH/radiopaedia_4_85506_1.npz,362c9680af47d2c3a5cd2f15c480221e1da6d387a6a97d31659e8e472773018d,362c9680af47d2c3a5cd2f15c480221e1da6d387a6a97d31659e8e472773018d,True,06dc8d86ef5c153d4c3511e83d82ca15d98e0357a4066901b8c30b714e28ad27,77,262,288,float32,False,False
5,C100_DIS,coronacases_010,/kaggle/input/datasets/dsshayan/cova3d-frozen-predictions/predictions/batch05/C100_DIS/coronacases_010.npz,b577ce42d38f579a6eb4341a9292d7337511467cccc6b3765781e4c0b36bd950,b577ce42d38f579a6eb4341a9292d7337511467cccc6b3765781e4c0b36bd950,True,3367d7ab1c5aca834a5b7c8e273f5b1b521373c184debe2561637ff46c8e573b,101,145,229,float32,False,False
5,C100_DIS,radiopaedia_10_85902_1,/kaggle/input/datasets/dsshayan/cova3d-frozen-predictions/predictions/batch05/C100_DIS/radiopaedia_10_85902_1.npz,9d2a16b1ab3089a8f0fb5560309a90f6fc16f8ca8aa9bc2b73a8b65c34e69023,9d2a16b1ab3089a8f0fb5560309a90f6fc16f8ca8aa9bc2b73a8b65c34e69023,True,3367d7ab1c5aca834a5b7c8e273f5b1b521373c184debe2561637ff46c8e573b,77,208,288,float32,False,False
5,C100_DIS,radiopaedia_10_85902_3,/kaggle/input/datasets/dsshayan/cova3d-frozen-predictions/predictions/batch05/C100_DIS/radiopaedia_10_85902_3.npz,e1a15b3bb8aa760c98cbdc2f063e60be6ac4a6b7bc6104b381fc51e37bba4248,e1a15b3bb8aa760c98cbdc2f063e60be6ac4a6b7bc6104b381fc51e37bba4248,True,3367d7ab1c5aca834a5b7c8e273f5b1b521373c184debe2561637ff46c8e573b,140,194,241,float32,False,False
5,C100_DIS,radiopaedia_4_85506_1,/kaggle/input/datasets/dsshayan/cova3d-frozen-predictions/predictions/batch05/C100_DIS/radiopaedia_4_85506_1.npz,7d24b13592b05ad6db5e04274164c3cf771fd083a37ffef08d342c106c8fa82c,7d24b13592b05ad6db5e04274164c3cf771fd083a37ffef08d342c106c8fa82c,True,3367d7ab1c5aca834a5b7c8e273f5b1b521373c184debe2561637ff46c8e573b,77,262,288,float32,False,False
5,C100_FRG,coronacases_010,/kaggle/input/datasets/dsshayan/cova3d-frozen-predictions/predictions/batch05/C100_FRG/coronacases_010.npz,12e6e99adba90bafcacc221bdd1b8518a447afc3141c3f9c5c5b1be2c3d74c99,12e6e99adba90bafcacc221bdd1b8518a447afc3141c3f9c5c5b1be2c3d74c99,True,ee9830520330d775d755bcbebbef725d5018ad130131b49450344f174d0f91a1,101,145,229,float32,False,False
5,C100_FRG,radiopaedia_10_85902_1,/kaggle/input/datasets/dsshayan/cova3d-frozen-predictions/predictions/batch05/C100_FRG/radiopaedia_10_85902_1.npz,a0bab9507cee4e1132c2b9834ef018b1caf23ac7b7347b814029bcf4597d9be6,a0bab9507cee4e1132c2b9834ef018b1caf23ac7b7347b814029bcf4597d9be6,True,ee9830520330d775d755bcbebbef725d5018ad130131b49450344f174d0f91a1,77,208,288,float32,False,False
5,C100_FRG,radiopaedia_10_85902_3,/kaggle/input/datasets/dsshayan/cova3d-frozen-predictions/predictions/batch05/C100_FRG/radiopaedia_10_85902_3.npz,27bf06ffe052859e5a68e56bd1ce612daf827bc6d4adbdea089aa4f2dc989e69,27bf06ffe052859e5a68e56bd1ce612daf827bc6d4adbdea089aa4f2dc989e69,True,ee9830520330d775d755bcbebbef725d5018ad130131b49450344f174d0f91a1,140,194,241,float32,False,False
5,C100_FRG,radiopaedia_4_85506_1,/kaggle/input/datasets/dsshayan/cova3d-frozen-predictions/predictions/batch05/C100_FRG/radiopaedia_4_85506_1.npz,e4ded30cc9298aa4d0ba91a78e5c7e46bf7eacfb0812e6a14e709089f9d0f605,e4ded30cc9298aa4d0ba91a78e5c7e46bf7eacfb0812e6a14e709089f9d0f605,True,ee9830520330d775d755bcbebbef725d5018ad130131b49450344f174d0f91a1,77,262,288,float32,False,False
6,C50_COH,coronacases_010,/kaggle/input/datasets/dsshayan/cova3d-frozen-predictions/predictions/batch06/C50_COH/coronacases_010.npz,755e4ce0079ea68248ee88bcf715b78e51be17e4a376428bc6b9b79803e49da7,755e4ce0079ea68248ee88bcf715b78e51be17e4a376428bc6b9b79803e49da7,True,4e473f363d5290e0de227bab0b40cb2d534cceb5efc926054730060463e151b7,101,145,229,float32,False,False
6,C50_COH,radiopaedia_10_85902_1,/kaggle/input/datasets/dsshayan/cova3d-frozen-predictions/predictions/batch06/C50_COH/radiopaedia_10_85902_1.npz,25ddf15ce88b1077c81bffd8b605cc7d77813eb4916d7054809cd617c2a5b311,25ddf15ce88b1077c81bffd8b605cc7d77813eb4916d7054809cd617c2a5b311,True,4e473f363d5290e0de227bab0b40cb2d534cceb5efc926054730060463e151b7,77,208,288,float32,False,False
6,C50_COH,radiopaedia_10_85902_3,/kaggle/input/datasets/dsshayan/cova3d-frozen-predictions/predictions/batch06/C50_COH/radiopaedia_10_85902_3.npz,6189141bdb43f1155be6239bf4a4d6d835b3ef00319c40688e66e98b307cedb9,6189141bdb43f1155be6239bf4a4d6d835b3ef00319c40688e66e98b307cedb9,True,4e473f363d5290e0de227bab0b40cb2d534cceb5efc926054730060463e151b7,140,194,241,float32,False,False
6,C50_COH,radiopaedia_4_85506_1,/kaggle/input/datasets/dsshayan/cova3d-frozen-predictions/predictions/batch06/C50_COH/radiopaedia_4_85506_1.npz,187d41738a4d39cd01470c56441bd02b8dfa72230ebb677974ab7272fd648547,187d41738a4d39cd01470c56441bd02b8dfa72230ebb677974ab7272fd648547,True,4e473f363d5290e0de227bab0b40cb2d534cceb5efc926054730060463e151b7,77,262,288,float32,False,False
6,C50_DIS,coronacases_010,/kaggle/input/datasets/dsshayan/cova3d-frozen-predictions/predictions/batch06/C50_DIS/coronacases_010.npz,73e99238c7f11af85e5d5397e6fe940c6f65fcf5332dae406e31f058ae447ff4,73e99238c7f11af85e5d5397e6fe940c6f65fcf5332dae406e31f058ae447ff4,True,c902f82f3b860ff12475600f970140e90844232ecab06dafba17df813b94c66d,101,145,229,float32,False,False
6,C50_DIS,radiopaedia_10_85902_1,/kaggle/input/datasets/dsshayan/cova3d-frozen-predictions/predictions/batch06/C50_DIS/radiopaedia_10_85902_1.npz,35406c82f81f9ff4bebd2dac9793f90feac2a2af59d5420662b66e468d555ef6,35406c82f81f9ff4bebd2dac9793f90feac2a2af59d5420662b66e468d555ef6,True,c902f82f3b860ff12475600f970140e90844232ecab06dafba17df813b94c66d,77,208,288,float32,False,False
6,C50_DIS,radiopaedia_10_85902_3,/kaggle/input/datasets/dsshayan/cova3d-frozen-predictions/predictions/batch06/C50_DIS/radiopaedia_10_85902_3.npz,a195e63db40920a8d60975a184365fbc5b7d6bb181835b1efafe567a0fd90a68,a195e63db40920a8d60975a184365fbc5b7d6bb181835b1efafe567a0fd90a68,True,c902f82f3b860ff12475600f970140e90844232ecab06dafba17df813b94c66d,140,194,241,float32,False,False
6,C50_DIS,radiopaedia_4_85506_1,/kaggle/input/datasets/dsshayan/cova3d-frozen-predictions/predictions/batch06/C50_DIS/radiopaedia_4_85506_1.npz,89e57015565424900ca35120fbabe68a021097d0154a3d53e56ce7453640295f,89e57015565424900ca35120fbabe68a021097d0154a3d53e56ce7453640295f,True,c902f82f3b860ff12475600f970140e90844232ecab06dafba17df813b94c66d,77,262,288,float32,False,False
6,C50_FRG,coronacases_010,/kaggle/input/datasets/dsshayan/cova3d-frozen-predictions/predictions/batch06/C50_FRG/coronacases_010.npz,661a33cba882cf870e279cee0fd7d826b460a7494de6ce9d362e8d10b4d846bb,661a33cba882cf870e279cee0fd7d826b460a7494de6ce9d362e8d10b4d846bb,True,f74f81fd18066ef56dd1477d218e53ede2cdb299bbbfea9f5593d88ba75d6abc,101,145,229,float32,False,False
6,C50_FRG,radiopaedia_10_85902_1,/kaggle/input/datasets/dsshayan/cova3d-frozen-predictions/predictions/batch06/C50_FRG/radiopaedia_10_85902_1.npz,7cd6332a5d211e184488a65b9e4bfc0e4fb2a3957e3979b5c72e9bbeab3d18c5,7cd6332a5d211e184488a65b9e4bfc0e4fb2a3957e3979b5c72e9bbeab3d18c5,True,f74f81fd18066ef56dd1477d218e53ede2cdb299bbbfea9f5593d88ba75d6abc,77,208,288,float32,False,False
6,C50_FRG,radiopaedia_10_85902_3,/kaggle/input/datasets/dsshayan/cova3d-frozen-predictions/predictions/batch06/C50_FRG/radiopaedia_10_85902_3.npz,5a0bdbc3f66d0bfbbce0a3f767125afeb89db7730fc46a43a8d865db8b459079,5a0bdbc3f66d0bfbbce0a3f767125afeb89db7730fc46a43a8d865db8b459079,True,f74f81fd18066ef56dd1477d218e53ede2cdb299bbbfea9f5593d88ba75d6abc,140,194,241,float32,False,False
6,C50_FRG,radiopaedia_4_85506_1,/kaggle/input/datasets/dsshayan/cova3d-frozen-predictions/predictions/batch06/C50_FRG/radiopaedia_4_85506_1.npz,b2ac18f81231a125a0f0c8200c2ea2cefa44ec5d9d7ba1de9b657533d398b97a,b2ac18f81231a125a0f0c8200c2ea2cefa44ec5d9d7ba1de9b657533d398b97a,True,f74f81fd18066ef56dd1477d218e53ede2cdb299bbbfea9f5593d88ba75d6abc,77,262,288,float32,False,False
6,C100_COH,coronacases_010,/kaggle/input/datasets/dsshayan/cova3d-frozen-predictions/predictions/batch06/C100_COH/coronacases_010.npz,06154de0643959c1a707c641a5b70bb508762a0128fe98bd3b03c9aa7cead08f,06154de0643959c1a707c641a5b70bb508762a0128fe98bd3b03c9aa7cead08f,True,06211a461f72ce8396bd8052a9fef2240e9df6dd6bd8261c0c0e5a397955b2d9,101,145,229,float32,False,False
6,C100_COH,radiopaedia_10_85902_1,/kaggle/input/datasets/dsshayan/cova3d-frozen-predictions/predictions/batch06/C100_COH/radiopaedia_10_85902_1.npz,46d3766a8c0df4af76a9ecb8b74c92e22e21f00148f9d2048a2f0065d592b9b7,46d3766a8c0df4af76a9ecb8b74c92e22e21f00148f9d2048a2f0065d592b9b7,True,06211a461f72ce8396bd8052a9fef2240e9df6dd6bd8261c0c0e5a397955b2d9,77,208,288,float32,False,False
6,C100_COH,radiopaedia_10_85902_3,/kaggle/input/datasets/dsshayan/cova3d-frozen-predictions/predictions/batch06/C100_COH/radiopaedia_10_85902_3.npz,e029000479ae5c04899620a7a3f559ddab4ed1fa3706644be8cda058be13349e,e029000479ae5c04899620a7a3f559ddab4ed1fa3706644be8cda058be13349e,True,06211a461f72ce8396bd8052a9fef2240e9df6dd6bd8261c0c0e5a397955b2d9,140,194,241,float32,False,False
6,C100_COH,radiopaedia_4_85506_1,/kaggle/input/datasets/dsshayan/cova3d-frozen-predictions/predictions/batch06/C100_COH/radiopaedia_4_85506_1.npz,f224fb7590a1728b0446bee8333cb1dbb39f7e2462a8edc727bc9f2c5393380f,f224fb7590a1728b0446bee8333cb1dbb39f7e2462a8edc727bc9f2c5393380f,True,06211a461f72ce8396bd8052a9fef2240e9df6dd6bd8261c0c0e5a397955b2d9,77,262,288,float32,False,False
6,C100_DIS,coronacases_010,/kaggle/input/datasets/dsshayan/cova3d-frozen-predictions/predictions/batch06/C100_DIS/coronacases_010.npz,4c719264010e7fc4f8a70dabf8dae466e9a19eea37d3fb23b678956c25814a0e,4c719264010e7fc4f8a70dabf8dae466e9a19eea37d3fb23b678956c25814a0e,True,f74ff4a381d1253b884f87bf5dd6f238bbbf972496ebe7fa650d832cc97c1aa1,101,145,229,float32,False,False
6,C100_DIS,radiopaedia_10_85902_1,/kaggle/input/datasets/dsshayan/cova3d-frozen-predictions/predictions/batch06/C100_DIS/radiopaedia_10_85902_1.npz,fc9c9ae6e30a35cf2d95dc7590aa3b150278b48bcf734c04c3fb9ca31bf4a3ce,fc9c9ae6e30a35cf2d95dc7590aa3b150278b48bcf734c04c3fb9ca31bf4a3ce,True,f74ff4a381d1253b884f87bf5dd6f238bbbf972496ebe7fa650d832cc97c1aa1,77,208,288,float32,False,False
6,C100_DIS,radiopaedia_10_85902_3,/kaggle/input/datasets/dsshayan/cova3d-frozen-predictions/predictions/batch06/C100_DIS/radiopaedia_10_85902_3.npz,52f1e110c0e66b126017f9dd56316747d45fcd18e055567f1a016ccf857f3d65,52f1e110c0e66b126017f9dd56316747d45fcd18e055567f1a016ccf857f3d65,True,f74ff4a381d1253b884f87bf5dd6f238bbbf972496ebe7fa650d832cc97c1aa1,140,194,241,float32,False,False
6,C100_DIS,radiopaedia_4_85506_1,/kaggle/input/datasets/dsshayan/cova3d-frozen-predictions/predictions/batch06/C100_DIS/radiopaedia_4_85506_1.npz,249242c07d8568eac12b1067782c2af8701ec958caa8135845835e3805c7ae25,249242c07d8568eac12b1067782c2af8701ec958caa8135845835e3805c7ae25,True,f74ff4a381d1253b884f87bf5dd6f238bbbf972496ebe7fa650d832cc97c1aa1,77,262,288,float32,False,False
6,C100_FRG,coronacases_010,/kaggle/input/datasets/dsshayan/cova3d-frozen-predictions/predictions/batch06/C100_FRG/coronacases_010.npz,b1550e4d9f78bfae5ec55dce48df78e02b49f5f6acc2e958361ed52606715b4c,b1550e4d9f78bfae5ec55dce48df78e02b49f5f6acc2e958361ed52606715b4c,True,3f4fea818d988f3bb014f2f181485d57e4c1b7eca0b9b1118d72319cbf785b00,101,145,229,float32,False,False
6,C100_FRG,radiopaedia_10_85902_1,/kaggle/input/datasets/dsshayan/cova3d-frozen-predictions/predictions/batch06/C100_FRG/radiopaedia_10_85902_1.npz,5dceec595efb21e57717971c1ebe50703f18a84830a12dbbe7768b7ba1991602,5dceec595efb21e57717971c1ebe50703f18a84830a12dbbe7768b7ba1991602,True,3f4fea818d988f3bb014f2f181485d57e4c1b7eca0b9b1118d72319cbf785b00,77,208,288,float32,False,False
6,C100_FRG,radiopaedia_10_85902_3,/kaggle/input/datasets/dsshayan/cova3d-frozen-predictions/predictions/batch06/C100_FRG/radiopaedia_10_85902_3.npz,cce86fdda8648bf4b80acaddbe214f09fb48d30cf0a67b558bc5de9d00de24e0,cce86fdda8648bf4b80acaddbe214f09fb48d30cf0a67b558bc5de9d00de24e0,True,3f4fea818d988f3bb014f2f181485d57e4c1b7eca0b9b1118d72319cbf785b00,140,194,241,float32,False,False
6,C100_FRG,radiopaedia_4_85506_1,/kaggle/input/datasets/dsshayan/cova3d-frozen-predictions/predictions/batch06/C100_FRG/radiopaedia_4_85506_1.npz,63a1c9e188612e576d5b924e0f1a3b74d3f2a3fa0757459228e8a001a717c84f,63a1c9e188612e576d5b924e0f1a3b74d3f2a3fa0757459228e8a001a717c84f,True,3f4fea818d988f3bb014f2f181485d57e4c1b7eca0b9b1118d72319cbf785b00,77,262,288,float32,False,False
7,C50_COH,coronacases_006,/kaggle/input/datasets/dsshayan/cova3d-frozen-predictions/predictions/batch07/C50_COH/coronacases_006.npz,473a62a6045a64c05b1c283c9fcc263df6d27d33c18f2e7ee45f49b616f5a73d,473a62a6045a64c05b1c283c9fcc263df6d27d33c18f2e7ee45f49b616f5a73d,True,b05ce4cc2fcdc1f5513ee904491b7587d194cce5a8736532fb69b08aa82d4046,107,182,260,float32,False,False
7,C50_COH,coronacases_007,/kaggle/input/datasets/dsshayan/cova3d-frozen-predictions/predictions/batch07/C50_COH/coronacases_007.npz,cba46e6a4b73b234bb84f0638048d1d1f438aeceffb57d2d0702dd9530759587,cba46e6a4b73b234bb84f0638048d1d1f438aeceffb57d2d0702dd9530759587,True,b05ce4cc2fcdc1f5513ee904491b7587d194cce5a8736532fb69b08aa82d4046,84,157,238,float32,False,False
7,C50_COH,radiopaedia_36_86526_0,/kaggle/input/datasets/dsshayan/cova3d-frozen-predictions/predictions/batch07/C50_COH/radiopaedia_36_86526_0.npz,318ed5aaf93657e9d3c771cfc0aea0da69bc95fddbbd55ec0665cd524f5d6703,318ed5aaf93657e9d3c771cfc0aea0da69bc95fddbbd55ec0665cd524f5d6703,True,b05ce4cc2fcdc1f5513ee904491b7587d194cce5a8736532fb69b08aa82d4046,89,198,269,float32,False,False
7,C50_COH,radiopaedia_7_85703_0,/kaggle/input/datasets/dsshayan/cova3d-frozen-predictions/predictions/batch07/C50_COH/radiopaedia_7_85703_0.npz,038e21751727561d02f2c6485e74f3b08fbd1fb5ac4661123418a0575afd9375,038e21751727561d02f2c6485e74f3b08fbd1fb5ac4661123418a0575afd9375,True,b05ce4cc2fcdc1f5513ee904491b7587d194cce5a8736532fb69b08aa82d4046,89,248,288,float32,False,False
7,C50_DIS,coronacases_006,/kaggle/input/datasets/dsshayan/cova3d-frozen-predictions/predictions/batch07/C50_DIS/coronacases_006.npz,bbe443dd8ee2b12ad36520a19a6f05e7fd67ab3d97372cf7bf5dfe2e74aa4f68,bbe443dd8ee2b12ad36520a19a6f05e7fd67ab3d97372cf7bf5dfe2e74aa4f68,True,03b3cc134e40e1b86cb8760f12240534a2192169415b56c666114bf693557438,107,182,260,float32,False,False
7,C50_DIS,coronacases_007,/kaggle/input/datasets/dsshayan/cova3d-frozen-predictions/predictions/batch07/C50_DIS/coronacases_007.npz,42bb08396bd0552588e995020a5cee304dff2ee89a83617c4464dc3645d30512,42bb08396bd0552588e995020a5cee304dff2ee89a83617c4464dc3645d30512,True,03b3cc134e40e1b86cb8760f12240534a2192169415b56c666114bf693557438,84,157,238,float32,False,False
7,C50_DIS,radiopaedia_36_86526_0,/kaggle/input/datasets/dsshayan/cova3d-frozen-predictions/predictions/batch07/C50_DIS/radiopaedia_36_86526_0.npz,4d9ab3a79abd3e88ff45516c3375218391b59eaa6beb6efefa9307bf24068dbd,4d9ab3a79abd3e88ff45516c3375218391b59eaa6beb6efefa9307bf24068dbd,True,03b3cc134e40e1b86cb8760f12240534a2192169415b56c666114bf693557438,89,198,269,float32,False,False
7,C50_DIS,radiopaedia_7_85703_0,/kaggle/input/datasets/dsshayan/cova3d-frozen-predictions/predictions/batch07/C50_DIS/radiopaedia_7_85703_0.npz,9d3ba0fc87135ae14a27ac2bb9dfafd245c6362cc51e4fc2b534741ea015c664,9d3ba0fc87135ae14a27ac2bb9dfafd245c6362cc51e4fc2b534741ea015c664,True,03b3cc134e40e1b86cb8760f12240534a2192169415b56c666114bf693557438,89,248,288,float32,False,False
7,C50_FRG,coronacases_006,/kaggle/input/datasets/dsshayan/cova3d-frozen-predictions/predictions/batch07/C50_FRG/coronacases_006.npz,1a3314dcd9724c0e309cb45a3c0b145c831d4daffa27483754ca37e6c7aae25b,1a3314dcd9724c0e309cb45a3c0b145c831d4daffa27483754ca37e6c7aae25b,True,5f3e610c6f27380eaacfc3008b2cb424b370aa52ad3200a09584051be2359e1e,107,182,260,float32,False,False
7,C50_FRG,coronacases_007,/kaggle/input/datasets/dsshayan/cova3d-frozen-predictions/predictions/batch07/C50_FRG/coronacases_007.npz,34eb840dca28661894fec662ac14b9ee2e6fbbd7cdbcb5c3b9d1fc0ba1d2cabb,34eb840dca28661894fec662ac14b9ee2e6fbbd7cdbcb5c3b9d1fc0ba1d2cabb,True,5f3e610c6f27380eaacfc3008b2cb424b370aa52ad3200a09584051be2359e1e,84,157,238,float32,False,False
7,C50_FRG,radiopaedia_36_86526_0,/kaggle/input/datasets/dsshayan/cova3d-frozen-predictions/predictions/batch07/C50_FRG/radiopaedia_36_86526_0.npz,cb4677a79d905e0f28a888ac1216f623bf288f60433c2cf24b4d3dc67d7098b1,cb4677a79d905e0f28a888ac1216f623bf288f60433c2cf24b4d3dc67d7098b1,True,5f3e610c6f27380eaacfc3008b2cb424b370aa52ad3200a09584051be2359e1e,89,198,269,float32,False,False
7,C50_FRG,radiopaedia_7_85703_0,/kaggle/input/datasets/dsshayan/cova3d-frozen-predictions/predictions/batch07/C50_FRG/radiopaedia_7_85703_0.npz,16528bfb86a99a85d94b053a4cf5357f1a8f524782216ac3c56c1de6959d5b43,16528bfb86a99a85d94b053a4cf5357f1a8f524782216ac3c56c1de6959d5b43,True,5f3e610c6f27380eaacfc3008b2cb424b370aa52ad3200a09584051be2359e1e,89,248,288,float32,False,False
7,C100_COH,coronacases_006,/kaggle/input/datasets/dsshayan/cova3d-frozen-predictions/predictions/batch07/C100_COH/coronacases_006.npz,e769e24fb960eaa618061de0ba1ab26cdf4e0be5b31ad8b667d007bbafe3568b,e769e24fb960eaa618061de0ba1ab26cdf4e0be5b31ad8b667d007bbafe3568b,True,71c9ea1a46fd6060b2a4fd89a317cd3015e9e82b73e8d0a99d05a9726b030052,107,182,260,float32,False,False
7,C100_COH,coronacases_007,/kaggle/input/datasets/dsshayan/cova3d-frozen-predictions/predictions/batch07/C100_COH/coronacases_007.npz,224f6711a220836458a3ad292d8f9bf15c0272445342ab0a5c7db3a37fe7ae2d,224f6711a220836458a3ad292d8f9bf15c0272445342ab0a5c7db3a37fe7ae2d,True,71c9ea1a46fd6060b2a4fd89a317cd3015e9e82b73e8d0a99d05a9726b030052,84,157,238,float32,False,False
7,C100_COH,radiopaedia_36_86526_0,/kaggle/input/datasets/dsshayan/cova3d-frozen-predictions/predictions/batch07/C100_COH/radiopaedia_36_86526_0.npz,6e09ec02ed12b8241ccbdbdd5c12658d3d999bb6b2679e38eee5c94a55f52000,6e09ec02ed12b8241ccbdbdd5c12658d3d999bb6b2679e38eee5c94a55f52000,True,71c9ea1a46fd6060b2a4fd89a317cd3015e9e82b73e8d0a99d05a9726b030052,89,198,269,float32,False,False
7,C100_COH,radiopaedia_7_85703_0,/kaggle/input/datasets/dsshayan/cova3d-frozen-predictions/predictions/batch07/C100_COH/radiopaedia_7_85703_0.npz,cdafa8d34806a9b072941616e9a87d8fde819924c04dc054d6c249dced489efe,cdafa8d34806a9b072941616e9a87d8fde819924c04dc054d6c249dced489efe,True,71c9ea1a46fd6060b2a4fd89a317cd3015e9e82b73e8d0a99d05a9726b030052,89,248,288,float32,False,False
7,C100_DIS,coronacases_006,/kaggle/input/datasets/dsshayan/cova3d-frozen-predictions/predictions/batch07/C100_DIS/coronacases_006.npz,cd1e809ec624f5ef36f5c0a9c4654289a4e6aa92bec7f9459bf596f4f359fc68,cd1e809ec624f5ef36f5c0a9c4654289a4e6aa92bec7f9459bf596f4f359fc68,True,6e042229e9b5ab961323f225cba3f3088ea586dc7a509d9e3c4779e3bca83d6a,107,182,260,float32,False,False
7,C100_DIS,coronacases_007,/kaggle/input/datasets/dsshayan/cova3d-frozen-predictions/predictions/batch07/C100_DIS/coronacases_007.npz,cdcddb857c096039a3a03a1e6164dcd4276da28b51269436222cd40d92e7064b,cdcddb857c096039a3a03a1e6164dcd4276da28b51269436222cd40d92e7064b,True,6e042229e9b5ab961323f225cba3f3088ea586dc7a509d9e3c4779e3bca83d6a,84,157,238,float32,False,False
7,C100_DIS,radiopaedia_36_86526_0,/kaggle/input/datasets/dsshayan/cova3d-frozen-predictions/predictions/batch07/C100_DIS/radiopaedia_36_86526_0.npz,b47857beafd04a5aaf1b833b3a29be728b3cb834d8d9c5ab03a73b3a1a640334,b47857beafd04a5aaf1b833b3a29be728b3cb834d8d9c5ab03a73b3a1a640334,True,6e042229e9b5ab961323f225cba3f3088ea586dc7a509d9e3c4779e3bca83d6a,89,198,269,float32,False,False
7,C100_DIS,radiopaedia_7_85703_0,/kaggle/input/datasets/dsshayan/cova3d-frozen-predictions/predictions/batch07/C100_DIS/radiopaedia_7_85703_0.npz,6ad6339ffdc8b6e26f16eda4a14998cdda5aacc30afb7e5f0be7d9baa76d8ab3,6ad6339ffdc8b6e26f16eda4a14998cdda5aacc30afb7e5f0be7d9baa76d8ab3,True,6e042229e9b5ab961323f225cba3f3088ea586dc7a509d9e3c4779e3bca83d6a,89,248,288,float32,False,False
7,C100_FRG,coronacases_006,/kaggle/input/datasets/dsshayan/cova3d-frozen-predictions/predictions/batch07/C100_FRG/coronacases_006.npz,c3a64646e62eb2802d275827601a009fc0c4a0b0df907d9c048de59dd9580bb1,c3a64646e62eb2802d275827601a009fc0c4a0b0df907d9c048de59dd9580bb1,True,0422481e58ae8f9c9856be0a930e2c48b48d11ce4c2e542969002e9b4f180dcb,107,182,260,float32,False,False
7,C100_FRG,coronacases_007,/kaggle/input/datasets/dsshayan/cova3d-frozen-predictions/predictions/batch07/C100_FRG/coronacases_007.npz,50aa62c4d341816a22949688bb9cce6e56c80dfde7b5c80accf12d9cf23007c3,50aa62c4d341816a22949688bb9cce6e56c80dfde7b5c80accf12d9cf23007c3,True,0422481e58ae8f9c9856be0a930e2c48b48d11ce4c2e542969002e9b4f180dcb,84,157,238,float32,False,False
7,C100_FRG,radiopaedia_36_86526_0,/kaggle/input/datasets/dsshayan/cova3d-frozen-predictions/predictions/batch07/C100_FRG/radiopaedia_36_86526_0.npz,894423af78cb6e6f40e7b9154cfaf3d0789cdcf786dce3ac0eafc2c30ffbfcc4,894423af78cb6e6f40e7b9154cfaf3d0789cdcf786dce3ac0eafc2c30ffbfcc4,True,0422481e58ae8f9c9856be0a930e2c48b48d11ce4c2e542969002e9b4f180dcb,89,198,269,float32,False,False
7,C100_FRG,radiopaedia_7_85703_0,/kaggle/input/datasets/dsshayan/cova3d-frozen-predictions/predictions/batch07/C100_FRG/radiopaedia_7_85703_0.npz,514a9926941b53f7e121f38fe7b834c05b363dfd4d67120262aef9250a22c2e8,514a9926941b53f7e121f38fe7b834c05b363dfd4d67120262aef9250a22c2e8,True,0422481e58ae8f9c9856be0a930e2c48b48d11ce4c2e542969002e9b4f180dcb,89,248,288,float32,False,False
8,C50_COH,coronacases_006,/kaggle/input/datasets/dsshayan/cova3d-frozen-predictions/predictions/batch08/C50_COH/coronacases_006.npz,f6d70920530f0ffa8609fffc7e5a67fa5c65f0be6396b688cc5cac810cefcbfe,f6d70920530f0ffa8609fffc7e5a67fa5c65f0be6396b688cc5cac810cefcbfe,True,89d8908066527ca97da86c4a9fbd2b9a709c5da290df4e1193039360d48b7195,107,182,260,float32,False,False
8,C50_COH,coronacases_007,/kaggle/input/datasets/dsshayan/cova3d-frozen-predictions/predictions/batch08/C50_COH/coronacases_007.npz,a0ad09fcc1f226a4ab22b69bdb94e768c6df0fa2cfe931a7084a31717cc53234,a0ad09fcc1f226a4ab22b69bdb94e768c6df0fa2cfe931a7084a31717cc53234,True,89d8908066527ca97da86c4a9fbd2b9a709c5da290df4e1193039360d48b7195,84,157,238,float32,False,False
8,C50_COH,radiopaedia_36_86526_0,/kaggle/input/datasets/dsshayan/cova3d-frozen-predictions/predictions/batch08/C50_COH/radiopaedia_36_86526_0.npz,4e40dddb3a96b06b2c6685512eb53f79c1509506ef3c2ccb02263c592e6879d8,4e40dddb3a96b06b2c6685512eb53f79c1509506ef3c2ccb02263c592e6879d8,True,89d8908066527ca97da86c4a9fbd2b9a709c5da290df4e1193039360d48b7195,89,198,269,float32,False,False
8,C50_COH,radiopaedia_7_85703_0,/kaggle/input/datasets/dsshayan/cova3d-frozen-predictions/predictions/batch08/C50_COH/radiopaedia_7_85703_0.npz,b589071f52fda54354e0efeb72f2e6abbf5b0e4cbc747da7cd39a5f909d26def,b589071f52fda54354e0efeb72f2e6abbf5b0e4cbc747da7cd39a5f909d26def,True,89d8908066527ca97da86c4a9fbd2b9a709c5da290df4e1193039360d48b7195,89,248,288,float32,False,False
8,C50_DIS,coronacases_006,/kaggle/input/datasets/dsshayan/cova3d-frozen-predictions/predictions/batch08/C50_DIS/coronacases_006.npz,11213cc3382dcedcc4d0cde4e3b92900a52f933ef270ed861dcb116b6b8a9a78,11213cc3382dcedcc4d0cde4e3b92900a52f933ef270ed861dcb116b6b8a9a78,True,a7e1301a73180844d205c7547942b0a7a5164a7d01401069dfbbd5d845024600,107,182,260,float32,False,False
8,C50_DIS,coronacases_007,/kaggle/input/datasets/dsshayan/cova3d-frozen-predictions/predictions/batch08/C50_DIS/coronacases_007.npz,3517ebaa5815e10adef50d3a989eb40d2535a6e77853654cfb40bd8c65de75f7,3517ebaa5815e10adef50d3a989eb40d2535a6e77853654cfb40bd8c65de75f7,True,a7e1301a73180844d205c7547942b0a7a5164a7d01401069dfbbd5d845024600,84,157,238,float32,False,False
8,C50_DIS,radiopaedia_36_86526_0,/kaggle/input/datasets/dsshayan/cova3d-frozen-predictions/predictions/batch08/C50_DIS/radiopaedia_36_86526_0.npz,37e8821fc3f49577742c90634f1032af3a74b68fc45abaf3604feeef2e78f8b1,37e8821fc3f49577742c90634f1032af3a74b68fc45abaf3604feeef2e78f8b1,True,a7e1301a73180844d205c7547942b0a7a5164a7d01401069dfbbd5d845024600,89,198,269,float32,False,False
8,C50_DIS,radiopaedia_7_85703_0,/kaggle/input/datasets/dsshayan/cova3d-frozen-predictions/predictions/batch08/C50_DIS/radiopaedia_7_85703_0.npz,f2fb4204cc94a971ba423d231926e647763d7b4766e450e5499bc6cd0e397ee6,f2fb4204cc94a971ba423d231926e647763d7b4766e450e5499bc6cd0e397ee6,True,a7e1301a73180844d205c7547942b0a7a5164a7d01401069dfbbd5d845024600,89,248,288,float32,False,False
8,C50_FRG,coronacases_006,/kaggle/input/datasets/dsshayan/cova3d-frozen-predictions/predictions/batch08/C50_FRG/coronacases_006.npz,697850fe2cf20a05b5820ac4e61a12250211cb8f4e7dca2269806e3899ef45ca,697850fe2cf20a05b5820ac4e61a12250211cb8f4e7dca2269806e3899ef45ca,True,822f5114687d51f9c2e56b0f6a61dc03a1d46f4ea58806997c3ea8361584304d,107,182,260,float32,False,False
8,C50_FRG,coronacases_007,/kaggle/input/datasets/dsshayan/cova3d-frozen-predictions/predictions/batch08/C50_FRG/coronacases_007.npz,dc9833b9d7de3f48a39b607aa7dc33cca1c015340762341ba5a2b617e5d9c03f,dc9833b9d7de3f48a39b607aa7dc33cca1c015340762341ba5a2b617e5d9c03f,True,822f5114687d51f9c2e56b0f6a61dc03a1d46f4ea58806997c3ea8361584304d,84,157,238,float32,False,False
8,C50_FRG,radiopaedia_36_86526_0,/kaggle/input/datasets/dsshayan/cova3d-frozen-predictions/predictions/batch08/C50_FRG/radiopaedia_36_86526_0.npz,7aee66dcf3ce97a39b5d0553e36ccaa1bf80cd8e30df2314b1060c59fa37038e,7aee66dcf3ce97a39b5d0553e36ccaa1bf80cd8e30df2314b1060c59fa37038e,True,822f5114687d51f9c2e56b0f6a61dc03a1d46f4ea58806997c3ea8361584304d,89,198,269,float32,False,False
8,C50_FRG,radiopaedia_7_85703_0,/kaggle/input/datasets/dsshayan/cova3d-frozen-predictions/predictions/batch08/C50_FRG/radiopaedia_7_85703_0.npz,ed4c82901b66c3ff9de9934fd0749ea82b5b3aa133217d0016d5fe42fb66cb2e,ed4c82901b66c3ff9de9934fd0749ea82b5b3aa133217d0016d5fe42fb66cb2e,True,822f5114687d51f9c2e56b0f6a61dc03a1d46f4ea58806997c3ea8361584304d,89,248,288,float32,False,False
8,C100_COH,coronacases_006,/kaggle/input/datasets/dsshayan/cova3d-frozen-predictions/predictions/batch08/C100_COH/coronacases_006.npz,d8b28acdf3e444930793d21814ba6cd65f6501b63790561e79c8787a6d5bb4f7,d8b28acdf3e444930793d21814ba6cd65f6501b63790561e79c8787a6d5bb4f7,True,665e868a64ae626f2e3fbaa5de0e581fe27a2078fcf26fa631d5866b70134da3,107,182,260,float32,False,False
8,C100_COH,coronacases_007,/kaggle/input/datasets/dsshayan/cova3d-frozen-predictions/predictions/batch08/C100_COH/coronacases_007.npz,16aefd72c5ff9de2af06c830c2dcfbe5711b97f4f7f080dacafaf5f3d09f6ed6,16aefd72c5ff9de2af06c830c2dcfbe5711b97f4f7f080dacafaf5f3d09f6ed6,True,665e868a64ae626f2e3fbaa5de0e581fe27a2078fcf26fa631d5866b70134da3,84,157,238,float32,False,False
8,C100_COH,radiopaedia_36_86526_0,/kaggle/input/datasets/dsshayan/cova3d-frozen-predictions/predictions/batch08/C100_COH/radiopaedia_36_86526_0.npz,d6a6cd266bfbe2c8c956f8f223314062b1043da2609009f9add491303585bd5b,d6a6cd266bfbe2c8c956f8f223314062b1043da2609009f9add491303585bd5b,True,665e868a64ae626f2e3fbaa5de0e581fe27a2078fcf26fa631d5866b70134da3,89,198,269,float32,False,False
8,C100_COH,radiopaedia_7_85703_0,/kaggle/input/datasets/dsshayan/cova3d-frozen-predictions/predictions/batch08/C100_COH/radiopaedia_7_85703_0.npz,80f7171fe1b22881ac2703b480f3c589a4f95b0705b0a72e4aecae9cdff3afdf,80f7171fe1b22881ac2703b480f3c589a4f95b0705b0a72e4aecae9cdff3afdf,True,665e868a64ae626f2e3fbaa5de0e581fe27a2078fcf26fa631d5866b70134da3,89,248,288,float32,False,False
8,C100_DIS,coronacases_006,/kaggle/input/datasets/dsshayan/cova3d-frozen-predictions/predictions/batch08/C100_DIS/coronacases_006.npz,201ac66d1309f557ccfd985b4e9bce9a3af345104f78eaedfa2af5edb4af46d6,201ac66d1309f557ccfd985b4e9bce9a3af345104f78eaedfa2af5edb4af46d6,True,ae198595cfc707e0befc605d0daf11845ee67359860834d814f9cf67e2afc99c,107,182,260,float32,False,False
8,C100_DIS,coronacases_007,/kaggle/input/datasets/dsshayan/cova3d-frozen-predictions/predictions/batch08/C100_DIS/coronacases_007.npz,bdc2c4e509494ec28c8129c3e1392500efa2b06eaf4d94ab0cb751990bf79986,bdc2c4e509494ec28c8129c3e1392500efa2b06eaf4d94ab0cb751990bf79986,True,ae198595cfc707e0befc605d0daf11845ee67359860834d814f9cf67e2afc99c,84,157,238,float32,False,False
8,C100_DIS,radiopaedia_36_86526_0,/kaggle/input/datasets/dsshayan/cova3d-frozen-predictions/predictions/batch08/C100_DIS/radiopaedia_36_86526_0.npz,99fd54ba36bfa1b565f94ad381234b93283963379b6ae00ed3f08c850953ae5d,99fd54ba36bfa1b565f94ad381234b93283963379b6ae00ed3f08c850953ae5d,True,ae198595cfc707e0befc605d0daf11845ee67359860834d814f9cf67e2afc99c,89,198,269,float32,False,False
8,C100_DIS,radiopaedia_7_85703_0,/kaggle/input/datasets/dsshayan/cova3d-frozen-predictions/predictions/batch08/C100_DIS/radiopaedia_7_85703_0.npz,9df1b68ba0d4c4f98bb8bf25601d333ee3b6d64d2a70f1aacb1a44664364983d,9df1b68ba0d4c4f98bb8bf25601d333ee3b6d64d2a70f1aacb1a44664364983d,True,ae198595cfc707e0befc605d0daf11845ee67359860834d814f9cf67e2afc99c,89,248,288,float32,False,False
8,C100_FRG,coronacases_006,/kaggle/input/datasets/dsshayan/cova3d-frozen-predictions/predictions/batch08/C100_FRG/coronacases_006.npz,1aaf90c4fe62a5996e649855f4570e13da66eb210631394ca5e01b1dc1c810d0,1aaf90c4fe62a5996e649855f4570e13da66eb210631394ca5e01b1dc1c810d0,True,3b51b34724f0f3d711d9188fe5bf178f481cfcc6cbf7cc9c6c991a86427237d7,107,182,260,float32,False,False
8,C100_FRG,coronacases_007,/kaggle/input/datasets/dsshayan/cova3d-frozen-predictions/predictions/batch08/C100_FRG/coronacases_007.npz,e2d6f1caff3a7d0b6ecd1a0985ffa746f49004db33230934778fdaee12c329b3,e2d6f1caff3a7d0b6ecd1a0985ffa746f49004db33230934778fdaee12c329b3,True,3b51b34724f0f3d711d9188fe5bf178f481cfcc6cbf7cc9c6c991a86427237d7,84,157,238,float32,False,False
8,C100_FRG,radiopaedia_36_86526_0,/kaggle/input/datasets/dsshayan/cova3d-frozen-predictions/predictions/batch08/C100_FRG/radiopaedia_36_86526_0.npz,732b843d31ac5650583387ee73a43a3668b9f2f0d6843042e8c71d2f563c035a,732b843d31ac5650583387ee73a43a3668b9f2f0d6843042e8c71d2f563c035a,True,3b51b34724f0f3d711d9188fe5bf178f481cfcc6cbf7cc9c6c991a86427237d7,89,198,269,float32,False,False
8,C100_FRG,radiopaedia_7_85703_0,/kaggle/input/datasets/dsshayan/cova3d-frozen-predictions/predictions/batch08/C100_FRG/radiopaedia_7_85703_0.npz,b2ea4bf6b0c9147ea7bfb21b789f9a78276e0333b7cefb801681187bba20f901,b2ea4bf6b0c9147ea7bfb21b789f9a78276e0333b7cefb801681187bba20f901,True,3b51b34724f0f3d711d9188fe5bf178f481cfcc6cbf7cc9c6c991a86427237d7,89,248,288,float32,False,False
9,C50_COH,coronacases_006,/kaggle/input/datasets/dsshayan/cova3d-frozen-predictions/predictions/batch09/C50_COH/coronacases_006.npz,f52b8a286b3eabf86c34a7155beaef8180a8768511f8de5fa093d61c509c0509,f52b8a286b3eabf86c34a7155beaef8180a8768511f8de5fa093d61c509c0509,True,6ac06e8333fe9501d6c072c91a12fd7a0fd57d418504f8b4aeae57ac47bb245a,107,182,260,float32,False,False
9,C50_COH,coronacases_007,/kaggle/input/datasets/dsshayan/cova3d-frozen-predictions/predictions/batch09/C50_COH/coronacases_007.npz,798b71df3c6c032fd014e42bf600b260fe309cdfd636f480f9369dda822b6151,798b71df3c6c032fd014e42bf600b260fe309cdfd636f480f9369dda822b6151,True,6ac06e8333fe9501d6c072c91a12fd7a0fd57d418504f8b4aeae57ac47bb245a,84,157,238,float32,False,False
9,C50_COH,radiopaedia_36_86526_0,/kaggle/input/datasets/dsshayan/cova3d-frozen-predictions/predictions/batch09/C50_COH/radiopaedia_36_86526_0.npz,6956d5bc4cbec4066f102ac9731d174a1c8217641e65b0daed2ef09962d7bca5,6956d5bc4cbec4066f102ac9731d174a1c8217641e65b0daed2ef09962d7bca5,True,6ac06e8333fe9501d6c072c91a12fd7a0fd57d418504f8b4aeae57ac47bb245a,89,198,269,float32,False,False
9,C50_COH,radiopaedia_7_85703_0,/kaggle/input/datasets/dsshayan/cova3d-frozen-predictions/predictions/batch09/C50_COH/radiopaedia_7_85703_0.npz,d01cc9d4473f74f1831ea1ecbeb35ab861bfab94fe76b4ddab71b29d7a0d2f9c,d01cc9d4473f74f1831ea1ecbeb35ab861bfab94fe76b4ddab71b29d7a0d2f9c,True,6ac06e8333fe9501d6c072c91a12fd7a0fd57d418504f8b4aeae57ac47bb245a,89,248,288,float32,False,False
9,C50_DIS,coronacases_006,/kaggle/input/datasets/dsshayan/cova3d-frozen-predictions/predictions/batch09/C50_DIS/coronacases_006.npz,0447873d4d77c9cc4c69c43271d5e919b07bf869da07d6754bf7b94954f3d37a,0447873d4d77c9cc4c69c43271d5e919b07bf869da07d6754bf7b94954f3d37a,True,cd9a6bb2d1f8c8d9f4c32083d15683e06e96ff011ca810d21903c48df82a4c07,107,182,260,float32,False,False
9,C50_DIS,coronacases_007,/kaggle/input/datasets/dsshayan/cova3d-frozen-predictions/predictions/batch09/C50_DIS/coronacases_007.npz,323d18a485f3eaeb8e948d037186cb4732ca32d436a1c2512b436de7c2153cea,323d18a485f3eaeb8e948d037186cb4732ca32d436a1c2512b436de7c2153cea,True,cd9a6bb2d1f8c8d9f4c32083d15683e06e96ff011ca810d21903c48df82a4c07,84,157,238,float32,False,False
9,C50_DIS,radiopaedia_36_86526_0,/kaggle/input/datasets/dsshayan/cova3d-frozen-predictions/predictions/batch09/C50_DIS/radiopaedia_36_86526_0.npz,dd12342067621c83197271cc36b8c7b24e53e71f15d121e297b3a2d46995f7a8,dd12342067621c83197271cc36b8c7b24e53e71f15d121e297b3a2d46995f7a8,True,cd9a6bb2d1f8c8d9f4c32083d15683e06e96ff011ca810d21903c48df82a4c07,89,198,269,float32,False,False
9,C50_DIS,radiopaedia_7_85703_0,/kaggle/input/datasets/dsshayan/cova3d-frozen-predictions/predictions/batch09/C50_DIS/radiopaedia_7_85703_0.npz,18af64b1f53245bcfc8f54910204b7e46fb9a983a35a0d91ae7e256137c31f9b,18af64b1f53245bcfc8f54910204b7e46fb9a983a35a0d91ae7e256137c31f9b,True,cd9a6bb2d1f8c8d9f4c32083d15683e06e96ff011ca810d21903c48df82a4c07,89,248,288,float32,False,False
9,C50_FRG,coronacases_006,/kaggle/input/datasets/dsshayan/cova3d-frozen-predictions/predictions/batch09/C50_FRG/coronacases_006.npz,155009220a2df877308b1fab1740486c82e1fef23d69f63ec0d31de32a98c984,155009220a2df877308b1fab1740486c82e1fef23d69f63ec0d31de32a98c984,True,9eaab2741e7dc6dd3ee49c4fbec61a666b9cc66deba6bdc2e128a9b3cad19a33,107,182,260,float32,False,False
9,C50_FRG,coronacases_007,/kaggle/input/datasets/dsshayan/cova3d-frozen-predictions/predictions/batch09/C50_FRG/coronacases_007.npz,712574fd47caf8f50c59816e1287d07930e7690776210b09c3c3794c5e114f65,712574fd47caf8f50c59816e1287d07930e7690776210b09c3c3794c5e114f65,True,9eaab2741e7dc6dd3ee49c4fbec61a666b9cc66deba6bdc2e128a9b3cad19a33,84,157,238,float32,False,False
9,C50_FRG,radiopaedia_36_86526_0,/kaggle/input/datasets/dsshayan/cova3d-frozen-predictions/predictions/batch09/C50_FRG/radiopaedia_36_86526_0.npz,d989a8b6c3c4475e6a18b97b7f5db4d3a87f8810a09cef0a866c0157888d5fdf,d989a8b6c3c4475e6a18b97b7f5db4d3a87f8810a09cef0a866c0157888d5fdf,True,9eaab2741e7dc6dd3ee49c4fbec61a666b9cc66deba6bdc2e128a9b3cad19a33,89,198,269,float32,False,False
9,C50_FRG,radiopaedia_7_85703_0,/kaggle/input/datasets/dsshayan/cova3d-frozen-predictions/predictions/batch09/C50_FRG/radiopaedia_7_85703_0.npz,560785c5b1e9a3fee5ef76c0fe6700fd508c9592dc57787a92d392ffd97adf15,560785c5b1e9a3fee5ef76c0fe6700fd508c9592dc57787a92d392ffd97adf15,True,9eaab2741e7dc6dd3ee49c4fbec61a666b9cc66deba6bdc2e128a9b3cad19a33,89,248,288,float32,False,False
9,C100_COH,coronacases_006,/kaggle/input/datasets/dsshayan/cova3d-frozen-predictions/predictions/batch09/C100_COH/coronacases_006.npz,86ec290504c0462c632aff5db1040d01a0e66bab0a3701cc91db408cf18e0b26,86ec290504c0462c632aff5db1040d01a0e66bab0a3701cc91db408cf18e0b26,True,1ec77fd18eec29aecb895d64db7ac1578d045fdb2351f41da63a4727bcaa6c05,107,182,260,float32,False,False
9,C100_COH,coronacases_007,/kaggle/input/datasets/dsshayan/cova3d-frozen-predictions/predictions/batch09/C100_COH/coronacases_007.npz,e9a1a9cc57e49894ecd5fd110a0aa6fd55edc768eeaec33c8dbfc8f9c284da90,e9a1a9cc57e49894ecd5fd110a0aa6fd55edc768eeaec33c8dbfc8f9c284da90,True,1ec77fd18eec29aecb895d64db7ac1578d045fdb2351f41da63a4727bcaa6c05,84,157,238,float32,False,False
9,C100_COH,radiopaedia_36_86526_0,/kaggle/input/datasets/dsshayan/cova3d-frozen-predictions/predictions/batch09/C100_COH/radiopaedia_36_86526_0.npz,1c63d0615adb27c3baecd6495f31824100f7c42c0dd21b681fb22c744d84d8c6,1c63d0615adb27c3baecd6495f31824100f7c42c0dd21b681fb22c744d84d8c6,True,1ec77fd18eec29aecb895d64db7ac1578d045fdb2351f41da63a4727bcaa6c05,89,198,269,float32,False,False
9,C100_COH,radiopaedia_7_85703_0,/kaggle/input/datasets/dsshayan/cova3d-frozen-predictions/predictions/batch09/C100_COH/radiopaedia_7_85703_0.npz,649a8610adfbc28b26d20726f3dd140df7b5a1c16fc8ec58c783a65aff5a0ccf,649a8610adfbc28b26d20726f3dd140df7b5a1c16fc8ec58c783a65aff5a0ccf,True,1ec77fd18eec29aecb895d64db7ac1578d045fdb2351f41da63a4727bcaa6c05,89,248,288,float32,False,False
9,C100_DIS,coronacases_006,/kaggle/input/datasets/dsshayan/cova3d-frozen-predictions/predictions/batch09/C100_DIS/coronacases_006.npz,860d3bbeeae6f5e15a3c76d6dfdbcbe18ecbd5f086cc76db39845f6607c96861,860d3bbeeae6f5e15a3c76d6dfdbcbe18ecbd5f086cc76db39845f6607c96861,True,708ede2b4e88d5bd63477d66909661648f148639dbba4c334552fe94825b9a9d,107,182,260,float32,False,False
9,C100_DIS,coronacases_007,/kaggle/input/datasets/dsshayan/cova3d-frozen-predictions/predictions/batch09/C100_DIS/coronacases_007.npz,e72c7d6c00e278594e043cf6bb52f7a439d6bf9299d70d1ed45817765ee6ac46,e72c7d6c00e278594e043cf6bb52f7a439d6bf9299d70d1ed45817765ee6ac46,True,708ede2b4e88d5bd63477d66909661648f148639dbba4c334552fe94825b9a9d,84,157,238,float32,False,False
9,C100_DIS,radiopaedia_36_86526_0,/kaggle/input/datasets/dsshayan/cova3d-frozen-predictions/predictions/batch09/C100_DIS/radiopaedia_36_86526_0.npz,3518289f0e2aa5a455a5220d084b3636a76ed1108d88c39232b9efe368ba9f5e,3518289f0e2aa5a455a5220d084b3636a76ed1108d88c39232b9efe368ba9f5e,True,708ede2b4e88d5bd63477d66909661648f148639dbba4c334552fe94825b9a9d,89,198,269,float32,False,False
9,C100_DIS,radiopaedia_7_85703_0,/kaggle/input/datasets/dsshayan/cova3d-frozen-predictions/predictions/batch09/C100_DIS/radiopaedia_7_85703_0.npz,de9a3bd02c98df764c4e35ea276718bbdefef764fb96ec9176654858bbecd2ba,de9a3bd02c98df764c4e35ea276718bbdefef764fb96ec9176654858bbecd2ba,True,708ede2b4e88d5bd63477d66909661648f148639dbba4c334552fe94825b9a9d,89,248,288,float32,False,False
9,C100_FRG,coronacases_006,/kaggle/input/datasets/dsshayan/cova3d-frozen-predictions/predictions/batch09/C100_FRG/coronacases_006.npz,55b3e3a30de037f51e15b88ca368b186a943d45bc78a02eb9b5c09810add20c7,55b3e3a30de037f51e15b88ca368b186a943d45bc78a02eb9b5c09810add20c7,True,4863ada9d11a1df933f0b665e949460767abecaab301086bed2065e3871574b1,107,182,260,float32,False,False
9,C100_FRG,coronacases_007,/kaggle/input/datasets/dsshayan/cova3d-frozen-predictions/predictions/batch09/C100_FRG/coronacases_007.npz,d9c5b9b8aacc59e83055173bb4d7cf3b37d307a86e7390f75eb19fcddeb853c2,d9c5b9b8aacc59e83055173bb4d7cf3b37d307a86e7390f75eb19fcddeb853c2,True,4863ada9d11a1df933f0b665e949460767abecaab301086bed2065e3871574b1,84,157,238,float32,False,False
9,C100_FRG,radiopaedia_36_86526_0,/kaggle/input/datasets/dsshayan/cova3d-frozen-predictions/predictions/batch09/C100_FRG/radiopaedia_36_86526_0.npz,4a4f14bee1258e6041dd7f5e19959f42979b161185501ae406587551272f3111,4a4f14bee1258e6041dd7f5e19959f42979b161185501ae406587551272f3111,True,4863ada9d11a1df933f0b665e949460767abecaab301086bed2065e3871574b1,89,198,269,float32,False,False
9,C100_FRG,radiopaedia_7_85703_0,/kaggle/input/datasets/dsshayan/cova3d-frozen-predictions/predictions/batch09/C100_FRG/radiopaedia_7_85703_0.npz,b79c5230332271d943762343a1b8b0437af05c561439a7324edd924b69d38bb8,b79c5230332271d943762343a1b8b0437af05c561439a7324edd924b69d38bb8,True,4863ada9d11a1df933f0b665e949460767abecaab301086bed2065e3871574b1,89,248,288,float32,False,False
10,C50_COH,coronacases_001,/kaggle/input/datasets/dsshayan/cova3d-frozen-predictions/predictions/batch10/C50_COH/coronacases_001.npz,206f786bc9e1241b5cbeb2cafc116d6174bf7be16676cca7fd4182dcb16cad4f,206f786bc9e1241b5cbeb2cafc116d6174bf7be16676cca7fd4182dcb16cad4f,True,bf91583342c85bd5077085a596da5ebe3d6ad8c5e9c854fa60359f57c2d2dc31,89,184,194,float32,False,False
10,C50_COH,coronacases_003,/kaggle/input/datasets/dsshayan/cova3d-frozen-predictions/predictions/batch10/C50_COH/coronacases_003.npz,250c96de4a222133f8682551828db5b5f64ad023082f5b6899be19601e34e715,250c96de4a222133f8682551828db5b5f64ad023082f5b6899be19601e34e715,True,bf91583342c85bd5077085a596da5ebe3d6ad8c5e9c854fa60359f57c2d2dc31,87,144,206,float32,False,False
10,C50_COH,coronacases_009,/kaggle/input/datasets/dsshayan/cova3d-frozen-predictions/predictions/batch10/C50_COH/coronacases_009.npz,6d6046a7eab8a7fd819509cdb8dea5c123243709e85164d412432fb51c3a827c,6d6046a7eab8a7fd819509cdb8dea5c123243709e85164d412432fb51c3a827c,True,bf91583342c85bd5077085a596da5ebe3d6ad8c5e9c854fa60359f57c2d2dc31,86,159,231,float32,False,False
10,C50_COH,radiopaedia_40_86625_0,/kaggle/input/datasets/dsshayan/cova3d-frozen-predictions/predictions/batch10/C50_COH/radiopaedia_40_86625_0.npz,33ae4d71ad8a30738a50ce1ed859cfdd33ac966567dca956c89eb9528ee3422e,33ae4d71ad8a30738a50ce1ed859cfdd33ac966567dca956c89eb9528ee3422e,True,bf91583342c85bd5077085a596da5ebe3d6ad8c5e9c854fa60359f57c2d2dc31,124,213,288,float32,False,False
10,C50_DIS,coronacases_001,/kaggle/input/datasets/dsshayan/cova3d-frozen-predictions/predictions/batch10/C50_DIS/coronacases_001.npz,e786004b60d30fbf3bff9e0927c20fb35a2f631d43b255d0bbb5f859ff02342d,e786004b60d30fbf3bff9e0927c20fb35a2f631d43b255d0bbb5f859ff02342d,True,56bbf3aafc02f697eaf93637cf5f195cc525585c04bb1e05cba8e9de20905cb3,89,184,194,float32,False,False
10,C50_DIS,coronacases_003,/kaggle/input/datasets/dsshayan/cova3d-frozen-predictions/predictions/batch10/C50_DIS/coronacases_003.npz,6701ac744ce19d8e0763443c1ecbed49f2cf3802b6086b7085c009dce121c0bb,6701ac744ce19d8e0763443c1ecbed49f2cf3802b6086b7085c009dce121c0bb,True,56bbf3aafc02f697eaf93637cf5f195cc525585c04bb1e05cba8e9de20905cb3,87,144,206,float32,False,False
10,C50_DIS,coronacases_009,/kaggle/input/datasets/dsshayan/cova3d-frozen-predictions/predictions/batch10/C50_DIS/coronacases_009.npz,f603bac5b2adc2376e6c6bb2035034883eaaa9ca4263991852487c9b98b8d201,f603bac5b2adc2376e6c6bb2035034883eaaa9ca4263991852487c9b98b8d201,True,56bbf3aafc02f697eaf93637cf5f195cc525585c04bb1e05cba8e9de20905cb3,86,159,231,float32,False,False
10,C50_DIS,radiopaedia_40_86625_0,/kaggle/input/datasets/dsshayan/cova3d-frozen-predictions/predictions/batch10/C50_DIS/radiopaedia_40_86625_0.npz,5d35ae3610652252ef013a4b75d72518398d6537bdb2ee295399ee1fbd24fd8c,5d35ae3610652252ef013a4b75d72518398d6537bdb2ee295399ee1fbd24fd8c,True,56bbf3aafc02f697eaf93637cf5f195cc525585c04bb1e05cba8e9de20905cb3,124,213,288,float32,False,False
10,C50_FRG,coronacases_001,/kaggle/input/datasets/dsshayan/cova3d-frozen-predictions/predictions/batch10/C50_FRG/coronacases_001.npz,0f0e56cea19b9068775b181ffe26f22a62062baf07d2d8a5326e7c9ffe31bf10,0f0e56cea19b9068775b181ffe26f22a62062baf07d2d8a5326e7c9ffe31bf10,True,f713cf5c4249ffc85b1c12fc811576481be43d11cc518d509c8379db13e29030,89,184,194,float32,False,False
10,C50_FRG,coronacases_003,/kaggle/input/datasets/dsshayan/cova3d-frozen-predictions/predictions/batch10/C50_FRG/coronacases_003.npz,76bfb2219ac04e06b55ce1b6be60d037e9c56fc20e45371f85d1dc894ea2268c,76bfb2219ac04e06b55ce1b6be60d037e9c56fc20e45371f85d1dc894ea2268c,True,f713cf5c4249ffc85b1c12fc811576481be43d11cc518d509c8379db13e29030,87,144,206,float32,False,False
10,C50_FRG,coronacases_009,/kaggle/input/datasets/dsshayan/cova3d-frozen-predictions/predictions/batch10/C50_FRG/coronacases_009.npz,74b69cd5a8072cbc2593cc35ed63af5745fba3b207297f1b859d041c450ad244,74b69cd5a8072cbc2593cc35ed63af5745fba3b207297f1b859d041c450ad244,True,f713cf5c4249ffc85b1c12fc811576481be43d11cc518d509c8379db13e29030,86,159,231,float32,False,False
10,C50_FRG,radiopaedia_40_86625_0,/kaggle/input/datasets/dsshayan/cova3d-frozen-predictions/predictions/batch10/C50_FRG/radiopaedia_40_86625_0.npz,e393269c6f4404d657ccbaf840e0f7488229e1044feac31828f331e51fc9b27b,e393269c6f4404d657ccbaf840e0f7488229e1044feac31828f331e51fc9b27b,True,f713cf5c4249ffc85b1c12fc811576481be43d11cc518d509c8379db13e29030,124,213,288,float32,False,False
10,C100_COH,coronacases_001,/kaggle/input/datasets/dsshayan/cova3d-frozen-predictions/predictions/batch10/C100_COH/coronacases_001.npz,fe1166a01846d5a6c62c7ec79e770b78704f259d63e121b4720e09ce53311891,fe1166a01846d5a6c62c7ec79e770b78704f259d63e121b4720e09ce53311891,True,5d5670c30cff2c79a8398d3237e5c76564466e134cb6bd29dc02c2e917fd3654,89,184,194,float32,False,False
10,C100_COH,coronacases_003,/kaggle/input/datasets/dsshayan/cova3d-frozen-predictions/predictions/batch10/C100_COH/coronacases_003.npz,2562de32f1884c154ca6d18a8d851ac809a6619605d314e8464759e678811e10,2562de32f1884c154ca6d18a8d851ac809a6619605d314e8464759e678811e10,True,5d5670c30cff2c79a8398d3237e5c76564466e134cb6bd29dc02c2e917fd3654,87,144,206,float32,False,False
10,C100_COH,coronacases_009,/kaggle/input/datasets/dsshayan/cova3d-frozen-predictions/predictions/batch10/C100_COH/coronacases_009.npz,da8b00455899d7d325bea199a289d142bf267c787a9902aa5e8f10a79ac318b3,da8b00455899d7d325bea199a289d142bf267c787a9902aa5e8f10a79ac318b3,True,5d5670c30cff2c79a8398d3237e5c76564466e134cb6bd29dc02c2e917fd3654,86,159,231,float32,False,False
10,C100_COH,radiopaedia_40_86625_0,/kaggle/input/datasets/dsshayan/cova3d-frozen-predictions/predictions/batch10/C100_COH/radiopaedia_40_86625_0.npz,1d2694cc21662c3d781cdfbf12fdfe3f452f566789a93d0b71308acdee7cf18b,1d2694cc21662c3d781cdfbf12fdfe3f452f566789a93d0b71308acdee7cf18b,True,5d5670c30cff2c79a8398d3237e5c76564466e134cb6bd29dc02c2e917fd3654,124,213,288,float32,False,False
10,C100_DIS,coronacases_001,/kaggle/input/datasets/dsshayan/cova3d-frozen-predictions/predictions/batch10/C100_DIS/coronacases_001.npz,4d1066455041cb43131e988a105f89160f6956869c3324fdbcc87d185c151c90,4d1066455041cb43131e988a105f89160f6956869c3324fdbcc87d185c151c90,True,600698a2b07211d2cc5df2bff521dcb7902bacb9539efc3b49cf34549f43bbc9,89,184,194,float32,False,False
10,C100_DIS,coronacases_003,/kaggle/input/datasets/dsshayan/cova3d-frozen-predictions/predictions/batch10/C100_DIS/coronacases_003.npz,063e8084790e00aa45a119f2756c7d2c2b92576496ffc9f8c694243bd62e6e9d,063e8084790e00aa45a119f2756c7d2c2b92576496ffc9f8c694243bd62e6e9d,True,600698a2b07211d2cc5df2bff521dcb7902bacb9539efc3b49cf34549f43bbc9,87,144,206,float32,False,False
10,C100_DIS,coronacases_009,/kaggle/input/datasets/dsshayan/cova3d-frozen-predictions/predictions/batch10/C100_DIS/coronacases_009.npz,d75cdeb93cb64d40b48d3125166eb53a6927b0484c9741ecc0f64ce830580fd1,d75cdeb93cb64d40b48d3125166eb53a6927b0484c9741ecc0f64ce830580fd1,True,600698a2b07211d2cc5df2bff521dcb7902bacb9539efc3b49cf34549f43bbc9,86,159,231,float32,False,False
10,C100_DIS,radiopaedia_40_86625_0,/kaggle/input/datasets/dsshayan/cova3d-frozen-predictions/predictions/batch10/C100_DIS/radiopaedia_40_86625_0.npz,d6eded34ad673e433e3e191fdab95f01c641600e149422a526aa04538e3b2c5c,d6eded34ad673e433e3e191fdab95f01c641600e149422a526aa04538e3b2c5c,True,600698a2b07211d2cc5df2bff521dcb7902bacb9539efc3b49cf34549f43bbc9,124,213,288,float32,False,False
10,C100_FRG,coronacases_001,/kaggle/input/datasets/dsshayan/cova3d-frozen-predictions/predictions/batch10/C100_FRG/coronacases_001.npz,7911896c0ebdbd4d9d5fdef1abc426839675067f45356ffa6c07cf9d126f1155,7911896c0ebdbd4d9d5fdef1abc426839675067f45356ffa6c07cf9d126f1155,True,850ef39b69474143e058c2276193dfa6b40f2fe9bff6921dc8bcd3454fd376c7,89,184,194,float32,False,False
10,C100_FRG,coronacases_003,/kaggle/input/datasets/dsshayan/cova3d-frozen-predictions/predictions/batch10/C100_FRG/coronacases_003.npz,c6054d223aece6b96a9a793e0b09626f6ad2d4ce529c14e4793e58abe0fec022,c6054d223aece6b96a9a793e0b09626f6ad2d4ce529c14e4793e58abe0fec022,True,850ef39b69474143e058c2276193dfa6b40f2fe9bff6921dc8bcd3454fd376c7,87,144,206,float32,False,False
10,C100_FRG,coronacases_009,/kaggle/input/datasets/dsshayan/cova3d-frozen-predictions/predictions/batch10/C100_FRG/coronacases_009.npz,a1311e7b2ccbf58825c4901a81ae71d837468f6e2226b13dd641283e5b455fc7,a1311e7b2ccbf58825c4901a81ae71d837468f6e2226b13dd641283e5b455fc7,True,850ef39b69474143e058c2276193dfa6b40f2fe9bff6921dc8bcd3454fd376c7,86,159,231,float32,False,False
10,C100_FRG,radiopaedia_40_86625_0,/kaggle/input/datasets/dsshayan/cova3d-frozen-predictions/predictions/batch10/C100_FRG/radiopaedia_40_86625_0.npz,aba12769ca3790f851b86db223b8f5d1279503b2b71a70119d52a84690ba2da5,aba12769ca3790f851b86db223b8f5d1279503b2b71a70119d52a84690ba2da5,True,850ef39b69474143e058c2276193dfa6b40f2fe9bff6921dc8bcd3454fd376c7,124,213,288,float32,False,False
11,C50_COH,coronacases_001,/kaggle/input/datasets/dsshayan/cova3d-frozen-predictions/predictions/batch11/C50_COH/coronacases_001.npz,17b1e8a5e58b47a797d59150df60039766ecb07cafe51845848fa85b10c2bbcf,17b1e8a5e58b47a797d59150df60039766ecb07cafe51845848fa85b10c2bbcf,True,e0ea923e9b07cbd5b9cee59cdac75a87e81e94f80a5a87906948bf2a6ae091c0,89,184,194,float32,False,False
11,C50_COH,coronacases_003,/kaggle/input/datasets/dsshayan/cova3d-frozen-predictions/predictions/batch11/C50_COH/coronacases_003.npz,1f1c2caf360df90cabdd0be3725b0ba5885b1ab8e350f0b2d6b5e4af605f3cb2,1f1c2caf360df90cabdd0be3725b0ba5885b1ab8e350f0b2d6b5e4af605f3cb2,True,e0ea923e9b07cbd5b9cee59cdac75a87e81e94f80a5a87906948bf2a6ae091c0,87,144,206,float32,False,False
11,C50_COH,coronacases_009,/kaggle/input/datasets/dsshayan/cova3d-frozen-predictions/predictions/batch11/C50_COH/coronacases_009.npz,8637a4ed23dad1e598780986979983765812dd5d891b187c4301aa0c97199476,8637a4ed23dad1e598780986979983765812dd5d891b187c4301aa0c97199476,True,e0ea923e9b07cbd5b9cee59cdac75a87e81e94f80a5a87906948bf2a6ae091c0,86,159,231,float32,False,False
11,C50_COH,radiopaedia_40_86625_0,/kaggle/input/datasets/dsshayan/cova3d-frozen-predictions/predictions/batch11/C50_COH/radiopaedia_40_86625_0.npz,a03a917d5af00dcf3fa86e330eed999ae91a1c62738630538ff7c4ac6da9669b,a03a917d5af00dcf3fa86e330eed999ae91a1c62738630538ff7c4ac6da9669b,True,e0ea923e9b07cbd5b9cee59cdac75a87e81e94f80a5a87906948bf2a6ae091c0,124,213,288,float32,False,False
11,C50_DIS,coronacases_001,/kaggle/input/datasets/dsshayan/cova3d-frozen-predictions/predictions/batch11/C50_DIS/coronacases_001.npz,e8d99d46a8c5b48861070d9bb500a196db8d4d4d9c742cfc6b9c77cefdb07677,e8d99d46a8c5b48861070d9bb500a196db8d4d4d9c742cfc6b9c77cefdb07677,True,be06fcdc36aaafc610bee516f77551b0bbe971362d34e2bfbad10cd30db3b1c8,89,184,194,float32,False,False
11,C50_DIS,coronacases_003,/kaggle/input/datasets/dsshayan/cova3d-frozen-predictions/predictions/batch11/C50_DIS/coronacases_003.npz,91569b317a353cdcd21738b280bd41a228066c817dc1730228af40acb3477b6d,91569b317a353cdcd21738b280bd41a228066c817dc1730228af40acb3477b6d,True,be06fcdc36aaafc610bee516f77551b0bbe971362d34e2bfbad10cd30db3b1c8,87,144,206,float32,False,False
11,C50_DIS,coronacases_009,/kaggle/input/datasets/dsshayan/cova3d-frozen-predictions/predictions/batch11/C50_DIS/coronacases_009.npz,7f1b70053921beb74fe042149c0f97371699b68f596543f5063dab098c8a3a6a,7f1b70053921beb74fe042149c0f97371699b68f596543f5063dab098c8a3a6a,True,be06fcdc36aaafc610bee516f77551b0bbe971362d34e2bfbad10cd30db3b1c8,86,159,231,float32,False,False
11,C50_DIS,radiopaedia_40_86625_0,/kaggle/input/datasets/dsshayan/cova3d-frozen-predictions/predictions/batch11/C50_DIS/radiopaedia_40_86625_0.npz,2b5677b0a31cdb06253fdd3a3935e97f400ab04f5b37b428f64f1fc02bbedac6,2b5677b0a31cdb06253fdd3a3935e97f400ab04f5b37b428f64f1fc02bbedac6,True,be06fcdc36aaafc610bee516f77551b0bbe971362d34e2bfbad10cd30db3b1c8,124,213,288,float32,False,False
11,C50_FRG,coronacases_001,/kaggle/input/datasets/dsshayan/cova3d-frozen-predictions/predictions/batch11/C50_FRG/coronacases_001.npz,cbd95df32555f86f74073be72da14fbec0624186262a0685ea65ef34cd95e96a,cbd95df32555f86f74073be72da14fbec0624186262a0685ea65ef34cd95e96a,True,c26f22205833a6521ad13fa8c0e4974a6040e39eef31c3fe16d53777fd5ebaab,89,184,194,float32,False,False
11,C50_FRG,coronacases_003,/kaggle/input/datasets/dsshayan/cova3d-frozen-predictions/predictions/batch11/C50_FRG/coronacases_003.npz,e4fbf60a05cb23c30576c6d3933ba129c46e08e56867998c09dcfe69daed147c,e4fbf60a05cb23c30576c6d3933ba129c46e08e56867998c09dcfe69daed147c,True,c26f22205833a6521ad13fa8c0e4974a6040e39eef31c3fe16d53777fd5ebaab,87,144,206,float32,False,False
11,C50_FRG,coronacases_009,/kaggle/input/datasets/dsshayan/cova3d-frozen-predictions/predictions/batch11/C50_FRG/coronacases_009.npz,9bc98a9e7d47e2b496e758f84c23d102264c96a1097b41c91df24ebd34aa680b,9bc98a9e7d47e2b496e758f84c23d102264c96a1097b41c91df24ebd34aa680b,True,c26f22205833a6521ad13fa8c0e4974a6040e39eef31c3fe16d53777fd5ebaab,86,159,231,float32,False,False
11,C50_FRG,radiopaedia_40_86625_0,/kaggle/input/datasets/dsshayan/cova3d-frozen-predictions/predictions/batch11/C50_FRG/radiopaedia_40_86625_0.npz,bc25d89ddddb539e41003e0ce605450d93ff9766bd7dee41e7a2f2d1de14fb1d,bc25d89ddddb539e41003e0ce605450d93ff9766bd7dee41e7a2f2d1de14fb1d,True,c26f22205833a6521ad13fa8c0e4974a6040e39eef31c3fe16d53777fd5ebaab,124,213,288,float32,False,False
11,C100_COH,coronacases_001,/kaggle/input/datasets/dsshayan/cova3d-frozen-predictions/predictions/batch11/C100_COH/coronacases_001.npz,8859a0d9b0a784b5cae60caa6120dee7d8fd02b27f8b8c04b826911f9b6b072a,8859a0d9b0a784b5cae60caa6120dee7d8fd02b27f8b8c04b826911f9b6b072a,True,bf60ad489daae0f559d9b63b26211fdf168f86b97c90508883e3ef5e930fa1d7,89,184,194,float32,False,False
11,C100_COH,coronacases_003,/kaggle/input/datasets/dsshayan/cova3d-frozen-predictions/predictions/batch11/C100_COH/coronacases_003.npz,9b06a6e320aa16c02812f6b07a37adc1e7f4c19fc48cddca08be03aef920045e,9b06a6e320aa16c02812f6b07a37adc1e7f4c19fc48cddca08be03aef920045e,True,bf60ad489daae0f559d9b63b26211fdf168f86b97c90508883e3ef5e930fa1d7,87,144,206,float32,False,False
11,C100_COH,coronacases_009,/kaggle/input/datasets/dsshayan/cova3d-frozen-predictions/predictions/batch11/C100_COH/coronacases_009.npz,a312e3278a922ab587982a1a34a35dc4bc48a949c36026cd50ca701f74758a2d,a312e3278a922ab587982a1a34a35dc4bc48a949c36026cd50ca701f74758a2d,True,bf60ad489daae0f559d9b63b26211fdf168f86b97c90508883e3ef5e930fa1d7,86,159,231,float32,False,False
11,C100_COH,radiopaedia_40_86625_0,/kaggle/input/datasets/dsshayan/cova3d-frozen-predictions/predictions/batch11/C100_COH/radiopaedia_40_86625_0.npz,aac8b925c0678b7af2a0ae251003f6bd61ea96c81452cb092c9f648ced021e8b,aac8b925c0678b7af2a0ae251003f6bd61ea96c81452cb092c9f648ced021e8b,True,bf60ad489daae0f559d9b63b26211fdf168f86b97c90508883e3ef5e930fa1d7,124,213,288,float32,False,False
11,C100_DIS,coronacases_001,/kaggle/input/datasets/dsshayan/cova3d-frozen-predictions/predictions/batch11/C100_DIS/coronacases_001.npz,98a047d5d6e736dffd7a328a4ecba2d73af5c2b5443b6e28c989ad101c11e4d6,98a047d5d6e736dffd7a328a4ecba2d73af5c2b5443b6e28c989ad101c11e4d6,True,6d255954f7e92cf6f7f5fbb535a0a9e3297a1f4bd152eee9f4e391fe0aefa939,89,184,194,float32,False,False
11,C100_DIS,coronacases_003,/kaggle/input/datasets/dsshayan/cova3d-frozen-predictions/predictions/batch11/C100_DIS/coronacases_003.npz,95787c76ef95b66283b324a9784573e3c97bb23ed56627fe36755a4537ba2ab3,95787c76ef95b66283b324a9784573e3c97bb23ed56627fe36755a4537ba2ab3,True,6d255954f7e92cf6f7f5fbb535a0a9e3297a1f4bd152eee9f4e391fe0aefa939,87,144,206,float32,False,False
11,C100_DIS,coronacases_009,/kaggle/input/datasets/dsshayan/cova3d-frozen-predictions/predictions/batch11/C100_DIS/coronacases_009.npz,337763543d65e4f3406219ccb820e3bf313c4c000504692dd4cae0297cd5f168,337763543d65e4f3406219ccb820e3bf313c4c000504692dd4cae0297cd5f168,True,6d255954f7e92cf6f7f5fbb535a0a9e3297a1f4bd152eee9f4e391fe0aefa939,86,159,231,float32,False,False
11,C100_DIS,radiopaedia_40_86625_0,/kaggle/input/datasets/dsshayan/cova3d-frozen-predictions/predictions/batch11/C100_DIS/radiopaedia_40_86625_0.npz,8e3a2f8ad70663d03377c43ad3bacbf3cc58792e85ed77a755c8d35b38bff222,8e3a2f8ad70663d03377c43ad3bacbf3cc58792e85ed77a755c8d35b38bff222,True,6d255954f7e92cf6f7f5fbb535a0a9e3297a1f4bd152eee9f4e391fe0aefa939,124,213,288,float32,False,False
11,C100_FRG,coronacases_001,/kaggle/input/datasets/dsshayan/cova3d-frozen-predictions/predictions/batch11/C100_FRG/coronacases_001.npz,0cf8b6e51113b0871233a437f33b4757f4c93df2e6eb55a6fa7ec828ab745ed6,0cf8b6e51113b0871233a437f33b4757f4c93df2e6eb55a6fa7ec828ab745ed6,True,3307ccea3fb223839d44f40f9099c02bf4de2590ac955928a84b2baa61c73bbe,89,184,194,float32,False,False
11,C100_FRG,coronacases_003,/kaggle/input/datasets/dsshayan/cova3d-frozen-predictions/predictions/batch11/C100_FRG/coronacases_003.npz,aa19251c41ab7be0ea36d7bcd97f68438fff461c32ac7c3d13643192f847518e,aa19251c41ab7be0ea36d7bcd97f68438fff461c32ac7c3d13643192f847518e,True,3307ccea3fb223839d44f40f9099c02bf4de2590ac955928a84b2baa61c73bbe,87,144,206,float32,False,False
11,C100_FRG,coronacases_009,/kaggle/input/datasets/dsshayan/cova3d-frozen-predictions/predictions/batch11/C100_FRG/coronacases_009.npz,240bc87e92e7bb38ec9c63ac4e7176856b16894e2f1127409f9d30d10c4407a4,240bc87e92e7bb38ec9c63ac4e7176856b16894e2f1127409f9d30d10c4407a4,True,3307ccea3fb223839d44f40f9099c02bf4de2590ac955928a84b2baa61c73bbe,86,159,231,float32,False,False
11,C100_FRG,radiopaedia_40_86625_0,/kaggle/input/datasets/dsshayan/cova3d-frozen-predictions/predictions/batch11/C100_FRG/radiopaedia_40_86625_0.npz,4a9e263e617266464de1b7515fc4c403f2930824ae52d8333411cf8d21547a5c,4a9e263e617266464de1b7515fc4c403f2930824ae52d8333411cf8d21547a5c,True,3307ccea3fb223839d44f40f9099c02bf4de2590ac955928a84b2baa61c73bbe,124,213,288,float32,False,False
12,C50_COH,coronacases_001,/kaggle/input/datasets/dsshayan/cova3d-frozen-predictions/predictions/batch12/C50_COH/coronacases_001.npz,fcdbe97f3da10aafb717f3d955bfd7b3ed41f056c6ef4b395ffda60c49ff9f90,fcdbe97f3da10aafb717f3d955bfd7b3ed41f056c6ef4b395ffda60c49ff9f90,True,c3628a383c599eb53913229034a85a3b389916ef6b5077659379a594c70eadc3,89,184,194,float32,False,False
12,C50_COH,coronacases_003,/kaggle/input/datasets/dsshayan/cova3d-frozen-predictions/predictions/batch12/C50_COH/coronacases_003.npz,996e6b214f674003d52deb466ec5374dfa74bc2cac73c1c4c8009293d573596f,996e6b214f674003d52deb466ec5374dfa74bc2cac73c1c4c8009293d573596f,True,c3628a383c599eb53913229034a85a3b389916ef6b5077659379a594c70eadc3,87,144,206,float32,False,False
12,C50_COH,coronacases_009,/kaggle/input/datasets/dsshayan/cova3d-frozen-predictions/predictions/batch12/C50_COH/coronacases_009.npz,fd5e9a8749b7fbea76761a17162f0f63567d4bbb5bcd95f439373dffdb01ddd6,fd5e9a8749b7fbea76761a17162f0f63567d4bbb5bcd95f439373dffdb01ddd6,True,c3628a383c599eb53913229034a85a3b389916ef6b5077659379a594c70eadc3,86,159,231,float32,False,False
12,C50_COH,radiopaedia_40_86625_0,/kaggle/input/datasets/dsshayan/cova3d-frozen-predictions/predictions/batch12/C50_COH/radiopaedia_40_86625_0.npz,f26c2b608f2734947db9e53f48b506d441008f09af85ae6c876c4a2feb891aa2,f26c2b608f2734947db9e53f48b506d441008f09af85ae6c876c4a2feb891aa2,True,c3628a383c599eb53913229034a85a3b389916ef6b5077659379a594c70eadc3,124,213,288,float32,False,False
12,C50_DIS,coronacases_001,/kaggle/input/datasets/dsshayan/cova3d-frozen-predictions/predictions/batch12/C50_DIS/coronacases_001.npz,c63715b4bca862669686ace5cc76df99bc2a3537d5b0fcf1592e2c1e61d4e070,c63715b4bca862669686ace5cc76df99bc2a3537d5b0fcf1592e2c1e61d4e070,True,7b184912c49fbaaef9d94490f689b61a10bc77f1515f91f042d97c1a7e2b4b4b,89,184,194,float32,False,False
12,C50_DIS,coronacases_003,/kaggle/input/datasets/dsshayan/cova3d-frozen-predictions/predictions/batch12/C50_DIS/coronacases_003.npz,832ce2c0cc74356894c6ecce84362a3cc30cee8a8c64dcaf42c12fd76731621c,832ce2c0cc74356894c6ecce84362a3cc30cee8a8c64dcaf42c12fd76731621c,True,7b184912c49fbaaef9d94490f689b61a10bc77f1515f91f042d97c1a7e2b4b4b,87,144,206,float32,False,False
12,C50_DIS,coronacases_009,/kaggle/input/datasets/dsshayan/cova3d-frozen-predictions/predictions/batch12/C50_DIS/coronacases_009.npz,6dc2ab6324e59376f85ad081a98216091b74cddee4cb5f818affc084d460ad4b,6dc2ab6324e59376f85ad081a98216091b74cddee4cb5f818affc084d460ad4b,True,7b184912c49fbaaef9d94490f689b61a10bc77f1515f91f042d97c1a7e2b4b4b,86,159,231,float32,False,False
12,C50_DIS,radiopaedia_40_86625_0,/kaggle/input/datasets/dsshayan/cova3d-frozen-predictions/predictions/batch12/C50_DIS/radiopaedia_40_86625_0.npz,a82b21e43f67d529df36a1452a845498f47f2a5b3530628412a84a321f899aae,a82b21e43f67d529df36a1452a845498f47f2a5b3530628412a84a321f899aae,True,7b184912c49fbaaef9d94490f689b61a10bc77f1515f91f042d97c1a7e2b4b4b,124,213,288,float32,False,False
12,C50_FRG,coronacases_001,/kaggle/input/datasets/dsshayan/cova3d-frozen-predictions/predictions/batch12/C50_FRG/coronacases_001.npz,6b425b773be1aad7dad1df8070991f5a866415a37182f9982a7d96ab8acf42ba,6b425b773be1aad7dad1df8070991f5a866415a37182f9982a7d96ab8acf42ba,True,683d851ca7cd602584df40900167b54377ac3973f6c4e9b3cb1ff8b5e1855335,89,184,194,float32,False,False
12,C50_FRG,coronacases_003,/kaggle/input/datasets/dsshayan/cova3d-frozen-predictions/predictions/batch12/C50_FRG/coronacases_003.npz,b13d9abc62862b61d1d6d9442a6615ea76da73b5e4c09bcf29eefd0e21c8b4cc,b13d9abc62862b61d1d6d9442a6615ea76da73b5e4c09bcf29eefd0e21c8b4cc,True,683d851ca7cd602584df40900167b54377ac3973f6c4e9b3cb1ff8b5e1855335,87,144,206,float32,False,False
12,C50_FRG,coronacases_009,/kaggle/input/datasets/dsshayan/cova3d-frozen-predictions/predictions/batch12/C50_FRG/coronacases_009.npz,75f4e53477dba61602946a1924c54925e534d9465eee64c2981dd86cb5d16e63,75f4e53477dba61602946a1924c54925e534d9465eee64c2981dd86cb5d16e63,True,683d851ca7cd602584df40900167b54377ac3973f6c4e9b3cb1ff8b5e1855335,86,159,231,float32,False,False
12,C50_FRG,radiopaedia_40_86625_0,/kaggle/input/datasets/dsshayan/cova3d-frozen-predictions/predictions/batch12/C50_FRG/radiopaedia_40_86625_0.npz,b33024830dd9904b5ce6c95c52c5eade0a860764b4b518884a1765536eb17716,b33024830dd9904b5ce6c95c52c5eade0a860764b4b518884a1765536eb17716,True,683d851ca7cd602584df40900167b54377ac3973f6c4e9b3cb1ff8b5e1855335,124,213,288,float32,False,False
12,C100_COH,coronacases_001,/kaggle/input/datasets/dsshayan/cova3d-frozen-predictions/predictions/batch12/C100_COH/coronacases_001.npz,e100f4bac1dc1a5b873480e4e30af810bd3de596b2fc8c32385b31ee84b4797c,e100f4bac1dc1a5b873480e4e30af810bd3de596b2fc8c32385b31ee84b4797c,True,119ca309744bd95d4b8daa756e8c21a581cb6aab7688c0954ec8eeedad6ef102,89,184,194,float32,False,False
12,C100_COH,coronacases_003,/kaggle/input/datasets/dsshayan/cova3d-frozen-predictions/predictions/batch12/C100_COH/coronacases_003.npz,9d04ef60467e75f136f7ed76d183a5c600578c09f6404021c0361ad01e3fb60f,9d04ef60467e75f136f7ed76d183a5c600578c09f6404021c0361ad01e3fb60f,True,119ca309744bd95d4b8daa756e8c21a581cb6aab7688c0954ec8eeedad6ef102,87,144,206,float32,False,False
12,C100_COH,coronacases_009,/kaggle/input/datasets/dsshayan/cova3d-frozen-predictions/predictions/batch12/C100_COH/coronacases_009.npz,6a9c21ef7a8c150c077ac0d703a032ea72438053d88fb3f9b1a180223ee3e1ed,6a9c21ef7a8c150c077ac0d703a032ea72438053d88fb3f9b1a180223ee3e1ed,True,119ca309744bd95d4b8daa756e8c21a581cb6aab7688c0954ec8eeedad6ef102,86,159,231,float32,False,False
12,C100_COH,radiopaedia_40_86625_0,/kaggle/input/datasets/dsshayan/cova3d-frozen-predictions/predictions/batch12/C100_COH/radiopaedia_40_86625_0.npz,18d661e9f8f1e4c6381ab3da42839600bade692f7ec898804db15d815fa45fa4,18d661e9f8f1e4c6381ab3da42839600bade692f7ec898804db15d815fa45fa4,True,119ca309744bd95d4b8daa756e8c21a581cb6aab7688c0954ec8eeedad6ef102,124,213,288,float32,False,False
12,C100_DIS,coronacases_001,/kaggle/input/datasets/dsshayan/cova3d-frozen-predictions/predictions/batch12/C100_DIS/coronacases_001.npz,db1aa81b2f05bb6132894f4851201f219edd47891720bd638630f8e8f7dac57a,db1aa81b2f05bb6132894f4851201f219edd47891720bd638630f8e8f7dac57a,True,bdb5540ec388ce5071fb7e868ad1ec2edbb566fb5c69b72937207ba2a775a995,89,184,194,float32,False,False
12,C100_DIS,coronacases_003,/kaggle/input/datasets/dsshayan/cova3d-frozen-predictions/predictions/batch12/C100_DIS/coronacases_003.npz,c9ee8a382b6eafcc38218571cb6264cb49a439dea1100d73af51a6be42330999,c9ee8a382b6eafcc38218571cb6264cb49a439dea1100d73af51a6be42330999,True,bdb5540ec388ce5071fb7e868ad1ec2edbb566fb5c69b72937207ba2a775a995,87,144,206,float32,False,False
12,C100_DIS,coronacases_009,/kaggle/input/datasets/dsshayan/cova3d-frozen-predictions/predictions/batch12/C100_DIS/coronacases_009.npz,fa569d35af606528937975d8f63c0eac7ebe3c879a57218945d7d3f8abb7a95f,fa569d35af606528937975d8f63c0eac7ebe3c879a57218945d7d3f8abb7a95f,True,bdb5540ec388ce5071fb7e868ad1ec2edbb566fb5c69b72937207ba2a775a995,86,159,231,float32,False,False
12,C100_DIS,radiopaedia_40_86625_0,/kaggle/input/datasets/dsshayan/cova3d-frozen-predictions/predictions/batch12/C100_DIS/radiopaedia_40_86625_0.npz,873f831bc6690f42787b5521baed044e01329eb09dc11103128c50bd928dc634,873f831bc6690f42787b5521baed044e01329eb09dc11103128c50bd928dc634,True,bdb5540ec388ce5071fb7e868ad1ec2edbb566fb5c69b72937207ba2a775a995,124,213,288,float32,False,False
12,C100_FRG,coronacases_001,/kaggle/input/datasets/dsshayan/cova3d-frozen-predictions/predictions/batch12/C100_FRG/coronacases_001.npz,585308a6bef3fed113303015555cc038d31aa698408ac423b9ccb174545ecbc8,585308a6bef3fed113303015555cc038d31aa698408ac423b9ccb174545ecbc8,True,80e25e4ffd8c8538ed5fe86f8674b23fb27ad060afa5dad63e7eb431281c0fca,89,184,194,float32,False,False
12,C100_FRG,coronacases_003,/kaggle/input/datasets/dsshayan/cova3d-frozen-predictions/predictions/batch12/C100_FRG/coronacases_003.npz,ecef28f57ef241d5685c1ccd91b44aca2ae887f2b7626990e43775f8ccd99d80,ecef28f57ef241d5685c1ccd91b44aca2ae887f2b7626990e43775f8ccd99d80,True,80e25e4ffd8c8538ed5fe86f8674b23fb27ad060afa5dad63e7eb431281c0fca,87,144,206,float32,False,False
12,C100_FRG,coronacases_009,/kaggle/input/datasets/dsshayan/cova3d-frozen-predictions/predictions/batch12/C100_FRG/coronacases_009.npz,cbdf6913808a2d7d5cae9af7b9baf1251fe01f9a8d8c4a957fb8d964292e8fc4,cbdf6913808a2d7d5cae9af7b9baf1251fe01f9a8d8c4a957fb8d964292e8fc4,True,80e25e4ffd8c8538ed5fe86f8674b23fb27ad060afa5dad63e7eb431281c0fca,86,159,231,float32,False,False
12,C100_FRG,radiopaedia_40_86625_0,/kaggle/input/datasets/dsshayan/cova3d-frozen-predictions/predictions/batch12/C100_FRG/radiopaedia_40_86625_0.npz,26268eb03c69968e5a759dcca540534a07f33ca80f65b68ca6049c315a3436c6,26268eb03c69968e5a759dcca540534a07f33ca80f65b68ca6049c315a3436c6,True,80e25e4ffd8c8538ed5fe86f8674b23fb27ad060afa5dad63e7eb431281c0fca,124,213,288,float32,False,False
